# Blender v3.1.2 OBJ File: ''
# www.blender.org
mtllib DokodemoDoors.mtl
o entry_4_Cube.016
v 0.951315 1.742124 -1.037747
v 0.951315 1.405056 -1.037747
v 0.689807 1.405056 -1.037747
v 0.689807 1.742124 -1.037747
v 0.689807 0.234137 -1.037747
v 0.689807 0.571205 -1.037747
v 0.951315 0.571205 -1.037747
v 0.951315 0.234137 -1.037747
v 0.967843 1.742124 -1.000000
v 0.673278 1.742124 -1.000000
v 0.673278 0.234137 -1.000000
v 0.967843 0.234137 -1.000000
v 0.673278 0.571205 -1.000000
v 0.673278 1.405056 -1.000000
v 0.967843 0.571205 -1.000000
v 0.967843 1.405056 -1.000000
v 1.000000 -0.000000 1.000000
v -1.000000 -0.000000 1.000000
v -1.000000 0.000000 -1.000000
v 1.000000 0.000000 -1.000000
v -0.722502 2.000000 1.000000
v 0.722503 2.000000 1.000000
v 0.722503 2.000000 -1.000000
v -0.722502 2.000000 -1.000000
v -0.549774 1.857633 -1.000000
v 0.549775 1.857633 -1.000000
v 0.999999 2.000000 1.000001
v 1.000000 2.000000 -1.000000
v 0.666667 1.692335 -1.000000
v 1.000000 0.162447 -1.000000
v 0.666667 0.283926 -1.000000
v -1.000000 2.000000 -1.000000
v -1.000000 2.000000 1.000000
v -0.666666 1.692335 -1.000000
v -0.666666 0.283926 -1.000000
v -1.000000 0.162447 -1.000000
v -0.549774 0.085084 -1.000000
v 0.549775 0.085084 -1.000000
v 1.000000 0.162447 -0.900000
v 1.000000 0.038007 -0.900000
v 1.000000 1.900000 -0.900000
v -1.000000 0.038007 -0.900000
v -1.000000 0.162447 -0.900000
v -1.000000 1.900000 -0.900000
v -0.549774 0.085084 -0.900000
v 0.549775 0.085084 -0.900000
v -0.666666 0.283926 -0.900000
v 0.666667 0.283926 -0.900000
v 1.000000 0.038007 1.000000
v -1.000000 0.038007 1.000000
v -1.000000 1.900000 1.000000
v -0.722502 1.900000 1.000000
v 0.722503 1.900000 1.000000
v 0.999999 1.900000 1.000001
v -0.666666 1.692335 -0.900000
v -0.549774 1.857633 -0.900000
v 0.666667 1.692335 -0.900000
v 0.549775 1.857633 -0.900000
v 0.722502 1.900000 -0.900000
v -0.722502 1.900000 -0.900000
v 0.896229 1.481441 -1.143711
v 0.700455 1.481441 -1.143711
v 0.700455 1.667032 -1.143711
v 0.896229 1.667032 -1.143711
v 0.700455 1.742124 -1.037747
v 0.896229 1.742124 -1.037747
v 0.896229 1.405056 -1.037747
v 0.700455 1.405056 -1.037747
v 0.896229 1.527596 -1.118534
v 0.896229 1.521126 -1.037747
v 0.896229 1.620877 -1.118534
v 0.896229 1.627347 -1.037747
v 0.700455 1.620877 -1.118534
v 0.700455 1.527596 -1.118534
v 0.700455 1.627347 -1.037747
v 0.700455 1.521126 -1.037747
v 0.896229 0.234137 -1.037747
v 0.700455 0.234137 -1.037747
v 0.700455 0.309229 -1.143711
v 0.896229 0.309229 -1.143711
v 0.700455 0.494820 -1.143711
v 0.896229 0.494820 -1.143711
v 0.700455 0.571205 -1.037747
v 0.896229 0.571205 -1.037747
v 0.896229 0.455135 -1.037747
v 0.896229 0.448664 -1.118534
v 0.896229 0.355384 -1.118534
v 0.896229 0.348914 -1.037747
v 0.700455 0.348914 -1.037747
v 0.700455 0.355384 -1.118534
v 0.700455 0.448664 -1.118534
v 0.700455 0.455135 -1.037747
vt 0.087269 0.530519
vt 0.193377 0.667286
vt 0.087269 0.667286
vt 0.467153 0.663091
vt 0.361674 0.527134
vt 0.467153 0.527134
vt 0.080562 0.683158
vt 0.200084 0.683158
vt 0.355007 0.511356
vt 0.473820 0.511356
vt 0.485040 0.527037
vt 0.211370 0.530420
vt 0.211370 0.667187
vt 0.343788 0.662992
vt 0.343788 0.527035
vt 0.069277 0.667185
vt 0.069277 0.530418
vt 0.193377 0.530519
vt 0.080562 0.514646
vt 0.200084 0.514646
vt 0.355007 0.678870
vt 0.473820 0.678869
vt 0.542833 0.228128
vt 0.288894 0.478959
vt 0.288894 0.228128
vt 0.324224 0.988684
vt 0.507464 0.729789
vt 0.507464 0.988684
vt 0.346879 0.711934
vt 0.484780 0.711934
vt 0.288894 0.729789
vt 0.324224 0.729789
vt 0.332219 0.691204
vt 0.288894 0.499332
vt 0.332219 0.514567
vt 0.542833 0.729789
vt 0.499440 0.691204
vt 0.542833 0.499332
vt 0.484780 0.489630
vt 0.346879 0.489630
vt 0.499440 0.514567
vt 0.237271 0.069920
vt 0.209542 0.089853
vt 0.209542 0.069920
vt 0.389563 0.089853
vt 0.237271 0.089853
vt 0.032798 0.088969
vt 0.005069 0.069995
vt 0.032798 0.069995
vt 0.185090 0.069995
vt 0.185090 0.088969
vt 0.551256 0.607116
vt 0.571132 0.759468
vt 0.551256 0.758590
vt 0.551256 0.561268
vt 0.571132 0.607116
vt 0.571132 0.804868
vt 0.551256 0.804868
vt 0.486331 0.115236
vt 0.076835 0.126283
vt 0.076835 0.115236
vt 0.099770 0.109256
vt 0.133861 0.095903
vt 0.133861 0.109256
vt 0.311378 0.109256
vt 0.345468 0.095903
vt 0.345468 0.109256
vt 0.551256 0.408947
vt 0.571132 0.561268
vt 0.004009 0.126283
vt 0.004009 0.115236
vt 0.551256 0.368700
vt 0.571132 0.408947
vt 0.571132 0.956097
vt 0.551256 0.956097
vt 0.547318 0.126283
vt 0.486331 0.126283
vt 0.571132 0.996328
vt 0.551256 0.996328
vt 0.551256 0.216753
vt 0.571132 0.368700
vt 0.003460 0.095903
vt 0.099770 0.095903
vt 0.445326 0.095903
vt 0.445326 0.109256
vt 0.311378 0.095903
vt 0.241788 0.726332
vt 0.046671 0.994024
vt 0.046671 0.726332
vt 0.072093 0.720729
vt 0.217503 0.720729
vt 0.279624 0.726332
vt 0.241788 0.994024
vt 0.232962 0.698870
vt 0.279624 0.496548
vt 0.232962 0.512613
vt 0.008780 0.726332
vt 0.008780 0.994024
vt 0.056634 0.698870
vt 0.008780 0.496548
vt 0.056634 0.512613
vt 0.072093 0.486317
vt 0.279624 0.480091
vt 0.217503 0.486317
vt 0.008780 0.480091
vt 0.008780 0.228824
vt 0.279624 0.228824
vt 0.035653 0.176579
vt 0.079130 0.222442
vt 0.035653 0.222442
vt 0.079130 0.176579
vt 0.109555 0.222442
vt 0.005051 0.176579
vt 0.005051 0.222442
vt 0.314004 0.179708
vt 0.331697 0.223389
vt 0.282516 0.223389
vt 0.390510 0.179708
vt 0.372817 0.223389
vt 0.372817 0.190086
vt 0.414279 0.173762
vt 0.470383 0.163978
vt 0.431618 0.163978
vt 0.431618 0.132582
vt 0.486403 0.173762
vt 0.470383 0.132582
vt 0.116041 0.177819
vt 0.144772 0.221129
vt 0.116041 0.221129
vt 0.144772 0.177819
vt 0.185830 0.221129
vt 0.214728 0.221129
vt 0.185830 0.177819
vt 0.214728 0.177819
vt 0.442050 0.180148
vt 0.425075 0.221327
vt 0.395391 0.180148
vt 0.442050 0.211543
vt 0.497199 0.221327
vt 0.480815 0.180148
vt 0.480815 0.211543
vt 0.325336 0.174468
vt 0.307997 0.133288
vt 0.278815 0.174468
vt 0.364101 0.143072
vt 0.325336 0.143072
vt 0.364101 0.174468
vt 0.380121 0.133288
vt 0.220435 0.199996
vt 0.274574 0.222409
vt 0.220435 0.222409
vt 0.590531 0.156877
vt 0.534318 0.133606
vt 0.590531 0.133606
vt 0.274574 0.199996
vt 0.220435 0.174201
vt 0.274574 0.174201
vt 0.220435 0.151788
vt 0.274575 0.151788
vt 0.590531 0.206932
vt 0.534318 0.183661
vt 0.590531 0.183661
vt 0.534318 0.156877
vt 0.361674 0.663091
vt 0.485040 0.662994
vt 0.542833 0.478959
vt 0.288894 0.988684
vt 0.542833 0.988684
vt 0.389563 0.069920
vt 0.005069 0.088969
vt 0.547318 0.115236
vt 0.571132 0.216753
vt 0.003460 0.109256
vt 0.279624 0.994024
vt 0.109555 0.176579
vt 0.331697 0.190086
vt 0.421465 0.223389
vt 0.385096 0.132582
vt 0.516087 0.132582
vt 0.526381 0.180148
vt 0.409806 0.174468
vt 0.534318 0.206932
vn 0.0000 0.0000 -1.0000
vn 0.0000 1.0000 0.0000
vn 0.0000 -1.0000 -0.0000
vn -0.9160 0.0000 -0.4011
vn 0.9160 0.0000 -0.4011
vn 1.0000 0.0000 0.0000
vn -1.0000 0.0000 0.0000
vn 0.8621 0.5068 0.0000
vn -0.8621 0.5068 0.0000
vn 0.0000 0.0000 1.0000
vn 0.8165 -0.5774 0.0000
vn -0.8165 -0.5774 0.0000
vn 0.0000 0.8159 -0.5782
vn 0.0000 -0.8112 -0.5848
vn 0.0000 -0.8159 -0.5782
vn 0.0000 0.8112 -0.5848
vn 0.0000 -0.9968 0.0798
vn 0.0000 0.9968 0.0798
usemtl entry_4
s off
f 2/1/1 4/2/1 1/3/1
f 6/4/1 8/5/1 5/6/1
f 9/7/2 4/2/2 10/8/2
f 5/6/3 12/9/3 11/10/3
f 11/11/4 6/4/4 5/6/4
f 4/2/4 14/12/4 10/13/4
f 8/5/5 15/14/5 12/15/5
f 2/1/5 9/16/5 16/17/5
f 3/18/3 16/19/3 14/20/3
f 15/21/2 6/4/2 13/22/2
f 18/23/3 20/24/3 17/25/3
f 22/26/2 24/27/2 21/28/2
f 24/27/1 26/29/1 25/30/1
f 22/26/2 28/31/2 23/32/2
f 23/32/1 29/33/1 26/29/1
f 29/33/1 30/34/1 31/35/1
f 32/36/2 21/28/2 24/27/2
f 24/27/1 34/37/1 32/36/1
f 34/37/1 36/38/1 32/36/1
f 20/24/1 37/39/1 38/40/1
f 30/34/1 38/40/1 31/35/1
f 37/39/1 36/38/1 35/41/1
f 30/42/6 40/43/6 20/44/6
f 30/42/6 41/45/6 39/46/6
f 36/47/7 42/48/7 43/49/7
f 36/47/7 44/50/7 32/51/7
f 37/52/2 46/53/2 38/54/2
f 35/55/8 45/56/8 37/52/8
f 38/54/9 48/57/9 31/58/9
f 17/59/10 50/60/10 18/61/10
f 33/62/10 52/63/10 21/64/10
f 22/65/10 54/66/10 27/67/10
f 34/68/6 47/69/6 35/55/6
f 18/61/7 42/70/7 19/71/7
f 25/72/11 55/73/11 34/68/11
f 31/58/7 57/74/7 29/75/7
f 17/59/6 40/76/6 49/77/6
f 29/75/12 58/78/12 26/79/12
f 26/80/3 56/81/3 25/72/3
f 33/62/7 44/82/7 51/83/7
f 27/67/6 41/84/6 28/85/6
f 21/64/10 53/86/10 22/65/10
f 59/87/3 52/88/3 60/89/3
f 59/87/10 56/90/10 58/91/10
f 41/92/3 53/93/3 59/87/3
f 57/94/10 59/87/10 58/91/10
f 39/95/10 57/94/10 48/96/10
f 44/97/3 52/88/3 51/98/3
f 60/89/10 55/99/10 56/90/10
f 55/99/10 43/100/10 47/101/10
f 45/102/10 40/103/10 46/104/10
f 40/103/10 48/96/10 46/104/10
f 42/105/10 47/101/10 43/100/10
f 40/103/2 50/106/2 49/107/2
f 62/108/1 64/109/1 61/110/1
f 63/111/13 66/112/13 64/109/13
f 68/113/14 61/110/14 67/114/14
f 61/115/6 70/116/6 67/117/6
f 64/118/6 72/119/6 71/120/6
f 71/120/6 61/115/6 64/118/6
f 63/121/7 74/122/7 73/123/7
f 75/124/7 63/121/7 73/123/7
f 62/125/7 76/126/7 74/122/7
f 78/127/15 80/128/15 77/129/15
f 79/130/1 82/131/1 80/128/1
f 84/132/16 81/133/16 83/134/16
f 85/135/6 82/136/6 84/137/6
f 86/138/6 80/139/6 82/136/6
f 88/140/6 80/139/6 87/141/6
f 89/142/7 79/143/7 78/144/7
f 91/145/7 79/143/7 90/146/7
f 92/147/7 81/148/7 91/145/7
f 91/149/17 85/150/17 92/151/17
f 69/152/18 76/153/18 70/154/18
f 86/155/10 90/156/10 87/157/10
f 87/157/18 89/158/18 88/159/18
f 72/160/17 73/161/17 71/162/17
f 71/162/10 74/163/10 69/152/10
f 2/1/1 3/18/1 4/2/1
f 6/4/1 7/164/1 8/5/1
f 9/7/2 1/3/2 4/2/2
f 5/6/3 8/5/3 12/9/3
f 11/11/4 13/165/4 6/4/4
f 4/2/4 3/18/4 14/12/4
f 8/5/5 7/164/5 15/14/5
f 2/1/5 1/3/5 9/16/5
f 3/18/3 2/1/3 16/19/3
f 15/21/2 7/164/2 6/4/2
f 18/23/3 19/166/3 20/24/3
f 22/26/2 23/32/2 24/27/2
f 24/27/1 23/32/1 26/29/1
f 22/26/2 27/167/2 28/31/2
f 23/32/1 28/31/1 29/33/1
f 29/33/1 28/31/1 30/34/1
f 32/36/2 33/168/2 21/28/2
f 24/27/1 25/30/1 34/37/1
f 34/37/1 35/41/1 36/38/1
f 20/24/1 19/166/1 37/39/1
f 30/34/1 20/24/1 38/40/1
f 37/39/1 19/166/1 36/38/1
f 30/42/6 39/46/6 40/43/6
f 30/42/6 28/169/6 41/45/6
f 36/47/7 19/170/7 42/48/7
f 36/47/7 43/49/7 44/50/7
f 37/52/2 45/56/2 46/53/2
f 35/55/8 47/69/8 45/56/8
f 38/54/9 46/53/9 48/57/9
f 17/59/10 49/77/10 50/60/10
f 33/62/10 51/83/10 52/63/10
f 22/65/10 53/86/10 54/66/10
f 34/68/6 55/73/6 47/69/6
f 18/61/7 50/60/7 42/70/7
f 25/72/11 56/81/11 55/73/11
f 31/58/7 48/57/7 57/74/7
f 17/59/6 20/171/6 40/76/6
f 29/75/12 57/74/12 58/78/12
f 26/80/3 58/172/3 56/81/3
f 33/62/7 32/173/7 44/82/7
f 27/67/6 54/66/6 41/84/6
f 21/64/10 52/63/10 53/86/10
f 59/87/3 53/93/3 52/88/3
f 59/87/10 60/89/10 56/90/10
f 41/92/3 54/174/3 53/93/3
f 57/94/10 41/92/10 59/87/10
f 39/95/10 41/92/10 57/94/10
f 44/97/3 60/89/3 52/88/3
f 60/89/10 44/97/10 55/99/10
f 55/99/10 44/97/10 43/100/10
f 45/102/10 42/105/10 40/103/10
f 40/103/10 39/95/10 48/96/10
f 42/105/10 45/102/10 47/101/10
f 40/103/2 42/105/2 50/106/2
f 62/108/1 63/111/1 64/109/1
f 63/111/13 65/175/13 66/112/13
f 68/113/14 62/108/14 61/110/14
f 61/115/6 69/176/6 70/116/6
f 64/118/6 66/177/6 72/119/6
f 71/120/6 69/176/6 61/115/6
f 63/121/7 62/125/7 74/122/7
f 75/124/7 65/178/7 63/121/7
f 62/125/7 68/179/7 76/126/7
f 78/127/15 79/130/15 80/128/15
f 79/130/1 81/133/1 82/131/1
f 84/132/16 82/131/16 81/133/16
f 85/135/6 86/138/6 82/136/6
f 86/138/6 87/141/6 80/139/6
f 88/140/6 77/180/6 80/139/6
f 89/142/7 90/146/7 79/143/7
f 91/145/7 81/148/7 79/143/7
f 92/147/7 83/181/7 81/148/7
f 91/149/17 86/155/17 85/150/17
f 69/152/18 74/163/18 76/153/18
f 86/155/10 91/149/10 90/156/10
f 87/157/18 90/156/18 89/158/18
f 72/160/17 75/182/17 73/161/17
f 71/162/10 73/161/10 74/163/10
o entry_4_door_Cube.019
v 0.343697 1.405900 -1.056546
v 0.343697 0.570361 -1.056546
v 0.137173 0.570361 -1.056546
v 0.137173 1.405900 -1.056546
v 0.549775 0.085084 -1.037747
v 0.549775 0.085084 -0.943735
v -0.549774 0.085084 -0.943735
v -0.549774 0.085084 -1.037747
v -0.666666 0.283926 -0.943735
v -0.666666 0.283926 -1.037747
v 0.666667 0.283926 -1.037747
v 0.666667 0.283926 -0.943735
v -0.666666 1.692335 -0.943735
v -0.666666 1.692335 -1.037747
v -0.549774 1.857633 -0.943735
v -0.549774 1.857633 -1.037747
v 0.666667 1.692335 -1.037747
v 0.666667 1.692335 -0.943735
v 0.549775 1.857633 -1.037747
v 0.549775 1.857633 -0.943735
v -0.645166 1.243302 -1.010018
v -0.645166 1.243302 -0.976143
v -0.695662 1.243302 -0.976143
v -0.695662 1.243302 -1.010018
v -0.645166 0.732959 -0.976143
v -0.645166 0.732959 -1.010018
v -0.695662 0.732959 -1.010018
v -0.695662 0.732959 -0.976143
v -0.645166 1.671899 -1.010017
v -0.695662 1.671899 -1.010017
v -0.645166 0.304362 -1.010018
v -0.695662 0.304362 -1.010018
v -0.645166 0.304362 -0.976143
v -0.695662 0.304362 -0.976143
v -0.645166 1.671899 -0.976143
v -0.695662 1.671899 -0.976143
v 0.102804 0.504761 -1.037747
v 0.102804 1.471500 -1.037747
v 0.378066 1.471500 -1.037747
v 0.378066 0.504761 -1.037747
v 0.380969 0.492194 -1.047389
v 0.380969 0.474160 -1.137818
v -0.462835 0.474160 -1.137819
v -0.636422 0.492194 -1.037747
v -0.636423 1.484066 -1.037747
v -0.462835 1.502100 -1.137819
v 0.380969 1.502100 -1.137818
v 0.380969 1.484066 -1.047389
v -0.462835 0.329888 -1.137819
v -0.636422 0.311854 -1.037747
v -0.636423 1.664407 -1.037747
v -0.462835 1.646373 -1.137819
v 0.380969 1.664407 -1.047389
v 0.380969 1.646373 -1.137818
v 0.380969 0.329888 -1.137818
v 0.380969 0.311854 -1.047389
v 0.380969 1.620877 -1.118534
v 0.380969 1.527596 -1.118534
v 0.380969 1.627347 -1.047389
v 0.380969 0.355384 -1.118534
v 0.380969 0.348914 -1.047389
v 0.380969 0.448664 -1.118534
v 0.380969 1.521126 -1.047389
v 0.380969 0.455135 -1.047389
v -0.577820 1.597368 -0.799124
v 0.577821 1.597369 -0.799124
v 0.476507 1.740637 -0.798513
v -0.476506 1.740637 -0.798513
v -0.577820 0.376657 -0.799124
v 0.577821 0.376657 -0.799124
v -0.476506 0.204315 -0.798513
v 0.476507 0.204315 -0.798513
v -0.549774 0.085084 -0.943735
v 0.549775 0.085084 -0.943735
v 0.476507 0.204315 -0.798513
v -0.476506 0.204315 -0.798513
v -0.666666 0.283926 -0.943735
v -0.577820 0.376657 -0.799124
v 0.666667 0.283926 -0.943735
v 0.577821 0.376657 -0.799124
v -0.666666 1.692335 -0.943735
v -0.577820 1.597368 -0.799124
v -0.549774 1.857633 -0.943735
v -0.476506 1.740637 -0.798513
v 0.666667 1.692335 -0.943735
v 0.577821 1.597369 -0.799124
v 0.549775 1.857633 -0.943735
v 0.476507 1.740637 -0.798513
v 0.343697 0.570361 -0.780678
v 0.137173 0.570361 -0.780678
v 0.102804 0.504761 -0.799478
v 0.378066 0.504761 -0.799478
v 0.343697 1.405900 -0.780678
v 0.378066 1.471500 -0.799478
v 0.102804 1.471500 -0.799478
v 0.137173 1.405900 -0.780678
v 0.280727 0.971558 -1.056546
v 0.280727 0.971558 -1.084675
v 0.257208 0.947921 -1.084675
v 0.257208 0.947921 -1.056546
v 0.280644 1.004903 -1.056546
v 0.280644 1.004903 -1.084675
v 0.257007 1.028423 -1.056546
v 0.257007 1.028423 -1.084675
v 0.223662 1.028340 -1.056546
v 0.223662 1.028340 -1.084675
v 0.200143 1.004702 -1.056546
v 0.200143 1.004702 -1.084675
v 0.200226 0.971357 -1.056546
v 0.200226 0.971357 -1.084675
v 0.223863 0.947838 -1.056546
v 0.223863 0.947838 -1.084675
v 0.265939 0.926928 -1.084675
v 0.265939 0.926928 -1.056546
v 0.215237 0.926928 -1.056546
v 0.215237 0.926928 -1.084675
v 0.179233 0.962627 -1.056546
v 0.179233 0.962627 -1.084675
v 0.179233 1.013328 -1.056546
v 0.179233 1.013328 -1.084675
v 0.214931 1.049333 -1.056546
v 0.214931 1.049333 -1.084675
v 0.265633 1.049333 -1.056546
v 0.265633 1.049333 -1.084675
v 0.301637 1.013634 -1.056546
v 0.301637 1.013634 -1.084675
v 0.301637 0.962932 -1.056546
v 0.301637 0.962932 -1.084675
vt 0.868357 0.774513
vt 0.930946 0.965525
vt 0.868357 0.965525
vt 0.473897 0.058624
vt 0.343288 0.041556
vt 0.473251 0.041556
vt 0.343288 0.058624
vt 0.301413 0.041556
vt 0.515773 0.058624
vt 0.515127 0.041556
vt 0.301413 0.058624
vt 0.171013 0.041556
vt 0.171013 0.058624
vt 0.134259 0.041556
vt 0.645605 0.058624
vt 0.645605 0.041556
vt 0.682684 0.058624
vt 0.682038 0.041556
vt 0.004159 0.041556
vt 0.134259 0.058624
vt 0.004159 0.058624
vt 0.601594 0.655805
vt 0.832360 0.693526
vt 0.579419 0.693526
vt 0.832360 0.960710
vt 0.579419 0.960710
vt 0.810185 0.992068
vt 0.601594 0.992068
vt 0.960034 0.895496
vt 0.970939 0.902912
vt 0.959934 0.902762
vt 0.960280 0.884161
vt 0.971053 0.891499
vt 0.960181 0.891499
vt 0.970939 0.986077
vt 0.959934 0.986077
vt 0.960280 0.800842
vt 0.971152 0.884161
vt 0.960379 0.793580
vt 0.971152 0.800990
vt 0.970838 0.993415
vt 0.959833 0.993415
vt 0.981904 0.902454
vt 0.970939 0.986661
vt 0.981985 0.800538
vt 0.971152 0.883725
vt 0.952410 0.745224
vt 0.930946 0.774513
vt 0.952410 0.994814
vt 0.846893 0.994814
vt 0.846893 0.745224
vt 0.894684 0.580090
vt 0.908661 0.709323
vt 0.894295 0.709323
vt 0.874916 0.709323
vt 0.888861 0.580090
vt 0.888865 0.709323
vt 0.930934 0.736818
vt 0.908661 0.736818
vt 0.852177 0.709323
vt 0.874916 0.737395
vt 0.852177 0.737394
vt 0.838225 0.580090
vt 0.837836 0.709323
vt 0.930934 0.709323
vt 0.944904 0.580090
vt 0.944909 0.709323
vt 0.930934 0.580090
vt 0.908661 0.580090
vt 0.874916 0.580090
vt 0.852177 0.580090
vt 0.066600 0.139741
vt 0.018360 0.131910
vt 0.076954 0.131909
vt 0.084280 0.168636
vt 0.111579 0.138321
vt 0.095411 0.164747
vt 0.102108 0.131158
vt 0.146228 0.138320
vt 0.155698 0.131157
vt 0.028715 0.139742
vt 0.011036 0.168636
vt 0.162398 0.164747
vt 0.582341 0.615270
vt 0.782141 0.642420
vt 0.601540 0.642420
vt 0.801340 0.383939
vt 0.582341 0.383939
vt 0.782141 0.351279
vt 0.601540 0.351279
vt 0.478684 0.006912
vt 0.386620 0.024393
vt 0.386620 0.006912
vt 0.368694 0.006912
vt 0.368694 0.024393
vt 0.498009 0.006912
vt 0.478684 0.024393
vt 0.248481 0.024393
vt 0.248481 0.006912
vt 0.096791 0.024393
vt 0.096791 0.006912
vt 0.631970 0.024393
vt 0.498009 0.024393
vt 0.631970 0.006912
vt 0.648627 0.024393
vt 0.002577 0.024393
vt 0.002577 0.006912
vt 0.868357 0.774513
vt 0.952410 0.745224
vt 0.846893 0.745224
vt 0.846893 0.994814
vt 0.868357 0.965525
vt 0.952410 0.994814
vt 0.930946 0.965525
vt 0.930946 0.774513
vt 0.810185 0.655805
vt 0.971039 0.895496
vt 0.971251 0.793580
vt 0.981904 0.986204
vt 0.981985 0.883273
vt 0.069228 0.168636
vt 0.109177 0.164747
vt 0.026087 0.168636
vt 0.148632 0.164748
vt 0.801340 0.615270
vt 0.648627 0.006912
vt 0.589596 0.325838
vt 0.593677 0.320377
vt 0.593941 0.323974
vt 0.594623 0.330883
vt 0.596504 0.326305
vt 0.601746 0.330896
vt 0.599861 0.326088
vt 0.606791 0.325869
vt 0.602337 0.324028
vt 0.606803 0.318747
vt 0.602472 0.320767
vt 0.601776 0.313701
vt 0.599949 0.318322
vt 0.594654 0.313689
vt 0.596432 0.317970
vt 0.589609 0.318716
vt 0.581671 0.315105
vt 0.592818 0.309220
vt 0.585127 0.316845
vt 0.591551 0.305087
vt 0.603647 0.309220
vt 0.605541 0.305783
vt 0.611272 0.316910
vt 0.615841 0.315241
vt 0.611272 0.327740
vt 0.614875 0.329445
vt 0.603582 0.335365
vt 0.605152 0.338660
vt 0.592752 0.335365
vt 0.591269 0.339051
vt 0.585127 0.327675
vt 0.581551 0.329031
vn 0.0000 0.0000 -1.0000
vn 0.0000 -1.0000 -0.0000
vn -0.8621 -0.5068 -0.0000
vn 0.8621 -0.5068 -0.0000
vn -1.0000 -0.0000 0.0000
vn -0.8165 0.5774 0.0000
vn 1.0000 -0.0000 0.0000
vn 0.8165 0.5774 0.0000
vn 0.0000 1.0000 0.0000
vn -0.4799 0.0000 -0.8773
vn 0.0000 0.2755 -0.9613
vn 0.4799 0.0000 -0.8773
vn 0.0000 -0.2755 -0.9613
vn -0.0017 0.9836 -0.1802
vn -0.0017 -0.9836 -0.1802
vn -0.4994 0.0000 -0.8663
vn 0.0000 -0.0043 1.0000
vn 0.0000 -0.0000 1.0000
vn 0.0000 0.0035 1.0000
vn 0.0000 -0.7729 0.6346
vn -0.6566 -0.3837 0.6494
vn 0.6565 -0.3859 0.6481
vn -0.8520 -0.0000 0.5235
vn -0.6138 0.4341 0.6594
vn 0.8520 -0.0000 0.5235
vn 0.6142 0.4315 0.6607
vn 0.0000 0.7787 0.6274
vn 0.0000 -0.2755 0.9613
vn 0.4799 -0.0000 0.8773
vn 0.0000 0.2755 0.9613
vn -0.4799 -0.0000 0.8773
vn 0.0000 0.9807 -0.1956
vn 0.0000 -0.9807 -0.1956
vn -0.6565 -0.3859 0.6481
vn 0.6566 -0.3837 0.6494
vn -0.6142 0.4315 0.6607
vn 0.6138 0.4341 0.6594
vn -0.5497 0.2261 -0.8042
vn -0.3850 0.9229 0.0000
vn -0.9248 0.3804 0.0000
vn -0.5486 -0.2288 -0.8042
vn -0.9229 -0.3850 0.0000
vn -0.2261 -0.5497 -0.8042
vn -0.3804 -0.9248 0.0000
vn 0.2288 -0.5486 -0.8042
vn 0.3850 -0.9229 0.0000
vn 0.5497 -0.2261 -0.8042
vn 0.9248 -0.3804 0.0000
vn 0.5486 0.2288 -0.8042
vn 0.9229 0.3850 0.0000
vn 0.2261 0.5497 -0.8042
vn 0.3804 0.9248 0.0000
vn -0.2288 0.5486 -0.8042
vn 0.3847 -0.9231 0.0000
vn -0.2955 -0.7176 -0.6306
vn 0.2987 -0.7169 -0.6299
vn -0.3807 -0.9247 0.0000
vn -0.7169 -0.2987 -0.6299
vn -0.9231 -0.3846 0.0000
vn -0.7177 0.2955 -0.6306
vn -0.9247 0.3807 0.0000
vn -0.2988 0.7169 -0.6299
vn -0.3847 0.9231 0.0000
vn 0.2955 0.7176 -0.6306
vn 0.3807 0.9247 0.0000
vn 0.7169 0.2987 -0.6299
vn 0.9231 0.3846 0.0000
vn 0.7177 -0.2955 -0.6306
vn 0.9247 -0.3807 0.0000
usemtl entry_4
s off
f 94/183/19 96/184/19 93/185/19
f 98/186/20 100/187/20 97/188/20
f 99/189/21 102/190/21 100/187/21
f 104/191/22 97/188/22 103/192/22
f 101/193/23 106/194/23 102/190/23
f 105/195/24 108/196/24 106/194/24
f 110/197/25 103/192/25 109/198/25
f 112/199/26 109/198/26 111/200/26
f 111/201/27 107/202/27 112/203/27
f 97/204/19 102/205/19 103/206/19
f 103/206/19 106/207/19 109/208/19
f 109/208/19 108/209/19 111/210/19
f 114/211/20 116/212/20 113/213/20
f 118/214/27 120/215/27 117/216/27
f 113/213/19 122/217/19 121/218/19
f 123/219/19 119/220/19 118/214/19
f 125/221/20 124/222/20 123/219/20
f 121/218/27 128/223/27 127/224/27
f 115/225/23 122/226/23 116/212/23
f 126/227/23 119/228/23 124/222/23
f 129/229/28 96/184/28 95/230/28
f 93/185/29 130/231/29 131/232/29
f 131/232/30 94/183/30 93/185/30
f 132/233/31 95/230/31 94/183/31
f 133/234/32 135/235/32 136/236/32
f 138/237/33 140/238/33 137/239/33
f 135/235/34 142/240/34 136/241/34
f 144/242/34 137/243/34 143/244/34
f 145/245/32 144/242/32 143/246/32
f 141/247/33 148/248/33 142/249/33
f 147/250/19 135/235/19 134/251/19
f 139/252/19 144/242/19 146/253/19
f 149/254/25 139/255/25 146/256/25
f 145/257/25 149/254/25 146/256/25
f 152/258/25 148/259/25 147/260/25
f 154/261/25 147/260/25 134/262/25
f 150/263/25 140/264/25 139/255/25
f 133/265/25 154/261/25 134/262/25
f 157/266/35 159/267/35 160/268/35
f 162/269/36 157/266/36 161/270/36
f 164/271/37 161/270/37 163/272/37
f 166/273/38 168/274/38 165/275/38
f 169/276/39 168/274/39 170/277/39
f 171/278/40 167/279/40 166/273/40
f 169/276/41 174/280/41 173/281/41
f 173/281/42 176/282/42 175/283/42
f 171/278/43 178/284/43 172/285/43
f 177/286/44 180/287/44 178/284/44
f 175/283/45 180/288/45 179/289/45
f 181/290/46 183/291/46 184/292/46
f 181/290/47 186/293/47 185/294/47
f 187/295/48 185/294/48 186/293/48
f 188/296/49 183/291/49 182/297/49
f 188/296/36 181/290/36 185/294/36
f 94/183/19 95/230/19 96/184/19
f 98/186/20 99/189/20 100/187/20
f 99/189/21 101/193/21 102/190/21
f 104/191/22 98/186/22 97/188/22
f 101/193/23 105/195/23 106/194/23
f 105/195/24 107/202/24 108/196/24
f 110/197/25 104/191/25 103/192/25
f 112/199/26 110/197/26 109/198/26
f 111/201/27 108/196/27 107/202/27
f 97/204/19 100/298/19 102/205/19
f 103/206/19 102/205/19 106/207/19
f 109/208/19 106/207/19 108/209/19
f 114/211/20 115/299/20 116/212/20
f 118/214/27 119/220/27 120/215/27
f 113/213/19 116/212/19 122/217/19
f 123/219/19 124/222/19 119/220/19
f 125/221/20 126/300/20 124/222/20
f 121/218/27 122/217/27 128/223/27
f 115/225/23 128/301/23 122/226/23
f 126/227/23 120/302/23 119/228/23
f 129/229/28 130/231/28 96/184/28
f 93/185/29 96/184/29 130/231/29
f 131/232/30 132/233/30 94/183/30
f 132/233/31 129/229/31 95/230/31
f 133/234/50 134/251/50 135/235/50
f 138/237/51 139/252/51 140/238/51
f 135/235/34 141/247/34 142/240/34
f 144/242/34 138/237/34 137/243/34
f 145/245/50 146/253/50 144/242/50
f 141/247/51 147/250/51 148/248/51
f 147/250/19 141/247/19 135/235/19
f 139/252/19 138/237/19 144/242/19
f 149/254/25 150/263/25 139/255/25
f 145/257/25 151/303/25 149/254/25
f 152/258/25 153/304/25 148/259/25
f 154/261/25 152/258/25 147/260/25
f 150/263/25 155/305/25 140/264/25
f 133/265/25 156/306/25 154/261/25
f 157/266/35 158/307/35 159/267/35
f 162/269/36 158/307/36 157/266/36
f 164/271/37 162/269/37 161/270/37
f 166/273/38 167/279/38 168/274/38
f 169/276/52 165/275/52 168/274/52
f 171/278/53 172/285/53 167/279/53
f 169/276/41 170/277/41 174/280/41
f 173/281/54 174/280/54 176/282/54
f 171/278/43 177/286/43 178/284/43
f 177/286/55 179/308/55 180/287/55
f 175/283/45 176/282/45 180/288/45
f 181/290/46 182/297/46 183/291/46
f 181/290/47 184/292/47 186/293/47
f 187/295/48 188/296/48 185/294/48
f 188/296/49 187/295/49 183/291/49
f 188/296/36 182/297/36 181/290/36
s 1
f 190/309/56 192/310/57 189/311/58
f 194/312/59 189/311/58 193/313/60
f 193/313/60 196/314/61 194/312/59
f 195/315/62 198/316/63 196/314/61
f 197/317/64 200/318/65 198/316/63
f 199/319/66 202/320/67 200/318/65
f 201/321/68 204/322/69 202/320/67
f 203/323/70 191/324/71 204/322/69
f 206/325/72 208/326/73 205/327/74
f 207/328/75 210/329/76 208/326/73
f 209/330/77 212/331/78 210/329/76
f 211/332/79 214/333/80 212/331/78
f 213/334/81 216/335/82 214/333/80
f 215/336/83 218/337/84 216/335/82
f 217/338/85 220/339/86 218/337/84
f 219/340/87 205/327/74 220/339/86
f 208/326/73 191/324/71 205/327/74
f 208/326/73 202/320/67 204/322/69
f 212/331/78 202/320/67 210/329/76
f 212/331/78 198/316/63 200/318/65
f 216/335/82 198/316/63 214/333/80
f 216/335/82 194/312/59 196/314/61
f 220/339/86 194/312/59 218/337/84
f 220/339/86 191/324/71 190/309/56
f 190/309/56 191/324/71 192/310/57
f 194/312/59 190/309/56 189/311/58
f 193/313/60 195/315/62 196/314/61
f 195/315/62 197/317/64 198/316/63
f 197/317/64 199/319/66 200/318/65
f 199/319/66 201/321/68 202/320/67
f 201/321/68 203/323/70 204/322/69
f 203/323/70 192/310/57 191/324/71
f 206/325/72 207/328/75 208/326/73
f 207/328/75 209/330/77 210/329/76
f 209/330/77 211/332/79 212/331/78
f 211/332/79 213/334/81 214/333/80
f 213/334/81 215/336/83 216/335/82
f 215/336/83 217/338/85 218/337/84
f 217/338/85 219/340/87 220/339/86
f 219/340/87 206/325/72 205/327/74
f 208/326/73 204/322/69 191/324/71
f 208/326/73 210/329/76 202/320/67
f 212/331/78 200/318/65 202/320/67
f 212/331/78 214/333/80 198/316/63
f 216/335/82 196/314/61 198/316/63
f 216/335/82 218/337/84 194/312/59
f 220/339/86 190/309/56 194/312/59
f 220/339/86 205/327/74 191/324/71
o entry_4_looker_Cube.024
v 0.981749 1.627347 -1.037747
v 0.333003 1.627347 -1.037747
v 0.333003 1.521126 -1.037747
v 0.981749 1.521126 -1.037747
v 0.981749 0.455135 -1.037747
v 0.333003 0.455135 -1.037747
v 0.333003 0.348914 -1.037747
v 0.981749 0.348914 -1.037747
v 0.832124 0.448664 -1.118534
v 0.333003 0.448664 -1.118534
v 0.333003 1.527596 -1.118534
v 0.832124 1.527596 -1.118534
v 0.832124 0.355384 -1.118534
v 0.333003 0.355384 -1.118534
v 0.832124 1.620877 -1.118534
v 0.333003 1.620877 -1.118534
vt 0.900391 0.569336
vt 0.876953 0.423828
vt 0.900391 0.423828
vt 0.996094 0.568359
vt 0.971680 0.421875
vt 0.996094 0.421875
vt 0.907227 0.568359
vt 0.926758 0.421875
vt 0.926758 0.568359
vt 0.876953 0.569336
vt 0.856445 0.423828
vt 0.952148 0.568359
vt 0.952148 0.421875
vt 0.971680 0.568359
vt 0.832031 0.423828
vt 0.811523 0.569336
vt 0.811523 0.423828
vt 0.856445 0.569336
vt 0.832031 0.380859
vt 0.856445 0.380859
vt 0.952148 0.378906
vt 0.926758 0.378906
vt 0.907227 0.421875
vt 0.832031 0.569336
vn 0.0000 0.0000 1.0000
vn 0.0000 0.9968 -0.0798
vn 0.0000 -0.9968 -0.0798
vn 0.0000 0.0000 -1.0000
vn 0.4751 0.0000 -0.8799
usemtl entry_4
s off
f 222/341/88 224/342/88 221/343/88
f 226/344/88 228/345/88 225/346/88
f 226/347/89 229/348/89 230/349/89
f 223/350/90 232/351/90 224/342/90
f 234/352/91 229/348/91 233/353/91
f 227/354/90 233/353/90 228/345/90
f 235/355/89 222/356/89 221/357/89
f 231/358/91 235/355/91 232/351/91
f 232/351/92 221/359/92 224/360/92
f 228/361/92 229/348/92 225/362/92
f 222/341/88 223/350/88 224/342/88
f 226/344/88 227/354/88 228/345/88
f 226/347/89 225/363/89 229/348/89
f 223/350/90 231/358/90 232/351/90
f 234/352/91 230/349/91 229/348/91
f 227/354/90 234/352/90 233/353/90
f 235/355/89 236/364/89 222/356/89
f 231/358/91 236/364/91 235/355/91
f 232/351/92 235/355/92 221/359/92
f 228/361/92 233/353/92 229/348/92
o 歯車_円柱.001
v 0.483453 0.743385 -0.745109
v 0.512309 0.719703 -0.611474
v 0.483453 0.743385 -0.611474
v -0.097646 0.919659 -0.745109
v -0.078055 0.855076 -0.611474
v -0.097646 0.919659 -0.611474
v 0.172849 1.324483 -0.611474
v 0.169190 1.361634 -0.745109
v 0.172849 1.324483 -0.745109
v -0.046240 0.795555 -0.745109
v -0.003425 0.743385 -0.611474
v -0.046240 0.795555 -0.611474
v 0.584288 0.986824 -0.745109
v 0.614824 1.057647 -0.745109
v 0.621439 0.990483 -0.745109
v 0.048745 0.700570 -0.745109
v 0.108266 0.668756 -0.611474
v 0.048745 0.700570 -0.611474
v 0.240014 1.331099 -0.611474
v 0.169190 1.361634 -0.611474
v 0.172849 0.649165 -0.745109
v 0.240014 0.642549 -0.611474
v 0.172849 0.649165 -0.611474
v 0.431282 0.700570 -0.611474
v 0.448880 0.667648 -0.745109
v 0.431282 0.700570 -0.745109
v 0.307178 0.649165 -0.745109
v 0.371762 0.668756 -0.611474
v 0.307178 0.649165 -0.611474
v 0.240014 1.331099 -0.745109
v 0.236355 1.368249 -0.611474
v 0.577673 0.919659 -0.745109
v 0.593805 0.844240 -0.745109
v 0.558082 0.855076 -0.745109
v 0.526268 0.795555 -0.745109
v 0.558082 0.855076 -0.611474
v 0.526268 0.795555 -0.611474
v 0.448880 0.667648 -0.611474
v 0.584288 0.986824 -0.611474
v 0.577673 0.919659 -0.611474
v 0.371762 0.668756 -0.745109
v 0.389359 0.635834 -0.611474
v 0.577673 1.053988 -0.745109
v 0.558082 1.118572 -0.611474
v 0.577673 1.053988 -0.611474
v 0.307178 1.324483 -0.611474
v 0.318015 1.360206 -0.745109
v 0.307178 1.324483 -0.745109
v 0.526268 1.178093 -0.745109
v 0.483453 1.230263 -0.611474
v 0.526268 1.178093 -0.611474
v 0.512309 0.719703 -0.745109
v 0.431282 1.273078 -0.745109
v 0.371762 1.304892 -0.611474
v 0.431282 1.273078 -0.611474
v 0.318015 1.360206 -0.611474
v 0.310837 0.612014 -0.745109
v 0.108265 1.304892 -0.611474
v 0.371762 1.304892 -0.745109
v 0.382598 1.340615 -0.611474
v 0.048745 1.273078 -0.745109
v -0.003425 1.230263 -0.611474
v 0.048745 1.273078 -0.611474
v 0.389359 0.635834 -0.745109
v -0.046240 1.178093 -0.745109
v -0.078055 1.118572 -0.611474
v -0.046240 1.178093 -0.611474
v 0.340405 1.229190 -0.745109
v 0.291193 1.244118 -0.745109
v 0.108266 0.668756 -0.745109
v 0.139623 0.744458 -0.745109
v 0.188835 0.729530 -0.745109
v 0.310837 0.612014 -0.611474
v -0.097646 1.053989 -0.745109
v -0.104261 0.986824 -0.611474
v -0.097646 1.053989 -0.611474
v 0.291193 1.244118 -0.611474
v 0.340405 1.229190 -0.611474
v 0.188835 0.729530 -0.611474
v 0.139623 0.744458 -0.611474
v -0.017280 0.935645 -0.745109
v -0.022321 0.986824 -0.611474
v -0.017280 0.935645 -0.611474
v -0.002352 0.886433 -0.745109
v -0.002352 0.886433 -0.611474
v 0.021890 0.841079 -0.745109
v 0.021890 0.841079 -0.611474
v 0.054515 0.801325 -0.745109
v 0.054515 0.801325 -0.611474
v 0.094269 0.768700 -0.611474
v 0.094269 0.768700 -0.745109
v 0.240014 0.724489 -0.611474
v 0.240014 0.724489 -0.745109
v 0.291193 0.729530 -0.611474
v 0.291193 0.729530 -0.745109
v 0.340405 0.744458 -0.611474
v 0.340405 0.744458 -0.745109
v 0.385759 0.768700 -0.611474
v 0.385759 0.768700 -0.745109
v 0.425512 0.801325 -0.611474
v 0.425512 0.801325 -0.745109
v 0.458137 0.841079 -0.611474
v 0.458137 0.841079 -0.745109
v 0.482379 0.886433 -0.611474
v 0.482379 0.886433 -0.745109
v 0.497308 0.935645 -0.611474
v 0.497308 0.935645 -0.745109
v 0.502349 0.986824 -0.611474
v 0.502349 0.986824 -0.745109
v 0.497308 1.038003 -0.611474
v 0.497308 1.038003 -0.745109
v 0.482379 1.087215 -0.611474
v 0.482379 1.087215 -0.745109
v 0.458137 1.132569 -0.611474
v 0.458137 1.132569 -0.745109
v 0.425512 1.172323 -0.611474
v 0.425512 1.172323 -0.745109
v 0.385759 1.204947 -0.745109
v 0.385759 1.204947 -0.611474
v 0.240014 1.249159 -0.745109
v 0.240014 1.249159 -0.611474
v 0.188835 1.244118 -0.745109
v 0.188835 1.244118 -0.611474
v 0.139623 1.229190 -0.745109
v 0.139623 1.229190 -0.611474
v 0.094269 1.204947 -0.745109
v 0.094269 1.204947 -0.611474
v 0.054515 1.172323 -0.745109
v 0.054515 1.172323 -0.611474
v 0.021890 1.132569 -0.745109
v 0.021890 1.132569 -0.611474
v -0.002352 1.087215 -0.745109
v -0.002352 1.087215 -0.611474
v -0.017280 1.038003 -0.745109
v -0.017280 1.038003 -0.611474
v -0.022321 0.986824 -0.745109
v -0.141411 0.983165 -0.745109
v -0.134796 0.916000 -0.611474
v -0.141411 0.983165 -0.611474
v -0.110977 0.837478 -0.745109
v -0.079162 0.777958 -0.611474
v -0.110977 0.837478 -0.611474
v -0.027107 0.714529 -0.745109
v 0.025063 0.671714 -0.611474
v -0.027107 0.714529 -0.611474
v 0.097429 0.633033 -0.745109
v 0.162013 0.613442 -0.611474
v 0.097429 0.633033 -0.611474
v 0.243673 0.605399 -0.745109
v 0.243673 0.605399 -0.611474
v 0.555124 0.771873 -0.611474
v 0.613396 0.908823 -0.611474
v 0.593805 0.844240 -0.611474
v 0.614824 1.057647 -0.611474
v 0.621439 0.990483 -0.611474
v 0.591004 1.136169 -0.745109
v 0.559190 1.195690 -0.611474
v 0.591004 1.136169 -0.611474
v 0.507135 1.259119 -0.745109
v 0.454964 1.301934 -0.611474
v 0.507135 1.259119 -0.611474
v 0.382598 1.340615 -0.745109
v 0.236355 1.368249 -0.745109
v 0.090668 1.337814 -0.745109
v 0.031148 1.306000 -0.611474
v 0.090668 1.337814 -0.611474
v -0.032282 1.253945 -0.745109
v -0.075097 1.201775 -0.611474
v -0.032282 1.253945 -0.611474
v -0.113777 1.129408 -0.745109
v -0.133368 1.064825 -0.611474
v -0.113777 1.129408 -0.611474
v 0.558082 1.118572 -0.745109
v 0.559190 1.195690 -0.745109
v 0.108265 1.304892 -0.745109
v 0.555124 0.771873 -0.745109
v -0.104261 0.986824 -0.745109
v 0.483453 1.230263 -0.745109
v 0.031148 1.306000 -0.745109
v -0.134796 0.916000 -0.745109
v -0.078055 1.118572 -0.745109
v -0.133368 1.064825 -0.745109
v -0.003425 1.230263 -0.745109
v 0.613396 0.908823 -0.745109
v -0.078055 0.855076 -0.745109
v -0.075097 1.201775 -0.745109
v -0.079162 0.777958 -0.745109
v -0.003425 0.743385 -0.745109
v 0.025063 0.671714 -0.745109
v 0.162013 0.613442 -0.745109
v 0.240014 0.642549 -0.745109
v 0.454964 1.301934 -0.745109
v 0.181968 0.986824 -0.745127
v 0.183083 0.975500 -0.611456
v 0.181968 0.986824 -0.611456
v 0.183083 0.975500 -0.745127
v 0.186386 0.964611 -0.611456
v 0.186386 0.964611 -0.745127
v 0.191750 0.954575 -0.611456
v 0.191750 0.954575 -0.745127
v 0.198969 0.945779 -0.611456
v 0.198969 0.945779 -0.745127
v 0.207765 0.938560 -0.611456
v 0.207765 0.938560 -0.745127
v 0.217801 0.933196 -0.611456
v 0.217801 0.933196 -0.745127
v 0.228690 0.929893 -0.611456
v 0.228690 0.929893 -0.745127
v 0.240014 0.928778 -0.611456
v 0.240014 0.928778 -0.745127
v 0.251338 0.929893 -0.611456
v 0.251338 0.929893 -0.745127
v 0.262227 0.933196 -0.611456
v 0.262227 0.933196 -0.745127
v 0.272262 0.938560 -0.611456
v 0.272262 0.938560 -0.745127
v 0.281059 0.945779 -0.611456
v 0.281059 0.945779 -0.745127
v 0.288277 0.954575 -0.611456
v 0.288277 0.954575 -0.745127
v 0.293641 0.964611 -0.611456
v 0.293641 0.964611 -0.745127
v 0.296944 0.975500 -0.611456
v 0.296944 0.975500 -0.745127
v 0.298060 0.986824 -0.611456
v 0.298060 0.986824 -0.745127
v 0.296944 0.998148 -0.611456
v 0.296944 0.998148 -0.745127
v 0.293641 1.009037 -0.611456
v 0.293641 1.009037 -0.745127
v 0.288277 1.019073 -0.611456
v 0.288277 1.019073 -0.745127
v 0.281059 1.027869 -0.611456
v 0.281059 1.027869 -0.745127
v 0.272262 1.035087 -0.611456
v 0.272262 1.035087 -0.745127
v 0.262227 1.040452 -0.611456
v 0.262227 1.040452 -0.745127
v 0.251338 1.043755 -0.611456
v 0.251338 1.043755 -0.745127
v 0.240014 1.044870 -0.611456
v 0.240014 1.044870 -0.745127
v 0.228690 1.043755 -0.611456
v 0.228690 1.043755 -0.745127
v 0.217801 1.040452 -0.611456
v 0.217801 1.040452 -0.745127
v 0.207765 1.035087 -0.611456
v 0.207765 1.035087 -0.745127
v 0.198969 1.027869 -0.611456
v 0.198969 1.027869 -0.745127
v 0.191750 1.019073 -0.611456
v 0.191750 1.019073 -0.745127
v 0.186386 1.009037 -0.611456
v 0.256940 1.027688 -0.745127
v 0.248643 1.030205 -0.745127
v 0.223088 0.945960 -0.745127
v 0.231385 0.943443 -0.745127
v 0.186386 1.009037 -0.745127
v 0.183083 0.998148 -0.611456
v 0.183083 0.998148 -0.745127
v 0.248643 1.030205 -0.611456
v 0.256940 1.027688 -0.611456
v 0.231385 0.943443 -0.611456
v 0.223088 0.945960 -0.611456
v 0.196633 0.978195 -0.745127
v 0.195783 0.986824 -0.611456
v 0.196633 0.978195 -0.611456
v 0.199150 0.969898 -0.745127
v 0.199150 0.969898 -0.611456
v 0.203237 0.962251 -0.745127
v 0.203237 0.962251 -0.611456
v 0.208738 0.955548 -0.745127
v 0.208738 0.955548 -0.611456
v 0.215441 0.950048 -0.611456
v 0.215441 0.950048 -0.745127
v 0.240014 0.942593 -0.611456
v 0.240014 0.942593 -0.745127
v 0.248643 0.943443 -0.611456
v 0.248643 0.943443 -0.745127
v 0.256940 0.945960 -0.611456
v 0.256940 0.945960 -0.745127
v 0.264587 0.950048 -0.611456
v 0.264587 0.950048 -0.745127
v 0.271289 0.955548 -0.611456
v 0.271289 0.955548 -0.745127
v 0.276790 0.962251 -0.611456
v 0.276790 0.962251 -0.745127
v 0.280878 0.969898 -0.611456
v 0.280877 0.969898 -0.745127
v 0.283394 0.978195 -0.611456
v 0.283394 0.978195 -0.745127
v 0.284245 0.986824 -0.611456
v 0.284244 0.986824 -0.745127
v 0.283394 0.995453 -0.611456
v 0.283394 0.995453 -0.745127
v 0.280878 1.003750 -0.611456
v 0.280877 1.003750 -0.745127
v 0.276790 1.011397 -0.611456
v 0.276790 1.011397 -0.745127
v 0.271289 1.018100 -0.611456
v 0.271289 1.018100 -0.745127
v 0.264587 1.023600 -0.745127
v 0.264587 1.023600 -0.611456
v 0.240014 1.031055 -0.745127
v 0.240014 1.031055 -0.611456
v 0.231385 1.030205 -0.745127
v 0.231385 1.030205 -0.611456
v 0.223088 1.027688 -0.745127
v 0.223088 1.027688 -0.611456
v 0.215441 1.023600 -0.745127
v 0.215441 1.023600 -0.611456
v 0.208738 1.018100 -0.745127
v 0.208738 1.018100 -0.611456
v 0.203237 1.011397 -0.745127
v 0.203237 1.011397 -0.611456
v 0.199150 1.003750 -0.745127
v 0.199150 1.003750 -0.611456
v 0.196633 0.995453 -0.745127
v 0.196633 0.995453 -0.611456
v 0.195783 0.986824 -0.745127
v 0.260103 1.281232 -0.615257
v 0.220458 1.034107 -0.615257
v 0.260103 1.034107 -0.615257
v 0.220458 1.281232 -0.741326
v 0.220458 1.034107 -0.741326
v 0.260103 1.034107 -0.741326
v 0.260103 1.281232 -0.741326
v 0.220458 1.281232 -0.615257
v 0.223083 0.939886 -0.615257
v 0.020306 0.793176 -0.615257
v 0.048340 0.765143 -0.615257
v 0.195049 0.967920 -0.615257
v 0.020306 0.793176 -0.741326
v 0.195049 0.967920 -0.741326
v 0.048340 0.765143 -0.741326
v 0.223083 0.939886 -0.741326
v 0.287757 0.967920 -0.615257
v 0.434467 0.765143 -0.615257
v 0.462500 0.793176 -0.615257
v 0.259724 0.939886 -0.615257
v 0.434467 0.765143 -0.741326
v 0.259724 0.939886 -0.741326
v 0.462500 0.793176 -0.741326
v 0.287757 0.967920 -0.741326
v 0.499757 1.131087 -0.615257
v 0.292541 0.990717 -0.615257
v 0.516511 1.095156 -0.615257
v 0.516511 1.095156 -0.741326
v 0.275786 1.026647 -0.741326
v 0.499757 1.131087 -0.741326
v 0.292541 0.990717 -0.741326
v -0.037876 1.095156 -0.615257
v 0.202850 1.026647 -0.615257
v -0.021121 1.131087 -0.615257
v -0.021121 1.131087 -0.741326
v 0.186095 0.990717 -0.741326
v -0.037876 1.095156 -0.741326
v 0.202850 1.026647 -0.741326
v 0.275786 1.026647 -0.615257
v 0.186095 0.990717 -0.615257
v 0.483453 0.743385 -1.219800
v 0.512309 0.719703 -1.086166
v 0.483453 0.743385 -1.086166
v -0.097646 0.919659 -1.219800
v -0.078055 0.855076 -1.086166
v -0.097646 0.919659 -1.086166
v 0.172849 1.324483 -1.086166
v 0.169190 1.361634 -1.219800
v 0.172849 1.324483 -1.219800
v -0.046240 0.795555 -1.219800
v -0.003425 0.743385 -1.086166
v -0.046240 0.795555 -1.086166
v 0.584288 0.986824 -1.219800
v 0.614824 1.057647 -1.219800
v 0.621439 0.990483 -1.219800
v 0.048745 0.700570 -1.219800
v 0.108266 0.668756 -1.086166
v 0.048745 0.700570 -1.086166
v 0.240014 1.331099 -1.086166
v 0.169190 1.361634 -1.086166
v 0.172849 0.649165 -1.219800
v 0.240014 0.642549 -1.086166
v 0.172849 0.649165 -1.086166
v 0.431282 0.700570 -1.086166
v 0.448880 0.667648 -1.219800
v 0.431282 0.700570 -1.219800
v 0.307178 0.649165 -1.219800
v 0.371762 0.668756 -1.086166
v 0.307178 0.649165 -1.086166
v 0.240014 1.331099 -1.219800
v 0.236355 1.368249 -1.086166
v 0.577673 0.919659 -1.219800
v 0.593805 0.844240 -1.219800
v 0.558082 0.855076 -1.219800
v 0.526268 0.795555 -1.219800
v 0.558082 0.855076 -1.086166
v 0.526268 0.795555 -1.086166
v 0.448880 0.667648 -1.086166
v 0.584288 0.986824 -1.086166
v 0.577673 0.919659 -1.086166
v 0.371762 0.668756 -1.219800
v 0.389359 0.635834 -1.086166
v 0.577673 1.053988 -1.219800
v 0.558082 1.118572 -1.086166
v 0.577673 1.053988 -1.086166
v 0.307178 1.324483 -1.086166
v 0.318015 1.360206 -1.219800
v 0.307178 1.324483 -1.219800
v 0.526268 1.178093 -1.219800
v 0.483453 1.230263 -1.086166
v 0.526268 1.178093 -1.086166
v 0.512309 0.719703 -1.219800
v 0.431282 1.273078 -1.219800
v 0.371762 1.304892 -1.086166
v 0.431282 1.273078 -1.086166
v 0.318015 1.360206 -1.086166
v 0.310837 0.612014 -1.219800
v 0.108265 1.304892 -1.086166
v 0.371762 1.304892 -1.219800
v 0.382598 1.340615 -1.086166
v 0.048745 1.273078 -1.219800
v -0.003425 1.230263 -1.086166
v 0.048745 1.273078 -1.086166
v 0.389359 0.635834 -1.219800
v -0.046240 1.178093 -1.219800
v -0.078055 1.118572 -1.086166
v -0.046240 1.178093 -1.086166
v 0.340405 1.229190 -1.219800
v 0.291193 1.244118 -1.219800
v 0.108266 0.668756 -1.219800
v 0.139623 0.744458 -1.219800
v 0.188835 0.729530 -1.219800
v 0.310837 0.612014 -1.086166
v -0.097646 1.053989 -1.219800
v -0.104261 0.986824 -1.086166
v -0.097646 1.053989 -1.086166
v 0.291193 1.244118 -1.086166
v 0.340405 1.229190 -1.086166
v 0.188835 0.729530 -1.086166
v 0.139623 0.744458 -1.086166
v -0.017280 0.935645 -1.219800
v -0.022321 0.986824 -1.086166
v -0.017280 0.935645 -1.086166
v -0.002352 0.886433 -1.219800
v -0.002352 0.886433 -1.086166
v 0.021890 0.841079 -1.219800
v 0.021890 0.841079 -1.086166
v 0.054515 0.801325 -1.219800
v 0.054515 0.801325 -1.086166
v 0.094269 0.768701 -1.086166
v 0.094269 0.768701 -1.219800
v 0.240014 0.724489 -1.086166
v 0.240014 0.724489 -1.219800
v 0.291193 0.729530 -1.086166
v 0.291193 0.729530 -1.219800
v 0.340405 0.744458 -1.086166
v 0.340405 0.744458 -1.219800
v 0.385759 0.768701 -1.086166
v 0.385759 0.768701 -1.219800
v 0.425512 0.801325 -1.086166
v 0.425512 0.801325 -1.219800
v 0.458137 0.841079 -1.086166
v 0.458137 0.841079 -1.219800
v 0.482379 0.886433 -1.086166
v 0.482379 0.886433 -1.219800
v 0.497308 0.935645 -1.086166
v 0.497308 0.935645 -1.219800
v 0.502349 0.986824 -1.086166
v 0.502349 0.986824 -1.219800
v 0.497308 1.038003 -1.086166
v 0.497308 1.038003 -1.219800
v 0.482379 1.087215 -1.086166
v 0.482379 1.087215 -1.219800
v 0.458137 1.132569 -1.086166
v 0.458137 1.132569 -1.219800
v 0.425512 1.172323 -1.086166
v 0.425512 1.172323 -1.219800
v 0.385759 1.204947 -1.219800
v 0.385759 1.204947 -1.086166
v 0.240014 1.249159 -1.219800
v 0.240014 1.249159 -1.086166
v 0.188835 1.244118 -1.219800
v 0.188835 1.244118 -1.086166
v 0.139623 1.229190 -1.219800
v 0.139623 1.229190 -1.086166
v 0.094269 1.204947 -1.219800
v 0.094269 1.204947 -1.086166
v 0.054515 1.172323 -1.219800
v 0.054515 1.172323 -1.086166
v 0.021890 1.132569 -1.219800
v 0.021890 1.132569 -1.086166
v -0.002352 1.087215 -1.219800
v -0.002352 1.087215 -1.086166
v -0.017280 1.038003 -1.219800
v -0.017280 1.038003 -1.086166
v -0.022321 0.986824 -1.219800
v -0.141411 0.983165 -1.219800
v -0.134796 0.916000 -1.086166
v -0.141411 0.983165 -1.086166
v -0.110977 0.837478 -1.219800
v -0.079162 0.777958 -1.086166
v -0.110977 0.837478 -1.086166
v -0.027107 0.714529 -1.219800
v 0.025063 0.671714 -1.086166
v -0.027107 0.714529 -1.086166
v 0.097429 0.633033 -1.219800
v 0.162013 0.613442 -1.086166
v 0.097429 0.633033 -1.086166
v 0.243673 0.605399 -1.219800
v 0.243673 0.605399 -1.086166
v 0.555124 0.771873 -1.086166
v 0.613396 0.908823 -1.086166
v 0.593805 0.844240 -1.086166
v 0.614824 1.057647 -1.086166
v 0.621439 0.990483 -1.086166
v 0.591004 1.136169 -1.219800
v 0.559190 1.195690 -1.086166
v 0.591004 1.136169 -1.086166
v 0.507135 1.259119 -1.219800
v 0.454964 1.301934 -1.086166
v 0.507135 1.259119 -1.086166
v 0.382598 1.340615 -1.219800
v 0.236355 1.368249 -1.219800
v 0.090668 1.337814 -1.219800
v 0.031148 1.306000 -1.086166
v 0.090668 1.337814 -1.086166
v -0.032282 1.253945 -1.219800
v -0.075097 1.201775 -1.086166
v -0.032282 1.253945 -1.086166
v -0.113777 1.129408 -1.219800
v -0.133368 1.064825 -1.086166
v -0.113777 1.129408 -1.086166
v 0.558082 1.118572 -1.219800
v 0.559190 1.195690 -1.219800
v 0.108265 1.304892 -1.219800
v 0.555124 0.771873 -1.219800
v -0.104261 0.986824 -1.219800
v 0.483453 1.230263 -1.219800
v 0.031148 1.306000 -1.219800
v -0.134796 0.916000 -1.219800
v -0.078055 1.118572 -1.219800
v -0.133368 1.064825 -1.219800
v -0.003425 1.230263 -1.219800
v 0.613396 0.908823 -1.219800
v -0.078055 0.855076 -1.219800
v -0.075097 1.201775 -1.219800
v -0.079162 0.777958 -1.219800
v -0.003425 0.743385 -1.219800
v 0.025063 0.671714 -1.219800
v 0.162013 0.613442 -1.219800
v 0.240014 0.642549 -1.219800
v 0.454964 1.301934 -1.219800
v 0.181968 0.986824 -1.219819
v 0.183083 0.975500 -1.086147
v 0.181968 0.986824 -1.086147
v 0.183083 0.975500 -1.219819
v 0.186386 0.964611 -1.086147
v 0.186386 0.964611 -1.219819
v 0.191750 0.954575 -1.086147
v 0.191750 0.954575 -1.219819
v 0.198969 0.945779 -1.086147
v 0.198969 0.945779 -1.219819
v 0.207765 0.938560 -1.086147
v 0.207765 0.938560 -1.219819
v 0.217801 0.933196 -1.086147
v 0.217801 0.933196 -1.219819
v 0.228690 0.929893 -1.086147
v 0.228690 0.929893 -1.219819
v 0.240014 0.928778 -1.086147
v 0.240014 0.928778 -1.219819
v 0.251338 0.929893 -1.086147
v 0.251338 0.929893 -1.219819
v 0.262227 0.933196 -1.086147
v 0.262227 0.933196 -1.219819
v 0.272262 0.938560 -1.086147
v 0.272262 0.938560 -1.219819
v 0.281059 0.945779 -1.086147
v 0.281059 0.945779 -1.219819
v 0.288277 0.954575 -1.086147
v 0.288277 0.954575 -1.219819
v 0.293641 0.964611 -1.086147
v 0.293641 0.964611 -1.219819
v 0.296944 0.975500 -1.086147
v 0.296944 0.975500 -1.219819
v 0.298060 0.986824 -1.086147
v 0.298060 0.986824 -1.219819
v 0.296944 0.998148 -1.086147
v 0.296944 0.998148 -1.219819
v 0.293641 1.009037 -1.086147
v 0.293641 1.009037 -1.219819
v 0.288277 1.019073 -1.086147
v 0.288277 1.019073 -1.219819
v 0.281059 1.027869 -1.086147
v 0.281059 1.027869 -1.219819
v 0.272262 1.035087 -1.086147
v 0.272262 1.035087 -1.219819
v 0.262227 1.040452 -1.086147
v 0.262227 1.040452 -1.219819
v 0.251338 1.043755 -1.086147
v 0.251338 1.043755 -1.219819
v 0.240014 1.044870 -1.086147
v 0.240014 1.044870 -1.219819
v 0.228690 1.043755 -1.086147
v 0.228690 1.043755 -1.219819
v 0.217801 1.040452 -1.086147
v 0.217801 1.040452 -1.219819
v 0.207765 1.035087 -1.086147
v 0.207765 1.035087 -1.219819
v 0.198969 1.027869 -1.086147
v 0.198969 1.027869 -1.219819
v 0.191750 1.019073 -1.086147
v 0.191750 1.019073 -1.219819
v 0.186386 1.009037 -1.086147
v 0.256940 1.027688 -1.219819
v 0.248643 1.030205 -1.219819
v 0.223088 0.945960 -1.219819
v 0.231385 0.943443 -1.219819
v 0.186386 1.009037 -1.219819
v 0.183083 0.998148 -1.086147
v 0.183083 0.998148 -1.219819
v 0.248643 1.030205 -1.086147
v 0.256940 1.027688 -1.086147
v 0.231385 0.943443 -1.086147
v 0.223088 0.945960 -1.086147
v 0.196633 0.978195 -1.219819
v 0.195783 0.986824 -1.086147
v 0.196633 0.978195 -1.086147
v 0.199150 0.969898 -1.219819
v 0.199150 0.969898 -1.086147
v 0.203237 0.962251 -1.219819
v 0.203237 0.962251 -1.086147
v 0.208738 0.955548 -1.219819
v 0.208738 0.955548 -1.086147
v 0.215441 0.950048 -1.086147
v 0.215441 0.950048 -1.219819
v 0.240014 0.942593 -1.086147
v 0.240014 0.942593 -1.219819
v 0.248643 0.943443 -1.086147
v 0.248643 0.943443 -1.219819
v 0.256940 0.945960 -1.086147
v 0.256940 0.945960 -1.219819
v 0.264587 0.950048 -1.086147
v 0.264587 0.950048 -1.219819
v 0.271289 0.955548 -1.086147
v 0.271289 0.955548 -1.219819
v 0.276790 0.962251 -1.086147
v 0.276790 0.962251 -1.219819
v 0.280877 0.969898 -1.086147
v 0.280877 0.969898 -1.219819
v 0.283394 0.978195 -1.086147
v 0.283394 0.978195 -1.219819
v 0.284244 0.986824 -1.086147
v 0.284244 0.986824 -1.219819
v 0.283394 0.995453 -1.086147
v 0.283394 0.995453 -1.219819
v 0.280877 1.003750 -1.086147
v 0.280877 1.003750 -1.219819
v 0.276790 1.011397 -1.086147
v 0.276790 1.011397 -1.219819
v 0.271289 1.018100 -1.086147
v 0.271289 1.018100 -1.219819
v 0.264587 1.023600 -1.219819
v 0.264587 1.023600 -1.086147
v 0.240014 1.031055 -1.219819
v 0.240014 1.031055 -1.086147
v 0.231385 1.030205 -1.219819
v 0.231385 1.030205 -1.086147
v 0.223088 1.027688 -1.219819
v 0.223088 1.027688 -1.086147
v 0.215441 1.023600 -1.219819
v 0.215441 1.023600 -1.086147
v 0.208738 1.018100 -1.219819
v 0.208738 1.018100 -1.086147
v 0.203237 1.011397 -1.219819
v 0.203237 1.011397 -1.086147
v 0.199150 1.003750 -1.219819
v 0.199150 1.003750 -1.086147
v 0.196633 0.995453 -1.219819
v 0.196633 0.995453 -1.086147
v 0.195783 0.986824 -1.219819
v 0.260103 1.281232 -1.089948
v 0.220458 1.034107 -1.089948
v 0.260103 1.034107 -1.089948
v 0.220458 1.281232 -1.216018
v 0.220458 1.034107 -1.216018
v 0.260103 1.034107 -1.216018
v 0.260103 1.281232 -1.216018
v 0.220458 1.281232 -1.089948
v 0.223083 0.939886 -1.089948
v 0.020306 0.793176 -1.089948
v 0.048340 0.765143 -1.089948
v 0.195049 0.967920 -1.089948
v 0.020306 0.793176 -1.216018
v 0.195049 0.967920 -1.216018
v 0.048340 0.765143 -1.216018
v 0.223083 0.939886 -1.216018
v 0.287757 0.967920 -1.089948
v 0.434467 0.765143 -1.089948
v 0.462500 0.793176 -1.089948
v 0.259724 0.939886 -1.089948
v 0.434467 0.765143 -1.216018
v 0.259724 0.939886 -1.216018
v 0.462500 0.793176 -1.216018
v 0.287757 0.967920 -1.216018
v 0.499757 1.131087 -1.089948
v 0.292541 0.990717 -1.089948
v 0.516511 1.095156 -1.089948
v 0.516511 1.095156 -1.216018
v 0.275786 1.026647 -1.216018
v 0.499757 1.131087 -1.216018
v 0.292541 0.990717 -1.216018
v -0.037876 1.095156 -1.089948
v 0.202850 1.026647 -1.089948
v -0.021121 1.131087 -1.089948
v -0.021121 1.131087 -1.216018
v 0.186095 0.990717 -1.216018
v -0.037876 1.095156 -1.216018
v 0.202850 1.026647 -1.216018
v 0.275786 1.026647 -1.089948
v 0.186095 0.990717 -1.089948
v 0.241162 0.944131 -0.639767
v 0.241162 0.944131 -1.200224
v 0.249838 0.944985 -0.639767
v 0.249838 0.944985 -1.200224
v 0.258180 0.947516 -0.639767
v 0.258180 0.947516 -1.200224
v 0.265869 0.951625 -0.639767
v 0.265869 0.951625 -1.200224
v 0.272608 0.957156 -0.639767
v 0.272608 0.957156 -1.200224
v 0.278138 0.963895 -0.639767
v 0.278138 0.963895 -1.200224
v 0.282248 0.971583 -0.639767
v 0.282248 0.971583 -1.200224
v 0.284779 0.979926 -0.639767
v 0.284779 0.979926 -1.200224
v 0.285633 0.988602 -0.639767
v 0.285633 0.988602 -1.200224
v 0.284779 0.997278 -0.639767
v 0.284779 0.997278 -1.200224
v 0.282248 1.005620 -0.639767
v 0.282248 1.005620 -1.200224
v 0.278138 1.013309 -0.639767
v 0.278138 1.013309 -1.200224
v 0.272608 1.020048 -0.639767
v 0.272608 1.020048 -1.200224
v 0.265869 1.025578 -0.639767
v 0.265869 1.025578 -1.200224
v 0.258180 1.029688 -0.639767
v 0.258180 1.029688 -1.200224
v 0.249838 1.032219 -0.639767
v 0.249838 1.032219 -1.200224
v 0.241162 1.033073 -0.639767
v 0.241162 1.033073 -1.200224
v 0.232486 1.032219 -0.639767
v 0.232486 1.032219 -1.200224
v 0.224143 1.029688 -0.639767
v 0.224143 1.029688 -1.200224
v 0.216455 1.025578 -0.639767
v 0.216455 1.025578 -1.200224
v 0.209716 1.020048 -0.639767
v 0.209716 1.020048 -1.200224
v 0.204185 1.013309 -0.639767
v 0.204185 1.013309 -1.200224
v 0.200076 1.005620 -0.639767
v 0.200076 1.005620 -1.200224
v 0.197545 0.997278 -0.639767
v 0.197545 0.997278 -1.200224
v 0.196690 0.988602 -0.639767
v 0.196690 0.988602 -1.200224
v 0.197545 0.979926 -0.639767
v 0.197545 0.979926 -1.200224
v 0.200076 0.971583 -0.639767
v 0.200076 0.971583 -1.200224
v 0.204185 0.963895 -0.639767
v 0.204185 0.963895 -1.200224
v 0.209716 0.957156 -0.639767
v 0.209716 0.957156 -1.200224
v 0.216455 0.951625 -0.639767
v 0.216455 0.951625 -1.200224
v 0.224143 0.947516 -0.639767
v 0.224143 0.947516 -1.200224
v 0.232486 0.944985 -0.639767
v 0.232486 0.944985 -1.200224
vt 0.000000 0.000000
vt 0.000000 0.000000
vt 0.000000 0.000000
vt 0.000000 0.000000
vt 0.000000 0.000000
vt 0.000000 0.000000
vt 0.000000 0.000000
vt 0.000000 0.000000
vt 0.000000 0.000000
vt 0.000000 0.000000
vt 0.000000 0.000000
vt 0.000000 0.000000
vt 0.000000 0.000000
vt 0.000000 0.000000
vt 0.000000 0.000000
vt 0.000000 0.000000
vt 0.000000 0.000000
vt 0.000000 0.000000
vt 0.000000 0.000000
vt 0.000000 0.000000
vt 0.000000 0.000000
vt 0.000000 0.000000
vt 0.000000 0.000000
vt 0.000000 0.000000
vt 0.000000 0.000000
vt 0.000000 0.000000
vt 0.000000 0.000000
vt 0.000000 0.000000
vt 0.000000 0.000000
vt 0.000000 0.000000
vt 0.000000 0.000000
vt 0.000000 0.000000
vt 0.000000 0.000000
vt 0.000000 0.000000
vt 0.000000 0.000000
vt 0.000000 0.000000
vt 0.000000 0.000000
vt 0.000000 0.000000
vt 0.000000 0.000000
vt 0.000000 0.000000
vt 0.000000 0.000000
vt 0.000000 0.000000
vt 0.000000 0.000000
vt 0.000000 0.000000
vt 0.000000 0.000000
vt 0.000000 0.000000
vt 0.000000 0.000000
vt 0.000000 0.000000
vt 0.000000 0.000000
vt 0.000000 0.000000
vt 0.000000 0.000000
vt 0.000000 0.000000
vt 0.000000 0.000000
vt 0.000000 0.000000
vt 0.000000 0.000000
vt 0.000000 0.000000
vt 0.000000 0.000000
vt 0.000000 0.000000
vt 0.000000 0.000000
vt 0.000000 0.000000
vt 0.000000 0.000000
vt 0.000000 0.000000
vt 0.000000 0.000000
vt 0.000000 0.000000
vt 0.625000 1.000000
vt 0.625000 0.500000
vt 0.625000 0.500000
vt 0.968750 1.000000
vt 0.937500 0.500000
vt 0.968750 0.500000
vt 0.218750 0.500000
vt 0.218750 1.000000
vt 0.218750 1.000000
vt 0.906250 1.000000
vt 0.875000 0.500000
vt 0.906250 0.500000
vt 0.250000 0.010000
vt 0.203178 0.014612
vt 0.250000 0.010000
vt 0.843750 1.000000
vt 0.812500 0.500000
vt 0.843750 0.500000
vt 0.510000 0.250000
vt 0.514612 0.296822
vt 0.514612 0.296822
vt 0.781250 1.000000
vt 0.750000 0.500000
vt 0.781250 0.500000
vt 0.656250 0.500000
vt 0.656250 1.000000
vt 0.656250 1.000000
vt 0.718750 1.000000
vt 0.687500 0.500000
vt 0.718750 0.500000
vt 0.250000 1.000000
vt 0.250000 0.500000
vt 0.250000 0.500000
vt 0.296822 0.014612
vt 0.341844 0.028269
vt 0.341844 0.028269
vt 0.593750 1.000000
vt 0.562500 0.500000
vt 0.593750 0.500000
vt 0.971731 0.158156
vt 0.949553 0.116663
vt 0.949553 0.116663
vt 0.531250 1.000000
vt 0.500000 0.500000
vt 0.531250 0.500000
vt 0.687500 1.000000
vt 0.687500 0.500000
vt 0.468750 1.000000
vt 0.437500 0.500000
vt 0.468750 0.500000
vt 0.281250 0.500000
vt 0.281250 1.000000
vt 0.281250 1.000000
vt 0.406250 1.000000
vt 0.375000 0.500000
vt 0.406250 0.500000
vt 0.383337 0.050447
vt 0.419706 0.080294
vt 0.419706 0.080294
vt 0.343750 1.000000
vt 0.312500 0.500000
vt 0.343750 0.500000
vt 0.528269 0.158156
vt 0.514612 0.203178
vt 0.514612 0.203178
vt 0.718750 1.000000
vt 0.187500 0.500000
vt 0.312500 1.000000
vt 0.312500 0.500000
vt 0.156250 1.000000
vt 0.125000 0.500000
vt 0.156250 0.500000
vt 0.449553 0.116663
vt 0.471731 0.158156
vt 0.471731 0.158156
vt 0.093750 1.000000
vt 0.062500 0.500000
vt 0.093750 0.500000
vt 0.028269 0.158156
vt 0.081043 0.180016
vt 0.070636 0.214322
vt 0.471731 0.341844
vt 0.418957 0.319984
vt 0.429364 0.285678
vt 0.990000 0.250000
vt 0.985388 0.203178
vt 0.985388 0.203178
vt 0.031250 1.000000
vt 0.000000 0.500000
vt 0.031250 0.500000
vt 0.570636 0.214322
vt 0.581043 0.180016
vt 0.985388 0.296822
vt 0.929364 0.285678
vt 0.918958 0.319985
vt 0.968750 0.937296
vt 1.000000 0.562704
vt 0.968750 0.562704
vt 0.937500 0.937296
vt 0.937500 0.562704
vt 0.906250 0.937296
vt 0.906250 0.562704
vt 0.875000 0.937296
vt 0.875000 0.562704
vt 0.843750 0.562704
vt 0.843750 0.937296
vt 0.812500 0.562704
vt 0.812500 0.937296
vt 0.781250 0.562704
vt 0.781250 0.937296
vt 0.750000 0.562704
vt 0.750000 0.937296
vt 0.718750 0.562704
vt 0.718750 0.937296
vt 0.687500 0.562704
vt 0.687500 0.937296
vt 0.656250 0.562704
vt 0.656250 0.937296
vt 0.625000 0.562704
vt 0.625000 0.937296
vt 0.593750 0.562704
vt 0.593750 0.937296
vt 0.562500 0.562704
vt 0.562500 0.937296
vt 0.531250 0.562704
vt 0.531250 0.937296
vt 0.500000 0.562704
vt 0.500000 0.937296
vt 0.468750 0.562704
vt 0.468750 0.937296
vt 0.437500 0.562704
vt 0.437500 0.937296
vt 0.406250 0.562704
vt 0.406250 0.937296
vt 0.375000 0.562704
vt 0.375000 0.937296
vt 0.343750 0.937296
vt 0.343750 0.562704
vt 0.312500 0.937296
vt 0.312500 0.562704
vt 0.281250 0.937296
vt 0.281250 0.562704
vt 0.250000 0.937296
vt 0.250000 0.562704
vt 0.218750 0.937296
vt 0.218750 0.562704
vt 0.187500 0.937296
vt 0.187500 0.562704
vt 0.156250 0.937296
vt 0.156250 0.562704
vt 0.125000 0.937296
vt 0.125000 0.562704
vt 0.093750 0.937296
vt 0.093750 0.562704
vt 0.062500 0.937296
vt 0.062500 0.562704
vt 0.031250 0.937296
vt 0.031250 0.562704
vt 0.000000 0.937296
vt 0.000000 0.562704
vt 1.000000 1.000000
vt 0.968750 0.500000
vt 1.000000 0.500000
vt 0.937500 1.000000
vt 0.906250 0.500000
vt 0.937500 0.500000
vt 0.875000 1.000000
vt 0.843750 0.500000
vt 0.875000 0.500000
vt 0.812500 1.000000
vt 0.781250 0.500000
vt 0.812500 0.500000
vt 0.750000 1.000000
vt 0.718750 0.500000
vt 0.750000 0.500000
vt 0.687500 1.000000
vt 0.656250 0.500000
vt 0.625000 1.000000
vt 0.593750 0.500000
vt 0.562500 1.000000
vt 0.531250 0.500000
vt 0.562500 0.500000
vt 0.500000 1.000000
vt 0.468750 0.500000
vt 0.500000 0.500000
vt 0.437500 1.000000
vt 0.406250 0.500000
vt 0.437500 0.500000
vt 0.375000 1.000000
vt 0.343750 0.500000
vt 0.375000 0.500000
vt 0.312500 1.000000
vt 0.281250 0.500000
vt 0.250000 1.000000
vt 0.218750 0.500000
vt 0.187500 1.000000
vt 0.156250 0.500000
vt 0.187500 0.500000
vt 0.125000 1.000000
vt 0.093750 0.500000
vt 0.125000 0.500000
vt 0.062500 1.000000
vt 0.031250 0.500000
vt 0.062500 0.500000
vt 0.919706 0.080294
vt 0.883337 0.050447
vt 0.883337 0.050447
vt 0.158156 0.028269
vt 0.116663 0.050447
vt 0.158156 0.028269
vt 0.187500 1.000000
vt 0.593750 1.000000
vt 0.000000 1.000000
vt 0.000000 0.500000
vt 0.550447 0.383337
vt 0.528269 0.341844
vt 0.550447 0.383337
vt 0.050447 0.116663
vt 0.080294 0.080294
vt 0.080294 0.080294
vt 0.750000 0.490000
vt 0.796822 0.485388
vt 0.796822 0.485388
vt 0.156250 1.000000
vt 0.562500 1.000000
vt 0.968750 1.000000
vt 0.158156 0.471731
vt 0.203178 0.485388
vt 0.158156 0.471731
vt 0.796822 0.014612
vt 0.841844 0.028269
vt 0.796822 0.014612
vt 0.014612 0.203178
vt 0.028269 0.158156
vt 0.125000 1.000000
vt 0.531250 1.000000
vt 0.937500 1.000000
vt 0.580294 0.419706
vt 0.616663 0.449553
vt 0.616663 0.449553
vt 0.841844 0.471731
vt 0.883337 0.449553
vt 0.883337 0.449553
vt 0.093750 1.000000
vt 0.500000 1.000000
vt 0.014612 0.296822
vt 0.010000 0.250000
vt 0.010000 0.250000
vt 0.906250 1.000000
vt 0.296822 0.485388
vt 0.250000 0.490000
vt 0.250000 0.490000
vt 0.750000 0.010000
vt 0.703178 0.014612
vt 0.703178 0.014612
vt 0.062500 1.000000
vt 0.468750 1.000000
vt 0.050447 0.383337
vt 0.028269 0.341844
vt 0.028269 0.341844
vt 0.875000 1.000000
vt 0.383337 0.449553
vt 0.341844 0.471731
vt 0.341844 0.471731
vt 0.658156 0.471731
vt 0.703178 0.485388
vt 0.703178 0.485388
vt 0.919706 0.419706
vt 0.949553 0.383337
vt 0.949553 0.383337
vt 0.031250 1.000000
vt 0.437500 1.000000
vt 0.843750 1.000000
vt 0.449553 0.383337
vt 0.419706 0.419706
vt 0.419706 0.419706
vt 0.658156 0.028269
vt 0.616663 0.050447
vt 0.616663 0.050447
vt 0.116663 0.449553
vt 0.080294 0.419706
vt 0.080294 0.419706
vt 0.406250 1.000000
vt 0.812500 1.000000
vt 0.485388 0.296822
vt 0.471731 0.341844
vt 0.971731 0.341844
vt 0.985388 0.296822
vt 0.375000 1.000000
vt 0.781250 1.000000
vt 0.580294 0.080294
vt 0.550447 0.116663
vt 0.550447 0.116663
vt 0.485388 0.203178
vt 0.490000 0.250000
vt 0.490000 0.250000
vt 0.343750 1.000000
vt 0.750000 1.000000
vt 1.000000 1.000000
vt 0.968750 0.500000
vt 1.000000 0.500000
vt 0.968750 1.000000
vt 0.937500 0.500000
vt 0.937500 1.000000
vt 0.906250 0.500000
vt 0.906250 1.000000
vt 0.875000 0.500000
vt 0.875000 1.000000
vt 0.843750 0.500000
vt 0.843750 1.000000
vt 0.812500 0.500000
vt 0.812500 1.000000
vt 0.781250 0.500000
vt 0.781250 1.000000
vt 0.750000 0.500000
vt 0.750000 1.000000
vt 0.718750 0.500000
vt 0.718750 1.000000
vt 0.687500 0.500000
vt 0.687500 1.000000
vt 0.656250 0.500000
vt 0.656250 1.000000
vt 0.625000 0.500000
vt 0.625000 1.000000
vt 0.593750 0.500000
vt 0.593750 1.000000
vt 0.562500 0.500000
vt 0.562500 1.000000
vt 0.531250 0.500000
vt 0.531250 1.000000
vt 0.500000 0.500000
vt 0.500000 1.000000
vt 0.468750 0.500000
vt 0.468750 1.000000
vt 0.437500 0.500000
vt 0.437500 1.000000
vt 0.406250 0.500000
vt 0.406250 1.000000
vt 0.375000 0.500000
vt 0.375000 1.000000
vt 0.343750 0.500000
vt 0.343750 1.000000
vt 0.312500 0.500000
vt 0.312500 1.000000
vt 0.281250 0.500000
vt 0.281250 1.000000
vt 0.250000 0.500000
vt 0.250000 1.000000
vt 0.218750 0.500000
vt 0.218750 1.000000
vt 0.187500 0.500000
vt 0.187500 1.000000
vt 0.156250 0.500000
vt 0.156250 1.000000
vt 0.125000 0.500000
vt 0.125000 1.000000
vt 0.093750 0.500000
vt 0.093750 1.000000
vt 0.062500 0.500000
vt 0.028269 0.158156
vt 0.081043 0.180016
vt 0.070636 0.214322
vt 0.471731 0.341844
vt 0.418957 0.319984
vt 0.429364 0.285678
vt 0.062500 1.000000
vt 0.031250 0.500000
vt 0.031250 1.000000
vt 0.000000 0.500000
vt 0.514612 0.203178
vt 0.570636 0.214322
vt 0.581043 0.180016
vt 0.985388 0.296822
vt 0.929364 0.285678
vt 0.918958 0.319985
vt 0.968750 0.937296
vt 1.000000 0.562704
vt 0.968750 0.562704
vt 0.937500 0.937296
vt 0.937500 0.562704
vt 0.906250 0.937296
vt 0.906250 0.562704
vt 0.875000 0.937296
vt 0.875000 0.562704
vt 0.843750 0.562704
vt 0.843750 0.937296
vt 0.812500 0.562704
vt 0.812500 0.937296
vt 0.781250 0.562704
vt 0.781250 0.937296
vt 0.750000 0.562704
vt 0.750000 0.937296
vt 0.718750 0.562704
vt 0.718750 0.937296
vt 0.687500 0.562704
vt 0.687500 0.937296
vt 0.656250 0.562704
vt 0.656250 0.937296
vt 0.625000 0.562704
vt 0.625000 0.937296
vt 0.593750 0.562704
vt 0.593750 0.937296
vt 0.562500 0.562704
vt 0.562500 0.937296
vt 0.531250 0.562704
vt 0.531250 0.937296
vt 0.500000 0.562704
vt 0.500000 0.937296
vt 0.468750 0.562704
vt 0.468750 0.937296
vt 0.437500 0.562704
vt 0.437500 0.937296
vt 0.406250 0.562704
vt 0.406250 0.937296
vt 0.375000 0.562704
vt 0.375000 0.937296
vt 0.343750 0.937296
vt 0.343750 0.562704
vt 0.312500 0.937296
vt 0.312500 0.562704
vt 0.281250 0.937296
vt 0.281250 0.562704
vt 0.250000 0.937296
vt 0.250000 0.562704
vt 0.218750 0.937296
vt 0.218750 0.562704
vt 0.187500 0.937296
vt 0.187500 0.562704
vt 0.156250 0.937296
vt 0.156250 0.562704
vt 0.125000 0.937296
vt 0.125000 0.562704
vt 0.093750 0.937296
vt 0.093750 0.562704
vt 0.062500 0.937296
vt 0.062500 0.562704
vt 0.031250 0.937296
vt 0.031250 0.562704
vt 0.000000 0.937296
vt 0.000000 0.562704
vt 0.625000 0.000000
vt 0.375000 0.250000
vt 0.375000 0.000000
vt 0.625000 0.500000
vt 0.375000 0.500000
vt 0.375000 0.750000
vt 0.625000 0.750000
vt 0.375000 1.000000
vt 0.125000 0.750000
vt 0.125000 0.500000
vt 0.875000 0.500000
vt 0.625000 0.000000
vt 0.375000 0.250000
vt 0.375000 0.000000
vt 0.625000 0.250000
vt 0.375000 0.500000
vt 0.625000 0.500000
vt 0.375000 0.750000
vt 0.625000 0.750000
vt 0.375000 1.000000
vt 0.125000 0.750000
vt 0.125000 0.500000
vt 0.875000 0.500000
vt 0.625000 0.000000
vt 0.375000 0.250000
vt 0.375000 0.000000
vt 0.625000 0.250000
vt 0.375000 0.500000
vt 0.625000 0.500000
vt 0.375000 0.750000
vt 0.625000 0.750000
vt 0.375000 1.000000
vt 0.125000 0.750000
vt 0.125000 0.500000
vt 0.875000 0.500000
vt 0.375000 0.000000
vt 0.625000 0.250000
vt 0.375000 0.250000
vt 0.375000 0.500000
vt 0.625000 0.750000
vt 0.375000 0.750000
vt 0.375000 1.000000
vt 0.125000 0.750000
vt 0.125000 0.500000
vt 0.875000 0.500000
vt 0.625000 0.500000
vt 0.375000 0.000000
vt 0.625000 0.250000
vt 0.375000 0.250000
vt 0.375000 0.500000
vt 0.625000 0.750000
vt 0.375000 0.750000
vt 0.375000 1.000000
vt 0.125000 0.750000
vt 0.125000 0.500000
vt 0.875000 0.500000
vt 0.625000 0.500000
vt 0.203178 0.014612
vt 0.510000 0.250000
vt 0.296822 0.014612
vt 0.971731 0.158156
vt 0.383337 0.050447
vt 0.528269 0.158156
vt 0.449553 0.116663
vt 0.285678 0.429364
vt 0.319984 0.418957
vt 0.250000 0.432878
vt 0.203178 0.485388
vt 0.214322 0.429364
vt 0.180016 0.418958
vt 0.148398 0.402058
vt 0.120686 0.379314
vt 0.097942 0.351602
vt 0.070636 0.285678
vt 0.014612 0.203178
vt 0.067122 0.250000
vt 0.097942 0.148398
vt 0.120686 0.120686
vt 0.116663 0.050447
vt 0.148398 0.097942
vt 0.180016 0.081043
vt 0.214322 0.070636
vt 0.250000 0.067122
vt 0.285678 0.070636
vt 0.351602 0.097942
vt 0.379314 0.120686
vt 0.402058 0.148398
vt 0.418957 0.180016
vt 0.319984 0.081043
vt 0.081043 0.319985
vt 0.429364 0.214322
vt 0.432878 0.250000
vt 0.402058 0.351602
vt 0.379314 0.379314
vt 0.351602 0.402058
vt 0.990000 0.250000
vt 0.620686 0.120686
vt 0.648398 0.097942
vt 0.597942 0.148398
vt 0.567122 0.250000
vt 0.570636 0.285678
vt 0.528269 0.341844
vt 0.581043 0.319984
vt 0.597942 0.351602
vt 0.620686 0.379314
vt 0.648398 0.402058
vt 0.680016 0.418957
vt 0.714322 0.429364
vt 0.750000 0.432878
vt 0.785678 0.429364
vt 0.819985 0.418957
vt 0.879315 0.379314
vt 0.902058 0.351602
vt 0.932878 0.250000
vt 0.929364 0.214322
vt 0.918957 0.180016
vt 0.902058 0.148398
vt 0.879315 0.120686
vt 0.851602 0.097942
vt 0.841844 0.028269
vt 0.819985 0.081043
vt 0.750000 0.067122
vt 0.714322 0.070636
vt 0.680016 0.081043
vt 0.785678 0.070636
vt 0.851602 0.402058
vt 1.000000 0.937296
vt 0.919706 0.080294
vt 0.000000 1.000000
vt 0.050447 0.116663
vt 0.750000 0.490000
vt 0.580294 0.419706
vt 0.841844 0.471731
vt 0.014612 0.296822
vt 0.296822 0.485388
vt 0.750000 0.010000
vt 0.050447 0.383337
vt 0.383337 0.449553
vt 0.658156 0.471731
vt 0.919706 0.419706
vt 0.449553 0.383337
vt 0.658156 0.028269
vt 0.116663 0.449553
vt 0.485388 0.296822
vt 0.971731 0.341844
vt 0.580294 0.080294
vt 0.485388 0.203178
vt 0.285678 0.429364
vt 0.319984 0.418957
vt 0.341844 0.471731
vt 0.296822 0.485388
vt 0.250000 0.490000
vt 0.250000 0.432878
vt 0.203178 0.485388
vt 0.214322 0.429364
vt 0.158156 0.471731
vt 0.116663 0.449553
vt 0.180016 0.418958
vt 0.080294 0.419706
vt 0.148398 0.402058
vt 0.050447 0.383337
vt 0.120686 0.379314
vt 0.028269 0.341844
vt 0.097942 0.351602
vt 0.014612 0.296822
vt 0.070636 0.285678
vt 0.010000 0.250000
vt 0.014612 0.203178
vt 0.067122 0.250000
vt 0.050447 0.116663
vt 0.097942 0.148398
vt 0.080294 0.080294
vt 0.120686 0.120686
vt 0.116663 0.050447
vt 0.148398 0.097942
vt 0.158156 0.028269
vt 0.180016 0.081043
vt 0.203178 0.014612
vt 0.214322 0.070636
vt 0.250000 0.010000
vt 0.250000 0.067122
vt 0.296822 0.014612
vt 0.285678 0.070636
vt 0.341844 0.028269
vt 0.383337 0.050447
vt 0.351602 0.097942
vt 0.419706 0.080294
vt 0.379314 0.120686
vt 0.449553 0.116663
vt 0.471731 0.158156
vt 0.402058 0.148398
vt 0.418957 0.180016
vt 0.319984 0.081043
vt 0.081043 0.319985
vt 0.429364 0.214322
vt 0.485388 0.203178
vt 0.490000 0.250000
vt 0.432878 0.250000
vt 0.485388 0.296822
vt 0.449553 0.383337
vt 0.402058 0.351602
vt 0.419706 0.419706
vt 0.379314 0.379314
vt 0.383337 0.449553
vt 0.351602 0.402058
vt 0.000000 1.000000
vt 0.620686 0.120686
vt 0.648398 0.097942
vt 0.616663 0.050447
vt 0.580294 0.080294
vt 0.550447 0.116663
vt 0.597942 0.148398
vt 0.528269 0.158156
vt 0.510000 0.250000
vt 0.567122 0.250000
vt 0.514612 0.296822
vt 0.570636 0.285678
vt 0.528269 0.341844
vt 0.550447 0.383337
vt 0.581043 0.319984
vt 0.597942 0.351602
vt 0.620686 0.379314
vt 0.580294 0.419706
vt 0.616663 0.449553
vt 0.648398 0.402058
vt 0.658156 0.471731
vt 0.680016 0.418957
vt 0.703178 0.485388
vt 0.750000 0.490000
vt 0.714322 0.429364
vt 0.796822 0.485388
vt 0.750000 0.432878
vt 0.841844 0.471731
vt 0.785678 0.429364
vt 0.883337 0.449553
vt 0.819985 0.418957
vt 0.919706 0.419706
vt 0.879315 0.379314
vt 0.949553 0.383337
vt 0.971731 0.341844
vt 0.902058 0.351602
vt 0.990000 0.250000
vt 0.932878 0.250000
vt 0.985388 0.203178
vt 0.929364 0.214322
vt 0.971731 0.158156
vt 0.918957 0.180016
vt 0.949553 0.116663
vt 0.902058 0.148398
vt 0.919706 0.080294
vt 0.879315 0.120686
vt 0.883337 0.050447
vt 0.851602 0.097942
vt 0.841844 0.028269
vt 0.819985 0.081043
vt 0.796822 0.014612
vt 0.750000 0.010000
vt 0.750000 0.067122
vt 0.703178 0.014612
vt 0.714322 0.070636
vt 0.658156 0.028269
vt 0.680016 0.081043
vt 0.785678 0.070636
vt 0.851602 0.402058
vt 1.000000 0.937296
vt 0.625000 0.250000
vt 0.625000 1.000000
vt 0.875000 0.750000
vt 0.625000 1.000000
vt 0.875000 0.750000
vt 0.625000 1.000000
vt 0.875000 0.750000
vt 0.625000 0.000000
vt 0.625000 1.000000
vt 0.875000 0.750000
vt 0.625000 0.000000
vt 0.625000 1.000000
vt 0.875000 0.750000
vt 0.625000 1.000000
vt 0.625000 0.500000
vt 0.625000 0.500000
vt 0.968750 1.000000
vt 0.937500 0.500000
vt 0.968750 0.500000
vt 0.218750 0.500000
vt 0.218750 1.000000
vt 0.218750 1.000000
vt 0.906250 1.000000
vt 0.875000 0.500000
vt 0.906250 0.500000
vt 0.250000 0.010000
vt 0.203178 0.014612
vt 0.250000 0.010000
vt 0.843750 1.000000
vt 0.812500 0.500000
vt 0.843750 0.500000
vt 0.510000 0.250000
vt 0.514612 0.296822
vt 0.514612 0.296822
vt 0.781250 1.000000
vt 0.750000 0.500000
vt 0.781250 0.500000
vt 0.656250 0.500000
vt 0.656250 1.000000
vt 0.656250 1.000000
vt 0.718750 1.000000
vt 0.687500 0.500000
vt 0.718750 0.500000
vt 0.250000 1.000000
vt 0.250000 0.500000
vt 0.250000 0.500000
vt 0.296822 0.014612
vt 0.341844 0.028269
vt 0.341844 0.028269
vt 0.593750 1.000000
vt 0.562500 0.500000
vt 0.593750 0.500000
vt 0.971731 0.158156
vt 0.949553 0.116663
vt 0.949553 0.116663
vt 0.531250 1.000000
vt 0.500000 0.500000
vt 0.531250 0.500000
vt 0.687500 1.000000
vt 0.687500 0.500000
vt 0.468750 1.000000
vt 0.437500 0.500000
vt 0.468750 0.500000
vt 0.281250 0.500000
vt 0.281250 1.000000
vt 0.281250 1.000000
vt 0.406250 1.000000
vt 0.375000 0.500000
vt 0.406250 0.500000
vt 0.383337 0.050447
vt 0.419706 0.080294
vt 0.419706 0.080294
vt 0.343750 1.000000
vt 0.312500 0.500000
vt 0.343750 0.500000
vt 0.528269 0.158156
vt 0.514612 0.203178
vt 0.514612 0.203178
vt 0.718750 1.000000
vt 0.187500 0.500000
vt 0.312500 1.000000
vt 0.312500 0.500000
vt 0.156250 1.000000
vt 0.125000 0.500000
vt 0.156250 0.500000
vt 0.449553 0.116663
vt 0.471731 0.158156
vt 0.471731 0.158156
vt 0.093750 1.000000
vt 0.062500 0.500000
vt 0.093750 0.500000
vt 0.028269 0.158156
vt 0.081043 0.180016
vt 0.070636 0.214322
vt 0.471731 0.341844
vt 0.418957 0.319984
vt 0.429364 0.285678
vt 0.990000 0.250000
vt 0.985388 0.203178
vt 0.985388 0.203178
vt 0.031250 1.000000
vt 0.000000 0.500000
vt 0.031250 0.500000
vt 0.570636 0.214322
vt 0.581043 0.180016
vt 0.985388 0.296822
vt 0.929364 0.285678
vt 0.918958 0.319985
vt 0.968750 0.937296
vt 1.000000 0.562704
vt 0.968750 0.562704
vt 0.937500 0.937296
vt 0.937500 0.562704
vt 0.906250 0.937296
vt 0.906250 0.562704
vt 0.875000 0.937296
vt 0.875000 0.562704
vt 0.843750 0.562704
vt 0.843750 0.937296
vt 0.812500 0.562704
vt 0.812500 0.937296
vt 0.781250 0.562704
vt 0.781250 0.937296
vt 0.750000 0.562704
vt 0.750000 0.937296
vt 0.718750 0.562704
vt 0.718750 0.937296
vt 0.687500 0.562704
vt 0.687500 0.937296
vt 0.656250 0.562704
vt 0.656250 0.937296
vt 0.625000 0.562704
vt 0.625000 0.937296
vt 0.593750 0.562704
vt 0.593750 0.937296
vt 0.562500 0.562704
vt 0.562500 0.937296
vt 0.531250 0.562704
vt 0.531250 0.937296
vt 0.500000 0.562704
vt 0.500000 0.937296
vt 0.468750 0.562704
vt 0.468750 0.937296
vt 0.437500 0.562704
vt 0.437500 0.937296
vt 0.406250 0.562704
vt 0.406250 0.937296
vt 0.375000 0.562704
vt 0.375000 0.937296
vt 0.343750 0.937296
vt 0.343750 0.562704
vt 0.312500 0.937296
vt 0.312500 0.562704
vt 0.281250 0.937296
vt 0.281250 0.562704
vt 0.250000 0.937296
vt 0.250000 0.562704
vt 0.218750 0.937296
vt 0.218750 0.562704
vt 0.187500 0.937296
vt 0.187500 0.562704
vt 0.156250 0.937296
vt 0.156250 0.562704
vt 0.125000 0.937296
vt 0.125000 0.562704
vt 0.093750 0.937296
vt 0.093750 0.562704
vt 0.062500 0.937296
vt 0.062500 0.562704
vt 0.031250 0.937296
vt 0.031250 0.562704
vt 0.000000 0.937296
vt 0.000000 0.562704
vt 1.000000 1.000000
vt 0.968750 0.500000
vt 1.000000 0.500000
vt 0.937500 1.000000
vt 0.906250 0.500000
vt 0.937500 0.500000
vt 0.875000 1.000000
vt 0.843750 0.500000
vt 0.875000 0.500000
vt 0.812500 1.000000
vt 0.781250 0.500000
vt 0.812500 0.500000
vt 0.750000 1.000000
vt 0.718750 0.500000
vt 0.750000 0.500000
vt 0.687500 1.000000
vt 0.656250 0.500000
vt 0.625000 1.000000
vt 0.593750 0.500000
vt 0.562500 1.000000
vt 0.531250 0.500000
vt 0.562500 0.500000
vt 0.500000 1.000000
vt 0.468750 0.500000
vt 0.500000 0.500000
vt 0.437500 1.000000
vt 0.406250 0.500000
vt 0.437500 0.500000
vt 0.375000 1.000000
vt 0.343750 0.500000
vt 0.375000 0.500000
vt 0.312500 1.000000
vt 0.281250 0.500000
vt 0.250000 1.000000
vt 0.218750 0.500000
vt 0.187500 1.000000
vt 0.156250 0.500000
vt 0.187500 0.500000
vt 0.125000 1.000000
vt 0.093750 0.500000
vt 0.125000 0.500000
vt 0.062500 1.000000
vt 0.031250 0.500000
vt 0.062500 0.500000
vt 0.919706 0.080294
vt 0.883337 0.050447
vt 0.883337 0.050447
vt 0.158156 0.028269
vt 0.116663 0.050447
vt 0.158156 0.028269
vt 0.187500 1.000000
vt 0.593750 1.000000
vt 0.000000 1.000000
vt 0.000000 0.500000
vt 0.550447 0.383337
vt 0.528269 0.341844
vt 0.550447 0.383337
vt 0.050447 0.116663
vt 0.080294 0.080294
vt 0.080294 0.080294
vt 0.750000 0.490000
vt 0.796822 0.485388
vt 0.796822 0.485388
vt 0.156250 1.000000
vt 0.562500 1.000000
vt 0.968750 1.000000
vt 0.158156 0.471731
vt 0.203178 0.485388
vt 0.158156 0.471731
vt 0.796822 0.014612
vt 0.841844 0.028269
vt 0.796822 0.014612
vt 0.014612 0.203178
vt 0.028269 0.158156
vt 0.125000 1.000000
vt 0.531250 1.000000
vt 0.937500 1.000000
vt 0.580294 0.419706
vt 0.616663 0.449553
vt 0.616663 0.449553
vt 0.841844 0.471731
vt 0.883337 0.449553
vt 0.883337 0.449553
vt 0.093750 1.000000
vt 0.500000 1.000000
vt 0.014612 0.296822
vt 0.010000 0.250000
vt 0.010000 0.250000
vt 0.906250 1.000000
vt 0.296822 0.485388
vt 0.250000 0.490000
vt 0.250000 0.490000
vt 0.750000 0.010000
vt 0.703178 0.014612
vt 0.703178 0.014612
vt 0.062500 1.000000
vt 0.468750 1.000000
vt 0.050447 0.383337
vt 0.028269 0.341844
vt 0.028269 0.341844
vt 0.875000 1.000000
vt 0.383337 0.449553
vt 0.341844 0.471731
vt 0.341844 0.471731
vt 0.658156 0.471731
vt 0.703178 0.485388
vt 0.703178 0.485388
vt 0.919706 0.419706
vt 0.949553 0.383337
vt 0.949553 0.383337
vt 0.031250 1.000000
vt 0.437500 1.000000
vt 0.843750 1.000000
vt 0.449553 0.383337
vt 0.419706 0.419706
vt 0.419706 0.419706
vt 0.658156 0.028269
vt 0.616663 0.050447
vt 0.616663 0.050447
vt 0.116663 0.449553
vt 0.080294 0.419706
vt 0.080294 0.419706
vt 0.406250 1.000000
vt 0.812500 1.000000
vt 0.485388 0.296822
vt 0.471731 0.341844
vt 0.971731 0.341844
vt 0.985388 0.296822
vt 0.375000 1.000000
vt 0.781250 1.000000
vt 0.580294 0.080294
vt 0.550447 0.116663
vt 0.550447 0.116663
vt 0.485388 0.203178
vt 0.490000 0.250000
vt 0.490000 0.250000
vt 0.343750 1.000000
vt 0.750000 1.000000
vt 1.000000 1.000000
vt 0.968750 0.500000
vt 1.000000 0.500000
vt 0.968750 1.000000
vt 0.937500 0.500000
vt 0.937500 1.000000
vt 0.906250 0.500000
vt 0.906250 1.000000
vt 0.875000 0.500000
vt 0.875000 1.000000
vt 0.843750 0.500000
vt 0.843750 1.000000
vt 0.812500 0.500000
vt 0.812500 1.000000
vt 0.781250 0.500000
vt 0.781250 1.000000
vt 0.750000 0.500000
vt 0.750000 1.000000
vt 0.718750 0.500000
vt 0.718750 1.000000
vt 0.687500 0.500000
vt 0.687500 1.000000
vt 0.656250 0.500000
vt 0.656250 1.000000
vt 0.625000 0.500000
vt 0.625000 1.000000
vt 0.593750 0.500000
vt 0.593750 1.000000
vt 0.562500 0.500000
vt 0.562500 1.000000
vt 0.531250 0.500000
vt 0.531250 1.000000
vt 0.500000 0.500000
vt 0.500000 1.000000
vt 0.468750 0.500000
vt 0.468750 1.000000
vt 0.437500 0.500000
vt 0.437500 1.000000
vt 0.406250 0.500000
vt 0.406250 1.000000
vt 0.375000 0.500000
vt 0.375000 1.000000
vt 0.343750 0.500000
vt 0.343750 1.000000
vt 0.312500 0.500000
vt 0.312500 1.000000
vt 0.281250 0.500000
vt 0.281250 1.000000
vt 0.250000 0.500000
vt 0.250000 1.000000
vt 0.218750 0.500000
vt 0.218750 1.000000
vt 0.187500 0.500000
vt 0.187500 1.000000
vt 0.156250 0.500000
vt 0.156250 1.000000
vt 0.125000 0.500000
vt 0.125000 1.000000
vt 0.093750 0.500000
vt 0.093750 1.000000
vt 0.062500 0.500000
vt 0.028269 0.158156
vt 0.081043 0.180016
vt 0.070636 0.214322
vt 0.471731 0.341844
vt 0.418957 0.319984
vt 0.429364 0.285678
vt 0.062500 1.000000
vt 0.031250 0.500000
vt 0.031250 1.000000
vt 0.000000 0.500000
vt 0.514612 0.203178
vt 0.570636 0.214322
vt 0.581043 0.180016
vt 0.985388 0.296822
vt 0.929364 0.285678
vt 0.918958 0.319985
vt 0.968750 0.937296
vt 1.000000 0.562704
vt 0.968750 0.562704
vt 0.937500 0.937296
vt 0.937500 0.562704
vt 0.906250 0.937296
vt 0.906250 0.562704
vt 0.875000 0.937296
vt 0.875000 0.562704
vt 0.843750 0.562704
vt 0.843750 0.937296
vt 0.812500 0.562704
vt 0.812500 0.937296
vt 0.781250 0.562704
vt 0.781250 0.937296
vt 0.750000 0.562704
vt 0.750000 0.937296
vt 0.718750 0.562704
vt 0.718750 0.937296
vt 0.687500 0.562704
vt 0.687500 0.937296
vt 0.656250 0.562704
vt 0.656250 0.937296
vt 0.625000 0.562704
vt 0.625000 0.937296
vt 0.593750 0.562704
vt 0.593750 0.937296
vt 0.562500 0.562704
vt 0.562500 0.937296
vt 0.531250 0.562704
vt 0.531250 0.937296
vt 0.500000 0.562704
vt 0.500000 0.937296
vt 0.468750 0.562704
vt 0.468750 0.937296
vt 0.437500 0.562704
vt 0.437500 0.937296
vt 0.406250 0.562704
vt 0.406250 0.937296
vt 0.375000 0.562704
vt 0.375000 0.937296
vt 0.343750 0.937296
vt 0.343750 0.562704
vt 0.312500 0.937296
vt 0.312500 0.562704
vt 0.281250 0.937296
vt 0.281250 0.562704
vt 0.250000 0.937296
vt 0.250000 0.562704
vt 0.218750 0.937296
vt 0.218750 0.562704
vt 0.187500 0.937296
vt 0.187500 0.562704
vt 0.156250 0.937296
vt 0.156250 0.562704
vt 0.125000 0.937296
vt 0.125000 0.562704
vt 0.093750 0.937296
vt 0.093750 0.562704
vt 0.062500 0.937296
vt 0.062500 0.562704
vt 0.031250 0.937296
vt 0.031250 0.562704
vt 0.000000 0.937296
vt 0.000000 0.562704
vt 0.625000 0.000000
vt 0.375000 0.250000
vt 0.375000 0.000000
vt 0.625000 0.500000
vt 0.375000 0.500000
vt 0.375000 0.750000
vt 0.625000 0.750000
vt 0.375000 1.000000
vt 0.125000 0.750000
vt 0.125000 0.500000
vt 0.875000 0.500000
vt 0.625000 0.000000
vt 0.375000 0.250000
vt 0.375000 0.000000
vt 0.625000 0.250000
vt 0.375000 0.500000
vt 0.625000 0.500000
vt 0.375000 0.750000
vt 0.625000 0.750000
vt 0.375000 1.000000
vt 0.125000 0.750000
vt 0.125000 0.500000
vt 0.875000 0.500000
vt 0.625000 0.000000
vt 0.375000 0.250000
vt 0.375000 0.000000
vt 0.625000 0.250000
vt 0.375000 0.500000
vt 0.625000 0.500000
vt 0.375000 0.750000
vt 0.625000 0.750000
vt 0.375000 1.000000
vt 0.125000 0.750000
vt 0.125000 0.500000
vt 0.875000 0.500000
vt 0.375000 0.000000
vt 0.625000 0.250000
vt 0.375000 0.250000
vt 0.375000 0.500000
vt 0.625000 0.750000
vt 0.375000 0.750000
vt 0.375000 1.000000
vt 0.125000 0.750000
vt 0.125000 0.500000
vt 0.875000 0.500000
vt 0.625000 0.500000
vt 0.375000 0.000000
vt 0.625000 0.250000
vt 0.375000 0.250000
vt 0.375000 0.500000
vt 0.625000 0.750000
vt 0.375000 0.750000
vt 0.375000 1.000000
vt 0.125000 0.750000
vt 0.125000 0.500000
vt 0.875000 0.500000
vt 0.625000 0.500000
vt 0.203178 0.014612
vt 0.510000 0.250000
vt 0.296822 0.014612
vt 0.971731 0.158156
vt 0.383337 0.050447
vt 0.528269 0.158156
vt 0.449553 0.116663
vt 0.285678 0.429364
vt 0.319984 0.418957
vt 0.250000 0.432878
vt 0.203178 0.485388
vt 0.214322 0.429364
vt 0.180016 0.418958
vt 0.148398 0.402058
vt 0.120686 0.379314
vt 0.097942 0.351602
vt 0.070636 0.285678
vt 0.014612 0.203178
vt 0.067122 0.250000
vt 0.097942 0.148398
vt 0.120686 0.120686
vt 0.116663 0.050447
vt 0.148398 0.097942
vt 0.180016 0.081043
vt 0.214322 0.070636
vt 0.250000 0.067122
vt 0.285678 0.070636
vt 0.351602 0.097942
vt 0.379314 0.120686
vt 0.402058 0.148398
vt 0.418957 0.180016
vt 0.319984 0.081043
vt 0.081043 0.319985
vt 0.429364 0.214322
vt 0.432878 0.250000
vt 0.402058 0.351602
vt 0.379314 0.379314
vt 0.351602 0.402058
vt 0.990000 0.250000
vt 0.620686 0.120686
vt 0.648398 0.097942
vt 0.597942 0.148398
vt 0.567122 0.250000
vt 0.570636 0.285678
vt 0.528269 0.341844
vt 0.581043 0.319984
vt 0.597942 0.351602
vt 0.620686 0.379314
vt 0.648398 0.402058
vt 0.680016 0.418957
vt 0.714322 0.429364
vt 0.750000 0.432878
vt 0.785678 0.429364
vt 0.819985 0.418957
vt 0.879315 0.379314
vt 0.902058 0.351602
vt 0.932878 0.250000
vt 0.929364 0.214322
vt 0.918957 0.180016
vt 0.902058 0.148398
vt 0.879315 0.120686
vt 0.851602 0.097942
vt 0.841844 0.028269
vt 0.819985 0.081043
vt 0.750000 0.067122
vt 0.714322 0.070636
vt 0.680016 0.081043
vt 0.785678 0.070636
vt 0.851602 0.402058
vt 1.000000 0.937296
vt 0.919706 0.080294
vt 0.000000 1.000000
vt 0.050447 0.116663
vt 0.750000 0.490000
vt 0.580294 0.419706
vt 0.841844 0.471731
vt 0.014612 0.296822
vt 0.296822 0.485388
vt 0.750000 0.010000
vt 0.050447 0.383337
vt 0.383337 0.449553
vt 0.658156 0.471731
vt 0.919706 0.419706
vt 0.449553 0.383337
vt 0.658156 0.028269
vt 0.116663 0.449553
vt 0.485388 0.296822
vt 0.971731 0.341844
vt 0.580294 0.080294
vt 0.485388 0.203178
vt 0.285678 0.429364
vt 0.319984 0.418957
vt 0.341844 0.471731
vt 0.296822 0.485388
vt 0.250000 0.490000
vt 0.250000 0.432878
vt 0.203178 0.485388
vt 0.214322 0.429364
vt 0.158156 0.471731
vt 0.116663 0.449553
vt 0.180016 0.418958
vt 0.080294 0.419706
vt 0.148398 0.402058
vt 0.050447 0.383337
vt 0.120686 0.379314
vt 0.028269 0.341844
vt 0.097942 0.351602
vt 0.014612 0.296822
vt 0.070636 0.285678
vt 0.010000 0.250000
vt 0.014612 0.203178
vt 0.067122 0.250000
vt 0.050447 0.116663
vt 0.097942 0.148398
vt 0.080294 0.080294
vt 0.120686 0.120686
vt 0.116663 0.050447
vt 0.148398 0.097942
vt 0.158156 0.028269
vt 0.180016 0.081043
vt 0.203178 0.014612
vt 0.214322 0.070636
vt 0.250000 0.010000
vt 0.250000 0.067122
vt 0.296822 0.014612
vt 0.285678 0.070636
vt 0.341844 0.028269
vt 0.383337 0.050447
vt 0.351602 0.097942
vt 0.419706 0.080294
vt 0.379314 0.120686
vt 0.449553 0.116663
vt 0.471731 0.158156
vt 0.402058 0.148398
vt 0.418957 0.180016
vt 0.319984 0.081043
vt 0.081043 0.319985
vt 0.429364 0.214322
vt 0.485388 0.203178
vt 0.490000 0.250000
vt 0.432878 0.250000
vt 0.485388 0.296822
vt 0.449553 0.383337
vt 0.402058 0.351602
vt 0.419706 0.419706
vt 0.379314 0.379314
vt 0.383337 0.449553
vt 0.351602 0.402058
vt 0.000000 1.000000
vt 0.620686 0.120686
vt 0.648398 0.097942
vt 0.616663 0.050447
vt 0.580294 0.080294
vt 0.550447 0.116663
vt 0.597942 0.148398
vt 0.528269 0.158156
vt 0.510000 0.250000
vt 0.567122 0.250000
vt 0.514612 0.296822
vt 0.570636 0.285678
vt 0.528269 0.341844
vt 0.550447 0.383337
vt 0.581043 0.319984
vt 0.597942 0.351602
vt 0.620686 0.379314
vt 0.580294 0.419706
vt 0.616663 0.449553
vt 0.648398 0.402058
vt 0.658156 0.471731
vt 0.680016 0.418957
vt 0.703178 0.485388
vt 0.750000 0.490000
vt 0.714322 0.429364
vt 0.796822 0.485388
vt 0.750000 0.432878
vt 0.841844 0.471731
vt 0.785678 0.429364
vt 0.883337 0.449553
vt 0.819985 0.418957
vt 0.919706 0.419706
vt 0.879315 0.379314
vt 0.949553 0.383337
vt 0.971731 0.341844
vt 0.902058 0.351602
vt 0.990000 0.250000
vt 0.932878 0.250000
vt 0.985388 0.203178
vt 0.929364 0.214322
vt 0.971731 0.158156
vt 0.918957 0.180016
vt 0.949553 0.116663
vt 0.902058 0.148398
vt 0.919706 0.080294
vt 0.879315 0.120686
vt 0.883337 0.050447
vt 0.851602 0.097942
vt 0.841844 0.028269
vt 0.819985 0.081043
vt 0.796822 0.014612
vt 0.750000 0.010000
vt 0.750000 0.067122
vt 0.703178 0.014612
vt 0.714322 0.070636
vt 0.658156 0.028269
vt 0.680016 0.081043
vt 0.785678 0.070636
vt 0.851602 0.402058
vt 1.000000 0.937296
vt 0.625000 0.250000
vt 0.625000 1.000000
vt 0.875000 0.750000
vt 0.625000 1.000000
vt 0.875000 0.750000
vt 0.625000 1.000000
vt 0.875000 0.750000
vt 0.625000 0.000000
vt 0.625000 1.000000
vt 0.875000 0.750000
vt 0.625000 0.000000
vt 0.625000 1.000000
vt 0.875000 0.750000
vn 0.0980 -0.9952 0.0000
vn 0.2903 -0.9569 0.0000
vn 0.4714 -0.8819 0.0000
vn 0.6344 -0.7730 0.0000
vn 0.7730 -0.6344 0.0000
vn 0.8819 -0.4714 0.0000
vn 0.9569 -0.2903 0.0000
vn 0.9952 -0.0980 0.0000
vn 0.9952 0.0980 0.0000
vn 0.9569 0.2903 -0.0000
vn 0.8819 0.4714 0.0000
vn 0.7730 0.6344 -0.0000
vn 0.6344 0.7730 -0.0000
vn 0.4714 0.8819 0.0000
vn 0.2903 0.9569 0.0000
vn 0.0980 0.9952 0.0000
vn -0.0980 0.9952 0.0000
vn -0.2903 0.9569 0.0000
vn -0.4714 0.8819 0.0000
vn -0.6344 0.7730 -0.0000
vn -0.7730 0.6344 -0.0000
vn -0.8819 0.4714 0.0000
vn -0.9569 0.2903 -0.0000
vn -0.9952 0.0980 0.0000
vn -0.9952 -0.0980 0.0000
vn -0.9569 -0.2903 0.0000
vn -0.8819 -0.4714 0.0000
vn -0.7730 -0.6344 0.0000
vn -0.6344 -0.7730 0.0000
vn -0.4714 -0.8819 0.0000
vn 0.0000 0.0000 -1.0000
vn -0.2903 -0.9569 0.0000
vn -0.0980 -0.9952 0.0000
vn 0.0000 0.0000 1.0000
vn 0.0001 0.0000 -1.0000
vn -0.0001 0.0000 -1.0000
vn 0.0001 0.0000 1.0000
vn -0.0001 0.0000 1.0000
vn -1.0000 0.0000 0.0000
vn 1.0000 0.0000 -0.0000
vn 0.0000 -1.0000 -0.0000
vn 0.0000 1.0000 0.0000
vn -0.7071 0.7071 0.0000
vn 0.7071 -0.7071 -0.0000
vn -0.7071 -0.7071 -0.0000
vn 0.7071 0.7071 0.0000
vn 0.4226 -0.9063 0.0000
vn -0.4226 0.9063 0.0000
vn 0.9063 0.4226 0.0000
vn -0.9063 -0.4226 0.0000
vn 0.4226 0.9063 0.0000
vn -0.4226 -0.9063 0.0000
vn -0.9063 0.4226 0.0000
vn 0.9063 -0.4226 -0.0000
usemtl None.001
s off
f 958/365/93 959/366/93 957/367/93
f 960/368/94 961/369/94 959/366/94
f 962/370/95 963/371/95 961/369/95
f 964/372/96 965/373/96 963/371/96
f 966/374/97 967/375/97 965/373/97
f 968/376/98 969/377/98 967/375/98
f 970/378/99 971/379/99 969/377/99
f 972/380/100 973/381/100 971/379/100
f 973/381/101 976/382/101 975/383/101
f 975/383/102 978/384/102 977/385/102
f 977/385/103 980/386/103 979/387/103
f 979/387/104 982/388/104 981/389/104
f 982/388/105 983/390/105 981/389/105
f 983/390/106 986/391/106 985/392/106
f 986/391/107 987/393/107 985/392/107
f 988/394/108 989/395/108 987/393/108
f 990/396/109 991/397/109 989/395/109
f 992/398/110 993/399/110 991/397/110
f 994/400/111 995/401/111 993/399/111
f 995/401/112 998/402/112 997/403/112
f 998/402/113 999/404/113 997/403/113
f 1000/405/114 1001/406/114 999/404/114
f 1002/407/115 1003/408/115 1001/406/115
f 1004/409/116 1005/410/116 1003/408/116
f 1006/411/117 1007/412/117 1005/410/117
f 1008/413/118 1009/414/118 1007/412/118
f 1010/415/119 1011/416/119 1009/414/119
f 1012/417/120 1013/418/120 1011/416/120
f 1014/419/121 1015/420/121 1013/418/121
f 1016/421/122 1017/422/122 1015/420/122
f 1010/415/123 994/400/123 978/384/123
f 1017/422/124 1020/423/124 1019/424/124
f 1020/423/125 957/367/125 1019/424/125
f 1011/416/126 1019/424/126 987/393/126
f 958/365/93 960/368/93 959/366/93
f 960/368/94 962/370/94 961/369/94
f 962/370/95 964/372/95 963/371/95
f 964/372/96 966/374/96 965/373/96
f 966/374/97 968/376/97 967/375/97
f 968/376/98 970/378/98 969/377/98
f 970/378/99 972/380/99 971/379/99
f 972/380/100 974/425/100 973/381/100
f 973/381/101 974/425/101 976/382/101
f 975/383/102 976/382/102 978/384/102
f 977/385/103 978/384/103 980/386/103
f 979/387/104 980/386/104 982/388/104
f 982/388/105 984/426/105 983/390/105
f 983/390/106 984/426/106 986/391/106
f 986/391/107 988/394/107 987/393/107
f 988/394/108 990/396/108 989/395/108
f 990/396/109 992/398/109 991/397/109
f 992/398/110 994/400/110 993/399/110
f 994/400/111 996/427/111 995/401/111
f 995/401/112 996/427/112 998/402/112
f 998/402/113 1000/405/113 999/404/113
f 1000/405/114 1002/407/114 1001/406/114
f 1002/407/115 1004/409/115 1003/408/115
f 1004/409/116 1006/411/116 1005/410/116
f 1006/411/117 1008/413/117 1007/412/117
f 1008/413/118 1010/415/118 1009/414/118
f 1010/415/119 1012/417/119 1011/416/119
f 1012/417/120 1014/419/120 1013/418/120
f 1014/419/121 1016/421/121 1015/420/121
f 1016/421/122 1018/428/122 1017/422/122
f 962/370/123 960/368/123 958/365/123
f 958/365/123 1020/423/123 1018/428/123
f 1018/428/123 1016/421/123 1010/415/123
f 1016/421/123 1014/419/123 1010/415/123
f 1014/419/123 1012/417/123 1010/415/123
f 1010/415/127 1008/413/127 1006/411/127
f 1006/411/127 1004/409/127 1002/407/127
f 1002/407/123 1000/405/123 998/402/123
f 998/402/123 996/427/123 994/400/123
f 994/400/123 992/398/123 990/396/123
f 990/396/123 988/394/123 986/391/123
f 986/391/123 984/426/123 982/388/123
f 982/388/123 980/386/123 978/384/123
f 978/384/128 976/382/128 974/425/128
f 974/425/128 972/380/128 970/378/128
f 970/378/123 968/376/123 966/374/123
f 966/374/123 964/372/123 962/370/123
f 962/370/123 958/365/123 1010/415/123
f 958/365/123 1018/428/123 1010/415/123
f 1010/415/123 1006/411/123 1002/407/123
f 1002/407/123 998/402/123 994/400/123
f 994/400/123 990/396/123 986/391/123
f 986/391/123 982/388/123 978/384/123
f 978/384/123 974/425/123 962/370/123
f 974/425/123 970/378/123 962/370/123
f 970/378/123 966/374/123 962/370/123
f 1010/415/123 1002/407/123 994/400/123
f 994/400/123 986/391/123 978/384/123
f 962/370/123 1010/415/123 978/384/123
f 1017/422/124 1018/428/124 1020/423/124
f 1020/423/125 958/365/125 957/367/125
f 1019/424/126 957/367/126 959/366/126
f 959/366/126 961/369/126 1019/424/126
f 961/369/126 963/371/126 1019/424/126
f 963/371/129 965/373/129 967/375/129
f 967/375/126 969/377/126 963/371/126
f 969/377/126 971/379/126 963/371/126
f 971/379/126 973/381/126 975/383/126
f 975/383/126 977/385/126 971/379/126
f 977/385/126 979/387/126 971/379/126
f 979/387/126 981/389/126 987/393/126
f 981/389/126 983/390/126 987/393/126
f 983/390/126 985/392/126 987/393/126
f 987/393/126 989/395/126 991/397/126
f 991/397/126 993/399/126 995/401/126
f 995/401/126 997/403/126 1003/408/126
f 997/403/126 999/404/126 1003/408/126
f 999/404/126 1001/406/126 1003/408/126
f 1003/408/126 1005/410/126 1011/416/126
f 1005/410/126 1007/412/126 1011/416/126
f 1007/412/126 1009/414/126 1011/416/126
f 1011/416/130 1013/418/130 1015/420/130
f 1015/420/126 1017/422/126 1011/416/126
f 1017/422/126 1019/424/126 1011/416/126
f 987/393/126 991/397/126 1003/408/126
f 991/397/126 995/401/126 1003/408/126
f 1019/424/126 963/371/126 987/393/126
f 963/371/126 971/379/126 987/393/126
f 971/379/126 979/387/126 987/393/126
f 1003/408/126 1011/416/126 987/393/126
s 1
f 237/429/121 238/430/121 239/431/121
f 240/432/118 241/433/118 242/434/118
f 243/435/117 244/436/117 245/437/117
f 246/438/120 247/439/120 248/440/120
f 249/441/123 250/442/123 251/443/123
f 252/444/122 253/445/122 254/446/122
f 255/447/126 256/448/126 243/449/126
f 257/450/125 258/451/125 259/452/125
f 260/453/103 261/454/103 262/455/103
f 263/456/94 264/457/94 265/458/94
f 266/459/101 267/460/101 255/461/101
f 262/455/96 239/431/96 260/453/96
f 268/462/123 269/463/123 270/464/123
f 271/465/98 272/466/98 273/467/98
f 264/468/126 274/469/126 260/470/126
f 268/471/100 275/472/100 276/473/100
f 277/474/119 278/475/119 264/457/119
f 279/476/102 280/477/102 281/478/102
f 282/479/115 283/480/115 284/481/115
f 285/482/104 286/483/104 287/484/104
f 271/485/123 288/486/123 237/487/123
f 289/488/106 290/489/106 291/490/106
f 290/491/126 292/492/126 282/493/126
f 284/481/108 255/461/108 282/479/108
f 265/458/101 293/494/101 263/456/101
f 245/437/110 294/495/110 243/435/110
f 295/496/99 296/497/99 290/489/99
f 297/498/112 298/499/112 299/500/112
f 262/501/123 300/502/123 277/503/123
f 301/504/114 302/505/114 303/506/114
f 295/507/123 304/508/123 305/509/123
f 306/510/123 307/511/123 308/512/123
f 258/513/126 309/514/126 265/515/126
f 310/516/116 311/517/116 312/518/116
f 282/493/126 313/519/126 314/520/126
f 259/521/126 315/522/126 316/523/126
f 317/524/101 318/525/101 319/526/101
f 320/527/102 319/526/102 321/528/102
f 322/529/103 321/528/103 323/530/103
f 324/531/104 323/530/104 325/532/104
f 324/531/105 326/533/105 327/534/105
f 327/534/106 316/535/106 307/536/106
f 307/536/107 315/537/107 308/538/107
f 308/538/108 328/539/108 329/540/108
f 329/540/109 330/541/109 331/542/109
f 331/542/110 332/543/110 333/544/110
f 333/544/111 334/545/111 335/546/111
f 335/546/112 336/547/112 337/548/112
f 337/548/113 338/549/113 339/550/113
f 339/550/114 340/551/114 341/552/114
f 341/552/115 342/553/115 343/554/115
f 343/554/116 344/555/116 345/556/116
f 345/556/117 346/557/117 347/558/117
f 347/558/118 348/559/118 349/560/118
f 349/560/119 350/561/119 351/562/119
f 351/562/120 352/563/120 353/564/120
f 354/565/121 352/563/121 355/566/121
f 304/567/122 355/566/122 314/568/122
f 305/569/124 314/568/124 313/570/124
f 356/571/125 313/570/125 357/572/125
f 358/573/93 357/572/93 359/574/93
f 360/575/94 359/574/94 361/576/94
f 362/577/95 361/576/95 363/578/95
f 364/579/96 363/578/96 365/580/96
f 366/581/97 365/580/97 367/582/97
f 368/583/98 367/582/98 369/584/98
f 370/585/99 369/584/99 371/586/99
f 372/587/100 371/586/100 318/588/100
f 373/589/117 374/590/117 375/591/117
f 376/592/119 377/593/119 378/594/119
f 379/595/121 380/596/121 381/597/121
f 382/598/124 383/599/124 384/600/124
f 385/601/93 309/602/93 386/603/93
f 300/604/95 274/605/95 278/475/95
f 288/606/97 387/607/97 238/430/97
f 269/608/99 388/609/99 389/610/99
f 251/611/101 390/612/101 391/613/101
f 392/614/103 393/615/103 394/616/103
f 395/617/105 396/618/105 397/619/105
f 398/620/107 292/621/107 296/497/107
f 399/622/109 256/623/109 267/460/109
f 400/624/111 401/625/111 402/626/111
f 403/627/113 404/628/113 405/629/113
f 406/630/115 407/631/115 408/632/115
f 239/633/126 387/634/126 273/635/126
f 409/636/123 410/637/123 392/638/123
f 411/639/103 402/626/103 294/495/103
f 273/467/105 412/640/105 271/465/105
f 413/641/109 375/642/109 311/517/109
f 299/643/126 402/644/126 401/645/126
f 289/646/123 395/647/123 414/648/123
f 311/649/126 374/650/126 242/651/126
f 299/500/119 415/652/119 297/498/119
f 270/653/124 389/610/124 272/466/124
f 242/434/93 416/654/93 240/432/93
f 417/655/123 418/656/123 406/657/123
f 276/658/126 389/659/126 388/660/126
f 295/507/123 283/661/123 398/662/123
f 419/663/105 405/629/105 298/499/105
f 276/473/107 420/664/107 268/471/107
f 421/665/111 378/594/111 241/433/111
f 298/666/126 404/667/126 303/668/126
f 241/669/126 377/670/126 248/671/126
f 303/506/121 422/672/121 301/504/121
f 249/673/93 391/613/93 275/472/93
f 245/674/123 399/675/123 266/676/123
f 248/440/95 423/677/95 246/438/95
f 240/678/123 373/679/123 413/680/123
f 275/681/126 390/682/126 281/683/126
f 417/684/107 408/632/107 302/505/107
f 281/478/109 250/685/109 279/476/109
f 297/686/123 400/687/123 411/688/123
f 424/689/113 381/597/113 247/439/113
f 246/690/123 376/691/123 421/692/123
f 302/693/126 407/694/126 312/695/126
f 247/696/126 380/697/126 254/698/126
f 312/518/124 418/699/124 310/516/124
f 409/700/95 394/616/95 280/477/95
f 254/446/97 425/701/97 252/444/97
f 252/702/123 379/703/123 424/704/123
f 280/705/126 393/706/126 287/707/126
f 301/708/123 403/709/123 419/710/123
f 287/484/111 410/711/111 285/482/111
f 306/712/115 384/600/115 253/445/115
f 257/713/123 382/714/123 306/510/123
f 253/715/126 383/716/126 259/521/126
f 414/717/97 397/619/97 286/483/97
f 259/452/99 426/718/99 257/450/99
f 286/719/126 396/720/126 291/721/126
f 263/722/123 385/723/123 427/724/123
f 291/490/113 428/725/113 289/488/113
f 427/726/117 386/603/117 258/451/117
f 429/727/117 430/728/117 431/729/117
f 432/730/118 433/731/118 430/728/118
f 434/732/119 435/733/119 433/731/119
f 436/734/120 437/735/120 435/733/120
f 438/736/121 439/737/121 437/735/121
f 440/738/122 441/739/122 439/737/122
f 442/740/124 443/741/124 441/739/124
f 444/742/125 445/743/125 443/741/125
f 446/744/93 447/745/93 445/743/93
f 448/746/94 449/747/94 447/745/94
f 450/748/95 451/749/95 449/747/95
f 452/750/96 453/751/96 451/749/96
f 454/752/97 455/753/97 453/751/97
f 456/754/98 457/755/98 455/753/98
f 458/756/99 459/757/99 457/755/99
f 460/758/100 461/759/100 459/757/100
f 462/760/101 463/761/101 461/759/101
f 464/762/102 465/763/102 463/761/102
f 466/764/103 467/765/103 465/763/103
f 468/766/104 469/767/104 467/765/104
f 470/768/105 471/769/105 469/767/105
f 472/770/106 473/771/106 471/769/106
f 474/772/107 475/773/107 473/771/107
f 476/774/108 477/775/108 475/773/108
f 478/776/109 479/777/109 477/775/109
f 480/778/110 481/779/110 479/777/110
f 482/780/111 483/781/111 481/779/111
f 484/782/112 485/783/112 483/781/112
f 486/784/113 487/785/113 485/783/113
f 488/786/114 489/787/114 487/785/114
f 474/788/123 490/789/123 491/790/123
f 442/791/123 492/792/123 493/793/123
f 494/794/115 495/795/115 489/787/115
f 496/796/116 431/797/116 495/795/116
f 475/798/126 497/799/126 498/800/126
f 443/801/126 499/802/126 500/803/126
f 501/804/101 502/805/101 503/806/101
f 504/807/102 503/806/102 505/808/102
f 506/809/103 505/808/103 507/810/103
f 508/811/104 507/810/104 509/812/104
f 508/811/105 510/813/105 511/814/105
f 511/814/106 500/815/106 492/816/106
f 492/816/107 499/817/107 493/818/107
f 493/818/108 512/819/108 513/820/108
f 513/820/109 514/821/109 515/822/109
f 515/822/110 516/823/110 517/824/110
f 517/824/111 518/825/111 519/826/111
f 519/826/112 520/827/112 521/828/112
f 521/828/113 522/829/113 523/830/113
f 523/830/114 524/831/114 525/832/114
f 525/832/115 526/833/115 527/834/115
f 527/834/116 528/835/116 529/836/116
f 529/836/117 530/837/117 531/838/117
f 531/838/118 532/839/118 533/840/118
f 533/840/119 534/841/119 535/842/119
f 535/842/120 536/843/120 537/844/120
f 538/845/121 536/843/121 539/846/121
f 490/847/122 539/846/122 498/848/122
f 491/849/124 498/848/124 497/850/124
f 540/851/125 497/850/125 541/852/125
f 542/853/93 541/852/93 543/854/93
f 544/855/94 543/854/94 545/856/94
f 546/857/95 545/856/95 547/858/95
f 548/859/96 547/858/96 549/860/96
f 550/861/97 549/860/97 551/862/97
f 552/863/98 551/862/98 553/864/98
f 554/865/99 553/864/99 555/866/99
f 556/867/100 555/866/100 502/868/100
f 557/869/126 558/870/126 559/871/126
f 558/870/131 560/872/131 561/873/131
f 560/872/123 562/874/123 561/873/123
f 563/875/132 559/876/132 562/874/132
f 561/873/133 559/877/133 558/878/133
f 564/879/134 563/875/134 560/872/134
f 565/880/126 566/881/126 567/882/126
f 568/883/135 569/884/135 566/881/135
f 570/885/123 571/886/123 569/884/123
f 572/887/136 567/888/136 571/886/136
f 569/884/137 567/889/137 566/890/137
f 568/891/138 572/887/138 570/885/138
f 573/892/126 574/893/126 575/894/126
f 576/895/137 577/896/137 574/893/137
f 578/897/123 579/898/123 577/896/123
f 580/899/138 575/900/138 579/898/138
f 577/896/136 575/901/136 574/902/136
f 576/903/135 580/899/135 578/897/135
f 581/904/126 582/905/126 583/906/126
f 582/905/139 584/907/139 583/906/139
f 584/907/123 585/908/123 586/909/123
f 585/908/140 581/910/140 586/909/140
f 584/907/141 581/911/141 583/912/141
f 582/913/142 585/908/142 587/914/142
f 588/915/126 589/916/126 590/917/126
f 589/916/143 591/918/143 590/917/143
f 591/918/123 592/919/123 593/920/123
f 592/919/144 588/921/144 593/920/144
f 591/918/145 588/922/145 590/923/145
f 589/924/146 592/919/146 594/925/146
f 237/429/121 288/606/121 238/430/121
f 240/432/118 421/665/118 241/433/118
f 243/435/117 256/623/117 244/436/117
f 246/438/120 424/689/120 247/439/120
f 249/441/123 279/926/123 250/442/123
f 252/444/122 306/712/122 253/445/122
f 255/447/126 267/927/126 256/448/126
f 257/450/125 427/726/125 258/451/125
f 260/453/103 274/605/103 261/454/103
f 263/456/94 277/474/94 264/457/94
f 266/459/101 399/622/101 267/460/101
f 262/455/96 237/429/96 239/431/96
f 268/462/123 420/928/123 269/463/123
f 271/465/98 270/653/98 272/466/98
f 264/468/126 278/929/126 274/469/126
f 268/471/100 249/673/100 275/472/100
f 277/474/119 300/604/119 278/475/119
f 279/476/102 409/700/102 280/477/102
f 282/479/115 292/621/115 283/480/115
f 285/482/104 414/717/104 286/483/104
f 271/485/123 412/930/123 288/486/123
f 289/488/106 295/496/106 290/489/106
f 290/491/126 296/931/126 292/492/126
f 284/481/108 266/459/108 255/461/108
f 265/458/101 309/602/101 293/494/101
f 245/437/110 411/639/110 294/495/110
f 295/496/99 398/620/99 296/497/99
f 297/498/112 419/663/112 298/499/112
f 262/501/123 261/932/123 300/502/123
f 301/504/114 417/684/114 302/505/114
f 317/933/123 320/934/123 421/692/123
f 421/692/123 240/678/123 317/933/123
f 240/678/123 413/680/123 372/935/123
f 413/680/123 310/936/123 370/937/123
f 310/936/123 417/655/123 370/937/123
f 417/655/123 301/708/123 368/938/123
f 301/708/123 419/710/123 366/939/123
f 368/938/123 301/708/123 366/939/123
f 419/710/123 297/686/123 364/940/123
f 297/686/123 411/688/123 362/941/123
f 364/940/123 297/686/123 362/941/123
f 411/688/123 245/674/123 358/942/123
f 245/674/123 266/676/123 358/942/123
f 266/676/123 284/943/123 356/944/123
f 284/943/123 295/507/123 305/509/123
f 356/944/123 284/943/123 305/509/123
f 295/507/123 289/646/123 354/945/123
f 289/646/123 414/648/123 353/946/123
f 414/648/123 285/947/123 351/948/123
f 285/947/123 409/636/123 349/949/123
f 409/636/123 279/926/123 347/950/123
f 279/926/123 249/441/123 345/951/123
f 249/441/123 268/462/123 343/952/123
f 268/462/123 270/464/123 343/952/123
f 270/464/123 271/485/123 339/953/123
f 271/485/123 237/487/123 337/954/123
f 237/487/123 262/501/123 337/954/123
f 262/501/123 277/503/123 335/955/123
f 337/954/123 262/501/123 335/955/123
f 277/503/123 333/956/123 335/955/123
f 271/485/123 337/954/123 339/953/123
f 279/926/123 345/951/123 347/950/123
f 289/646/123 353/946/123 354/945/123
f 285/947/123 349/949/123 351/948/123
f 358/942/123 266/676/123 356/944/123
f 240/678/123 372/935/123 317/933/123
f 370/937/123 372/935/123 413/680/123
f 368/938/123 370/937/123 417/655/123
f 270/464/123 339/953/123 341/957/123
f 270/464/123 341/957/123 343/952/123
f 366/939/123 419/710/123 364/940/123
f 249/441/123 343/952/123 345/951/123
f 409/636/123 347/950/123 349/949/123
f 360/958/123 362/941/123 411/688/123
f 358/942/123 360/958/123 411/688/123
f 414/648/123 351/948/123 353/946/123
f 295/507/123 354/945/123 304/508/123
f 331/959/123 333/956/123 277/503/123
f 277/503/123 263/722/123 331/959/123
f 263/722/123 427/724/123 329/960/123
f 427/724/123 257/713/123 308/512/123
f 257/713/123 306/510/123 308/512/123
f 306/510/123 252/702/123 327/961/123
f 252/702/123 424/704/123 324/962/123
f 424/704/123 246/690/123 324/962/123
f 246/690/123 421/692/123 322/963/123
f 324/962/123 246/690/123 322/963/123
f 421/692/123 320/934/123 322/963/123
f 252/702/123 324/962/123 327/961/123
f 263/722/123 329/960/123 331/959/123
f 308/512/123 329/960/123 427/724/123
f 306/510/123 327/961/123 307/511/123
f 258/513/126 386/964/126 309/514/126
f 310/516/116 413/641/116 311/517/116
f 352/965/126 350/966/126 287/707/126
f 287/707/126 286/719/126 352/965/126
f 286/719/126 291/721/126 355/967/126
f 291/721/126 290/491/126 314/520/126
f 290/491/126 282/493/126 314/520/126
f 282/493/126 255/447/126 357/968/126
f 255/447/126 243/449/126 359/969/126
f 243/449/126 294/970/126 359/969/126
f 294/970/126 299/643/126 361/971/126
f 359/969/126 294/970/126 361/971/126
f 299/643/126 363/972/126 361/971/126
f 255/447/126 359/969/126 357/968/126
f 286/719/126 355/967/126 352/965/126
f 314/520/126 355/967/126 291/721/126
f 282/493/126 357/968/126 313/519/126
f 365/973/126 363/972/126 299/643/126
f 299/643/126 298/666/126 365/973/126
f 298/666/126 303/668/126 367/974/126
f 303/668/126 302/693/126 369/975/126
f 302/693/126 312/695/126 369/975/126
f 312/695/126 311/649/126 371/976/126
f 311/649/126 242/651/126 318/977/126
f 371/976/126 311/649/126 318/977/126
f 242/651/126 241/669/126 319/978/126
f 241/669/126 248/671/126 321/979/126
f 319/978/126 241/669/126 321/979/126
f 248/671/126 247/696/126 325/980/126
f 247/696/126 254/698/126 325/980/126
f 254/698/126 253/715/126 326/981/126
f 253/715/126 259/521/126 316/523/126
f 326/981/126 253/715/126 316/523/126
f 259/521/126 258/513/126 328/982/126
f 258/513/126 265/515/126 330/983/126
f 265/515/126 264/468/126 332/984/126
f 264/468/126 260/470/126 334/985/126
f 260/470/126 239/633/126 336/986/126
f 239/633/126 273/635/126 338/987/126
f 273/635/126 272/988/126 340/989/126
f 272/988/126 276/658/126 340/989/126
f 276/658/126 275/681/126 344/990/126
f 275/681/126 281/683/126 346/991/126
f 281/683/126 280/705/126 346/991/126
f 280/705/126 287/707/126 348/992/126
f 346/991/126 280/705/126 348/992/126
f 287/707/126 350/966/126 348/992/126
f 275/681/126 346/991/126 344/990/126
f 239/633/126 338/987/126 336/986/126
f 258/513/126 330/983/126 328/982/126
f 264/468/126 334/985/126 332/984/126
f 325/980/126 254/698/126 326/981/126
f 298/666/126 367/974/126 365/973/126
f 369/975/126 367/974/126 303/668/126
f 371/976/126 369/975/126 312/695/126
f 276/658/126 344/990/126 342/993/126
f 276/658/126 342/993/126 340/989/126
f 318/977/126 242/651/126 319/978/126
f 273/635/126 340/989/126 338/987/126
f 260/470/126 336/986/126 334/985/126
f 323/994/126 321/979/126 248/671/126
f 325/980/126 323/994/126 248/671/126
f 265/515/126 332/984/126 330/983/126
f 259/521/126 328/982/126 315/522/126
f 317/524/101 372/995/101 318/525/101
f 320/527/102 317/524/102 319/526/102
f 322/529/103 320/527/103 321/528/103
f 324/531/104 322/529/104 323/530/104
f 324/531/105 325/532/105 326/533/105
f 327/534/106 326/533/106 316/535/106
f 307/536/107 316/535/107 315/537/107
f 308/538/108 315/537/108 328/539/108
f 329/540/109 328/539/109 330/541/109
f 331/542/110 330/541/110 332/543/110
f 333/544/111 332/543/111 334/545/111
f 335/546/112 334/545/112 336/547/112
f 337/548/113 336/547/113 338/549/113
f 339/550/114 338/549/114 340/551/114
f 341/552/115 340/551/115 342/553/115
f 343/554/116 342/553/116 344/555/116
f 345/556/117 344/555/117 346/557/117
f 347/558/118 346/557/118 348/559/118
f 349/560/119 348/559/119 350/561/119
f 351/562/120 350/561/120 352/563/120
f 354/565/121 353/564/121 352/563/121
f 304/567/122 354/565/122 355/566/122
f 305/569/124 304/567/124 314/568/124
f 356/571/125 305/569/125 313/570/125
f 358/573/93 356/571/93 357/572/93
f 360/575/94 358/573/94 359/574/94
f 362/577/95 360/575/95 361/576/95
f 364/579/96 362/577/96 363/578/96
f 366/581/97 364/579/97 365/580/97
f 368/583/98 366/581/98 367/582/98
f 370/585/99 368/583/99 369/584/99
f 372/587/100 370/585/100 371/586/100
f 373/589/117 416/654/117 374/590/117
f 376/592/119 423/677/119 377/593/119
f 379/595/121 425/701/121 380/596/121
f 382/598/124 426/718/124 383/599/124
f 385/601/93 293/494/93 309/602/93
f 300/604/95 261/454/95 274/605/95
f 288/606/97 412/640/97 387/607/97
f 269/608/99 420/664/99 388/609/99
f 251/611/101 250/685/101 390/612/101
f 392/614/103 410/711/103 393/615/103
f 395/617/105 428/725/105 396/618/105
f 398/620/107 283/480/107 292/621/107
f 399/622/109 244/436/109 256/623/109
f 400/624/111 415/652/111 401/625/111
f 403/627/113 422/672/113 404/628/113
f 406/630/115 418/699/115 407/631/115
f 239/633/126 238/996/126 387/634/126
f 409/636/123 285/947/123 410/637/123
f 411/639/103 400/624/103 402/626/103
f 273/467/105 387/607/105 412/640/105
f 413/641/109 373/997/109 375/642/109
f 299/643/126 294/970/126 402/644/126
f 289/646/123 428/998/123 395/647/123
f 311/649/126 375/999/126 374/650/126
f 299/500/119 401/625/119 415/652/119
f 270/653/124 269/608/124 389/610/124
f 242/434/93 374/590/93 416/654/93
f 417/655/123 310/936/123 418/656/123
f 276/658/126 272/988/126 389/659/126
f 295/507/123 284/943/123 283/661/123
f 419/663/105 403/627/105 405/629/105
f 276/473/107 388/609/107 420/664/107
f 421/665/111 376/592/111 378/594/111
f 298/666/126 405/1000/126 404/667/126
f 241/669/126 378/1001/126 377/670/126
f 303/506/121 404/628/121 422/672/121
f 249/673/93 251/611/93 391/613/93
f 245/674/123 244/1002/123 399/675/123
f 248/440/95 377/593/95 423/677/95
f 240/678/123 416/1003/123 373/679/123
f 275/681/126 391/1004/126 390/682/126
f 417/684/107 406/630/107 408/632/107
f 281/478/109 390/612/109 250/685/109
f 297/686/123 415/1005/123 400/687/123
f 424/689/113 379/595/113 381/597/113
f 246/690/123 423/1006/123 376/691/123
f 302/693/126 408/1007/126 407/694/126
f 247/696/126 381/1008/126 380/697/126
f 312/518/124 407/631/124 418/699/124
f 409/700/95 392/614/95 394/616/95
f 254/446/97 380/596/97 425/701/97
f 252/702/123 425/1009/123 379/703/123
f 280/705/126 394/1010/126 393/706/126
f 301/708/123 422/1011/123 403/709/123
f 287/484/111 393/615/111 410/711/111
f 306/712/115 382/598/115 384/600/115
f 257/713/123 426/1012/123 382/714/123
f 253/715/126 384/1013/126 383/716/126
f 414/717/97 395/617/97 397/619/97
f 259/452/99 383/599/99 426/718/99
f 286/719/126 397/1014/126 396/720/126
f 263/722/123 293/1015/123 385/723/123
f 291/490/113 396/618/113 428/725/113
f 427/726/117 385/601/117 386/603/117
f 429/727/117 432/730/117 430/728/117
f 432/730/118 434/732/118 433/731/118
f 434/732/119 436/734/119 435/733/119
f 436/734/120 438/736/120 437/735/120
f 438/736/121 440/738/121 439/737/121
f 440/738/122 442/740/122 441/739/122
f 442/740/124 444/742/124 443/741/124
f 444/742/125 446/744/125 445/743/125
f 446/744/93 448/746/93 447/745/93
f 448/746/94 450/748/94 449/747/94
f 450/748/95 452/750/95 451/749/95
f 452/750/96 454/752/96 453/751/96
f 454/752/97 456/754/97 455/753/97
f 456/754/98 458/756/98 457/755/98
f 458/756/99 460/758/99 459/757/99
f 460/758/100 462/760/100 461/759/100
f 462/760/101 464/762/101 463/761/101
f 464/762/102 466/764/102 465/763/102
f 466/764/103 468/766/103 467/765/103
f 468/766/104 470/768/104 469/767/104
f 470/768/105 472/770/105 471/769/105
f 472/770/106 474/772/106 473/771/106
f 474/772/107 476/774/107 475/773/107
f 476/774/108 478/776/108 477/775/108
f 478/776/109 480/778/109 479/777/109
f 480/778/110 482/780/110 481/779/110
f 482/780/111 484/782/111 483/781/111
f 484/782/112 486/784/112 485/783/112
f 486/784/113 488/786/113 487/785/113
f 488/786/114 494/794/114 489/787/114
f 501/1016/123 504/1017/123 434/1018/123
f 434/1018/123 432/1019/123 501/1016/123
f 432/1019/123 429/1020/123 556/1021/123
f 429/1020/123 496/1022/123 554/1023/123
f 496/1022/123 494/1024/123 554/1023/123
f 494/1024/123 488/1025/123 552/1026/123
f 488/1025/123 486/1027/123 550/1028/123
f 552/1026/123 488/1025/123 550/1028/123
f 486/1027/123 484/1029/123 548/1030/123
f 484/1029/123 482/1031/123 546/1032/123
f 548/1030/123 484/1029/123 546/1032/123
f 482/1031/123 480/1033/123 542/1034/123
f 480/1033/123 478/1035/123 542/1034/123
f 478/1035/123 476/1036/123 540/1037/123
f 476/1036/123 474/788/123 491/790/123
f 540/1037/123 476/1036/123 491/790/123
f 474/788/123 472/1038/123 538/1039/123
f 472/1038/123 470/1040/123 537/1041/123
f 470/1040/123 468/1042/123 535/1043/123
f 468/1042/123 466/1044/123 533/1045/123
f 466/1044/123 464/1046/123 531/1047/123
f 464/1046/123 462/1048/123 529/1049/123
f 462/1048/123 460/1050/123 527/1051/123
f 460/1050/123 458/1052/123 527/1051/123
f 458/1052/123 456/1053/123 523/1054/123
f 456/1053/123 454/1055/123 521/1056/123
f 454/1055/123 452/1057/123 521/1056/123
f 452/1057/123 450/1058/123 519/1059/123
f 521/1056/123 452/1057/123 519/1059/123
f 450/1058/123 517/1060/123 519/1059/123
f 456/1053/123 521/1056/123 523/1054/123
f 464/1046/123 529/1049/123 531/1047/123
f 472/1038/123 537/1041/123 538/1039/123
f 468/1042/123 533/1045/123 535/1043/123
f 542/1034/123 478/1035/123 540/1037/123
f 432/1019/123 556/1021/123 501/1016/123
f 554/1023/123 556/1021/123 429/1020/123
f 552/1026/123 554/1023/123 494/1024/123
f 458/1052/123 523/1054/123 525/1061/123
f 458/1052/123 525/1061/123 527/1051/123
f 550/1028/123 486/1027/123 548/1030/123
f 462/1048/123 527/1051/123 529/1049/123
f 466/1044/123 531/1047/123 533/1045/123
f 544/1062/123 546/1032/123 482/1031/123
f 542/1034/123 544/1062/123 482/1031/123
f 470/1040/123 535/1043/123 537/1041/123
f 474/788/123 538/1039/123 490/789/123
f 515/1063/123 517/1060/123 450/1058/123
f 450/1058/123 448/1064/123 515/1063/123
f 448/1064/123 446/1065/123 513/1066/123
f 446/1065/123 444/1067/123 493/793/123
f 444/1067/123 442/791/123 493/793/123
f 442/791/123 440/1068/123 511/1069/123
f 440/1068/123 438/1070/123 508/1071/123
f 438/1070/123 436/1072/123 508/1071/123
f 436/1072/123 434/1018/123 506/1073/123
f 508/1071/123 436/1072/123 506/1073/123
f 434/1018/123 504/1017/123 506/1073/123
f 440/1068/123 508/1071/123 511/1069/123
f 448/1064/123 513/1066/123 515/1063/123
f 493/793/123 513/1066/123 446/1065/123
f 442/791/123 511/1069/123 492/792/123
f 494/794/115 496/796/115 495/795/115
f 496/796/116 429/1074/116 431/797/116
f 536/1075/126 534/1076/126 467/1077/126
f 467/1077/126 469/1078/126 536/1075/126
f 469/1078/126 471/1079/126 539/1080/126
f 471/1079/126 473/1081/126 498/800/126
f 473/1081/126 475/798/126 498/800/126
f 475/798/126 477/1082/126 541/1083/126
f 477/1082/126 479/1084/126 543/1085/126
f 479/1084/126 481/1086/126 543/1085/126
f 481/1086/126 483/1087/126 545/1088/126
f 543/1085/126 481/1086/126 545/1088/126
f 483/1087/126 547/1089/126 545/1088/126
f 477/1082/126 543/1085/126 541/1083/126
f 469/1078/126 539/1080/126 536/1075/126
f 498/800/126 539/1080/126 471/1079/126
f 475/798/126 541/1083/126 497/799/126
f 549/1090/126 547/1089/126 483/1087/126
f 483/1087/126 485/1091/126 549/1090/126
f 485/1091/126 487/1092/126 551/1093/126
f 487/1092/126 489/1094/126 553/1095/126
f 489/1094/126 495/1096/126 553/1095/126
f 495/1096/126 431/1097/126 555/1098/126
f 431/1097/126 430/1099/126 502/1100/126
f 555/1098/126 431/1097/126 502/1100/126
f 430/1099/126 433/1101/126 503/1102/126
f 433/1101/126 435/1103/126 505/1104/126
f 503/1102/126 433/1101/126 505/1104/126
f 435/1103/126 437/1105/126 509/1106/126
f 437/1105/126 439/1107/126 509/1106/126
f 439/1107/126 441/1108/126 510/1109/126
f 441/1108/126 443/801/126 500/803/126
f 510/1109/126 441/1108/126 500/803/126
f 443/801/126 445/1110/126 512/1111/126
f 445/1110/126 447/1112/126 514/1113/126
f 447/1112/126 449/1114/126 516/1115/126
f 449/1114/126 451/1116/126 518/1117/126
f 451/1116/126 453/1118/126 520/1119/126
f 453/1118/126 455/1120/126 522/1121/126
f 455/1120/126 457/1122/126 524/1123/126
f 457/1122/126 459/1124/126 524/1123/126
f 459/1124/126 461/1125/126 528/1126/126
f 461/1125/126 463/1127/126 530/1128/126
f 463/1127/126 465/1129/126 530/1128/126
f 465/1129/126 467/1077/126 532/1130/126
f 530/1128/126 465/1129/126 532/1130/126
f 467/1077/126 534/1076/126 532/1130/126
f 461/1125/126 530/1128/126 528/1126/126
f 453/1118/126 522/1121/126 520/1119/126
f 445/1110/126 514/1113/126 512/1111/126
f 449/1114/126 518/1117/126 516/1115/126
f 509/1106/126 439/1107/126 510/1109/126
f 485/1091/126 551/1093/126 549/1090/126
f 553/1095/126 551/1093/126 487/1092/126
f 555/1098/126 553/1095/126 495/1096/126
f 459/1124/126 528/1126/126 526/1131/126
f 459/1124/126 526/1131/126 524/1123/126
f 502/1100/126 430/1099/126 503/1102/126
f 455/1120/126 524/1123/126 522/1121/126
f 451/1116/126 520/1119/126 518/1117/126
f 507/1132/126 505/1104/126 435/1103/126
f 509/1106/126 507/1132/126 435/1103/126
f 447/1112/126 516/1115/126 514/1113/126
f 443/801/126 512/1111/126 499/802/126
f 501/804/101 556/1133/101 502/805/101
f 504/807/102 501/804/102 503/806/102
f 506/809/103 504/807/103 505/808/103
f 508/811/104 506/809/104 507/810/104
f 508/811/105 509/812/105 510/813/105
f 511/814/106 510/813/106 500/815/106
f 492/816/107 500/815/107 499/817/107
f 493/818/108 499/817/108 512/819/108
f 513/820/109 512/819/109 514/821/109
f 515/822/110 514/821/110 516/823/110
f 517/824/111 516/823/111 518/825/111
f 519/826/112 518/825/112 520/827/112
f 521/828/113 520/827/113 522/829/113
f 523/830/114 522/829/114 524/831/114
f 525/832/115 524/831/115 526/833/115
f 527/834/116 526/833/116 528/835/116
f 529/836/117 528/835/117 530/837/117
f 531/838/118 530/837/118 532/839/118
f 533/840/119 532/839/119 534/841/119
f 535/842/120 534/841/120 536/843/120
f 538/845/121 537/844/121 536/843/121
f 490/847/122 538/845/122 539/846/122
f 491/849/124 490/847/124 498/848/124
f 540/851/125 491/849/125 497/850/125
f 542/853/93 540/851/93 541/852/93
f 544/855/94 542/853/94 543/854/94
f 546/857/95 544/855/95 545/856/95
f 548/859/96 546/857/96 547/858/96
f 550/861/97 548/859/97 549/860/97
f 552/863/98 550/861/98 551/862/98
f 554/865/99 552/863/99 553/864/99
f 556/867/100 554/865/100 555/866/100
f 557/869/126 564/1134/126 558/870/126
f 558/870/131 564/1134/131 560/872/131
f 560/872/123 563/875/123 562/874/123
f 563/875/132 557/1135/132 559/876/132
f 561/873/133 562/874/133 559/877/133
f 564/879/134 557/1136/134 563/875/134
f 565/880/126 568/883/126 566/881/126
f 568/883/135 570/885/135 569/884/135
f 570/885/123 572/887/123 571/886/123
f 572/887/136 565/1137/136 567/888/136
f 569/884/137 571/886/137 567/889/137
f 568/891/138 565/1138/138 572/887/138
f 573/892/126 576/895/126 574/893/126
f 576/895/137 578/897/137 577/896/137
f 578/897/123 580/899/123 579/898/123
f 580/899/138 573/1139/138 575/900/138
f 577/896/136 579/898/136 575/901/136
f 576/903/135 573/1140/135 580/899/135
f 581/904/126 595/1141/126 582/905/126
f 582/905/139 587/914/139 584/907/139
f 584/907/123 587/914/123 585/908/123
f 585/908/140 595/1142/140 581/910/140
f 584/907/141 586/909/141 581/911/141
f 582/913/142 595/1143/142 585/908/142
f 588/915/126 596/1144/126 589/916/126
f 589/916/143 594/925/143 591/918/143
f 591/918/123 594/925/123 592/919/123
f 592/919/144 596/1145/144 588/921/144
f 591/918/145 593/920/145 588/922/145
f 589/924/146 596/1146/146 592/919/146
usemtl None
f 597/1147/121 598/1148/121 599/1149/121
f 600/1150/118 601/1151/118 602/1152/118
f 603/1153/117 604/1154/117 605/1155/117
f 606/1156/120 607/1157/120 608/1158/120
f 609/1159/123 610/1160/123 611/1161/123
f 612/1162/122 613/1163/122 614/1164/122
f 615/1165/126 616/1166/126 603/1167/126
f 617/1168/125 618/1169/125 619/1170/125
f 620/1171/103 621/1172/103 622/1173/103
f 623/1174/94 624/1175/94 625/1176/94
f 626/1177/101 627/1178/101 615/1179/101
f 622/1173/96 599/1149/96 620/1171/96
f 628/1180/123 629/1181/123 630/1182/123
f 631/1183/98 632/1184/98 633/1185/98
f 624/1186/126 634/1187/126 620/1188/126
f 628/1189/100 635/1190/100 636/1191/100
f 637/1192/119 638/1193/119 624/1175/119
f 639/1194/102 640/1195/102 641/1196/102
f 642/1197/115 643/1198/115 644/1199/115
f 645/1200/104 646/1201/104 647/1202/104
f 631/1203/123 648/1204/123 597/1205/123
f 649/1206/106 650/1207/106 651/1208/106
f 650/1209/126 652/1210/126 642/1211/126
f 644/1199/108 615/1179/108 642/1197/108
f 625/1176/101 653/1212/101 623/1174/101
f 605/1155/110 654/1213/110 603/1153/110
f 655/1214/99 656/1215/99 650/1207/99
f 657/1216/112 658/1217/112 659/1218/112
f 622/1219/123 660/1220/123 637/1221/123
f 661/1222/114 662/1223/114 663/1224/114
f 655/1225/123 664/1226/123 665/1227/123
f 666/1228/123 667/1229/123 668/1230/123
f 618/1231/126 669/1232/126 625/1233/126
f 670/1234/116 671/1235/116 672/1236/116
f 642/1211/126 673/1237/126 674/1238/126
f 619/1239/126 675/1240/126 676/1241/126
f 677/1242/101 678/1243/101 679/1244/101
f 680/1245/102 679/1244/102 681/1246/102
f 682/1247/103 681/1246/103 683/1248/103
f 684/1249/104 683/1248/104 685/1250/104
f 684/1249/105 686/1251/105 687/1252/105
f 687/1252/106 676/1253/106 667/1254/106
f 667/1254/107 675/1255/107 668/1256/107
f 668/1256/108 688/1257/108 689/1258/108
f 689/1258/109 690/1259/109 691/1260/109
f 691/1260/110 692/1261/110 693/1262/110
f 693/1262/111 694/1263/111 695/1264/111
f 695/1264/112 696/1265/112 697/1266/112
f 697/1266/113 698/1267/113 699/1268/113
f 699/1268/114 700/1269/114 701/1270/114
f 701/1270/115 702/1271/115 703/1272/115
f 703/1272/116 704/1273/116 705/1274/116
f 705/1274/117 706/1275/117 707/1276/117
f 707/1276/118 708/1277/118 709/1278/118
f 709/1278/119 710/1279/119 711/1280/119
f 711/1280/120 712/1281/120 713/1282/120
f 714/1283/121 712/1281/121 715/1284/121
f 664/1285/122 715/1284/122 674/1286/122
f 665/1287/124 674/1286/124 673/1288/124
f 716/1289/125 673/1288/125 717/1290/125
f 718/1291/93 717/1290/93 719/1292/93
f 720/1293/94 719/1292/94 721/1294/94
f 722/1295/95 721/1294/95 723/1296/95
f 724/1297/96 723/1296/96 725/1298/96
f 726/1299/97 725/1298/97 727/1300/97
f 728/1301/98 727/1300/98 729/1302/98
f 730/1303/99 729/1302/99 731/1304/99
f 732/1305/100 731/1304/100 678/1306/100
f 733/1307/117 734/1308/117 735/1309/117
f 736/1310/119 737/1311/119 738/1312/119
f 739/1313/121 740/1314/121 741/1315/121
f 742/1316/124 743/1317/124 744/1318/124
f 745/1319/93 669/1320/93 746/1321/93
f 660/1322/95 634/1323/95 638/1193/95
f 648/1324/97 747/1325/97 598/1148/97
f 629/1326/99 748/1327/99 749/1328/99
f 611/1329/101 750/1330/101 751/1331/101
f 752/1332/103 753/1333/103 754/1334/103
f 755/1335/105 756/1336/105 757/1337/105
f 758/1338/107 652/1339/107 656/1215/107
f 759/1340/109 616/1341/109 627/1178/109
f 760/1342/111 761/1343/111 762/1344/111
f 763/1345/113 764/1346/113 765/1347/113
f 766/1348/115 767/1349/115 768/1350/115
f 599/1351/126 747/1352/126 633/1353/126
f 769/1354/123 770/1355/123 752/1356/123
f 771/1357/103 762/1344/103 654/1213/103
f 633/1185/105 772/1358/105 631/1183/105
f 773/1359/109 735/1360/109 671/1235/109
f 659/1361/126 762/1362/126 761/1363/126
f 649/1364/123 755/1365/123 774/1366/123
f 671/1367/126 734/1368/126 602/1369/126
f 659/1218/119 775/1370/119 657/1216/119
f 630/1371/124 749/1328/124 632/1184/124
f 602/1152/93 776/1372/93 600/1150/93
f 777/1373/123 778/1374/123 766/1375/123
f 636/1376/126 749/1377/126 748/1378/126
f 655/1225/123 643/1379/123 758/1380/123
f 779/1381/105 765/1347/105 658/1217/105
f 636/1191/107 780/1382/107 628/1189/107
f 781/1383/111 738/1312/111 601/1151/111
f 658/1384/126 764/1385/126 663/1386/126
f 601/1387/126 737/1388/126 608/1389/126
f 663/1224/121 782/1390/121 661/1222/121
f 609/1391/93 751/1331/93 635/1190/93
f 605/1392/123 759/1393/123 626/1394/123
f 608/1158/95 783/1395/95 606/1156/95
f 600/1396/123 733/1397/123 773/1398/123
f 635/1399/126 750/1400/126 641/1401/126
f 777/1402/107 768/1350/107 662/1223/107
f 641/1196/109 610/1403/109 639/1194/109
f 657/1404/123 760/1405/123 771/1406/123
f 784/1407/113 741/1315/113 607/1157/113
f 606/1408/123 736/1409/123 781/1410/123
f 662/1411/126 767/1412/126 672/1413/126
f 607/1414/126 740/1415/126 614/1416/126
f 672/1236/124 778/1417/124 670/1234/124
f 769/1418/95 754/1334/95 640/1195/95
f 614/1164/97 785/1419/97 612/1162/97
f 612/1420/123 739/1421/123 784/1422/123
f 640/1423/126 753/1424/126 647/1425/126
f 661/1426/123 763/1427/123 779/1428/123
f 647/1202/111 770/1429/111 645/1200/111
f 666/1430/115 744/1318/115 613/1163/115
f 617/1431/123 742/1432/123 666/1228/123
f 613/1433/126 743/1434/126 619/1239/126
f 774/1435/97 757/1337/97 646/1201/97
f 619/1170/99 786/1436/99 617/1168/99
f 646/1437/126 756/1438/126 651/1439/126
f 623/1440/123 745/1441/123 787/1442/123
f 651/1208/113 788/1443/113 649/1206/113
f 787/1444/117 746/1321/117 618/1169/117
f 789/1445/117 790/1446/117 791/1447/117
f 792/1448/118 793/1449/118 790/1446/118
f 794/1450/119 795/1451/119 793/1449/119
f 796/1452/120 797/1453/120 795/1451/120
f 798/1454/121 799/1455/121 797/1453/121
f 800/1456/122 801/1457/122 799/1455/122
f 802/1458/124 803/1459/124 801/1457/124
f 804/1460/125 805/1461/125 803/1459/125
f 806/1462/93 807/1463/93 805/1461/93
f 808/1464/94 809/1465/94 807/1463/94
f 810/1466/95 811/1467/95 809/1465/95
f 812/1468/96 813/1469/96 811/1467/96
f 814/1470/97 815/1471/97 813/1469/97
f 816/1472/98 817/1473/98 815/1471/98
f 818/1474/99 819/1475/99 817/1473/99
f 820/1476/100 821/1477/100 819/1475/100
f 822/1478/101 823/1479/101 821/1477/101
f 824/1480/102 825/1481/102 823/1479/102
f 826/1482/103 827/1483/103 825/1481/103
f 828/1484/104 829/1485/104 827/1483/104
f 830/1486/105 831/1487/105 829/1485/105
f 832/1488/106 833/1489/106 831/1487/106
f 834/1490/107 835/1491/107 833/1489/107
f 836/1492/108 837/1493/108 835/1491/108
f 838/1494/109 839/1495/109 837/1493/109
f 840/1496/110 841/1497/110 839/1495/110
f 842/1498/111 843/1499/111 841/1497/111
f 844/1500/112 845/1501/112 843/1499/112
f 846/1502/113 847/1503/113 845/1501/113
f 848/1504/114 849/1505/114 847/1503/114
f 834/1506/123 850/1507/123 851/1508/123
f 802/1509/123 852/1510/123 853/1511/123
f 854/1512/115 855/1513/115 849/1505/115
f 856/1514/116 791/1515/116 855/1513/116
f 835/1516/126 857/1517/126 858/1518/126
f 803/1519/126 859/1520/126 860/1521/126
f 861/1522/101 862/1523/101 863/1524/101
f 864/1525/102 863/1524/102 865/1526/102
f 866/1527/103 865/1526/103 867/1528/103
f 868/1529/104 867/1528/104 869/1530/104
f 868/1529/105 870/1531/105 871/1532/105
f 871/1532/106 860/1533/106 852/1534/106
f 852/1534/107 859/1535/107 853/1536/107
f 853/1536/108 872/1537/108 873/1538/108
f 873/1538/109 874/1539/109 875/1540/109
f 875/1540/110 876/1541/110 877/1542/110
f 877/1542/111 878/1543/111 879/1544/111
f 879/1544/112 880/1545/112 881/1546/112
f 881/1546/113 882/1547/113 883/1548/113
f 883/1548/114 884/1549/114 885/1550/114
f 885/1550/115 886/1551/115 887/1552/115
f 887/1552/116 888/1553/116 889/1554/116
f 889/1554/117 890/1555/117 891/1556/117
f 891/1556/118 892/1557/118 893/1558/118
f 893/1558/119 894/1559/119 895/1560/119
f 895/1560/120 896/1561/120 897/1562/120
f 898/1563/121 896/1561/121 899/1564/121
f 850/1565/122 899/1564/122 858/1566/122
f 851/1567/124 858/1566/124 857/1568/124
f 900/1569/125 857/1568/125 901/1570/125
f 902/1571/93 901/1570/93 903/1572/93
f 904/1573/94 903/1572/94 905/1574/94
f 906/1575/95 905/1574/95 907/1576/95
f 908/1577/96 907/1576/96 909/1578/96
f 910/1579/97 909/1578/97 911/1580/97
f 912/1581/98 911/1580/98 913/1582/98
f 914/1583/99 913/1582/99 915/1584/99
f 916/1585/100 915/1584/100 862/1586/100
f 917/1587/126 918/1588/126 919/1589/126
f 918/1588/131 920/1590/131 921/1591/131
f 920/1590/123 922/1592/123 921/1591/123
f 923/1593/132 919/1594/132 922/1592/132
f 921/1591/133 919/1595/133 918/1596/133
f 924/1597/134 923/1593/134 920/1590/134
f 925/1598/126 926/1599/126 927/1600/126
f 928/1601/135 929/1602/135 926/1599/135
f 930/1603/123 931/1604/123 929/1602/123
f 932/1605/136 927/1606/136 931/1604/136
f 929/1602/137 927/1607/137 926/1608/137
f 928/1609/138 932/1605/138 930/1603/138
f 933/1610/126 934/1611/126 935/1612/126
f 936/1613/137 937/1614/137 934/1611/137
f 938/1615/123 939/1616/123 937/1614/123
f 940/1617/138 935/1618/138 939/1616/138
f 937/1614/136 935/1619/136 934/1620/136
f 936/1621/135 940/1617/135 938/1615/135
f 941/1622/126 942/1623/126 943/1624/126
f 942/1623/139 944/1625/139 943/1624/139
f 944/1625/123 945/1626/123 946/1627/123
f 945/1626/140 941/1628/140 946/1627/140
f 944/1625/141 941/1629/141 943/1630/141
f 942/1631/142 945/1626/142 947/1632/142
f 948/1633/126 949/1634/126 950/1635/126
f 949/1634/143 951/1636/143 950/1635/143
f 951/1636/123 952/1637/123 953/1638/123
f 952/1637/144 948/1639/144 953/1638/144
f 951/1636/145 948/1640/145 950/1641/145
f 949/1642/146 952/1637/146 954/1643/146
f 597/1147/121 648/1324/121 598/1148/121
f 600/1150/118 781/1383/118 601/1151/118
f 603/1153/117 616/1341/117 604/1154/117
f 606/1156/120 784/1407/120 607/1157/120
f 609/1159/123 639/1644/123 610/1160/123
f 612/1162/122 666/1430/122 613/1163/122
f 615/1165/126 627/1645/126 616/1166/126
f 617/1168/125 787/1444/125 618/1169/125
f 620/1171/103 634/1323/103 621/1172/103
f 623/1174/94 637/1192/94 624/1175/94
f 626/1177/101 759/1340/101 627/1178/101
f 622/1173/96 597/1147/96 599/1149/96
f 628/1180/123 780/1646/123 629/1181/123
f 631/1183/98 630/1371/98 632/1184/98
f 624/1186/126 638/1647/126 634/1187/126
f 628/1189/100 609/1391/100 635/1190/100
f 637/1192/119 660/1322/119 638/1193/119
f 639/1194/102 769/1418/102 640/1195/102
f 642/1197/115 652/1339/115 643/1198/115
f 645/1200/104 774/1435/104 646/1201/104
f 631/1203/123 772/1648/123 648/1204/123
f 649/1206/106 655/1214/106 650/1207/106
f 650/1209/126 656/1649/126 652/1210/126
f 644/1199/108 626/1177/108 615/1179/108
f 625/1176/101 669/1320/101 653/1212/101
f 605/1155/110 771/1357/110 654/1213/110
f 655/1214/99 758/1338/99 656/1215/99
f 657/1216/112 779/1381/112 658/1217/112
f 622/1219/123 621/1650/123 660/1220/123
f 661/1222/114 777/1402/114 662/1223/114
f 677/1651/123 680/1652/123 781/1410/123
f 781/1410/123 600/1396/123 677/1651/123
f 600/1396/123 773/1398/123 732/1653/123
f 773/1398/123 670/1654/123 730/1655/123
f 670/1654/123 777/1373/123 730/1655/123
f 777/1373/123 661/1426/123 728/1656/123
f 661/1426/123 779/1428/123 726/1657/123
f 728/1656/123 661/1426/123 726/1657/123
f 779/1428/123 657/1404/123 724/1658/123
f 657/1404/123 771/1406/123 722/1659/123
f 724/1658/123 657/1404/123 722/1659/123
f 771/1406/123 605/1392/123 718/1660/123
f 605/1392/123 626/1394/123 718/1660/123
f 626/1394/123 644/1661/123 716/1662/123
f 644/1661/123 655/1225/123 665/1227/123
f 716/1662/123 644/1661/123 665/1227/123
f 655/1225/123 649/1364/123 714/1663/123
f 649/1364/123 774/1366/123 713/1664/123
f 774/1366/123 645/1665/123 711/1666/123
f 645/1665/123 769/1354/123 709/1667/123
f 769/1354/123 639/1644/123 707/1668/123
f 639/1644/123 609/1159/123 705/1669/123
f 609/1159/123 628/1180/123 703/1670/123
f 628/1180/123 630/1182/123 703/1670/123
f 630/1182/123 631/1203/123 699/1671/123
f 631/1203/123 597/1205/123 697/1672/123
f 597/1205/123 622/1219/123 697/1672/123
f 622/1219/123 637/1221/123 695/1673/123
f 697/1672/123 622/1219/123 695/1673/123
f 637/1221/123 693/1674/123 695/1673/123
f 631/1203/123 697/1672/123 699/1671/123
f 639/1644/123 705/1669/123 707/1668/123
f 649/1364/123 713/1664/123 714/1663/123
f 645/1665/123 709/1667/123 711/1666/123
f 718/1660/123 626/1394/123 716/1662/123
f 600/1396/123 732/1653/123 677/1651/123
f 730/1655/123 732/1653/123 773/1398/123
f 728/1656/123 730/1655/123 777/1373/123
f 630/1182/123 699/1671/123 701/1675/123
f 630/1182/123 701/1675/123 703/1670/123
f 726/1657/123 779/1428/123 724/1658/123
f 609/1159/123 703/1670/123 705/1669/123
f 769/1354/123 707/1668/123 709/1667/123
f 720/1676/123 722/1659/123 771/1406/123
f 718/1660/123 720/1676/123 771/1406/123
f 774/1366/123 711/1666/123 713/1664/123
f 655/1225/123 714/1663/123 664/1226/123
f 691/1677/123 693/1674/123 637/1221/123
f 637/1221/123 623/1440/123 691/1677/123
f 623/1440/123 787/1442/123 689/1678/123
f 787/1442/123 617/1431/123 668/1230/123
f 617/1431/123 666/1228/123 668/1230/123
f 666/1228/123 612/1420/123 687/1679/123
f 612/1420/123 784/1422/123 684/1680/123
f 784/1422/123 606/1408/123 684/1680/123
f 606/1408/123 781/1410/123 682/1681/123
f 684/1680/123 606/1408/123 682/1681/123
f 781/1410/123 680/1652/123 682/1681/123
f 612/1420/123 684/1680/123 687/1679/123
f 623/1440/123 689/1678/123 691/1677/123
f 668/1230/123 689/1678/123 787/1442/123
f 666/1228/123 687/1679/123 667/1229/123
f 618/1231/126 746/1682/126 669/1232/126
f 670/1234/116 773/1359/116 671/1235/116
f 712/1683/126 710/1684/126 647/1425/126
f 647/1425/126 646/1437/126 712/1683/126
f 646/1437/126 651/1439/126 715/1685/126
f 651/1439/126 650/1209/126 674/1238/126
f 650/1209/126 642/1211/126 674/1238/126
f 642/1211/126 615/1165/126 717/1686/126
f 615/1165/126 603/1167/126 719/1687/126
f 603/1167/126 654/1688/126 719/1687/126
f 654/1688/126 659/1361/126 721/1689/126
f 719/1687/126 654/1688/126 721/1689/126
f 659/1361/126 723/1690/126 721/1689/126
f 615/1165/126 719/1687/126 717/1686/126
f 646/1437/126 715/1685/126 712/1683/126
f 674/1238/126 715/1685/126 651/1439/126
f 642/1211/126 717/1686/126 673/1237/126
f 725/1691/126 723/1690/126 659/1361/126
f 659/1361/126 658/1384/126 725/1691/126
f 658/1384/126 663/1386/126 727/1692/126
f 663/1386/126 662/1411/126 729/1693/126
f 662/1411/126 672/1413/126 729/1693/126
f 672/1413/126 671/1367/126 731/1694/126
f 671/1367/126 602/1369/126 678/1695/126
f 731/1694/126 671/1367/126 678/1695/126
f 602/1369/126 601/1387/126 679/1696/126
f 601/1387/126 608/1389/126 681/1697/126
f 679/1696/126 601/1387/126 681/1697/126
f 608/1389/126 607/1414/126 685/1698/126
f 607/1414/126 614/1416/126 685/1698/126
f 614/1416/126 613/1433/126 686/1699/126
f 613/1433/126 619/1239/126 676/1241/126
f 686/1699/126 613/1433/126 676/1241/126
f 619/1239/126 618/1231/126 688/1700/126
f 618/1231/126 625/1233/126 690/1701/126
f 625/1233/126 624/1186/126 692/1702/126
f 624/1186/126 620/1188/126 694/1703/126
f 620/1188/126 599/1351/126 696/1704/126
f 599/1351/126 633/1353/126 698/1705/126
f 633/1353/126 632/1706/126 700/1707/126
f 632/1706/126 636/1376/126 700/1707/126
f 636/1376/126 635/1399/126 704/1708/126
f 635/1399/126 641/1401/126 706/1709/126
f 641/1401/126 640/1423/126 706/1709/126
f 640/1423/126 647/1425/126 708/1710/126
f 706/1709/126 640/1423/126 708/1710/126
f 647/1425/126 710/1684/126 708/1710/126
f 635/1399/126 706/1709/126 704/1708/126
f 599/1351/126 698/1705/126 696/1704/126
f 618/1231/126 690/1701/126 688/1700/126
f 624/1186/126 694/1703/126 692/1702/126
f 685/1698/126 614/1416/126 686/1699/126
f 658/1384/126 727/1692/126 725/1691/126
f 729/1693/126 727/1692/126 663/1386/126
f 731/1694/126 729/1693/126 672/1413/126
f 636/1376/126 704/1708/126 702/1711/126
f 636/1376/126 702/1711/126 700/1707/126
f 678/1695/126 602/1369/126 679/1696/126
f 633/1353/126 700/1707/126 698/1705/126
f 620/1188/126 696/1704/126 694/1703/126
f 683/1712/126 681/1697/126 608/1389/126
f 685/1698/126 683/1712/126 608/1389/126
f 625/1233/126 692/1702/126 690/1701/126
f 619/1239/126 688/1700/126 675/1240/126
f 677/1242/101 732/1713/101 678/1243/101
f 680/1245/102 677/1242/102 679/1244/102
f 682/1247/103 680/1245/103 681/1246/103
f 684/1249/104 682/1247/104 683/1248/104
f 684/1249/105 685/1250/105 686/1251/105
f 687/1252/106 686/1251/106 676/1253/106
f 667/1254/107 676/1253/107 675/1255/107
f 668/1256/108 675/1255/108 688/1257/108
f 689/1258/109 688/1257/109 690/1259/109
f 691/1260/110 690/1259/110 692/1261/110
f 693/1262/111 692/1261/111 694/1263/111
f 695/1264/112 694/1263/112 696/1265/112
f 697/1266/113 696/1265/113 698/1267/113
f 699/1268/114 698/1267/114 700/1269/114
f 701/1270/115 700/1269/115 702/1271/115
f 703/1272/116 702/1271/116 704/1273/116
f 705/1274/117 704/1273/117 706/1275/117
f 707/1276/118 706/1275/118 708/1277/118
f 709/1278/119 708/1277/119 710/1279/119
f 711/1280/120 710/1279/120 712/1281/120
f 714/1283/121 713/1282/121 712/1281/121
f 664/1285/122 714/1283/122 715/1284/122
f 665/1287/124 664/1285/124 674/1286/124
f 716/1289/125 665/1287/125 673/1288/125
f 718/1291/93 716/1289/93 717/1290/93
f 720/1293/94 718/1291/94 719/1292/94
f 722/1295/95 720/1293/95 721/1294/95
f 724/1297/96 722/1295/96 723/1296/96
f 726/1299/97 724/1297/97 725/1298/97
f 728/1301/98 726/1299/98 727/1300/98
f 730/1303/99 728/1301/99 729/1302/99
f 732/1305/100 730/1303/100 731/1304/100
f 733/1307/117 776/1372/117 734/1308/117
f 736/1310/119 783/1395/119 737/1311/119
f 739/1313/121 785/1419/121 740/1314/121
f 742/1316/124 786/1436/124 743/1317/124
f 745/1319/93 653/1212/93 669/1320/93
f 660/1322/95 621/1172/95 634/1323/95
f 648/1324/97 772/1358/97 747/1325/97
f 629/1326/99 780/1382/99 748/1327/99
f 611/1329/101 610/1403/101 750/1330/101
f 752/1332/103 770/1429/103 753/1333/103
f 755/1335/105 788/1443/105 756/1336/105
f 758/1338/107 643/1198/107 652/1339/107
f 759/1340/109 604/1154/109 616/1341/109
f 760/1342/111 775/1370/111 761/1343/111
f 763/1345/113 782/1390/113 764/1346/113
f 766/1348/115 778/1417/115 767/1349/115
f 599/1351/126 598/1714/126 747/1352/126
f 769/1354/123 645/1665/123 770/1355/123
f 771/1357/103 760/1342/103 762/1344/103
f 633/1185/105 747/1325/105 772/1358/105
f 773/1359/109 733/1715/109 735/1360/109
f 659/1361/126 654/1688/126 762/1362/126
f 649/1364/123 788/1716/123 755/1365/123
f 671/1367/126 735/1717/126 734/1368/126
f 659/1218/119 761/1343/119 775/1370/119
f 630/1371/124 629/1326/124 749/1328/124
f 602/1152/93 734/1308/93 776/1372/93
f 777/1373/123 670/1654/123 778/1374/123
f 636/1376/126 632/1706/126 749/1377/126
f 655/1225/123 644/1661/123 643/1379/123
f 779/1381/105 763/1345/105 765/1347/105
f 636/1191/107 748/1327/107 780/1382/107
f 781/1383/111 736/1310/111 738/1312/111
f 658/1384/126 765/1718/126 764/1385/126
f 601/1387/126 738/1719/126 737/1388/126
f 663/1224/121 764/1346/121 782/1390/121
f 609/1391/93 611/1329/93 751/1331/93
f 605/1392/123 604/1720/123 759/1393/123
f 608/1158/95 737/1311/95 783/1395/95
f 600/1396/123 776/1721/123 733/1397/123
f 635/1399/126 751/1722/126 750/1400/126
f 777/1402/107 766/1348/107 768/1350/107
f 641/1196/109 750/1330/109 610/1403/109
f 657/1404/123 775/1723/123 760/1405/123
f 784/1407/113 739/1313/113 741/1315/113
f 606/1408/123 783/1724/123 736/1409/123
f 662/1411/126 768/1725/126 767/1412/126
f 607/1414/126 741/1726/126 740/1415/126
f 672/1236/124 767/1349/124 778/1417/124
f 769/1418/95 752/1332/95 754/1334/95
f 614/1164/97 740/1314/97 785/1419/97
f 612/1420/123 785/1727/123 739/1421/123
f 640/1423/126 754/1728/126 753/1424/126
f 661/1426/123 782/1729/123 763/1427/123
f 647/1202/111 753/1333/111 770/1429/111
f 666/1430/115 742/1316/115 744/1318/115
f 617/1431/123 786/1730/123 742/1432/123
f 613/1433/126 744/1731/126 743/1434/126
f 774/1435/97 755/1335/97 757/1337/97
f 619/1170/99 743/1317/99 786/1436/99
f 646/1437/126 757/1732/126 756/1438/126
f 623/1440/123 653/1733/123 745/1441/123
f 651/1208/113 756/1336/113 788/1443/113
f 787/1444/117 745/1319/117 746/1321/117
f 789/1445/117 792/1448/117 790/1446/117
f 792/1448/118 794/1450/118 793/1449/118
f 794/1450/119 796/1452/119 795/1451/119
f 796/1452/120 798/1454/120 797/1453/120
f 798/1454/121 800/1456/121 799/1455/121
f 800/1456/122 802/1458/122 801/1457/122
f 802/1458/124 804/1460/124 803/1459/124
f 804/1460/125 806/1462/125 805/1461/125
f 806/1462/93 808/1464/93 807/1463/93
f 808/1464/94 810/1466/94 809/1465/94
f 810/1466/95 812/1468/95 811/1467/95
f 812/1468/96 814/1470/96 813/1469/96
f 814/1470/97 816/1472/97 815/1471/97
f 816/1472/98 818/1474/98 817/1473/98
f 818/1474/99 820/1476/99 819/1475/99
f 820/1476/100 822/1478/100 821/1477/100
f 822/1478/101 824/1480/101 823/1479/101
f 824/1480/102 826/1482/102 825/1481/102
f 826/1482/103 828/1484/103 827/1483/103
f 828/1484/104 830/1486/104 829/1485/104
f 830/1486/105 832/1488/105 831/1487/105
f 832/1488/106 834/1490/106 833/1489/106
f 834/1490/107 836/1492/107 835/1491/107
f 836/1492/108 838/1494/108 837/1493/108
f 838/1494/109 840/1496/109 839/1495/109
f 840/1496/110 842/1498/110 841/1497/110
f 842/1498/111 844/1500/111 843/1499/111
f 844/1500/112 846/1502/112 845/1501/112
f 846/1502/113 848/1504/113 847/1503/113
f 848/1504/114 854/1512/114 849/1505/114
f 861/1734/123 864/1735/123 794/1736/123
f 794/1736/123 792/1737/123 861/1734/123
f 792/1737/123 789/1738/123 916/1739/123
f 789/1738/123 856/1740/123 914/1741/123
f 856/1740/123 854/1742/123 914/1741/123
f 854/1742/123 848/1743/123 912/1744/123
f 848/1743/123 846/1745/123 910/1746/123
f 912/1744/123 848/1743/123 910/1746/123
f 846/1745/123 844/1747/123 908/1748/123
f 844/1747/123 842/1749/123 906/1750/123
f 908/1748/123 844/1747/123 906/1750/123
f 842/1749/123 840/1751/123 902/1752/123
f 840/1751/123 838/1753/123 902/1752/123
f 838/1753/123 836/1754/123 900/1755/123
f 836/1754/123 834/1506/123 851/1508/123
f 900/1755/123 836/1754/123 851/1508/123
f 834/1506/123 832/1756/123 898/1757/123
f 832/1756/123 830/1758/123 897/1759/123
f 830/1758/123 828/1760/123 895/1761/123
f 828/1760/123 826/1762/123 893/1763/123
f 826/1762/123 824/1764/123 891/1765/123
f 824/1764/123 822/1766/123 889/1767/123
f 822/1766/123 820/1768/123 887/1769/123
f 820/1768/123 818/1770/123 887/1769/123
f 818/1770/123 816/1771/123 883/1772/123
f 816/1771/123 814/1773/123 881/1774/123
f 814/1773/123 812/1775/123 881/1774/123
f 812/1775/123 810/1776/123 879/1777/123
f 881/1774/123 812/1775/123 879/1777/123
f 810/1776/123 877/1778/123 879/1777/123
f 816/1771/123 881/1774/123 883/1772/123
f 824/1764/123 889/1767/123 891/1765/123
f 832/1756/123 897/1759/123 898/1757/123
f 828/1760/123 893/1763/123 895/1761/123
f 902/1752/123 838/1753/123 900/1755/123
f 792/1737/123 916/1739/123 861/1734/123
f 914/1741/123 916/1739/123 789/1738/123
f 912/1744/123 914/1741/123 854/1742/123
f 818/1770/123 883/1772/123 885/1779/123
f 818/1770/123 885/1779/123 887/1769/123
f 910/1746/123 846/1745/123 908/1748/123
f 822/1766/123 887/1769/123 889/1767/123
f 826/1762/123 891/1765/123 893/1763/123
f 904/1780/123 906/1750/123 842/1749/123
f 902/1752/123 904/1780/123 842/1749/123
f 830/1758/123 895/1761/123 897/1759/123
f 834/1506/123 898/1757/123 850/1507/123
f 875/1781/123 877/1778/123 810/1776/123
f 810/1776/123 808/1782/123 875/1781/123
f 808/1782/123 806/1783/123 873/1784/123
f 806/1783/123 804/1785/123 853/1511/123
f 804/1785/123 802/1509/123 853/1511/123
f 802/1509/123 800/1786/123 871/1787/123
f 800/1786/123 798/1788/123 868/1789/123
f 798/1788/123 796/1790/123 868/1789/123
f 796/1790/123 794/1736/123 866/1791/123
f 868/1789/123 796/1790/123 866/1791/123
f 794/1736/123 864/1735/123 866/1791/123
f 800/1786/123 868/1789/123 871/1787/123
f 808/1782/123 873/1784/123 875/1781/123
f 853/1511/123 873/1784/123 806/1783/123
f 802/1509/123 871/1787/123 852/1510/123
f 854/1512/115 856/1514/115 855/1513/115
f 856/1514/116 789/1792/116 791/1515/116
f 896/1793/126 894/1794/126 827/1795/126
f 827/1795/126 829/1796/126 896/1793/126
f 829/1796/126 831/1797/126 899/1798/126
f 831/1797/126 833/1799/126 858/1518/126
f 833/1799/126 835/1516/126 858/1518/126
f 835/1516/126 837/1800/126 901/1801/126
f 837/1800/126 839/1802/126 903/1803/126
f 839/1802/126 841/1804/126 903/1803/126
f 841/1804/126 843/1805/126 905/1806/126
f 903/1803/126 841/1804/126 905/1806/126
f 843/1805/126 907/1807/126 905/1806/126
f 837/1800/126 903/1803/126 901/1801/126
f 829/1796/126 899/1798/126 896/1793/126
f 858/1518/126 899/1798/126 831/1797/126
f 835/1516/126 901/1801/126 857/1517/126
f 909/1808/126 907/1807/126 843/1805/126
f 843/1805/126 845/1809/126 909/1808/126
f 845/1809/126 847/1810/126 911/1811/126
f 847/1810/126 849/1812/126 913/1813/126
f 849/1812/126 855/1814/126 913/1813/126
f 855/1814/126 791/1815/126 915/1816/126
f 791/1815/126 790/1817/126 862/1818/126
f 915/1816/126 791/1815/126 862/1818/126
f 790/1817/126 793/1819/126 863/1820/126
f 793/1819/126 795/1821/126 865/1822/126
f 863/1820/126 793/1819/126 865/1822/126
f 795/1821/126 797/1823/126 869/1824/126
f 797/1823/126 799/1825/126 869/1824/126
f 799/1825/126 801/1826/126 870/1827/126
f 801/1826/126 803/1519/126 860/1521/126
f 870/1827/126 801/1826/126 860/1521/126
f 803/1519/126 805/1828/126 872/1829/126
f 805/1828/126 807/1830/126 874/1831/126
f 807/1830/126 809/1832/126 876/1833/126
f 809/1832/126 811/1834/126 878/1835/126
f 811/1834/126 813/1836/126 880/1837/126
f 813/1836/126 815/1838/126 882/1839/126
f 815/1838/126 817/1840/126 884/1841/126
f 817/1840/126 819/1842/126 884/1841/126
f 819/1842/126 821/1843/126 888/1844/126
f 821/1843/126 823/1845/126 890/1846/126
f 823/1845/126 825/1847/126 890/1846/126
f 825/1847/126 827/1795/126 892/1848/126
f 890/1846/126 825/1847/126 892/1848/126
f 827/1795/126 894/1794/126 892/1848/126
f 821/1843/126 890/1846/126 888/1844/126
f 813/1836/126 882/1839/126 880/1837/126
f 805/1828/126 874/1831/126 872/1829/126
f 809/1832/126 878/1835/126 876/1833/126
f 869/1824/126 799/1825/126 870/1827/126
f 845/1809/126 911/1811/126 909/1808/126
f 913/1813/126 911/1811/126 847/1810/126
f 915/1816/126 913/1813/126 855/1814/126
f 819/1842/126 888/1844/126 886/1849/126
f 819/1842/126 886/1849/126 884/1841/126
f 862/1818/126 790/1817/126 863/1820/126
f 815/1838/126 884/1841/126 882/1839/126
f 811/1834/126 880/1837/126 878/1835/126
f 867/1850/126 865/1822/126 795/1821/126
f 869/1824/126 867/1850/126 795/1821/126
f 807/1830/126 876/1833/126 874/1831/126
f 803/1519/126 872/1829/126 859/1520/126
f 861/1522/101 916/1851/101 862/1523/101
f 864/1525/102 861/1522/102 863/1524/102
f 866/1527/103 864/1525/103 865/1526/103
f 868/1529/104 866/1527/104 867/1528/104
f 868/1529/105 869/1530/105 870/1531/105
f 871/1532/106 870/1531/106 860/1533/106
f 852/1534/107 860/1533/107 859/1535/107
f 853/1536/108 859/1535/108 872/1537/108
f 873/1538/109 872/1537/109 874/1539/109
f 875/1540/110 874/1539/110 876/1541/110
f 877/1542/111 876/1541/111 878/1543/111
f 879/1544/112 878/1543/112 880/1545/112
f 881/1546/113 880/1545/113 882/1547/113
f 883/1548/114 882/1547/114 884/1549/114
f 885/1550/115 884/1549/115 886/1551/115
f 887/1552/116 886/1551/116 888/1553/116
f 889/1554/117 888/1553/117 890/1555/117
f 891/1556/118 890/1555/118 892/1557/118
f 893/1558/119 892/1557/119 894/1559/119
f 895/1560/120 894/1559/120 896/1561/120
f 898/1563/121 897/1562/121 896/1561/121
f 850/1565/122 898/1563/122 899/1564/122
f 851/1567/124 850/1565/124 858/1566/124
f 900/1569/125 851/1567/125 857/1568/125
f 902/1571/93 900/1569/93 901/1570/93
f 904/1573/94 902/1571/94 903/1572/94
f 906/1575/95 904/1573/95 905/1574/95
f 908/1577/96 906/1575/96 907/1576/96
f 910/1579/97 908/1577/97 909/1578/97
f 912/1581/98 910/1579/98 911/1580/98
f 914/1583/99 912/1581/99 913/1582/99
f 916/1585/100 914/1583/100 915/1584/100
f 917/1587/126 924/1852/126 918/1588/126
f 918/1588/131 924/1852/131 920/1590/131
f 920/1590/123 923/1593/123 922/1592/123
f 923/1593/132 917/1853/132 919/1594/132
f 921/1591/133 922/1592/133 919/1595/133
f 924/1597/134 917/1854/134 923/1593/134
f 925/1598/126 928/1601/126 926/1599/126
f 928/1601/135 930/1603/135 929/1602/135
f 930/1603/123 932/1605/123 931/1604/123
f 932/1605/136 925/1855/136 927/1606/136
f 929/1602/137 931/1604/137 927/1607/137
f 928/1609/138 925/1856/138 932/1605/138
f 933/1610/126 936/1613/126 934/1611/126
f 936/1613/137 938/1615/137 937/1614/137
f 938/1615/123 940/1617/123 939/1616/123
f 940/1617/138 933/1857/138 935/1618/138
f 937/1614/136 939/1616/136 935/1619/136
f 936/1621/135 933/1858/135 940/1617/135
f 941/1622/126 955/1859/126 942/1623/126
f 942/1623/139 947/1632/139 944/1625/139
f 944/1625/123 947/1632/123 945/1626/123
f 945/1626/140 955/1860/140 941/1628/140
f 944/1625/141 946/1627/141 941/1629/141
f 942/1631/142 955/1861/142 945/1626/142
f 948/1633/126 956/1862/126 949/1634/126
f 949/1634/143 954/1643/143 951/1636/143
f 951/1636/123 954/1643/123 952/1637/123
f 952/1637/144 956/1863/144 948/1639/144
f 951/1636/145 953/1638/145 948/1640/145
f 949/1642/146 956/1864/146 952/1637/146
