# Blender v3.1.2 OBJ File: ''
# www.blender.org
mtllib ICE.mtl
o 円柱
v -0.000000 1.773462 -0.810302
v 0.000000 1.438660 -1.000000
v -0.000000 1.757075 -0.868922
v -0.000000 1.709520 -0.921804
v -0.000000 1.635451 -0.963771
v -0.000000 1.542119 -0.990716
v 0.158082 1.773462 -0.794732
v 0.195090 1.438660 -0.980785
v 0.169518 1.757075 -0.852226
v 0.179835 1.709520 -0.904092
v 0.188022 1.635451 -0.945252
v 0.193279 1.542119 -0.971679
v 0.310089 1.773462 -0.748622
v 0.382683 1.438660 -0.923879
v 0.332522 1.757075 -0.802779
v 0.352759 1.709520 -0.851636
v 0.368819 1.635451 -0.890408
v 0.379130 1.542119 -0.915302
v 0.450180 1.773462 -0.673742
v 0.555570 1.438660 -0.831470
v 0.482747 1.757075 -0.722482
v 0.512127 1.709520 -0.766452
v 0.535442 1.635451 -0.801346
v 0.550412 1.542119 -0.823750
v 0.572970 1.773462 -0.572970
v 0.707107 1.438660 -0.707107
v 0.614421 1.757075 -0.614421
v 0.651814 1.709520 -0.651814
v 0.681489 1.635451 -0.681489
v 0.700542 1.542119 -0.700542
v 0.673741 1.773462 -0.450180
v 0.831470 1.438660 -0.555570
v 0.722482 1.757075 -0.482747
v 0.766452 1.709520 -0.512127
v 0.801346 1.635451 -0.535442
v 0.823750 1.542119 -0.550412
v 0.748622 1.773462 -0.310089
v 0.923879 1.438660 -0.382683
v 0.802779 1.757075 -0.332522
v 0.851636 1.709520 -0.352759
v 0.890408 1.635451 -0.368819
v 0.915302 1.542119 -0.379130
v 0.794732 1.773462 -0.158082
v 0.980785 1.438660 -0.195090
v 0.852226 1.757075 -0.169518
v 0.904092 1.709520 -0.179835
v 0.945252 1.635451 -0.188022
v 0.971679 1.542119 -0.193279
v 0.810302 1.773462 0.000000
v 1.000000 1.438660 0.000000
v 0.868922 1.757075 0.000000
v 0.921804 1.709520 0.000000
v 0.963771 1.635451 0.000000
v 0.990716 1.542119 0.000000
v 0.794732 1.773462 0.158082
v 0.980785 1.438660 0.195090
v 0.852226 1.757075 0.169518
v 0.904091 1.709520 0.179835
v 0.945252 1.635451 0.188022
v 0.971679 1.542119 0.193279
v 0.748621 1.773462 0.310089
v 0.923880 1.438660 0.382683
v 0.802779 1.757075 0.332522
v 0.851636 1.709520 0.352759
v 0.890408 1.635451 0.368819
v 0.915302 1.542119 0.379130
v 0.673742 1.773462 0.450180
v 0.831470 1.438660 0.555570
v 0.722482 1.757075 0.482747
v 0.766452 1.709520 0.512127
v 0.801346 1.635451 0.535442
v 0.823750 1.542119 0.550412
v 0.572970 1.773462 0.572970
v 0.707107 1.438660 0.707107
v 0.614421 1.757075 0.614421
v 0.651814 1.709520 0.651814
v 0.681489 1.635451 0.681489
v 0.700542 1.542119 0.700542
v 0.450179 1.773462 0.673742
v 0.555570 1.438660 0.831470
v 0.482747 1.757075 0.722482
v 0.512127 1.709520 0.766452
v 0.535442 1.635451 0.801346
v 0.550412 1.542119 0.823750
v 0.310089 1.773462 0.748622
v 0.382683 1.438660 0.923879
v 0.332522 1.757075 0.802779
v 0.352759 1.709520 0.851636
v 0.368819 1.635451 0.890408
v 0.379130 1.542119 0.915302
v 0.158082 1.773462 0.794732
v 0.195090 1.438660 0.980785
v 0.169518 1.757075 0.852226
v 0.179835 1.709520 0.904091
v 0.188022 1.635451 0.945252
v 0.193279 1.542119 0.971679
v -0.000000 1.773462 0.810302
v -0.000000 1.438660 1.000000
v -0.000000 1.757075 0.868922
v -0.000000 1.709520 0.921804
v -0.000000 1.635451 0.963771
v -0.000000 1.542119 0.990716
v -0.158082 1.773462 0.794732
v -0.195090 1.438660 0.980785
v -0.169518 1.757075 0.852226
v -0.179835 1.709520 0.904091
v -0.188022 1.635451 0.945252
v -0.193279 1.542119 0.971679
v -0.310089 1.773462 0.748622
v -0.382683 1.438660 0.923879
v -0.332522 1.757075 0.802779
v -0.352759 1.709520 0.851636
v -0.368819 1.635451 0.890408
v -0.379130 1.542119 0.915302
v -0.450180 1.773462 0.673742
v -0.555570 1.438660 0.831469
v -0.482747 1.757075 0.722482
v -0.512127 1.709520 0.766452
v -0.535442 1.635451 0.801346
v -0.550412 1.542119 0.823750
v -0.572970 1.773462 0.572970
v -0.707107 1.438660 0.707107
v -0.614421 1.757075 0.614421
v -0.651814 1.709520 0.651814
v -0.681489 1.635451 0.681489
v -0.700542 1.542119 0.700542
v -0.673741 1.773462 0.450180
v -0.831469 1.438660 0.555570
v -0.722482 1.757075 0.482747
v -0.766452 1.709520 0.512127
v -0.801346 1.635451 0.535443
v -0.823750 1.542119 0.550412
v -0.748621 1.773462 0.310089
v -0.923879 1.438660 0.382684
v -0.802779 1.757075 0.332522
v -0.851636 1.709520 0.352759
v -0.890408 1.635451 0.368819
v -0.915302 1.542119 0.379131
v -0.794732 1.773462 0.158082
v -0.980785 1.438660 0.195090
v -0.852226 1.757075 0.169518
v -0.904091 1.709520 0.179835
v -0.945252 1.635451 0.188022
v -0.971679 1.542119 0.193279
v -0.810302 1.773462 -0.000000
v -1.000000 1.438660 -0.000000
v -0.868922 1.757075 -0.000000
v -0.921804 1.709520 -0.000000
v -0.963771 1.635451 -0.000000
v -0.990716 1.542119 -0.000000
v -0.794732 1.773462 -0.158082
v -0.980785 1.438660 -0.195090
v -0.852226 1.757075 -0.169518
v -0.904092 1.709520 -0.179835
v -0.945252 1.635451 -0.188022
v -0.971679 1.542119 -0.193279
v -0.748621 1.773462 -0.310089
v -0.923879 1.438660 -0.382684
v -0.802779 1.757075 -0.332522
v -0.851636 1.709520 -0.352759
v -0.890408 1.635451 -0.368819
v -0.915302 1.542119 -0.379131
v -0.673742 1.773462 -0.450180
v -0.831470 1.438660 -0.555570
v -0.722482 1.757075 -0.482747
v -0.766452 1.709520 -0.512127
v -0.801346 1.635451 -0.535442
v -0.823750 1.542119 -0.550412
v -0.572970 1.773462 -0.572970
v -0.707107 1.438660 -0.707107
v -0.614421 1.757075 -0.614420
v -0.651814 1.709520 -0.651814
v -0.681489 1.635451 -0.681489
v -0.700542 1.542119 -0.700542
v -0.450180 1.773462 -0.673742
v -0.555570 1.438660 -0.831470
v -0.482747 1.757075 -0.722482
v -0.512127 1.709520 -0.766452
v -0.535442 1.635451 -0.801346
v -0.550412 1.542119 -0.823750
v -0.310089 1.773462 -0.748621
v -0.382683 1.438660 -0.923880
v -0.332522 1.757075 -0.802779
v -0.352759 1.709520 -0.851636
v -0.368819 1.635451 -0.890408
v -0.379130 1.542119 -0.915302
v -0.158082 1.773462 -0.794732
v -0.195090 1.438660 -0.980785
v -0.169518 1.757075 -0.852226
v -0.179835 1.709520 -0.904092
v -0.188022 1.635451 -0.945252
v -0.193279 1.542119 -0.971679
v -0.000000 -1.773462 -0.841243
v 0.000000 -1.493268 -1.000000
v -0.000000 -1.759748 -0.890301
v -0.000000 -1.719949 -0.934558
v -0.000000 -1.657961 -0.969680
v -0.000000 -1.579852 -0.992230
v 0.195090 -1.493268 -0.980785
v 0.164118 -1.773462 -0.825078
v 0.193574 -1.579852 -0.973164
v 0.189175 -1.657961 -0.951048
v 0.182323 -1.719949 -0.916601
v 0.173689 -1.759748 -0.873195
v 0.382683 -1.493268 -0.923879
v 0.321930 -1.773462 -0.777207
v 0.379710 -1.579852 -0.916701
v 0.371080 -1.657961 -0.895867
v 0.357640 -1.719949 -0.863419
v 0.340704 -1.759748 -0.822531
v 0.555570 -1.493268 -0.831470
v 0.467370 -1.773462 -0.699468
v 0.551253 -1.579852 -0.825009
v 0.538725 -1.657961 -0.806260
v 0.519213 -1.719949 -0.777057
v 0.494625 -1.759748 -0.740259
v 0.707107 -1.493268 -0.707107
v 0.594848 -1.773462 -0.594848
v 0.701612 -1.579852 -0.701612
v 0.685667 -1.657961 -0.685667
v 0.660832 -1.719949 -0.660832
v 0.629538 -1.759748 -0.629538
v 0.831470 -1.493268 -0.555570
v 0.699468 -1.773462 -0.467370
v 0.825009 -1.579852 -0.551253
v 0.806260 -1.657961 -0.538725
v 0.777057 -1.719949 -0.519213
v 0.740259 -1.759748 -0.494625
v 0.923879 -1.493268 -0.382683
v 0.777207 -1.773462 -0.321930
v 0.916701 -1.579852 -0.379710
v 0.895867 -1.657961 -0.371080
v 0.863419 -1.719949 -0.357640
v 0.822531 -1.759748 -0.340704
v 0.980785 -1.493268 -0.195090
v 0.825078 -1.773462 -0.164118
v 0.973164 -1.579852 -0.193574
v 0.951048 -1.657961 -0.189175
v 0.916601 -1.719949 -0.182323
v 0.873195 -1.759748 -0.173689
v 1.000000 -1.493268 0.000000
v 0.841243 -1.773462 0.000000
v 0.992230 -1.579852 0.000000
v 0.969680 -1.657961 0.000000
v 0.934558 -1.719949 0.000000
v 0.890301 -1.759748 0.000000
v 0.980785 -1.493268 0.195090
v 0.825078 -1.773462 0.164118
v 0.973164 -1.579852 0.193574
v 0.951048 -1.657961 0.189175
v 0.916601 -1.719949 0.182323
v 0.873195 -1.759748 0.173689
v 0.923880 -1.493268 0.382683
v 0.777207 -1.773462 0.321930
v 0.916701 -1.579852 0.379710
v 0.895867 -1.657961 0.371080
v 0.863419 -1.719949 0.357640
v 0.822531 -1.759748 0.340704
v 0.831470 -1.493268 0.555570
v 0.699468 -1.773462 0.467370
v 0.825009 -1.579852 0.551253
v 0.806259 -1.657961 0.538725
v 0.777056 -1.719949 0.519213
v 0.740259 -1.759748 0.494625
v 0.707107 -1.493268 0.707107
v 0.594848 -1.773462 0.594848
v 0.701612 -1.579852 0.701612
v 0.685667 -1.657961 0.685667
v 0.660832 -1.719949 0.660832
v 0.629538 -1.759748 0.629538
v 0.555570 -1.493268 0.831470
v 0.467369 -1.773462 0.699468
v 0.551253 -1.579852 0.825009
v 0.538725 -1.657961 0.806260
v 0.519212 -1.719949 0.777057
v 0.494625 -1.759748 0.740259
v 0.382683 -1.493268 0.923879
v 0.321930 -1.773462 0.777207
v 0.379710 -1.579852 0.916701
v 0.371081 -1.657961 0.895867
v 0.357640 -1.719949 0.863419
v 0.340704 -1.759748 0.822531
v 0.195090 -1.493268 0.980785
v 0.164118 -1.773462 0.825079
v 0.193574 -1.579852 0.973164
v 0.189175 -1.657961 0.951048
v 0.182323 -1.719949 0.916601
v 0.173689 -1.759748 0.873195
v -0.000000 -1.493268 1.000000
v -0.000000 -1.773462 0.841243
v -0.000000 -1.579852 0.992230
v -0.000000 -1.657961 0.969680
v -0.000000 -1.719949 0.934558
v -0.000000 -1.759748 0.890301
v -0.195090 -1.493268 0.980785
v -0.164118 -1.773462 0.825079
v -0.193574 -1.579852 0.973164
v -0.189175 -1.657961 0.951048
v -0.182323 -1.719949 0.916601
v -0.173689 -1.759748 0.873195
v -0.382683 -1.493268 0.923879
v -0.321930 -1.773462 0.777207
v -0.379710 -1.579852 0.916701
v -0.371080 -1.657961 0.895867
v -0.357640 -1.719949 0.863419
v -0.340703 -1.759748 0.822531
v -0.555570 -1.493268 0.831469
v -0.467369 -1.773462 0.699468
v -0.551253 -1.579852 0.825009
v -0.538725 -1.657961 0.806259
v -0.519213 -1.719949 0.777056
v -0.494625 -1.759748 0.740259
v -0.707107 -1.493268 0.707107
v -0.594848 -1.773462 0.594848
v -0.701612 -1.579852 0.701612
v -0.685667 -1.657961 0.685667
v -0.660832 -1.719949 0.660832
v -0.629538 -1.759748 0.629538
v -0.831469 -1.493268 0.555570
v -0.699468 -1.773462 0.467370
v -0.825009 -1.579852 0.551254
v -0.806259 -1.657961 0.538726
v -0.777056 -1.719949 0.519213
v -0.740258 -1.759748 0.494625
v -0.923879 -1.493268 0.382684
v -0.777207 -1.773462 0.321930
v -0.916701 -1.579852 0.379710
v -0.895868 -1.657961 0.371081
v -0.863419 -1.719949 0.357640
v -0.822531 -1.759748 0.340704
v -0.980785 -1.493268 0.195090
v -0.825078 -1.773462 0.164118
v -0.973164 -1.579852 0.193574
v -0.951048 -1.657961 0.189175
v -0.916601 -1.719949 0.182323
v -0.873195 -1.759748 0.173689
v -1.000000 -1.493268 -0.000000
v -0.841243 -1.773462 -0.000000
v -0.992230 -1.579852 -0.000000
v -0.969680 -1.657961 -0.000000
v -0.934558 -1.719949 -0.000000
v -0.890301 -1.759748 -0.000000
v -0.980785 -1.493268 -0.195090
v -0.825078 -1.773462 -0.164118
v -0.973164 -1.579852 -0.193575
v -0.951048 -1.657961 -0.189175
v -0.916601 -1.719949 -0.182323
v -0.873195 -1.759748 -0.173689
v -0.923879 -1.493268 -0.382684
v -0.777207 -1.773462 -0.321930
v -0.916701 -1.579852 -0.379710
v -0.895867 -1.657961 -0.371081
v -0.863419 -1.719949 -0.357640
v -0.822531 -1.759748 -0.340704
v -0.831470 -1.493268 -0.555570
v -0.699468 -1.773462 -0.467369
v -0.825009 -1.579852 -0.551253
v -0.806260 -1.657961 -0.538725
v -0.777057 -1.719949 -0.519212
v -0.740259 -1.759748 -0.494625
v -0.707107 -1.493268 -0.707107
v -0.594849 -1.773462 -0.594848
v -0.701613 -1.579852 -0.701612
v -0.685667 -1.657961 -0.685667
v -0.660832 -1.719949 -0.660832
v -0.629538 -1.759748 -0.629538
v -0.555570 -1.493268 -0.831470
v -0.467370 -1.773462 -0.699468
v -0.551253 -1.579852 -0.825009
v -0.538725 -1.657961 -0.806259
v -0.519213 -1.719949 -0.777057
v -0.494625 -1.759748 -0.740259
v -0.382683 -1.493268 -0.923880
v -0.321930 -1.773462 -0.777207
v -0.379710 -1.579852 -0.916701
v -0.371080 -1.657961 -0.895867
v -0.357640 -1.719949 -0.863419
v -0.340704 -1.759748 -0.822531
v -0.195090 -1.493268 -0.980785
v -0.164118 -1.773462 -0.825079
v -0.193574 -1.579852 -0.973164
v -0.189175 -1.657961 -0.951048
v -0.182323 -1.719949 -0.916601
v -0.173689 -1.759748 -0.873195
v 0.000000 -0.824347 -1.000000
v 0.000000 0.809266 -1.000000
v 0.195090 -0.824347 -0.980785
v 0.195090 0.809266 -0.980785
v 0.555570 -0.824347 -0.831470
v 0.555570 0.809266 -0.831470
v 0.707107 -0.824347 -0.707107
v 0.707107 0.809266 -0.707107
v 0.831470 -0.824347 -0.555570
v 0.831470 0.809266 -0.555570
v 0.923879 -0.824347 -0.382683
v 0.923879 0.809266 -0.382683
v 0.980785 -0.824347 -0.195090
v 0.980785 0.809266 -0.195090
v 1.000000 -0.824347 0.000000
v 1.000000 0.809266 0.000000
v 0.980785 -0.824347 0.195090
v 0.980785 0.809266 0.195090
v 0.923880 -0.824347 0.382683
v 0.923880 0.809266 0.382683
v 0.831470 -0.824347 0.555570
v 0.831470 0.809266 0.555570
v 0.707107 -0.824347 0.707107
v 0.707107 0.809266 0.707107
v 0.555570 -0.824347 0.831470
v 0.555570 0.809266 0.831470
v 0.382683 -0.824347 0.923879
v 0.382683 0.809266 0.923879
v 0.195090 -0.824347 0.980785
v 0.195090 0.809266 0.980785
v -0.000000 -0.824347 1.000000
v -0.000000 0.809266 1.000000
v -0.195090 -0.824347 0.980785
v -0.195090 0.809266 0.980785
v -0.382683 -0.824347 0.923879
v -0.382683 0.809266 0.923879
v -0.555570 -0.824347 0.831469
v -0.555570 0.809266 0.831469
v -0.707107 -0.824347 0.707107
v -0.707107 0.809266 0.707107
v -0.831469 -0.824347 0.555570
v -0.831469 0.809266 0.555570
v -0.923879 -0.824347 0.382684
v -0.923879 0.809266 0.382684
v -0.980785 -0.824347 0.195090
v -0.980785 0.809266 0.195090
v -1.000000 -0.824347 -0.000000
v -1.000000 0.809266 -0.000000
v -0.980785 -0.824347 -0.195090
v -0.980785 0.809266 -0.195090
v -0.923879 -0.824347 -0.382684
v -0.923879 0.809266 -0.382684
v -0.831470 -0.824347 -0.555570
v -0.831470 0.809266 -0.555570
v -0.707107 -0.824347 -0.707107
v -0.707107 0.809266 -0.707107
v -0.555570 -0.824347 -0.831470
v -0.555570 0.809266 -0.831470
v -0.382683 -0.824347 -0.923880
v -0.382683 0.809266 -0.923880
v -0.195090 -0.824347 -0.980785
v -0.195090 0.809266 -0.980785
v 0.382683 -0.824347 -0.923879
v 0.382683 0.809266 -0.923879
vt 1.000000 0.952804
vt 0.968750 0.864080
vt 1.000000 0.864080
vt 1.000000 0.539498
vt 0.968750 0.633794
vt 0.968750 0.539498
vt 0.906250 0.952804
vt 0.875000 0.864080
vt 0.906250 0.864080
vt 0.906250 0.539498
vt 0.875000 0.633794
vt 0.875000 0.539498
vt 0.875000 0.952804
vt 0.843750 0.864080
vt 0.843750 0.539498
vt 0.843750 0.633794
vt 0.843750 0.952804
vt 0.812500 0.864080
vt 0.812500 0.539498
vt 0.812500 0.633794
vt 0.812500 0.952804
vt 0.781250 0.864080
vt 0.781250 0.539498
vt 0.781250 0.633794
vt 0.781250 0.952804
vt 0.750000 0.864080
vt 0.750000 0.539498
vt 0.750000 0.633794
vt 0.750000 0.952804
vt 0.718750 0.864080
vt 0.718750 0.539498
vt 0.718750 0.633794
vt 0.718750 0.952804
vt 0.687500 0.864080
vt 0.687500 0.539498
vt 0.687500 0.633794
vt 0.687500 0.952804
vt 0.656250 0.864080
vt 0.656250 0.539498
vt 0.656250 0.633794
vt 0.656250 0.952804
vt 0.625000 0.864080
vt 0.625000 0.539498
vt 0.625000 0.633794
vt 0.625000 0.952804
vt 0.593750 0.864080
vt 0.593750 0.539498
vt 0.593750 0.633794
vt 0.593750 0.952804
vt 0.562500 0.864080
vt 0.562500 0.539498
vt 0.562500 0.633794
vt 0.562500 0.952804
vt 0.531250 0.864080
vt 0.531250 0.539498
vt 0.531250 0.633794
vt 0.531250 0.952804
vt 0.500000 0.864080
vt 0.500000 0.539498
vt 0.500000 0.633794
vt 0.500000 0.952804
vt 0.468750 0.864080
vt 0.468750 0.539498
vt 0.468750 0.633794
vt 0.468750 0.952804
vt 0.437500 0.864080
vt 0.437500 0.539498
vt 0.437500 0.633794
vt 0.437500 0.952804
vt 0.406250 0.864080
vt 0.406250 0.539498
vt 0.406250 0.633794
vt 0.406250 0.952804
vt 0.375000 0.864080
vt 0.375000 0.539498
vt 0.375000 0.633794
vt 0.375000 0.952804
vt 0.343750 0.864080
vt 0.343750 0.633794
vt 0.343750 0.539498
vt 0.312500 0.952804
vt 0.343750 0.952804
vt 0.312500 0.633794
vt 0.312500 0.539498
vt 0.281250 0.952804
vt 0.312500 0.864080
vt 0.281250 0.633794
vt 0.281250 0.539498
vt 0.250000 0.864080
vt 0.281250 0.864080
vt 0.250000 0.633794
vt 0.250000 0.539498
vt 0.250000 0.952804
vt 0.218750 0.864080
vt 0.218750 0.633794
vt 0.218750 0.539498
vt 0.187500 0.952804
vt 0.218750 0.952804
vt 0.187500 0.633794
vt 0.187500 0.539498
vt 0.156250 0.952804
vt 0.187500 0.864080
vt 0.156250 0.633794
vt 0.156250 0.539498
vt 0.125000 0.864080
vt 0.156250 0.864080
vt 0.125000 0.633794
vt 0.125000 0.539498
vt 0.125000 0.952804
vt 0.093750 0.864080
vt 0.093750 0.633794
vt 0.093750 0.539498
vt 0.062500 0.952804
vt 0.093750 0.952804
vt 0.062500 0.633794
vt 0.062500 0.539498
vt 0.031250 0.952804
vt 0.062500 0.864080
vt 0.031250 0.633794
vt 0.031250 0.539498
vt 0.937500 0.952804
vt 0.968750 0.952804
vt 0.937500 0.633794
vt 0.937500 0.539498
vt 0.937500 0.864080
vt 0.906250 0.633794
vt 0.000000 0.952804
vt 0.031250 0.864080
vt 0.000000 0.633794
vt 0.000000 0.539498
vt 0.999855 0.967388
vt 0.968895 0.967388
vt 0.969316 0.980545
vt 0.999434 0.980545
vt 0.969972 1.000000
vt 0.293160 0.466982
vt 0.250000 0.458541
vt 0.290684 0.454534
vt 0.250000 0.444472
vt 0.287940 0.440736
vt 0.937645 0.967388
vt 0.968605 0.967388
vt 0.938066 0.980545
vt 0.967528 1.000000
vt 0.938722 1.000000
vt 0.334662 0.454392
vt 0.329805 0.442667
vt 0.324421 0.429669
vt 0.906395 0.967388
vt 0.937355 0.967388
vt 0.906816 0.980545
vt 0.936934 0.980545
vt 0.907472 1.000000
vt 0.372910 0.433948
vt 0.365859 0.423396
vt 0.358043 0.411698
vt 0.875145 0.967388
vt 0.906105 0.967388
vt 0.875566 0.980545
vt 0.905684 0.980545
vt 0.876222 1.000000
vt 0.397461 0.397461
vt 0.406435 0.406435
vt 0.387513 0.387513
vt 0.843895 0.967388
vt 0.874855 0.967388
vt 0.844316 0.980545
vt 0.874434 0.980545
vt 0.844972 1.000000
vt 0.423396 0.365859
vt 0.433948 0.372910
vt 0.411698 0.358043
vt 0.812645 0.967388
vt 0.843605 0.967388
vt 0.813066 0.980545
vt 0.843184 0.980545
vt 0.813722 1.000000
vt 0.442667 0.329805
vt 0.454393 0.334662
vt 0.429669 0.324421
vt 0.781395 0.967388
vt 0.812355 0.967388
vt 0.781816 0.980545
vt 0.811934 0.980545
vt 0.782472 1.000000
vt 0.454534 0.290684
vt 0.466982 0.293160
vt 0.440736 0.287940
vt 0.750145 0.967388
vt 0.781105 0.967388
vt 0.750566 0.980545
vt 0.780684 0.980545
vt 0.751222 1.000000
vt 0.458541 0.250000
vt 0.471233 0.250000
vt 0.444473 0.250000
vt 0.718895 0.967388
vt 0.749434 0.980545
vt 0.719316 0.980545
vt 0.719972 1.000000
vt 0.454534 0.209316
vt 0.466982 0.206840
vt 0.440736 0.212060
vt 0.687645 0.967388
vt 0.718184 0.980545
vt 0.688066 0.980545
vt 0.717528 1.000000
vt 0.688722 1.000000
vt 0.454393 0.165338
vt 0.442667 0.170195
vt 0.429669 0.175579
vt 0.687355 0.967388
vt 0.656395 0.967388
vt 0.656816 0.980545
vt 0.686278 1.000000
vt 0.657472 1.000000
vt 0.433948 0.127090
vt 0.423396 0.134141
vt 0.411698 0.141957
vt 0.625145 0.967388
vt 0.656105 0.967388
vt 0.625566 0.980545
vt 0.655684 0.980545
vt 0.626222 1.000000
vt 0.397461 0.102539
vt 0.406435 0.093565
vt 0.387513 0.112487
vt 0.624855 0.967388
vt 0.593895 0.967388
vt 0.624434 0.980545
vt 0.594316 0.980545
vt 0.623778 1.000000
vt 0.594972 1.000000
vt 0.372910 0.066052
vt 0.365859 0.076604
vt 0.358043 0.088302
vt 0.562645 0.967388
vt 0.593605 0.967388
vt 0.563066 0.980545
vt 0.593184 0.980545
vt 0.563722 1.000000
vt 0.334662 0.045607
vt 0.329805 0.057333
vt 0.324421 0.070331
vt 0.531395 0.967388
vt 0.562355 0.967388
vt 0.531816 0.980545
vt 0.561278 1.000000
vt 0.532472 1.000000
vt 0.290684 0.045466
vt 0.293160 0.033018
vt 0.287940 0.059264
vt 0.500145 0.967388
vt 0.531105 0.967388
vt 0.500566 0.980545
vt 0.530684 0.980545
vt 0.501222 1.000000
vt 0.250000 0.041459
vt 0.250000 0.028767
vt 0.250000 0.055527
vt 0.468895 0.967388
vt 0.499434 0.980545
vt 0.469316 0.980545
vt 0.498778 1.000000
vt 0.469972 1.000000
vt 0.206840 0.033018
vt 0.209316 0.045466
vt 0.212060 0.059264
vt 0.468605 0.967388
vt 0.437645 0.967388
vt 0.468184 0.980545
vt 0.438066 0.980545
vt 0.438722 1.000000
vt 0.165338 0.045607
vt 0.170195 0.057333
vt 0.175579 0.070331
vt 0.406395 0.967388
vt 0.436934 0.980545
vt 0.406816 0.980545
vt 0.407472 1.000000
vt 0.127090 0.066052
vt 0.134141 0.076604
vt 0.141957 0.088302
vt 0.406105 0.967388
vt 0.375145 0.967388
vt 0.375566 0.980545
vt 0.405684 0.980545
vt 0.376222 1.000000
vt 0.093565 0.093565
vt 0.102539 0.102539
vt 0.112487 0.112487
vt 0.343895 0.967388
vt 0.374434 0.980545
vt 0.344316 0.980545
vt 0.344972 1.000000
vt 0.066052 0.127090
vt 0.076604 0.134141
vt 0.088302 0.141957
vt 0.312645 0.967388
vt 0.343184 0.980545
vt 0.313066 0.980545
vt 0.313722 1.000000
vt 0.057333 0.170195
vt 0.045607 0.165338
vt 0.070331 0.175579
vt 0.312355 0.967388
vt 0.281395 0.967388
vt 0.281816 0.980545
vt 0.311278 1.000000
vt 0.282472 1.000000
vt 0.033018 0.206840
vt 0.045466 0.209316
vt 0.059264 0.212060
vt 0.250145 0.967388
vt 0.281105 0.967388
vt 0.250566 0.980545
vt 0.280684 0.980545
vt 0.251222 1.000000
vt 0.041459 0.250000
vt 0.028767 0.250000
vt 0.055527 0.250000
vt 0.218895 0.967388
vt 0.249434 0.980545
vt 0.219316 0.980545
vt 0.248778 1.000000
vt 0.219972 1.000000
vt 0.033018 0.293160
vt 0.045466 0.290684
vt 0.059264 0.287940
vt 0.218605 0.967388
vt 0.187645 0.967388
vt 0.218184 0.980545
vt 0.188066 0.980545
vt 0.217528 1.000000
vt 0.188722 1.000000
vt 0.045607 0.334662
vt 0.057333 0.329805
vt 0.070331 0.324421
vt 0.187355 0.967388
vt 0.156395 0.967388
vt 0.156816 0.980545
vt 0.186934 0.980545
vt 0.157472 1.000000
vt 0.066052 0.372910
vt 0.076604 0.365859
vt 0.088302 0.358043
vt 0.156105 0.967388
vt 0.125145 0.967388
vt 0.125566 0.980545
vt 0.155684 0.980545
vt 0.126222 1.000000
vt 0.093565 0.406435
vt 0.102539 0.397461
vt 0.112487 0.387513
vt 0.093895 0.967388
vt 0.124855 0.967388
vt 0.094316 0.980545
vt 0.124434 0.980545
vt 0.094972 1.000000
vt 0.134141 0.423396
vt 0.127090 0.433948
vt 0.141957 0.411698
vt 0.062645 0.967388
vt 0.093605 0.967388
vt 0.063066 0.980545
vt 0.093184 0.980545
vt 0.063722 1.000000
vt 0.170195 0.442667
vt 0.165338 0.454393
vt 0.175579 0.429669
vt 0.031395 0.967388
vt 0.062355 0.967388
vt 0.031816 0.980545
vt 0.061934 0.980545
vt 0.032472 1.000000
vt 0.209316 0.454534
vt 0.206840 0.466982
vt 0.212060 0.440736
vt 0.000145 0.967388
vt 0.030684 0.980545
vt 0.000566 0.980545
vt 0.001222 1.000000
vt 0.250000 0.471233
vt 0.999879 0.527293
vt 0.968871 0.527293
vt 0.999526 0.516282
vt 0.969224 0.516282
vt 0.998977 0.500000
vt 0.793758 0.469984
vt 0.750000 0.463672
vt 0.750000 0.474294
vt 0.791686 0.459567
vt 0.750000 0.451898
vt 0.968629 0.527293
vt 0.937621 0.527293
vt 0.968276 0.516282
vt 0.937974 0.516282
vt 0.967727 0.500000
vt 0.835834 0.457221
vt 0.831769 0.447408
vt 0.789388 0.448019
vt 0.906371 0.527293
vt 0.937379 0.527293
vt 0.937026 0.516282
vt 0.907273 0.500000
vt 0.936477 0.500000
vt 0.874611 0.436494
vt 0.862168 0.417872
vt 0.827263 0.436530
vt 0.906129 0.527293
vt 0.875121 0.527293
vt 0.905776 0.516282
vt 0.875474 0.516282
vt 0.905227 0.500000
vt 0.908600 0.408600
vt 0.868710 0.427662
vt 0.901089 0.401089
vt 0.874879 0.527293
vt 0.844224 0.516282
vt 0.874526 0.516282
vt 0.844773 0.500000
vt 0.873977 0.500000
vt 0.927662 0.368710
vt 0.917872 0.362169
vt 0.892763 0.392764
vt 0.843629 0.527293
vt 0.812974 0.516282
vt 0.843276 0.516282
vt 0.842727 0.500000
vt 0.957220 0.335834
vt 0.936494 0.374611
vt 0.936529 0.327263
vt 0.812379 0.527293
vt 0.781724 0.516282
vt 0.812026 0.516282
vt 0.782273 0.500000
vt 0.811477 0.500000
vt 0.969984 0.293758
vt 0.947408 0.331769
vt 0.959567 0.291686
vt 0.781129 0.527293
vt 0.750121 0.527293
vt 0.780776 0.516282
vt 0.750474 0.516282
vt 0.780227 0.500000
vt 0.963672 0.250000
vt 0.948019 0.289388
vt 0.749879 0.527293
vt 0.719224 0.516282
vt 0.749526 0.516282
vt 0.719773 0.500000
vt 0.748977 0.500000
vt 0.974294 0.250000
vt 0.959567 0.208315
vt 0.951898 0.250000
vt 0.718629 0.527293
vt 0.687621 0.527293
vt 0.718276 0.516282
vt 0.687974 0.516282
vt 0.717727 0.500000
vt 0.957220 0.164166
vt 0.969984 0.206242
vt 0.936529 0.172737
vt 0.948018 0.210612
vt 0.687379 0.527293
vt 0.656371 0.527293
vt 0.687026 0.516282
vt 0.656724 0.516282
vt 0.686477 0.500000
vt 0.936494 0.125389
vt 0.947408 0.168231
vt 0.927662 0.131290
vt 0.656129 0.527293
vt 0.625121 0.527293
vt 0.655776 0.516282
vt 0.625474 0.516282
vt 0.655227 0.500000
vt 0.908600 0.091400
vt 0.901089 0.098911
vt 0.917872 0.137831
vt 0.593871 0.527293
vt 0.624879 0.527293
vt 0.594224 0.516282
vt 0.624526 0.516282
vt 0.594773 0.500000
vt 0.623977 0.500000
vt 0.874611 0.063506
vt 0.868710 0.072338
vt 0.892763 0.107236
vt 0.593629 0.527293
vt 0.562621 0.527293
vt 0.593276 0.516282
vt 0.562974 0.516282
vt 0.592727 0.500000
vt 0.835834 0.042779
vt 0.831769 0.052592
vt 0.862168 0.082128
vt 0.531371 0.527293
vt 0.562379 0.527293
vt 0.531724 0.516282
vt 0.562026 0.516282
vt 0.532273 0.500000
vt 0.561477 0.500000
vt 0.793758 0.030016
vt 0.789388 0.051981
vt 0.827263 0.063470
vt 0.531129 0.527292
vt 0.500121 0.527293
vt 0.530776 0.516282
vt 0.500474 0.516282
vt 0.530227 0.500000
vt 0.750000 0.036328
vt 0.791685 0.040433
vt 0.750000 0.048102
vt 0.499879 0.527293
vt 0.468871 0.527293
vt 0.499526 0.516282
vt 0.469224 0.516282
vt 0.498977 0.500000
vt 0.706242 0.030016
vt 0.750000 0.025706
vt 0.708314 0.040433
vt 0.468629 0.527293
vt 0.437621 0.527293
vt 0.468276 0.516282
vt 0.438523 0.500000
vt 0.467727 0.500000
vt 0.664166 0.042779
vt 0.668231 0.052592
vt 0.710612 0.051981
vt 0.437379 0.527293
vt 0.406371 0.527293
vt 0.437026 0.516282
vt 0.407273 0.500000
vt 0.436477 0.500000
vt 0.631290 0.072338
vt 0.672737 0.063470
vt 0.406129 0.527293
vt 0.375474 0.516282
vt 0.405776 0.516282
vt 0.405227 0.500000
vt 0.591400 0.091400
vt 0.625389 0.063506
vt 0.607236 0.107236
vt 0.637831 0.082128
vt 0.374879 0.527293
vt 0.344224 0.516282
vt 0.374526 0.516282
vt 0.344773 0.500000
vt 0.373977 0.500000
vt 0.572338 0.131290
vt 0.598911 0.098911
vt 0.582128 0.137831
vt 0.312621 0.527293
vt 0.343629 0.527293
vt 0.343276 0.516282
vt 0.313523 0.500000
vt 0.342727 0.500000
vt 0.563506 0.125389
vt 0.552593 0.168231
vt 0.563470 0.172737
vt 0.312379 0.527293
vt 0.281371 0.527293
vt 0.312026 0.516282
vt 0.281724 0.516282
vt 0.311477 0.500000
vt 0.530016 0.206242
vt 0.542780 0.164166
vt 0.540433 0.208315
vt 0.281129 0.527293
vt 0.250121 0.527293
vt 0.280776 0.516282
vt 0.250474 0.516282
vt 0.280227 0.500000
vt 0.525706 0.250000
vt 0.536328 0.250000
vt 0.551981 0.210612
vt 0.249879 0.527293
vt 0.218871 0.527293
vt 0.249526 0.516282
vt 0.219224 0.516282
vt 0.248977 0.500000
vt 0.530016 0.293758
vt 0.551981 0.289388
vt 0.548102 0.250000
vt 0.218629 0.527293
vt 0.187621 0.527293
vt 0.218276 0.516282
vt 0.187974 0.516282
vt 0.217727 0.500000
vt 0.542779 0.335834
vt 0.540433 0.291685
vt 0.563470 0.327263
vt 0.187379 0.527293
vt 0.156371 0.527293
vt 0.187026 0.516282
vt 0.156724 0.516282
vt 0.186477 0.500000
vt 0.563506 0.374611
vt 0.552593 0.331769
vt 0.572338 0.368710
vt 0.125121 0.527293
vt 0.156129 0.527293
vt 0.155776 0.516282
vt 0.126023 0.500000
vt 0.155227 0.500000
vt 0.598911 0.401089
vt 0.582128 0.362169
vt 0.124879 0.527293
vt 0.093871 0.527293
vt 0.124526 0.516282
vt 0.094773 0.500000
vt 0.123977 0.500000
vt 0.591400 0.408600
vt 0.631290 0.427662
vt 0.637831 0.417872
vt 0.607236 0.392764
vt 0.062621 0.527293
vt 0.093629 0.527293
vt 0.062974 0.516282
vt 0.093276 0.516282
vt 0.092727 0.500000
vt 0.625389 0.436494
vt 0.668231 0.447407
vt 0.062379 0.527293
vt 0.031371 0.527293
vt 0.062026 0.516282
vt 0.031724 0.516282
vt 0.061477 0.500000
vt 0.706243 0.469984
vt 0.664166 0.457221
vt 0.708315 0.459567
vt 0.672737 0.436530
vt 0.031129 0.527293
vt 0.000121 0.527293
vt 0.030776 0.516282
vt 0.000474 0.516282
vt 0.030227 0.500000
vt 0.710612 0.448019
vt 0.250000 0.063575
vt 0.063575 0.250000
vt 0.250000 0.436425
vt 0.750000 0.436425
vt 0.563575 0.250000
vt 0.750000 0.063575
vt 0.000000 0.000000
vt 0.000000 0.000000
vt 0.000000 0.000000
vt 0.000000 0.000000
vt 0.000000 0.000000
vt 0.000000 0.000000
vt 0.000000 0.000000
vt 0.000000 0.000000
vt 1.000000 0.633794
vt 0.218750 0.633794
vt 0.000000 0.864080
vt 0.998778 1.000000
vt 0.968184 0.980545
vt 0.936278 1.000000
vt 0.905028 1.000000
vt 0.873778 1.000000
vt 0.842528 1.000000
vt 0.811278 1.000000
vt 0.780028 1.000000
vt 0.749855 0.967388
vt 0.748778 1.000000
vt 0.718605 0.967388
vt 0.686934 0.980545
vt 0.655028 1.000000
vt 0.592528 1.000000
vt 0.561934 0.980545
vt 0.530028 1.000000
vt 0.499855 0.967388
vt 0.467528 1.000000
vt 0.437355 0.967388
vt 0.436278 1.000000
vt 0.405028 1.000000
vt 0.374855 0.967388
vt 0.373778 1.000000
vt 0.343605 0.967388
vt 0.342528 1.000000
vt 0.311934 0.980545
vt 0.280028 1.000000
vt 0.249855 0.967388
vt 0.186278 1.000000
vt 0.155028 1.000000
vt 0.123778 1.000000
vt 0.092528 1.000000
vt 0.061278 1.000000
vt 0.031105 0.967388
vt 0.030028 1.000000
vt 0.969773 0.500000
vt 0.938523 0.500000
vt 0.906724 0.516282
vt 0.876023 0.500000
vt 0.843871 0.527293
vt 0.812621 0.527293
vt 0.813523 0.500000
vt 0.781371 0.527293
vt 0.751023 0.500000
vt 0.718871 0.527293
vt 0.688523 0.500000
vt 0.657272 0.500000
vt 0.626023 0.500000
vt 0.563523 0.500000
vt 0.501023 0.500000
vt 0.469773 0.500000
vt 0.437974 0.516282
vt 0.406724 0.516282
vt 0.375121 0.527293
vt 0.376023 0.500000
vt 0.343871 0.527293
vt 0.312974 0.516282
vt 0.282273 0.500000
vt 0.251023 0.500000
vt 0.219773 0.500000
vt 0.188523 0.500000
vt 0.157273 0.500000
vt 0.125474 0.516282
vt 0.094224 0.516282
vt 0.063523 0.500000
vt 0.032273 0.500000
vt 0.001023 0.500000
vt 0.286370 0.432843
vt 0.381822 0.381822
vt 0.321342 0.422234
vt 0.353572 0.405006
vt 0.405006 0.353572
vt 0.422234 0.321342
vt 0.432843 0.286370
vt 0.436425 0.250000
vt 0.432843 0.213630
vt 0.422234 0.178658
vt 0.405007 0.146428
vt 0.381822 0.118178
vt 0.353572 0.094994
vt 0.321342 0.077766
vt 0.286370 0.067157
vt 0.213630 0.067157
vt 0.178658 0.077766
vt 0.146428 0.094994
vt 0.118178 0.118178
vt 0.094994 0.146428
vt 0.077766 0.178658
vt 0.067157 0.213630
vt 0.067157 0.286370
vt 0.077766 0.321342
vt 0.094994 0.353572
vt 0.118178 0.381822
vt 0.146428 0.405006
vt 0.178658 0.422234
vt 0.213630 0.432843
vt 0.786370 0.067157
vt 0.821342 0.077766
vt 0.853572 0.094994
vt 0.881822 0.118178
vt 0.905006 0.146428
vt 0.922233 0.178658
vt 0.932842 0.213630
vt 0.936425 0.250000
vt 0.932842 0.286370
vt 0.922234 0.321342
vt 0.905006 0.353572
vt 0.881822 0.381822
vt 0.853572 0.405006
vt 0.821341 0.422234
vt 0.786369 0.432842
vt 0.713630 0.432843
vt 0.678658 0.422234
vt 0.646428 0.405006
vt 0.618178 0.381822
vt 0.594994 0.353572
vt 0.577766 0.321342
vt 0.567157 0.286370
vt 0.567157 0.213630
vt 0.577766 0.178658
vt 0.594993 0.146428
vt 0.618178 0.118178
vt 0.646428 0.094994
vt 0.678658 0.077766
vt 0.713630 0.067157
vt 0.000000 0.000000
vt 0.000000 0.000000
vn 0.0980 0.0000 -0.9952
vn 0.6344 0.0000 -0.7730
vn 0.7730 0.0000 -0.6344
vn 0.8819 0.0000 -0.4714
vn 0.9569 0.0000 -0.2903
vn 0.9952 0.0000 -0.0980
vn 0.9952 0.0000 0.0980
vn 0.9569 0.0000 0.2903
vn 0.8819 0.0000 0.4714
vn 0.7730 0.0000 0.6344
vn 0.6344 0.0000 0.7730
vn 0.4714 0.0000 0.8819
vn 0.2903 0.0000 0.9569
vn 0.0980 0.0000 0.9952
vn -0.0980 0.0000 0.9952
vn -0.2903 0.0000 0.9569
vn -0.4714 0.0000 0.8819
vn -0.6344 0.0000 0.7730
vn -0.7730 0.0000 0.6344
vn -0.8819 0.0000 0.4714
vn -0.9569 0.0000 0.2903
vn -0.9952 0.0000 0.0980
vn -0.9952 0.0000 -0.0980
vn -0.9569 0.0000 -0.2903
vn -0.8819 0.0000 -0.4714
vn -0.7730 0.0000 -0.6344
vn -0.6344 0.0000 -0.7730
vn -0.4714 0.0000 -0.8819
vn -0.2903 0.0000 -0.9569
vn 0.2903 0.0000 -0.9569
vn 0.4714 0.0000 -0.8819
vn -0.0980 0.0000 -0.9952
vn 0.0976 0.0890 -0.9912
vn 0.0942 0.2761 -0.9565
vn 0.0854 0.4912 -0.8669
vn 0.0657 0.7420 -0.6672
vn 0.0265 0.9627 -0.2691
vn 0.2891 0.0890 -0.9531
vn 0.2790 0.2761 -0.9197
vn 0.2529 0.4912 -0.8336
vn 0.1946 0.7420 -0.6416
vn 0.0785 0.9627 -0.2588
vn 0.4695 0.0890 -0.8784
vn 0.4531 0.2761 -0.8476
vn 0.4106 0.4912 -0.7682
vn 0.3160 0.7420 -0.5913
vn 0.1275 0.9627 -0.2385
vn 0.6319 0.0890 -0.7699
vn 0.6097 0.2761 -0.7430
vn 0.5526 0.4912 -0.6733
vn 0.4253 0.7420 -0.5183
vn 0.1716 0.9627 -0.2090
vn 0.7699 0.0890 -0.6319
vn 0.7430 0.2761 -0.6097
vn 0.6733 0.4912 -0.5526
vn 0.5183 0.7420 -0.4253
vn 0.2090 0.9627 -0.1716
vn 0.8784 0.0890 -0.4695
vn 0.8476 0.2761 -0.4531
vn 0.7682 0.4912 -0.4106
vn 0.5913 0.7420 -0.3160
vn 0.2385 0.9627 -0.1275
vn 0.9531 0.0890 -0.2891
vn 0.9197 0.2761 -0.2790
vn 0.8336 0.4912 -0.2529
vn 0.6416 0.7420 -0.1946
vn 0.2588 0.9627 -0.0785
vn 0.9912 0.0890 -0.0976
vn 0.9565 0.2761 -0.0942
vn 0.8669 0.4912 -0.0854
vn 0.6672 0.7420 -0.0657
vn 0.2691 0.9627 -0.0265
vn 0.9912 0.0890 0.0976
vn 0.9565 0.2761 0.0942
vn 0.8669 0.4912 0.0854
vn 0.6672 0.7420 0.0657
vn 0.2691 0.9627 0.0265
vn 0.9531 0.0890 0.2891
vn 0.9197 0.2761 0.2790
vn 0.8336 0.4912 0.2529
vn 0.6416 0.7420 0.1946
vn 0.2588 0.9627 0.0785
vn 0.8784 0.0890 0.4695
vn 0.8476 0.2761 0.4531
vn 0.7682 0.4912 0.4106
vn 0.5913 0.7420 0.3160
vn 0.2385 0.9627 0.1275
vn 0.7699 0.0890 0.6319
vn 0.7430 0.2761 0.6097
vn 0.6733 0.4912 0.5526
vn 0.5183 0.7420 0.4253
vn 0.2090 0.9627 0.1716
vn 0.6319 0.0890 0.7699
vn 0.6097 0.2761 0.7430
vn 0.5526 0.4912 0.6733
vn 0.4253 0.7420 0.5183
vn 0.1716 0.9627 0.2090
vn 0.4695 0.0890 0.8784
vn 0.4531 0.2761 0.8476
vn 0.4106 0.4912 0.7682
vn 0.3160 0.7420 0.5913
vn 0.1275 0.9627 0.2385
vn 0.2891 0.0890 0.9531
vn 0.2790 0.2761 0.9197
vn 0.2529 0.4912 0.8336
vn 0.1946 0.7420 0.6416
vn 0.0785 0.9627 0.2588
vn 0.0976 0.0890 0.9912
vn 0.0942 0.2761 0.9565
vn 0.0854 0.4912 0.8669
vn 0.0657 0.7420 0.6672
vn 0.0265 0.9627 0.2691
vn -0.0976 0.0890 0.9912
vn -0.0942 0.2761 0.9565
vn -0.0854 0.4912 0.8669
vn -0.0657 0.7420 0.6672
vn -0.0265 0.9627 0.2691
vn -0.2891 0.0890 0.9531
vn -0.2790 0.2761 0.9197
vn -0.2529 0.4912 0.8336
vn -0.1946 0.7420 0.6416
vn -0.0785 0.9627 0.2588
vn -0.4695 0.0890 0.8784
vn -0.4531 0.2761 0.8476
vn -0.4106 0.4912 0.7682
vn -0.3160 0.7420 0.5913
vn -0.1275 0.9627 0.2385
vn -0.6319 0.0890 0.7699
vn -0.6097 0.2761 0.7430
vn -0.5526 0.4912 0.6733
vn -0.4253 0.7420 0.5183
vn -0.1716 0.9627 0.2090
vn -0.7699 0.0890 0.6319
vn -0.7430 0.2761 0.6097
vn -0.6733 0.4912 0.5526
vn -0.5183 0.7420 0.4253
vn -0.2090 0.9627 0.1716
vn -0.8784 0.0890 0.4695
vn -0.8476 0.2761 0.4531
vn -0.7682 0.4912 0.4106
vn -0.5913 0.7420 0.3160
vn -0.2385 0.9627 0.1275
vn -0.9531 0.0890 0.2891
vn -0.9197 0.2761 0.2790
vn -0.8336 0.4912 0.2529
vn -0.6416 0.7420 0.1946
vn -0.2588 0.9627 0.0785
vn -0.9912 0.0890 0.0976
vn -0.9565 0.2761 0.0942
vn -0.8669 0.4912 0.0854
vn -0.6672 0.7420 0.0657
vn -0.2691 0.9627 0.0265
vn -0.9912 0.0890 -0.0976
vn -0.9565 0.2761 -0.0942
vn -0.8669 0.4912 -0.0854
vn -0.6672 0.7420 -0.0657
vn -0.2691 0.9627 -0.0265
vn -0.9531 0.0890 -0.2891
vn -0.9197 0.2761 -0.2790
vn -0.8336 0.4912 -0.2529
vn -0.6416 0.7420 -0.1946
vn -0.2588 0.9627 -0.0785
vn -0.8784 0.0890 -0.4695
vn -0.8476 0.2761 -0.4531
vn -0.7682 0.4912 -0.4106
vn -0.5913 0.7420 -0.3160
vn -0.2385 0.9627 -0.1275
vn -0.7699 0.0890 -0.6319
vn -0.7430 0.2761 -0.6097
vn -0.6733 0.4912 -0.5526
vn -0.5183 0.7420 -0.4253
vn -0.2090 0.9627 -0.1716
vn -0.6319 0.0890 -0.7699
vn -0.6097 0.2761 -0.7430
vn -0.5526 0.4912 -0.6733
vn -0.4253 0.7420 -0.5183
vn -0.1716 0.9627 -0.2090
vn -0.4695 0.0890 -0.8784
vn -0.4531 0.2761 -0.8476
vn -0.4106 0.4912 -0.7682
vn -0.3160 0.7420 -0.5913
vn -0.1275 0.9627 -0.2385
vn -0.2891 0.0890 -0.9531
vn -0.2790 0.2761 -0.9197
vn -0.2529 0.4912 -0.8336
vn -0.1946 0.7420 -0.6416
vn -0.0785 0.9627 -0.2588
vn -0.0976 0.0890 -0.9912
vn -0.0942 0.2761 -0.9565
vn -0.0854 0.4912 -0.8669
vn -0.0657 0.7420 -0.6672
vn -0.0265 0.9627 -0.2691
vn 0.0000 1.0000 -0.0000
vn 0.0976 -0.0890 -0.9912
vn 0.0942 -0.2761 -0.9565
vn 0.0854 -0.4912 -0.8669
vn 0.0657 -0.7420 -0.6672
vn 0.0265 -0.9627 -0.2691
vn 0.2891 -0.0890 -0.9531
vn 0.2790 -0.2761 -0.9197
vn 0.2529 -0.4912 -0.8336
vn 0.1946 -0.7420 -0.6416
vn 0.0785 -0.9627 -0.2588
vn 0.4695 -0.0890 -0.8784
vn 0.4531 -0.2761 -0.8476
vn 0.4106 -0.4912 -0.7682
vn 0.3160 -0.7420 -0.5913
vn 0.1275 -0.9627 -0.2385
vn 0.6319 -0.0890 -0.7699
vn 0.6097 -0.2761 -0.7430
vn 0.5526 -0.4912 -0.6733
vn 0.4253 -0.7420 -0.5183
vn 0.1716 -0.9627 -0.2090
vn 0.7699 -0.0890 -0.6319
vn 0.7430 -0.2761 -0.6097
vn 0.6733 -0.4912 -0.5526
vn 0.5183 -0.7420 -0.4253
vn 0.2090 -0.9627 -0.1716
vn 0.8784 -0.0890 -0.4695
vn 0.8476 -0.2761 -0.4531
vn 0.7682 -0.4912 -0.4106
vn 0.5913 -0.7420 -0.3160
vn 0.2385 -0.9627 -0.1275
vn 0.9531 -0.0890 -0.2891
vn 0.9197 -0.2761 -0.2790
vn 0.8336 -0.4912 -0.2529
vn 0.6416 -0.7420 -0.1946
vn 0.2588 -0.9627 -0.0785
vn 0.9912 -0.0890 -0.0976
vn 0.9565 -0.2761 -0.0942
vn 0.8669 -0.4912 -0.0854
vn 0.6672 -0.7420 -0.0657
vn 0.2691 -0.9627 -0.0265
vn 0.9912 -0.0890 0.0976
vn 0.9565 -0.2761 0.0942
vn 0.8669 -0.4912 0.0854
vn 0.6672 -0.7420 0.0657
vn 0.2691 -0.9627 0.0265
vn 0.9531 -0.0890 0.2891
vn 0.9197 -0.2761 0.2790
vn 0.8336 -0.4912 0.2529
vn 0.6416 -0.7420 0.1946
vn 0.2588 -0.9627 0.0785
vn 0.8784 -0.0890 0.4695
vn 0.8476 -0.2761 0.4531
vn 0.7682 -0.4912 0.4106
vn 0.5913 -0.7420 0.3160
vn 0.2385 -0.9627 0.1275
vn 0.7699 -0.0890 0.6319
vn 0.7430 -0.2761 0.6097
vn 0.6733 -0.4912 0.5526
vn 0.5183 -0.7420 0.4253
vn 0.2090 -0.9627 0.1716
vn 0.6319 -0.0890 0.7699
vn 0.6097 -0.2761 0.7430
vn 0.5526 -0.4912 0.6733
vn 0.4253 -0.7420 0.5183
vn 0.1716 -0.9627 0.2090
vn 0.4695 -0.0890 0.8784
vn 0.4531 -0.2761 0.8476
vn 0.4106 -0.4912 0.7682
vn 0.3160 -0.7420 0.5913
vn 0.1275 -0.9627 0.2385
vn 0.2891 -0.0890 0.9531
vn 0.2790 -0.2761 0.9197
vn 0.2529 -0.4912 0.8336
vn 0.1946 -0.7420 0.6416
vn 0.0785 -0.9627 0.2588
vn 0.0976 -0.0890 0.9912
vn 0.0942 -0.2761 0.9565
vn 0.0854 -0.4912 0.8669
vn 0.0657 -0.7420 0.6672
vn 0.0265 -0.9627 0.2691
vn -0.0976 -0.0890 0.9912
vn -0.0942 -0.2761 0.9565
vn -0.0854 -0.4912 0.8669
vn -0.0657 -0.7420 0.6672
vn -0.0265 -0.9627 0.2691
vn -0.2891 -0.0890 0.9531
vn -0.2790 -0.2761 0.9197
vn -0.2529 -0.4912 0.8336
vn -0.1946 -0.7420 0.6416
vn -0.0785 -0.9627 0.2588
vn -0.4695 -0.0890 0.8784
vn -0.4531 -0.2761 0.8476
vn -0.4106 -0.4912 0.7682
vn -0.3160 -0.7420 0.5913
vn -0.1275 -0.9627 0.2385
vn -0.6319 -0.0890 0.7699
vn -0.6097 -0.2761 0.7430
vn -0.5526 -0.4912 0.6733
vn -0.4253 -0.7420 0.5183
vn -0.1716 -0.9627 0.2090
vn -0.7699 -0.0890 0.6319
vn -0.7430 -0.2761 0.6097
vn -0.6733 -0.4912 0.5526
vn -0.5183 -0.7420 0.4253
vn -0.2090 -0.9627 0.1716
vn -0.8784 -0.0890 0.4695
vn -0.8476 -0.2761 0.4531
vn -0.7682 -0.4912 0.4106
vn -0.5913 -0.7420 0.3160
vn -0.2385 -0.9627 0.1275
vn -0.9531 -0.0890 0.2891
vn -0.9197 -0.2761 0.2790
vn -0.8336 -0.4912 0.2529
vn -0.6416 -0.7420 0.1946
vn -0.2588 -0.9627 0.0785
vn -0.9912 -0.0890 0.0976
vn -0.9565 -0.2761 0.0942
vn -0.8669 -0.4912 0.0854
vn -0.6672 -0.7420 0.0657
vn -0.2691 -0.9627 0.0265
vn -0.9912 -0.0890 -0.0976
vn -0.9565 -0.2761 -0.0942
vn -0.8669 -0.4912 -0.0854
vn -0.6672 -0.7420 -0.0657
vn -0.2691 -0.9627 -0.0265
vn -0.9531 -0.0890 -0.2891
vn -0.9197 -0.2761 -0.2790
vn -0.8336 -0.4912 -0.2529
vn -0.6416 -0.7420 -0.1946
vn -0.2588 -0.9627 -0.0785
vn -0.8784 -0.0890 -0.4695
vn -0.8476 -0.2761 -0.4531
vn -0.7682 -0.4912 -0.4106
vn -0.5913 -0.7420 -0.3160
vn -0.2385 -0.9627 -0.1275
vn -0.7699 -0.0890 -0.6319
vn -0.7430 -0.2761 -0.6097
vn -0.6733 -0.4912 -0.5526
vn -0.5183 -0.7420 -0.4253
vn -0.2090 -0.9627 -0.1716
vn -0.6319 -0.0890 -0.7699
vn -0.6097 -0.2761 -0.7430
vn -0.5526 -0.4912 -0.6733
vn -0.4253 -0.7420 -0.5183
vn -0.1716 -0.9627 -0.2090
vn -0.4695 -0.0890 -0.8784
vn -0.4531 -0.2761 -0.8476
vn -0.4106 -0.4912 -0.7682
vn -0.3160 -0.7420 -0.5913
vn -0.1275 -0.9627 -0.2385
vn -0.2891 -0.0890 -0.9531
vn -0.2790 -0.2761 -0.9197
vn -0.2529 -0.4912 -0.8336
vn -0.1946 -0.7420 -0.6416
vn -0.0785 -0.9627 -0.2588
vn -0.0976 -0.0890 -0.9912
vn -0.0942 -0.2761 -0.9565
vn -0.0854 -0.4912 -0.8669
vn -0.0657 -0.7420 -0.6672
vn -0.0265 -0.9627 -0.2691
vn 0.0000 -1.0000 0.0000
vn 0.5913 0.7420 -0.3161
vn 0.5913 -0.7420 -0.3161
usemtl None
s off
f 2/1/1 388/2/1 386/3/1
f 194/4/1 387/5/1 199/6/1
f 20/7/2 392/8/2 390/9/2
f 211/10/2 391/11/2 217/12/2
f 26/13/3 394/14/3 392/8/3
f 223/15/3 391/11/3 393/16/3
f 32/17/4 396/18/4 394/14/4
f 229/19/4 393/16/4 395/20/4
f 38/21/5 398/22/5 396/18/5
f 235/23/5 395/20/5 397/24/5
f 44/25/6 400/26/6 398/22/6
f 241/27/6 397/24/6 399/28/6
f 50/29/7 402/30/7 400/26/7
f 247/31/7 399/28/7 401/32/7
f 56/33/8 404/34/8 402/30/8
f 253/35/8 401/32/8 403/36/8
f 62/37/9 406/38/9 404/34/9
f 259/39/9 403/36/9 405/40/9
f 68/41/10 408/42/10 406/38/10
f 265/43/10 405/40/10 407/44/10
f 74/45/11 410/46/11 408/42/11
f 271/47/11 407/44/11 409/48/11
f 80/49/12 412/50/12 410/46/12
f 277/51/12 409/48/12 411/52/12
f 86/53/13 414/54/13 412/50/13
f 283/55/13 411/52/13 413/56/13
f 92/57/14 416/58/14 414/54/14
f 289/59/14 413/56/14 415/60/14
f 98/61/15 418/62/15 416/58/15
f 295/63/15 415/60/15 417/64/15
f 104/65/16 420/66/16 418/62/16
f 301/67/16 417/64/16 419/68/16
f 110/69/17 422/70/17 420/66/17
f 307/71/17 419/68/17 421/72/17
f 116/73/18 424/74/18 422/70/18
f 313/75/18 421/72/18 423/76/18
f 122/77/19 426/78/19 424/74/19
f 313/75/19 425/79/19 319/80/19
f 134/81/20 426/78/20 128/82/20
f 319/80/20 427/83/20 325/84/20
f 140/85/21 428/86/21 134/81/21
f 325/84/21 429/87/21 331/88/21
f 140/85/22 432/89/22 430/90/22
f 331/88/22 431/91/22 337/92/22
f 146/93/23 434/94/23 432/89/23
f 337/92/23 433/95/23 343/96/23
f 158/97/24 434/94/24 152/98/24
f 343/96/24 435/99/24 349/100/24
f 164/101/25 436/102/25 158/97/25
f 349/100/25 437/103/25 355/104/25
f 164/101/26 440/105/26 438/106/26
f 355/104/26 439/107/26 361/108/26
f 170/109/27 442/110/27 440/105/27
f 361/108/27 441/111/27 367/112/27
f 182/113/28 442/110/28 176/114/28
f 367/112/28 443/115/28 373/116/28
f 188/117/29 444/118/29 182/113/29
f 373/116/29 445/119/29 379/120/29
f 14/121/30 388/2/30 8/122/30
f 199/6/30 447/123/30 205/124/30
f 20/7/31 448/125/31 14/121/31
f 205/124/31 389/126/31 211/10/31
f 2/127/32 446/128/32 188/117/32
f 379/120/32 385/129/32 194/130/32
f 8/122/33 6/131/33 12/132/33
f 6/131/34 11/133/34 12/132/34
f 5/134/35 10/135/35 11/133/35
f 10/136/36 3/137/36 9/138/36
f 9/138/37 1/139/37 7/140/37
f 8/122/38 18/141/38 14/121/38
f 12/142/39 17/143/39 18/141/39
f 17/143/40 10/144/40 16/145/40
f 16/146/41 9/138/41 15/147/41
f 15/147/42 7/140/42 13/148/42
f 14/121/43 24/149/43 20/7/43
f 18/150/44 23/151/44 24/149/44
f 17/152/45 22/153/45 23/151/45
f 22/154/46 15/147/46 21/155/46
f 15/147/47 19/156/47 21/155/47
f 20/7/48 30/157/48 26/13/48
f 24/158/49 29/159/49 30/157/49
f 23/160/50 28/161/50 29/159/50
f 22/154/51 27/162/51 28/163/51
f 27/162/52 19/156/52 25/164/52
f 26/13/53 36/165/53 32/17/53
f 30/166/54 35/167/54 36/165/54
f 29/168/55 34/169/55 35/167/55
f 28/163/56 33/170/56 34/171/56
f 27/162/57 31/172/57 33/170/57
f 32/17/58 42/173/58 38/21/58
f 36/174/59 41/175/59 42/173/59
f 35/176/60 40/177/60 41/175/60
f 34/171/61 39/178/61 40/179/61
f 33/170/62 37/180/62 39/178/62
f 38/21/63 48/181/63 44/25/63
f 42/182/64 47/183/64 48/181/64
f 41/184/65 46/185/65 47/183/65
f 40/179/66 45/186/66 46/187/66
f 39/178/67 43/188/67 45/186/67
f 44/25/68 54/189/68 50/29/68
f 48/190/69 53/191/69 54/189/69
f 47/192/70 52/193/70 53/191/70
f 46/187/71 51/194/71 52/195/71
f 45/186/72 49/196/72 51/194/72
f 50/29/73 60/197/73 56/33/73
f 60/197/74 53/198/74 59/199/74
f 53/198/75 58/200/75 59/199/75
f 52/195/76 57/201/76 58/202/76
f 51/194/77 55/203/77 57/201/77
f 56/33/78 66/204/78 62/37/78
f 66/204/79 59/205/79 65/206/79
f 65/206/80 58/207/80 64/208/80
f 64/209/81 57/201/81 63/210/81
f 63/210/82 55/203/82 61/211/82
f 68/41/83 66/212/83 72/213/83
f 66/212/84 71/214/84 72/213/84
f 71/214/85 64/215/85 70/216/85
f 70/217/86 63/210/86 69/218/86
f 63/210/87 67/219/87 69/218/87
f 68/41/88 78/220/88 74/45/88
f 72/221/89 77/222/89 78/220/89
f 71/223/90 76/224/90 77/222/90
f 70/217/91 75/225/91 76/226/91
f 75/225/92 67/219/92 73/227/92
f 80/49/93 78/228/93 84/229/93
f 84/229/94 77/230/94 83/231/94
f 83/231/95 76/232/95 82/233/95
f 82/234/96 75/225/96 81/235/96
f 81/235/97 73/227/97 79/236/97
f 80/49/98 90/237/98 86/53/98
f 84/238/99 89/239/99 90/237/99
f 83/240/100 88/241/100 89/239/100
f 88/242/101 81/235/101 87/243/101
f 87/243/102 79/236/102 85/244/102
f 86/53/103 96/245/103 92/57/103
f 90/246/104 95/247/104 96/245/104
f 95/247/105 88/248/105 94/249/105
f 88/242/106 93/250/106 94/251/106
f 87/243/107 91/252/107 93/250/107
f 92/57/108 102/253/108 98/61/108
f 96/254/109 101/255/109 102/253/109
f 95/256/110 100/257/110 101/255/110
f 94/251/111 99/258/111 100/259/111
f 93/250/112 97/260/112 99/258/112
f 98/61/113 108/261/113 104/65/113
f 108/261/114 101/262/114 107/263/114
f 107/263/115 100/264/115 106/265/115
f 106/266/116 99/258/116 105/267/116
f 105/267/117 97/260/117 103/268/117
f 110/69/118 108/269/118 114/270/118
f 114/270/119 107/271/119 113/272/119
f 107/271/120 112/273/120 113/272/120
f 112/274/121 105/267/121 111/275/121
f 105/267/122 109/276/122 111/275/122
f 110/69/123 120/277/123 116/73/123
f 120/277/124 113/278/124 119/279/124
f 113/278/125 118/280/125 119/279/125
f 118/281/126 111/275/126 117/282/126
f 111/275/127 115/283/127 117/282/127
f 122/77/128 120/284/128 126/285/128
f 120/284/129 125/286/129 126/285/129
f 119/287/130 124/288/130 125/286/130
f 124/289/131 117/282/131 123/290/131
f 117/282/132 121/291/132 123/290/132
f 122/77/133 132/292/133 128/82/133
f 132/292/134 125/293/134 131/294/134
f 125/293/135 130/295/135 131/294/135
f 130/296/136 123/290/136 129/297/136
f 129/297/137 121/291/137 127/298/137
f 128/82/138 138/299/138 134/81/138
f 138/299/139 131/300/139 137/301/139
f 131/300/140 136/302/140 137/301/140
f 130/296/141 135/303/141 136/304/141
f 129/297/142 133/305/142 135/303/142
f 140/85/143 138/306/143 144/307/143
f 138/306/144 143/308/144 144/307/144
f 143/308/145 136/309/145 142/310/145
f 142/311/146 135/303/146 141/312/146
f 141/312/147 133/305/147 139/313/147
f 140/85/148 150/314/148 146/93/148
f 144/315/149 149/316/149 150/314/149
f 143/317/150 148/318/150 149/316/150
f 142/311/151 147/319/151 148/320/151
f 141/312/152 145/321/152 147/319/152
f 146/93/153 156/322/153 152/98/153
f 156/322/154 149/323/154 155/324/154
f 155/324/155 148/325/155 154/326/155
f 154/327/156 147/319/156 153/328/156
f 153/328/157 145/321/157 151/329/157
f 158/97/158 156/330/158 162/331/158
f 162/331/159 155/332/159 161/333/159
f 161/333/160 154/334/160 160/335/160
f 160/336/161 153/328/161 159/337/161
f 159/337/162 151/329/162 157/338/162
f 164/101/163 162/339/163 168/340/163
f 162/339/164 167/341/164 168/340/164
f 161/342/165 166/343/165 167/341/165
f 166/344/166 159/337/166 165/345/166
f 159/337/167 163/346/167 165/345/167
f 170/109/168 168/347/168 174/348/168
f 168/347/169 173/349/169 174/348/169
f 167/350/170 172/351/170 173/349/170
f 172/352/171 165/345/171 171/353/171
f 165/345/172 169/354/172 171/353/172
f 170/109/173 180/355/173 176/114/173
f 174/356/174 179/357/174 180/355/174
f 173/358/175 178/359/175 179/357/175
f 172/352/176 177/360/176 178/361/176
f 171/353/177 175/362/177 177/360/177
f 176/114/178 186/363/178 182/113/178
f 180/364/179 185/365/179 186/363/179
f 179/366/180 184/367/180 185/365/180
f 178/361/181 183/368/181 184/369/181
f 177/360/182 181/370/182 183/368/182
f 182/113/183 192/371/183 188/117/183
f 186/372/184 191/373/184 192/371/184
f 185/374/185 190/375/185 191/373/185
f 184/369/186 189/376/186 190/377/186
f 183/368/187 187/378/187 189/376/187
f 188/117/188 6/379/188 2/127/188
f 6/379/189 191/380/189 5/381/189
f 191/380/190 4/382/190 5/381/190
f 190/377/191 3/137/191 4/383/191
f 189/376/192 1/139/192 3/137/192
f 79/236/193 31/172/193 175/362/193
f 199/6/194 198/384/194 194/4/194
f 201/385/195 197/386/195 198/384/195
f 202/387/196 196/388/196 197/386/196
f 203/389/197 195/390/197 196/391/197
f 204/392/198 193/393/198 195/390/198
f 205/124/199 201/394/199 199/6/199
f 207/395/200 202/396/200 201/394/200
f 208/397/201 203/398/201 202/396/201
f 209/399/202 204/392/202 203/389/202
f 210/400/203 200/401/203 204/392/203
f 205/124/204 213/402/204 207/403/204
f 213/402/205 208/404/205 207/403/205
f 208/404/206 215/405/206 209/406/206
f 215/407/207 210/400/207 209/399/207
f 210/400/208 212/408/208 206/409/208
f 217/12/209 213/410/209 211/10/209
f 219/411/210 214/412/210 213/410/210
f 220/413/211 215/414/211 214/412/211
f 221/415/212 216/416/212 215/407/212
f 222/417/213 212/408/213 216/416/213
f 223/15/214 219/418/214 217/12/214
f 219/418/215 226/419/215 220/420/215
f 220/420/216 227/421/216 221/422/216
f 221/415/217 228/423/217 222/417/217
f 222/417/218 224/424/218 218/425/218
f 229/19/219 225/426/219 223/15/219
f 225/426/220 232/427/220 226/428/220
f 232/427/221 227/429/221 226/428/221
f 233/430/222 228/423/222 227/431/222
f 228/423/223 230/432/223 224/424/223
f 235/23/224 231/433/224 229/19/224
f 231/433/225 238/434/225 232/435/225
f 232/435/226 239/436/226 233/437/226
f 239/438/227 234/439/227 233/430/227
f 240/440/228 230/432/228 234/439/228
f 241/27/229 237/441/229 235/23/229
f 243/442/230 238/443/230 237/441/230
f 244/444/231 239/445/231 238/443/231
f 239/438/232 246/446/232 240/440/232
f 246/446/233 236/447/233 240/440/233
f 247/31/234 243/448/234 241/27/234
f 243/448/235 250/449/235 244/450/235
f 244/450/236 251/451/236 245/452/236
f 245/453/237 252/454/237 246/446/237
f 252/454/238 242/455/238 246/446/238
f 253/35/239 249/456/239 247/31/239
f 255/457/240 250/458/240 249/456/240
f 256/459/241 251/460/241 250/458/241
f 257/461/242 252/454/242 251/462/242
f 252/454/243 254/463/243 248/464/243
f 259/39/244 255/465/244 253/35/244
f 261/466/245 256/467/245 255/465/245
f 262/468/246 257/469/246 256/467/246
f 263/470/247 258/471/247 257/461/247
f 264/472/248 254/463/248 258/471/248
f 265/43/249 261/473/249 259/39/249
f 267/474/250 262/475/250 261/473/250
f 268/476/251 263/477/251 262/475/251
f 269/478/252 264/472/252 263/470/252
f 270/479/253 260/480/253 264/472/253
f 265/43/254 273/481/254 267/482/254
f 267/482/255 274/483/255 268/484/255
f 268/484/256 275/485/256 269/486/256
f 275/487/257 270/479/257 269/478/257
f 276/488/258 266/489/258 270/479/258
f 277/51/259 273/490/259 271/47/259
f 279/491/260 274/492/260 273/490/260
f 280/493/261 275/494/261 274/492/261
f 281/495/262 276/488/262 275/487/262
f 282/496/263 272/497/263 276/488/263
f 277/51/264 285/498/264 279/499/264
f 279/499/265 286/500/265 280/501/265
f 280/501/266 287/502/266 281/503/266
f 287/504/267 282/496/267 281/495/267
f 282/496/268 284/505/268 278/506/268
f 289/59/269 285/507/269 283/55/269
f 291/508/270 286/509/270 285/507/270
f 292/510/271 287/511/271 286/509/271
f 287/504/272 294/512/272 288/513/272
f 288/513/273 290/514/273 284/505/273
f 295/63/274 291/515/274 289/59/274
f 297/516/275 292/517/275 291/515/275
f 298/518/276 293/519/276 292/517/276
f 299/520/277 294/512/277 293/521/277
f 300/522/278 290/514/278 294/512/278
f 301/67/279 297/523/279 295/63/279
f 303/524/280 298/525/280 297/523/280
f 298/525/281 305/526/281 299/527/281
f 305/528/282 300/522/282 299/520/282
f 306/529/283 296/530/283 300/522/283
f 307/71/284 303/531/284 301/67/284
f 309/532/285 304/533/285 303/531/285
f 304/533/286 311/534/286 305/535/286
f 305/528/287 312/536/287 306/529/287
f 312/536/288 302/537/288 306/529/288
f 313/75/289 309/538/289 307/71/289
f 309/538/290 316/539/290 310/540/290
f 316/539/291 311/541/291 310/540/291
f 317/542/292 312/536/292 311/543/292
f 312/536/293 314/544/293 308/545/293
f 319/80/294 315/546/294 313/75/294
f 315/546/295 322/547/295 316/548/295
f 316/548/296 323/549/296 317/550/296
f 317/542/297 324/551/297 318/552/297
f 318/552/298 320/553/298 314/544/298
f 319/80/299 327/554/299 321/555/299
f 327/554/300 322/556/300 321/555/300
f 322/556/301 329/557/301 323/558/301
f 323/559/302 330/560/302 324/551/302
f 324/551/303 326/561/303 320/553/303
f 331/88/304 327/562/304 325/84/304
f 333/563/305 328/564/305 327/562/305
f 334/565/306 329/566/306 328/564/306
f 335/567/307 330/560/307 329/568/307
f 336/569/308 326/561/308 330/560/308
f 337/92/309 333/570/309 331/88/309
f 339/571/310 334/572/310 333/570/310
f 340/573/311 335/574/311 334/572/311
f 341/575/312 336/569/312 335/567/312
f 342/576/313 332/577/313 336/569/313
f 343/96/314 339/578/314 337/92/314
f 345/579/315 340/580/315 339/578/315
f 346/581/316 341/582/316 340/580/316
f 347/583/317 342/576/317 341/575/317
f 342/576/318 344/584/318 338/585/318
f 349/100/319 345/586/319 343/96/319
f 351/587/320 346/588/320 345/586/320
f 352/589/321 347/590/321 346/588/321
f 353/591/322 348/592/322 347/583/322
f 348/592/323 350/593/323 344/584/323
f 355/104/324 351/594/324 349/100/324
f 357/595/325 352/596/325 351/594/325
f 358/597/326 353/598/326 352/596/326
f 359/599/327 354/600/327 353/591/327
f 360/601/328 350/593/328 354/600/328
f 355/104/329 363/602/329 357/603/329
f 363/602/330 358/604/330 357/603/330
f 358/604/331 365/605/331 359/606/331
f 359/599/332 366/607/332 360/601/332
f 366/607/333 356/608/333 360/601/333
f 367/112/334 363/609/334 361/108/334
f 369/610/335 364/611/335 363/609/335
f 364/611/336 371/612/336 365/613/336
f 365/614/337 372/615/337 366/607/337
f 366/607/338 368/616/338 362/617/338
f 367/112/339 375/618/339 369/619/339
f 369/619/340 376/620/340 370/621/340
f 376/620/341 371/622/341 370/621/341
f 371/623/342 378/624/342 372/615/342
f 378/624/343 368/616/343 372/615/343
f 379/120/344 375/625/344 373/116/344
f 381/626/345 376/627/345 375/625/345
f 382/628/346 377/629/346 376/627/346
f 383/630/347 378/624/347 377/631/347
f 384/632/348 374/633/348 378/624/348
f 194/130/349 381/634/349 379/120/349
f 198/635/350 382/636/350 381/634/350
f 197/637/351 383/638/351 382/636/351
f 196/391/352 384/632/352 383/630/352
f 195/390/353 380/639/353 384/632/353
f 278/506/354 326/561/354 374/633/354
f 416/640/354 432/641/354 386/642/354
f 385/643/193 431/644/193 415/645/193
f 397/646/22 400/647/22 398/648/22
f 399/649/23 402/650/23 400/647/23
f 431/91/7 434/94/7 432/89/7
f 429/651/6 432/652/6 430/653/6
f 2/1/1 8/122/1 388/2/1
f 194/4/1 385/654/1 387/5/1
f 20/7/2 26/13/2 392/8/2
f 211/10/2 389/126/2 391/11/2
f 26/13/3 32/17/3 394/14/3
f 223/15/3 217/12/3 391/11/3
f 32/17/4 38/21/4 396/18/4
f 229/19/4 223/15/4 393/16/4
f 38/21/5 44/25/5 398/22/5
f 235/23/5 229/19/5 395/20/5
f 44/25/6 50/29/6 400/26/6
f 241/27/6 235/23/6 397/24/6
f 50/29/7 56/33/7 402/30/7
f 247/31/7 241/27/7 399/28/7
f 56/33/8 62/37/8 404/34/8
f 253/35/8 247/31/8 401/32/8
f 62/37/9 68/41/9 406/38/9
f 259/39/9 253/35/9 403/36/9
f 68/41/10 74/45/10 408/42/10
f 265/43/10 259/39/10 405/40/10
f 74/45/11 80/49/11 410/46/11
f 271/47/11 265/43/11 407/44/11
f 80/49/12 86/53/12 412/50/12
f 277/51/12 271/47/12 409/48/12
f 86/53/13 92/57/13 414/54/13
f 283/55/13 277/51/13 411/52/13
f 92/57/14 98/61/14 416/58/14
f 289/59/14 283/55/14 413/56/14
f 98/61/15 104/65/15 418/62/15
f 295/63/15 289/59/15 415/60/15
f 104/65/16 110/69/16 420/66/16
f 301/67/16 295/63/16 417/64/16
f 110/69/17 116/73/17 422/70/17
f 307/71/17 301/67/17 419/68/17
f 116/73/18 122/77/18 424/74/18
f 313/75/18 307/71/18 421/72/18
f 122/77/19 128/82/19 426/78/19
f 313/75/19 423/76/19 425/79/19
f 134/81/20 428/86/20 426/78/20
f 319/80/20 425/79/20 427/83/20
f 140/85/21 430/90/21 428/86/21
f 325/84/21 427/83/21 429/87/21
f 140/85/22 146/93/22 432/89/22
f 331/88/22 429/87/22 431/91/22
f 146/93/23 152/98/23 434/94/23
f 337/92/23 431/91/23 433/95/23
f 158/97/24 436/102/24 434/94/24
f 343/96/24 433/655/24 435/99/24
f 164/101/25 438/106/25 436/102/25
f 349/100/25 435/99/25 437/103/25
f 164/101/26 170/109/26 440/105/26
f 355/104/26 437/103/26 439/107/26
f 170/109/27 176/114/27 442/110/27
f 361/108/27 439/107/27 441/111/27
f 182/113/28 444/118/28 442/110/28
f 367/112/28 441/111/28 443/115/28
f 188/117/29 446/128/29 444/118/29
f 373/116/29 443/115/29 445/119/29
f 14/121/30 448/125/30 388/2/30
f 199/6/30 387/5/30 447/123/30
f 20/7/31 390/9/31 448/125/31
f 205/124/31 447/123/31 389/126/31
f 2/127/32 386/656/32 446/128/32
f 379/120/32 445/119/32 385/129/32
f 8/122/33 2/1/33 6/131/33
f 6/131/34 5/134/34 11/133/34
f 5/134/35 4/657/35 10/135/35
f 10/136/36 4/383/36 3/137/36
f 9/138/37 3/137/37 1/139/37
f 8/122/38 12/142/38 18/141/38
f 12/142/39 11/658/39 17/143/39
f 17/143/40 11/658/40 10/144/40
f 16/146/41 10/136/41 9/138/41
f 15/147/42 9/138/42 7/140/42
f 14/121/43 18/150/43 24/149/43
f 18/150/44 17/152/44 23/151/44
f 17/152/45 16/659/45 22/153/45
f 22/154/46 16/146/46 15/147/46
f 15/147/47 13/148/47 19/156/47
f 20/7/48 24/158/48 30/157/48
f 24/158/49 23/160/49 29/159/49
f 23/160/50 22/660/50 28/161/50
f 22/154/51 21/155/51 27/162/51
f 27/162/52 21/155/52 19/156/52
f 26/13/53 30/166/53 36/165/53
f 30/166/54 29/168/54 35/167/54
f 29/168/55 28/661/55 34/169/55
f 28/163/56 27/162/56 33/170/56
f 27/162/57 25/164/57 31/172/57
f 32/17/58 36/174/58 42/173/58
f 36/174/59 35/176/59 41/175/59
f 35/176/60 34/662/60 40/177/60
f 34/171/355 33/170/355 39/178/355
f 33/170/62 31/172/62 37/180/62
f 38/21/63 42/182/63 48/181/63
f 42/182/64 41/184/64 47/183/64
f 41/184/65 40/663/65 46/185/65
f 40/179/66 39/178/66 45/186/66
f 39/178/67 37/180/67 43/188/67
f 44/25/68 48/190/68 54/189/68
f 48/190/69 47/192/69 53/191/69
f 47/192/70 46/664/70 52/193/70
f 46/187/71 45/186/71 51/194/71
f 45/186/72 43/188/72 49/196/72
f 50/29/73 54/665/73 60/197/73
f 60/197/74 54/665/74 53/198/74
f 53/198/75 52/666/75 58/200/75
f 52/195/76 51/194/76 57/201/76
f 51/194/77 49/196/77 55/203/77
f 56/33/78 60/667/78 66/204/78
f 66/204/79 60/667/79 59/205/79
f 65/206/80 59/205/80 58/207/80
f 64/209/81 58/202/81 57/201/81
f 63/210/82 57/201/82 55/203/82
f 68/41/83 62/37/83 66/212/83
f 66/212/84 65/668/84 71/214/84
f 71/214/85 65/668/85 64/215/85
f 70/217/86 64/209/86 63/210/86
f 63/210/87 61/211/87 67/219/87
f 68/41/88 72/221/88 78/220/88
f 72/221/89 71/223/89 77/222/89
f 71/223/90 70/669/90 76/224/90
f 70/217/91 69/218/91 75/225/91
f 75/225/92 69/218/92 67/219/92
f 80/49/93 74/45/93 78/228/93
f 84/229/94 78/228/94 77/230/94
f 83/231/95 77/230/95 76/232/95
f 82/234/96 76/226/96 75/225/96
f 81/235/97 75/225/97 73/227/97
f 80/49/98 84/238/98 90/237/98
f 84/238/99 83/240/99 89/239/99
f 83/240/100 82/670/100 88/241/100
f 88/242/101 82/234/101 81/235/101
f 87/243/102 81/235/102 79/236/102
f 86/53/103 90/246/103 96/245/103
f 90/246/104 89/671/104 95/247/104
f 95/247/105 89/671/105 88/248/105
f 88/242/106 87/243/106 93/250/106
f 87/243/107 85/244/107 91/252/107
f 92/57/108 96/254/108 102/253/108
f 96/254/109 95/256/109 101/255/109
f 95/256/110 94/672/110 100/257/110
f 94/251/111 93/250/111 99/258/111
f 93/250/112 91/252/112 97/260/112
f 98/61/113 102/673/113 108/261/113
f 108/261/114 102/673/114 101/262/114
f 107/263/115 101/262/115 100/264/115
f 106/266/116 100/259/116 99/258/116
f 105/267/117 99/258/117 97/260/117
f 110/69/118 104/65/118 108/269/118
f 114/270/119 108/269/119 107/271/119
f 107/271/120 106/674/120 112/273/120
f 112/274/121 106/266/121 105/267/121
f 105/267/122 103/268/122 109/276/122
f 110/69/123 114/675/123 120/277/123
f 120/277/124 114/675/124 113/278/124
f 113/278/125 112/676/125 118/280/125
f 118/281/126 112/274/126 111/275/126
f 111/275/127 109/276/127 115/283/127
f 122/77/128 116/73/128 120/284/128
f 120/284/129 119/287/129 125/286/129
f 119/287/130 118/677/130 124/288/130
f 124/289/131 118/281/131 117/282/131
f 117/282/132 115/283/132 121/291/132
f 122/77/133 126/678/133 132/292/133
f 132/292/134 126/678/134 125/293/134
f 125/293/135 124/679/135 130/295/135
f 130/296/136 124/289/136 123/290/136
f 129/297/137 123/290/137 121/291/137
f 128/82/138 132/680/138 138/299/138
f 138/299/139 132/680/139 131/300/139
f 131/300/140 130/681/140 136/302/140
f 130/296/141 129/297/141 135/303/141
f 129/297/142 127/298/142 133/305/142
f 140/85/143 134/81/143 138/306/143
f 138/306/144 137/682/144 143/308/144
f 143/308/145 137/682/145 136/309/145
f 142/311/146 136/304/146 135/303/146
f 141/312/147 135/303/147 133/305/147
f 140/85/148 144/315/148 150/314/148
f 144/315/149 143/317/149 149/316/149
f 143/317/150 142/683/150 148/318/150
f 142/311/151 141/312/151 147/319/151
f 141/312/152 139/313/152 145/321/152
f 146/93/153 150/684/153 156/322/153
f 156/322/154 150/684/154 149/323/154
f 155/324/155 149/323/155 148/325/155
f 154/327/156 148/320/156 147/319/156
f 153/328/157 147/319/157 145/321/157
f 158/97/158 152/98/158 156/330/158
f 162/331/159 156/330/159 155/332/159
f 161/333/160 155/332/160 154/334/160
f 160/336/161 154/327/161 153/328/161
f 159/337/162 153/328/162 151/329/162
f 164/101/163 158/97/163 162/339/163
f 162/339/164 161/342/164 167/341/164
f 161/342/165 160/685/165 166/343/165
f 166/344/166 160/336/166 159/337/166
f 159/337/167 157/338/167 163/346/167
f 170/109/168 164/101/168 168/347/168
f 168/347/169 167/350/169 173/349/169
f 167/350/170 166/686/170 172/351/170
f 172/352/171 166/344/171 165/345/171
f 165/345/172 163/346/172 169/354/172
f 170/109/173 174/356/173 180/355/173
f 174/356/174 173/358/174 179/357/174
f 173/358/175 172/687/175 178/359/175
f 172/352/176 171/353/176 177/360/176
f 171/353/177 169/354/177 175/362/177
f 176/114/178 180/364/178 186/363/178
f 180/364/179 179/366/179 185/365/179
f 179/366/180 178/688/180 184/367/180
f 178/361/181 177/360/181 183/368/181
f 177/360/182 175/362/182 181/370/182
f 182/113/183 186/372/183 192/371/183
f 186/372/184 185/374/184 191/373/184
f 185/374/185 184/689/185 190/375/185
f 184/369/186 183/368/186 189/376/186
f 183/368/187 181/370/187 187/378/187
f 188/117/188 192/690/188 6/379/188
f 6/379/189 192/690/189 191/380/189
f 191/380/190 190/691/190 4/382/190
f 190/377/191 189/376/191 3/137/191
f 189/376/192 187/378/192 1/139/192
f 175/362/193 169/354/193 151/329/193
f 169/354/193 163/346/193 151/329/193
f 163/346/193 157/338/193 151/329/193
f 151/329/193 145/321/193 139/313/193
f 139/313/193 133/305/193 151/329/193
f 133/305/193 127/298/193 151/329/193
f 127/298/193 121/291/193 103/268/193
f 121/291/193 115/283/193 103/268/193
f 115/283/193 109/276/193 103/268/193
f 103/268/193 97/260/193 79/236/193
f 97/260/193 91/252/193 79/236/193
f 91/252/193 85/244/193 79/236/193
f 79/236/193 73/227/193 55/203/193
f 73/227/193 67/219/193 55/203/193
f 67/219/193 61/211/193 55/203/193
f 55/203/193 49/196/193 43/188/193
f 43/188/193 37/180/193 31/172/193
f 31/172/193 25/164/193 7/140/193
f 25/164/193 19/156/193 7/140/193
f 19/156/193 13/148/193 7/140/193
f 7/140/193 1/139/193 187/378/193
f 187/378/193 181/370/193 7/140/193
f 181/370/193 175/362/193 7/140/193
f 55/203/193 43/188/193 79/236/193
f 43/188/193 31/172/193 79/236/193
f 175/362/193 151/329/193 79/236/193
f 151/329/193 127/298/193 79/236/193
f 127/298/193 103/268/193 79/236/193
f 31/172/193 7/140/193 175/362/193
f 199/6/194 201/385/194 198/384/194
f 201/385/195 202/387/195 197/386/195
f 202/387/196 203/692/196 196/388/196
f 203/389/197 204/392/197 195/390/197
f 204/392/198 200/401/198 193/393/198
f 205/124/199 207/395/199 201/394/199
f 207/395/200 208/397/200 202/396/200
f 208/397/201 209/693/201 203/398/201
f 209/399/202 210/400/202 204/392/202
f 210/400/203 206/409/203 200/401/203
f 205/124/204 211/10/204 213/402/204
f 213/402/205 214/694/205 208/404/205
f 208/404/206 214/694/206 215/405/206
f 215/407/207 216/416/207 210/400/207
f 210/400/208 216/416/208 212/408/208
f 217/12/209 219/411/209 213/410/209
f 219/411/210 220/413/210 214/412/210
f 220/413/211 221/695/211 215/414/211
f 221/415/212 222/417/212 216/416/212
f 222/417/213 218/425/213 212/408/213
f 223/15/214 225/696/214 219/418/214
f 219/418/215 225/696/215 226/419/215
f 220/420/216 226/419/216 227/421/216
f 221/415/217 227/431/217 228/423/217
f 222/417/218 228/423/218 224/424/218
f 229/19/219 231/697/219 225/426/219
f 225/426/220 231/697/220 232/427/220
f 232/427/221 233/698/221 227/429/221
f 233/430/356 234/439/356 228/423/356
f 228/423/223 234/439/223 230/432/223
f 235/23/224 237/699/224 231/433/224
f 231/433/225 237/699/225 238/434/225
f 232/435/226 238/434/226 239/436/226
f 239/438/227 240/440/227 234/439/227
f 240/440/228 236/447/228 230/432/228
f 241/27/229 243/442/229 237/441/229
f 243/442/230 244/444/230 238/443/230
f 244/444/231 245/700/231 239/445/231
f 239/438/232 245/453/232 246/446/232
f 246/446/233 242/455/233 236/447/233
f 247/31/234 249/701/234 243/448/234
f 243/448/235 249/701/235 250/449/235
f 244/450/236 250/449/236 251/451/236
f 245/453/237 251/462/237 252/454/237
f 252/454/238 248/464/238 242/455/238
f 253/35/239 255/457/239 249/456/239
f 255/457/240 256/459/240 250/458/240
f 256/459/241 257/702/241 251/460/241
f 257/461/242 258/471/242 252/454/242
f 252/454/243 258/471/243 254/463/243
f 259/39/244 261/466/244 255/465/244
f 261/466/245 262/468/245 256/467/245
f 262/468/246 263/703/246 257/469/246
f 263/470/247 264/472/247 258/471/247
f 264/472/248 260/480/248 254/463/248
f 265/43/249 267/474/249 261/473/249
f 267/474/250 268/476/250 262/475/250
f 268/476/251 269/704/251 263/477/251
f 269/478/252 270/479/252 264/472/252
f 270/479/253 266/489/253 260/480/253
f 265/43/254 271/47/254 273/481/254
f 267/482/255 273/481/255 274/483/255
f 268/484/256 274/483/256 275/485/256
f 275/487/257 276/488/257 270/479/257
f 276/488/258 272/497/258 266/489/258
f 277/51/259 279/491/259 273/490/259
f 279/491/260 280/493/260 274/492/260
f 280/493/261 281/705/261 275/494/261
f 281/495/262 282/496/262 276/488/262
f 282/496/263 278/506/263 272/497/263
f 277/51/264 283/55/264 285/498/264
f 279/499/265 285/498/265 286/500/265
f 280/501/266 286/500/266 287/502/266
f 287/504/267 288/513/267 282/496/267
f 282/496/268 288/513/268 284/505/268
f 289/59/269 291/508/269 285/507/269
f 291/508/270 292/510/270 286/509/270
f 292/510/271 293/706/271 287/511/271
f 287/504/272 293/521/272 294/512/272
f 288/513/273 294/512/273 290/514/273
f 295/63/274 297/516/274 291/515/274
f 297/516/275 298/518/275 292/517/275
f 298/518/276 299/707/276 293/519/276
f 299/520/277 300/522/277 294/512/277
f 300/522/278 296/530/278 290/514/278
f 301/67/279 303/524/279 297/523/279
f 303/524/280 304/708/280 298/525/280
f 298/525/281 304/708/281 305/526/281
f 305/528/282 306/529/282 300/522/282
f 306/529/283 302/537/283 296/530/283
f 307/71/284 309/532/284 303/531/284
f 309/532/285 310/709/285 304/533/285
f 304/533/286 310/709/286 311/534/286
f 305/528/287 311/543/287 312/536/287
f 312/536/288 308/545/288 302/537/288
f 313/75/289 315/710/289 309/538/289
f 309/538/290 315/710/290 316/539/290
f 316/539/291 317/711/291 311/541/291
f 317/542/292 318/552/292 312/536/292
f 312/536/293 318/552/293 314/544/293
f 319/80/294 321/712/294 315/546/294
f 315/546/295 321/712/295 322/547/295
f 316/548/296 322/547/296 323/549/296
f 317/542/297 323/559/297 324/551/297
f 318/552/298 324/551/298 320/553/298
f 319/80/299 325/84/299 327/554/299
f 327/554/300 328/713/300 322/556/300
f 322/556/301 328/713/301 329/557/301
f 323/559/302 329/568/302 330/560/302
f 324/551/303 330/560/303 326/561/303
f 331/88/304 333/563/304 327/562/304
f 333/563/305 334/565/305 328/564/305
f 334/565/306 335/714/306 329/566/306
f 335/567/307 336/569/307 330/560/307
f 336/569/308 332/577/308 326/561/308
f 337/92/309 339/571/309 333/570/309
f 339/571/310 340/573/310 334/572/310
f 340/573/311 341/715/311 335/574/311
f 341/575/312 342/576/312 336/569/312
f 342/576/313 338/585/313 332/577/313
f 343/96/314 345/579/314 339/578/314
f 345/579/315 346/581/315 340/580/315
f 346/581/316 347/716/316 341/582/316
f 347/583/317 348/592/317 342/576/317
f 342/576/318 348/592/318 344/584/318
f 349/100/319 351/587/319 345/586/319
f 351/587/320 352/589/320 346/588/320
f 352/589/321 353/717/321 347/590/321
f 353/591/322 354/600/322 348/592/322
f 348/592/323 354/600/323 350/593/323
f 355/104/324 357/595/324 351/594/324
f 357/595/325 358/597/325 352/596/325
f 358/597/326 359/718/326 353/598/326
f 359/599/327 360/601/327 354/600/327
f 360/601/328 356/608/328 350/593/328
f 355/104/329 361/108/329 363/602/329
f 363/602/330 364/719/330 358/604/330
f 358/604/331 364/719/331 365/605/331
f 359/599/332 365/614/332 366/607/332
f 366/607/333 362/617/333 356/608/333
f 367/112/334 369/610/334 363/609/334
f 369/610/335 370/720/335 364/611/335
f 364/611/336 370/720/336 371/612/336
f 365/614/337 371/623/337 372/615/337
f 366/607/338 372/615/338 368/616/338
f 367/112/339 373/116/339 375/618/339
f 369/619/340 375/618/340 376/620/340
f 376/620/341 377/721/341 371/622/341
f 371/623/342 377/631/342 378/624/342
f 378/624/343 374/633/343 368/616/343
f 379/120/344 381/626/344 375/625/344
f 381/626/345 382/628/345 376/627/345
f 382/628/346 383/722/346 377/629/346
f 383/630/347 384/632/347 378/624/347
f 384/632/348 380/639/348 374/633/348
f 194/130/349 198/635/349 381/634/349
f 198/635/350 197/637/350 382/636/350
f 197/637/351 196/723/351 383/638/351
f 196/391/352 195/390/352 384/632/352
f 195/390/353 193/393/353 380/639/353
f 374/633/354 380/639/354 206/409/354
f 380/639/354 193/393/354 206/409/354
f 193/393/354 200/401/354 206/409/354
f 206/409/354 212/408/354 218/425/354
f 218/425/354 224/424/354 230/432/354
f 230/432/354 236/447/354 242/455/354
f 242/455/354 248/464/354 230/432/354
f 248/464/354 254/463/354 230/432/354
f 254/463/354 260/480/354 266/489/354
f 266/489/354 272/497/354 278/506/354
f 278/506/354 284/505/354 290/514/354
f 290/514/354 296/530/354 302/537/354
f 302/537/354 308/545/354 314/544/354
f 314/544/354 320/553/354 326/561/354
f 326/561/354 332/577/354 350/593/354
f 332/577/354 338/585/354 350/593/354
f 338/585/354 344/584/354 350/593/354
f 350/593/354 356/608/354 362/617/354
f 362/617/354 368/616/354 374/633/354
f 206/409/354 218/425/354 374/633/354
f 218/425/354 230/432/354 374/633/354
f 254/463/354 266/489/354 230/432/354
f 266/489/354 278/506/354 230/432/354
f 278/506/354 290/514/354 302/537/354
f 302/537/354 314/544/354 326/561/354
f 350/593/354 362/617/354 326/561/354
f 362/617/354 374/633/354 326/561/354
f 278/506/354 302/537/354 326/561/354
f 374/633/354 230/432/354 278/506/354
f 386/642/354 388/724/354 392/725/354
f 388/724/354 448/726/354 392/725/354
f 448/726/354 390/727/354 392/725/354
f 392/725/354 394/728/354 396/729/354
f 396/729/354 398/730/354 392/725/354
f 398/730/354 400/731/354 392/725/354
f 400/731/354 402/732/354 404/733/354
f 404/733/354 406/734/354 400/731/354
f 406/734/354 408/735/354 400/731/354
f 408/735/354 410/736/354 412/737/354
f 412/737/354 414/738/354 416/640/354
f 416/640/354 418/739/354 420/740/354
f 420/740/354 422/741/354 424/742/354
f 424/742/354 426/743/354 428/744/354
f 428/744/354 430/745/354 424/742/354
f 430/745/354 432/641/354 424/742/354
f 432/641/354 434/746/354 436/747/354
f 436/747/354 438/748/354 432/641/354
f 438/748/354 440/749/354 432/641/354
f 440/749/354 442/750/354 386/642/354
f 442/750/354 444/751/354 386/642/354
f 444/751/354 446/752/354 386/642/354
f 408/735/354 412/737/354 416/640/354
f 416/640/354 420/740/354 424/742/354
f 386/642/354 392/725/354 416/640/354
f 392/725/354 400/731/354 416/640/354
f 400/731/354 408/735/354 416/640/354
f 416/640/354 424/742/354 432/641/354
f 432/641/354 440/749/354 386/642/354
f 415/645/193 413/753/193 411/754/193
f 411/754/193 409/755/193 407/756/193
f 407/756/193 405/757/193 403/758/193
f 403/758/193 401/759/193 407/756/193
f 401/759/193 399/760/193 407/756/193
f 399/760/193 397/761/193 395/762/193
f 395/762/193 393/763/193 391/764/193
f 391/764/193 389/765/193 447/766/193
f 447/766/193 387/767/193 385/643/193
f 385/643/193 445/768/193 443/769/193
f 443/769/193 441/770/193 385/643/193
f 441/770/193 439/771/193 385/643/193
f 439/771/193 437/772/193 435/773/193
f 435/773/193 433/774/193 431/644/193
f 431/644/193 429/775/193 427/776/193
f 427/776/193 425/777/193 431/644/193
f 425/777/193 423/778/193 431/644/193
f 423/778/193 421/779/193 415/645/193
f 421/779/193 419/780/193 415/645/193
f 419/780/193 417/781/193 415/645/193
f 415/645/193 411/754/193 407/756/193
f 399/760/193 395/762/193 391/764/193
f 391/764/193 447/766/193 385/643/193
f 439/771/193 435/773/193 431/644/193
f 415/645/193 407/756/193 399/760/193
f 399/760/193 391/764/193 385/643/193
f 385/643/193 439/771/193 431/644/193
f 431/644/193 423/778/193 415/645/193
f 415/645/193 399/760/193 385/643/193
f 397/646/22 399/649/22 400/647/22
f 399/649/23 401/782/23 402/650/23
f 431/91/7 433/95/7 434/94/7
f 429/651/6 431/783/6 432/652/6
o 円柱.001_円柱.003
v -0.000000 -0.924205 -0.923813
v 0.000000 -0.936967 -0.937360
v -0.000000 0.924205 -0.923813
v 0.000000 0.936967 -0.937360
v 0.180227 -0.924205 -0.906062
v 0.182870 -0.936967 -0.919349
v 0.180227 0.924205 -0.906062
v 0.182870 0.936967 -0.919349
v 0.353528 -0.924205 -0.853492
v 0.358712 -0.936967 -0.866008
v 0.353528 0.924205 -0.853492
v 0.358712 0.936967 -0.866008
v 0.513243 -0.924205 -0.768122
v 0.520769 -0.936967 -0.779386
v 0.513243 0.924205 -0.768122
v 0.520769 0.936967 -0.779386
v 0.653234 -0.924205 -0.653234
v 0.662813 -0.936967 -0.662813
v 0.653234 0.924205 -0.653234
v 0.662813 0.936967 -0.662813
v 0.768122 -0.924205 -0.513243
v 0.779386 -0.936967 -0.520769
v 0.768122 0.924205 -0.513243
v 0.779386 0.936967 -0.520769
v 0.853492 -0.924205 -0.353528
v 0.866008 -0.936967 -0.358712
v 0.853492 0.924205 -0.353528
v 0.866008 0.936967 -0.358712
v 0.906062 -0.924205 -0.180227
v 0.919349 -0.936967 -0.182870
v 0.906062 0.924205 -0.180227
v 0.919349 0.936967 -0.182870
v -0.906062 -0.924205 -0.180227
v -0.919349 -0.936967 -0.182870
v -0.906062 0.924205 -0.180227
v -0.919349 0.936967 -0.182870
v -0.853492 -0.924205 -0.353528
v -0.866008 -0.936967 -0.358712
v -0.853492 0.924205 -0.353528
v -0.866008 0.936967 -0.358712
v -0.768122 -0.924205 -0.513243
v -0.779386 -0.936967 -0.520769
v -0.768122 0.924205 -0.513243
v -0.779386 0.936967 -0.520769
v -0.653234 -0.924205 -0.653234
v -0.662814 -0.936967 -0.662813
v -0.653234 0.924205 -0.653234
v -0.662814 0.936967 -0.662813
v -0.513243 -0.924205 -0.768122
v -0.520769 -0.936967 -0.779386
v -0.513243 0.924205 -0.768122
v -0.520769 0.936967 -0.779386
v -0.353528 -0.924205 -0.853492
v -0.358712 -0.936967 -0.866008
v -0.353528 0.924205 -0.853492
v -0.358712 0.936967 -0.866008
v -0.180227 -0.924205 -0.906062
v -0.182870 -0.936967 -0.919349
v -0.180227 0.924205 -0.906062
v -0.182870 0.936967 -0.919349
v -0.000000 -0.723789 -0.921280
v 0.000000 -0.723789 -0.939892
v -0.000000 -0.516992 -0.921280
v 0.000000 -0.516992 -0.939892
v -0.000000 -0.310195 -0.921280
v 0.000000 -0.310195 -0.939892
v -0.000000 -0.103398 -0.921280
v 0.000000 -0.103398 -0.939892
v -0.000000 0.103398 -0.921280
v 0.000000 0.103398 -0.939892
v -0.000000 0.310195 -0.921280
v 0.000000 0.310195 -0.939892
v -0.000000 0.516992 -0.921280
v 0.000000 0.516992 -0.939892
v -0.000000 0.723789 -0.921280
v 0.000000 0.723789 -0.939892
v 0.179733 0.723789 -0.903578
v 0.183364 0.723789 -0.921832
v 0.179733 0.516992 -0.903578
v 0.183364 0.516992 -0.921832
v 0.179733 0.310195 -0.903578
v 0.183364 0.310195 -0.921832
v 0.179733 0.103398 -0.903578
v 0.183364 0.103398 -0.921832
v 0.179733 -0.103398 -0.903578
v 0.183364 -0.103398 -0.921832
v 0.179733 -0.310195 -0.903578
v 0.183364 -0.310195 -0.921832
v 0.179733 -0.516992 -0.903578
v 0.183364 -0.516992 -0.921832
v 0.179733 -0.723789 -0.903578
v 0.183364 -0.723789 -0.921832
v 0.352559 0.723789 -0.851152
v 0.359681 0.723789 -0.868347
v 0.352559 0.516992 -0.851152
v 0.359681 0.516992 -0.868347
v 0.352559 0.310195 -0.851152
v 0.359681 0.310195 -0.868347
v 0.352559 0.103398 -0.851152
v 0.359681 0.103398 -0.868347
v 0.352559 -0.103398 -0.851152
v 0.359681 -0.103398 -0.868347
v 0.352559 -0.310195 -0.851152
v 0.359681 -0.310195 -0.868347
v 0.352559 -0.516992 -0.851152
v 0.359681 -0.516992 -0.868347
v 0.352559 -0.723789 -0.851152
v 0.359681 -0.723789 -0.868347
v 0.511836 0.723789 -0.766017
v 0.522176 0.723789 -0.781492
v 0.511836 0.516992 -0.766017
v 0.522176 0.516992 -0.781492
v 0.511836 0.310195 -0.766017
v 0.522176 0.310195 -0.781492
v 0.511836 0.103398 -0.766017
v 0.522176 0.103398 -0.781492
v 0.511836 -0.103398 -0.766017
v 0.522176 -0.103398 -0.781492
v 0.511836 -0.310195 -0.766017
v 0.522176 -0.310195 -0.781492
v 0.511836 -0.516992 -0.766017
v 0.522176 -0.516992 -0.781492
v 0.511836 -0.723789 -0.766017
v 0.522176 -0.723789 -0.781492
v 0.651444 0.723789 -0.651444
v 0.664604 0.723789 -0.664604
v 0.651444 0.516992 -0.651444
v 0.664604 0.516992 -0.664604
v 0.651444 0.310195 -0.651444
v 0.664604 0.310195 -0.664604
v 0.651444 0.103398 -0.651444
v 0.664604 0.103398 -0.664604
v 0.651444 -0.103398 -0.651444
v 0.664604 -0.103398 -0.664604
v 0.651444 -0.310195 -0.651444
v 0.664604 -0.310195 -0.664604
v 0.651444 -0.516992 -0.651444
v 0.664604 -0.516992 -0.664604
v 0.651444 -0.723789 -0.651444
v 0.664604 -0.723789 -0.664604
v 0.766017 0.723789 -0.511836
v 0.781492 0.723789 -0.522176
v 0.766017 0.516992 -0.511836
v 0.781492 0.516992 -0.522176
v 0.766017 0.310195 -0.511836
v 0.781492 0.310195 -0.522176
v 0.766017 0.103398 -0.511836
v 0.781492 0.103398 -0.522176
v 0.766017 -0.103398 -0.511836
v 0.781492 -0.103398 -0.522176
v 0.766017 -0.310195 -0.511836
v 0.781492 -0.310195 -0.522176
v 0.766017 -0.516992 -0.511836
v 0.781492 -0.516992 -0.522176
v 0.766017 -0.723789 -0.511836
v 0.781492 -0.723789 -0.522176
v 0.851152 0.723789 -0.352559
v 0.868347 0.723789 -0.359681
v 0.851152 0.516992 -0.352559
v 0.868347 0.516992 -0.359681
v 0.851152 0.310195 -0.352559
v 0.868347 0.310195 -0.359681
v 0.851152 0.103398 -0.352559
v 0.868347 0.103398 -0.359681
v 0.851152 -0.103398 -0.352559
v 0.868347 -0.103398 -0.359681
v 0.851152 -0.310195 -0.352559
v 0.868347 -0.310195 -0.359681
v 0.851152 -0.516992 -0.352559
v 0.868347 -0.516992 -0.359681
v 0.851152 -0.723789 -0.352559
v 0.868347 -0.723789 -0.359681
v 0.903578 0.723789 -0.179733
v 0.921832 0.723789 -0.183364
v 0.903578 0.516992 -0.179733
v 0.921832 0.516992 -0.183364
v 0.903578 0.310195 -0.179733
v 0.921832 0.310195 -0.183364
v 0.903578 0.103398 -0.179733
v 0.921832 0.103398 -0.183364
v 0.903578 -0.103398 -0.179733
v 0.921832 -0.103398 -0.183364
v 0.903578 -0.310195 -0.179733
v 0.921832 -0.310195 -0.183364
v 0.903578 -0.516992 -0.179733
v 0.921832 -0.516992 -0.183364
v 0.903578 -0.723789 -0.179733
v 0.921832 -0.723789 -0.183364
v -0.903578 0.723789 -0.179733
v -0.921832 0.723789 -0.183364
v -0.903578 0.516992 -0.179733
v -0.921832 0.516992 -0.183364
v -0.903578 0.310195 -0.179733
v -0.921832 0.310195 -0.183364
v -0.903578 0.103398 -0.179733
v -0.921832 0.103398 -0.183364
v -0.903578 -0.103398 -0.179733
v -0.921832 -0.103398 -0.183364
v -0.903578 -0.310195 -0.179733
v -0.921832 -0.310195 -0.183364
v -0.903578 -0.516992 -0.179733
v -0.921832 -0.516992 -0.183364
v -0.903578 -0.723789 -0.179733
v -0.921832 -0.723789 -0.183364
v -0.851152 0.723789 -0.352559
v -0.868347 0.723789 -0.359681
v -0.851152 0.516992 -0.352559
v -0.868347 0.516992 -0.359681
v -0.851152 0.310195 -0.352559
v -0.868347 0.310195 -0.359681
v -0.851152 0.103398 -0.352559
v -0.868347 0.103398 -0.359681
v -0.851152 -0.103398 -0.352559
v -0.868347 -0.103398 -0.359681
v -0.851152 -0.310195 -0.352559
v -0.868347 -0.310195 -0.359681
v -0.851152 -0.516992 -0.352559
v -0.868347 -0.516992 -0.359681
v -0.851152 -0.723789 -0.352559
v -0.868347 -0.723789 -0.359681
v -0.766017 0.723789 -0.511836
v -0.781492 0.723789 -0.522176
v -0.766017 0.516992 -0.511836
v -0.781492 0.516992 -0.522176
v -0.766017 0.310195 -0.511836
v -0.781492 0.310195 -0.522176
v -0.766017 0.103398 -0.511836
v -0.781492 0.103398 -0.522176
v -0.766017 -0.103398 -0.511836
v -0.781492 -0.103398 -0.522176
v -0.766017 -0.310195 -0.511836
v -0.781492 -0.310195 -0.522176
v -0.766017 -0.516992 -0.511836
v -0.781492 -0.516992 -0.522176
v -0.766017 -0.723789 -0.511836
v -0.781492 -0.723789 -0.522176
v -0.651444 0.723789 -0.651444
v -0.664604 0.723789 -0.664604
v -0.651444 0.516992 -0.651444
v -0.664604 0.516992 -0.664604
v -0.651444 0.310195 -0.651444
v -0.664604 0.310195 -0.664604
v -0.651444 0.103398 -0.651444
v -0.664604 0.103398 -0.664604
v -0.651444 -0.103398 -0.651444
v -0.664604 -0.103398 -0.664604
v -0.651444 -0.310195 -0.651444
v -0.664604 -0.310195 -0.664604
v -0.651444 -0.516992 -0.651444
v -0.664604 -0.516992 -0.664604
v -0.651444 -0.723789 -0.651444
v -0.664604 -0.723789 -0.664604
v -0.511836 0.723789 -0.766017
v -0.522176 0.723789 -0.781492
v -0.511836 0.516992 -0.766017
v -0.522176 0.516992 -0.781492
v -0.511836 0.310195 -0.766017
v -0.522176 0.310195 -0.781492
v -0.511836 0.103398 -0.766017
v -0.522176 0.103398 -0.781492
v -0.511836 -0.103398 -0.766017
v -0.522176 -0.103398 -0.781492
v -0.511836 -0.310195 -0.766017
v -0.522176 -0.310195 -0.781492
v -0.511836 -0.516992 -0.766017
v -0.522176 -0.516992 -0.781492
v -0.511836 -0.723789 -0.766017
v -0.522176 -0.723789 -0.781492
v -0.352559 0.723789 -0.851152
v -0.359681 0.723789 -0.868347
v -0.352559 0.516992 -0.851152
v -0.359681 0.516992 -0.868347
v -0.352559 0.310195 -0.851152
v -0.359681 0.310195 -0.868347
v -0.352559 0.103398 -0.851152
v -0.359681 0.103398 -0.868347
v -0.352559 -0.103398 -0.851152
v -0.359681 -0.103398 -0.868347
v -0.352559 -0.310195 -0.851152
v -0.359681 -0.310195 -0.868347
v -0.352559 -0.516992 -0.851152
v -0.359681 -0.516992 -0.868347
v -0.352559 -0.723789 -0.851152
v -0.359681 -0.723789 -0.868347
v -0.179733 0.723789 -0.903578
v -0.183364 0.723789 -0.921832
v -0.179733 0.516992 -0.903578
v -0.183364 0.516992 -0.921832
v -0.179733 0.310195 -0.903578
v -0.183364 0.310195 -0.921832
v -0.179733 0.103398 -0.903578
v -0.183364 0.103398 -0.921832
v -0.179733 -0.103398 -0.903578
v -0.183364 -0.103398 -0.921832
v -0.179733 -0.310195 -0.903578
v -0.183364 -0.310195 -0.921832
v -0.179733 -0.516992 -0.903578
v -0.183364 -0.516992 -0.921832
v -0.179733 -0.723789 -0.903578
v -0.183364 -0.723789 -0.921832
v 0.009261 0.733095 -0.929674
v 0.009261 0.921280 -0.929674
v 0.172287 0.921280 -0.913617
v 0.172287 0.733095 -0.913617
v 0.190454 0.733095 -0.910004
v 0.190454 0.921280 -0.910004
v 0.347215 0.921280 -0.862451
v 0.347215 0.733095 -0.862451
v 0.364327 0.733095 -0.855363
v 0.364327 0.921280 -0.855363
v 0.508799 0.921280 -0.778141
v 0.508799 0.733095 -0.778141
v 0.524200 0.733095 -0.767851
v 0.524200 0.921280 -0.767851
v 0.650830 0.921280 -0.663927
v 0.650830 0.733095 -0.663927
v 0.663927 0.733095 -0.650830
v 0.663927 0.921280 -0.650830
v 0.767851 0.921280 -0.524200
v 0.767851 0.733095 -0.524200
v 0.778141 0.733095 -0.508799
v 0.778141 0.921280 -0.508799
v 0.855363 0.921280 -0.364327
v 0.855363 0.733095 -0.364327
v 0.862451 0.733095 -0.347215
v 0.862451 0.921280 -0.347215
v 0.910004 0.921280 -0.190454
v 0.910004 0.733095 -0.190454
v 0.913617 0.733095 -0.172287
v 0.913617 0.921280 -0.172287
v -0.913617 0.921280 -0.172287
v -0.913617 0.733095 -0.172287
v -0.910004 0.733095 -0.190454
v -0.910004 0.921280 -0.190454
v -0.862451 0.921280 -0.347215
v -0.862451 0.733095 -0.347215
v -0.855363 0.733095 -0.364327
v -0.855363 0.921280 -0.364327
v -0.778141 0.921280 -0.508799
v -0.778141 0.733095 -0.508799
v -0.767851 0.733095 -0.524199
v -0.767851 0.921280 -0.524199
v -0.663927 0.921280 -0.650830
v -0.663927 0.733095 -0.650830
v -0.650830 0.733095 -0.663927
v -0.650830 0.921280 -0.663927
v -0.524200 0.921280 -0.767851
v -0.524200 0.733095 -0.767851
v -0.508799 0.733095 -0.778141
v -0.508799 0.921280 -0.778141
v -0.364327 0.921280 -0.855363
v -0.364327 0.733095 -0.855363
v 0.179724 0.930586 -0.903534
v -0.000000 0.930586 -0.921235
v -0.179724 0.930586 -0.903534
v -0.352542 0.930586 -0.851111
v -0.511811 0.930586 -0.765979
v -0.651412 0.930586 -0.651412
v -0.765979 0.930586 -0.511811
v -0.851110 0.930586 -0.352542
v -0.903534 0.930586 -0.179724
v 0.903534 0.930586 -0.179724
v 0.851111 0.930586 -0.352542
v 0.765979 0.930586 -0.511811
v 0.651412 0.930586 -0.651412
v 0.511811 0.930586 -0.765979
v 0.352542 0.930586 -0.851111
v -0.347215 0.733095 -0.862451
v -0.347215 0.921280 -0.862451
v -0.190453 0.921280 -0.910004
v -0.190453 0.733095 -0.910004
v -0.172287 0.733095 -0.913617
v -0.172287 0.921280 -0.913617
v -0.009261 0.921280 -0.929674
v -0.009261 0.733095 -0.929674
v -0.000000 -0.930586 -0.921235
v 0.179724 -0.930586 -0.903534
v 0.352542 -0.930586 -0.851111
v 0.511811 -0.930586 -0.765979
v 0.651412 -0.930586 -0.651412
v 0.765979 -0.930586 -0.511811
v 0.851111 -0.930586 -0.352542
v 0.903534 -0.930586 -0.179724
v -0.903534 -0.930586 -0.179724
v -0.851110 -0.930586 -0.352542
v -0.765979 -0.930586 -0.511811
v -0.651412 -0.930586 -0.651412
v -0.511811 -0.930586 -0.765979
v -0.352542 -0.930586 -0.851111
v -0.179724 -0.930586 -0.903534
v -0.172287 -0.921280 -0.913617
v -0.172287 -0.733095 -0.913617
v -0.009261 -0.733095 -0.929674
v -0.009261 -0.921280 -0.929674
v -0.172287 -0.714483 -0.913617
v -0.172287 -0.526298 -0.913617
v -0.009261 -0.526298 -0.929674
v -0.009261 -0.714483 -0.929674
v -0.172287 -0.507687 -0.913617
v -0.172287 -0.319501 -0.913617
v -0.009261 -0.319501 -0.929674
v -0.009261 -0.507687 -0.929674
v -0.172287 -0.300890 -0.913617
v -0.172287 -0.112704 -0.913617
v -0.009261 -0.112704 -0.929674
v -0.009261 -0.300890 -0.929674
v -0.172287 -0.094093 -0.913617
v -0.172287 0.094093 -0.913617
v -0.009261 0.094093 -0.929674
v -0.009261 -0.094093 -0.929674
v -0.172287 0.112704 -0.913617
v -0.172287 0.300890 -0.913617
v -0.009261 0.300890 -0.929674
v -0.009261 0.112704 -0.929674
v -0.172287 0.319501 -0.913617
v -0.172287 0.507687 -0.913617
v -0.009261 0.507687 -0.929674
v -0.009261 0.319501 -0.929674
v -0.172287 0.526298 -0.913617
v -0.172287 0.714483 -0.913617
v -0.009261 0.714483 -0.929674
v -0.009261 0.526298 -0.929674
v -0.347215 -0.921280 -0.862451
v -0.347215 -0.733095 -0.862451
v -0.190453 -0.733095 -0.910004
v -0.190453 -0.921280 -0.910004
v -0.347215 -0.714483 -0.862451
v -0.347215 -0.526298 -0.862451
v -0.190453 -0.526298 -0.910004
v -0.190453 -0.714483 -0.910004
v -0.347215 -0.507687 -0.862451
v -0.347215 -0.319501 -0.862451
v -0.190453 -0.319501 -0.910004
v -0.190453 -0.507687 -0.910004
v -0.347215 -0.300890 -0.862451
v -0.347215 -0.112704 -0.862451
v -0.190453 -0.112704 -0.910004
v -0.190453 -0.300890 -0.910004
v -0.347215 -0.094093 -0.862451
v -0.347215 0.094093 -0.862451
v -0.190453 0.094093 -0.910004
v -0.190453 -0.094093 -0.910004
v -0.347215 0.112704 -0.862451
v -0.347215 0.300890 -0.862451
v -0.190453 0.300890 -0.910004
v -0.190453 0.112704 -0.910004
v -0.347215 0.319501 -0.862451
v -0.347215 0.507687 -0.862451
v -0.190453 0.507687 -0.910004
v -0.190453 0.319501 -0.910004
v -0.347215 0.526298 -0.862451
v -0.347215 0.714483 -0.862451
v -0.190453 0.714483 -0.910004
v -0.190453 0.526298 -0.910004
v -0.508799 -0.921280 -0.778141
v -0.508799 -0.733095 -0.778141
v -0.364327 -0.733095 -0.855363
v -0.364327 -0.921280 -0.855363
v -0.508799 -0.714483 -0.778141
v -0.508799 -0.526298 -0.778141
v -0.364327 -0.526298 -0.855363
v -0.364327 -0.714483 -0.855363
v -0.508799 -0.507687 -0.778141
v -0.508799 -0.319501 -0.778141
v -0.364327 -0.319501 -0.855363
v -0.364327 -0.507687 -0.855363
v -0.508799 -0.300890 -0.778141
v -0.508799 -0.112704 -0.778141
v -0.364327 -0.112704 -0.855363
v -0.364327 -0.300890 -0.855363
v -0.508799 -0.094093 -0.778141
v -0.508799 0.094093 -0.778141
v -0.364327 0.094093 -0.855363
v -0.364327 -0.094093 -0.855363
v -0.508799 0.112704 -0.778141
v -0.508799 0.300890 -0.778141
v -0.364327 0.300890 -0.855363
v -0.364327 0.112704 -0.855363
v -0.508799 0.319501 -0.778141
v -0.508799 0.507687 -0.778141
v -0.364327 0.507687 -0.855363
v -0.364327 0.319501 -0.855363
v -0.508799 0.526298 -0.778141
v -0.508799 0.714483 -0.778141
v -0.364327 0.714483 -0.855363
v -0.364327 0.526298 -0.855363
v -0.650830 -0.921280 -0.663927
v -0.650830 -0.733095 -0.663927
v -0.524200 -0.733095 -0.767851
v -0.524200 -0.921280 -0.767851
v -0.650830 -0.714483 -0.663927
v -0.650830 -0.526298 -0.663927
v -0.524200 -0.526298 -0.767851
v -0.524200 -0.714483 -0.767851
v -0.650830 -0.507687 -0.663927
v -0.650830 -0.319501 -0.663927
v -0.524200 -0.319501 -0.767851
v -0.524200 -0.507687 -0.767851
v -0.650830 -0.300890 -0.663927
v -0.650830 -0.112704 -0.663927
v -0.524200 -0.112704 -0.767851
v -0.524200 -0.300890 -0.767851
v -0.650830 -0.094093 -0.663927
v -0.650830 0.094093 -0.663927
v -0.524200 0.094093 -0.767851
v -0.524200 -0.094093 -0.767851
v -0.650830 0.112704 -0.663927
v -0.650830 0.300890 -0.663927
v -0.524200 0.300890 -0.767851
v -0.524200 0.112704 -0.767851
v -0.650830 0.319501 -0.663927
v -0.650830 0.507687 -0.663927
v -0.524200 0.507687 -0.767851
v -0.524200 0.319501 -0.767851
v -0.650830 0.526298 -0.663927
v -0.650830 0.714483 -0.663927
v -0.524200 0.714483 -0.767851
v -0.524200 0.526298 -0.767851
v -0.767851 -0.921280 -0.524199
v -0.767851 -0.733095 -0.524199
v -0.663927 -0.733095 -0.650830
v -0.663927 -0.921280 -0.650830
v -0.767851 -0.714483 -0.524199
v -0.767851 -0.526298 -0.524199
v -0.663927 -0.526298 -0.650830
v -0.663927 -0.714483 -0.650830
v -0.767851 -0.507687 -0.524199
v -0.767851 -0.319501 -0.524199
v -0.663927 -0.319501 -0.650830
v -0.663927 -0.507687 -0.650830
v -0.767851 -0.300890 -0.524199
v -0.767851 -0.112704 -0.524199
v -0.663927 -0.112704 -0.650830
v -0.663927 -0.300890 -0.650830
v -0.767851 -0.094093 -0.524199
v -0.767851 0.094093 -0.524199
v -0.663927 0.094093 -0.650830
v -0.663927 -0.094093 -0.650830
v -0.767851 0.112704 -0.524199
v -0.767851 0.300890 -0.524199
v -0.663927 0.300890 -0.650830
v -0.663927 0.112704 -0.650830
v -0.767851 0.319501 -0.524199
v -0.767851 0.507687 -0.524199
v -0.663927 0.507687 -0.650830
v -0.663927 0.319501 -0.650830
v -0.767851 0.526298 -0.524199
v -0.767851 0.714483 -0.524199
v -0.663927 0.714483 -0.650830
v -0.663927 0.526298 -0.650830
v -0.855363 -0.921280 -0.364327
v -0.855363 -0.733095 -0.364327
v -0.778141 -0.733095 -0.508799
v -0.778141 -0.921280 -0.508799
v -0.855363 -0.714483 -0.364327
v -0.855363 -0.526298 -0.364327
v -0.778141 -0.526298 -0.508799
v -0.778141 -0.714483 -0.508799
v -0.855363 -0.507687 -0.364327
v -0.855363 -0.319501 -0.364327
v -0.778141 -0.319501 -0.508799
v -0.778141 -0.507687 -0.508799
v -0.855363 -0.300890 -0.364327
v -0.855363 -0.112704 -0.364327
v -0.778141 -0.112704 -0.508799
v -0.778141 -0.300890 -0.508799
v -0.855363 -0.094093 -0.364327
v -0.855363 0.094093 -0.364327
v -0.778141 0.094093 -0.508799
v -0.778141 -0.094093 -0.508799
v -0.855363 0.112704 -0.364327
v -0.855363 0.300890 -0.364327
v -0.778141 0.300890 -0.508799
v -0.778141 0.112704 -0.508799
v -0.855363 0.319501 -0.364327
v -0.855363 0.507687 -0.364327
v -0.778141 0.507687 -0.508799
v -0.778141 0.319501 -0.508799
v -0.855363 0.526298 -0.364327
v -0.855363 0.714483 -0.364327
v -0.778141 0.714483 -0.508799
v -0.778141 0.526298 -0.508799
v -0.910004 -0.921280 -0.190454
v -0.910004 -0.733095 -0.190454
v -0.862451 -0.733095 -0.347215
v -0.862451 -0.921280 -0.347215
v -0.910004 -0.714483 -0.190454
v -0.910004 -0.526298 -0.190454
v -0.862451 -0.526298 -0.347215
v -0.862451 -0.714483 -0.347215
v -0.910004 -0.507687 -0.190454
v -0.910004 -0.319501 -0.190454
v -0.862451 -0.319501 -0.347215
v -0.862451 -0.507687 -0.347215
v -0.910004 -0.300890 -0.190454
v -0.910004 -0.112704 -0.190454
v -0.862451 -0.112704 -0.347215
v -0.862451 -0.300890 -0.347215
v -0.910004 -0.094093 -0.190454
v -0.910004 0.094093 -0.190454
v -0.862451 0.094093 -0.347215
v -0.862451 -0.094093 -0.347215
v -0.910004 0.112704 -0.190454
v -0.910004 0.300890 -0.190454
v -0.862451 0.300890 -0.347215
v -0.862451 0.112704 -0.347215
v -0.910004 0.319501 -0.190454
v -0.910004 0.507687 -0.190454
v -0.862451 0.507687 -0.347215
v -0.862451 0.319501 -0.347215
v -0.910004 0.526298 -0.190454
v -0.910004 0.714483 -0.190454
v -0.862451 0.714483 -0.347215
v -0.862451 0.526298 -0.347215
v -0.913617 -0.733095 -0.172287
v -0.913617 -0.921280 -0.172287
v -0.913617 -0.526298 -0.172287
v -0.913617 -0.714483 -0.172287
v -0.913617 -0.319501 -0.172287
v -0.913617 -0.507687 -0.172287
v -0.913617 -0.112704 -0.172287
v -0.913617 -0.300890 -0.172287
v -0.913617 0.094093 -0.172287
v -0.913617 -0.094093 -0.172287
v -0.913617 0.300890 -0.172287
v -0.913617 0.112704 -0.172287
v -0.913617 0.507687 -0.172287
v -0.913617 0.319501 -0.172287
v -0.913617 0.714483 -0.172287
v -0.913617 0.526298 -0.172287
v 0.913617 -0.921280 -0.172287
v 0.913617 -0.733095 -0.172287
v 0.913617 -0.714483 -0.172287
v 0.913617 -0.526298 -0.172287
v 0.913617 -0.507687 -0.172287
v 0.913617 -0.319501 -0.172287
v 0.913617 -0.300890 -0.172287
v 0.913617 -0.112704 -0.172287
v 0.913617 -0.094093 -0.172287
v 0.913617 0.094093 -0.172287
v 0.913617 0.112704 -0.172287
v 0.913617 0.300890 -0.172287
v 0.913617 0.319501 -0.172287
v 0.913617 0.507687 -0.172287
v 0.913617 0.526298 -0.172287
v 0.913617 0.714483 -0.172287
v 0.862451 -0.921280 -0.347215
v 0.862451 -0.733095 -0.347215
v 0.910004 -0.733095 -0.190454
v 0.910004 -0.921280 -0.190454
v 0.862451 -0.714483 -0.347215
v 0.862451 -0.526298 -0.347215
v 0.910004 -0.526298 -0.190454
v 0.910004 -0.714483 -0.190454
v 0.862451 -0.507687 -0.347215
v 0.862451 -0.319501 -0.347215
v 0.910004 -0.319501 -0.190454
v 0.910004 -0.507687 -0.190454
v 0.862451 -0.300890 -0.347215
v 0.862451 -0.112704 -0.347215
v 0.910004 -0.112704 -0.190454
v 0.910004 -0.300890 -0.190454
v 0.862451 -0.094093 -0.347215
v 0.862451 0.094093 -0.347215
v 0.910004 0.094093 -0.190454
v 0.910004 -0.094093 -0.190454
v 0.862451 0.112704 -0.347215
v 0.862451 0.300890 -0.347215
v 0.910004 0.300890 -0.190454
v 0.910004 0.112704 -0.190454
v 0.862451 0.319501 -0.347215
v 0.862451 0.507687 -0.347215
v 0.910004 0.507687 -0.190454
v 0.910004 0.319501 -0.190454
v 0.862451 0.526298 -0.347215
v 0.862451 0.714483 -0.347215
v 0.910004 0.714483 -0.190454
v 0.910004 0.526298 -0.190454
v 0.778141 -0.921280 -0.508799
v 0.778141 -0.733095 -0.508799
v 0.855363 -0.733095 -0.364327
v 0.855363 -0.921280 -0.364327
v 0.778141 -0.714483 -0.508799
v 0.778141 -0.526298 -0.508799
v 0.855363 -0.526298 -0.364327
v 0.855363 -0.714483 -0.364327
v 0.778141 -0.507687 -0.508799
v 0.778141 -0.319501 -0.508799
v 0.855363 -0.319501 -0.364327
v 0.855363 -0.507687 -0.364327
v 0.778141 -0.300890 -0.508799
v 0.778141 -0.112704 -0.508799
v 0.855363 -0.112704 -0.364327
v 0.855363 -0.300890 -0.364327
v 0.778141 -0.094093 -0.508799
v 0.778141 0.094093 -0.508799
v 0.855363 0.094093 -0.364327
v 0.855363 -0.094093 -0.364327
v 0.778141 0.112704 -0.508799
v 0.778141 0.300890 -0.508799
v 0.855363 0.300890 -0.364327
v 0.855363 0.112704 -0.364327
v 0.778141 0.319501 -0.508799
v 0.778141 0.507687 -0.508799
v 0.855363 0.507687 -0.364327
v 0.855363 0.319501 -0.364327
v 0.778141 0.526298 -0.508799
v 0.778141 0.714483 -0.508799
v 0.855363 0.714483 -0.364327
v 0.855363 0.526298 -0.364327
v 0.663927 -0.921280 -0.650830
v 0.663927 -0.733095 -0.650830
v 0.767851 -0.733095 -0.524200
v 0.767851 -0.921280 -0.524200
v 0.663927 -0.714483 -0.650830
v 0.663927 -0.526298 -0.650830
v 0.767851 -0.526298 -0.524200
v 0.767851 -0.714483 -0.524200
v 0.663927 -0.507687 -0.650830
v 0.663927 -0.319501 -0.650830
v 0.767851 -0.319501 -0.524200
v 0.767851 -0.507687 -0.524200
v 0.663927 -0.300890 -0.650830
v 0.663927 -0.112704 -0.650830
v 0.767851 -0.112704 -0.524200
v 0.767851 -0.300890 -0.524200
v 0.663927 -0.094093 -0.650830
v 0.663927 0.094093 -0.650830
v 0.767851 0.094093 -0.524200
v 0.767851 -0.094093 -0.524200
v 0.663927 0.112704 -0.650830
v 0.663927 0.300890 -0.650830
v 0.767851 0.300890 -0.524200
v 0.767851 0.112704 -0.524200
v 0.663927 0.319501 -0.650830
v 0.663927 0.507687 -0.650830
v 0.767851 0.507687 -0.524200
v 0.767851 0.319501 -0.524200
v 0.663927 0.526298 -0.650830
v 0.663927 0.714483 -0.650830
v 0.767851 0.714483 -0.524200
v 0.767851 0.526298 -0.524200
v 0.524200 -0.921280 -0.767851
v 0.524200 -0.733095 -0.767851
v 0.650830 -0.733095 -0.663927
v 0.650830 -0.921280 -0.663927
v 0.524200 -0.714483 -0.767851
v 0.524200 -0.526298 -0.767851
v 0.650830 -0.526298 -0.663927
v 0.650830 -0.714483 -0.663927
v 0.524200 -0.507687 -0.767851
v 0.524200 -0.319501 -0.767851
v 0.650830 -0.319501 -0.663927
v 0.650830 -0.507687 -0.663927
v 0.524200 -0.300890 -0.767851
v 0.524200 -0.112704 -0.767851
v 0.650830 -0.112704 -0.663927
v 0.650830 -0.300890 -0.663927
v 0.524200 -0.094093 -0.767851
v 0.524200 0.094093 -0.767851
v 0.650830 0.094093 -0.663927
v 0.650830 -0.094093 -0.663927
v 0.524200 0.112704 -0.767851
v 0.524200 0.300890 -0.767851
v 0.650830 0.300890 -0.663927
v 0.650830 0.112704 -0.663927
v 0.524200 0.319501 -0.767851
v 0.524200 0.507687 -0.767851
v 0.650830 0.507687 -0.663927
v 0.650830 0.319501 -0.663927
v 0.524200 0.526298 -0.767851
v 0.524200 0.714483 -0.767851
v 0.650830 0.714483 -0.663927
v 0.650830 0.526298 -0.663927
v 0.364327 -0.921280 -0.855363
v 0.364327 -0.733095 -0.855363
v 0.508799 -0.733095 -0.778141
v 0.508799 -0.921280 -0.778141
v 0.364327 -0.714483 -0.855363
v 0.364327 -0.526298 -0.855363
v 0.508799 -0.526298 -0.778141
v 0.508799 -0.714483 -0.778141
v 0.364327 -0.507687 -0.855363
v 0.364327 -0.319501 -0.855363
v 0.508799 -0.319501 -0.778141
v 0.508799 -0.507687 -0.778141
v 0.364327 -0.300890 -0.855363
v 0.364327 -0.112704 -0.855363
v 0.508799 -0.112704 -0.778141
v 0.508799 -0.300890 -0.778141
v 0.364327 -0.094093 -0.855363
v 0.364327 0.094093 -0.855363
v 0.508799 0.094093 -0.778141
v 0.508799 -0.094093 -0.778141
v 0.364327 0.112704 -0.855363
v 0.364327 0.300890 -0.855363
v 0.508799 0.300890 -0.778141
v 0.508799 0.112704 -0.778141
v 0.364327 0.319501 -0.855363
v 0.364327 0.507687 -0.855363
v 0.508799 0.507687 -0.778141
v 0.508799 0.319501 -0.778141
v 0.364327 0.526298 -0.855363
v 0.364327 0.714483 -0.855363
v 0.508799 0.714483 -0.778141
v 0.508799 0.526298 -0.778141
v 0.190454 -0.921280 -0.910004
v 0.190454 -0.733095 -0.910004
v 0.347215 -0.733095 -0.862451
v 0.347215 -0.921280 -0.862451
v 0.190454 -0.714483 -0.910004
v 0.190454 -0.526298 -0.910004
v 0.347215 -0.526298 -0.862451
v 0.347215 -0.714483 -0.862451
v 0.190454 -0.507687 -0.910004
v 0.190454 -0.319501 -0.910004
v 0.347215 -0.319501 -0.862451
v 0.347215 -0.507687 -0.862451
v 0.190454 -0.300890 -0.910004
v 0.190454 -0.112704 -0.910004
v 0.347215 -0.112704 -0.862451
v 0.347215 -0.300890 -0.862451
v 0.190454 -0.094093 -0.910004
v 0.190454 0.094093 -0.910004
v 0.347215 0.094093 -0.862451
v 0.347215 -0.094093 -0.862451
v 0.190454 0.112704 -0.910004
v 0.190454 0.300890 -0.910004
v 0.347215 0.300890 -0.862451
v 0.347215 0.112704 -0.862451
v 0.190454 0.319501 -0.910004
v 0.190454 0.507687 -0.910004
v 0.347215 0.507687 -0.862451
v 0.347215 0.319501 -0.862451
v 0.190454 0.526298 -0.910004
v 0.190454 0.714483 -0.910004
v 0.347215 0.714483 -0.862451
v 0.347215 0.526298 -0.862451
v 0.009261 -0.921280 -0.929674
v 0.009261 -0.733095 -0.929674
v 0.172287 -0.733095 -0.913617
v 0.172287 -0.921280 -0.913617
v 0.009261 -0.714483 -0.929674
v 0.009261 -0.526298 -0.929674
v 0.172287 -0.526298 -0.913617
v 0.172287 -0.714483 -0.913617
v 0.009261 -0.507687 -0.929674
v 0.009261 -0.319501 -0.929674
v 0.172287 -0.319501 -0.913617
v 0.172287 -0.507687 -0.913617
v 0.009261 -0.300890 -0.929674
v 0.009261 -0.112704 -0.929674
v 0.172287 -0.112704 -0.913617
v 0.172287 -0.300890 -0.913617
v 0.009261 -0.094093 -0.929674
v 0.009261 0.094093 -0.929674
v 0.172287 0.094093 -0.913617
v 0.172287 -0.094093 -0.913617
v 0.009261 0.112704 -0.929674
v 0.009261 0.300890 -0.929674
v 0.172287 0.300890 -0.913617
v 0.172287 0.112704 -0.913617
v 0.009261 0.319501 -0.929674
v 0.009261 0.507687 -0.929674
v 0.172287 0.507687 -0.913617
v 0.172287 0.319501 -0.913617
v 0.009261 0.526298 -0.929674
v 0.009261 0.714483 -0.929674
v 0.172287 0.714483 -0.913617
v 0.172287 0.526298 -0.913617
vt 1.000000 0.944444
vt 1.000000 1.000000
vt 1.000000 0.944444
vt 1.000000 1.000000
vt 1.000000 0.944444
vt 1.000000 1.000000
vt 0.968750 1.000000
vt 0.968750 1.000000
vt 0.968750 1.000000
vt 0.968750 0.944444
vt 0.968750 0.944444
vt 0.968750 0.944444
vt 0.968750 0.944444
vt 0.968750 1.000000
vt 0.937500 1.000000
vt 0.937500 1.000000
vt 0.937500 1.000000
vt 0.937500 0.944444
vt 0.937500 0.944444
vt 0.937500 0.944444
vt 0.937500 0.944444
vt 0.937500 1.000000
vt 0.906250 1.000000
vt 0.906250 1.000000
vt 0.906250 0.944444
vt 0.906250 1.000000
vt 0.906250 0.944444
vt 0.906250 0.944444
vt 0.906250 0.944444
vt 0.906250 1.000000
vt 0.875000 1.000000
vt 0.875000 1.000000
vt 0.875000 0.944444
vt 0.875000 1.000000
vt 0.875000 0.944444
vt 0.875000 0.944444
vt 0.875000 0.944444
vt 0.875000 1.000000
vt 0.843750 1.000000
vt 0.843750 1.000000
vt 0.843750 0.944444
vt 0.843750 1.000000
vt 0.843750 0.944444
vt 0.843750 0.944444
vt 0.843750 0.944444
vt 0.843750 1.000000
vt 0.812500 1.000000
vt 0.812500 1.000000
vt 0.812500 0.944444
vt 0.812500 1.000000
vt 0.812500 0.944444
vt 0.812500 0.944444
vt 0.812500 0.944444
vt 0.812500 1.000000
vt 0.781250 1.000000
vt 0.781250 1.000000
vt 0.781250 0.944444
vt 0.781250 1.000000
vt 0.781250 0.944444
vt 0.781250 0.944444
vt 0.781250 0.944444
vt 0.781250 1.000000
vt 0.218750 0.944444
vt 0.218750 1.000000
vt 0.218750 1.000000
vt 0.218750 0.944444
vt 0.218750 0.944444
vt 0.218750 0.944444
vt 0.218750 1.000000
vt 0.218750 1.000000
vt 0.187500 1.000000
vt 0.187500 1.000000
vt 0.187500 0.944444
vt 0.187500 1.000000
vt 0.187500 0.944444
vt 0.187500 0.944444
vt 0.187500 0.944444
vt 0.187500 1.000000
vt 0.156250 1.000000
vt 0.156250 1.000000
vt 0.156250 1.000000
vt 0.156250 0.944444
vt 0.156250 0.944444
vt 0.156250 0.944444
vt 0.156250 0.944444
vt 0.156250 1.000000
vt 0.125000 1.000000
vt 0.125000 1.000000
vt 0.125000 0.944444
vt 0.125000 1.000000
vt 0.125000 0.944444
vt 0.125000 0.944444
vt 0.125000 0.944444
vt 0.125000 1.000000
vt 0.093750 1.000000
vt 0.093750 1.000000
vt 0.093750 0.944444
vt 0.093750 1.000000
vt 0.093750 0.944444
vt 0.093750 0.944444
vt 0.093750 0.944444
vt 0.093750 1.000000
vt 0.062500 1.000000
vt 0.062500 1.000000
vt 0.062500 0.944444
vt 0.062500 1.000000
vt 0.062500 0.944444
vt 0.062500 0.944444
vt 0.296822 0.485388
vt 0.250000 0.490000
vt 0.296822 0.485388
vt 0.250000 0.490000
vt 0.250000 0.490000
vt 0.203178 0.485388
vt 0.203178 0.485388
vt 0.158156 0.471731
vt 0.203178 0.485388
vt 0.158156 0.471731
vt 0.116663 0.449553
vt 0.158156 0.471731
vt 0.116663 0.449553
vt 0.080294 0.419706
vt 0.116663 0.449553
vt 0.080294 0.419706
vt 0.050447 0.383337
vt 0.080294 0.419706
vt 0.050447 0.383337
vt 0.050447 0.383337
vt 0.028269 0.341844
vt 0.028269 0.341844
vt 0.014612 0.296822
vt 0.028269 0.341844
vt 0.014612 0.296822
vt 0.471731 0.341844
vt 0.485388 0.296822
vt 0.485388 0.296822
vt 0.471731 0.341844
vt 0.449553 0.383337
vt 0.471731 0.341844
vt 0.449553 0.383337
vt 0.419706 0.419706
vt 0.449553 0.383337
vt 0.419706 0.419706
vt 0.383337 0.449553
vt 0.419706 0.419706
vt 0.383337 0.449553
vt 0.341844 0.471731
vt 0.383337 0.449553
vt 0.341844 0.471731
vt 0.341844 0.471731
vt 0.296822 0.485388
vt 0.062500 0.944444
vt 0.062500 1.000000
vt 0.031250 1.000000
vt 0.031250 1.000000
vt 0.031250 0.944444
vt 0.031250 1.000000
vt 0.031250 0.944444
vt 0.031250 0.944444
vt 0.031250 0.944444
vt 0.031250 1.000000
vt 0.000000 1.000000
vt 0.000000 1.000000
vt 0.000000 0.944444
vt 0.000000 1.000000
vt 0.000000 0.944444
vt 0.000000 0.944444
vt 0.796822 0.485388
vt 0.750000 0.490000
vt 0.750000 0.490000
vt 0.796822 0.485388
vt 0.841844 0.471731
vt 0.796822 0.485388
vt 0.841844 0.471731
vt 0.883337 0.449553
vt 0.841844 0.471731
vt 0.883337 0.449553
vt 0.919706 0.419706
vt 0.883337 0.449553
vt 0.919706 0.419706
vt 0.949553 0.383337
vt 0.919706 0.419706
vt 0.949553 0.383337
vt 0.971731 0.341844
vt 0.949553 0.383337
vt 0.971731 0.341844
vt 0.971731 0.341844
vt 0.985388 0.296822
vt 0.985388 0.296822
vt 0.985388 0.296822
vt 0.528269 0.341844
vt 0.514612 0.296822
vt 0.514612 0.296822
vt 0.528269 0.341844
vt 0.550447 0.383337
vt 0.528269 0.341844
vt 0.550447 0.383337
vt 0.580294 0.419706
vt 0.550447 0.383337
vt 0.580294 0.419706
vt 0.616663 0.449553
vt 0.580294 0.419706
vt 0.616663 0.449553
vt 0.658156 0.471731
vt 0.616663 0.449553
vt 0.658156 0.471731
vt 0.703178 0.485388
vt 0.658156 0.471731
vt 0.703178 0.485388
vt 0.703178 0.485388
vt 0.750000 0.490000
vt 0.031250 0.555556
vt 0.031250 0.500000
vt 0.031250 0.500000
vt 0.031250 0.555556
vt 0.000000 0.555556
vt 0.031250 0.555556
vt 0.000000 0.555556
vt 0.000000 0.500000
vt 0.000000 0.555556
vt 0.000000 0.500000
vt 0.000000 0.500000
vt 0.031250 0.500000
vt 0.031250 0.611111
vt 0.031250 0.555556
vt 0.031250 0.611111
vt 0.000000 0.611111
vt 0.031250 0.611111
vt 0.000000 0.611111
vt 0.000000 0.555556
vt 0.000000 0.611111
vt 0.031250 0.666667
vt 0.031250 0.611111
vt 0.031250 0.666667
vt 0.000000 0.666667
vt 0.031250 0.666667
vt 0.000000 0.666667
vt 0.000000 0.611111
vt 0.000000 0.666667
vt 0.031250 0.722222
vt 0.031250 0.666667
vt 0.031250 0.722222
vt 0.000000 0.722222
vt 0.031250 0.722222
vt 0.000000 0.722222
vt 0.000000 0.722222
vt 0.000000 0.666667
vt 0.031250 0.777778
vt 0.031250 0.722222
vt 0.031250 0.777778
vt 0.000000 0.777778
vt 0.031250 0.777778
vt 0.000000 0.777778
vt 0.000000 0.722222
vt 0.000000 0.777778
vt 0.031250 0.777778
vt 0.031250 0.833333
vt 0.031250 0.833333
vt 0.031250 0.833333
vt 0.000000 0.833333
vt 0.000000 0.833333
vt 0.000000 0.777778
vt 0.000000 0.833333
vt 0.031250 0.888889
vt 0.031250 0.833333
vt 0.031250 0.888889
vt 0.000000 0.888889
vt 0.031250 0.888889
vt 0.000000 0.888889
vt 0.000000 0.833333
vt 0.000000 0.888889
vt 0.031250 0.944444
vt 0.031250 0.888889
vt 0.000000 0.944444
vt 0.000000 0.888889
vt 0.062500 0.555556
vt 0.062500 0.500000
vt 0.062500 0.500000
vt 0.062500 0.555556
vt 0.031250 0.555556
vt 0.062500 0.555556
vt 0.031250 0.500000
vt 0.062500 0.500000
vt 0.062500 0.611111
vt 0.062500 0.555556
vt 0.062500 0.611111
vt 0.031250 0.611111
vt 0.062500 0.611111
vt 0.031250 0.555556
vt 0.062500 0.666667
vt 0.062500 0.611111
vt 0.062500 0.666667
vt 0.062500 0.666667
vt 0.031250 0.666667
vt 0.031250 0.611111
vt 0.062500 0.722222
vt 0.062500 0.666667
vt 0.062500 0.722222
vt 0.031250 0.722222
vt 0.062500 0.722222
vt 0.031250 0.666667
vt 0.062500 0.777778
vt 0.062500 0.722222
vt 0.062500 0.777778
vt 0.031250 0.777778
vt 0.062500 0.777778
vt 0.031250 0.722222
vt 0.062500 0.833333
vt 0.062500 0.777778
vt 0.062500 0.833333
vt 0.031250 0.833333
vt 0.062500 0.833333
vt 0.031250 0.777778
vt 0.062500 0.888889
vt 0.062500 0.833333
vt 0.062500 0.888889
vt 0.031250 0.888889
vt 0.062500 0.888889
vt 0.031250 0.833333
vt 0.062500 0.944444
vt 0.062500 0.888889
vt 0.031250 0.944444
vt 0.031250 0.888889
vt 0.093750 0.555556
vt 0.093750 0.500000
vt 0.093750 0.500000
vt 0.093750 0.555556
vt 0.062500 0.555556
vt 0.093750 0.555556
vt 0.062500 0.500000
vt 0.093750 0.500000
vt 0.093750 0.611111
vt 0.093750 0.555556
vt 0.093750 0.611111
vt 0.062500 0.611111
vt 0.093750 0.611111
vt 0.062500 0.555556
vt 0.093750 0.666667
vt 0.093750 0.611111
vt 0.093750 0.666667
vt 0.093750 0.666667
vt 0.062500 0.666667
vt 0.062500 0.611111
vt 0.093750 0.722222
vt 0.093750 0.666667
vt 0.093750 0.722222
vt 0.062500 0.722222
vt 0.093750 0.722222
vt 0.062500 0.666667
vt 0.093750 0.777778
vt 0.093750 0.722222
vt 0.093750 0.777778
vt 0.062500 0.777778
vt 0.093750 0.777778
vt 0.062500 0.722222
vt 0.093750 0.777778
vt 0.093750 0.833333
vt 0.093750 0.833333
vt 0.093750 0.833333
vt 0.062500 0.833333
vt 0.062500 0.777778
vt 0.093750 0.888889
vt 0.093750 0.833333
vt 0.093750 0.888889
vt 0.093750 0.888889
vt 0.062500 0.888889
vt 0.062500 0.833333
vt 0.093750 0.944444
vt 0.093750 0.888889
vt 0.062500 0.944444
vt 0.062500 0.888889
vt 0.125000 0.555556
vt 0.125000 0.500000
vt 0.125000 0.500000
vt 0.125000 0.555556
vt 0.093750 0.555556
vt 0.125000 0.555556
vt 0.093750 0.500000
vt 0.125000 0.500000
vt 0.125000 0.611111
vt 0.125000 0.555556
vt 0.125000 0.611111
vt 0.093750 0.611111
vt 0.125000 0.611111
vt 0.093750 0.555556
vt 0.125000 0.666667
vt 0.125000 0.611111
vt 0.125000 0.666667
vt 0.093750 0.666667
vt 0.125000 0.666667
vt 0.093750 0.611111
vt 0.125000 0.722222
vt 0.125000 0.666667
vt 0.125000 0.722222
vt 0.093750 0.722222
vt 0.125000 0.722222
vt 0.093750 0.666667
vt 0.125000 0.777778
vt 0.125000 0.722222
vt 0.125000 0.777778
vt 0.093750 0.777778
vt 0.125000 0.777778
vt 0.093750 0.722222
vt 0.125000 0.833333
vt 0.125000 0.777778
vt 0.125000 0.833333
vt 0.093750 0.833333
vt 0.125000 0.833333
vt 0.093750 0.777778
vt 0.125000 0.888889
vt 0.125000 0.833333
vt 0.125000 0.888889
vt 0.093750 0.888889
vt 0.125000 0.888889
vt 0.093750 0.833333
vt 0.125000 0.944444
vt 0.125000 0.888889
vt 0.093750 0.944444
vt 0.093750 0.888889
vt 0.156250 0.555556
vt 0.156250 0.500000
vt 0.156250 0.500000
vt 0.156250 0.555556
vt 0.156250 0.555556
vt 0.125000 0.555556
vt 0.125000 0.500000
vt 0.156250 0.500000
vt 0.156250 0.611111
vt 0.156250 0.555556
vt 0.156250 0.611111
vt 0.156250 0.611111
vt 0.125000 0.611111
vt 0.125000 0.555556
vt 0.156250 0.666667
vt 0.156250 0.611111
vt 0.156250 0.666667
vt 0.156250 0.666667
vt 0.125000 0.666667
vt 0.125000 0.611111
vt 0.156250 0.722222
vt 0.156250 0.666667
vt 0.156250 0.722222
vt 0.125000 0.722222
vt 0.156250 0.722222
vt 0.125000 0.666667
vt 0.156250 0.777778
vt 0.156250 0.722222
vt 0.156250 0.777778
vt 0.156250 0.777778
vt 0.125000 0.777778
vt 0.125000 0.722222
vt 0.156250 0.833333
vt 0.156250 0.777778
vt 0.156250 0.833333
vt 0.125000 0.833333
vt 0.156250 0.833333
vt 0.125000 0.777778
vt 0.156250 0.888889
vt 0.156250 0.833333
vt 0.156250 0.888889
vt 0.125000 0.888889
vt 0.156250 0.888889
vt 0.125000 0.833333
vt 0.156250 0.944444
vt 0.156250 0.888889
vt 0.125000 0.944444
vt 0.125000 0.888889
vt 0.187500 0.555556
vt 0.187500 0.500000
vt 0.187500 0.500000
vt 0.187500 0.555556
vt 0.187500 0.555556
vt 0.156250 0.555556
vt 0.156250 0.500000
vt 0.187500 0.500000
vt 0.187500 0.611111
vt 0.187500 0.555556
vt 0.187500 0.611111
vt 0.156250 0.611111
vt 0.187500 0.611111
vt 0.156250 0.555556
vt 0.187500 0.666667
vt 0.187500 0.611111
vt 0.187500 0.666667
vt 0.156250 0.666667
vt 0.187500 0.666667
vt 0.156250 0.611111
vt 0.187500 0.722222
vt 0.187500 0.666667
vt 0.187500 0.722222
vt 0.156250 0.722222
vt 0.187500 0.722222
vt 0.156250 0.666667
vt 0.187500 0.777778
vt 0.187500 0.722222
vt 0.187500 0.777778
vt 0.156250 0.777778
vt 0.187500 0.777778
vt 0.156250 0.722222
vt 0.187500 0.833333
vt 0.187500 0.777778
vt 0.187500 0.833333
vt 0.156250 0.833333
vt 0.187500 0.833333
vt 0.156250 0.777778
vt 0.187500 0.888889
vt 0.187500 0.833333
vt 0.187500 0.888889
vt 0.156250 0.888889
vt 0.187500 0.888889
vt 0.156250 0.833333
vt 0.187500 0.944444
vt 0.187500 0.888889
vt 0.156250 0.944444
vt 0.156250 0.888889
vt 0.218750 0.555556
vt 0.218750 0.500000
vt 0.218750 0.500000
vt 0.218750 0.555556
vt 0.187500 0.555556
vt 0.218750 0.555556
vt 0.187500 0.500000
vt 0.218750 0.500000
vt 0.218750 0.611111
vt 0.218750 0.555556
vt 0.218750 0.611111
vt 0.218750 0.611111
vt 0.187500 0.611111
vt 0.187500 0.555556
vt 0.218750 0.666667
vt 0.218750 0.611111
vt 0.218750 0.666667
vt 0.218750 0.666667
vt 0.187500 0.666667
vt 0.187500 0.611111
vt 0.218750 0.722222
vt 0.218750 0.666667
vt 0.218750 0.722222
vt 0.187500 0.722222
vt 0.218750 0.722222
vt 0.187500 0.666667
vt 0.218750 0.777778
vt 0.218750 0.722222
vt 0.218750 0.777778
vt 0.187500 0.777778
vt 0.218750 0.777778
vt 0.187500 0.722222
vt 0.218750 0.833333
vt 0.218750 0.777778
vt 0.218750 0.833333
vt 0.187500 0.833333
vt 0.218750 0.833333
vt 0.187500 0.777778
vt 0.218750 0.888889
vt 0.218750 0.833333
vt 0.218750 0.888889
vt 0.187500 0.888889
vt 0.218750 0.888889
vt 0.187500 0.833333
vt 0.218750 0.944444
vt 0.218750 0.888889
vt 0.187500 0.944444
vt 0.187500 0.888889
vt 0.218750 0.555556
vt 0.218750 0.500000
vt 0.218750 0.555556
vt 0.218750 0.611111
vt 0.218750 0.611111
vt 0.218750 0.666667
vt 0.218750 0.666667
vt 0.218750 0.722222
vt 0.218750 0.722222
vt 0.218750 0.777778
vt 0.218750 0.777778
vt 0.218750 0.833333
vt 0.218750 0.833333
vt 0.218750 0.888889
vt 0.218750 0.888889
vt 0.218750 0.944444
vt 0.781250 0.555556
vt 0.781250 0.500000
vt 0.781250 0.500000
vt 0.781250 0.555556
vt 0.781250 0.611111
vt 0.781250 0.555556
vt 0.781250 0.555556
vt 0.781250 0.611111
vt 0.781250 0.666667
vt 0.781250 0.611111
vt 0.781250 0.611111
vt 0.781250 0.666667
vt 0.781250 0.722222
vt 0.781250 0.666667
vt 0.781250 0.666667
vt 0.781250 0.722222
vt 0.781250 0.777778
vt 0.781250 0.722222
vt 0.781250 0.722222
vt 0.781250 0.777778
vt 0.781250 0.833333
vt 0.781250 0.777778
vt 0.781250 0.777778
vt 0.781250 0.833333
vt 0.781250 0.888889
vt 0.781250 0.833333
vt 0.781250 0.833333
vt 0.781250 0.888889
vt 0.781250 0.944444
vt 0.781250 0.888889
vt 0.781250 0.888889
vt 0.812500 0.555556
vt 0.812500 0.500000
vt 0.812500 0.500000
vt 0.812500 0.555556
vt 0.812500 0.555556
vt 0.781250 0.555556
vt 0.781250 0.500000
vt 0.781250 0.500000
vt 0.812500 0.500000
vt 0.812500 0.611111
vt 0.812500 0.555556
vt 0.812500 0.611111
vt 0.812500 0.611111
vt 0.781250 0.611111
vt 0.781250 0.555556
vt 0.812500 0.666667
vt 0.812500 0.611111
vt 0.812500 0.666667
vt 0.812500 0.666667
vt 0.781250 0.666667
vt 0.781250 0.611111
vt 0.812500 0.722222
vt 0.812500 0.666667
vt 0.812500 0.722222
vt 0.781250 0.722222
vt 0.812500 0.722222
vt 0.781250 0.666667
vt 0.812500 0.777778
vt 0.812500 0.722222
vt 0.812500 0.777778
vt 0.781250 0.777778
vt 0.812500 0.777778
vt 0.781250 0.722222
vt 0.812500 0.777778
vt 0.812500 0.833333
vt 0.812500 0.833333
vt 0.812500 0.833333
vt 0.781250 0.833333
vt 0.781250 0.777778
vt 0.812500 0.888889
vt 0.812500 0.833333
vt 0.812500 0.888889
vt 0.781250 0.888889
vt 0.812500 0.888889
vt 0.781250 0.833333
vt 0.812500 0.944444
vt 0.812500 0.888889
vt 0.781250 0.944444
vt 0.781250 0.888889
vt 0.843750 0.555556
vt 0.843750 0.500000
vt 0.843750 0.500000
vt 0.843750 0.555556
vt 0.812500 0.555556
vt 0.843750 0.555556
vt 0.812500 0.500000
vt 0.843750 0.500000
vt 0.843750 0.611111
vt 0.843750 0.555556
vt 0.843750 0.611111
vt 0.843750 0.611111
vt 0.812500 0.611111
vt 0.812500 0.555556
vt 0.843750 0.666667
vt 0.843750 0.611111
vt 0.843750 0.666667
vt 0.843750 0.666667
vt 0.812500 0.666667
vt 0.812500 0.611111
vt 0.843750 0.722222
vt 0.843750 0.666667
vt 0.843750 0.722222
vt 0.843750 0.722222
vt 0.812500 0.722222
vt 0.812500 0.666667
vt 0.843750 0.777778
vt 0.843750 0.722222
vt 0.843750 0.777778
vt 0.843750 0.777778
vt 0.812500 0.777778
vt 0.812500 0.722222
vt 0.843750 0.777778
vt 0.843750 0.833333
vt 0.843750 0.833333
vt 0.843750 0.833333
vt 0.812500 0.833333
vt 0.812500 0.777778
vt 0.843750 0.888889
vt 0.843750 0.833333
vt 0.843750 0.888889
vt 0.843750 0.888889
vt 0.812500 0.888889
vt 0.812500 0.833333
vt 0.843750 0.944444
vt 0.843750 0.888889
vt 0.812500 0.944444
vt 0.812500 0.888889
vt 0.875000 0.555556
vt 0.875000 0.500000
vt 0.875000 0.500000
vt 0.875000 0.555556
vt 0.843750 0.555556
vt 0.875000 0.555556
vt 0.843750 0.500000
vt 0.875000 0.500000
vt 0.875000 0.611111
vt 0.875000 0.555556
vt 0.875000 0.611111
vt 0.843750 0.611111
vt 0.875000 0.611111
vt 0.843750 0.555556
vt 0.875000 0.666667
vt 0.875000 0.611111
vt 0.875000 0.666667
vt 0.843750 0.666667
vt 0.875000 0.666667
vt 0.843750 0.611111
vt 0.875000 0.722222
vt 0.875000 0.666667
vt 0.875000 0.722222
vt 0.843750 0.722222
vt 0.875000 0.722222
vt 0.843750 0.666667
vt 0.875000 0.777778
vt 0.875000 0.722222
vt 0.875000 0.777778
vt 0.843750 0.777778
vt 0.875000 0.777778
vt 0.843750 0.722222
vt 0.875000 0.833333
vt 0.875000 0.777778
vt 0.875000 0.833333
vt 0.843750 0.833333
vt 0.875000 0.833333
vt 0.843750 0.777778
vt 0.875000 0.888889
vt 0.875000 0.833333
vt 0.875000 0.888889
vt 0.843750 0.888889
vt 0.875000 0.888889
vt 0.843750 0.833333
vt 0.875000 0.944444
vt 0.875000 0.888889
vt 0.843750 0.944444
vt 0.843750 0.888889
vt 0.906250 0.555556
vt 0.906250 0.500000
vt 0.906250 0.500000
vt 0.906250 0.555556
vt 0.875000 0.555556
vt 0.906250 0.555556
vt 0.875000 0.500000
vt 0.906250 0.500000
vt 0.906250 0.611111
vt 0.906250 0.555556
vt 0.906250 0.611111
vt 0.875000 0.611111
vt 0.906250 0.611111
vt 0.875000 0.555556
vt 0.906250 0.666667
vt 0.906250 0.611111
vt 0.906250 0.666667
vt 0.875000 0.666667
vt 0.906250 0.666667
vt 0.875000 0.611111
vt 0.906250 0.722222
vt 0.906250 0.666667
vt 0.906250 0.722222
vt 0.906250 0.722222
vt 0.875000 0.722222
vt 0.875000 0.666667
vt 0.906250 0.777778
vt 0.906250 0.722222
vt 0.906250 0.777778
vt 0.906250 0.777778
vt 0.875000 0.777778
vt 0.875000 0.722222
vt 0.906250 0.833333
vt 0.906250 0.777778
vt 0.906250 0.833333
vt 0.875000 0.833333
vt 0.906250 0.833333
vt 0.875000 0.777778
vt 0.906250 0.888889
vt 0.906250 0.833333
vt 0.906250 0.888889
vt 0.875000 0.888889
vt 0.906250 0.888889
vt 0.875000 0.833333
vt 0.906250 0.944444
vt 0.906250 0.888889
vt 0.875000 0.944444
vt 0.875000 0.888889
vt 0.937500 0.555556
vt 0.937500 0.500000
vt 0.937500 0.500000
vt 0.937500 0.555556
vt 0.937500 0.555556
vt 0.906250 0.555556
vt 0.906250 0.500000
vt 0.937500 0.500000
vt 0.937500 0.611111
vt 0.937500 0.555556
vt 0.937500 0.611111
vt 0.937500 0.611111
vt 0.906250 0.611111
vt 0.906250 0.555556
vt 0.937500 0.666667
vt 0.937500 0.611111
vt 0.937500 0.666667
vt 0.937500 0.666667
vt 0.906250 0.666667
vt 0.906250 0.611111
vt 0.937500 0.722222
vt 0.937500 0.666667
vt 0.937500 0.722222
vt 0.906250 0.722222
vt 0.937500 0.722222
vt 0.906250 0.666667
vt 0.937500 0.777778
vt 0.937500 0.722222
vt 0.937500 0.777778
vt 0.906250 0.777778
vt 0.937500 0.777778
vt 0.906250 0.722222
vt 0.937500 0.833333
vt 0.937500 0.777778
vt 0.937500 0.833333
vt 0.937500 0.833333
vt 0.906250 0.833333
vt 0.906250 0.777778
vt 0.937500 0.888889
vt 0.937500 0.833333
vt 0.937500 0.888889
vt 0.937500 0.888889
vt 0.906250 0.888889
vt 0.906250 0.833333
vt 0.937500 0.944444
vt 0.937500 0.888889
vt 0.906250 0.944444
vt 0.906250 0.888889
vt 0.968750 0.555556
vt 0.968750 0.500000
vt 0.968750 0.500000
vt 0.968750 0.555556
vt 0.937500 0.555556
vt 0.968750 0.555556
vt 0.937500 0.500000
vt 0.968750 0.500000
vt 0.968750 0.611111
vt 0.968750 0.555556
vt 0.968750 0.611111
vt 0.937500 0.611111
vt 0.968750 0.611111
vt 0.937500 0.555556
vt 0.968750 0.666667
vt 0.968750 0.611111
vt 0.968750 0.666667
vt 0.937500 0.666667
vt 0.968750 0.666667
vt 0.937500 0.611111
vt 0.968750 0.722222
vt 0.968750 0.666667
vt 0.968750 0.722222
vt 0.937500 0.722222
vt 0.968750 0.722222
vt 0.937500 0.666667
vt 0.968750 0.777778
vt 0.968750 0.722222
vt 0.968750 0.777778
vt 0.937500 0.777778
vt 0.968750 0.777778
vt 0.937500 0.722222
vt 0.968750 0.777778
vt 0.968750 0.833333
vt 0.968750 0.833333
vt 0.968750 0.833333
vt 0.937500 0.833333
vt 0.937500 0.777778
vt 0.968750 0.888889
vt 0.968750 0.833333
vt 0.968750 0.888889
vt 0.937500 0.888889
vt 0.968750 0.888889
vt 0.937500 0.833333
vt 0.968750 0.944444
vt 0.968750 0.888889
vt 0.937500 0.944444
vt 0.937500 0.888889
vt 1.000000 0.555556
vt 1.000000 0.500000
vt 1.000000 0.500000
vt 1.000000 0.555556
vt 0.968750 0.555556
vt 1.000000 0.555556
vt 0.968750 0.500000
vt 1.000000 0.500000
vt 1.000000 0.611111
vt 1.000000 0.555556
vt 1.000000 0.611111
vt 1.000000 0.611111
vt 0.968750 0.611111
vt 0.968750 0.555556
vt 1.000000 0.666667
vt 1.000000 0.611111
vt 1.000000 0.666667
vt 1.000000 0.666667
vt 0.968750 0.666667
vt 0.968750 0.611111
vt 1.000000 0.722222
vt 1.000000 0.666667
vt 1.000000 0.722222
vt 0.968750 0.722222
vt 1.000000 0.722222
vt 0.968750 0.666667
vt 1.000000 0.777778
vt 1.000000 0.722222
vt 1.000000 0.777778
vt 0.968750 0.777778
vt 1.000000 0.777778
vt 0.968750 0.722222
vt 1.000000 0.833333
vt 1.000000 0.777778
vt 1.000000 0.833333
vt 1.000000 0.833333
vt 0.968750 0.833333
vt 0.968750 0.777778
vt 1.000000 0.888889
vt 1.000000 0.833333
vt 1.000000 0.888889
vt 1.000000 0.888889
vt 0.968750 0.888889
vt 0.968750 0.833333
vt 1.000000 0.944444
vt 1.000000 0.888889
vt 0.968750 0.944444
vt 0.968750 0.888889
vt 0.014612 0.296822
vt 0.485388 0.296822
vt 0.514612 0.296822
vn 0.6663 0.0094 0.7456
vn 0.6476 0.0091 -0.7619
vn -0.0390 -0.9174 0.3961
vn 0.0901 -0.3948 -0.9143
vn -0.6894 0.0000 0.7244
vn -0.5957 0.0000 -0.8032
vn -0.0695 0.7054 0.7054
vn 0.0695 0.7054 -0.7054
vn 0.5080 0.0094 0.8613
vn 0.7838 0.0091 -0.6209
vn -0.1155 -0.9174 0.3809
vn 0.2667 -0.3948 -0.8792
vn -0.8175 0.0000 0.5760
vn -0.4276 0.0000 -0.9040
vn -0.2058 0.7054 0.6783
vn 0.2058 0.7054 -0.6783
vn 0.3303 0.0094 0.9438
vn 0.8899 0.0090 -0.4561
vn -0.1876 -0.9174 0.3510
vn 0.4331 -0.3948 -0.8103
vn -0.9141 0.0000 0.4055
vn -0.2430 0.0000 -0.9700
vn -0.3341 0.7054 0.6251
vn 0.3341 0.7054 -0.6251
vn 0.1398 0.0094 0.9901
vn 0.9618 0.0091 -0.2737
vn -0.2525 -0.9174 0.3077
vn 0.5829 -0.3948 -0.7102
vn -0.9757 0.0000 0.2193
vn -0.0491 0.0000 -0.9988
vn -0.4497 0.7054 0.5479
vn 0.4497 0.7054 -0.5479
vn -0.0561 0.0094 0.9984
vn 0.9967 0.0091 -0.0808
vn -0.3077 -0.9174 0.2525
vn 0.7102 -0.3948 -0.5829
vn -0.9997 0.0000 0.0248
vn 0.1467 0.0000 -0.9892
vn -0.5479 0.7054 0.4497
vn 0.5479 0.7054 -0.4497
vn -0.2498 0.0094 0.9683
vn 0.9933 0.0091 0.1152
vn -0.3510 -0.9174 0.1876
vn 0.8103 -0.3948 -0.4331
vn -0.9853 0.0000 -0.1707
vn 0.3369 0.0000 -0.9415
vn -0.6251 0.7054 0.3341
vn 0.6251 0.7054 -0.3341
vn -0.4339 0.0094 0.9009
vn 0.9517 0.0091 0.3068
vn -0.3809 -0.9174 0.1155
vn 0.8792 -0.3948 -0.2667
vn -0.9331 0.0000 -0.3597
vn 0.5141 0.0000 -0.8577
vn -0.6783 0.7054 0.2058
vn 0.6783 0.7054 -0.2058
vn -0.6013 0.0094 0.7990
vn 0.8736 0.0090 0.4865
vn 0.7244 0.0000 0.6894
vn -0.8032 0.0000 0.5957
vn 0.8613 0.0094 -0.5080
vn -0.6209 0.0091 -0.7838
vn 0.3809 -0.9174 0.1155
vn -0.8792 -0.3948 -0.2667
vn 0.5760 0.0000 0.8174
vn -0.9040 0.0000 0.4276
vn 0.6783 0.7054 0.2058
vn -0.6783 0.7054 -0.2058
vn 0.9438 0.0094 -0.3303
vn -0.4561 0.0091 -0.8899
vn 0.3510 -0.9174 0.1876
vn -0.8103 -0.3948 -0.4331
vn 0.4055 0.0000 0.9141
vn -0.9700 0.0000 0.2430
vn 0.6251 0.7054 0.3341
vn -0.6251 0.7054 -0.3341
vn 0.9901 0.0094 -0.1398
vn -0.2737 0.0091 -0.9618
vn 0.3077 -0.9174 0.2525
vn -0.7102 -0.3948 -0.5829
vn 0.2193 0.0000 0.9757
vn -0.9988 0.0000 0.0491
vn 0.5479 0.7054 0.4497
vn -0.5479 0.7054 -0.4497
vn 0.9984 0.0094 0.0561
vn -0.0808 0.0091 -0.9967
vn 0.2525 -0.9174 0.3077
vn -0.5829 -0.3948 -0.7102
vn 0.0248 0.0000 0.9997
vn -0.9892 0.0000 -0.1467
vn 0.4497 0.7054 0.5479
vn -0.4497 0.7054 -0.5479
vn 0.9683 0.0094 0.2498
vn 0.1152 0.0091 -0.9933
vn 0.1876 -0.9174 0.3510
vn -0.4331 -0.3948 -0.8103
vn -0.1707 0.0000 0.9853
vn -0.9415 0.0000 -0.3369
vn 0.3341 0.7054 0.6251
vn -0.3341 0.7054 -0.6251
vn -0.0909 -0.3730 0.9234
vn -0.0362 0.9292 0.3677
vn 0.0909 -0.3730 0.9234
vn 0.0362 0.9292 0.3677
vn 0.2693 -0.3730 0.8879
vn 0.1073 0.9292 0.3536
vn 0.4374 -0.3729 0.8183
vn 0.1742 0.9292 0.3259
vn 0.5886 -0.3729 0.7172
vn 0.2344 0.9292 0.2856
vn 0.7172 -0.3729 0.5886
vn 0.2856 0.9292 0.2344
vn 0.8183 -0.3730 0.4374
vn 0.3259 0.9292 0.1742
vn 0.8879 -0.3729 0.2693
vn 0.3536 0.9292 0.1073
vn -0.8879 -0.3730 0.2693
vn -0.3536 0.9292 0.1073
vn -0.8183 -0.3729 0.4374
vn -0.3259 0.9292 0.1742
vn -0.7172 -0.3730 0.5886
vn -0.2856 0.9292 0.2344
vn -0.5886 -0.3729 0.7172
vn -0.2344 0.9292 0.2856
vn -0.4374 -0.3730 0.8183
vn -0.1742 0.9292 0.3259
vn -0.2693 -0.3729 0.8879
vn -0.1073 0.9292 0.3536
vn 0.9009 0.0094 0.4339
vn 0.3068 0.0090 -0.9517
vn 0.1155 -0.9174 0.3809
vn -0.2667 -0.3948 -0.8792
vn -0.3597 0.0000 0.9331
vn -0.8577 0.0000 -0.5141
vn 0.2058 0.7054 0.6783
vn -0.2058 0.7054 -0.6783
vn 0.7990 0.0094 0.6013
vn 0.4865 0.0091 -0.8736
vn 0.0390 -0.9174 0.3961
vn -0.0901 -0.3948 -0.9143
vn -0.5348 0.0000 0.8450
vn -0.7409 0.0000 -0.6716
vn 0.0695 0.7054 0.7054
vn -0.0695 0.7054 -0.7054
vn -0.0909 0.3730 0.9234
vn -0.0362 -0.9292 0.3677
vn -0.2693 0.3729 0.8879
vn -0.1073 -0.9292 0.3536
vn -0.4374 0.3729 0.8183
vn -0.1742 -0.9292 0.3259
vn -0.5886 0.3729 0.7172
vn -0.2344 -0.9292 0.2856
vn -0.7172 0.3730 0.5886
vn -0.2856 -0.9292 0.2344
vn -0.8183 0.3730 0.4374
vn -0.3259 -0.9292 0.1742
vn -0.8879 0.3729 0.2693
vn -0.3536 -0.9292 0.1073
vn 0.8879 0.3730 0.2693
vn 0.3536 -0.9292 0.1073
vn 0.8183 0.3730 0.4374
vn 0.3259 -0.9292 0.1742
vn 0.7172 0.3730 0.5886
vn 0.2856 -0.9292 0.2344
vn 0.5886 0.3729 0.7172
vn 0.2344 -0.9292 0.2856
vn 0.4374 0.3729 0.8183
vn 0.1742 -0.9292 0.3259
vn 0.2693 0.3729 0.8879
vn 0.1073 -0.9292 0.3536
vn 0.0909 0.3730 0.9234
vn 0.0362 -0.9292 0.3677
vn 0.6894 0.0000 0.7244
vn 0.5957 0.0000 -0.8032
vn 0.0695 -0.7054 0.7054
vn -0.0695 -0.7054 -0.7054
vn -0.6663 -0.0094 0.7456
vn -0.6476 -0.0091 -0.7619
vn 0.0390 0.9174 0.3961
vn -0.0901 0.3948 -0.9143
vn 0.8032 0.0000 0.5957
vn -0.6716 0.0000 0.7410
vn -0.6716 0.0000 0.7409
vn 0.8175 0.0000 0.5760
vn 0.4275 0.0000 -0.9040
vn 0.2058 -0.7054 0.6783
vn -0.2058 -0.7054 -0.6783
vn -0.5080 -0.0094 0.8613
vn -0.7838 -0.0091 -0.6209
vn 0.1155 0.9174 0.3809
vn -0.2667 0.3948 -0.8792
vn 0.9040 0.0000 0.4276
vn 0.4276 0.0000 -0.9040
vn -0.5141 0.0000 0.8577
vn 0.9141 0.0000 0.4054
vn 0.2430 0.0000 -0.9700
vn 0.3341 -0.7054 0.6251
vn -0.3341 -0.7054 -0.6251
vn -0.3303 -0.0094 0.9438
vn -0.8899 -0.0091 -0.4561
vn 0.1876 0.9174 0.3510
vn -0.4331 0.3948 -0.8103
vn 0.9700 0.0000 0.2430
vn -0.3369 0.0000 0.9415
vn 0.9757 0.0000 0.2193
vn 0.0491 0.0000 -0.9988
vn 0.4497 -0.7054 0.5479
vn -0.4497 -0.7054 -0.5479
vn -0.1398 -0.0094 0.9901
vn -0.9618 -0.0090 -0.2737
vn 0.2525 0.9174 0.3077
vn -0.5829 0.3948 -0.7102
vn 0.9988 0.0000 0.0491
vn -0.1467 0.0000 0.9892
vn 0.9997 0.0000 0.0248
vn -0.1467 0.0000 -0.9892
vn 0.5479 -0.7054 0.4497
vn -0.5479 -0.7054 -0.4497
vn 0.0561 -0.0094 0.9984
vn -0.9967 -0.0091 -0.0808
vn 0.3077 0.9174 0.2525
vn -0.7102 0.3948 -0.5829
vn 0.9892 0.0000 -0.1467
vn 0.0491 0.0000 0.9988
vn 0.9853 0.0000 -0.1707
vn -0.3369 0.0000 -0.9415
vn 0.6251 -0.7054 0.3341
vn -0.6251 -0.7054 -0.3341
vn 0.2498 -0.0094 0.9683
vn -0.9933 -0.0090 0.1152
vn 0.3510 0.9174 0.1876
vn -0.8103 0.3948 -0.4331
vn 0.9415 0.0000 -0.3369
vn 0.2430 0.0000 0.9700
vn 0.9331 0.0000 -0.3597
vn -0.5141 0.0000 -0.8577
vn 0.6783 -0.7054 0.2058
vn -0.6783 -0.7054 -0.2058
vn 0.4339 -0.0094 0.9009
vn -0.9517 -0.0091 0.3068
vn 0.3809 0.9174 0.1155
vn -0.8792 0.3948 -0.2667
vn 0.8577 0.0000 -0.5141
vn 0.4276 0.0000 0.9040
vn 0.6013 -0.0094 0.7990
vn -0.8736 -0.0090 0.4865
vn 0.5957 0.0000 0.8032
vn -0.7244 0.0000 0.6894
vn -0.5957 0.0000 0.8032
vn -0.5760 0.0000 0.8175
vn -0.6783 -0.7054 0.2058
vn 0.6783 -0.7054 -0.2058
vn -0.8613 -0.0094 -0.5080
vn 0.6209 -0.0091 -0.7838
vn -0.3809 0.9174 0.1155
vn 0.8792 0.3948 -0.2667
vn -0.4276 0.0000 0.9040
vn 0.9040 0.0000 0.4275
vn -0.4054 0.0000 0.9141
vn -0.6251 -0.7054 0.3341
vn 0.6251 -0.7054 -0.3341
vn -0.9438 -0.0094 -0.3303
vn 0.4561 -0.0090 -0.8899
vn -0.3510 0.9174 0.1876
vn 0.8103 0.3948 -0.4331
vn -0.2430 0.0000 0.9700
vn -0.2193 0.0000 0.9757
vn -0.5479 -0.7054 0.4497
vn 0.5479 -0.7054 -0.4497
vn -0.9901 -0.0094 -0.1398
vn 0.2737 -0.0091 -0.9618
vn -0.3077 0.9174 0.2525
vn 0.7102 0.3948 -0.5829
vn -0.0491 0.0000 0.9988
vn -0.0248 0.0000 0.9997
vn -0.4497 -0.7054 0.5479
vn 0.4497 -0.7054 -0.5479
vn -0.9984 -0.0094 0.0561
vn 0.0808 -0.0091 -0.9967
vn -0.2525 0.9174 0.3077
vn 0.5829 0.3948 -0.7102
vn 0.1467 0.0000 0.9892
vn 0.1707 0.0000 0.9853
vn -0.3341 -0.7054 0.6251
vn 0.3341 -0.7054 -0.6251
vn -0.9683 -0.0094 0.2498
vn -0.1152 -0.0091 -0.9933
vn -0.1876 0.9174 0.3510
vn 0.4331 0.3948 -0.8103
vn 0.3369 0.0000 0.9415
vn 0.3597 0.0000 0.9331
vn -0.2058 -0.7054 0.6783
vn 0.2058 -0.7054 -0.6783
vn -0.9009 -0.0094 0.4339
vn -0.3068 -0.0091 -0.9517
vn -0.1155 0.9174 0.3809
vn 0.2667 0.3948 -0.8792
vn 0.5141 0.0000 0.8577
vn 0.5348 0.0000 0.8450
vn 0.7409 0.0000 -0.6716
vn -0.0695 -0.7054 0.7054
vn 0.0695 -0.7054 -0.7054
vn -0.7990 -0.0094 0.6013
vn -0.4865 -0.0091 -0.8736
vn -0.0390 0.9174 0.3961
vn 0.0901 0.3948 -0.9143
vn 0.6716 0.0000 0.7409
vn 0.7410 0.0000 -0.6716
vn 0.6716 0.0000 0.7410
vn -0.7990 0.0094 0.6013
vn -0.4865 0.0091 -0.8736
vn -0.9009 0.0094 0.4339
vn -0.3068 0.0091 -0.9517
vn -0.9683 0.0094 0.2498
vn -0.1152 0.0091 -0.9933
vn -0.9984 0.0094 0.0561
vn 0.0808 0.0091 -0.9967
vn -0.9901 0.0094 -0.1398
vn 0.2737 0.0091 -0.9618
vn -0.9438 0.0094 -0.3303
vn 0.4561 0.0090 -0.8899
vn -0.8613 0.0094 -0.5080
vn 0.6209 0.0091 -0.7838
vn 0.6013 0.0094 0.7990
vn -0.8736 0.0090 0.4865
vn 0.4339 0.0094 0.9009
vn -0.9517 0.0091 0.3068
vn 0.2498 0.0094 0.9683
vn -0.9933 0.0090 0.1152
vn 0.0561 0.0094 0.9984
vn -0.9967 0.0091 -0.0808
vn -0.1398 0.0094 0.9901
vn -0.9618 0.0090 -0.2737
vn -0.3303 0.0094 0.9438
vn -0.8899 0.0091 -0.4561
vn 0.2693 -0.3729 0.8879
vn 0.5886 -0.3729 0.7173
vn 0.7172 -0.3730 0.5886
vn 0.8879 -0.3730 0.2693
vn -0.8879 -0.3729 0.2693
vn -0.8183 -0.3730 0.4374
vn -0.7172 -0.3729 0.5886
vn -0.4374 -0.3729 0.8183
vn -0.5080 0.0094 0.8613
vn -0.7838 0.0091 -0.6209
vn -0.6663 0.0094 0.7456
vn -0.6476 0.0091 -0.7619
vn -0.4374 0.3730 0.8183
vn -0.7172 0.3729 0.5886
vn -0.8183 0.3729 0.4374
vn -0.8879 0.3730 0.2693
vn 0.8879 0.3729 0.2693
vn 0.7172 0.3729 0.5886
vn 0.5886 0.3730 0.7172
vn 0.7990 -0.0094 0.6013
vn 0.4865 -0.0091 -0.8736
vn -0.7410 0.0000 -0.6716
vn 0.9009 -0.0094 0.4339
vn 0.3068 -0.0090 -0.9517
vn 0.9683 -0.0094 0.2498
vn 0.1152 -0.0091 -0.9933
vn 0.9984 -0.0094 0.0561
vn -0.0808 -0.0091 -0.9967
vn 0.9901 -0.0094 -0.1398
vn -0.2737 -0.0091 -0.9618
vn 0.9438 -0.0094 -0.3303
vn -0.4561 -0.0091 -0.8899
vn 0.8613 -0.0094 -0.5080
vn -0.6209 -0.0091 -0.7838
vn -0.6013 -0.0094 0.7990
vn 0.8736 -0.0090 0.4865
vn -0.4339 -0.0094 0.9009
vn 0.9517 -0.0091 0.3068
vn -0.2498 -0.0094 0.9683
vn 0.9933 -0.0091 0.1152
vn -0.0561 -0.0094 0.9984
vn 0.9967 -0.0091 -0.0808
vn -0.0490 0.0000 0.9988
vn 0.1398 -0.0094 0.9901
vn 0.9618 -0.0091 -0.2737
vn 0.3303 -0.0094 0.9438
vn 0.8899 -0.0090 -0.4561
vn 0.5080 -0.0094 0.8613
vn 0.7838 -0.0091 -0.6209
vn -0.4275 0.0000 -0.9040
vn 0.6663 -0.0094 0.7456
vn 0.6476 -0.0091 -0.7619
usemtl None
s off
f 749/784/357 451/785/357 523/786/357
f 750/787/358 524/788/358 452/789/358
f 750/787/359 455/790/359 451/785/359
f 750/787/360 456/791/360 751/792/360
f 752/793/361 455/790/361 751/792/361
f 751/792/362 526/794/362 752/793/362
f 749/784/363 525/795/363 752/793/363
f 749/784/364 526/794/364 524/788/364
f 753/796/365 455/790/365 525/795/365
f 754/797/366 526/794/366 456/791/366
f 754/797/367 459/798/367 455/790/367
f 754/797/368 460/799/368 755/800/368
f 756/801/369 459/798/369 755/800/369
f 755/800/370 542/802/370 756/801/370
f 756/801/371 525/795/371 541/803/371
f 756/801/372 526/794/372 753/796/372
f 757/804/373 459/798/373 541/803/373
f 758/805/374 542/802/374 460/799/374
f 759/806/375 459/798/375 758/805/375
f 759/806/376 460/799/376 464/807/376
f 760/808/377 463/809/377 759/806/377
f 759/806/378 558/810/378 760/808/378
f 757/804/379 557/811/379 760/808/379
f 760/808/380 542/802/380 757/804/380
f 761/812/381 463/809/381 557/811/381
f 762/813/382 558/810/382 464/807/382
f 763/814/383 463/809/383 762/813/383
f 762/813/384 468/815/384 763/814/384
f 764/816/385 467/817/385 763/814/385
f 763/814/386 574/818/386 764/816/386
f 761/812/387 573/819/387 764/816/387
f 764/816/388 558/810/388 761/812/388
f 765/820/389 467/817/389 573/819/389
f 766/821/390 574/818/390 468/815/390
f 767/822/391 467/817/391 766/821/391
f 766/821/392 472/823/392 767/822/392
f 768/824/393 471/825/393 767/822/393
f 767/822/394 590/826/394 768/824/394
f 765/820/395 589/827/395 768/824/395
f 768/824/396 574/818/396 765/820/396
f 769/828/397 471/825/397 589/827/397
f 770/829/398 590/826/398 472/823/398
f 771/830/399 471/825/399 770/829/399
f 770/829/400 476/831/400 771/830/400
f 772/832/401 475/833/401 771/830/401
f 771/830/402 606/834/402 772/832/402
f 769/828/403 605/835/403 772/832/403
f 769/828/404 606/834/404 590/826/404
f 773/836/405 475/833/405 605/835/405
f 774/837/406 606/834/406 476/831/406
f 775/838/407 475/833/407 774/837/407
f 775/838/408 476/831/408 480/839/408
f 776/840/409 479/841/409 775/838/409
f 775/838/410 622/842/410 776/840/410
f 773/836/411 621/843/411 776/840/411
f 773/836/412 622/842/412 606/834/412
f 777/844/413 479/841/413 621/843/413
f 778/845/414 622/842/414 480/839/414
f 780/846/415 483/847/415 779/848/415
f 779/848/416 638/849/416 780/846/416
f 781/850/417 483/847/417 637/851/417
f 782/852/418 638/849/418 484/853/418
f 783/854/419 483/847/419 782/852/419
f 783/854/420 484/853/420 488/855/420
f 784/856/421 487/857/421 783/854/421
f 783/854/422 654/858/422 784/856/422
f 781/850/423 653/859/423 784/856/423
f 784/856/424 638/849/424 781/850/424
f 785/860/425 487/857/425 653/859/425
f 786/861/426 654/858/426 488/855/426
f 786/861/427 491/862/427 487/857/427
f 786/861/428 492/863/428 787/864/428
f 788/865/429 491/862/429 787/864/429
f 787/864/430 670/866/430 788/865/430
f 785/860/431 669/867/431 788/865/431
f 785/860/432 670/866/432 654/858/432
f 789/868/433 491/862/433 669/867/433
f 790/869/434 670/866/434 492/863/434
f 791/870/435 491/862/435 790/869/435
f 791/870/436 492/863/436 496/871/436
f 792/872/437 495/873/437 791/870/437
f 791/870/438 686/874/438 792/872/438
f 789/868/439 685/875/439 792/872/439
f 792/872/440 670/866/440 789/868/440
f 793/876/441 495/873/441 685/875/441
f 794/877/442 686/874/442 496/871/442
f 795/878/443 495/873/443 794/877/443
f 794/877/444 500/879/444 795/878/444
f 796/880/445 499/881/445 795/878/445
f 795/878/446 702/882/446 796/880/446
f 793/876/447 701/883/447 796/880/447
f 796/880/448 686/874/448 793/876/448
f 797/884/449 499/881/449 701/883/449
f 798/885/450 702/882/450 500/879/450
f 799/886/451 499/881/451 798/885/451
f 799/886/452 500/879/452 504/887/452
f 800/888/453 503/889/453 799/886/453
f 799/886/454 718/890/454 800/888/454
f 797/884/455 717/891/455 800/888/455
f 800/888/456 702/882/456 797/884/456
f 801/892/457 451/893/457 455/894/457
f 801/892/458 452/895/458 802/896/458
f 803/897/459 451/893/459 802/896/459
f 802/896/460 508/898/460 803/897/460
f 804/899/461 507/900/461 803/897/461
f 803/897/462 504/901/462 804/899/462
f 805/902/463 503/903/463 804/899/463
f 805/902/464 504/901/464 500/904/464
f 806/905/465 499/906/465 805/902/465
f 806/905/466 500/904/466 496/907/466
f 806/905/467 491/908/467 495/909/467
f 806/905/468 492/910/468 807/911/468
f 808/912/469 491/908/469 807/911/469
f 807/911/470 488/913/470 808/912/470
f 809/914/471 487/915/471 808/912/471
f 808/912/472 484/916/472 809/914/472
f 811/917/473 479/918/473 810/919/473
f 810/919/474 476/920/474 811/917/474
f 812/921/475 475/922/475 811/917/475
f 812/921/476 476/920/476 472/923/476
f 813/924/477 471/925/477 812/921/477
f 813/924/478 472/923/478 468/926/478
f 814/927/479 467/928/479 813/924/479
f 813/924/480 464/929/480 814/927/480
f 815/930/481 463/931/481 814/927/481
f 814/927/482 460/932/482 815/930/482
f 801/892/483 459/933/483 815/930/483
f 815/930/484 456/934/484 801/892/484
f 816/935/485 503/889/485 717/891/485
f 817/936/486 718/890/486 504/887/486
f 818/937/487 503/889/487 817/936/487
f 817/936/488 508/938/488 818/937/488
f 819/939/489 507/940/489 818/937/489
f 818/937/490 734/941/490 819/939/490
f 819/939/491 717/891/491 733/942/491
f 816/935/492 734/941/492 718/890/492
f 820/943/493 507/940/493 733/942/493
f 821/944/494 734/941/494 508/938/494
f 822/945/495 507/940/495 821/944/495
f 821/944/496 452/946/496 822/945/496
f 823/947/497 451/948/497 822/945/497
f 822/945/498 524/949/498 823/947/498
f 820/943/499 523/950/499 823/947/499
f 820/943/500 524/949/500 734/941/500
f 825/951/501 449/952/501 824/953/501
f 824/953/502 454/954/502 825/951/502
f 826/955/503 453/956/503 825/951/503
f 825/951/504 458/957/504 826/955/504
f 827/958/505 457/959/505 826/955/505
f 826/955/506 462/960/506 827/958/506
f 828/961/507 461/962/507 827/958/507
f 828/961/508 462/960/508 466/963/508
f 829/964/509 465/965/509 828/961/509
f 828/961/510 470/966/510 829/964/510
f 829/964/511 473/967/511 469/968/511
f 829/964/512 474/969/512 830/970/512
f 830/970/513 477/971/513 473/967/513
f 830/970/514 478/972/514 831/973/514
f 833/974/515 481/975/515 832/976/515
f 832/976/516 486/977/516 833/974/516
f 834/978/517 485/979/517 833/974/517
f 834/978/518 486/977/518 490/980/518
f 835/981/519 489/982/519 834/978/519
f 834/978/520 494/983/520 835/981/520
f 836/984/521 493/985/521 835/981/521
f 835/981/522 498/986/522 836/984/522
f 837/987/523 497/988/523 836/984/523
f 836/984/524 502/989/524 837/987/524
f 838/990/525 501/991/525 837/987/525
f 837/987/526 506/992/526 838/990/526
f 824/953/527 505/993/527 838/990/527
f 838/990/528 450/994/528 824/953/528
f 840/995/529 505/996/529 839/997/529
f 839/997/530 748/998/530 840/995/530
f 841/999/531 747/1000/531 840/995/531
f 840/995/532 510/1001/532 841/999/532
f 841/999/533 449/1002/533 509/1003/533
f 842/1004/534 510/1001/534 450/1005/534
f 842/1004/535 505/996/535 449/1002/535
f 842/1004/536 506/1006/536 839/997/536
f 844/1007/537 747/1000/537 843/1008/537
f 843/1008/530 746/1009/530 844/1007/530
f 845/1010/531 745/1011/531 844/1007/531
f 844/1007/532 512/1012/532 845/1010/532
f 846/1013/538 511/1014/538 845/1010/538
f 845/1010/498 510/1001/498 846/1013/498
f 846/1013/499 747/1000/499 509/1003/499
f 843/1008/500 510/1001/500 748/998/500
f 848/1015/537 745/1011/537 847/1016/537
f 847/1016/530 744/1017/530 848/1015/530
f 849/1018/531 743/1019/531 848/1015/531
f 848/1015/532 514/1020/532 849/1018/532
f 850/1021/539 513/1022/539 849/1018/539
f 849/1018/498 512/1012/498 850/1021/498
f 850/1021/499 745/1011/499 511/1014/499
f 850/1021/500 746/1009/500 847/1016/500
f 852/1023/537 743/1019/537 851/1024/537
f 851/1024/530 742/1025/530 852/1023/530
f 852/1023/531 515/1026/531 741/1027/531
f 853/1028/532 742/1025/532 516/1029/532
f 854/1030/539 515/1026/539 853/1028/539
f 853/1028/498 514/1020/498 854/1030/498
f 854/1030/499 743/1019/499 513/1022/499
f 851/1024/500 514/1020/500 744/1017/500
f 856/1031/537 741/1027/537 855/1032/537
f 855/1032/530 740/1033/530 856/1031/530
f 857/1034/531 739/1035/531 856/1031/531
f 857/1034/532 740/1033/532 518/1036/532
f 858/1037/539 517/1038/539 857/1034/539
f 857/1034/498 516/1029/498 858/1037/498
f 855/1032/499 515/1026/499 858/1037/499
f 858/1037/500 742/1025/500 855/1032/500
f 859/1039/537 737/1040/537 739/1035/537
f 859/1039/530 738/1041/530 860/1042/530
f 861/1043/531 737/1040/531 860/1042/531
f 860/1042/532 520/1044/532 861/1043/532
f 862/1045/539 519/1046/539 861/1043/539
f 861/1043/498 518/1036/498 862/1045/498
f 859/1039/499 517/1038/499 862/1045/499
f 862/1045/500 740/1033/500 859/1039/500
f 864/1047/537 737/1040/537 863/1048/537
f 863/1048/530 736/1049/530 864/1047/530
f 865/1050/531 735/1051/531 864/1047/531
f 864/1047/532 522/1052/532 865/1050/532
f 866/1053/539 521/1054/539 865/1050/539
f 865/1050/498 520/1044/498 866/1053/498
f 863/1048/499 519/1046/499 866/1053/499
f 863/1048/500 520/1044/500 738/1041/500
f 868/1055/537 735/1051/537 867/1056/537
f 867/1056/530 734/941/530 868/1055/530
f 869/1057/531 733/942/531 868/1055/531
f 868/1055/532 524/949/532 869/1057/532
f 870/1058/539 523/950/539 869/1057/539
f 869/1057/498 522/1052/498 870/1058/498
f 870/1058/499 735/1051/499 521/1054/499
f 867/1056/500 522/1052/500 736/1049/500
f 872/1059/540 501/1060/540 871/1061/540
f 871/1061/541 732/1062/541 872/1059/541
f 873/1063/542 731/1064/542 872/1059/542
f 872/1059/543 748/998/543 873/1063/543
f 873/1063/544 505/996/544 747/1000/544
f 874/1065/545 748/998/545 506/1006/545
f 874/1065/546 501/1060/546 505/996/546
f 874/1065/547 502/1066/547 871/1061/547
f 876/1067/548 731/1064/548 875/1068/548
f 875/1068/549 730/1069/549 876/1067/549
f 877/1070/542 729/1071/542 876/1067/542
f 876/1067/543 746/1009/543 877/1070/543
f 878/1072/550 745/1011/550 877/1070/550
f 877/1070/490 748/998/490 878/1072/490
f 878/1072/491 731/1064/491 747/1000/491
f 875/1068/492 748/998/492 732/1062/492
f 880/1073/548 729/1071/548 879/1074/548
f 879/1074/541 728/1075/541 880/1073/541
f 880/1073/542 743/1019/542 727/1076/542
f 880/1073/543 744/1017/543 881/1077/543
f 882/1078/550 743/1019/550 881/1077/550
f 881/1077/490 746/1009/490 882/1078/490
f 882/1078/491 729/1071/491 745/1011/491
f 879/1074/492 746/1009/492 730/1069/492
f 884/1079/548 727/1076/548 883/1080/548
f 883/1080/549 726/1081/549 884/1079/549
f 885/1082/542 725/1083/542 884/1079/542
f 884/1079/543 742/1025/543 885/1082/543
f 886/1084/550 741/1027/550 885/1082/550
f 885/1082/490 744/1017/490 886/1084/490
f 886/1084/491 727/1076/491 743/1019/491
f 883/1080/492 744/1017/492 728/1075/492
f 888/1085/548 725/1083/548 887/1086/548
f 887/1086/541 724/1087/541 888/1085/541
f 889/1088/542 723/1089/542 888/1085/542
f 888/1085/543 740/1033/543 889/1088/543
f 890/1090/550 739/1035/550 889/1088/550
f 889/1088/490 742/1025/490 890/1090/490
f 890/1090/491 725/1083/491 741/1027/491
f 887/1086/492 742/1025/492 726/1081/492
f 892/1091/548 723/1089/548 891/1092/548
f 891/1092/541 722/1093/541 892/1091/541
f 893/1094/542 721/1095/542 892/1091/542
f 892/1091/543 738/1041/543 893/1094/543
f 894/1096/550 737/1040/550 893/1094/550
f 894/1096/490 738/1041/490 740/1033/490
f 894/1096/491 723/1089/491 739/1035/491
f 891/1092/492 740/1033/492 724/1087/492
f 896/1097/548 721/1095/548 895/1098/548
f 895/1098/541 720/1099/541 896/1097/541
f 897/1100/542 719/1101/542 896/1097/542
f 896/1097/543 736/1049/543 897/1100/543
f 898/1102/550 735/1051/550 897/1100/550
f 897/1100/490 738/1041/490 898/1102/490
f 895/1098/491 737/1040/491 898/1102/491
f 895/1098/492 738/1041/492 722/1093/492
f 900/1103/548 719/1101/548 899/1104/548
f 899/1104/549 718/890/549 900/1103/549
f 901/1105/542 717/891/542 900/1103/542
f 900/1103/543 734/941/543 901/1105/543
f 902/1106/550 733/942/550 901/1105/550
f 901/1105/490 736/1049/490 902/1106/490
f 899/1104/491 735/1051/491 902/1106/491
f 899/1104/492 736/1049/492 720/1099/492
f 904/1107/551 497/1108/551 903/1109/551
f 903/1109/552 716/1110/552 904/1107/552
f 905/1111/553 715/1112/553 904/1107/553
f 905/1111/554 716/1110/554 732/1062/554
f 905/1111/555 501/1060/555 731/1064/555
f 906/1113/556 732/1062/556 502/1066/556
f 903/1109/557 501/1060/557 906/1113/557
f 906/1113/558 498/1114/558 903/1109/558
f 908/1115/559 715/1112/559 907/1116/559
f 907/1116/552 714/1117/552 908/1115/552
f 909/1118/553 713/1119/553 908/1115/553
f 909/1118/554 714/1117/554 730/1069/554
f 910/1120/560 729/1071/560 909/1118/560
f 909/1118/454 732/1062/454 910/1120/454
f 907/1116/455 731/1064/455 910/1120/455
f 910/1120/456 716/1110/456 907/1116/456
f 912/1121/559 713/1119/559 911/1122/559
f 911/1122/552 712/1123/552 912/1121/552
f 912/1121/553 727/1076/553 711/1124/553
f 913/1125/554 712/1123/554 728/1075/554
f 914/1126/560 727/1076/560 913/1125/560
f 913/1125/454 730/1069/454 914/1126/454
f 911/1122/455 729/1071/455 914/1126/455
f 914/1126/456 714/1117/456 911/1122/456
f 916/1127/559 711/1124/559 915/1128/559
f 916/1127/552 712/1123/552 710/1129/552
f 917/1130/553 709/1131/553 916/1127/553
f 917/1130/554 710/1129/554 726/1081/554
f 917/1130/560 727/1076/560 725/1083/560
f 917/1130/454 728/1075/454 918/1132/454
f 915/1128/455 727/1076/455 918/1132/455
f 918/1132/456 712/1123/456 915/1128/456
f 920/1133/559 709/1131/559 919/1134/559
f 919/1134/552 708/1135/552 920/1133/552
f 921/1136/553 707/1137/553 920/1133/553
f 921/1136/554 708/1135/554 724/1087/554
f 922/1138/560 723/1089/560 921/1136/560
f 921/1136/454 726/1081/454 922/1138/454
f 919/1134/455 725/1083/455 922/1138/455
f 919/1134/456 726/1081/456 710/1129/456
f 923/1139/559 705/1140/559 707/1137/559
f 923/1139/552 706/1141/552 924/1142/552
f 924/1142/553 721/1095/553 705/1140/553
f 925/1143/554 706/1141/554 722/1093/554
f 926/1144/560 721/1095/560 925/1143/560
f 926/1144/454 722/1093/454 724/1087/454
f 923/1139/455 723/1089/455 926/1144/455
f 923/1139/456 724/1087/456 708/1135/456
f 928/1145/559 705/1140/559 927/1146/559
f 927/1146/552 704/1147/552 928/1145/552
f 928/1145/553 719/1101/553 703/1148/553
f 928/1145/554 720/1099/554 929/1149/554
f 930/1150/560 719/1101/560 929/1149/560
f 929/1149/454 722/1093/454 930/1150/454
f 927/1146/455 721/1095/455 930/1150/455
f 930/1150/456 706/1141/456 927/1146/456
f 932/1151/559 703/1148/559 931/1152/559
f 931/1152/552 702/882/552 932/1151/552
f 932/1151/553 717/891/553 701/883/553
f 932/1151/554 718/890/554 933/1153/554
f 934/1154/560 717/891/560 933/1153/560
f 933/1153/454 720/1099/454 934/1154/454
f 931/1152/455 719/1101/455 934/1154/455
f 934/1154/456 704/1147/456 931/1152/456
f 936/1155/561 493/1156/561 935/1157/561
f 935/1157/562 700/1158/562 936/1155/562
f 937/1159/563 699/1160/563 936/1155/563
f 937/1159/564 700/1158/564 716/1110/564
f 937/1159/565 497/1108/565 715/1112/565
f 938/1161/566 716/1110/566 498/1114/566
f 935/1157/567 497/1108/567 938/1161/567
f 935/1157/568 498/1114/568 494/1162/568
f 940/1163/569 699/1160/569 939/1164/569
f 939/1164/562 698/1165/562 940/1163/562
f 941/1166/563 697/1167/563 940/1163/563
f 941/1166/564 698/1165/564 714/1117/564
f 942/1168/570 713/1119/570 941/1166/570
f 941/1166/446 716/1110/446 942/1168/446
f 939/1164/447 715/1112/447 942/1168/447
f 942/1168/448 700/1158/448 939/1164/448
f 944/1169/569 697/1167/569 943/1170/569
f 943/1170/562 696/1171/562 944/1169/562
f 945/1172/563 695/1173/563 944/1169/563
f 945/1172/564 696/1171/564 712/1123/564
f 946/1174/570 711/1124/570 945/1172/570
f 945/1172/446 714/1117/446 946/1174/446
f 943/1170/447 713/1119/447 946/1174/447
f 946/1174/448 698/1165/448 943/1170/448
f 948/1175/569 695/1173/569 947/1176/569
f 947/1176/562 694/1177/562 948/1175/562
f 949/1178/563 693/1179/563 948/1175/563
f 948/1175/564 710/1129/564 949/1178/564
f 950/1180/570 709/1131/570 949/1178/570
f 949/1178/446 712/1123/446 950/1180/446
f 950/1180/447 695/1173/447 711/1124/447
f 950/1180/448 696/1171/448 947/1176/448
f 952/1181/569 693/1179/569 951/1182/569
f 951/1182/562 692/1183/562 952/1181/562
f 953/1184/563 691/1185/563 952/1181/563
f 952/1181/564 708/1135/564 953/1184/564
f 954/1186/570 707/1137/570 953/1184/570
f 953/1184/446 710/1129/446 954/1186/446
f 954/1186/447 693/1179/447 709/1131/447
f 954/1186/448 694/1177/448 951/1182/448
f 956/1187/569 691/1185/569 955/1188/569
f 955/1188/562 690/1189/562 956/1187/562
f 957/1190/563 689/1191/563 956/1187/563
f 957/1190/564 690/1189/564 706/1141/564
f 958/1192/570 705/1140/570 957/1190/570
f 957/1190/446 708/1135/446 958/1192/446
f 958/1192/447 691/1185/447 707/1137/447
f 958/1192/448 692/1183/448 955/1188/448
f 960/1193/569 689/1191/569 959/1194/569
f 959/1194/562 688/1195/562 960/1193/562
f 961/1196/563 687/1197/563 960/1193/563
f 960/1193/564 704/1147/564 961/1196/564
f 962/1198/570 703/1148/570 961/1196/570
f 961/1196/446 706/1141/446 962/1198/446
f 959/1194/447 705/1140/447 962/1198/447
f 962/1198/448 690/1189/448 959/1194/448
f 964/1199/569 687/1197/569 963/1200/569
f 963/1200/562 686/874/562 964/1199/562
f 965/1201/563 685/875/563 964/1199/563
f 964/1199/564 702/882/564 965/1201/564
f 966/1202/570 701/883/570 965/1201/570
f 965/1201/446 704/1147/446 966/1202/446
f 963/1200/447 703/1148/447 966/1202/447
f 966/1202/448 688/1195/448 963/1200/448
f 968/1203/571 489/1204/571 967/1205/571
f 967/1205/572 684/1206/572 968/1203/572
f 968/1203/573 699/1160/573 683/1207/573
f 968/1203/574 700/1158/574 969/1208/574
f 969/1208/575 493/1156/575 699/1160/575
f 970/1209/576 700/1158/576 494/1162/576
f 970/1209/577 489/1204/577 493/1156/577
f 970/1209/578 490/1210/578 967/1205/578
f 972/1211/579 683/1207/579 971/1212/579
f 971/1212/572 682/1213/572 972/1211/572
f 972/1211/573 697/1167/573 681/1214/573
f 972/1211/574 698/1165/574 973/1215/574
f 974/1216/580 697/1167/580 973/1215/580
f 973/1215/438 700/1158/438 974/1216/438
f 971/1212/439 699/1160/439 974/1216/439
f 974/1216/440 684/1206/440 971/1212/440
f 976/1217/579 681/1214/579 975/1218/579
f 975/1218/572 680/1219/572 976/1217/572
f 976/1217/573 695/1173/573 679/1220/573
f 976/1217/574 696/1171/574 977/1221/574
f 978/1222/580 695/1173/580 977/1221/580
f 977/1221/438 698/1165/438 978/1222/438
f 975/1218/439 697/1167/439 978/1222/439
f 978/1222/440 682/1213/440 975/1218/440
f 980/1223/579 679/1220/579 979/1224/579
f 979/1224/572 678/1225/572 980/1223/572
f 981/1226/573 677/1227/573 980/1223/573
f 981/1226/574 678/1225/574 694/1177/574
f 982/1228/580 693/1179/580 981/1226/580
f 981/1226/438 696/1171/438 982/1228/438
f 979/1224/439 695/1173/439 982/1228/439
f 982/1228/440 680/1219/440 979/1224/440
f 984/1229/579 677/1227/579 983/1230/579
f 983/1230/572 676/1231/572 984/1229/572
f 984/1229/573 691/1185/573 675/1232/573
f 985/1233/574 676/1231/574 692/1183/574
f 986/1234/580 691/1185/580 985/1233/580
f 985/1233/438 694/1177/438 986/1234/438
f 983/1230/439 693/1179/439 986/1234/439
f 983/1230/440 694/1177/440 678/1225/440
f 988/1235/579 675/1232/579 987/1236/579
f 987/1236/572 674/1237/572 988/1235/572
f 989/1238/573 673/1239/573 988/1235/573
f 988/1235/574 690/1189/574 989/1238/574
f 990/1240/580 689/1191/580 989/1238/580
f 989/1238/438 692/1183/438 990/1240/438
f 987/1236/439 691/1185/439 990/1240/439
f 990/1240/440 676/1231/440 987/1236/440
f 992/1241/579 673/1239/579 991/1242/579
f 991/1242/572 672/1243/572 992/1241/572
f 993/1244/573 671/1245/573 992/1241/573
f 992/1241/574 688/1195/574 993/1244/574
f 994/1246/580 687/1197/580 993/1244/580
f 993/1244/438 690/1189/438 994/1246/438
f 991/1242/439 689/1191/439 994/1246/439
f 994/1246/440 674/1237/440 991/1242/440
f 996/1247/579 671/1245/579 995/1248/579
f 995/1248/572 670/866/572 996/1247/572
f 997/1249/573 669/867/573 996/1247/573
f 996/1247/574 686/874/574 997/1249/574
f 998/1250/580 685/875/580 997/1249/580
f 997/1249/438 688/1195/438 998/1250/438
f 995/1248/439 687/1197/439 998/1250/439
f 998/1250/440 672/1243/440 995/1248/440
f 1000/1251/581 485/1252/581 999/1253/581
f 999/1253/582 668/1254/582 1000/1251/582
f 1000/1251/583 683/1207/583 667/1255/583
f 1000/1251/584 684/1206/584 1001/1256/584
f 1001/1256/585 489/1204/585 683/1207/585
f 1002/1257/586 684/1206/586 490/1210/586
f 999/1253/587 489/1204/587 1002/1257/587
f 1002/1257/588 486/1258/588 999/1253/588
f 1004/1259/589 667/1255/589 1003/1260/589
f 1003/1260/582 666/1261/582 1004/1259/582
f 1005/1262/583 665/1263/583 1004/1259/583
f 1004/1259/584 682/1213/584 1005/1262/584
f 1006/1264/590 681/1214/590 1005/1262/590
f 1005/1262/430 684/1206/430 1006/1264/430
f 1003/1260/431 683/1207/431 1006/1264/431
f 1003/1260/432 684/1206/432 668/1254/432
f 1008/1265/589 665/1263/589 1007/1266/589
f 1007/1266/582 664/1267/582 1008/1265/582
f 1009/1268/583 663/1269/583 1008/1265/583
f 1008/1265/584 680/1219/584 1009/1268/584
f 1010/1270/590 679/1220/590 1009/1268/590
f 1009/1268/430 682/1213/430 1010/1270/430
f 1007/1266/431 681/1214/431 1010/1270/431
f 1007/1266/432 682/1213/432 666/1261/432
f 1012/1271/589 663/1269/589 1011/1272/589
f 1011/1272/582 662/1273/582 1012/1271/582
f 1013/1274/583 661/1275/583 1012/1271/583
f 1012/1271/584 678/1225/584 1013/1274/584
f 1014/1276/590 677/1227/590 1013/1274/590
f 1013/1274/430 680/1219/430 1014/1276/430
f 1011/1272/431 679/1220/431 1014/1276/431
f 1011/1272/432 680/1219/432 664/1267/432
f 1016/1277/589 661/1275/589 1015/1278/589
f 1015/1278/582 660/1279/582 1016/1277/582
f 1017/1280/583 659/1281/583 1016/1277/583
f 1016/1277/584 676/1231/584 1017/1280/584
f 1018/1282/590 675/1232/590 1017/1280/590
f 1017/1280/430 678/1225/430 1018/1282/430
f 1018/1282/431 661/1275/431 677/1227/431
f 1018/1282/432 662/1273/432 1015/1278/432
f 1020/1283/589 659/1281/589 1019/1284/589
f 1019/1284/582 658/1285/582 1020/1283/582
f 1021/1286/583 657/1287/583 1020/1283/583
f 1020/1283/584 674/1237/584 1021/1286/584
f 1022/1288/590 673/1239/590 1021/1286/590
f 1021/1286/430 676/1231/430 1022/1288/430
f 1022/1288/431 659/1281/431 675/1232/431
f 1022/1288/432 660/1279/432 1019/1284/432
f 1024/1289/589 657/1287/589 1023/1290/589
f 1023/1290/582 656/1291/582 1024/1289/582
f 1025/1292/583 655/1293/583 1024/1289/583
f 1024/1289/584 672/1243/584 1025/1292/584
f 1026/1294/590 671/1245/590 1025/1292/590
f 1025/1292/430 674/1237/430 1026/1294/430
f 1023/1290/431 673/1239/431 1026/1294/431
f 1023/1290/432 674/1237/432 658/1285/432
f 1028/1295/589 655/1293/589 1027/1296/589
f 1027/1296/582 654/858/582 1028/1295/582
f 1029/1297/583 653/859/583 1028/1295/583
f 1028/1295/584 670/866/584 1029/1297/584
f 1030/1298/590 669/867/590 1029/1297/590
f 1029/1297/430 672/1243/430 1030/1298/430
f 1027/1296/431 671/1245/431 1030/1298/431
f 1027/1296/432 672/1243/432 656/1291/432
f 1032/1299/591 481/1300/591 1031/1301/591
f 1031/1301/592 652/1302/592 1032/1299/592
f 1033/1303/593 651/1304/593 1032/1299/593
f 1032/1299/594 668/1254/594 1033/1303/594
f 1033/1303/595 485/1252/595 667/1255/595
f 1034/1305/596 668/1254/596 486/1258/596
f 1031/1301/597 485/1252/597 1034/1305/597
f 1034/1305/598 482/1306/598 1031/1301/598
f 1036/1307/599 651/1304/599 1035/1308/599
f 1035/1308/592 650/1309/592 1036/1307/592
f 1036/1307/593 665/1263/593 649/1310/593
f 1036/1307/594 666/1261/594 1037/1311/594
f 1038/1312/600 665/1263/600 1037/1311/600
f 1037/1311/422 668/1254/422 1038/1312/422
f 1035/1308/423 667/1255/423 1038/1312/423
f 1038/1312/424 652/1302/424 1035/1308/424
f 1040/1313/599 649/1310/599 1039/1314/599
f 1039/1314/592 648/1315/592 1040/1313/592
f 1040/1313/593 663/1269/593 647/1316/593
f 1040/1313/594 664/1267/594 1041/1317/594
f 1042/1318/600 663/1269/600 1041/1317/600
f 1041/1317/422 666/1261/422 1042/1318/422
f 1039/1314/423 665/1263/423 1042/1318/423
f 1042/1318/424 650/1309/424 1039/1314/424
f 1044/1319/599 647/1316/599 1043/1320/599
f 1044/1319/592 648/1315/592 646/1321/592
f 1045/1322/593 645/1323/593 1044/1319/593
f 1045/1322/594 646/1321/594 662/1273/594
f 1046/1324/600 661/1275/600 1045/1322/600
f 1045/1322/422 664/1267/422 1046/1324/422
f 1043/1320/423 663/1269/423 1046/1324/423
f 1046/1324/424 648/1315/424 1043/1320/424
f 1048/1325/599 645/1323/599 1047/1326/599
f 1047/1326/592 644/1327/592 1048/1325/592
f 1049/1328/593 643/1329/593 1048/1325/593
f 1049/1328/594 644/1327/594 660/1279/594
f 1050/1330/600 659/1281/600 1049/1328/600
f 1049/1328/422 662/1273/422 1050/1330/422
f 1047/1326/423 661/1275/423 1050/1330/423
f 1050/1330/424 646/1321/424 1047/1326/424
f 1052/1331/599 643/1329/599 1051/1332/599
f 1051/1332/592 642/1333/592 1052/1331/592
f 1053/1334/593 641/1335/593 1052/1331/593
f 1052/1331/594 658/1285/594 1053/1334/594
f 1054/1336/600 657/1287/600 1053/1334/600
f 1053/1334/422 660/1279/422 1054/1336/422
f 1051/1332/423 659/1281/423 1054/1336/423
f 1054/1336/424 644/1327/424 1051/1332/424
f 1056/1337/599 641/1335/599 1055/1338/599
f 1055/1338/592 640/1339/592 1056/1337/592
f 1057/1340/593 639/1341/593 1056/1337/593
f 1056/1337/594 656/1291/594 1057/1340/594
f 1058/1342/600 655/1293/600 1057/1340/600
f 1057/1340/422 658/1285/422 1058/1342/422
f 1055/1338/423 657/1287/423 1058/1342/423
f 1058/1342/424 642/1333/424 1055/1338/424
f 1060/1343/599 639/1341/599 1059/1344/599
f 1059/1344/592 638/849/592 1060/1343/592
f 1060/1343/593 653/859/593 637/851/593
f 1060/1343/594 654/858/594 1061/1345/594
f 1062/1346/600 653/859/600 1061/1345/600
f 1061/1345/422 656/1291/422 1062/1346/422
f 1059/1344/423 655/1293/423 1062/1346/423
f 1062/1346/424 640/1339/424 1059/1344/424
f 1063/1347/601 481/1300/601 651/1304/601
f 1064/1348/602 652/1302/602 482/1306/602
f 1066/1349/603 649/1310/603 1065/1350/603
f 1065/1350/416 652/1302/416 1066/1349/416
f 1068/1351/603 647/1316/603 1067/1352/603
f 1067/1352/416 650/1309/416 1068/1351/416
f 1070/1353/603 645/1323/603 1069/1354/603
f 1069/1354/416 648/1315/416 1070/1353/416
f 1072/1355/603 643/1329/603 1071/1356/603
f 1071/1356/416 646/1321/416 1072/1355/416
f 1074/1357/603 641/1335/603 1073/1358/603
f 1073/1358/416 644/1327/416 1074/1357/416
f 1076/1359/603 639/1341/603 1075/1360/603
f 1075/1360/416 642/1333/416 1076/1359/416
f 1078/1361/603 637/851/603 1077/1362/603
f 1077/1362/416 640/1339/416 1078/1361/416
f 1080/1363/604 477/1364/604 1079/1365/604
f 1079/1365/537 636/1366/537 1080/1363/537
f 1082/1367/605 635/1368/605 1081/1369/605
f 1081/1369/537 634/1370/537 1082/1367/537
f 1084/1371/605 633/1372/605 1083/1373/605
f 1083/1373/537 632/1374/537 1084/1371/537
f 1086/1375/605 631/1376/605 1085/1377/605
f 1085/1377/537 630/1378/537 1086/1375/537
f 1088/1379/605 629/1380/605 1087/1381/605
f 1087/1381/537 628/1382/537 1088/1379/537
f 1090/1383/605 627/1384/605 1089/1385/605
f 1089/1385/537 626/1386/537 1090/1383/537
f 1092/1387/605 625/1388/605 1091/1389/605
f 1091/1389/537 624/1390/537 1092/1387/537
f 1094/1391/605 623/1392/605 1093/1393/605
f 1093/1393/537 622/842/537 1094/1391/537
f 1096/1394/606 473/1395/606 1095/1396/606
f 1095/1396/548 620/1397/548 1096/1394/548
f 1096/1394/607 635/1368/607 619/1398/607
f 1096/1394/608 636/1366/608 1097/1399/608
f 1097/1399/609 477/1364/609 635/1368/609
f 1098/1400/610 636/1366/610 478/1401/610
f 1095/1396/611 477/1364/611 1098/1400/611
f 1095/1396/612 478/1401/612 474/1402/612
f 1100/1403/613 619/1398/613 1099/1404/613
f 1099/1404/548 618/1405/548 1100/1403/548
f 1100/1403/607 633/1372/607 617/1406/607
f 1100/1403/608 634/1370/608 1101/1407/608
f 1102/1408/490 633/1372/490 1101/1407/490
f 1101/1407/410 636/1366/410 1102/1408/410
f 1099/1404/411 635/1368/411 1102/1408/411
f 1102/1408/412 620/1397/412 1099/1404/412
f 1104/1409/613 617/1406/613 1103/1410/613
f 1103/1410/548 616/1411/548 1104/1409/548
f 1104/1409/607 631/1376/607 615/1412/607
f 1104/1409/608 632/1374/608 1105/1413/608
f 1106/1414/490 631/1376/490 1105/1413/490
f 1105/1413/410 634/1370/410 1106/1414/410
f 1103/1410/411 633/1372/411 1106/1414/411
f 1103/1410/412 634/1370/412 618/1405/412
f 1108/1415/613 615/1412/613 1107/1416/613
f 1107/1416/548 614/1417/548 1108/1415/548
f 1109/1418/607 613/1419/607 1108/1415/607
f 1109/1418/608 614/1417/608 630/1378/608
f 1110/1420/490 629/1380/490 1109/1418/490
f 1109/1418/410 632/1374/410 1110/1420/410
f 1107/1416/411 631/1376/411 1110/1420/411
f 1107/1416/412 632/1374/412 616/1411/412
f 1112/1421/613 613/1419/613 1111/1422/613
f 1111/1422/614 612/1423/614 1112/1421/614
f 1113/1424/607 611/1425/607 1112/1421/607
f 1112/1421/608 628/1382/608 1113/1424/608
f 1114/1426/490 627/1384/490 1113/1424/490
f 1113/1424/410 630/1378/410 1114/1426/410
f 1111/1422/411 629/1380/411 1114/1426/411
f 1114/1426/412 614/1417/412 1111/1422/412
f 1115/1427/613 609/1428/613 611/1425/613
f 1115/1427/614 610/1429/614 1116/1430/614
f 1117/1431/607 609/1428/607 1116/1430/607
f 1116/1430/608 626/1386/608 1117/1431/608
f 1118/1432/490 625/1388/490 1117/1431/490
f 1117/1431/410 628/1382/410 1118/1432/410
f 1118/1432/411 611/1425/411 627/1384/411
f 1118/1432/412 612/1423/412 1115/1427/412
f 1120/1433/613 609/1428/613 1119/1434/613
f 1119/1434/548 608/1435/548 1120/1433/548
f 1121/1436/607 607/1437/607 1120/1433/607
f 1120/1433/608 624/1390/608 1121/1436/608
f 1122/1438/490 623/1392/490 1121/1436/490
f 1121/1436/410 626/1386/410 1122/1438/410
f 1119/1434/411 625/1388/411 1122/1438/411
f 1119/1434/412 626/1386/412 610/1429/412
f 1124/1439/613 607/1437/613 1123/1440/613
f 1123/1440/548 606/834/548 1124/1439/548
f 1124/1439/607 621/843/607 605/835/607
f 1124/1439/608 622/842/608 1125/1441/608
f 1126/1442/490 621/843/490 1125/1441/490
f 1125/1441/410 624/1390/410 1126/1442/410
f 1123/1440/411 623/1392/411 1126/1442/411
f 1123/1440/412 624/1390/412 608/1435/412
f 1128/1443/615 469/1444/615 1127/1445/615
f 1127/1445/559 604/1446/559 1128/1443/559
f 1129/1447/616 603/1448/616 1128/1443/616
f 1128/1443/617 620/1397/617 1129/1447/617
f 1129/1447/618 473/1395/618 619/1398/618
f 1130/1449/619 620/1397/619 474/1402/619
f 1127/1445/620 473/1395/620 1130/1449/620
f 1130/1449/621 470/1450/621 1127/1445/621
f 1132/1451/622 603/1448/622 1131/1452/622
f 1131/1452/559 602/1453/559 1132/1451/559
f 1132/1451/616 617/1406/616 601/1454/616
f 1132/1451/617 618/1405/617 1133/1455/617
f 1134/1456/454 617/1406/454 1133/1455/454
f 1133/1455/402 620/1397/402 1134/1456/402
f 1131/1452/403 619/1398/403 1134/1456/403
f 1131/1452/404 620/1397/404 604/1446/404
f 1136/1457/622 601/1454/622 1135/1458/622
f 1135/1458/559 600/1459/559 1136/1457/559
f 1136/1457/616 615/1412/616 599/1460/616
f 1136/1457/617 616/1411/617 1137/1461/617
f 1138/1462/454 615/1412/454 1137/1461/454
f 1137/1461/402 618/1405/402 1138/1462/402
f 1135/1458/403 617/1406/403 1138/1462/403
f 1135/1458/404 618/1405/404 602/1453/404
f 1140/1463/622 599/1460/622 1139/1464/622
f 1140/1463/559 600/1459/559 598/1465/559
f 1140/1463/616 613/1419/616 597/1466/616
f 1140/1463/617 614/1417/617 1141/1467/617
f 1142/1468/454 613/1419/454 1141/1467/454
f 1141/1467/402 616/1411/402 1142/1468/402
f 1139/1464/403 615/1412/403 1142/1468/403
f 1139/1464/404 616/1411/404 600/1459/404
f 1144/1469/622 597/1466/622 1143/1470/622
f 1143/1470/559 596/1471/559 1144/1469/559
f 1144/1469/616 611/1425/616 595/1472/616
f 1144/1469/617 612/1423/617 1145/1473/617
f 1146/1474/454 611/1425/454 1145/1473/454
f 1145/1473/402 614/1417/402 1146/1474/402
f 1143/1470/403 613/1419/403 1146/1474/403
f 1146/1474/404 598/1465/404 1143/1470/404
f 1147/1475/622 593/1476/622 595/1472/622
f 1147/1475/559 594/1477/559 1148/1478/559
f 1148/1478/616 609/1428/616 593/1476/616
f 1148/1478/617 610/1429/617 1149/1479/617
f 1150/1480/454 609/1428/454 1149/1479/454
f 1150/1480/402 610/1429/402 612/1423/402
f 1147/1475/403 611/1425/403 1150/1480/403
f 1150/1480/404 596/1471/404 1147/1475/404
f 1152/1481/622 593/1476/622 1151/1482/622
f 1151/1482/559 592/1483/559 1152/1481/559
f 1152/1481/616 607/1437/616 591/1484/616
f 1152/1481/617 608/1435/617 1153/1485/617
f 1154/1486/454 607/1437/454 1153/1485/454
f 1153/1485/402 610/1429/402 1154/1486/402
f 1151/1482/403 609/1428/403 1154/1486/403
f 1151/1482/404 610/1429/404 594/1477/404
f 1156/1487/622 591/1484/622 1155/1488/622
f 1155/1488/559 590/826/559 1156/1487/559
f 1156/1487/616 605/835/616 589/827/616
f 1156/1487/617 606/834/617 1157/1489/617
f 1158/1490/454 605/835/454 1157/1489/454
f 1157/1489/402 608/1435/402 1158/1490/402
f 1155/1488/403 607/1437/403 1158/1490/403
f 1155/1488/404 608/1435/404 592/1483/404
f 1160/1491/623 465/1492/623 1159/1493/623
f 1159/1493/569 588/1494/569 1160/1491/569
f 1161/1495/624 587/1496/624 1160/1491/624
f 1160/1491/625 604/1446/625 1161/1495/625
f 1161/1495/626 469/1444/626 603/1448/626
f 1162/1497/627 604/1446/627 470/1450/627
f 1159/1493/628 469/1444/628 1162/1497/628
f 1162/1497/629 466/1498/629 1159/1493/629
f 1164/1499/630 587/1496/630 1163/1500/630
f 1163/1500/569 586/1501/569 1164/1499/569
f 1165/1502/624 585/1503/624 1164/1499/624
f 1164/1499/625 602/1453/625 1165/1502/625
f 1166/1504/446 601/1454/446 1165/1502/446
f 1165/1502/394 604/1446/394 1166/1504/394
f 1163/1500/395 603/1448/395 1166/1504/395
f 1166/1504/396 588/1494/396 1163/1500/396
f 1168/1505/630 585/1503/630 1167/1506/630
f 1167/1506/569 584/1507/569 1168/1505/569
f 1169/1508/624 583/1509/624 1168/1505/624
f 1168/1505/625 600/1459/625 1169/1508/625
f 1170/1510/446 599/1460/446 1169/1508/446
f 1169/1508/394 602/1453/394 1170/1510/394
f 1167/1506/395 601/1454/395 1170/1510/395
f 1170/1510/396 586/1501/396 1167/1506/396
f 1172/1511/630 583/1509/630 1171/1512/630
f 1171/1512/569 582/1513/569 1172/1511/569
f 1173/1514/624 581/1515/624 1172/1511/624
f 1172/1511/625 598/1465/625 1173/1514/625
f 1174/1516/446 597/1466/446 1173/1514/446
f 1173/1514/394 600/1459/394 1174/1516/394
f 1171/1512/395 599/1460/395 1174/1516/395
f 1174/1516/396 584/1507/396 1171/1512/396
f 1176/1517/630 581/1515/630 1175/1518/630
f 1175/1518/569 580/1519/569 1176/1517/569
f 1177/1520/624 579/1521/624 1176/1517/624
f 1176/1517/625 596/1471/625 1177/1520/625
f 1178/1522/446 595/1472/446 1177/1520/446
f 1177/1520/394 598/1465/394 1178/1522/394
f 1178/1522/395 581/1515/395 597/1466/395
f 1175/1518/396 598/1465/396 582/1513/396
f 1180/1523/630 579/1521/630 1179/1524/630
f 1179/1524/569 578/1525/569 1180/1523/569
f 1181/1526/624 577/1527/624 1180/1523/624
f 1180/1523/625 594/1477/625 1181/1526/625
f 1182/1528/446 593/1476/446 1181/1526/446
f 1182/1528/394 594/1477/394 596/1471/394
f 1182/1528/395 579/1521/395 595/1472/395
f 1179/1524/396 596/1471/396 580/1519/396
f 1184/1529/630 577/1527/630 1183/1530/630
f 1183/1530/569 576/1531/569 1184/1529/569
f 1185/1532/624 575/1533/624 1184/1529/624
f 1185/1532/625 576/1531/625 592/1483/625
f 1186/1534/446 591/1484/446 1185/1532/446
f 1185/1532/394 594/1477/394 1186/1534/394
f 1183/1530/395 593/1476/395 1186/1534/395
f 1186/1534/396 578/1525/396 1183/1530/396
f 1188/1535/630 575/1533/630 1187/1536/630
f 1187/1536/569 574/818/569 1188/1535/569
f 1189/1537/624 573/819/624 1188/1535/624
f 1189/1537/625 574/818/625 590/826/625
f 1190/1538/446 589/827/446 1189/1537/446
f 1189/1537/394 592/1483/394 1190/1538/394
f 1187/1536/395 591/1484/395 1190/1538/395
f 1190/1538/396 576/1531/396 1187/1536/396
f 1192/1539/631 461/1540/631 1191/1541/631
f 1191/1541/579 572/1542/579 1192/1539/579
f 1193/1543/632 571/1544/632 1192/1539/632
f 1192/1539/633 588/1494/633 1193/1543/633
f 1193/1543/634 465/1492/634 587/1496/634
f 1194/1545/635 588/1494/635 466/1498/635
f 1191/1541/636 465/1492/636 1194/1545/636
f 1194/1545/637 462/1546/637 1191/1541/637
f 1196/1547/638 571/1544/638 1195/1548/638
f 1195/1548/579 570/1549/579 1196/1547/579
f 1197/1550/632 569/1551/632 1196/1547/632
f 1196/1547/633 586/1501/633 1197/1550/633
f 1198/1552/438 585/1503/438 1197/1550/438
f 1197/1550/386 588/1494/386 1198/1552/386
f 1195/1548/387 587/1496/387 1198/1552/387
f 1195/1548/388 588/1494/388 572/1542/388
f 1200/1553/638 569/1551/638 1199/1554/638
f 1199/1554/579 568/1555/579 1200/1553/579
f 1201/1556/632 567/1557/632 1200/1553/632
f 1200/1553/633 584/1507/633 1201/1556/633
f 1202/1558/438 583/1509/438 1201/1556/438
f 1201/1556/386 586/1501/386 1202/1558/386
f 1199/1554/387 585/1503/387 1202/1558/387
f 1199/1554/388 586/1501/388 570/1549/388
f 1204/1559/638 567/1557/638 1203/1560/638
f 1204/1559/579 568/1555/579 566/1561/579
f 1204/1559/632 581/1515/632 565/1562/632
f 1205/1563/633 566/1561/633 582/1513/633
f 1206/1564/438 581/1515/438 1205/1563/438
f 1205/1563/386 584/1507/386 1206/1564/386
f 1203/1560/387 583/1509/387 1206/1564/387
f 1206/1564/388 568/1555/388 1203/1560/388
f 1208/1565/638 565/1562/638 1207/1566/638
f 1207/1566/579 564/1567/579 1208/1565/579
f 1208/1565/632 579/1521/632 563/1568/632
f 1209/1569/633 564/1567/633 580/1519/633
f 1210/1570/438 579/1521/438 1209/1569/438
f 1209/1569/386 582/1513/386 1210/1570/386
f 1207/1566/387 581/1515/387 1210/1570/387
f 1210/1570/388 566/1561/388 1207/1566/388
f 1212/1571/638 563/1568/638 1211/1572/638
f 1211/1572/579 562/1573/579 1212/1571/579
f 1213/1574/632 561/1575/632 1212/1571/632
f 1212/1571/633 578/1525/633 1213/1574/633
f 1214/1576/438 577/1527/438 1213/1574/438
f 1213/1574/386 580/1519/386 1214/1576/386
f 1211/1572/387 579/1521/387 1214/1576/387
f 1214/1576/388 564/1567/388 1211/1572/388
f 1216/1577/638 561/1575/638 1215/1578/638
f 1215/1578/579 560/1579/579 1216/1577/579
f 1217/1580/632 559/1581/632 1216/1577/632
f 1216/1577/633 576/1531/633 1217/1580/633
f 1218/1582/438 575/1533/438 1217/1580/438
f 1217/1580/386 578/1525/386 1218/1582/386
f 1215/1578/387 577/1527/387 1218/1582/387
f 1218/1582/388 562/1573/388 1215/1578/388
f 1220/1583/638 559/1581/638 1219/1584/638
f 1219/1584/579 558/810/579 1220/1583/579
f 1221/1585/632 557/811/632 1220/1583/632
f 1220/1583/633 574/818/633 1221/1585/633
f 1222/1586/438 573/819/438 1221/1585/438
f 1221/1585/386 576/1531/386 1222/1586/386
f 1219/1584/387 575/1533/387 1222/1586/387
f 1222/1586/388 560/1579/388 1219/1584/388
f 1224/1587/639 457/1588/639 1223/1589/639
f 1223/1589/589 556/1590/589 1224/1587/589
f 1224/1587/640 571/1544/640 555/1591/640
f 1224/1587/641 572/1542/641 1225/1592/641
f 1225/1592/642 461/1540/642 571/1544/642
f 1226/1593/643 572/1542/643 462/1546/643
f 1223/1589/644 461/1540/644 1226/1593/644
f 1226/1593/645 458/1594/645 1223/1589/645
f 1228/1595/646 555/1591/646 1227/1596/646
f 1227/1596/589 554/1597/589 1228/1595/589
f 1228/1595/640 569/1551/640 553/1598/640
f 1228/1595/641 570/1549/641 1229/1599/641
f 1230/1600/430 569/1551/430 1229/1599/430
f 1229/1599/378 572/1542/378 1230/1600/378
f 1230/1600/379 555/1591/379 571/1544/379
f 1230/1600/380 556/1590/380 1227/1596/380
f 1232/1601/646 553/1598/646 1231/1602/646
f 1231/1602/589 552/1603/589 1232/1601/589
f 1232/1601/640 567/1557/640 551/1604/640
f 1232/1601/641 568/1555/641 1233/1605/641
f 1234/1606/430 567/1557/430 1233/1605/430
f 1233/1605/378 570/1549/378 1234/1606/378
f 1231/1602/379 569/1551/379 1234/1606/379
f 1234/1606/380 554/1597/380 1231/1602/380
f 1236/1607/646 551/1604/646 1235/1608/646
f 1236/1607/589 552/1603/589 550/1609/589
f 1237/1610/640 549/1611/640 1236/1607/640
f 1236/1607/641 566/1561/641 1237/1610/641
f 1238/1612/430 565/1562/430 1237/1610/430
f 1237/1610/378 568/1555/378 1238/1612/378
f 1235/1608/379 567/1557/379 1238/1612/379
f 1238/1612/380 552/1603/380 1235/1608/380
f 1240/1613/646 549/1611/646 1239/1614/646
f 1239/1614/589 548/1615/589 1240/1613/589
f 1241/1616/640 547/1617/640 1240/1613/640
f 1240/1613/641 564/1567/641 1241/1616/641
f 1242/1618/430 563/1568/430 1241/1616/430
f 1241/1616/378 566/1561/378 1242/1618/378
f 1242/1618/379 549/1611/379 565/1562/379
f 1242/1618/380 550/1609/380 1239/1614/380
f 1244/1619/646 547/1617/646 1243/1620/646
f 1243/1620/589 546/1621/589 1244/1619/589
f 1244/1619/640 561/1575/640 545/1622/640
f 1244/1619/641 562/1573/641 1245/1623/641
f 1246/1624/430 561/1575/430 1245/1623/430
f 1245/1623/378 564/1567/378 1246/1624/378
f 1246/1624/379 547/1617/379 563/1568/379
f 1246/1624/380 548/1615/380 1243/1620/380
f 1248/1625/646 545/1622/646 1247/1626/646
f 1247/1626/589 544/1627/589 1248/1625/589
f 1248/1625/640 559/1581/640 543/1628/640
f 1248/1625/641 560/1579/641 1249/1629/641
f 1250/1630/430 559/1581/430 1249/1629/430
f 1249/1629/378 562/1573/378 1250/1630/378
f 1250/1630/379 545/1622/379 561/1575/379
f 1250/1630/380 546/1621/380 1247/1626/380
f 1252/1631/646 543/1628/646 1251/1632/646
f 1251/1632/589 542/802/589 1252/1631/589
f 1252/1631/640 557/811/640 541/803/640
f 1252/1631/641 558/810/641 1253/1633/641
f 1254/1634/430 557/811/430 1253/1633/430
f 1253/1633/378 560/1579/378 1254/1634/378
f 1254/1634/379 543/1628/379 559/1581/379
f 1254/1634/380 544/1627/380 1251/1632/380
f 1256/1635/647 453/1636/647 1255/1637/647
f 1255/1637/599 540/1638/599 1256/1635/599
f 1257/1639/648 539/1640/648 1256/1635/648
f 1256/1635/649 556/1590/649 1257/1639/649
f 1257/1639/650 457/1588/650 555/1591/650
f 1258/1641/651 556/1590/651 458/1594/651
f 1255/1637/652 457/1588/652 1258/1641/652
f 1258/1641/653 454/1642/653 1255/1637/653
f 1260/1643/654 539/1640/654 1259/1644/654
f 1259/1644/599 538/1645/599 1260/1643/599
f 1261/1646/648 537/1647/648 1260/1643/648
f 1260/1643/649 554/1597/649 1261/1646/649
f 1262/1648/422 553/1598/422 1261/1646/422
f 1261/1646/370 556/1590/370 1262/1648/370
f 1262/1648/371 539/1640/371 555/1591/371
f 1262/1648/372 540/1638/372 1259/1644/372
f 1264/1649/654 537/1647/654 1263/1650/654
f 1263/1650/599 536/1651/599 1264/1649/599
f 1265/1652/648 535/1653/648 1264/1649/648
f 1264/1649/649 552/1603/649 1265/1652/649
f 1266/1654/422 551/1604/422 1265/1652/422
f 1265/1652/370 554/1597/370 1266/1654/370
f 1266/1654/371 537/1647/371 553/1598/371
f 1266/1654/372 538/1645/372 1263/1650/372
f 1268/1655/654 535/1653/654 1267/1656/654
f 1268/1655/599 536/1651/599 534/1657/599
f 1269/1658/648 533/1659/648 1268/1655/648
f 1268/1655/649 550/1609/649 1269/1658/649
f 1270/1660/422 549/1611/422 1269/1658/422
f 1269/1658/370 552/1603/370 1270/1660/370
f 1270/1660/371 535/1653/371 551/1604/371
f 1270/1660/372 536/1651/372 1267/1656/372
f 1272/1661/654 533/1659/654 1271/1662/654
f 1271/1662/599 532/1663/599 1272/1661/599
f 1273/1664/648 531/1665/648 1272/1661/648
f 1272/1661/649 548/1615/649 1273/1664/649
f 1274/1666/422 547/1617/422 1273/1664/422
f 1273/1664/370 550/1609/370 1274/1666/370
f 1271/1662/371 549/1611/371 1274/1666/371
f 1271/1662/372 550/1609/372 534/1657/372
f 1275/1667/654 529/1668/654 531/1665/654
f 1275/1667/599 530/1669/599 1276/1670/599
f 1277/1671/648 529/1668/648 1276/1670/648
f 1276/1670/649 546/1621/649 1277/1671/649
f 1278/1672/422 545/1622/422 1277/1671/422
f 1277/1671/370 548/1615/370 1278/1672/370
f 1275/1667/371 547/1617/371 1278/1672/371
f 1275/1667/372 548/1615/372 532/1663/372
f 1280/1673/654 529/1668/654 1279/1674/654
f 1279/1674/599 528/1675/599 1280/1673/599
f 1281/1676/648 527/1677/648 1280/1673/648
f 1281/1676/649 528/1675/649 544/1627/649
f 1282/1678/422 543/1628/422 1281/1676/422
f 1281/1676/370 546/1621/370 1282/1678/370
f 1282/1678/371 529/1668/371 545/1622/371
f 1282/1678/372 530/1669/372 1279/1674/372
f 1284/1679/654 527/1677/654 1283/1680/654
f 1283/1680/599 526/794/599 1284/1679/599
f 1285/1681/648 525/795/648 1284/1679/648
f 1284/1679/649 542/802/649 1285/1681/649
f 1286/1682/422 541/803/422 1285/1681/422
f 1285/1681/370 544/1627/370 1286/1682/370
f 1286/1682/371 527/1677/371 543/1628/371
f 1286/1682/372 528/1675/372 1283/1680/372
f 1288/1683/655 449/1684/655 1287/1685/655
f 1287/1685/656 510/1686/656 1288/1683/656
f 1289/1687/657 509/1688/657 1288/1683/657
f 1289/1687/658 510/1686/658 540/1638/658
f 1289/1687/659 453/1636/659 539/1640/659
f 1290/1689/660 540/1638/660 454/1642/660
f 1287/1685/661 453/1636/661 1290/1689/661
f 1290/1689/662 450/1690/662 1287/1685/662
f 1292/1691/663 509/1688/663 1291/1692/663
f 1291/1692/656 512/1693/656 1292/1691/656
f 1292/1691/657 537/1647/657 511/1694/657
f 1293/1695/658 512/1693/658 538/1645/658
f 1294/1696/416 537/1647/416 1293/1695/416
f 1293/1695/362 540/1638/362 1294/1696/362
f 1294/1696/363 509/1688/363 539/1640/363
f 1291/1692/364 540/1638/364 510/1686/364
f 1296/1697/663 511/1694/663 1295/1698/663
f 1295/1698/656 514/1699/656 1296/1697/656
f 1296/1697/657 535/1653/657 513/1700/657
f 1297/1701/658 514/1699/658 536/1651/658
f 1298/1702/416 535/1653/416 1297/1701/416
f 1297/1701/362 538/1645/362 1298/1702/362
f 1298/1702/363 511/1694/363 537/1647/363
f 1295/1698/364 538/1645/364 512/1693/364
f 1300/1703/663 513/1700/663 1299/1704/663
f 1299/1704/664 516/1705/664 1300/1703/664
f 1301/1706/657 515/1707/657 1300/1703/657
f 1300/1703/658 534/1657/658 1301/1706/658
f 1302/1708/416 533/1659/416 1301/1706/416
f 1301/1706/362 536/1651/362 1302/1708/362
f 1302/1708/363 513/1700/363 535/1653/363
f 1299/1704/364 536/1651/364 514/1699/364
f 1304/1709/663 515/1707/663 1303/1710/663
f 1303/1710/664 518/1711/664 1304/1709/664
f 1305/1712/657 517/1713/657 1304/1709/657
f 1304/1709/658 532/1663/658 1305/1712/658
f 1306/1714/416 531/1665/416 1305/1712/416
f 1305/1712/362 534/1657/362 1306/1714/362
f 1306/1714/363 515/1707/363 533/1659/363
f 1306/1714/364 516/1705/364 1303/1710/364
f 1308/1715/663 517/1713/663 1307/1716/663
f 1307/1716/656 520/1717/656 1308/1715/656
f 1308/1715/657 529/1668/657 519/1718/657
f 1309/1719/658 520/1717/658 530/1669/658
f 1310/1720/416 529/1668/416 1309/1719/416
f 1309/1719/362 532/1663/362 1310/1720/362
f 1307/1716/363 531/1665/363 1310/1720/363
f 1310/1720/364 518/1711/364 1307/1716/364
f 1312/1721/663 519/1718/663 1311/1722/663
f 1311/1722/656 522/1723/656 1312/1721/656
f 1312/1721/657 527/1677/657 521/1724/657
f 1313/1725/658 522/1723/658 528/1675/658
f 1314/1726/416 527/1677/416 1313/1725/416
f 1313/1725/362 530/1669/362 1314/1726/362
f 1311/1722/363 529/1668/363 1314/1726/363
f 1314/1726/364 520/1717/364 1311/1722/364
f 1316/1727/665 521/1724/665 1315/1728/665
f 1315/1728/656 524/788/656 1316/1727/656
f 1316/1727/657 525/795/657 523/786/657
f 1317/1729/658 524/788/658 526/794/658
f 1318/1730/416 525/795/416 1317/1729/416
f 1317/1729/362 528/1675/362 1318/1730/362
f 1315/1728/363 527/1677/363 1318/1730/363
f 1315/1728/364 528/1675/364 522/1723/364
f 749/784/655 750/787/655 451/785/655
f 750/787/656 749/784/656 524/788/656
f 750/787/359 751/792/359 455/790/359
f 750/787/360 452/789/360 456/791/360
f 752/793/666 525/795/666 455/790/666
f 751/792/667 456/791/667 526/794/667
f 749/784/363 523/786/363 525/795/363
f 749/784/364 752/793/364 526/794/364
f 753/796/647 754/797/647 455/790/647
f 754/797/599 753/796/599 526/794/599
f 754/797/367 755/800/367 459/798/367
f 754/797/368 456/791/368 460/799/368
f 756/801/668 541/803/668 459/798/668
f 755/800/669 460/799/669 542/802/669
f 756/801/371 753/796/371 525/795/371
f 756/801/372 542/802/372 526/794/372
f 757/804/639 758/805/639 459/798/639
f 758/805/589 757/804/589 542/802/589
f 759/806/375 463/809/375 459/798/375
f 759/806/376 758/805/376 460/799/376
f 760/808/670 557/811/670 463/809/670
f 759/806/671 464/807/671 558/810/671
f 757/804/379 541/803/379 557/811/379
f 760/808/380 558/810/380 542/802/380
f 761/812/631 762/813/631 463/809/631
f 762/813/579 761/812/579 558/810/579
f 763/814/383 467/817/383 463/809/383
f 762/813/384 464/807/384 468/815/384
f 764/816/672 573/819/672 467/817/672
f 763/814/673 468/815/673 574/818/673
f 761/812/387 557/811/387 573/819/387
f 764/816/388 574/818/388 558/810/388
f 765/820/623 766/821/623 467/817/623
f 766/821/569 765/820/569 574/818/569
f 767/822/391 471/825/391 467/817/391
f 766/821/392 468/815/392 472/823/392
f 768/824/674 589/827/674 471/825/674
f 767/822/675 472/823/675 590/826/675
f 765/820/395 573/819/395 589/827/395
f 768/824/396 590/826/396 574/818/396
f 769/828/615 770/829/615 471/825/615
f 770/829/559 769/828/559 590/826/559
f 771/830/399 475/833/399 471/825/399
f 770/829/400 472/823/400 476/831/400
f 772/832/676 605/835/676 475/833/676
f 771/830/677 476/831/677 606/834/677
f 769/828/403 589/827/403 605/835/403
f 769/828/404 772/832/404 606/834/404
f 773/836/606 774/837/606 475/833/606
f 774/837/548 773/836/548 606/834/548
f 775/838/407 479/841/407 475/833/407
f 775/838/408 774/837/408 476/831/408
f 776/840/678 621/843/678 479/841/678
f 775/838/679 480/839/679 622/842/679
f 773/836/411 605/835/411 621/843/411
f 773/836/412 776/840/412 622/842/412
f 777/844/604 778/845/604 479/841/604
f 778/845/537 777/844/537 622/842/537
f 780/846/680 637/851/680 483/847/680
f 779/848/681 484/853/681 638/849/681
f 781/850/591 782/852/591 483/847/591
f 782/852/592 781/850/592 638/849/592
f 783/854/419 487/857/419 483/847/419
f 783/854/420 782/852/420 484/853/420
f 784/856/682 653/859/682 487/857/682
f 783/854/683 488/855/683 654/858/683
f 781/850/423 637/851/423 653/859/423
f 784/856/424 654/858/424 638/849/424
f 785/860/581 786/861/581 487/857/581
f 786/861/582 785/860/582 654/858/582
f 786/861/427 787/864/427 491/862/427
f 786/861/428 488/855/428 492/863/428
f 788/865/684 669/867/684 491/862/684
f 787/864/685 492/863/685 670/866/685
f 785/860/431 653/859/431 669/867/431
f 785/860/432 788/865/432 670/866/432
f 789/868/571 790/869/571 491/862/571
f 790/869/572 789/868/572 670/866/572
f 791/870/435 495/873/435 491/862/435
f 791/870/436 790/869/436 492/863/436
f 792/872/686 685/875/686 495/873/686
f 791/870/687 496/871/687 686/874/687
f 789/868/439 669/867/439 685/875/439
f 792/872/440 686/874/440 670/866/440
f 793/876/561 794/877/561 495/873/561
f 794/877/562 793/876/562 686/874/562
f 795/878/443 499/881/443 495/873/443
f 794/877/444 496/871/444 500/879/444
f 796/880/688 701/883/688 499/881/688
f 795/878/689 500/879/689 702/882/689
f 793/876/447 685/875/447 701/883/447
f 796/880/448 702/882/448 686/874/448
f 797/884/551 798/885/551 499/881/551
f 798/885/552 797/884/552 702/882/552
f 799/886/451 503/889/451 499/881/451
f 799/886/452 798/885/452 500/879/452
f 800/888/690 717/891/690 503/889/690
f 799/886/691 504/887/691 718/890/691
f 797/884/455 701/883/455 717/891/455
f 800/888/456 718/890/456 702/882/456
f 801/892/457 802/896/457 451/893/457
f 801/892/458 456/934/458 452/895/458
f 803/897/459 507/900/459 451/893/459
f 802/896/460 452/895/460 508/898/460
f 804/899/692 503/903/692 507/900/692
f 803/897/462 508/898/462 504/901/462
f 805/902/463 499/906/463 503/903/463
f 805/902/464 804/899/464 504/901/464
f 806/905/693 495/909/693 499/906/693
f 806/905/466 805/902/466 500/904/466
f 806/905/694 807/911/694 491/908/694
f 806/905/468 496/907/468 492/910/468
f 808/912/469 487/915/469 491/908/469
f 807/911/470 492/910/470 488/913/470
f 809/914/695 483/1731/695 487/915/695
f 808/912/472 488/913/472 484/916/472
f 811/917/696 475/922/696 479/918/696
f 810/919/474 480/1732/474 476/920/474
f 812/921/697 471/925/697 475/922/697
f 812/921/476 811/917/476 476/920/476
f 813/924/698 467/928/698 471/925/698
f 813/924/478 812/921/478 472/923/478
f 814/927/479 463/931/479 467/928/479
f 813/924/480 468/926/480 464/929/480
f 815/930/699 459/933/699 463/931/699
f 814/927/482 464/929/482 460/932/482
f 801/892/483 455/894/483 459/933/483
f 815/930/484 460/932/484 456/934/484
f 816/935/540 817/936/540 503/889/540
f 817/936/541 816/935/541 718/890/541
f 818/937/487 507/940/487 503/889/487
f 817/936/488 504/887/488 508/938/488
f 819/939/700 733/942/700 507/940/700
f 818/937/701 508/938/701 734/941/701
f 819/939/491 816/935/491 717/891/491
f 816/935/492 819/939/492 734/941/492
f 820/943/529 821/944/529 507/940/529
f 821/944/530 820/943/530 734/941/530
f 822/945/495 451/948/495 507/940/495
f 821/944/496 508/938/496 452/946/496
f 823/947/702 523/950/702 451/948/702
f 822/945/703 452/946/703 524/949/703
f 820/943/499 733/942/499 523/950/499
f 820/943/500 823/947/500 524/949/500
f 825/951/501 453/956/501 449/952/501
f 824/953/502 450/994/502 454/954/502
f 826/955/503 457/959/503 453/956/503
f 825/951/504 454/954/504 458/957/504
f 827/958/704 461/962/704 457/959/704
f 826/955/506 458/957/506 462/960/506
f 828/961/507 465/965/507 461/962/507
f 828/961/508 827/958/508 462/960/508
f 829/964/705 469/968/705 465/965/705
f 828/961/510 466/963/510 470/966/510
f 829/964/706 830/970/706 473/967/706
f 829/964/512 470/966/512 474/969/512
f 830/970/707 831/973/707 477/971/707
f 830/970/514 474/969/514 478/972/514
f 833/974/708 485/979/708 481/975/708
f 832/976/516 482/1733/516 486/977/516
f 834/978/517 489/982/517 485/979/517
f 834/978/518 833/974/518 486/977/518
f 835/981/709 493/985/709 489/982/709
f 834/978/520 490/980/520 494/983/520
f 836/984/710 497/988/710 493/985/710
f 835/981/522 494/983/522 498/986/522
f 837/987/523 501/991/523 497/988/523
f 836/984/524 498/986/524 502/989/524
f 838/990/525 505/993/525 501/991/525
f 837/987/526 502/989/526 506/992/526
f 824/953/527 449/952/527 505/993/527
f 838/990/528 506/992/528 450/994/528
f 840/995/711 747/1000/711 505/996/711
f 839/997/712 506/1006/712 748/998/712
f 841/999/531 509/1003/531 747/1000/531
f 840/995/532 748/998/532 510/1001/532
f 841/999/497 842/1004/497 449/1002/497
f 842/1004/498 841/999/498 510/1001/498
f 842/1004/535 839/997/535 505/996/535
f 842/1004/536 450/1005/536 506/1006/536
f 844/1007/537 745/1011/537 747/1000/537
f 843/1008/530 748/998/530 746/1009/530
f 845/1010/531 511/1014/531 745/1011/531
f 844/1007/532 746/1009/532 512/1012/532
f 846/1013/538 509/1003/538 511/1014/538
f 845/1010/498 512/1012/498 510/1001/498
f 846/1013/499 843/1008/499 747/1000/499
f 843/1008/500 846/1013/500 510/1001/500
f 848/1015/537 743/1019/537 745/1011/537
f 847/1016/530 746/1009/530 744/1017/530
f 849/1018/531 513/1022/531 743/1019/531
f 848/1015/532 744/1017/532 514/1020/532
f 850/1021/538 511/1014/538 513/1022/538
f 849/1018/713 514/1020/713 512/1012/713
f 850/1021/499 847/1016/499 745/1011/499
f 850/1021/500 512/1012/500 746/1009/500
f 852/1023/537 741/1027/537 743/1019/537
f 851/1024/530 744/1017/530 742/1025/530
f 852/1023/531 853/1028/531 515/1026/531
f 853/1028/532 852/1023/532 742/1025/532
f 854/1030/538 513/1022/538 515/1026/538
f 853/1028/713 516/1029/713 514/1020/713
f 854/1030/499 851/1024/499 743/1019/499
f 851/1024/500 854/1030/500 514/1020/500
f 856/1031/537 739/1035/537 741/1027/537
f 855/1032/530 742/1025/530 740/1033/530
f 857/1034/531 517/1038/531 739/1035/531
f 857/1034/532 856/1031/532 740/1033/532
f 858/1037/538 515/1026/538 517/1038/538
f 857/1034/713 518/1036/713 516/1029/713
f 855/1032/499 741/1027/499 515/1026/499
f 858/1037/500 516/1029/500 742/1025/500
f 859/1039/537 860/1042/537 737/1040/537
f 859/1039/530 740/1033/530 738/1041/530
f 861/1043/531 519/1046/531 737/1040/531
f 860/1042/532 738/1041/532 520/1044/532
f 862/1045/538 517/1038/538 519/1046/538
f 861/1043/498 520/1044/498 518/1036/498
f 859/1039/499 739/1035/499 517/1038/499
f 862/1045/500 518/1036/500 740/1033/500
f 864/1047/537 735/1051/537 737/1040/537
f 863/1048/530 738/1041/530 736/1049/530
f 865/1050/531 521/1054/531 735/1051/531
f 864/1047/532 736/1049/532 522/1052/532
f 866/1053/538 519/1046/538 521/1054/538
f 865/1050/713 522/1052/713 520/1044/713
f 863/1048/499 737/1040/499 519/1046/499
f 863/1048/500 866/1053/500 520/1044/500
f 868/1055/537 733/942/537 735/1051/537
f 867/1056/530 736/1049/530 734/941/530
f 869/1057/531 523/950/531 733/942/531
f 868/1055/532 734/941/532 524/949/532
f 870/1058/538 521/1054/538 523/950/538
f 869/1057/498 524/949/498 522/1052/498
f 870/1058/499 867/1056/499 735/1051/499
f 867/1056/500 870/1058/500 522/1052/500
f 872/1059/714 731/1064/714 501/1060/714
f 871/1061/715 502/1066/715 732/1062/715
f 873/1063/542 747/1000/542 731/1064/542
f 872/1059/543 732/1062/543 748/998/543
f 873/1063/489 874/1065/489 505/996/489
f 874/1065/490 873/1063/490 748/998/490
f 874/1065/546 871/1061/546 501/1060/546
f 874/1065/547 506/1006/547 502/1066/547
f 876/1067/548 729/1071/548 731/1064/548
f 875/1068/549 732/1062/549 730/1069/549
f 877/1070/542 745/1011/542 729/1071/542
f 876/1067/543 730/1069/543 746/1009/543
f 878/1072/550 747/1000/550 745/1011/550
f 877/1070/490 746/1009/490 748/998/490
f 878/1072/491 875/1068/491 731/1064/491
f 875/1068/492 878/1072/492 748/998/492
f 880/1073/548 727/1076/548 729/1071/548
f 879/1074/549 730/1069/549 728/1075/549
f 880/1073/542 881/1077/542 743/1019/542
f 880/1073/543 728/1075/543 744/1017/543
f 882/1078/550 745/1011/550 743/1019/550
f 881/1077/490 744/1017/490 746/1009/490
f 882/1078/491 879/1074/491 729/1071/491
f 879/1074/492 882/1078/492 746/1009/492
f 884/1079/548 725/1083/548 727/1076/548
f 883/1080/541 728/1075/541 726/1081/541
f 885/1082/542 741/1027/542 725/1083/542
f 884/1079/543 726/1081/543 742/1025/543
f 886/1084/550 743/1019/550 741/1027/550
f 885/1082/490 742/1025/490 744/1017/490
f 886/1084/491 883/1080/491 727/1076/491
f 883/1080/492 886/1084/492 744/1017/492
f 888/1085/548 723/1089/548 725/1083/548
f 887/1086/549 726/1081/549 724/1087/549
f 889/1088/542 739/1035/542 723/1089/542
f 888/1085/543 724/1087/543 740/1033/543
f 890/1090/550 741/1027/550 739/1035/550
f 889/1088/490 740/1033/490 742/1025/490
f 890/1090/491 887/1086/491 725/1083/491
f 887/1086/492 890/1090/492 742/1025/492
f 892/1091/548 721/1095/548 723/1089/548
f 891/1092/549 724/1087/549 722/1093/549
f 893/1094/542 737/1040/542 721/1095/542
f 892/1091/543 722/1093/543 738/1041/543
f 894/1096/550 739/1035/550 737/1040/550
f 894/1096/490 893/1094/490 738/1041/490
f 894/1096/491 891/1092/491 723/1089/491
f 891/1092/492 894/1096/492 740/1033/492
f 896/1097/548 719/1101/548 721/1095/548
f 895/1098/549 722/1093/549 720/1099/549
f 897/1100/542 735/1051/542 719/1101/542
f 896/1097/543 720/1099/543 736/1049/543
f 898/1102/550 737/1040/550 735/1051/550
f 897/1100/490 736/1049/490 738/1041/490
f 895/1098/491 721/1095/491 737/1040/491
f 895/1098/492 898/1102/492 738/1041/492
f 900/1103/548 717/891/548 719/1101/548
f 899/1104/541 720/1099/541 718/890/541
f 901/1105/542 733/942/542 717/891/542
f 900/1103/543 718/890/543 734/941/543
f 902/1106/550 735/1051/550 733/942/550
f 901/1105/490 734/941/490 736/1049/490
f 899/1104/491 719/1101/491 735/1051/491
f 899/1104/492 902/1106/492 736/1049/492
f 904/1107/716 715/1112/716 497/1108/716
f 903/1109/717 498/1114/717 716/1110/717
f 905/1111/553 731/1064/553 715/1112/553
f 905/1111/554 904/1107/554 716/1110/554
f 905/1111/453 906/1113/453 501/1060/453
f 906/1113/454 905/1111/454 732/1062/454
f 903/1109/557 497/1108/557 501/1060/557
f 906/1113/558 502/1066/558 498/1114/558
f 908/1115/559 713/1119/559 715/1112/559
f 907/1116/552 716/1110/552 714/1117/552
f 909/1118/553 729/1071/553 713/1119/553
f 909/1118/554 908/1115/554 714/1117/554
f 910/1120/560 731/1064/560 729/1071/560
f 909/1118/454 730/1069/454 732/1062/454
f 907/1116/455 715/1112/455 731/1064/455
f 910/1120/456 732/1062/456 716/1110/456
f 912/1121/559 711/1124/559 713/1119/559
f 911/1122/552 714/1117/552 712/1123/552
f 912/1121/553 913/1125/553 727/1076/553
f 913/1125/554 912/1121/554 712/1123/554
f 914/1126/560 729/1071/560 727/1076/560
f 913/1125/454 728/1075/454 730/1069/454
f 911/1122/455 713/1119/455 729/1071/455
f 914/1126/456 730/1069/456 714/1117/456
f 916/1127/559 709/1131/559 711/1124/559
f 916/1127/552 915/1128/552 712/1123/552
f 917/1130/553 725/1083/553 709/1131/553
f 917/1130/554 916/1127/554 710/1129/554
f 917/1130/560 918/1132/560 727/1076/560
f 917/1130/454 726/1081/454 728/1075/454
f 915/1128/455 711/1124/455 727/1076/455
f 918/1132/456 728/1075/456 712/1123/456
f 920/1133/559 707/1137/559 709/1131/559
f 919/1134/552 710/1129/552 708/1135/552
f 921/1136/553 723/1089/553 707/1137/553
f 921/1136/554 920/1133/554 708/1135/554
f 922/1138/560 725/1083/560 723/1089/560
f 921/1136/454 724/1087/454 726/1081/454
f 919/1134/455 709/1131/455 725/1083/455
f 919/1134/456 922/1138/456 726/1081/456
f 923/1139/559 924/1142/559 705/1140/559
f 923/1139/552 708/1135/552 706/1141/552
f 924/1142/553 925/1143/553 721/1095/553
f 925/1143/554 924/1142/554 706/1141/554
f 926/1144/560 723/1089/560 721/1095/560
f 926/1144/454 925/1143/454 722/1093/454
f 923/1139/455 707/1137/455 723/1089/455
f 923/1139/456 926/1144/456 724/1087/456
f 928/1145/559 703/1148/559 705/1140/559
f 927/1146/552 706/1141/552 704/1147/552
f 928/1145/553 929/1149/553 719/1101/553
f 928/1145/554 704/1147/554 720/1099/554
f 930/1150/560 721/1095/560 719/1101/560
f 929/1149/454 720/1099/454 722/1093/454
f 927/1146/455 705/1140/455 721/1095/455
f 930/1150/456 722/1093/456 706/1141/456
f 932/1151/559 701/883/559 703/1148/559
f 931/1152/552 704/1147/552 702/882/552
f 932/1151/553 933/1153/553 717/891/553
f 932/1151/554 702/882/554 718/890/554
f 934/1154/560 719/1101/560 717/891/560
f 933/1153/454 718/890/454 720/1099/454
f 931/1152/455 703/1148/455 719/1101/455
f 934/1154/456 720/1099/456 704/1147/456
f 936/1155/718 699/1160/718 493/1156/718
f 935/1157/719 494/1162/719 700/1158/719
f 937/1159/563 715/1112/563 699/1160/563
f 937/1159/564 936/1155/564 700/1158/564
f 937/1159/445 938/1161/445 497/1108/445
f 938/1161/446 937/1159/446 716/1110/446
f 935/1157/567 493/1156/567 497/1108/567
f 935/1157/568 938/1161/568 498/1114/568
f 940/1163/569 697/1167/569 699/1160/569
f 939/1164/562 700/1158/562 698/1165/562
f 941/1166/563 713/1119/563 697/1167/563
f 941/1166/564 940/1163/564 698/1165/564
f 942/1168/570 715/1112/570 713/1119/570
f 941/1166/446 714/1117/446 716/1110/446
f 939/1164/447 699/1160/447 715/1112/447
f 942/1168/448 716/1110/448 700/1158/448
f 944/1169/569 695/1173/569 697/1167/569
f 943/1170/562 698/1165/562 696/1171/562
f 945/1172/563 711/1124/563 695/1173/563
f 945/1172/564 944/1169/564 696/1171/564
f 946/1174/570 713/1119/570 711/1124/570
f 945/1172/446 712/1123/446 714/1117/446
f 943/1170/447 697/1167/447 713/1119/447
f 946/1174/448 714/1117/448 698/1165/448
f 948/1175/569 693/1179/569 695/1173/569
f 947/1176/562 696/1171/562 694/1177/562
f 949/1178/563 709/1131/563 693/1179/563
f 948/1175/564 694/1177/564 710/1129/564
f 950/1180/570 711/1124/570 709/1131/570
f 949/1178/446 710/1129/446 712/1123/446
f 950/1180/447 947/1176/447 695/1173/447
f 950/1180/448 712/1123/448 696/1171/448
f 952/1181/569 691/1185/569 693/1179/569
f 951/1182/562 694/1177/562 692/1183/562
f 953/1184/563 707/1137/563 691/1185/563
f 952/1181/564 692/1183/564 708/1135/564
f 954/1186/570 709/1131/570 707/1137/570
f 953/1184/446 708/1135/446 710/1129/446
f 954/1186/447 951/1182/447 693/1179/447
f 954/1186/448 710/1129/448 694/1177/448
f 956/1187/569 689/1191/569 691/1185/569
f 955/1188/562 692/1183/562 690/1189/562
f 957/1190/563 705/1140/563 689/1191/563
f 957/1190/564 956/1187/564 690/1189/564
f 958/1192/570 707/1137/570 705/1140/570
f 957/1190/446 706/1141/446 708/1135/446
f 958/1192/447 955/1188/447 691/1185/447
f 958/1192/448 708/1135/448 692/1183/448
f 960/1193/569 687/1197/569 689/1191/569
f 959/1194/562 690/1189/562 688/1195/562
f 961/1196/563 703/1148/563 687/1197/563
f 960/1193/564 688/1195/564 704/1147/564
f 962/1198/570 705/1140/570 703/1148/570
f 961/1196/446 704/1147/446 706/1141/446
f 959/1194/447 689/1191/447 705/1140/447
f 962/1198/448 706/1141/448 690/1189/448
f 964/1199/569 685/875/569 687/1197/569
f 963/1200/562 688/1195/562 686/874/562
f 965/1201/563 701/883/563 685/875/563
f 964/1199/564 686/874/564 702/882/564
f 966/1202/570 703/1148/570 701/883/570
f 965/1201/446 702/882/446 704/1147/446
f 963/1200/447 687/1197/447 703/1148/447
f 966/1202/448 704/1147/448 688/1195/448
f 968/1203/720 683/1207/720 489/1204/720
f 967/1205/721 490/1210/721 684/1206/721
f 968/1203/573 969/1208/573 699/1160/573
f 968/1203/574 684/1206/574 700/1158/574
f 969/1208/437 970/1209/437 493/1156/437
f 970/1209/438 969/1208/438 700/1158/438
f 970/1209/577 967/1205/577 489/1204/577
f 970/1209/578 494/1162/578 490/1210/578
f 972/1211/579 681/1214/579 683/1207/579
f 971/1212/572 684/1206/572 682/1213/572
f 972/1211/573 973/1215/573 697/1167/573
f 972/1211/574 682/1213/574 698/1165/574
f 974/1216/580 699/1160/580 697/1167/580
f 973/1215/438 698/1165/438 700/1158/438
f 971/1212/439 683/1207/439 699/1160/439
f 974/1216/440 700/1158/440 684/1206/440
f 976/1217/579 679/1220/579 681/1214/579
f 975/1218/572 682/1213/572 680/1219/572
f 976/1217/573 977/1221/573 695/1173/573
f 976/1217/574 680/1219/574 696/1171/574
f 978/1222/580 697/1167/580 695/1173/580
f 977/1221/438 696/1171/438 698/1165/438
f 975/1218/439 681/1214/439 697/1167/439
f 978/1222/440 698/1165/440 682/1213/440
f 980/1223/579 677/1227/579 679/1220/579
f 979/1224/572 680/1219/572 678/1225/572
f 981/1226/573 693/1179/573 677/1227/573
f 981/1226/574 980/1223/574 678/1225/574
f 982/1228/580 695/1173/580 693/1179/580
f 981/1226/438 694/1177/438 696/1171/438
f 979/1224/439 679/1220/439 695/1173/439
f 982/1228/440 696/1171/440 680/1219/440
f 984/1229/579 675/1232/579 677/1227/579
f 983/1230/572 678/1225/572 676/1231/572
f 984/1229/573 985/1233/573 691/1185/573
f 985/1233/574 984/1229/574 676/1231/574
f 986/1234/580 693/1179/580 691/1185/580
f 985/1233/438 692/1183/438 694/1177/438
f 983/1230/439 677/1227/439 693/1179/439
f 983/1230/440 986/1234/440 694/1177/440
f 988/1235/579 673/1239/579 675/1232/579
f 987/1236/572 676/1231/572 674/1237/572
f 989/1238/573 689/1191/573 673/1239/573
f 988/1235/574 674/1237/574 690/1189/574
f 990/1240/580 691/1185/580 689/1191/580
f 989/1238/438 690/1189/438 692/1183/438
f 987/1236/439 675/1232/439 691/1185/439
f 990/1240/440 692/1183/440 676/1231/440
f 992/1241/579 671/1245/579 673/1239/579
f 991/1242/572 674/1237/572 672/1243/572
f 993/1244/573 687/1197/573 671/1245/573
f 992/1241/574 672/1243/574 688/1195/574
f 994/1246/580 689/1191/580 687/1197/580
f 993/1244/438 688/1195/438 690/1189/438
f 991/1242/439 673/1239/439 689/1191/439
f 994/1246/440 690/1189/440 674/1237/440
f 996/1247/579 669/867/579 671/1245/579
f 995/1248/572 672/1243/572 670/866/572
f 997/1249/573 685/875/573 669/867/573
f 996/1247/574 670/866/574 686/874/574
f 998/1250/580 687/1197/580 685/875/580
f 997/1249/438 686/874/438 688/1195/438
f 995/1248/439 671/1245/439 687/1197/439
f 998/1250/440 688/1195/440 672/1243/440
f 1000/1251/722 667/1255/722 485/1252/722
f 999/1253/723 486/1258/723 668/1254/723
f 1000/1251/583 1001/1256/583 683/1207/583
f 1000/1251/584 668/1254/584 684/1206/584
f 1001/1256/429 1002/1257/429 489/1204/429
f 1002/1257/430 1001/1256/430 684/1206/430
f 999/1253/587 485/1252/587 489/1204/587
f 1002/1257/588 490/1210/588 486/1258/588
f 1004/1259/589 665/1263/589 667/1255/589
f 1003/1260/582 668/1254/582 666/1261/582
f 1005/1262/583 681/1214/583 665/1263/583
f 1004/1259/584 666/1261/584 682/1213/584
f 1006/1264/590 683/1207/590 681/1214/590
f 1005/1262/430 682/1213/430 684/1206/430
f 1003/1260/431 667/1255/431 683/1207/431
f 1003/1260/432 1006/1264/432 684/1206/432
f 1008/1265/589 663/1269/589 665/1263/589
f 1007/1266/582 666/1261/582 664/1267/582
f 1009/1268/583 679/1220/583 663/1269/583
f 1008/1265/584 664/1267/584 680/1219/584
f 1010/1270/590 681/1214/590 679/1220/590
f 1009/1268/430 680/1219/430 682/1213/430
f 1007/1266/431 665/1263/431 681/1214/431
f 1007/1266/432 1010/1270/432 682/1213/432
f 1012/1271/589 661/1275/589 663/1269/589
f 1011/1272/582 664/1267/582 662/1273/582
f 1013/1274/583 677/1227/583 661/1275/583
f 1012/1271/584 662/1273/584 678/1225/584
f 1014/1276/590 679/1220/590 677/1227/590
f 1013/1274/430 678/1225/430 680/1219/430
f 1011/1272/431 663/1269/431 679/1220/431
f 1011/1272/432 1014/1276/432 680/1219/432
f 1016/1277/589 659/1281/589 661/1275/589
f 1015/1278/582 662/1273/582 660/1279/582
f 1017/1280/583 675/1232/583 659/1281/583
f 1016/1277/584 660/1279/584 676/1231/584
f 1018/1282/590 677/1227/590 675/1232/590
f 1017/1280/430 676/1231/430 678/1225/430
f 1018/1282/431 1015/1278/431 661/1275/431
f 1018/1282/432 678/1225/432 662/1273/432
f 1020/1283/589 657/1287/589 659/1281/589
f 1019/1284/582 660/1279/582 658/1285/582
f 1021/1286/583 673/1239/583 657/1287/583
f 1020/1283/584 658/1285/584 674/1237/584
f 1022/1288/590 675/1232/590 673/1239/590
f 1021/1286/430 674/1237/430 676/1231/430
f 1022/1288/431 1019/1284/431 659/1281/431
f 1022/1288/432 676/1231/432 660/1279/432
f 1024/1289/589 655/1293/589 657/1287/589
f 1023/1290/582 658/1285/582 656/1291/582
f 1025/1292/583 671/1245/583 655/1293/583
f 1024/1289/584 656/1291/584 672/1243/584
f 1026/1294/590 673/1239/590 671/1245/590
f 1025/1292/430 672/1243/430 674/1237/430
f 1023/1290/431 657/1287/431 673/1239/431
f 1023/1290/432 1026/1294/432 674/1237/432
f 1028/1295/589 653/859/589 655/1293/589
f 1027/1296/582 656/1291/582 654/858/582
f 1029/1297/583 669/867/583 653/859/583
f 1028/1295/584 654/858/584 670/866/584
f 1030/1298/590 671/1245/590 669/867/590
f 1029/1297/430 670/866/430 672/1243/430
f 1027/1296/431 655/1293/431 671/1245/431
f 1027/1296/432 1030/1298/432 672/1243/432
f 1032/1299/724 651/1304/724 481/1300/724
f 1031/1301/725 482/1306/725 652/1302/725
f 1033/1303/593 667/1255/593 651/1304/593
f 1032/1299/594 652/1302/594 668/1254/594
f 1033/1303/421 1034/1305/421 485/1252/421
f 1034/1305/422 1033/1303/422 668/1254/422
f 1031/1301/597 481/1300/597 485/1252/597
f 1034/1305/598 486/1258/598 482/1306/598
f 1036/1307/599 649/1310/599 651/1304/599
f 1035/1308/592 652/1302/592 650/1309/592
f 1036/1307/593 1037/1311/593 665/1263/593
f 1036/1307/594 650/1309/594 666/1261/594
f 1038/1312/600 667/1255/600 665/1263/600
f 1037/1311/422 666/1261/422 668/1254/422
f 1035/1308/423 651/1304/423 667/1255/423
f 1038/1312/424 668/1254/424 652/1302/424
f 1040/1313/599 647/1316/599 649/1310/599
f 1039/1314/592 650/1309/592 648/1315/592
f 1040/1313/593 1041/1317/593 663/1269/593
f 1040/1313/594 648/1315/594 664/1267/594
f 1042/1318/600 665/1263/600 663/1269/600
f 1041/1317/422 664/1267/422 666/1261/422
f 1039/1314/423 649/1310/423 665/1263/423
f 1042/1318/424 666/1261/424 650/1309/424
f 1044/1319/599 645/1323/599 647/1316/599
f 1044/1319/592 1043/1320/592 648/1315/592
f 1045/1322/593 661/1275/593 645/1323/593
f 1045/1322/594 1044/1319/594 646/1321/594
f 1046/1324/600 663/1269/600 661/1275/600
f 1045/1322/422 662/1273/422 664/1267/422
f 1043/1320/423 647/1316/423 663/1269/423
f 1046/1324/424 664/1267/424 648/1315/424
f 1048/1325/599 643/1329/599 645/1323/599
f 1047/1326/592 646/1321/592 644/1327/592
f 1049/1328/593 659/1281/593 643/1329/593
f 1049/1328/594 1048/1325/594 644/1327/594
f 1050/1330/600 661/1275/600 659/1281/600
f 1049/1328/422 660/1279/422 662/1273/422
f 1047/1326/423 645/1323/423 661/1275/423
f 1050/1330/424 662/1273/424 646/1321/424
f 1052/1331/599 641/1335/599 643/1329/599
f 1051/1332/592 644/1327/592 642/1333/592
f 1053/1334/593 657/1287/593 641/1335/593
f 1052/1331/594 642/1333/594 658/1285/594
f 1054/1336/600 659/1281/600 657/1287/600
f 1053/1334/422 658/1285/422 660/1279/422
f 1051/1332/423 643/1329/423 659/1281/423
f 1054/1336/424 660/1279/424 644/1327/424
f 1056/1337/599 639/1341/599 641/1335/599
f 1055/1338/592 642/1333/592 640/1339/592
f 1057/1340/593 655/1293/593 639/1341/593
f 1056/1337/594 640/1339/594 656/1291/594
f 1058/1342/600 657/1287/600 655/1293/600
f 1057/1340/422 656/1291/422 658/1285/422
f 1055/1338/423 641/1335/423 657/1287/423
f 1058/1342/424 658/1285/424 642/1333/424
f 1060/1343/599 637/851/599 639/1341/599
f 1059/1344/592 640/1339/592 638/849/592
f 1060/1343/593 1061/1345/593 653/859/593
f 1060/1343/594 638/849/594 654/858/594
f 1062/1346/600 655/1293/600 653/859/600
f 1061/1345/422 654/858/422 656/1291/422
f 1059/1344/423 639/1341/423 655/1293/423
f 1062/1346/424 656/1291/424 640/1339/424
f 1063/1347/415 1064/1348/415 481/1300/415
f 1064/1348/416 1063/1347/416 652/1302/416
f 1066/1349/603 651/1304/603 649/1310/603
f 1065/1350/416 650/1309/416 652/1302/416
f 1068/1351/603 649/1310/603 647/1316/603
f 1067/1352/416 648/1315/416 650/1309/416
f 1070/1353/603 647/1316/603 645/1323/603
f 1069/1354/416 646/1321/416 648/1315/416
f 1072/1355/603 645/1323/603 643/1329/603
f 1071/1356/416 644/1327/416 646/1321/416
f 1074/1357/603 643/1329/603 641/1335/603
f 1073/1358/416 642/1333/416 644/1327/416
f 1076/1359/603 641/1335/603 639/1341/603
f 1075/1360/416 640/1339/416 642/1333/416
f 1078/1361/603 639/1341/603 637/851/603
f 1077/1362/416 638/849/416 640/1339/416
f 1080/1363/726 635/1368/726 477/1364/726
f 1079/1365/727 478/1401/727 636/1366/727
f 1082/1367/605 633/1372/605 635/1368/605
f 1081/1369/537 636/1366/537 634/1370/537
f 1084/1371/605 631/1376/605 633/1372/605
f 1083/1373/537 634/1370/537 632/1374/537
f 1086/1375/605 629/1380/605 631/1376/605
f 1085/1377/537 632/1374/537 630/1378/537
f 1088/1379/605 627/1384/605 629/1380/605
f 1087/1381/537 630/1378/537 628/1382/537
f 1090/1383/605 625/1388/605 627/1384/605
f 1089/1385/537 628/1382/537 626/1386/537
f 1092/1387/605 623/1392/605 625/1388/605
f 1091/1389/537 626/1386/537 624/1390/537
f 1094/1391/605 621/843/605 623/1392/605
f 1093/1393/537 624/1390/537 622/842/537
f 1096/1394/728 619/1398/728 473/1395/728
f 1095/1396/729 474/1402/729 620/1397/729
f 1096/1394/607 1097/1399/607 635/1368/607
f 1096/1394/608 620/1397/608 636/1366/608
f 1097/1399/409 1098/1400/409 477/1364/409
f 1098/1400/410 1097/1399/410 636/1366/410
f 1095/1396/611 473/1395/611 477/1364/611
f 1095/1396/612 1098/1400/612 478/1401/612
f 1100/1403/613 617/1406/613 619/1398/613
f 1099/1404/548 620/1397/548 618/1405/548
f 1100/1403/607 1101/1407/607 633/1372/607
f 1100/1403/608 618/1405/608 634/1370/608
f 1102/1408/490 635/1368/490 633/1372/490
f 1101/1407/410 634/1370/410 636/1366/410
f 1099/1404/411 619/1398/411 635/1368/411
f 1102/1408/412 636/1366/412 620/1397/412
f 1104/1409/613 615/1412/613 617/1406/613
f 1103/1410/548 618/1405/548 616/1411/548
f 1104/1409/607 1105/1413/607 631/1376/607
f 1104/1409/608 616/1411/608 632/1374/608
f 1106/1414/490 633/1372/490 631/1376/490
f 1105/1413/410 632/1374/410 634/1370/410
f 1103/1410/411 617/1406/411 633/1372/411
f 1103/1410/412 1106/1414/412 634/1370/412
f 1108/1415/613 613/1419/613 615/1412/613
f 1107/1416/548 616/1411/548 614/1417/548
f 1109/1418/607 629/1380/607 613/1419/607
f 1109/1418/608 1108/1415/608 614/1417/608
f 1110/1420/490 631/1376/490 629/1380/490
f 1109/1418/410 630/1378/410 632/1374/410
f 1107/1416/411 615/1412/411 631/1376/411
f 1107/1416/412 1110/1420/412 632/1374/412
f 1112/1421/613 611/1425/613 613/1419/613
f 1111/1422/548 614/1417/548 612/1423/548
f 1113/1424/607 627/1384/607 611/1425/607
f 1112/1421/608 612/1423/608 628/1382/608
f 1114/1426/490 629/1380/490 627/1384/490
f 1113/1424/410 628/1382/410 630/1378/410
f 1111/1422/411 613/1419/411 629/1380/411
f 1114/1426/412 630/1378/412 614/1417/412
f 1115/1427/613 1116/1430/613 609/1428/613
f 1115/1427/548 612/1423/548 610/1429/548
f 1117/1431/607 625/1388/607 609/1428/607
f 1116/1430/608 610/1429/608 626/1386/608
f 1118/1432/490 627/1384/490 625/1388/490
f 1117/1431/410 626/1386/410 628/1382/410
f 1118/1432/411 1115/1427/411 611/1425/411
f 1118/1432/412 628/1382/412 612/1423/412
f 1120/1433/613 607/1437/613 609/1428/613
f 1119/1434/548 610/1429/548 608/1435/548
f 1121/1436/607 623/1392/607 607/1437/607
f 1120/1433/608 608/1435/608 624/1390/608
f 1122/1438/490 625/1388/490 623/1392/490
f 1121/1436/410 624/1390/410 626/1386/410
f 1119/1434/411 609/1428/411 625/1388/411
f 1119/1434/412 1122/1438/412 626/1386/412
f 1124/1439/613 605/835/613 607/1437/613
f 1123/1440/548 608/1435/548 606/834/548
f 1124/1439/607 1125/1441/607 621/843/607
f 1124/1439/608 606/834/608 622/842/608
f 1126/1442/490 623/1392/490 621/843/490
f 1125/1441/410 622/842/410 624/1390/410
f 1123/1440/411 607/1437/411 623/1392/411
f 1123/1440/412 1126/1442/412 624/1390/412
f 1128/1443/730 603/1448/730 469/1444/730
f 1127/1445/731 470/1450/731 604/1446/731
f 1129/1447/616 619/1398/616 603/1448/616
f 1128/1443/617 604/1446/617 620/1397/617
f 1129/1447/401 1130/1449/401 473/1395/401
f 1130/1449/402 1129/1447/402 620/1397/402
f 1127/1445/620 469/1444/620 473/1395/620
f 1130/1449/621 474/1402/621 470/1450/621
f 1132/1451/622 601/1454/622 603/1448/622
f 1131/1452/559 604/1446/559 602/1453/559
f 1132/1451/616 1133/1455/616 617/1406/616
f 1132/1451/617 602/1453/617 618/1405/617
f 1134/1456/454 619/1398/454 617/1406/454
f 1133/1455/402 618/1405/402 620/1397/402
f 1131/1452/403 603/1448/403 619/1398/403
f 1131/1452/404 1134/1456/404 620/1397/404
f 1136/1457/622 599/1460/622 601/1454/622
f 1135/1458/559 602/1453/559 600/1459/559
f 1136/1457/616 1137/1461/616 615/1412/616
f 1136/1457/617 600/1459/617 616/1411/617
f 1138/1462/454 617/1406/454 615/1412/454
f 1137/1461/402 616/1411/402 618/1405/402
f 1135/1458/403 601/1454/403 617/1406/403
f 1135/1458/404 1138/1462/404 618/1405/404
f 1140/1463/622 597/1466/622 599/1460/622
f 1140/1463/559 1139/1464/559 600/1459/559
f 1140/1463/616 1141/1467/616 613/1419/616
f 1140/1463/617 598/1465/617 614/1417/617
f 1142/1468/454 615/1412/454 613/1419/454
f 1141/1467/402 614/1417/402 616/1411/402
f 1139/1464/403 599/1460/403 615/1412/403
f 1139/1464/404 1142/1468/404 616/1411/404
f 1144/1469/622 595/1472/622 597/1466/622
f 1143/1470/559 598/1465/559 596/1471/559
f 1144/1469/616 1145/1473/616 611/1425/616
f 1144/1469/617 596/1471/617 612/1423/617
f 1146/1474/454 613/1419/454 611/1425/454
f 1145/1473/402 612/1423/402 614/1417/402
f 1143/1470/403 597/1466/403 613/1419/403
f 1146/1474/404 614/1417/404 598/1465/404
f 1147/1475/622 1148/1478/622 593/1476/622
f 1147/1475/559 596/1471/559 594/1477/559
f 1148/1478/616 1149/1479/616 609/1428/616
f 1148/1478/617 594/1477/617 610/1429/617
f 1150/1480/454 611/1425/454 609/1428/454
f 1150/1480/402 1149/1479/402 610/1429/402
f 1147/1475/403 595/1472/403 611/1425/403
f 1150/1480/404 612/1423/404 596/1471/404
f 1152/1481/622 591/1484/622 593/1476/622
f 1151/1482/559 594/1477/559 592/1483/559
f 1152/1481/616 1153/1485/616 607/1437/616
f 1152/1481/617 592/1483/617 608/1435/617
f 1154/1486/454 609/1428/454 607/1437/454
f 1153/1485/402 608/1435/402 610/1429/402
f 1151/1482/403 593/1476/403 609/1428/403
f 1151/1482/404 1154/1486/404 610/1429/404
f 1156/1487/622 589/827/622 591/1484/622
f 1155/1488/559 592/1483/559 590/826/559
f 1156/1487/616 1157/1489/616 605/835/616
f 1156/1487/617 590/826/617 606/834/617
f 1158/1490/454 607/1437/454 605/835/454
f 1157/1489/402 606/834/402 608/1435/402
f 1155/1488/403 591/1484/403 607/1437/403
f 1155/1488/404 1158/1490/404 608/1435/404
f 1160/1491/732 587/1496/732 465/1492/732
f 1159/1493/733 466/1498/733 588/1494/733
f 1161/1495/624 603/1448/624 587/1496/624
f 1160/1491/625 588/1494/625 604/1446/625
f 1161/1495/393 1162/1497/393 469/1444/393
f 1162/1497/394 1161/1495/394 604/1446/394
f 1159/1493/628 465/1492/628 469/1444/628
f 1162/1497/629 470/1450/629 466/1498/629
f 1164/1499/630 585/1503/630 587/1496/630
f 1163/1500/569 588/1494/569 586/1501/569
f 1165/1502/624 601/1454/624 585/1503/624
f 1164/1499/625 586/1501/625 602/1453/625
f 1166/1504/446 603/1448/446 601/1454/446
f 1165/1502/394 602/1453/394 604/1446/394
f 1163/1500/395 587/1496/395 603/1448/395
f 1166/1504/396 604/1446/396 588/1494/396
f 1168/1505/734 583/1509/734 585/1503/734
f 1167/1506/569 586/1501/569 584/1507/569
f 1169/1508/624 599/1460/624 583/1509/624
f 1168/1505/625 584/1507/625 600/1459/625
f 1170/1510/446 601/1454/446 599/1460/446
f 1169/1508/394 600/1459/394 602/1453/394
f 1167/1506/395 585/1503/395 601/1454/395
f 1170/1510/396 602/1453/396 586/1501/396
f 1172/1511/630 581/1515/630 583/1509/630
f 1171/1512/569 584/1507/569 582/1513/569
f 1173/1514/624 597/1466/624 581/1515/624
f 1172/1511/625 582/1513/625 598/1465/625
f 1174/1516/446 599/1460/446 597/1466/446
f 1173/1514/394 598/1465/394 600/1459/394
f 1171/1512/395 583/1509/395 599/1460/395
f 1174/1516/396 600/1459/396 584/1507/396
f 1176/1517/630 579/1521/630 581/1515/630
f 1175/1518/569 582/1513/569 580/1519/569
f 1177/1520/624 595/1472/624 579/1521/624
f 1176/1517/625 580/1519/625 596/1471/625
f 1178/1522/446 597/1466/446 595/1472/446
f 1177/1520/394 596/1471/394 598/1465/394
f 1178/1522/395 1175/1518/395 581/1515/395
f 1175/1518/396 1178/1522/396 598/1465/396
f 1180/1523/630 577/1527/630 579/1521/630
f 1179/1524/569 580/1519/569 578/1525/569
f 1181/1526/624 593/1476/624 577/1527/624
f 1180/1523/625 578/1525/625 594/1477/625
f 1182/1528/446 595/1472/446 593/1476/446
f 1182/1528/394 1181/1526/394 594/1477/394
f 1182/1528/395 1179/1524/395 579/1521/395
f 1179/1524/396 1182/1528/396 596/1471/396
f 1184/1529/734 575/1533/734 577/1527/734
f 1183/1530/569 578/1525/569 576/1531/569
f 1185/1532/624 591/1484/624 575/1533/624
f 1185/1532/625 1184/1529/625 576/1531/625
f 1186/1534/446 593/1476/446 591/1484/446
f 1185/1532/394 592/1483/394 594/1477/394
f 1183/1530/395 577/1527/395 593/1476/395
f 1186/1534/396 594/1477/396 578/1525/396
f 1188/1535/734 573/819/734 575/1533/734
f 1187/1536/569 576/1531/569 574/818/569
f 1189/1537/624 589/827/624 573/819/624
f 1189/1537/625 1188/1535/625 574/818/625
f 1190/1538/446 591/1484/446 589/827/446
f 1189/1537/394 590/826/394 592/1483/394
f 1187/1536/395 575/1533/395 591/1484/395
f 1190/1538/396 592/1483/396 576/1531/396
f 1192/1539/735 571/1544/735 461/1540/735
f 1191/1541/736 462/1546/736 572/1542/736
f 1193/1543/632 587/1496/632 571/1544/632
f 1192/1539/633 572/1542/633 588/1494/633
f 1193/1543/385 1194/1545/385 465/1492/385
f 1194/1545/386 1193/1543/386 588/1494/386
f 1191/1541/636 461/1540/636 465/1492/636
f 1194/1545/637 466/1498/637 462/1546/637
f 1196/1547/638 569/1551/638 571/1544/638
f 1195/1548/579 572/1542/579 570/1549/579
f 1197/1550/632 585/1503/632 569/1551/632
f 1196/1547/633 570/1549/633 586/1501/633
f 1198/1552/438 587/1496/438 585/1503/438
f 1197/1550/386 586/1501/386 588/1494/386
f 1195/1548/387 571/1544/387 587/1496/387
f 1195/1548/388 1198/1552/388 588/1494/388
f 1200/1553/638 567/1557/638 569/1551/638
f 1199/1554/579 570/1549/579 568/1555/579
f 1201/1556/632 583/1509/632 567/1557/632
f 1200/1553/633 568/1555/633 584/1507/633
f 1202/1558/438 585/1503/438 583/1509/438
f 1201/1556/386 584/1507/386 586/1501/386
f 1199/1554/387 569/1551/387 585/1503/387
f 1199/1554/388 1202/1558/388 586/1501/388
f 1204/1559/638 565/1562/638 567/1557/638
f 1204/1559/579 1203/1560/579 568/1555/579
f 1204/1559/632 1205/1563/632 581/1515/632
f 1205/1563/633 1204/1559/633 566/1561/633
f 1206/1564/438 583/1509/438 581/1515/438
f 1205/1563/386 582/1513/386 584/1507/386
f 1203/1560/387 567/1557/387 583/1509/387
f 1206/1564/388 584/1507/388 568/1555/388
f 1208/1565/638 563/1568/638 565/1562/638
f 1207/1566/579 566/1561/579 564/1567/579
f 1208/1565/632 1209/1569/632 579/1521/632
f 1209/1569/633 1208/1565/633 564/1567/633
f 1210/1570/438 581/1515/438 579/1521/438
f 1209/1569/386 580/1519/386 582/1513/386
f 1207/1566/387 565/1562/387 581/1515/387
f 1210/1570/388 582/1513/388 566/1561/388
f 1212/1571/638 561/1575/638 563/1568/638
f 1211/1572/579 564/1567/579 562/1573/579
f 1213/1574/632 577/1527/632 561/1575/632
f 1212/1571/633 562/1573/633 578/1525/633
f 1214/1576/438 579/1521/438 577/1527/438
f 1213/1574/386 578/1525/386 580/1519/386
f 1211/1572/387 563/1568/387 579/1521/387
f 1214/1576/388 580/1519/388 564/1567/388
f 1216/1577/638 559/1581/638 561/1575/638
f 1215/1578/579 562/1573/579 560/1579/579
f 1217/1580/632 575/1533/632 559/1581/632
f 1216/1577/633 560/1579/633 576/1531/633
f 1218/1582/438 577/1527/438 575/1533/438
f 1217/1580/386 576/1531/386 578/1525/386
f 1215/1578/387 561/1575/387 577/1527/387
f 1218/1582/388 578/1525/388 562/1573/388
f 1220/1583/638 557/811/638 559/1581/638
f 1219/1584/579 560/1579/579 558/810/579
f 1221/1585/632 573/819/632 557/811/632
f 1220/1583/633 558/810/633 574/818/633
f 1222/1586/438 575/1533/438 573/819/438
f 1221/1585/386 574/818/386 576/1531/386
f 1219/1584/387 559/1581/387 575/1533/387
f 1222/1586/388 576/1531/388 560/1579/388
f 1224/1587/737 555/1591/737 457/1588/737
f 1223/1589/738 458/1594/738 556/1590/738
f 1224/1587/640 1225/1592/640 571/1544/640
f 1224/1587/641 556/1590/641 572/1542/641
f 1225/1592/377 1226/1593/377 461/1540/377
f 1226/1593/378 1225/1592/378 572/1542/378
f 1223/1589/644 457/1588/644 461/1540/644
f 1226/1593/645 462/1546/645 458/1594/645
f 1228/1595/646 553/1598/646 555/1591/646
f 1227/1596/589 556/1590/589 554/1597/589
f 1228/1595/640 1229/1599/640 569/1551/640
f 1228/1595/641 554/1597/641 570/1549/641
f 1230/1600/430 571/1544/430 569/1551/430
f 1229/1599/378 570/1549/378 572/1542/378
f 1230/1600/379 1227/1596/379 555/1591/379
f 1230/1600/380 572/1542/380 556/1590/380
f 1232/1601/646 551/1604/646 553/1598/646
f 1231/1602/589 554/1597/589 552/1603/589
f 1232/1601/640 1233/1605/640 567/1557/640
f 1232/1601/641 552/1603/641 568/1555/641
f 1234/1606/430 569/1551/430 567/1557/430
f 1233/1605/378 568/1555/378 570/1549/378
f 1231/1602/379 553/1598/379 569/1551/379
f 1234/1606/380 570/1549/380 554/1597/380
f 1236/1607/646 549/1611/646 551/1604/646
f 1236/1607/589 1235/1608/589 552/1603/589
f 1237/1610/640 565/1562/640 549/1611/640
f 1236/1607/641 550/1609/641 566/1561/641
f 1238/1612/430 567/1557/430 565/1562/430
f 1237/1610/378 566/1561/378 568/1555/378
f 1235/1608/379 551/1604/379 567/1557/379
f 1238/1612/380 568/1555/380 552/1603/380
f 1240/1613/646 547/1617/646 549/1611/646
f 1239/1614/589 550/1609/589 548/1615/589
f 1241/1616/640 563/1568/640 547/1617/640
f 1240/1613/641 548/1615/641 564/1567/641
f 1242/1618/430 565/1562/430 563/1568/430
f 1241/1616/378 564/1567/378 566/1561/378
f 1242/1618/379 1239/1614/379 549/1611/379
f 1242/1618/380 566/1561/380 550/1609/380
f 1244/1619/646 545/1622/646 547/1617/646
f 1243/1620/589 548/1615/589 546/1621/589
f 1244/1619/640 1245/1623/640 561/1575/640
f 1244/1619/641 546/1621/641 562/1573/641
f 1246/1624/430 563/1568/430 561/1575/430
f 1245/1623/378 562/1573/378 564/1567/378
f 1246/1624/379 1243/1620/379 547/1617/379
f 1246/1624/380 564/1567/380 548/1615/380
f 1248/1625/646 543/1628/646 545/1622/646
f 1247/1626/589 546/1621/589 544/1627/589
f 1248/1625/640 1249/1629/640 559/1581/640
f 1248/1625/641 544/1627/641 560/1579/641
f 1250/1630/430 561/1575/430 559/1581/430
f 1249/1629/378 560/1579/378 562/1573/378
f 1250/1630/379 1247/1626/379 545/1622/379
f 1250/1630/380 562/1573/380 546/1621/380
f 1252/1631/646 541/803/646 543/1628/646
f 1251/1632/589 544/1627/589 542/802/589
f 1252/1631/640 1253/1633/640 557/811/640
f 1252/1631/641 542/802/641 558/810/641
f 1254/1634/430 559/1581/430 557/811/430
f 1253/1633/378 558/810/378 560/1579/378
f 1254/1634/379 1251/1632/379 543/1628/379
f 1254/1634/380 560/1579/380 544/1627/380
f 1256/1635/739 539/1640/739 453/1636/739
f 1255/1637/740 454/1642/740 540/1638/740
f 1257/1639/648 555/1591/648 539/1640/648
f 1256/1635/649 540/1638/649 556/1590/649
f 1257/1639/369 1258/1641/369 457/1588/369
f 1258/1641/370 1257/1639/370 556/1590/370
f 1255/1637/652 453/1636/652 457/1588/652
f 1258/1641/653 458/1594/653 454/1642/653
f 1260/1643/654 537/1647/654 539/1640/654
f 1259/1644/599 540/1638/599 538/1645/599
f 1261/1646/648 553/1598/648 537/1647/648
f 1260/1643/649 538/1645/649 554/1597/649
f 1262/1648/422 555/1591/422 553/1598/422
f 1261/1646/741 554/1597/741 556/1590/741
f 1262/1648/371 1259/1644/371 539/1640/371
f 1262/1648/372 556/1590/372 540/1638/372
f 1264/1649/654 535/1653/654 537/1647/654
f 1263/1650/599 538/1645/599 536/1651/599
f 1265/1652/648 551/1604/648 535/1653/648
f 1264/1649/649 536/1651/649 552/1603/649
f 1266/1654/422 553/1598/422 551/1604/422
f 1265/1652/741 552/1603/741 554/1597/741
f 1266/1654/371 1263/1650/371 537/1647/371
f 1266/1654/372 554/1597/372 538/1645/372
f 1268/1655/654 533/1659/654 535/1653/654
f 1268/1655/599 1267/1656/599 536/1651/599
f 1269/1658/648 549/1611/648 533/1659/648
f 1268/1655/649 534/1657/649 550/1609/649
f 1270/1660/422 551/1604/422 549/1611/422
f 1269/1658/741 550/1609/741 552/1603/741
f 1270/1660/371 1267/1656/371 535/1653/371
f 1270/1660/372 552/1603/372 536/1651/372
f 1272/1661/654 531/1665/654 533/1659/654
f 1271/1662/599 534/1657/599 532/1663/599
f 1273/1664/648 547/1617/648 531/1665/648
f 1272/1661/649 532/1663/649 548/1615/649
f 1274/1666/422 549/1611/422 547/1617/422
f 1273/1664/741 548/1615/741 550/1609/741
f 1271/1662/371 533/1659/371 549/1611/371
f 1271/1662/372 1274/1666/372 550/1609/372
f 1275/1667/654 1276/1670/654 529/1668/654
f 1275/1667/599 532/1663/599 530/1669/599
f 1277/1671/648 545/1622/648 529/1668/648
f 1276/1670/649 530/1669/649 546/1621/649
f 1278/1672/422 547/1617/422 545/1622/422
f 1277/1671/741 546/1621/741 548/1615/741
f 1275/1667/371 531/1665/371 547/1617/371
f 1275/1667/372 1278/1672/372 548/1615/372
f 1280/1673/654 527/1677/654 529/1668/654
f 1279/1674/599 530/1669/599 528/1675/599
f 1281/1676/648 543/1628/648 527/1677/648
f 1281/1676/649 1280/1673/649 528/1675/649
f 1282/1678/422 545/1622/422 543/1628/422
f 1281/1676/741 544/1627/741 546/1621/741
f 1282/1678/371 1279/1674/371 529/1668/371
f 1282/1678/372 546/1621/372 530/1669/372
f 1284/1679/654 525/795/654 527/1677/654
f 1283/1680/599 528/1675/599 526/794/599
f 1285/1681/648 541/803/648 525/795/648
f 1284/1679/649 526/794/649 542/802/649
f 1286/1682/422 543/1628/422 541/803/422
f 1285/1681/741 542/802/741 544/1627/741
f 1286/1682/371 1283/1680/371 527/1677/371
f 1286/1682/372 544/1627/372 528/1675/372
f 1288/1683/742 509/1688/742 449/1684/742
f 1287/1685/743 450/1690/743 510/1686/743
f 1289/1687/657 539/1640/657 509/1688/657
f 1289/1687/658 1288/1683/658 510/1686/658
f 1289/1687/361 1290/1689/361 453/1636/361
f 1290/1689/362 1289/1687/362 540/1638/362
f 1287/1685/661 449/1684/661 453/1636/661
f 1290/1689/662 454/1642/662 450/1690/662
f 1292/1691/665 511/1694/665 509/1688/665
f 1291/1692/664 510/1686/664 512/1693/664
f 1292/1691/657 1293/1695/657 537/1647/657
f 1293/1695/658 1292/1691/658 512/1693/658
f 1294/1696/416 539/1640/416 537/1647/416
f 1293/1695/362 538/1645/362 540/1638/362
f 1294/1696/363 1291/1692/363 509/1688/363
f 1291/1692/364 1294/1696/364 540/1638/364
f 1296/1697/665 513/1700/665 511/1694/665
f 1295/1698/664 512/1693/664 514/1699/664
f 1296/1697/657 1297/1701/657 535/1653/657
f 1297/1701/658 1296/1697/658 514/1699/658
f 1298/1702/416 537/1647/416 535/1653/416
f 1297/1701/362 536/1651/362 538/1645/362
f 1298/1702/363 1295/1698/363 511/1694/363
f 1295/1698/364 1298/1702/364 538/1645/364
f 1300/1703/665 515/1707/665 513/1700/665
f 1299/1704/664 514/1699/664 516/1705/664
f 1301/1706/657 533/1659/657 515/1707/657
f 1300/1703/658 516/1705/658 534/1657/658
f 1302/1708/416 535/1653/416 533/1659/416
f 1301/1706/362 534/1657/362 536/1651/362
f 1302/1708/363 1299/1704/363 513/1700/363
f 1299/1704/364 1302/1708/364 536/1651/364
f 1304/1709/665 517/1713/665 515/1707/665
f 1303/1710/664 516/1705/664 518/1711/664
f 1305/1712/657 531/1665/657 517/1713/657
f 1304/1709/658 518/1711/658 532/1663/658
f 1306/1714/416 533/1659/416 531/1665/416
f 1305/1712/362 532/1663/362 534/1657/362
f 1306/1714/363 1303/1710/363 515/1707/363
f 1306/1714/364 534/1657/364 516/1705/364
f 1308/1715/665 519/1718/665 517/1713/665
f 1307/1716/664 518/1711/664 520/1717/664
f 1308/1715/657 1309/1719/657 529/1668/657
f 1309/1719/658 1308/1715/658 520/1717/658
f 1310/1720/416 531/1665/416 529/1668/416
f 1309/1719/362 530/1669/362 532/1663/362
f 1307/1716/363 517/1713/363 531/1665/363
f 1310/1720/364 532/1663/364 518/1711/364
f 1312/1721/665 521/1724/665 519/1718/665
f 1311/1722/664 520/1717/664 522/1723/664
f 1312/1721/657 1313/1725/657 527/1677/657
f 1313/1725/658 1312/1721/658 522/1723/658
f 1314/1726/416 529/1668/416 527/1677/416
f 1313/1725/362 528/1675/362 530/1669/362
f 1311/1722/363 519/1718/363 529/1668/363
f 1314/1726/364 530/1669/364 520/1717/364
f 1316/1727/665 523/786/665 521/1724/665
f 1315/1728/664 522/1723/664 524/788/664
f 1316/1727/657 1317/1729/657 525/795/657
f 1317/1729/658 1316/1727/658 524/788/658
f 1318/1730/416 527/1677/416 525/795/416
f 1317/1729/362 526/794/362 528/1675/362
f 1315/1728/363 521/1724/363 527/1677/363
f 1315/1728/364 1318/1730/364 528/1675/364
o 円柱.002_円柱.004
v 0.000000 -0.924205 0.923813
v 0.000000 -0.936967 0.937360
v 0.000000 0.924205 0.923813
v 0.000000 0.936967 0.937360
v -0.180227 -0.924205 0.906062
v -0.182870 -0.936967 0.919349
v -0.180227 0.924205 0.906062
v -0.182870 0.936967 0.919349
v -0.353528 -0.924205 0.853492
v -0.358712 -0.936967 0.866008
v -0.353528 0.924205 0.853492
v -0.358712 0.936967 0.866008
v -0.513243 -0.924205 0.768122
v -0.520769 -0.936967 0.779386
v -0.513243 0.924205 0.768122
v -0.520769 0.936967 0.779386
v -0.653234 -0.924205 0.653234
v -0.662813 -0.936967 0.662814
v -0.653234 0.924205 0.653234
v -0.662813 0.936967 0.662814
v -0.768122 -0.924205 0.513243
v -0.779386 -0.936967 0.520769
v -0.768122 0.924205 0.513243
v -0.779386 0.936967 0.520769
v -0.853491 -0.924205 0.353528
v -0.866008 -0.936967 0.358712
v -0.853491 0.924205 0.353528
v -0.866008 0.936967 0.358712
v -0.906062 -0.924205 0.180227
v -0.919349 -0.936967 0.182870
v -0.906062 0.924205 0.180227
v -0.919349 0.936967 0.182870
v 0.906062 -0.924205 0.180227
v 0.919349 -0.936967 0.182870
v 0.906062 0.924205 0.180227
v 0.919349 0.936967 0.182870
v 0.853492 -0.924205 0.353528
v 0.866008 -0.936967 0.358712
v 0.853492 0.924205 0.353528
v 0.866008 0.936967 0.358712
v 0.768122 -0.924205 0.513243
v 0.779386 -0.936967 0.520769
v 0.768122 0.924205 0.513243
v 0.779386 0.936967 0.520769
v 0.653234 -0.924205 0.653234
v 0.662814 -0.936967 0.662813
v 0.653234 0.924205 0.653234
v 0.662814 0.936967 0.662813
v 0.513243 -0.924205 0.768122
v 0.520769 -0.936967 0.779386
v 0.513243 0.924205 0.768122
v 0.520769 0.936967 0.779386
v 0.353528 -0.924205 0.853492
v 0.358712 -0.936967 0.866008
v 0.353528 0.924205 0.853492
v 0.358712 0.936967 0.866008
v 0.180227 -0.924205 0.906062
v 0.182870 -0.936967 0.919349
v 0.180227 0.924205 0.906062
v 0.182870 0.936967 0.919349
v 0.000000 -0.723789 0.921280
v 0.000000 -0.723789 0.939892
v 0.000000 -0.516992 0.921280
v 0.000000 -0.516992 0.939892
v 0.000000 -0.310195 0.921280
v 0.000000 -0.310195 0.939892
v 0.000000 -0.103398 0.921280
v 0.000000 -0.103398 0.939892
v 0.000000 0.103398 0.921280
v 0.000000 0.103398 0.939892
v 0.000000 0.310195 0.921280
v 0.000000 0.310195 0.939892
v 0.000000 0.516992 0.921280
v 0.000000 0.516992 0.939892
v 0.000000 0.723789 0.921280
v 0.000000 0.723789 0.939892
v -0.179733 0.723789 0.903578
v -0.183364 0.723789 0.921832
v -0.179733 0.516992 0.903578
v -0.183364 0.516992 0.921832
v -0.179733 0.310195 0.903578
v -0.183364 0.310195 0.921832
v -0.179733 0.103398 0.903578
v -0.183364 0.103398 0.921832
v -0.179733 -0.103398 0.903578
v -0.183364 -0.103398 0.921832
v -0.179733 -0.310195 0.903578
v -0.183364 -0.310195 0.921832
v -0.179733 -0.516992 0.903578
v -0.183364 -0.516992 0.921832
v -0.179733 -0.723789 0.903578
v -0.183364 -0.723789 0.921832
v -0.352559 0.723789 0.851152
v -0.359681 0.723789 0.868347
v -0.352559 0.516992 0.851152
v -0.359681 0.516992 0.868347
v -0.352559 0.310195 0.851152
v -0.359681 0.310195 0.868347
v -0.352559 0.103398 0.851152
v -0.359681 0.103398 0.868347
v -0.352559 -0.103398 0.851152
v -0.359681 -0.103398 0.868347
v -0.352559 -0.310195 0.851152
v -0.359681 -0.310195 0.868347
v -0.352559 -0.516992 0.851152
v -0.359681 -0.516992 0.868347
v -0.352559 -0.723789 0.851152
v -0.359681 -0.723789 0.868347
v -0.511836 0.723789 0.766017
v -0.522176 0.723789 0.781492
v -0.511836 0.516992 0.766017
v -0.522176 0.516992 0.781492
v -0.511836 0.310195 0.766017
v -0.522176 0.310195 0.781492
v -0.511836 0.103398 0.766017
v -0.522176 0.103398 0.781492
v -0.511836 -0.103398 0.766017
v -0.522176 -0.103398 0.781492
v -0.511836 -0.310195 0.766017
v -0.522176 -0.310195 0.781492
v -0.511836 -0.516992 0.766017
v -0.522176 -0.516992 0.781492
v -0.511836 -0.723789 0.766017
v -0.522176 -0.723789 0.781492
v -0.651444 0.723789 0.651444
v -0.664604 0.723789 0.664604
v -0.651444 0.516992 0.651444
v -0.664604 0.516992 0.664604
v -0.651444 0.310195 0.651444
v -0.664604 0.310195 0.664604
v -0.651444 0.103398 0.651444
v -0.664604 0.103398 0.664604
v -0.651444 -0.103398 0.651444
v -0.664604 -0.103398 0.664604
v -0.651444 -0.310195 0.651444
v -0.664604 -0.310195 0.664604
v -0.651444 -0.516992 0.651444
v -0.664604 -0.516992 0.664604
v -0.651444 -0.723789 0.651444
v -0.664604 -0.723789 0.664604
v -0.766017 0.723789 0.511836
v -0.781492 0.723789 0.522176
v -0.766017 0.516992 0.511836
v -0.781492 0.516992 0.522176
v -0.766017 0.310195 0.511836
v -0.781492 0.310195 0.522176
v -0.766017 0.103398 0.511836
v -0.781492 0.103398 0.522176
v -0.766017 -0.103398 0.511836
v -0.781492 -0.103398 0.522176
v -0.766017 -0.310195 0.511836
v -0.781492 -0.310195 0.522176
v -0.766017 -0.516992 0.511836
v -0.781492 -0.516992 0.522176
v -0.766017 -0.723789 0.511836
v -0.781492 -0.723789 0.522176
v -0.851152 0.723789 0.352559
v -0.868347 0.723789 0.359681
v -0.851152 0.516992 0.352559
v -0.868347 0.516992 0.359681
v -0.851152 0.310195 0.352559
v -0.868347 0.310195 0.359681
v -0.851152 0.103398 0.352559
v -0.868347 0.103398 0.359681
v -0.851152 -0.103398 0.352559
v -0.868347 -0.103398 0.359681
v -0.851152 -0.310195 0.352559
v -0.868347 -0.310195 0.359681
v -0.851152 -0.516992 0.352559
v -0.868347 -0.516992 0.359681
v -0.851152 -0.723789 0.352559
v -0.868347 -0.723789 0.359681
v -0.903578 0.723789 0.179733
v -0.921832 0.723789 0.183364
v -0.903578 0.516992 0.179733
v -0.921832 0.516992 0.183364
v -0.903578 0.310195 0.179733
v -0.921832 0.310195 0.183364
v -0.903578 0.103398 0.179733
v -0.921832 0.103398 0.183364
v -0.903578 -0.103398 0.179733
v -0.921832 -0.103398 0.183364
v -0.903578 -0.310195 0.179733
v -0.921832 -0.310195 0.183364
v -0.903578 -0.516992 0.179733
v -0.921832 -0.516992 0.183364
v -0.903578 -0.723789 0.179733
v -0.921832 -0.723789 0.183364
v 0.903578 0.723789 0.179733
v 0.921832 0.723789 0.183364
v 0.903578 0.516992 0.179733
v 0.921832 0.516992 0.183364
v 0.903578 0.310195 0.179733
v 0.921832 0.310195 0.183364
v 0.903578 0.103398 0.179733
v 0.921832 0.103398 0.183364
v 0.903578 -0.103398 0.179733
v 0.921832 -0.103398 0.183364
v 0.903578 -0.310195 0.179733
v 0.921832 -0.310195 0.183364
v 0.903578 -0.516992 0.179733
v 0.921832 -0.516992 0.183364
v 0.903578 -0.723789 0.179733
v 0.921832 -0.723789 0.183364
v 0.851152 0.723789 0.352559
v 0.868347 0.723789 0.359681
v 0.851152 0.516992 0.352559
v 0.868347 0.516992 0.359681
v 0.851152 0.310195 0.352559
v 0.868347 0.310195 0.359681
v 0.851152 0.103398 0.352559
v 0.868347 0.103398 0.359681
v 0.851152 -0.103398 0.352559
v 0.868347 -0.103398 0.359681
v 0.851152 -0.310195 0.352559
v 0.868347 -0.310195 0.359681
v 0.851152 -0.516992 0.352559
v 0.868347 -0.516992 0.359681
v 0.851152 -0.723789 0.352559
v 0.868347 -0.723789 0.359681
v 0.766017 0.723789 0.511836
v 0.781492 0.723789 0.522176
v 0.766017 0.516992 0.511836
v 0.781492 0.516992 0.522176
v 0.766017 0.310195 0.511836
v 0.781492 0.310195 0.522176
v 0.766017 0.103398 0.511836
v 0.781492 0.103398 0.522176
v 0.766017 -0.103398 0.511836
v 0.781492 -0.103398 0.522176
v 0.766017 -0.310195 0.511836
v 0.781492 -0.310195 0.522176
v 0.766017 -0.516992 0.511836
v 0.781492 -0.516992 0.522176
v 0.766017 -0.723789 0.511836
v 0.781492 -0.723789 0.522176
v 0.651444 0.723789 0.651443
v 0.664604 0.723789 0.664604
v 0.651444 0.516992 0.651443
v 0.664604 0.516992 0.664604
v 0.651444 0.310195 0.651443
v 0.664604 0.310195 0.664604
v 0.651444 0.103398 0.651443
v 0.664604 0.103398 0.664604
v 0.651444 -0.103398 0.651443
v 0.664604 -0.103398 0.664604
v 0.651444 -0.310195 0.651443
v 0.664604 -0.310195 0.664604
v 0.651444 -0.516992 0.651443
v 0.664604 -0.516992 0.664604
v 0.651444 -0.723789 0.651443
v 0.664604 -0.723789 0.664604
v 0.511836 0.723789 0.766017
v 0.522176 0.723789 0.781492
v 0.511836 0.516992 0.766017
v 0.522176 0.516992 0.781492
v 0.511836 0.310195 0.766017
v 0.522176 0.310195 0.781492
v 0.511836 0.103398 0.766017
v 0.522176 0.103398 0.781492
v 0.511836 -0.103398 0.766017
v 0.522176 -0.103398 0.781492
v 0.511836 -0.310195 0.766017
v 0.522176 -0.310195 0.781492
v 0.511836 -0.516992 0.766017
v 0.522176 -0.516992 0.781492
v 0.511836 -0.723789 0.766017
v 0.522176 -0.723789 0.781492
v 0.352559 0.723789 0.851152
v 0.359681 0.723789 0.868347
v 0.352559 0.516992 0.851152
v 0.359681 0.516992 0.868347
v 0.352559 0.310195 0.851152
v 0.359681 0.310195 0.868347
v 0.352559 0.103398 0.851152
v 0.359681 0.103398 0.868347
v 0.352559 -0.103398 0.851152
v 0.359681 -0.103398 0.868347
v 0.352559 -0.310195 0.851152
v 0.359681 -0.310195 0.868347
v 0.352559 -0.516992 0.851152
v 0.359681 -0.516992 0.868347
v 0.352559 -0.723789 0.851152
v 0.359681 -0.723789 0.868347
v 0.179733 0.723789 0.903578
v 0.183364 0.723789 0.921832
v 0.179733 0.516992 0.903578
v 0.183364 0.516992 0.921832
v 0.179733 0.310195 0.903578
v 0.183364 0.310195 0.921832
v 0.179733 0.103398 0.903578
v 0.183364 0.103398 0.921832
v 0.179733 -0.103398 0.903578
v 0.183364 -0.103398 0.921832
v 0.179733 -0.310195 0.903578
v 0.183364 -0.310195 0.921832
v 0.179733 -0.516992 0.903578
v 0.183364 -0.516992 0.921832
v 0.179733 -0.723789 0.903578
v 0.183364 -0.723789 0.921832
v -0.009261 0.733095 0.929674
v -0.009261 0.921280 0.929674
v -0.172287 0.921280 0.913617
v -0.172287 0.733095 0.913617
v -0.190453 0.733095 0.910004
v -0.190453 0.921280 0.910004
v -0.347215 0.921280 0.862451
v -0.347215 0.733095 0.862451
v -0.364327 0.733095 0.855363
v -0.364327 0.921280 0.855363
v -0.508799 0.921280 0.778141
v -0.508799 0.733095 0.778141
v -0.524200 0.733095 0.767851
v -0.524200 0.921280 0.767851
v -0.650830 0.921280 0.663927
v -0.650830 0.733095 0.663927
v -0.663927 0.733095 0.650830
v -0.663927 0.921280 0.650830
v -0.767851 0.921280 0.524200
v -0.767851 0.733095 0.524200
v -0.778141 0.733095 0.508799
v -0.778141 0.921280 0.508799
v -0.855363 0.921280 0.364327
v -0.855363 0.733095 0.364327
v -0.862451 0.733095 0.347215
v -0.862451 0.921280 0.347215
v -0.910004 0.921280 0.190454
v -0.910004 0.733095 0.190454
v -0.913617 0.733095 0.172287
v -0.913617 0.921280 0.172287
v 0.913617 0.921280 0.172287
v 0.913617 0.733095 0.172287
v 0.910004 0.733095 0.190454
v 0.910004 0.921280 0.190454
v 0.862451 0.921280 0.347215
v 0.862451 0.733095 0.347215
v 0.855363 0.733095 0.364327
v 0.855363 0.921280 0.364327
v 0.778141 0.921280 0.508799
v 0.778141 0.733095 0.508799
v 0.767851 0.733095 0.524199
v 0.767851 0.921280 0.524199
v 0.663928 0.921280 0.650830
v 0.663928 0.733095 0.650830
v 0.650831 0.733095 0.663927
v 0.650831 0.921280 0.663927
v 0.524200 0.921280 0.767851
v 0.524200 0.733095 0.767851
v 0.508799 0.733095 0.778141
v 0.508799 0.921280 0.778141
v 0.364327 0.921280 0.855363
v 0.364327 0.733095 0.855363
v -0.179724 0.930586 0.903534
v 0.000000 0.930586 0.921235
v 0.179724 0.930586 0.903534
v 0.352542 0.930586 0.851111
v 0.511811 0.930586 0.765979
v 0.651412 0.930586 0.651412
v 0.765979 0.930586 0.511811
v 0.851111 0.930586 0.352542
v 0.903534 0.930586 0.179724
v -0.903534 0.930586 0.179724
v -0.851110 0.930586 0.352542
v -0.765979 0.930586 0.511811
v -0.651412 0.930586 0.651412
v -0.511811 0.930586 0.765979
v -0.352541 0.930586 0.851111
v 0.347215 0.733095 0.862451
v 0.347215 0.921280 0.862451
v 0.190454 0.921280 0.910004
v 0.190454 0.733095 0.910004
v 0.172287 0.733095 0.913617
v 0.172287 0.921280 0.913617
v 0.009261 0.921280 0.929674
v 0.009261 0.733095 0.929674
v 0.000000 -0.930586 0.921235
v -0.179724 -0.930586 0.903534
v -0.352541 -0.930586 0.851111
v -0.511811 -0.930586 0.765979
v -0.651412 -0.930586 0.651412
v -0.765979 -0.930586 0.511811
v -0.851110 -0.930586 0.352542
v -0.903534 -0.930586 0.179724
v 0.903534 -0.930586 0.179724
v 0.851111 -0.930586 0.352542
v 0.765979 -0.930586 0.511811
v 0.651412 -0.930586 0.651412
v 0.511811 -0.930586 0.765979
v 0.352542 -0.930586 0.851111
v 0.179724 -0.930586 0.903534
v 0.172287 -0.921280 0.913617
v 0.172287 -0.733095 0.913617
v 0.009261 -0.733095 0.929674
v 0.009261 -0.921280 0.929674
v 0.172287 -0.714483 0.913617
v 0.172287 -0.526298 0.913617
v 0.009261 -0.526298 0.929674
v 0.009261 -0.714483 0.929674
v 0.172287 -0.507687 0.913617
v 0.172287 -0.319501 0.913617
v 0.009261 -0.319501 0.929674
v 0.009261 -0.507687 0.929674
v 0.172287 -0.300890 0.913617
v 0.172287 -0.112704 0.913617
v 0.009261 -0.112704 0.929674
v 0.009261 -0.300890 0.929674
v 0.172287 -0.094093 0.913617
v 0.172287 0.094093 0.913617
v 0.009261 0.094093 0.929674
v 0.009261 -0.094093 0.929674
v 0.172287 0.112704 0.913617
v 0.172287 0.300890 0.913617
v 0.009261 0.300890 0.929674
v 0.009261 0.112704 0.929674
v 0.172287 0.319501 0.913617
v 0.172287 0.507687 0.913617
v 0.009261 0.507687 0.929674
v 0.009261 0.319501 0.929674
v 0.172287 0.526298 0.913617
v 0.172287 0.714483 0.913617
v 0.009261 0.714483 0.929674
v 0.009261 0.526298 0.929674
v 0.347215 -0.921280 0.862451
v 0.347215 -0.733095 0.862451
v 0.190454 -0.733095 0.910004
v 0.190454 -0.921280 0.910004
v 0.347215 -0.714483 0.862451
v 0.347215 -0.526298 0.862451
v 0.190454 -0.526298 0.910004
v 0.190454 -0.714483 0.910004
v 0.347215 -0.507687 0.862451
v 0.347215 -0.319501 0.862451
v 0.190454 -0.319501 0.910004
v 0.190454 -0.507687 0.910004
v 0.347215 -0.300890 0.862451
v 0.347215 -0.112704 0.862451
v 0.190454 -0.112704 0.910004
v 0.190454 -0.300890 0.910004
v 0.347215 -0.094093 0.862451
v 0.347215 0.094093 0.862451
v 0.190454 0.094093 0.910004
v 0.190454 -0.094093 0.910004
v 0.347215 0.112704 0.862451
v 0.347215 0.300890 0.862451
v 0.190454 0.300890 0.910004
v 0.190454 0.112704 0.910004
v 0.347215 0.319501 0.862451
v 0.347215 0.507687 0.862451
v 0.190454 0.507687 0.910004
v 0.190454 0.319501 0.910004
v 0.347215 0.526298 0.862451
v 0.347215 0.714483 0.862451
v 0.190454 0.714483 0.910004
v 0.190454 0.526298 0.910004
v 0.508799 -0.921280 0.778141
v 0.508799 -0.733095 0.778141
v 0.364327 -0.733095 0.855363
v 0.364327 -0.921280 0.855363
v 0.508799 -0.714483 0.778141
v 0.508799 -0.526298 0.778141
v 0.364327 -0.526298 0.855363
v 0.364327 -0.714483 0.855363
v 0.508799 -0.507687 0.778141
v 0.508799 -0.319501 0.778141
v 0.364327 -0.319501 0.855363
v 0.364327 -0.507687 0.855363
v 0.508799 -0.300890 0.778141
v 0.508799 -0.112704 0.778141
v 0.364327 -0.112704 0.855363
v 0.364327 -0.300890 0.855363
v 0.508799 -0.094093 0.778141
v 0.508799 0.094093 0.778141
v 0.364327 0.094093 0.855363
v 0.364327 -0.094093 0.855363
v 0.508799 0.112704 0.778141
v 0.508799 0.300890 0.778141
v 0.364327 0.300890 0.855363
v 0.364327 0.112704 0.855363
v 0.508799 0.319501 0.778141
v 0.508799 0.507687 0.778141
v 0.364327 0.507687 0.855363
v 0.364327 0.319501 0.855363
v 0.508799 0.526298 0.778141
v 0.508799 0.714483 0.778141
v 0.364327 0.714483 0.855363
v 0.364327 0.526298 0.855363
v 0.650831 -0.921280 0.663927
v 0.650831 -0.733095 0.663927
v 0.524200 -0.733095 0.767851
v 0.524200 -0.921280 0.767851
v 0.650831 -0.714483 0.663927
v 0.650831 -0.526298 0.663927
v 0.524200 -0.526298 0.767851
v 0.524200 -0.714483 0.767851
v 0.650831 -0.507687 0.663927
v 0.650831 -0.319501 0.663927
v 0.524200 -0.319501 0.767851
v 0.524200 -0.507687 0.767851
v 0.650831 -0.300890 0.663927
v 0.650831 -0.112704 0.663927
v 0.524200 -0.112704 0.767851
v 0.524200 -0.300890 0.767851
v 0.650831 -0.094093 0.663927
v 0.650831 0.094093 0.663927
v 0.524200 0.094093 0.767851
v 0.524200 -0.094093 0.767851
v 0.650831 0.112704 0.663927
v 0.650831 0.300890 0.663927
v 0.524200 0.300890 0.767851
v 0.524200 0.112704 0.767851
v 0.650831 0.319501 0.663927
v 0.650831 0.507687 0.663927
v 0.524200 0.507687 0.767851
v 0.524200 0.319501 0.767851
v 0.650831 0.526298 0.663927
v 0.650831 0.714483 0.663927
v 0.524200 0.714483 0.767851
v 0.524200 0.526298 0.767851
v 0.767851 -0.921280 0.524199
v 0.767851 -0.733095 0.524199
v 0.663928 -0.733095 0.650830
v 0.663928 -0.921280 0.650830
v 0.767851 -0.714483 0.524199
v 0.767851 -0.526298 0.524199
v 0.663928 -0.526298 0.650830
v 0.663928 -0.714483 0.650830
v 0.767851 -0.507687 0.524199
v 0.767851 -0.319501 0.524199
v 0.663928 -0.319501 0.650830
v 0.663928 -0.507687 0.650830
v 0.767851 -0.300890 0.524199
v 0.767851 -0.112704 0.524199
v 0.663928 -0.112704 0.650830
v 0.663928 -0.300890 0.650830
v 0.767851 -0.094093 0.524199
v 0.767851 0.094093 0.524199
v 0.663928 0.094093 0.650830
v 0.663928 -0.094093 0.650830
v 0.767851 0.112704 0.524199
v 0.767851 0.300890 0.524199
v 0.663928 0.300890 0.650830
v 0.663928 0.112704 0.650830
v 0.767851 0.319501 0.524199
v 0.767851 0.507687 0.524199
v 0.663928 0.507687 0.650830
v 0.663928 0.319501 0.650830
v 0.767851 0.526298 0.524199
v 0.767851 0.714483 0.524199
v 0.663928 0.714483 0.650830
v 0.663928 0.526298 0.650830
v 0.855363 -0.921280 0.364327
v 0.855363 -0.733095 0.364327
v 0.778141 -0.733095 0.508799
v 0.778141 -0.921280 0.508799
v 0.855363 -0.714483 0.364327
v 0.855363 -0.526298 0.364327
v 0.778141 -0.526298 0.508799
v 0.778141 -0.714483 0.508799
v 0.855363 -0.507687 0.364327
v 0.855363 -0.319501 0.364327
v 0.778141 -0.319501 0.508799
v 0.778141 -0.507687 0.508799
v 0.855363 -0.300890 0.364327
v 0.855363 -0.112704 0.364327
v 0.778141 -0.112704 0.508799
v 0.778141 -0.300890 0.508799
v 0.855363 -0.094093 0.364327
v 0.855363 0.094093 0.364327
v 0.778141 0.094093 0.508799
v 0.778141 -0.094093 0.508799
v 0.855363 0.112704 0.364327
v 0.855363 0.300890 0.364327
v 0.778141 0.300890 0.508799
v 0.778141 0.112704 0.508799
v 0.855363 0.319501 0.364327
v 0.855363 0.507687 0.364327
v 0.778141 0.507687 0.508799
v 0.778141 0.319501 0.508799
v 0.855363 0.526298 0.364327
v 0.855363 0.714483 0.364327
v 0.778141 0.714483 0.508799
v 0.778141 0.526298 0.508799
v 0.910004 -0.921280 0.190454
v 0.910004 -0.733095 0.190454
v 0.862451 -0.733095 0.347215
v 0.862451 -0.921280 0.347215
v 0.910004 -0.714483 0.190454
v 0.910004 -0.526298 0.190454
v 0.862451 -0.526298 0.347215
v 0.862451 -0.714483 0.347215
v 0.910004 -0.507687 0.190454
v 0.910004 -0.319501 0.190454
v 0.862451 -0.319501 0.347215
v 0.862451 -0.507687 0.347215
v 0.910004 -0.300890 0.190454
v 0.910004 -0.112704 0.190454
v 0.862451 -0.112704 0.347215
v 0.862451 -0.300890 0.347215
v 0.910004 -0.094093 0.190454
v 0.910004 0.094093 0.190454
v 0.862451 0.094093 0.347215
v 0.862451 -0.094093 0.347215
v 0.910004 0.112704 0.190454
v 0.910004 0.300890 0.190454
v 0.862451 0.300890 0.347215
v 0.862451 0.112704 0.347215
v 0.910004 0.319501 0.190454
v 0.910004 0.507687 0.190454
v 0.862451 0.507687 0.347215
v 0.862451 0.319501 0.347215
v 0.910004 0.526298 0.190454
v 0.910004 0.714483 0.190454
v 0.862451 0.714483 0.347215
v 0.862451 0.526298 0.347215
v 0.913617 -0.733095 0.172287
v 0.913617 -0.921280 0.172287
v 0.913617 -0.526298 0.172287
v 0.913617 -0.714483 0.172287
v 0.913617 -0.319501 0.172287
v 0.913617 -0.507687 0.172287
v 0.913617 -0.112704 0.172287
v 0.913617 -0.300890 0.172287
v 0.913617 0.094093 0.172287
v 0.913617 -0.094093 0.172287
v 0.913617 0.300890 0.172287
v 0.913617 0.112704 0.172287
v 0.913617 0.507687 0.172287
v 0.913617 0.319501 0.172287
v 0.913617 0.714483 0.172287
v 0.913617 0.526298 0.172287
v -0.913617 -0.921280 0.172287
v -0.913617 -0.733095 0.172287
v -0.913617 -0.714483 0.172287
v -0.913617 -0.526298 0.172287
v -0.913617 -0.507687 0.172287
v -0.913617 -0.319501 0.172287
v -0.913617 -0.300890 0.172287
v -0.913617 -0.112704 0.172287
v -0.913617 -0.094093 0.172287
v -0.913617 0.094093 0.172287
v -0.913617 0.112704 0.172287
v -0.913617 0.300890 0.172287
v -0.913617 0.319501 0.172287
v -0.913617 0.507687 0.172287
v -0.913617 0.526298 0.172287
v -0.913617 0.714483 0.172287
v -0.862451 -0.921280 0.347215
v -0.862451 -0.733095 0.347215
v -0.910004 -0.733095 0.190454
v -0.910004 -0.921280 0.190454
v -0.862451 -0.714483 0.347215
v -0.862451 -0.526298 0.347215
v -0.910004 -0.526298 0.190454
v -0.910004 -0.714483 0.190454
v -0.862451 -0.507687 0.347215
v -0.862451 -0.319501 0.347215
v -0.910004 -0.319501 0.190454
v -0.910004 -0.507687 0.190454
v -0.862451 -0.300890 0.347215
v -0.862451 -0.112704 0.347215
v -0.910004 -0.112704 0.190454
v -0.910004 -0.300890 0.190454
v -0.862451 -0.094093 0.347215
v -0.862451 0.094093 0.347215
v -0.910004 0.094093 0.190454
v -0.910004 -0.094093 0.190454
v -0.862451 0.112704 0.347215
v -0.862451 0.300890 0.347215
v -0.910004 0.300890 0.190454
v -0.910004 0.112704 0.190454
v -0.862451 0.319501 0.347215
v -0.862451 0.507687 0.347215
v -0.910004 0.507687 0.190454
v -0.910004 0.319501 0.190454
v -0.862451 0.526298 0.347215
v -0.862451 0.714483 0.347215
v -0.910004 0.714483 0.190454
v -0.910004 0.526298 0.190454
v -0.778141 -0.921280 0.508799
v -0.778141 -0.733095 0.508799
v -0.855363 -0.733095 0.364327
v -0.855363 -0.921280 0.364327
v -0.778141 -0.714483 0.508799
v -0.778141 -0.526298 0.508799
v -0.855363 -0.526298 0.364327
v -0.855363 -0.714483 0.364327
v -0.778141 -0.507687 0.508799
v -0.778141 -0.319501 0.508799
v -0.855363 -0.319501 0.364327
v -0.855363 -0.507687 0.364327
v -0.778141 -0.300890 0.508799
v -0.778141 -0.112704 0.508799
v -0.855363 -0.112704 0.364327
v -0.855363 -0.300890 0.364327
v -0.778141 -0.094093 0.508799
v -0.778141 0.094093 0.508799
v -0.855363 0.094093 0.364327
v -0.855363 -0.094093 0.364327
v -0.778141 0.112704 0.508799
v -0.778141 0.300890 0.508799
v -0.855363 0.300890 0.364327
v -0.855363 0.112704 0.364327
v -0.778141 0.319501 0.508799
v -0.778141 0.507687 0.508799
v -0.855363 0.507687 0.364327
v -0.855363 0.319501 0.364327
v -0.778141 0.526298 0.508799
v -0.778141 0.714483 0.508799
v -0.855363 0.714483 0.364327
v -0.855363 0.526298 0.364327
v -0.663927 -0.921280 0.650830
v -0.663927 -0.733095 0.650830
v -0.767851 -0.733095 0.524200
v -0.767851 -0.921280 0.524200
v -0.663927 -0.714483 0.650830
v -0.663927 -0.526298 0.650830
v -0.767851 -0.526298 0.524200
v -0.767851 -0.714483 0.524200
v -0.663927 -0.507687 0.650830
v -0.663927 -0.319501 0.650830
v -0.767851 -0.319501 0.524200
v -0.767851 -0.507687 0.524200
v -0.663927 -0.300890 0.650830
v -0.663927 -0.112704 0.650830
v -0.767851 -0.112704 0.524200
v -0.767851 -0.300890 0.524200
v -0.663927 -0.094093 0.650830
v -0.663927 0.094093 0.650830
v -0.767851 0.094093 0.524200
v -0.767851 -0.094093 0.524200
v -0.663927 0.112704 0.650830
v -0.663927 0.300890 0.650830
v -0.767851 0.300890 0.524200
v -0.767851 0.112704 0.524200
v -0.663927 0.319501 0.650830
v -0.663927 0.507687 0.650830
v -0.767851 0.507687 0.524200
v -0.767851 0.319501 0.524200
v -0.663927 0.526298 0.650830
v -0.663927 0.714483 0.650830
v -0.767851 0.714483 0.524200
v -0.767851 0.526298 0.524200
v -0.524200 -0.921280 0.767851
v -0.524200 -0.733095 0.767851
v -0.650830 -0.733095 0.663927
v -0.650830 -0.921280 0.663927
v -0.524200 -0.714483 0.767851
v -0.524200 -0.526298 0.767851
v -0.650830 -0.526298 0.663927
v -0.650830 -0.714483 0.663927
v -0.524200 -0.507687 0.767851
v -0.524200 -0.319501 0.767851
v -0.650830 -0.319501 0.663927
v -0.650830 -0.507687 0.663927
v -0.524200 -0.300890 0.767851
v -0.524200 -0.112704 0.767851
v -0.650830 -0.112704 0.663927
v -0.650830 -0.300890 0.663927
v -0.524200 -0.094093 0.767851
v -0.524200 0.094093 0.767851
v -0.650830 0.094093 0.663927
v -0.650830 -0.094093 0.663927
v -0.524200 0.112704 0.767851
v -0.524200 0.300890 0.767851
v -0.650830 0.300890 0.663927
v -0.650830 0.112704 0.663927
v -0.524200 0.319501 0.767851
v -0.524200 0.507687 0.767851
v -0.650830 0.507687 0.663927
v -0.650830 0.319501 0.663927
v -0.524200 0.526298 0.767851
v -0.524200 0.714483 0.767851
v -0.650830 0.714483 0.663927
v -0.650830 0.526298 0.663927
v -0.364327 -0.921280 0.855363
v -0.364327 -0.733095 0.855363
v -0.508799 -0.733095 0.778141
v -0.508799 -0.921280 0.778141
v -0.364327 -0.714483 0.855363
v -0.364327 -0.526298 0.855363
v -0.508799 -0.526298 0.778141
v -0.508799 -0.714483 0.778141
v -0.364327 -0.507687 0.855363
v -0.364327 -0.319501 0.855363
v -0.508799 -0.319501 0.778141
v -0.508799 -0.507687 0.778141
v -0.364327 -0.300890 0.855363
v -0.364327 -0.112704 0.855363
v -0.508799 -0.112704 0.778141
v -0.508799 -0.300890 0.778141
v -0.364327 -0.094093 0.855363
v -0.364327 0.094093 0.855363
v -0.508799 0.094093 0.778141
v -0.508799 -0.094093 0.778141
v -0.364327 0.112704 0.855363
v -0.364327 0.300890 0.855363
v -0.508799 0.300890 0.778141
v -0.508799 0.112704 0.778141
v -0.364327 0.319501 0.855363
v -0.364327 0.507687 0.855363
v -0.508799 0.507687 0.778141
v -0.508799 0.319501 0.778141
v -0.364327 0.526298 0.855363
v -0.364327 0.714483 0.855363
v -0.508799 0.714483 0.778141
v -0.508799 0.526298 0.778141
v -0.190453 -0.921280 0.910004
v -0.190453 -0.733095 0.910004
v -0.347215 -0.733095 0.862451
v -0.347215 -0.921280 0.862451
v -0.190453 -0.714483 0.910004
v -0.190453 -0.526298 0.910004
v -0.347215 -0.526298 0.862451
v -0.347215 -0.714483 0.862451
v -0.190453 -0.507687 0.910004
v -0.190453 -0.319501 0.910004
v -0.347215 -0.319501 0.862451
v -0.347215 -0.507687 0.862451
v -0.190453 -0.300890 0.910004
v -0.190453 -0.112704 0.910004
v -0.347215 -0.112704 0.862451
v -0.347215 -0.300890 0.862451
v -0.190453 -0.094093 0.910004
v -0.190453 0.094093 0.910004
v -0.347215 0.094093 0.862451
v -0.347215 -0.094093 0.862451
v -0.190453 0.112704 0.910004
v -0.190453 0.300890 0.910004
v -0.347215 0.300890 0.862451
v -0.347215 0.112704 0.862451
v -0.190453 0.319501 0.910004
v -0.190453 0.507687 0.910004
v -0.347215 0.507687 0.862451
v -0.347215 0.319501 0.862451
v -0.190453 0.526298 0.910004
v -0.190453 0.714483 0.910004
v -0.347215 0.714483 0.862451
v -0.347215 0.526298 0.862451
v -0.009261 -0.921280 0.929674
v -0.009261 -0.733095 0.929674
v -0.172287 -0.733095 0.913617
v -0.172287 -0.921280 0.913617
v -0.009261 -0.714483 0.929674
v -0.009261 -0.526298 0.929674
v -0.172287 -0.526298 0.913617
v -0.172287 -0.714483 0.913617
v -0.009261 -0.507687 0.929674
v -0.009261 -0.319501 0.929674
v -0.172287 -0.319501 0.913617
v -0.172287 -0.507687 0.913617
v -0.009261 -0.300890 0.929674
v -0.009261 -0.112704 0.929674
v -0.172287 -0.112704 0.913617
v -0.172287 -0.300890 0.913617
v -0.009261 -0.094093 0.929674
v -0.009261 0.094093 0.929674
v -0.172287 0.094093 0.913617
v -0.172287 -0.094093 0.913617
v -0.009261 0.112704 0.929674
v -0.009261 0.300890 0.929674
v -0.172287 0.300890 0.913617
v -0.172287 0.112704 0.913617
v -0.009261 0.319501 0.929674
v -0.009261 0.507687 0.929674
v -0.172287 0.507687 0.913617
v -0.172287 0.319501 0.913617
v -0.009261 0.526298 0.929674
v -0.009261 0.714483 0.929674
v -0.172287 0.714483 0.913617
v -0.172287 0.526298 0.913617
vt 1.000000 0.944444
vt 1.000000 1.000000
vt 1.000000 0.944444
vt 1.000000 1.000000
vt 1.000000 0.944444
vt 1.000000 1.000000
vt 0.968750 1.000000
vt 0.968750 1.000000
vt 0.968750 1.000000
vt 0.968750 0.944444
vt 0.968750 0.944444
vt 0.968750 0.944444
vt 0.968750 0.944444
vt 0.968750 1.000000
vt 0.937500 1.000000
vt 0.937500 1.000000
vt 0.937500 1.000000
vt 0.937500 0.944444
vt 0.937500 0.944444
vt 0.937500 0.944444
vt 0.937500 0.944444
vt 0.937500 1.000000
vt 0.906250 1.000000
vt 0.906250 1.000000
vt 0.906250 0.944444
vt 0.906250 1.000000
vt 0.906250 0.944444
vt 0.906250 0.944444
vt 0.906250 0.944444
vt 0.906250 1.000000
vt 0.875000 1.000000
vt 0.875000 1.000000
vt 0.875000 0.944444
vt 0.875000 1.000000
vt 0.875000 0.944444
vt 0.875000 0.944444
vt 0.875000 0.944444
vt 0.875000 1.000000
vt 0.843750 1.000000
vt 0.843750 1.000000
vt 0.843750 0.944444
vt 0.843750 1.000000
vt 0.843750 0.944444
vt 0.843750 0.944444
vt 0.843750 0.944444
vt 0.843750 1.000000
vt 0.812500 1.000000
vt 0.812500 1.000000
vt 0.812500 0.944444
vt 0.812500 1.000000
vt 0.812500 0.944444
vt 0.812500 0.944444
vt 0.812500 0.944444
vt 0.812500 1.000000
vt 0.781250 1.000000
vt 0.781250 1.000000
vt 0.781250 0.944444
vt 0.781250 1.000000
vt 0.781250 0.944444
vt 0.781250 0.944444
vt 0.781250 0.944444
vt 0.781250 1.000000
vt 0.218750 0.944444
vt 0.218750 1.000000
vt 0.218750 1.000000
vt 0.218750 0.944444
vt 0.218750 0.944444
vt 0.218750 0.944444
vt 0.218750 1.000000
vt 0.218750 1.000000
vt 0.187500 1.000000
vt 0.187500 1.000000
vt 0.187500 0.944444
vt 0.187500 1.000000
vt 0.187500 0.944444
vt 0.187500 0.944444
vt 0.187500 0.944444
vt 0.187500 1.000000
vt 0.156250 1.000000
vt 0.156250 1.000000
vt 0.156250 1.000000
vt 0.156250 0.944444
vt 0.156250 0.944444
vt 0.156250 0.944444
vt 0.156250 0.944444
vt 0.156250 1.000000
vt 0.125000 1.000000
vt 0.125000 1.000000
vt 0.125000 0.944444
vt 0.125000 1.000000
vt 0.125000 0.944444
vt 0.125000 0.944444
vt 0.125000 0.944444
vt 0.125000 1.000000
vt 0.093750 1.000000
vt 0.093750 1.000000
vt 0.093750 0.944444
vt 0.093750 1.000000
vt 0.093750 0.944444
vt 0.093750 0.944444
vt 0.093750 0.944444
vt 0.093750 1.000000
vt 0.062500 1.000000
vt 0.062500 1.000000
vt 0.062500 0.944444
vt 0.062500 1.000000
vt 0.062500 0.944444
vt 0.062500 0.944444
vt 0.296822 0.485388
vt 0.250000 0.490000
vt 0.296822 0.485388
vt 0.250000 0.490000
vt 0.250000 0.490000
vt 0.203178 0.485388
vt 0.203178 0.485388
vt 0.158156 0.471731
vt 0.203178 0.485388
vt 0.158156 0.471731
vt 0.116663 0.449553
vt 0.158156 0.471731
vt 0.116663 0.449553
vt 0.080294 0.419706
vt 0.116663 0.449553
vt 0.080294 0.419706
vt 0.050447 0.383337
vt 0.080294 0.419706
vt 0.050447 0.383337
vt 0.050447 0.383337
vt 0.028269 0.341844
vt 0.028269 0.341844
vt 0.014612 0.296822
vt 0.028269 0.341844
vt 0.014612 0.296822
vt 0.471731 0.341844
vt 0.485388 0.296822
vt 0.485388 0.296822
vt 0.471731 0.341844
vt 0.449553 0.383337
vt 0.471731 0.341844
vt 0.449553 0.383337
vt 0.419706 0.419706
vt 0.449553 0.383337
vt 0.419706 0.419706
vt 0.383337 0.449553
vt 0.419706 0.419706
vt 0.383337 0.449553
vt 0.341844 0.471731
vt 0.383337 0.449553
vt 0.341844 0.471731
vt 0.341844 0.471731
vt 0.296822 0.485388
vt 0.062500 0.944444
vt 0.062500 1.000000
vt 0.031250 1.000000
vt 0.031250 1.000000
vt 0.031250 0.944444
vt 0.031250 1.000000
vt 0.031250 0.944444
vt 0.031250 0.944444
vt 0.031250 0.944444
vt 0.031250 1.000000
vt 0.000000 1.000000
vt 0.000000 1.000000
vt 0.000000 0.944444
vt 0.000000 1.000000
vt 0.000000 0.944444
vt 0.000000 0.944444
vt 0.796822 0.485388
vt 0.750000 0.490000
vt 0.750000 0.490000
vt 0.796822 0.485388
vt 0.841844 0.471731
vt 0.796822 0.485388
vt 0.841844 0.471731
vt 0.883337 0.449553
vt 0.841844 0.471731
vt 0.883337 0.449553
vt 0.919706 0.419706
vt 0.883337 0.449553
vt 0.919706 0.419706
vt 0.949553 0.383337
vt 0.919706 0.419706
vt 0.949553 0.383337
vt 0.971731 0.341844
vt 0.949553 0.383337
vt 0.971731 0.341844
vt 0.971731 0.341844
vt 0.985388 0.296822
vt 0.985388 0.296822
vt 0.985388 0.296822
vt 0.528269 0.341844
vt 0.514612 0.296822
vt 0.514612 0.296822
vt 0.528269 0.341844
vt 0.550447 0.383337
vt 0.528269 0.341844
vt 0.550447 0.383337
vt 0.580294 0.419706
vt 0.550447 0.383337
vt 0.580294 0.419706
vt 0.616663 0.449553
vt 0.580294 0.419706
vt 0.616663 0.449553
vt 0.658156 0.471731
vt 0.616663 0.449553
vt 0.658156 0.471731
vt 0.703178 0.485388
vt 0.658156 0.471731
vt 0.703178 0.485388
vt 0.703178 0.485388
vt 0.750000 0.490000
vt 0.031250 0.555556
vt 0.031250 0.500000
vt 0.031250 0.500000
vt 0.031250 0.555556
vt 0.000000 0.555556
vt 0.031250 0.555556
vt 0.000000 0.555556
vt 0.000000 0.500000
vt 0.000000 0.555556
vt 0.000000 0.500000
vt 0.000000 0.500000
vt 0.031250 0.500000
vt 0.031250 0.611111
vt 0.031250 0.555556
vt 0.031250 0.611111
vt 0.000000 0.611111
vt 0.031250 0.611111
vt 0.000000 0.611111
vt 0.000000 0.555556
vt 0.000000 0.611111
vt 0.031250 0.666667
vt 0.031250 0.611111
vt 0.031250 0.666667
vt 0.000000 0.666667
vt 0.031250 0.666667
vt 0.000000 0.666667
vt 0.000000 0.611111
vt 0.000000 0.666667
vt 0.031250 0.722222
vt 0.031250 0.666667
vt 0.031250 0.722222
vt 0.000000 0.722222
vt 0.031250 0.722222
vt 0.000000 0.722222
vt 0.000000 0.722222
vt 0.000000 0.666667
vt 0.031250 0.777778
vt 0.031250 0.722222
vt 0.031250 0.777778
vt 0.000000 0.777778
vt 0.031250 0.777778
vt 0.000000 0.777778
vt 0.000000 0.722222
vt 0.000000 0.777778
vt 0.031250 0.777778
vt 0.031250 0.833333
vt 0.031250 0.833333
vt 0.031250 0.833333
vt 0.000000 0.833333
vt 0.000000 0.833333
vt 0.000000 0.777778
vt 0.000000 0.833333
vt 0.031250 0.888889
vt 0.031250 0.833333
vt 0.031250 0.888889
vt 0.000000 0.888889
vt 0.031250 0.888889
vt 0.000000 0.888889
vt 0.000000 0.833333
vt 0.000000 0.888889
vt 0.031250 0.944444
vt 0.031250 0.888889
vt 0.000000 0.944444
vt 0.000000 0.888889
vt 0.062500 0.555556
vt 0.062500 0.500000
vt 0.062500 0.500000
vt 0.062500 0.555556
vt 0.031250 0.555556
vt 0.062500 0.555556
vt 0.031250 0.500000
vt 0.062500 0.500000
vt 0.062500 0.611111
vt 0.062500 0.555556
vt 0.062500 0.611111
vt 0.031250 0.611111
vt 0.062500 0.611111
vt 0.031250 0.555556
vt 0.062500 0.666667
vt 0.062500 0.611111
vt 0.062500 0.666667
vt 0.062500 0.666667
vt 0.031250 0.666667
vt 0.031250 0.611111
vt 0.062500 0.722222
vt 0.062500 0.666667
vt 0.062500 0.722222
vt 0.031250 0.722222
vt 0.062500 0.722222
vt 0.031250 0.666667
vt 0.062500 0.777778
vt 0.062500 0.722222
vt 0.062500 0.777778
vt 0.031250 0.777778
vt 0.062500 0.777778
vt 0.031250 0.722222
vt 0.062500 0.833333
vt 0.062500 0.777778
vt 0.062500 0.833333
vt 0.031250 0.833333
vt 0.062500 0.833333
vt 0.031250 0.777778
vt 0.062500 0.888889
vt 0.062500 0.833333
vt 0.062500 0.888889
vt 0.031250 0.888889
vt 0.062500 0.888889
vt 0.031250 0.833333
vt 0.062500 0.944444
vt 0.062500 0.888889
vt 0.031250 0.944444
vt 0.031250 0.888889
vt 0.093750 0.555556
vt 0.093750 0.500000
vt 0.093750 0.500000
vt 0.093750 0.555556
vt 0.062500 0.555556
vt 0.093750 0.555556
vt 0.062500 0.500000
vt 0.093750 0.500000
vt 0.093750 0.611111
vt 0.093750 0.555556
vt 0.093750 0.611111
vt 0.062500 0.611111
vt 0.093750 0.611111
vt 0.062500 0.555556
vt 0.093750 0.666667
vt 0.093750 0.611111
vt 0.093750 0.666667
vt 0.093750 0.666667
vt 0.062500 0.666667
vt 0.062500 0.611111
vt 0.093750 0.722222
vt 0.093750 0.666667
vt 0.093750 0.722222
vt 0.062500 0.722222
vt 0.093750 0.722222
vt 0.062500 0.666667
vt 0.093750 0.777778
vt 0.093750 0.722222
vt 0.093750 0.777778
vt 0.062500 0.777778
vt 0.093750 0.777778
vt 0.062500 0.722222
vt 0.093750 0.777778
vt 0.093750 0.833333
vt 0.093750 0.833333
vt 0.093750 0.833333
vt 0.062500 0.833333
vt 0.062500 0.777778
vt 0.093750 0.888889
vt 0.093750 0.833333
vt 0.093750 0.888889
vt 0.093750 0.888889
vt 0.062500 0.888889
vt 0.062500 0.833333
vt 0.093750 0.944444
vt 0.093750 0.888889
vt 0.062500 0.944444
vt 0.062500 0.888889
vt 0.125000 0.555556
vt 0.125000 0.500000
vt 0.125000 0.500000
vt 0.125000 0.555556
vt 0.093750 0.555556
vt 0.125000 0.555556
vt 0.093750 0.500000
vt 0.125000 0.500000
vt 0.125000 0.611111
vt 0.125000 0.555556
vt 0.125000 0.611111
vt 0.093750 0.611111
vt 0.125000 0.611111
vt 0.093750 0.555556
vt 0.125000 0.666667
vt 0.125000 0.611111
vt 0.125000 0.666667
vt 0.093750 0.666667
vt 0.125000 0.666667
vt 0.093750 0.611111
vt 0.125000 0.722222
vt 0.125000 0.666667
vt 0.125000 0.722222
vt 0.093750 0.722222
vt 0.125000 0.722222
vt 0.093750 0.666667
vt 0.125000 0.777778
vt 0.125000 0.722222
vt 0.125000 0.777778
vt 0.093750 0.777778
vt 0.125000 0.777778
vt 0.093750 0.722222
vt 0.125000 0.833333
vt 0.125000 0.777778
vt 0.125000 0.833333
vt 0.093750 0.833333
vt 0.125000 0.833333
vt 0.093750 0.777778
vt 0.125000 0.888889
vt 0.125000 0.833333
vt 0.125000 0.888889
vt 0.093750 0.888889
vt 0.125000 0.888889
vt 0.093750 0.833333
vt 0.125000 0.944444
vt 0.125000 0.888889
vt 0.093750 0.944444
vt 0.093750 0.888889
vt 0.156250 0.555556
vt 0.156250 0.500000
vt 0.156250 0.500000
vt 0.156250 0.555556
vt 0.156250 0.555556
vt 0.125000 0.555556
vt 0.125000 0.500000
vt 0.156250 0.500000
vt 0.156250 0.611111
vt 0.156250 0.555556
vt 0.156250 0.611111
vt 0.156250 0.611111
vt 0.125000 0.611111
vt 0.125000 0.555556
vt 0.156250 0.666667
vt 0.156250 0.611111
vt 0.156250 0.666667
vt 0.156250 0.666667
vt 0.125000 0.666667
vt 0.125000 0.611111
vt 0.156250 0.722222
vt 0.156250 0.666667
vt 0.156250 0.722222
vt 0.125000 0.722222
vt 0.156250 0.722222
vt 0.125000 0.666667
vt 0.156250 0.777778
vt 0.156250 0.722222
vt 0.156250 0.777778
vt 0.156250 0.777778
vt 0.125000 0.777778
vt 0.125000 0.722222
vt 0.156250 0.833333
vt 0.156250 0.777778
vt 0.156250 0.833333
vt 0.125000 0.833333
vt 0.156250 0.833333
vt 0.125000 0.777778
vt 0.156250 0.888889
vt 0.156250 0.833333
vt 0.156250 0.888889
vt 0.125000 0.888889
vt 0.156250 0.888889
vt 0.125000 0.833333
vt 0.156250 0.944444
vt 0.156250 0.888889
vt 0.125000 0.944444
vt 0.125000 0.888889
vt 0.187500 0.555556
vt 0.187500 0.500000
vt 0.187500 0.500000
vt 0.187500 0.555556
vt 0.187500 0.555556
vt 0.156250 0.555556
vt 0.156250 0.500000
vt 0.187500 0.500000
vt 0.187500 0.611111
vt 0.187500 0.555556
vt 0.187500 0.611111
vt 0.156250 0.611111
vt 0.187500 0.611111
vt 0.156250 0.555556
vt 0.187500 0.666667
vt 0.187500 0.611111
vt 0.187500 0.666667
vt 0.156250 0.666667
vt 0.187500 0.666667
vt 0.156250 0.611111
vt 0.187500 0.722222
vt 0.187500 0.666667
vt 0.187500 0.722222
vt 0.156250 0.722222
vt 0.187500 0.722222
vt 0.156250 0.666667
vt 0.187500 0.777778
vt 0.187500 0.722222
vt 0.187500 0.777778
vt 0.156250 0.777778
vt 0.187500 0.777778
vt 0.156250 0.722222
vt 0.187500 0.833333
vt 0.187500 0.777778
vt 0.187500 0.833333
vt 0.156250 0.833333
vt 0.187500 0.833333
vt 0.156250 0.777778
vt 0.187500 0.888889
vt 0.187500 0.833333
vt 0.187500 0.888889
vt 0.156250 0.888889
vt 0.187500 0.888889
vt 0.156250 0.833333
vt 0.187500 0.944444
vt 0.187500 0.888889
vt 0.156250 0.944444
vt 0.156250 0.888889
vt 0.218750 0.555556
vt 0.218750 0.500000
vt 0.218750 0.500000
vt 0.218750 0.555556
vt 0.187500 0.555556
vt 0.218750 0.555556
vt 0.187500 0.500000
vt 0.218750 0.500000
vt 0.218750 0.611111
vt 0.218750 0.555556
vt 0.218750 0.611111
vt 0.218750 0.611111
vt 0.187500 0.611111
vt 0.187500 0.555556
vt 0.218750 0.666667
vt 0.218750 0.611111
vt 0.218750 0.666667
vt 0.218750 0.666667
vt 0.187500 0.666667
vt 0.187500 0.611111
vt 0.218750 0.722222
vt 0.218750 0.666667
vt 0.218750 0.722222
vt 0.187500 0.722222
vt 0.218750 0.722222
vt 0.187500 0.666667
vt 0.218750 0.777778
vt 0.218750 0.722222
vt 0.218750 0.777778
vt 0.187500 0.777778
vt 0.218750 0.777778
vt 0.187500 0.722222
vt 0.218750 0.833333
vt 0.218750 0.777778
vt 0.218750 0.833333
vt 0.187500 0.833333
vt 0.218750 0.833333
vt 0.187500 0.777778
vt 0.218750 0.888889
vt 0.218750 0.833333
vt 0.218750 0.888889
vt 0.187500 0.888889
vt 0.218750 0.888889
vt 0.187500 0.833333
vt 0.218750 0.944444
vt 0.218750 0.888889
vt 0.187500 0.944444
vt 0.187500 0.888889
vt 0.218750 0.555556
vt 0.218750 0.500000
vt 0.218750 0.555556
vt 0.218750 0.611111
vt 0.218750 0.611111
vt 0.218750 0.666667
vt 0.218750 0.666667
vt 0.218750 0.722222
vt 0.218750 0.722222
vt 0.218750 0.777778
vt 0.218750 0.777778
vt 0.218750 0.833333
vt 0.218750 0.833333
vt 0.218750 0.888889
vt 0.218750 0.888889
vt 0.218750 0.944444
vt 0.781250 0.555556
vt 0.781250 0.500000
vt 0.781250 0.500000
vt 0.781250 0.555556
vt 0.781250 0.611111
vt 0.781250 0.555556
vt 0.781250 0.555556
vt 0.781250 0.611111
vt 0.781250 0.666667
vt 0.781250 0.611111
vt 0.781250 0.611111
vt 0.781250 0.666667
vt 0.781250 0.722222
vt 0.781250 0.666667
vt 0.781250 0.666667
vt 0.781250 0.722222
vt 0.781250 0.777778
vt 0.781250 0.722222
vt 0.781250 0.722222
vt 0.781250 0.777778
vt 0.781250 0.833333
vt 0.781250 0.777778
vt 0.781250 0.777778
vt 0.781250 0.833333
vt 0.781250 0.888889
vt 0.781250 0.833333
vt 0.781250 0.833333
vt 0.781250 0.888889
vt 0.781250 0.944444
vt 0.781250 0.888889
vt 0.781250 0.888889
vt 0.812500 0.555556
vt 0.812500 0.500000
vt 0.812500 0.500000
vt 0.812500 0.555556
vt 0.812500 0.555556
vt 0.781250 0.555556
vt 0.781250 0.500000
vt 0.781250 0.500000
vt 0.812500 0.500000
vt 0.812500 0.611111
vt 0.812500 0.555556
vt 0.812500 0.611111
vt 0.812500 0.611111
vt 0.781250 0.611111
vt 0.781250 0.555556
vt 0.812500 0.666667
vt 0.812500 0.611111
vt 0.812500 0.666667
vt 0.812500 0.666667
vt 0.781250 0.666667
vt 0.781250 0.611111
vt 0.812500 0.722222
vt 0.812500 0.666667
vt 0.812500 0.722222
vt 0.781250 0.722222
vt 0.812500 0.722222
vt 0.781250 0.666667
vt 0.812500 0.777778
vt 0.812500 0.722222
vt 0.812500 0.777778
vt 0.781250 0.777778
vt 0.812500 0.777778
vt 0.781250 0.722222
vt 0.812500 0.777778
vt 0.812500 0.833333
vt 0.812500 0.833333
vt 0.812500 0.833333
vt 0.781250 0.833333
vt 0.781250 0.777778
vt 0.812500 0.888889
vt 0.812500 0.833333
vt 0.812500 0.888889
vt 0.781250 0.888889
vt 0.812500 0.888889
vt 0.781250 0.833333
vt 0.812500 0.944444
vt 0.812500 0.888889
vt 0.781250 0.944444
vt 0.781250 0.888889
vt 0.843750 0.555556
vt 0.843750 0.500000
vt 0.843750 0.500000
vt 0.843750 0.555556
vt 0.812500 0.555556
vt 0.843750 0.555556
vt 0.812500 0.500000
vt 0.843750 0.500000
vt 0.843750 0.611111
vt 0.843750 0.555556
vt 0.843750 0.611111
vt 0.843750 0.611111
vt 0.812500 0.611111
vt 0.812500 0.555556
vt 0.843750 0.666667
vt 0.843750 0.611111
vt 0.843750 0.666667
vt 0.843750 0.666667
vt 0.812500 0.666667
vt 0.812500 0.611111
vt 0.843750 0.722222
vt 0.843750 0.666667
vt 0.843750 0.722222
vt 0.843750 0.722222
vt 0.812500 0.722222
vt 0.812500 0.666667
vt 0.843750 0.777778
vt 0.843750 0.722222
vt 0.843750 0.777778
vt 0.843750 0.777778
vt 0.812500 0.777778
vt 0.812500 0.722222
vt 0.843750 0.777778
vt 0.843750 0.833333
vt 0.843750 0.833333
vt 0.843750 0.833333
vt 0.812500 0.833333
vt 0.812500 0.777778
vt 0.843750 0.888889
vt 0.843750 0.833333
vt 0.843750 0.888889
vt 0.843750 0.888889
vt 0.812500 0.888889
vt 0.812500 0.833333
vt 0.843750 0.944444
vt 0.843750 0.888889
vt 0.812500 0.944444
vt 0.812500 0.888889
vt 0.875000 0.555556
vt 0.875000 0.500000
vt 0.875000 0.500000
vt 0.875000 0.555556
vt 0.843750 0.555556
vt 0.875000 0.555556
vt 0.843750 0.500000
vt 0.875000 0.500000
vt 0.875000 0.611111
vt 0.875000 0.555556
vt 0.875000 0.611111
vt 0.843750 0.611111
vt 0.875000 0.611111
vt 0.843750 0.555556
vt 0.875000 0.666667
vt 0.875000 0.611111
vt 0.875000 0.666667
vt 0.843750 0.666667
vt 0.875000 0.666667
vt 0.843750 0.611111
vt 0.875000 0.722222
vt 0.875000 0.666667
vt 0.875000 0.722222
vt 0.843750 0.722222
vt 0.875000 0.722222
vt 0.843750 0.666667
vt 0.875000 0.777778
vt 0.875000 0.722222
vt 0.875000 0.777778
vt 0.843750 0.777778
vt 0.875000 0.777778
vt 0.843750 0.722222
vt 0.875000 0.833333
vt 0.875000 0.777778
vt 0.875000 0.833333
vt 0.843750 0.833333
vt 0.875000 0.833333
vt 0.843750 0.777778
vt 0.875000 0.888889
vt 0.875000 0.833333
vt 0.875000 0.888889
vt 0.843750 0.888889
vt 0.875000 0.888889
vt 0.843750 0.833333
vt 0.875000 0.944444
vt 0.875000 0.888889
vt 0.843750 0.944444
vt 0.843750 0.888889
vt 0.906250 0.555556
vt 0.906250 0.500000
vt 0.906250 0.500000
vt 0.906250 0.555556
vt 0.875000 0.555556
vt 0.906250 0.555556
vt 0.875000 0.500000
vt 0.906250 0.500000
vt 0.906250 0.611111
vt 0.906250 0.555556
vt 0.906250 0.611111
vt 0.875000 0.611111
vt 0.906250 0.611111
vt 0.875000 0.555556
vt 0.906250 0.666667
vt 0.906250 0.611111
vt 0.906250 0.666667
vt 0.875000 0.666667
vt 0.906250 0.666667
vt 0.875000 0.611111
vt 0.906250 0.722222
vt 0.906250 0.666667
vt 0.906250 0.722222
vt 0.906250 0.722222
vt 0.875000 0.722222
vt 0.875000 0.666667
vt 0.906250 0.777778
vt 0.906250 0.722222
vt 0.906250 0.777778
vt 0.906250 0.777778
vt 0.875000 0.777778
vt 0.875000 0.722222
vt 0.906250 0.833333
vt 0.906250 0.777778
vt 0.906250 0.833333
vt 0.875000 0.833333
vt 0.906250 0.833333
vt 0.875000 0.777778
vt 0.906250 0.888889
vt 0.906250 0.833333
vt 0.906250 0.888889
vt 0.875000 0.888889
vt 0.906250 0.888889
vt 0.875000 0.833333
vt 0.906250 0.944444
vt 0.906250 0.888889
vt 0.875000 0.944444
vt 0.875000 0.888889
vt 0.937500 0.555556
vt 0.937500 0.500000
vt 0.937500 0.500000
vt 0.937500 0.555556
vt 0.937500 0.555556
vt 0.906250 0.555556
vt 0.906250 0.500000
vt 0.937500 0.500000
vt 0.937500 0.611111
vt 0.937500 0.555556
vt 0.937500 0.611111
vt 0.937500 0.611111
vt 0.906250 0.611111
vt 0.906250 0.555556
vt 0.937500 0.666667
vt 0.937500 0.611111
vt 0.937500 0.666667
vt 0.937500 0.666667
vt 0.906250 0.666667
vt 0.906250 0.611111
vt 0.937500 0.722222
vt 0.937500 0.666667
vt 0.937500 0.722222
vt 0.906250 0.722222
vt 0.937500 0.722222
vt 0.906250 0.666667
vt 0.937500 0.777778
vt 0.937500 0.722222
vt 0.937500 0.777778
vt 0.906250 0.777778
vt 0.937500 0.777778
vt 0.906250 0.722222
vt 0.937500 0.833333
vt 0.937500 0.777778
vt 0.937500 0.833333
vt 0.937500 0.833333
vt 0.906250 0.833333
vt 0.906250 0.777778
vt 0.937500 0.888889
vt 0.937500 0.833333
vt 0.937500 0.888889
vt 0.937500 0.888889
vt 0.906250 0.888889
vt 0.906250 0.833333
vt 0.937500 0.944444
vt 0.937500 0.888889
vt 0.906250 0.944444
vt 0.906250 0.888889
vt 0.968750 0.555556
vt 0.968750 0.500000
vt 0.968750 0.500000
vt 0.968750 0.555556
vt 0.937500 0.555556
vt 0.968750 0.555556
vt 0.937500 0.500000
vt 0.968750 0.500000
vt 0.968750 0.611111
vt 0.968750 0.555556
vt 0.968750 0.611111
vt 0.937500 0.611111
vt 0.968750 0.611111
vt 0.937500 0.555556
vt 0.968750 0.666667
vt 0.968750 0.611111
vt 0.968750 0.666667
vt 0.937500 0.666667
vt 0.968750 0.666667
vt 0.937500 0.611111
vt 0.968750 0.722222
vt 0.968750 0.666667
vt 0.968750 0.722222
vt 0.937500 0.722222
vt 0.968750 0.722222
vt 0.937500 0.666667
vt 0.968750 0.777778
vt 0.968750 0.722222
vt 0.968750 0.777778
vt 0.937500 0.777778
vt 0.968750 0.777778
vt 0.937500 0.722222
vt 0.968750 0.777778
vt 0.968750 0.833333
vt 0.968750 0.833333
vt 0.968750 0.833333
vt 0.937500 0.833333
vt 0.937500 0.777778
vt 0.968750 0.888889
vt 0.968750 0.833333
vt 0.968750 0.888889
vt 0.937500 0.888889
vt 0.968750 0.888889
vt 0.937500 0.833333
vt 0.968750 0.944444
vt 0.968750 0.888889
vt 0.937500 0.944444
vt 0.937500 0.888889
vt 1.000000 0.555556
vt 1.000000 0.500000
vt 1.000000 0.500000
vt 1.000000 0.555556
vt 0.968750 0.555556
vt 1.000000 0.555556
vt 0.968750 0.500000
vt 1.000000 0.500000
vt 1.000000 0.611111
vt 1.000000 0.555556
vt 1.000000 0.611111
vt 1.000000 0.611111
vt 0.968750 0.611111
vt 0.968750 0.555556
vt 1.000000 0.666667
vt 1.000000 0.611111
vt 1.000000 0.666667
vt 1.000000 0.666667
vt 0.968750 0.666667
vt 0.968750 0.611111
vt 1.000000 0.722222
vt 1.000000 0.666667
vt 1.000000 0.722222
vt 0.968750 0.722222
vt 1.000000 0.722222
vt 0.968750 0.666667
vt 1.000000 0.777778
vt 1.000000 0.722222
vt 1.000000 0.777778
vt 0.968750 0.777778
vt 1.000000 0.777778
vt 0.968750 0.722222
vt 1.000000 0.833333
vt 1.000000 0.777778
vt 1.000000 0.833333
vt 1.000000 0.833333
vt 0.968750 0.833333
vt 0.968750 0.777778
vt 1.000000 0.888889
vt 1.000000 0.833333
vt 1.000000 0.888889
vt 1.000000 0.888889
vt 0.968750 0.888889
vt 0.968750 0.833333
vt 1.000000 0.944444
vt 1.000000 0.888889
vt 0.968750 0.944444
vt 0.968750 0.888889
vt 0.014612 0.296822
vt 0.485388 0.296822
vt 0.514612 0.296822
vn -0.6663 0.0094 -0.7456
vn -0.6476 0.0091 0.7619
vn 0.0390 -0.9174 -0.3961
vn -0.0901 -0.3948 0.9143
vn 0.6894 0.0000 -0.7244
vn 0.5957 0.0000 0.8032
vn 0.0695 0.7054 -0.7054
vn -0.0695 0.7054 0.7054
vn -0.5080 0.0094 -0.8613
vn -0.7838 0.0091 0.6209
vn 0.1155 -0.9174 -0.3809
vn -0.2667 -0.3948 0.8792
vn 0.8175 0.0000 -0.5760
vn 0.4275 0.0000 0.9040
vn 0.2058 0.7054 -0.6783
vn -0.2058 0.7054 0.6783
vn -0.3303 0.0094 -0.9438
vn -0.8899 0.0090 0.4561
vn 0.1876 -0.9174 -0.3510
vn -0.4331 -0.3948 0.8103
vn 0.9141 0.0000 -0.4055
vn 0.2430 0.0000 0.9700
vn 0.3341 0.7054 -0.6251
vn -0.3341 0.7054 0.6251
vn -0.1398 0.0094 -0.9901
vn -0.9618 0.0090 0.2737
vn 0.2525 -0.9174 -0.3077
vn -0.5829 -0.3948 0.7102
vn 0.9757 0.0000 -0.2193
vn 0.0491 0.0000 0.9988
vn 0.4497 0.7054 -0.5479
vn -0.4497 0.7054 0.5479
vn 0.0561 0.0094 -0.9984
vn -0.9967 0.0091 0.0808
vn 0.3077 -0.9174 -0.2525
vn -0.7102 -0.3948 0.5829
vn 0.9997 0.0000 -0.0248
vn -0.1467 0.0000 0.9892
vn 0.5479 0.7054 -0.4497
vn -0.5479 0.7054 0.4497
vn 0.2498 0.0094 -0.9683
vn -0.9933 0.0091 -0.1152
vn 0.3510 -0.9174 -0.1876
vn -0.8103 -0.3948 0.4331
vn 0.9853 0.0000 0.1707
vn -0.3369 0.0000 0.9415
vn 0.6251 0.7054 -0.3341
vn -0.6251 0.7054 0.3341
vn 0.4339 0.0094 -0.9009
vn -0.9517 0.0091 -0.3068
vn 0.3809 -0.9174 -0.1155
vn -0.8792 -0.3948 0.2667
vn 0.9331 0.0000 0.3597
vn -0.5141 0.0000 0.8577
vn 0.6783 0.7054 -0.2058
vn -0.6783 0.7054 0.2058
vn 0.6013 0.0094 -0.7990
vn -0.8736 0.0090 -0.4865
vn -0.7244 0.0000 -0.6894
vn 0.8032 0.0000 -0.5957
vn -0.8613 0.0094 0.5080
vn 0.6209 0.0091 0.7838
vn -0.3809 -0.9174 -0.1155
vn 0.8792 -0.3948 0.2667
vn -0.5760 0.0000 -0.8175
vn 0.9040 0.0000 -0.4276
vn -0.6783 0.7054 -0.2058
vn 0.6783 0.7054 0.2058
vn -0.9438 0.0094 0.3303
vn 0.4561 0.0090 0.8899
vn -0.3510 -0.9174 -0.1876
vn 0.8103 -0.3948 0.4331
vn -0.4055 0.0000 -0.9141
vn 0.9700 0.0000 -0.2430
vn -0.6251 0.7054 -0.3341
vn 0.6251 0.7054 0.3341
vn -0.9901 0.0094 0.1398
vn 0.2737 0.0090 0.9618
vn -0.3077 -0.9174 -0.2525
vn 0.7102 -0.3948 0.5829
vn -0.2193 0.0000 -0.9757
vn 0.9988 0.0000 -0.0491
vn -0.5479 0.7054 -0.4497
vn 0.5479 0.7054 0.4497
vn -0.9984 0.0094 -0.0561
vn 0.0808 0.0091 0.9967
vn -0.2525 -0.9174 -0.3077
vn 0.5829 -0.3948 0.7102
vn -0.0248 0.0000 -0.9997
vn 0.9892 0.0000 0.1467
vn -0.4497 0.7054 -0.5479
vn 0.4497 0.7054 0.5479
vn -0.9683 0.0094 -0.2498
vn -0.1152 0.0091 0.9933
vn -0.1876 -0.9174 -0.3510
vn 0.4331 -0.3948 0.8103
vn 0.1707 0.0000 -0.9853
vn 0.9415 0.0000 0.3369
vn -0.3341 0.7054 -0.6251
vn 0.3341 0.7054 0.6251
vn 0.0909 -0.3730 -0.9234
vn 0.0362 0.9292 -0.3677
vn -0.0909 -0.3729 -0.9234
vn -0.0362 0.9292 -0.3677
vn -0.2693 -0.3729 -0.8879
vn -0.1073 0.9292 -0.3536
vn -0.4374 -0.3729 -0.8183
vn -0.1742 0.9292 -0.3259
vn -0.5886 -0.3729 -0.7172
vn -0.2344 0.9292 -0.2856
vn -0.7172 -0.3730 -0.5886
vn -0.2856 0.9292 -0.2344
vn -0.8183 -0.3730 -0.4374
vn -0.3259 0.9292 -0.1742
vn -0.8879 -0.3730 -0.2693
vn -0.3536 0.9292 -0.1073
vn 0.8879 -0.3730 -0.2693
vn 0.3536 0.9292 -0.1073
vn 0.8183 -0.3729 -0.4374
vn 0.3259 0.9292 -0.1742
vn 0.7172 -0.3730 -0.5886
vn 0.2856 0.9292 -0.2344
vn 0.5886 -0.3730 -0.7172
vn 0.2344 0.9292 -0.2856
vn 0.4374 -0.3730 -0.8183
vn 0.1742 0.9292 -0.3259
vn 0.2693 -0.3729 -0.8879
vn 0.1073 0.9292 -0.3536
vn -0.9009 0.0094 -0.4339
vn -0.3068 0.0091 0.9517
vn -0.1155 -0.9174 -0.3809
vn 0.2667 -0.3948 0.8792
vn 0.3597 0.0000 -0.9331
vn 0.8577 0.0000 0.5141
vn -0.2058 0.7054 -0.6783
vn 0.2058 0.7054 0.6783
vn -0.7990 0.0094 -0.6013
vn -0.4865 0.0091 0.8736
vn -0.0390 -0.9174 -0.3961
vn 0.0901 -0.3948 0.9143
vn 0.5348 0.0000 -0.8450
vn 0.7409 0.0000 0.6716
vn -0.0695 0.7054 -0.7054
vn 0.0695 0.7054 0.7054
vn 0.0909 0.3730 -0.9234
vn 0.0362 -0.9292 -0.3677
vn 0.2693 0.3729 -0.8879
vn 0.1073 -0.9292 -0.3536
vn 0.4374 0.3729 -0.8183
vn 0.1742 -0.9292 -0.3259
vn 0.5886 0.3730 -0.7172
vn 0.2344 -0.9292 -0.2856
vn 0.7172 0.3730 -0.5886
vn 0.2856 -0.9292 -0.2344
vn 0.8183 0.3730 -0.4374
vn 0.3259 -0.9292 -0.1742
vn 0.8879 0.3729 -0.2693
vn 0.3536 -0.9292 -0.1073
vn -0.8879 0.3730 -0.2693
vn -0.3536 -0.9292 -0.1073
vn -0.8183 0.3729 -0.4374
vn -0.3259 -0.9292 -0.1742
vn -0.7172 0.3730 -0.5886
vn -0.2856 -0.9292 -0.2344
vn -0.5886 0.3730 -0.7172
vn -0.2344 -0.9292 -0.2856
vn -0.4374 0.3729 -0.8183
vn -0.1742 -0.9292 -0.3259
vn -0.2693 0.3729 -0.8879
vn -0.1073 -0.9292 -0.3536
vn -0.0909 0.3730 -0.9234
vn -0.0362 -0.9292 -0.3677
vn -0.6894 0.0000 -0.7244
vn -0.5957 0.0000 0.8032
vn -0.0695 -0.7054 -0.7054
vn 0.0695 -0.7054 0.7054
vn 0.6663 -0.0094 -0.7456
vn 0.6476 -0.0091 0.7619
vn -0.0390 0.9174 -0.3961
vn 0.0901 0.3948 0.9143
vn -0.8032 0.0000 -0.5957
vn 0.6716 0.0000 -0.7410
vn 0.6716 0.0000 -0.7409
vn -0.8175 0.0000 -0.5760
vn -0.4276 0.0000 0.9040
vn -0.2058 -0.7054 -0.6783
vn 0.2058 -0.7054 0.6783
vn 0.5080 -0.0094 -0.8613
vn 0.7838 -0.0091 0.6209
vn -0.1155 0.9174 -0.3809
vn 0.2667 0.3948 0.8792
vn -0.9040 0.0000 -0.4276
vn 0.5141 0.0000 -0.8577
vn -0.9141 0.0000 -0.4054
vn -0.2430 0.0000 0.9700
vn -0.3341 -0.7054 -0.6251
vn 0.3341 -0.7054 0.6251
vn 0.3303 -0.0094 -0.9438
vn 0.8899 -0.0091 0.4561
vn -0.1876 0.9174 -0.3510
vn 0.4331 0.3948 0.8103
vn -0.9700 0.0000 -0.2430
vn 0.3369 0.0000 -0.9415
vn -0.9757 0.0000 -0.2193
vn -0.0491 0.0000 0.9988
vn -0.4497 -0.7054 -0.5479
vn 0.4497 -0.7054 0.5479
vn 0.1398 -0.0094 -0.9901
vn 0.9618 -0.0091 0.2737
vn -0.2525 0.9174 -0.3077
vn 0.5829 0.3948 0.7102
vn -0.9988 0.0000 -0.0491
vn 0.1467 0.0000 -0.9892
vn -0.9997 0.0000 -0.0248
vn 0.1467 0.0000 0.9892
vn -0.5479 -0.7054 -0.4497
vn 0.5479 -0.7054 0.4497
vn -0.0561 -0.0094 -0.9984
vn 0.9967 -0.0091 0.0808
vn -0.3077 0.9174 -0.2525
vn 0.7102 0.3948 0.5829
vn -0.9892 0.0000 0.1467
vn -0.0491 0.0000 -0.9988
vn -0.9853 0.0000 0.1707
vn 0.3369 0.0000 0.9415
vn -0.6251 -0.7054 -0.3341
vn 0.6251 -0.7054 0.3341
vn -0.2498 -0.0094 -0.9683
vn 0.9933 -0.0090 -0.1152
vn -0.3510 0.9174 -0.1876
vn 0.8103 0.3948 0.4331
vn -0.9415 0.0000 0.3369
vn -0.2430 0.0000 -0.9700
vn -0.9331 0.0000 0.3597
vn 0.5141 0.0000 0.8577
vn -0.6783 -0.7054 -0.2058
vn 0.6783 -0.7054 0.2058
vn -0.4339 -0.0094 -0.9009
vn 0.9517 -0.0091 -0.3068
vn -0.3809 0.9174 -0.1155
vn 0.8792 0.3948 0.2667
vn -0.8577 0.0000 0.5141
vn -0.4276 0.0000 -0.9040
vn -0.6013 -0.0094 -0.7990
vn 0.8736 -0.0090 -0.4865
vn -0.5957 0.0000 -0.8032
vn 0.7244 0.0000 -0.6894
vn 0.5957 0.0000 -0.8032
vn 0.5760 0.0000 -0.8175
vn 0.6783 -0.7054 -0.2058
vn -0.6783 -0.7054 0.2058
vn 0.8613 -0.0094 0.5080
vn -0.6209 -0.0091 0.7838
vn 0.3809 0.9174 -0.1155
vn -0.8792 0.3948 0.2667
vn 0.4276 0.0000 -0.9040
vn 0.4055 0.0000 -0.9141
vn 0.6251 -0.7054 -0.3341
vn -0.6251 -0.7054 0.3341
vn 0.9438 -0.0094 0.3303
vn -0.4561 -0.0091 0.8899
vn 0.3510 0.9174 -0.1876
vn -0.8103 0.3948 0.4331
vn 0.2430 0.0000 -0.9700
vn 0.2193 0.0000 -0.9757
vn 0.5479 -0.7054 -0.4497
vn -0.5479 -0.7054 0.4497
vn 0.9901 -0.0094 0.1398
vn -0.2737 -0.0091 0.9618
vn 0.3077 0.9174 -0.2525
vn -0.7102 0.3948 0.5829
vn 0.0491 0.0000 -0.9988
vn 0.0248 0.0000 -0.9997
vn 0.4497 -0.7054 -0.5479
vn -0.4497 -0.7054 0.5479
vn 0.9984 -0.0094 -0.0561
vn -0.0808 -0.0091 0.9967
vn 0.2525 0.9174 -0.3077
vn -0.5829 0.3948 0.7102
vn -0.1467 0.0000 -0.9892
vn -0.1707 0.0000 -0.9853
vn 0.3341 -0.7054 -0.6251
vn -0.3341 -0.7054 0.6251
vn 0.9683 -0.0094 -0.2498
vn 0.1152 -0.0091 0.9933
vn 0.1876 0.9174 -0.3510
vn -0.4331 0.3948 0.8103
vn -0.3369 0.0000 -0.9415
vn -0.3597 0.0000 -0.9331
vn 0.2058 -0.7054 -0.6783
vn -0.2058 -0.7054 0.6783
vn 0.9009 -0.0094 -0.4339
vn 0.3068 -0.0090 0.9517
vn 0.1155 0.9174 -0.3809
vn -0.2667 0.3948 0.8792
vn -0.5141 0.0000 -0.8577
vn 0.4276 0.0000 0.9040
vn -0.5348 0.0000 -0.8450
vn -0.7409 0.0000 0.6716
vn 0.0695 -0.7054 -0.7054
vn -0.0695 -0.7054 0.7054
vn 0.7990 -0.0094 -0.6013
vn 0.4865 -0.0091 0.8736
vn 0.0390 0.9174 -0.3961
vn -0.0901 0.3948 0.9143
vn -0.6716 0.0000 -0.7409
vn -0.7410 0.0000 0.6716
vn -0.6716 0.0000 -0.7410
vn 0.7990 0.0094 -0.6013
vn 0.4865 0.0091 0.8736
vn 0.9009 0.0094 -0.4339
vn 0.3068 0.0090 0.9517
vn 0.9683 0.0094 -0.2498
vn 0.1152 0.0091 0.9933
vn 0.9984 0.0094 -0.0561
vn -0.0808 0.0091 0.9967
vn 0.9901 0.0094 0.1398
vn -0.2737 0.0091 0.9618
vn 0.9438 0.0094 0.3303
vn -0.4561 0.0091 0.8899
vn 0.8613 0.0094 0.5080
vn -0.6209 0.0091 0.7838
vn -0.6013 0.0094 -0.7990
vn 0.8736 0.0090 -0.4865
vn -0.4339 0.0094 -0.9009
vn 0.9517 0.0091 -0.3068
vn -0.2498 0.0094 -0.9683
vn 0.9933 0.0090 -0.1152
vn -0.0561 0.0094 -0.9984
vn 0.9967 0.0091 0.0808
vn 0.1398 0.0094 -0.9901
vn 0.9618 0.0091 0.2737
vn 0.3303 0.0094 -0.9438
vn 0.8899 0.0091 0.4561
vn -0.0909 -0.3730 -0.9234
vn -0.5886 -0.3729 -0.7173
vn -0.8183 -0.3729 -0.4374
vn 0.8879 -0.3729 -0.2693
vn 0.8183 -0.3730 -0.4374
vn 0.4374 -0.3729 -0.8183
vn 0.2693 -0.3730 -0.8879
vn 0.5080 0.0094 -0.8613
vn 0.7838 0.0091 0.6209
vn 0.6663 0.0094 -0.7456
vn 0.6476 0.0091 0.7619
vn 0.4374 0.3730 -0.8183
vn 0.8183 0.3729 -0.4374
vn 0.8879 0.3730 -0.2693
vn -0.8183 0.3730 -0.4374
vn -0.5886 0.3729 -0.7172
vn -0.7990 -0.0094 -0.6013
vn -0.4865 -0.0091 0.8736
vn 0.7410 0.0000 0.6716
vn -0.9009 -0.0094 -0.4339
vn -0.3068 -0.0091 0.9517
vn -0.4275 0.0000 0.9040
vn -0.9683 -0.0094 -0.2498
vn -0.1152 -0.0091 0.9933
vn -0.9984 -0.0094 -0.0561
vn 0.0808 -0.0091 0.9967
vn -0.9901 -0.0094 0.1398
vn 0.2737 -0.0090 0.9618
vn -0.9438 -0.0094 0.3303
vn 0.4561 -0.0090 0.8899
vn -0.8613 -0.0094 0.5080
vn 0.6209 -0.0091 0.7838
vn 0.9040 0.0000 -0.4275
vn 0.6013 -0.0094 -0.7990
vn -0.8736 -0.0090 -0.4865
vn 0.4339 -0.0094 -0.9009
vn -0.9517 -0.0091 -0.3068
vn -0.9040 0.0000 -0.4275
vn 0.4275 0.0000 -0.9040
vn 0.2498 -0.0094 -0.9683
vn -0.9933 -0.0091 -0.1152
vn 0.0561 -0.0094 -0.9984
vn -0.9967 -0.0091 0.0808
vn -0.1398 -0.0094 -0.9901
vn -0.9618 -0.0090 0.2737
vn -0.3303 -0.0094 -0.9438
vn -0.8899 -0.0090 0.4561
vn -0.5080 -0.0094 -0.8613
vn -0.7838 -0.0091 0.6209
vn -0.6663 -0.0094 -0.7456
vn -0.6476 -0.0091 0.7619
usemtl None
s off
f 1619/1734/744 1321/1735/744 1393/1736/744
f 1620/1737/745 1394/1738/745 1322/1739/745
f 1620/1737/746 1325/1740/746 1321/1735/746
f 1620/1737/747 1326/1741/747 1621/1742/747
f 1622/1743/748 1325/1740/748 1621/1742/748
f 1621/1742/749 1396/1744/749 1622/1743/749
f 1619/1734/750 1395/1745/750 1622/1743/750
f 1619/1734/751 1396/1744/751 1394/1738/751
f 1623/1746/752 1325/1740/752 1395/1745/752
f 1624/1747/753 1396/1744/753 1326/1741/753
f 1624/1747/754 1329/1748/754 1325/1740/754
f 1624/1747/755 1330/1749/755 1625/1750/755
f 1626/1751/756 1329/1748/756 1625/1750/756
f 1625/1750/757 1412/1752/757 1626/1751/757
f 1626/1751/758 1395/1745/758 1411/1753/758
f 1626/1751/759 1396/1744/759 1623/1746/759
f 1627/1754/760 1329/1748/760 1411/1753/760
f 1628/1755/761 1412/1752/761 1330/1749/761
f 1629/1756/762 1329/1748/762 1628/1755/762
f 1629/1756/763 1330/1749/763 1334/1757/763
f 1630/1758/764 1333/1759/764 1629/1756/764
f 1629/1756/765 1428/1760/765 1630/1758/765
f 1627/1754/766 1427/1761/766 1630/1758/766
f 1630/1758/767 1412/1752/767 1627/1754/767
f 1631/1762/768 1333/1759/768 1427/1761/768
f 1632/1763/769 1428/1760/769 1334/1757/769
f 1633/1764/770 1333/1759/770 1632/1763/770
f 1632/1763/771 1338/1765/771 1633/1764/771
f 1634/1766/772 1337/1767/772 1633/1764/772
f 1633/1764/773 1444/1768/773 1634/1766/773
f 1631/1762/774 1443/1769/774 1634/1766/774
f 1634/1766/775 1428/1760/775 1631/1762/775
f 1635/1770/776 1337/1767/776 1443/1769/776
f 1636/1771/777 1444/1768/777 1338/1765/777
f 1637/1772/778 1337/1767/778 1636/1771/778
f 1636/1771/779 1342/1773/779 1637/1772/779
f 1638/1774/780 1341/1775/780 1637/1772/780
f 1637/1772/781 1460/1776/781 1638/1774/781
f 1635/1770/782 1459/1777/782 1638/1774/782
f 1638/1774/783 1444/1768/783 1635/1770/783
f 1639/1778/784 1341/1775/784 1459/1777/784
f 1640/1779/785 1460/1776/785 1342/1773/785
f 1641/1780/786 1341/1775/786 1640/1779/786
f 1640/1779/787 1346/1781/787 1641/1780/787
f 1642/1782/788 1345/1783/788 1641/1780/788
f 1641/1780/789 1476/1784/789 1642/1782/789
f 1639/1778/790 1475/1785/790 1642/1782/790
f 1639/1778/791 1476/1784/791 1460/1776/791
f 1643/1786/792 1345/1783/792 1475/1785/792
f 1644/1787/793 1476/1784/793 1346/1781/793
f 1645/1788/794 1345/1783/794 1644/1787/794
f 1645/1788/795 1346/1781/795 1350/1789/795
f 1646/1790/796 1349/1791/796 1645/1788/796
f 1645/1788/797 1492/1792/797 1646/1790/797
f 1643/1786/798 1491/1793/798 1646/1790/798
f 1643/1786/799 1492/1792/799 1476/1784/799
f 1647/1794/800 1349/1791/800 1491/1793/800
f 1648/1795/801 1492/1792/801 1350/1789/801
f 1650/1796/802 1353/1797/802 1649/1798/802
f 1649/1798/803 1508/1799/803 1650/1796/803
f 1651/1800/804 1353/1797/804 1507/1801/804
f 1652/1802/805 1508/1799/805 1354/1803/805
f 1653/1804/806 1353/1797/806 1652/1802/806
f 1653/1804/807 1354/1803/807 1358/1805/807
f 1654/1806/808 1357/1807/808 1653/1804/808
f 1653/1804/809 1524/1808/809 1654/1806/809
f 1651/1800/810 1523/1809/810 1654/1806/810
f 1654/1806/811 1508/1799/811 1651/1800/811
f 1655/1810/812 1357/1807/812 1523/1809/812
f 1656/1811/813 1524/1808/813 1358/1805/813
f 1656/1811/814 1361/1812/814 1357/1807/814
f 1656/1811/815 1362/1813/815 1657/1814/815
f 1658/1815/816 1361/1812/816 1657/1814/816
f 1657/1814/817 1540/1816/817 1658/1815/817
f 1655/1810/818 1539/1817/818 1658/1815/818
f 1655/1810/819 1540/1816/819 1524/1808/819
f 1659/1818/820 1361/1812/820 1539/1817/820
f 1660/1819/821 1540/1816/821 1362/1813/821
f 1661/1820/822 1361/1812/822 1660/1819/822
f 1661/1820/823 1362/1813/823 1366/1821/823
f 1662/1822/824 1365/1823/824 1661/1820/824
f 1661/1820/825 1556/1824/825 1662/1822/825
f 1659/1818/826 1555/1825/826 1662/1822/826
f 1662/1822/827 1540/1816/827 1659/1818/827
f 1663/1826/828 1365/1823/828 1555/1825/828
f 1664/1827/829 1556/1824/829 1366/1821/829
f 1665/1828/830 1365/1823/830 1664/1827/830
f 1664/1827/831 1370/1829/831 1665/1828/831
f 1666/1830/832 1369/1831/832 1665/1828/832
f 1665/1828/833 1572/1832/833 1666/1830/833
f 1663/1826/834 1571/1833/834 1666/1830/834
f 1666/1830/835 1556/1824/835 1663/1826/835
f 1667/1834/836 1369/1831/836 1571/1833/836
f 1668/1835/837 1572/1832/837 1370/1829/837
f 1669/1836/838 1369/1831/838 1668/1835/838
f 1669/1836/839 1370/1829/839 1374/1837/839
f 1670/1838/840 1373/1839/840 1669/1836/840
f 1669/1836/841 1588/1840/841 1670/1838/841
f 1667/1834/842 1587/1841/842 1670/1838/842
f 1670/1838/843 1572/1832/843 1667/1834/843
f 1671/1842/844 1321/1843/844 1325/1844/844
f 1671/1842/845 1322/1845/845 1672/1846/845
f 1673/1847/846 1321/1843/846 1672/1846/846
f 1672/1846/847 1378/1848/847 1673/1847/847
f 1674/1849/848 1377/1850/848 1673/1847/848
f 1673/1847/849 1374/1851/849 1674/1849/849
f 1675/1852/850 1373/1853/850 1674/1849/850
f 1675/1852/851 1374/1851/851 1370/1854/851
f 1676/1855/852 1369/1856/852 1675/1852/852
f 1676/1855/853 1370/1854/853 1366/1857/853
f 1676/1855/854 1361/1858/854 1365/1859/854
f 1676/1855/855 1362/1860/855 1677/1861/855
f 1678/1862/856 1361/1858/856 1677/1861/856
f 1677/1861/857 1358/1863/857 1678/1862/857
f 1679/1864/858 1357/1865/858 1678/1862/858
f 1678/1862/859 1354/1866/859 1679/1864/859
f 1681/1867/860 1349/1868/860 1680/1869/860
f 1680/1869/861 1346/1870/861 1681/1867/861
f 1682/1871/862 1345/1872/862 1681/1867/862
f 1682/1871/863 1346/1870/863 1342/1873/863
f 1683/1874/864 1341/1875/864 1682/1871/864
f 1683/1874/865 1342/1873/865 1338/1876/865
f 1684/1877/866 1337/1878/866 1683/1874/866
f 1683/1874/867 1334/1879/867 1684/1877/867
f 1685/1880/868 1333/1881/868 1684/1877/868
f 1684/1877/869 1330/1882/869 1685/1880/869
f 1671/1842/870 1329/1883/870 1685/1880/870
f 1685/1880/871 1326/1884/871 1671/1842/871
f 1686/1885/872 1373/1839/872 1587/1841/872
f 1687/1886/873 1588/1840/873 1374/1837/873
f 1688/1887/874 1373/1839/874 1687/1886/874
f 1687/1886/875 1378/1888/875 1688/1887/875
f 1689/1889/876 1377/1890/876 1688/1887/876
f 1688/1887/877 1604/1891/877 1689/1889/877
f 1689/1889/878 1587/1841/878 1603/1892/878
f 1686/1885/879 1604/1891/879 1588/1840/879
f 1690/1893/880 1377/1890/880 1603/1892/880
f 1691/1894/881 1604/1891/881 1378/1888/881
f 1692/1895/882 1377/1890/882 1691/1894/882
f 1691/1894/883 1322/1896/883 1692/1895/883
f 1693/1897/884 1321/1898/884 1692/1895/884
f 1692/1895/885 1394/1899/885 1693/1897/885
f 1690/1893/886 1393/1900/886 1693/1897/886
f 1690/1893/887 1394/1899/887 1604/1891/887
f 1695/1901/888 1319/1902/888 1694/1903/888
f 1694/1903/889 1324/1904/889 1695/1901/889
f 1696/1905/890 1323/1906/890 1695/1901/890
f 1695/1901/891 1328/1907/891 1696/1905/891
f 1697/1908/892 1327/1909/892 1696/1905/892
f 1696/1905/893 1332/1910/893 1697/1908/893
f 1698/1911/894 1331/1912/894 1697/1908/894
f 1698/1911/895 1332/1910/895 1336/1913/895
f 1699/1914/896 1335/1915/896 1698/1911/896
f 1698/1911/897 1340/1916/897 1699/1914/897
f 1699/1914/898 1343/1917/898 1339/1918/898
f 1699/1914/899 1344/1919/899 1700/1920/899
f 1700/1920/900 1347/1921/900 1343/1917/900
f 1700/1920/901 1348/1922/901 1701/1923/901
f 1703/1924/902 1351/1925/902 1702/1926/902
f 1702/1926/903 1356/1927/903 1703/1924/903
f 1704/1928/904 1355/1929/904 1703/1924/904
f 1704/1928/905 1356/1927/905 1360/1930/905
f 1705/1931/906 1359/1932/906 1704/1928/906
f 1704/1928/907 1364/1933/907 1705/1931/907
f 1706/1934/908 1363/1935/908 1705/1931/908
f 1705/1931/909 1368/1936/909 1706/1934/909
f 1707/1937/910 1367/1938/910 1706/1934/910
f 1706/1934/911 1372/1939/911 1707/1937/911
f 1708/1940/912 1371/1941/912 1707/1937/912
f 1707/1937/913 1376/1942/913 1708/1940/913
f 1694/1903/914 1375/1943/914 1708/1940/914
f 1708/1940/915 1320/1944/915 1694/1903/915
f 1710/1945/916 1375/1946/916 1709/1947/916
f 1709/1947/917 1618/1948/917 1710/1945/917
f 1711/1949/918 1617/1950/918 1710/1945/918
f 1710/1945/919 1380/1951/919 1711/1949/919
f 1711/1949/920 1319/1952/920 1379/1953/920
f 1712/1954/921 1380/1951/921 1320/1955/921
f 1712/1954/922 1375/1946/922 1319/1952/922
f 1712/1954/923 1376/1956/923 1709/1947/923
f 1714/1957/924 1617/1950/924 1713/1958/924
f 1713/1958/917 1616/1959/917 1714/1957/917
f 1715/1960/918 1615/1961/918 1714/1957/918
f 1714/1957/919 1382/1962/919 1715/1960/919
f 1716/1963/925 1381/1964/925 1715/1960/925
f 1715/1960/885 1380/1951/885 1716/1963/885
f 1716/1963/886 1617/1950/886 1379/1953/886
f 1713/1958/887 1380/1951/887 1618/1948/887
f 1718/1965/924 1615/1961/924 1717/1966/924
f 1717/1966/917 1614/1967/917 1718/1965/917
f 1719/1968/918 1613/1969/918 1718/1965/918
f 1718/1965/919 1384/1970/919 1719/1968/919
f 1720/1971/926 1383/1972/926 1719/1968/926
f 1719/1968/885 1382/1962/885 1720/1971/885
f 1720/1971/886 1615/1961/886 1381/1964/886
f 1720/1971/887 1616/1959/887 1717/1966/887
f 1722/1973/924 1613/1969/924 1721/1974/924
f 1721/1974/917 1612/1975/917 1722/1973/917
f 1722/1973/918 1385/1976/918 1611/1977/918
f 1723/1978/919 1612/1975/919 1386/1979/919
f 1724/1980/926 1385/1976/926 1723/1978/926
f 1723/1978/885 1384/1970/885 1724/1980/885
f 1724/1980/886 1613/1969/886 1383/1972/886
f 1721/1974/887 1384/1970/887 1614/1967/887
f 1726/1981/924 1611/1977/924 1725/1982/924
f 1725/1982/917 1610/1983/917 1726/1981/917
f 1727/1984/918 1609/1985/918 1726/1981/918
f 1727/1984/919 1610/1983/919 1388/1986/919
f 1728/1987/926 1387/1988/926 1727/1984/926
f 1727/1984/885 1386/1979/885 1728/1987/885
f 1725/1982/886 1385/1976/886 1728/1987/886
f 1728/1987/887 1612/1975/887 1725/1982/887
f 1729/1989/924 1607/1990/924 1609/1985/924
f 1729/1989/917 1608/1991/917 1730/1992/917
f 1731/1993/918 1607/1990/918 1730/1992/918
f 1730/1992/919 1390/1994/919 1731/1993/919
f 1732/1995/926 1389/1996/926 1731/1993/926
f 1731/1993/885 1388/1986/885 1732/1995/885
f 1729/1989/886 1387/1988/886 1732/1995/886
f 1732/1995/887 1610/1983/887 1729/1989/887
f 1734/1997/924 1607/1990/924 1733/1998/924
f 1733/1998/917 1606/1999/917 1734/1997/917
f 1735/2000/918 1605/2001/918 1734/1997/918
f 1734/1997/919 1392/2002/919 1735/2000/919
f 1736/2003/926 1391/2004/926 1735/2000/926
f 1735/2000/885 1390/1994/885 1736/2003/885
f 1733/1998/886 1389/1996/886 1736/2003/886
f 1733/1998/887 1390/1994/887 1608/1991/887
f 1738/2005/924 1605/2001/924 1737/2006/924
f 1737/2006/917 1604/1891/917 1738/2005/917
f 1739/2007/918 1603/1892/918 1738/2005/918
f 1738/2005/919 1394/1899/919 1739/2007/919
f 1740/2008/926 1393/1900/926 1739/2007/926
f 1739/2007/885 1392/2002/885 1740/2008/885
f 1740/2008/886 1605/2001/886 1391/2004/886
f 1737/2006/887 1392/2002/887 1606/1999/887
f 1742/2009/927 1371/2010/927 1741/2011/927
f 1741/2011/928 1602/2012/928 1742/2009/928
f 1743/2013/929 1601/2014/929 1742/2009/929
f 1742/2009/930 1618/1948/930 1743/2013/930
f 1743/2013/931 1375/1946/931 1617/1950/931
f 1744/2015/932 1618/1948/932 1376/1956/932
f 1744/2015/933 1371/2010/933 1375/1946/933
f 1744/2015/934 1372/2016/934 1741/2011/934
f 1746/2017/935 1601/2014/935 1745/2018/935
f 1745/2018/928 1600/2019/928 1746/2017/928
f 1747/2020/929 1599/2021/929 1746/2017/929
f 1746/2017/930 1616/1959/930 1747/2020/930
f 1748/2022/936 1615/1961/936 1747/2020/936
f 1747/2020/877 1618/1948/877 1748/2022/877
f 1748/2022/878 1601/2014/878 1617/1950/878
f 1745/2018/879 1618/1948/879 1602/2012/879
f 1750/2023/935 1599/2021/935 1749/2024/935
f 1749/2024/928 1598/2025/928 1750/2023/928
f 1750/2023/929 1613/1969/929 1597/2026/929
f 1750/2023/930 1614/1967/930 1751/2027/930
f 1752/2028/936 1613/1969/936 1751/2027/936
f 1751/2027/877 1616/1959/877 1752/2028/877
f 1752/2028/878 1599/2021/878 1615/1961/878
f 1749/2024/879 1616/1959/879 1600/2019/879
f 1754/2029/935 1597/2026/935 1753/2030/935
f 1753/2030/928 1596/2031/928 1754/2029/928
f 1755/2032/929 1595/2033/929 1754/2029/929
f 1754/2029/930 1612/1975/930 1755/2032/930
f 1756/2034/936 1611/1977/936 1755/2032/936
f 1755/2032/877 1614/1967/877 1756/2034/877
f 1756/2034/878 1597/2026/878 1613/1969/878
f 1753/2030/879 1614/1967/879 1598/2025/879
f 1758/2035/935 1595/2033/935 1757/2036/935
f 1757/2036/928 1594/2037/928 1758/2035/928
f 1759/2038/929 1593/2039/929 1758/2035/929
f 1758/2035/930 1610/1983/930 1759/2038/930
f 1760/2040/936 1609/1985/936 1759/2038/936
f 1759/2038/877 1612/1975/877 1760/2040/877
f 1760/2040/878 1595/2033/878 1611/1977/878
f 1757/2036/879 1612/1975/879 1596/2031/879
f 1762/2041/935 1593/2039/935 1761/2042/935
f 1761/2042/928 1592/2043/928 1762/2041/928
f 1763/2044/929 1591/2045/929 1762/2041/929
f 1762/2041/930 1608/1991/930 1763/2044/930
f 1764/2046/936 1607/1990/936 1763/2044/936
f 1764/2046/877 1608/1991/877 1610/1983/877
f 1764/2046/878 1593/2039/878 1609/1985/878
f 1761/2042/879 1610/1983/879 1594/2037/879
f 1766/2047/935 1591/2045/935 1765/2048/935
f 1765/2048/928 1590/2049/928 1766/2047/928
f 1767/2050/929 1589/2051/929 1766/2047/929
f 1766/2047/930 1606/1999/930 1767/2050/930
f 1768/2052/936 1605/2001/936 1767/2050/936
f 1767/2050/877 1608/1991/877 1768/2052/877
f 1765/2048/878 1607/1990/878 1768/2052/878
f 1765/2048/879 1608/1991/879 1592/2043/879
f 1770/2053/935 1589/2051/935 1769/2054/935
f 1769/2054/928 1588/1840/928 1770/2053/928
f 1771/2055/929 1587/1841/929 1770/2053/929
f 1770/2053/930 1604/1891/930 1771/2055/930
f 1772/2056/936 1603/1892/936 1771/2055/936
f 1771/2055/877 1606/1999/877 1772/2056/877
f 1769/2054/878 1605/2001/878 1772/2056/878
f 1769/2054/879 1606/1999/879 1590/2049/879
f 1774/2057/937 1367/2058/937 1773/2059/937
f 1773/2059/938 1586/2060/938 1774/2057/938
f 1775/2061/939 1585/2062/939 1774/2057/939
f 1775/2061/940 1586/2060/940 1602/2012/940
f 1775/2061/941 1371/2010/941 1601/2014/941
f 1776/2063/942 1602/2012/942 1372/2016/942
f 1773/2059/943 1371/2010/943 1776/2063/943
f 1776/2063/944 1368/2064/944 1773/2059/944
f 1778/2065/945 1585/2062/945 1777/2066/945
f 1777/2066/938 1584/2067/938 1778/2065/938
f 1779/2068/939 1583/2069/939 1778/2065/939
f 1779/2068/940 1584/2067/940 1600/2019/940
f 1780/2070/946 1599/2021/946 1779/2068/946
f 1779/2068/841 1602/2012/841 1780/2070/841
f 1777/2066/842 1601/2014/842 1780/2070/842
f 1780/2070/843 1586/2060/843 1777/2066/843
f 1782/2071/945 1583/2069/945 1781/2072/945
f 1781/2072/938 1582/2073/938 1782/2071/938
f 1782/2071/939 1597/2026/939 1581/2074/939
f 1783/2075/940 1582/2073/940 1598/2025/940
f 1784/2076/946 1597/2026/946 1783/2075/946
f 1783/2075/841 1600/2019/841 1784/2076/841
f 1781/2072/842 1599/2021/842 1784/2076/842
f 1784/2076/843 1584/2067/843 1781/2072/843
f 1786/2077/945 1581/2074/945 1785/2078/945
f 1786/2077/938 1582/2073/938 1580/2079/938
f 1787/2080/939 1579/2081/939 1786/2077/939
f 1787/2080/940 1580/2079/940 1596/2031/940
f 1787/2080/946 1597/2026/946 1595/2033/946
f 1787/2080/841 1598/2025/841 1788/2082/841
f 1785/2078/842 1597/2026/842 1788/2082/842
f 1788/2082/843 1582/2073/843 1785/2078/843
f 1790/2083/945 1579/2081/945 1789/2084/945
f 1789/2084/938 1578/2085/938 1790/2083/938
f 1791/2086/939 1577/2087/939 1790/2083/939
f 1791/2086/940 1578/2085/940 1594/2037/940
f 1792/2088/946 1593/2039/946 1791/2086/946
f 1791/2086/841 1596/2031/841 1792/2088/841
f 1789/2084/842 1595/2033/842 1792/2088/842
f 1789/2084/843 1596/2031/843 1580/2079/843
f 1793/2089/945 1575/2090/945 1577/2087/945
f 1793/2089/938 1576/2091/938 1794/2092/938
f 1794/2092/939 1591/2045/939 1575/2090/939
f 1795/2093/940 1576/2091/940 1592/2043/940
f 1796/2094/946 1591/2045/946 1795/2093/946
f 1796/2094/841 1592/2043/841 1594/2037/841
f 1793/2089/842 1593/2039/842 1796/2094/842
f 1793/2089/843 1594/2037/843 1578/2085/843
f 1798/2095/945 1575/2090/945 1797/2096/945
f 1797/2096/938 1574/2097/938 1798/2095/938
f 1798/2095/939 1589/2051/939 1573/2098/939
f 1798/2095/940 1590/2049/940 1799/2099/940
f 1800/2100/946 1589/2051/946 1799/2099/946
f 1799/2099/841 1592/2043/841 1800/2100/841
f 1797/2096/842 1591/2045/842 1800/2100/842
f 1800/2100/843 1576/2091/843 1797/2096/843
f 1802/2101/945 1573/2098/945 1801/2102/945
f 1801/2102/938 1572/1832/938 1802/2101/938
f 1802/2101/939 1587/1841/939 1571/1833/939
f 1802/2101/940 1588/1840/940 1803/2103/940
f 1804/2104/946 1587/1841/946 1803/2103/946
f 1803/2103/841 1590/2049/841 1804/2104/841
f 1801/2102/842 1589/2051/842 1804/2104/842
f 1804/2104/843 1574/2097/843 1801/2102/843
f 1806/2105/947 1363/2106/947 1805/2107/947
f 1805/2107/948 1570/2108/948 1806/2105/948
f 1807/2109/949 1569/2110/949 1806/2105/949
f 1807/2109/950 1570/2108/950 1586/2060/950
f 1807/2109/951 1367/2058/951 1585/2062/951
f 1808/2111/952 1586/2060/952 1368/2064/952
f 1805/2107/953 1367/2058/953 1808/2111/953
f 1805/2107/954 1368/2064/954 1364/2112/954
f 1810/2113/955 1569/2110/955 1809/2114/955
f 1809/2114/948 1568/2115/948 1810/2113/948
f 1811/2116/949 1567/2117/949 1810/2113/949
f 1811/2116/950 1568/2115/950 1584/2067/950
f 1812/2118/956 1583/2069/956 1811/2116/956
f 1811/2116/833 1586/2060/833 1812/2118/833
f 1809/2114/834 1585/2062/834 1812/2118/834
f 1812/2118/835 1570/2108/835 1809/2114/835
f 1814/2119/955 1567/2117/955 1813/2120/955
f 1813/2120/948 1566/2121/948 1814/2119/948
f 1815/2122/949 1565/2123/949 1814/2119/949
f 1815/2122/950 1566/2121/950 1582/2073/950
f 1816/2124/956 1581/2074/956 1815/2122/956
f 1815/2122/833 1584/2067/833 1816/2124/833
f 1813/2120/834 1583/2069/834 1816/2124/834
f 1816/2124/835 1568/2115/835 1813/2120/835
f 1818/2125/955 1565/2123/955 1817/2126/955
f 1817/2126/948 1564/2127/948 1818/2125/948
f 1819/2128/949 1563/2129/949 1818/2125/949
f 1818/2125/950 1580/2079/950 1819/2128/950
f 1820/2130/956 1579/2081/956 1819/2128/956
f 1819/2128/833 1582/2073/833 1820/2130/833
f 1820/2130/834 1565/2123/834 1581/2074/834
f 1820/2130/835 1566/2121/835 1817/2126/835
f 1822/2131/955 1563/2129/955 1821/2132/955
f 1821/2132/948 1562/2133/948 1822/2131/948
f 1823/2134/949 1561/2135/949 1822/2131/949
f 1822/2131/950 1578/2085/950 1823/2134/950
f 1824/2136/956 1577/2087/956 1823/2134/956
f 1823/2134/833 1580/2079/833 1824/2136/833
f 1824/2136/834 1563/2129/834 1579/2081/834
f 1824/2136/835 1564/2127/835 1821/2132/835
f 1826/2137/955 1561/2135/955 1825/2138/955
f 1825/2138/948 1560/2139/948 1826/2137/948
f 1827/2140/949 1559/2141/949 1826/2137/949
f 1827/2140/950 1560/2139/950 1576/2091/950
f 1828/2142/956 1575/2090/956 1827/2140/956
f 1827/2140/833 1578/2085/833 1828/2142/833
f 1828/2142/834 1561/2135/834 1577/2087/834
f 1828/2142/835 1562/2133/835 1825/2138/835
f 1830/2143/955 1559/2141/955 1829/2144/955
f 1829/2144/948 1558/2145/948 1830/2143/948
f 1831/2146/949 1557/2147/949 1830/2143/949
f 1830/2143/950 1574/2097/950 1831/2146/950
f 1832/2148/956 1573/2098/956 1831/2146/956
f 1831/2146/833 1576/2091/833 1832/2148/833
f 1829/2144/834 1575/2090/834 1832/2148/834
f 1832/2148/835 1560/2139/835 1829/2144/835
f 1834/2149/955 1557/2147/955 1833/2150/955
f 1833/2150/948 1556/1824/948 1834/2149/948
f 1835/2151/949 1555/1825/949 1834/2149/949
f 1834/2149/950 1572/1832/950 1835/2151/950
f 1836/2152/956 1571/1833/956 1835/2151/956
f 1835/2151/833 1574/2097/833 1836/2152/833
f 1833/2150/834 1573/2098/834 1836/2152/834
f 1836/2152/835 1558/2145/835 1833/2150/835
f 1838/2153/957 1359/2154/957 1837/2155/957
f 1837/2155/958 1554/2156/958 1838/2153/958
f 1838/2153/959 1569/2110/959 1553/2157/959
f 1838/2153/960 1570/2108/960 1839/2158/960
f 1839/2158/961 1363/2106/961 1569/2110/961
f 1840/2159/962 1570/2108/962 1364/2112/962
f 1840/2159/963 1359/2154/963 1363/2106/963
f 1840/2159/964 1360/2160/964 1837/2155/964
f 1842/2161/965 1553/2157/965 1841/2162/965
f 1841/2162/958 1552/2163/958 1842/2161/958
f 1842/2161/959 1567/2117/959 1551/2164/959
f 1842/2161/960 1568/2115/960 1843/2165/960
f 1844/2166/966 1567/2117/966 1843/2165/966
f 1843/2165/825 1570/2108/825 1844/2166/825
f 1841/2162/826 1569/2110/826 1844/2166/826
f 1844/2166/827 1554/2156/827 1841/2162/827
f 1846/2167/965 1551/2164/965 1845/2168/965
f 1845/2168/958 1550/2169/958 1846/2167/958
f 1846/2167/959 1565/2123/959 1549/2170/959
f 1846/2167/960 1566/2121/960 1847/2171/960
f 1848/2172/966 1565/2123/966 1847/2171/966
f 1847/2171/825 1568/2115/825 1848/2172/825
f 1845/2168/826 1567/2117/826 1848/2172/826
f 1848/2172/827 1552/2163/827 1845/2168/827
f 1850/2173/965 1549/2170/965 1849/2174/965
f 1849/2174/958 1548/2175/958 1850/2173/958
f 1851/2176/959 1547/2177/959 1850/2173/959
f 1851/2176/960 1548/2175/960 1564/2127/960
f 1852/2178/966 1563/2129/966 1851/2176/966
f 1851/2176/825 1566/2121/825 1852/2178/825
f 1849/2174/826 1565/2123/826 1852/2178/826
f 1852/2178/827 1550/2169/827 1849/2174/827
f 1854/2179/965 1547/2177/965 1853/2180/965
f 1853/2180/958 1546/2181/958 1854/2179/958
f 1854/2179/959 1561/2135/959 1545/2182/959
f 1855/2183/960 1546/2181/960 1562/2133/960
f 1856/2184/966 1561/2135/966 1855/2183/966
f 1855/2183/825 1564/2127/825 1856/2184/825
f 1853/2180/826 1563/2129/826 1856/2184/826
f 1853/2180/827 1564/2127/827 1548/2175/827
f 1858/2185/965 1545/2182/965 1857/2186/965
f 1857/2186/958 1544/2187/958 1858/2185/958
f 1859/2188/959 1543/2189/959 1858/2185/959
f 1858/2185/960 1560/2139/960 1859/2188/960
f 1860/2190/966 1559/2141/966 1859/2188/966
f 1859/2188/825 1562/2133/825 1860/2190/825
f 1857/2186/826 1561/2135/826 1860/2190/826
f 1860/2190/827 1546/2181/827 1857/2186/827
f 1862/2191/965 1543/2189/965 1861/2192/965
f 1861/2192/958 1542/2193/958 1862/2191/958
f 1863/2194/959 1541/2195/959 1862/2191/959
f 1862/2191/960 1558/2145/960 1863/2194/960
f 1864/2196/966 1557/2147/966 1863/2194/966
f 1863/2194/825 1560/2139/825 1864/2196/825
f 1861/2192/826 1559/2141/826 1864/2196/826
f 1864/2196/827 1544/2187/827 1861/2192/827
f 1866/2197/965 1541/2195/965 1865/2198/965
f 1865/2198/958 1540/1816/958 1866/2197/958
f 1867/2199/959 1539/1817/959 1866/2197/959
f 1866/2197/960 1556/1824/960 1867/2199/960
f 1868/2200/966 1555/1825/966 1867/2199/966
f 1867/2199/825 1558/2145/825 1868/2200/825
f 1865/2198/826 1557/2147/826 1868/2200/826
f 1868/2200/827 1542/2193/827 1865/2198/827
f 1870/2201/967 1355/2202/967 1869/2203/967
f 1869/2203/968 1538/2204/968 1870/2201/968
f 1870/2201/969 1553/2157/969 1537/2205/969
f 1870/2201/970 1554/2156/970 1871/2206/970
f 1871/2206/971 1359/2154/971 1553/2157/971
f 1872/2207/972 1554/2156/972 1360/2160/972
f 1869/2203/973 1359/2154/973 1872/2207/973
f 1872/2207/974 1356/2208/974 1869/2203/974
f 1874/2209/975 1537/2205/975 1873/2210/975
f 1873/2210/968 1536/2211/968 1874/2209/968
f 1875/2212/969 1535/2213/969 1874/2209/969
f 1874/2209/970 1552/2163/970 1875/2212/970
f 1876/2214/976 1551/2164/976 1875/2212/976
f 1875/2212/817 1554/2156/817 1876/2214/817
f 1873/2210/818 1553/2157/818 1876/2214/818
f 1873/2210/819 1554/2156/819 1538/2204/819
f 1878/2215/975 1535/2213/975 1877/2216/975
f 1877/2216/968 1534/2217/968 1878/2215/968
f 1879/2218/969 1533/2219/969 1878/2215/969
f 1878/2215/970 1550/2169/970 1879/2218/970
f 1880/2220/976 1549/2170/976 1879/2218/976
f 1879/2218/817 1552/2163/817 1880/2220/817
f 1877/2216/818 1551/2164/818 1880/2220/818
f 1877/2216/819 1552/2163/819 1536/2211/819
f 1882/2221/975 1533/2219/975 1881/2222/975
f 1881/2222/968 1532/2223/968 1882/2221/968
f 1883/2224/969 1531/2225/969 1882/2221/969
f 1882/2221/970 1548/2175/970 1883/2224/970
f 1884/2226/976 1547/2177/976 1883/2224/976
f 1883/2224/817 1550/2169/817 1884/2226/817
f 1881/2222/818 1549/2170/818 1884/2226/818
f 1881/2222/819 1550/2169/819 1534/2217/819
f 1886/2227/975 1531/2225/975 1885/2228/975
f 1885/2228/968 1530/2229/968 1886/2227/968
f 1887/2230/969 1529/2231/969 1886/2227/969
f 1886/2227/970 1546/2181/970 1887/2230/970
f 1888/2232/976 1545/2182/976 1887/2230/976
f 1887/2230/817 1548/2175/817 1888/2232/817
f 1888/2232/818 1531/2225/818 1547/2177/818
f 1888/2232/819 1532/2223/819 1885/2228/819
f 1890/2233/975 1529/2231/975 1889/2234/975
f 1889/2234/968 1528/2235/968 1890/2233/968
f 1891/2236/969 1527/2237/969 1890/2233/969
f 1890/2233/970 1544/2187/970 1891/2236/970
f 1892/2238/976 1543/2189/976 1891/2236/976
f 1891/2236/817 1546/2181/817 1892/2238/817
f 1892/2238/818 1529/2231/818 1545/2182/818
f 1892/2238/819 1530/2229/819 1889/2234/819
f 1894/2239/975 1527/2237/975 1893/2240/975
f 1893/2240/968 1526/2241/968 1894/2239/968
f 1895/2242/969 1525/2243/969 1894/2239/969
f 1894/2239/970 1542/2193/970 1895/2242/970
f 1896/2244/976 1541/2195/976 1895/2242/976
f 1895/2242/817 1544/2187/817 1896/2244/817
f 1893/2240/818 1543/2189/818 1896/2244/818
f 1893/2240/819 1544/2187/819 1528/2235/819
f 1898/2245/975 1525/2243/975 1897/2246/975
f 1897/2246/968 1524/1808/968 1898/2245/968
f 1899/2247/969 1523/1809/969 1898/2245/969
f 1898/2245/970 1540/1816/970 1899/2247/970
f 1900/2248/976 1539/1817/976 1899/2247/976
f 1899/2247/817 1542/2193/817 1900/2248/817
f 1897/2246/818 1541/2195/818 1900/2248/818
f 1897/2246/819 1542/2193/819 1526/2241/819
f 1902/2249/977 1351/2250/977 1901/2251/977
f 1901/2251/978 1522/2252/978 1902/2249/978
f 1903/2253/979 1521/2254/979 1902/2249/979
f 1902/2249/980 1538/2204/980 1903/2253/980
f 1903/2253/981 1355/2202/981 1537/2205/981
f 1904/2255/982 1538/2204/982 1356/2208/982
f 1901/2251/983 1355/2202/983 1904/2255/983
f 1904/2255/984 1352/2256/984 1901/2251/984
f 1906/2257/985 1521/2254/985 1905/2258/985
f 1905/2258/978 1520/2259/978 1906/2257/978
f 1906/2257/979 1535/2213/979 1519/2260/979
f 1906/2257/980 1536/2211/980 1907/2261/980
f 1908/2262/986 1535/2213/986 1907/2261/986
f 1907/2261/809 1538/2204/809 1908/2262/809
f 1905/2258/810 1537/2205/810 1908/2262/810
f 1908/2262/811 1522/2252/811 1905/2258/811
f 1910/2263/985 1519/2260/985 1909/2264/985
f 1909/2264/978 1518/2265/978 1910/2263/978
f 1910/2263/979 1533/2219/979 1517/2266/979
f 1910/2263/980 1534/2217/980 1911/2267/980
f 1912/2268/986 1533/2219/986 1911/2267/986
f 1911/2267/809 1536/2211/809 1912/2268/809
f 1909/2264/810 1535/2213/810 1912/2268/810
f 1912/2268/811 1520/2259/811 1909/2264/811
f 1914/2269/985 1517/2266/985 1913/2270/985
f 1914/2269/978 1518/2265/978 1516/2271/978
f 1915/2272/979 1515/2273/979 1914/2269/979
f 1915/2272/980 1516/2271/980 1532/2223/980
f 1916/2274/986 1531/2225/986 1915/2272/986
f 1915/2272/809 1534/2217/809 1916/2274/809
f 1913/2270/810 1533/2219/810 1916/2274/810
f 1916/2274/811 1518/2265/811 1913/2270/811
f 1918/2275/985 1515/2273/985 1917/2276/985
f 1917/2276/978 1514/2277/978 1918/2275/978
f 1919/2278/979 1513/2279/979 1918/2275/979
f 1919/2278/980 1514/2277/980 1530/2229/980
f 1920/2280/986 1529/2231/986 1919/2278/986
f 1919/2278/809 1532/2223/809 1920/2280/809
f 1917/2276/810 1531/2225/810 1920/2280/810
f 1920/2280/811 1516/2271/811 1917/2276/811
f 1922/2281/985 1513/2279/985 1921/2282/985
f 1921/2282/978 1512/2283/978 1922/2281/978
f 1923/2284/979 1511/2285/979 1922/2281/979
f 1922/2281/980 1528/2235/980 1923/2284/980
f 1924/2286/986 1527/2237/986 1923/2284/986
f 1923/2284/809 1530/2229/809 1924/2286/809
f 1921/2282/810 1529/2231/810 1924/2286/810
f 1924/2286/811 1514/2277/811 1921/2282/811
f 1926/2287/985 1511/2285/985 1925/2288/985
f 1925/2288/978 1510/2289/978 1926/2287/978
f 1927/2290/979 1509/2291/979 1926/2287/979
f 1926/2287/980 1526/2241/980 1927/2290/980
f 1928/2292/986 1525/2243/986 1927/2290/986
f 1927/2290/809 1528/2235/809 1928/2292/809
f 1925/2288/810 1527/2237/810 1928/2292/810
f 1928/2292/811 1512/2283/811 1925/2288/811
f 1930/2293/985 1509/2291/985 1929/2294/985
f 1929/2294/978 1508/1799/978 1930/2293/978
f 1930/2293/979 1523/1809/979 1507/1801/979
f 1930/2293/980 1524/1808/980 1931/2295/980
f 1932/2296/986 1523/1809/986 1931/2295/986
f 1931/2295/809 1526/2241/809 1932/2296/809
f 1929/2294/810 1525/2243/810 1932/2296/810
f 1932/2296/811 1510/2289/811 1929/2294/811
f 1933/2297/987 1351/2250/987 1521/2254/987
f 1934/2298/988 1522/2252/988 1352/2256/988
f 1936/2299/989 1519/2260/989 1935/2300/989
f 1935/2300/803 1522/2252/803 1936/2299/803
f 1938/2301/989 1517/2266/989 1937/2302/989
f 1937/2302/803 1520/2259/803 1938/2301/803
f 1940/2303/989 1515/2273/989 1939/2304/989
f 1939/2304/803 1518/2265/803 1940/2303/803
f 1942/2305/989 1513/2279/989 1941/2306/989
f 1941/2306/803 1516/2271/803 1942/2305/803
f 1944/2307/989 1511/2285/989 1943/2308/989
f 1943/2308/803 1514/2277/803 1944/2307/803
f 1946/2309/989 1509/2291/989 1945/2310/989
f 1945/2310/803 1512/2283/803 1946/2309/803
f 1948/2311/989 1507/1801/989 1947/2312/989
f 1947/2312/803 1510/2289/803 1948/2311/803
f 1950/2313/990 1347/2314/990 1949/2315/990
f 1949/2315/924 1506/2316/924 1950/2313/924
f 1952/2317/991 1505/2318/991 1951/2319/991
f 1951/2319/924 1504/2320/924 1952/2317/924
f 1954/2321/991 1503/2322/991 1953/2323/991
f 1953/2323/924 1502/2324/924 1954/2321/924
f 1956/2325/991 1501/2326/991 1955/2327/991
f 1955/2327/924 1500/2328/924 1956/2325/924
f 1958/2329/991 1499/2330/991 1957/2331/991
f 1957/2331/924 1498/2332/924 1958/2329/924
f 1960/2333/991 1497/2334/991 1959/2335/991
f 1959/2335/924 1496/2336/924 1960/2333/924
f 1962/2337/991 1495/2338/991 1961/2339/991
f 1961/2339/924 1494/2340/924 1962/2337/924
f 1964/2341/991 1493/2342/991 1963/2343/991
f 1963/2343/924 1492/1792/924 1964/2341/924
f 1966/2344/992 1343/2345/992 1965/2346/992
f 1965/2346/935 1490/2347/935 1966/2344/935
f 1966/2344/993 1505/2318/993 1489/2348/993
f 1966/2344/994 1506/2316/994 1967/2349/994
f 1967/2349/995 1347/2314/995 1505/2318/995
f 1968/2350/996 1506/2316/996 1348/2351/996
f 1965/2346/997 1347/2314/997 1968/2350/997
f 1965/2346/998 1348/2351/998 1344/2352/998
f 1970/2353/999 1489/2348/999 1969/2354/999
f 1969/2354/935 1488/2355/935 1970/2353/935
f 1970/2353/993 1503/2322/993 1487/2356/993
f 1970/2353/994 1504/2320/994 1971/2357/994
f 1972/2358/877 1503/2322/877 1971/2357/877
f 1971/2357/797 1506/2316/797 1972/2358/797
f 1969/2354/798 1505/2318/798 1972/2358/798
f 1972/2358/799 1490/2347/799 1969/2354/799
f 1974/2359/999 1487/2356/999 1973/2360/999
f 1973/2360/935 1486/2361/935 1974/2359/935
f 1974/2359/993 1501/2326/993 1485/2362/993
f 1974/2359/994 1502/2324/994 1975/2363/994
f 1976/2364/877 1501/2326/877 1975/2363/877
f 1975/2363/797 1504/2320/797 1976/2364/797
f 1973/2360/798 1503/2322/798 1976/2364/798
f 1973/2360/799 1504/2320/799 1488/2355/799
f 1978/2365/999 1485/2362/999 1977/2366/999
f 1977/2366/935 1484/2367/935 1978/2365/935
f 1979/2368/993 1483/2369/993 1978/2365/993
f 1979/2368/994 1484/2367/994 1500/2328/994
f 1980/2370/877 1499/2330/877 1979/2368/877
f 1979/2368/797 1502/2324/797 1980/2370/797
f 1977/2366/798 1501/2326/798 1980/2370/798
f 1977/2366/799 1502/2324/799 1486/2361/799
f 1982/2371/999 1483/2369/999 1981/2372/999
f 1981/2372/935 1482/2373/935 1982/2371/935
f 1983/2374/993 1481/2375/993 1982/2371/993
f 1982/2371/994 1498/2332/994 1983/2374/994
f 1984/2376/877 1497/2334/877 1983/2374/877
f 1983/2374/797 1500/2328/797 1984/2376/797
f 1981/2372/798 1499/2330/798 1984/2376/798
f 1984/2376/799 1484/2367/799 1981/2372/799
f 1985/2377/999 1479/2378/999 1481/2375/999
f 1985/2377/935 1480/2379/935 1986/2380/935
f 1987/2381/993 1479/2378/993 1986/2380/993
f 1986/2380/994 1496/2336/994 1987/2381/994
f 1988/2382/877 1495/2338/877 1987/2381/877
f 1987/2381/797 1498/2332/797 1988/2382/797
f 1988/2382/798 1481/2375/798 1497/2334/798
f 1988/2382/799 1482/2373/799 1985/2377/799
f 1990/2383/999 1479/2378/999 1989/2384/999
f 1989/2384/935 1478/2385/935 1990/2383/935
f 1991/2386/993 1477/2387/993 1990/2383/993
f 1990/2383/994 1494/2340/994 1991/2386/994
f 1992/2388/877 1493/2342/877 1991/2386/877
f 1991/2386/797 1496/2336/797 1992/2388/797
f 1989/2384/798 1495/2338/798 1992/2388/798
f 1989/2384/799 1496/2336/799 1480/2379/799
f 1994/2389/999 1477/2387/999 1993/2390/999
f 1993/2390/935 1476/1784/935 1994/2389/935
f 1994/2389/993 1491/1793/993 1475/1785/993
f 1994/2389/994 1492/1792/994 1995/2391/994
f 1996/2392/877 1491/1793/877 1995/2391/877
f 1995/2391/797 1494/2340/797 1996/2392/797
f 1993/2390/798 1493/2342/798 1996/2392/798
f 1993/2390/799 1494/2340/799 1478/2385/799
f 1998/2393/1000 1339/2394/1000 1997/2395/1000
f 1997/2395/945 1474/2396/945 1998/2393/945
f 1999/2397/1001 1473/2398/1001 1998/2393/1001
f 1998/2393/1002 1490/2347/1002 1999/2397/1002
f 1999/2397/1003 1343/2345/1003 1489/2348/1003
f 2000/2399/1004 1490/2347/1004 1344/2352/1004
f 1997/2395/1005 1343/2345/1005 2000/2399/1005
f 2000/2399/1006 1340/2400/1006 1997/2395/1006
f 2002/2401/1007 1473/2398/1007 2001/2402/1007
f 2001/2402/945 1472/2403/945 2002/2401/945
f 2002/2401/1001 1487/2356/1001 1471/2404/1001
f 2002/2401/1002 1488/2355/1002 2003/2405/1002
f 2004/2406/841 1487/2356/841 2003/2405/841
f 2003/2405/789 1490/2347/789 2004/2406/789
f 2001/2402/790 1489/2348/790 2004/2406/790
f 2001/2402/791 1490/2347/791 1474/2396/791
f 2006/2407/1007 1471/2404/1007 2005/2408/1007
f 2005/2408/945 1470/2409/945 2006/2407/945
f 2006/2407/1001 1485/2362/1001 1469/2410/1001
f 2006/2407/1002 1486/2361/1002 2007/2411/1002
f 2008/2412/841 1485/2362/841 2007/2411/841
f 2007/2411/789 1488/2355/789 2008/2412/789
f 2005/2408/790 1487/2356/790 2008/2412/790
f 2005/2408/791 1488/2355/791 1472/2403/791
f 2010/2413/1007 1469/2410/1007 2009/2414/1007
f 2010/2413/945 1470/2409/945 1468/2415/945
f 2010/2413/1001 1483/2369/1001 1467/2416/1001
f 2010/2413/1002 1484/2367/1002 2011/2417/1002
f 2012/2418/841 1483/2369/841 2011/2417/841
f 2011/2417/789 1486/2361/789 2012/2418/789
f 2009/2414/790 1485/2362/790 2012/2418/790
f 2009/2414/791 1486/2361/791 1470/2409/791
f 2014/2419/1007 1467/2416/1007 2013/2420/1007
f 2013/2420/945 1466/2421/945 2014/2419/945
f 2014/2419/1001 1481/2375/1001 1465/2422/1001
f 2014/2419/1002 1482/2373/1002 2015/2423/1002
f 2016/2424/841 1481/2375/841 2015/2423/841
f 2015/2423/789 1484/2367/789 2016/2424/789
f 2013/2420/790 1483/2369/790 2016/2424/790
f 2016/2424/791 1468/2415/791 2013/2420/791
f 2017/2425/1007 1463/2426/1007 1465/2422/1007
f 2017/2425/945 1464/2427/945 2018/2428/945
f 2018/2428/1001 1479/2378/1001 1463/2426/1001
f 2018/2428/1002 1480/2379/1002 2019/2429/1002
f 2020/2430/841 1479/2378/841 2019/2429/841
f 2020/2430/789 1480/2379/789 1482/2373/789
f 2017/2425/790 1481/2375/790 2020/2430/790
f 2020/2430/791 1466/2421/791 2017/2425/791
f 2022/2431/1007 1463/2426/1007 2021/2432/1007
f 2021/2432/945 1462/2433/945 2022/2431/945
f 2022/2431/1001 1477/2387/1001 1461/2434/1001
f 2022/2431/1002 1478/2385/1002 2023/2435/1002
f 2024/2436/841 1477/2387/841 2023/2435/841
f 2023/2435/789 1480/2379/789 2024/2436/789
f 2021/2432/790 1479/2378/790 2024/2436/790
f 2021/2432/791 1480/2379/791 1464/2427/791
f 2026/2437/1007 1461/2434/1007 2025/2438/1007
f 2025/2438/945 1460/1776/945 2026/2437/945
f 2026/2437/1001 1475/1785/1001 1459/1777/1001
f 2026/2437/1002 1476/1784/1002 2027/2439/1002
f 2028/2440/841 1475/1785/841 2027/2439/841
f 2027/2439/789 1478/2385/789 2028/2440/789
f 2025/2438/790 1477/2387/790 2028/2440/790
f 2025/2438/791 1478/2385/791 1462/2433/791
f 2030/2441/1008 1335/2442/1008 2029/2443/1008
f 2029/2443/955 1458/2444/955 2030/2441/955
f 2031/2445/1009 1457/2446/1009 2030/2441/1009
f 2030/2441/1010 1474/2396/1010 2031/2445/1010
f 2031/2445/1011 1339/2394/1011 1473/2398/1011
f 2032/2447/1012 1474/2396/1012 1340/2400/1012
f 2029/2443/1013 1339/2394/1013 2032/2447/1013
f 2032/2447/1014 1336/2448/1014 2029/2443/1014
f 2034/2449/1015 1457/2446/1015 2033/2450/1015
f 2033/2450/955 1456/2451/955 2034/2449/955
f 2035/2452/1009 1455/2453/1009 2034/2449/1009
f 2034/2449/1010 1472/2403/1010 2035/2452/1010
f 2036/2454/833 1471/2404/833 2035/2452/833
f 2035/2452/781 1474/2396/781 2036/2454/781
f 2033/2450/782 1473/2398/782 2036/2454/782
f 2036/2454/783 1458/2444/783 2033/2450/783
f 2038/2455/1015 1455/2453/1015 2037/2456/1015
f 2037/2456/955 1454/2457/955 2038/2455/955
f 2039/2458/1009 1453/2459/1009 2038/2455/1009
f 2038/2455/1010 1470/2409/1010 2039/2458/1010
f 2040/2460/833 1469/2410/833 2039/2458/833
f 2039/2458/781 1472/2403/781 2040/2460/781
f 2037/2456/782 1471/2404/782 2040/2460/782
f 2040/2460/783 1456/2451/783 2037/2456/783
f 2042/2461/1015 1453/2459/1015 2041/2462/1015
f 2041/2462/955 1452/2463/955 2042/2461/955
f 2043/2464/1009 1451/2465/1009 2042/2461/1009
f 2042/2461/1010 1468/2415/1010 2043/2464/1010
f 2044/2466/833 1467/2416/833 2043/2464/833
f 2043/2464/781 1470/2409/781 2044/2466/781
f 2041/2462/782 1469/2410/782 2044/2466/782
f 2044/2466/783 1454/2457/783 2041/2462/783
f 2046/2467/1015 1451/2465/1015 2045/2468/1015
f 2045/2468/955 1450/2469/955 2046/2467/955
f 2047/2470/1009 1449/2471/1009 2046/2467/1009
f 2046/2467/1010 1466/2421/1010 2047/2470/1010
f 2048/2472/833 1465/2422/833 2047/2470/833
f 2047/2470/781 1468/2415/781 2048/2472/781
f 2048/2472/782 1451/2465/782 1467/2416/782
f 2045/2468/783 1468/2415/783 1452/2463/783
f 2050/2473/1015 1449/2471/1015 2049/2474/1015
f 2049/2474/955 1448/2475/955 2050/2473/955
f 2051/2476/1009 1447/2477/1009 2050/2473/1009
f 2050/2473/1010 1464/2427/1010 2051/2476/1010
f 2052/2478/833 1463/2426/833 2051/2476/833
f 2052/2478/781 1464/2427/781 1466/2421/781
f 2052/2478/782 1449/2471/782 1465/2422/782
f 2049/2474/783 1466/2421/783 1450/2469/783
f 2054/2479/1015 1447/2477/1015 2053/2480/1015
f 2053/2480/955 1446/2481/955 2054/2479/955
f 2055/2482/1009 1445/2483/1009 2054/2479/1009
f 2055/2482/1010 1446/2481/1010 1462/2433/1010
f 2056/2484/833 1461/2434/833 2055/2482/833
f 2055/2482/781 1464/2427/781 2056/2484/781
f 2053/2480/782 1463/2426/782 2056/2484/782
f 2056/2484/783 1448/2475/783 2053/2480/783
f 2058/2485/1015 1445/2483/1015 2057/2486/1015
f 2057/2486/955 1444/1768/955 2058/2485/955
f 2059/2487/1009 1443/1769/1009 2058/2485/1009
f 2059/2487/1010 1444/1768/1010 1460/1776/1010
f 2060/2488/833 1459/1777/833 2059/2487/833
f 2059/2487/781 1462/2433/781 2060/2488/781
f 2057/2486/782 1461/2434/782 2060/2488/782
f 2060/2488/783 1446/2481/783 2057/2486/783
f 2062/2489/1016 1331/2490/1016 2061/2491/1016
f 2061/2491/965 1442/2492/965 2062/2489/965
f 2063/2493/1017 1441/2494/1017 2062/2489/1017
f 2062/2489/1018 1458/2444/1018 2063/2493/1018
f 2063/2493/1019 1335/2442/1019 1457/2446/1019
f 2064/2495/1020 1458/2444/1020 1336/2448/1020
f 2061/2491/1021 1335/2442/1021 2064/2495/1021
f 2064/2495/1022 1332/2496/1022 2061/2491/1022
f 2066/2497/1023 1441/2494/1023 2065/2498/1023
f 2065/2498/965 1440/2499/965 2066/2497/965
f 2067/2500/1017 1439/2501/1017 2066/2497/1017
f 2066/2497/1018 1456/2451/1018 2067/2500/1018
f 2068/2502/825 1455/2453/825 2067/2500/825
f 2067/2500/773 1458/2444/773 2068/2502/773
f 2065/2498/774 1457/2446/774 2068/2502/774
f 2065/2498/775 1458/2444/775 1442/2492/775
f 2070/2503/1023 1439/2501/1023 2069/2504/1023
f 2069/2504/965 1438/2505/965 2070/2503/965
f 2071/2506/1017 1437/2507/1017 2070/2503/1017
f 2070/2503/1018 1454/2457/1018 2071/2506/1018
f 2072/2508/825 1453/2459/825 2071/2506/825
f 2071/2506/773 1456/2451/773 2072/2508/773
f 2069/2504/774 1455/2453/774 2072/2508/774
f 2069/2504/775 1456/2451/775 1440/2499/775
f 2074/2509/1023 1437/2507/1023 2073/2510/1023
f 2074/2509/965 1438/2505/965 1436/2511/965
f 2074/2509/1017 1451/2465/1017 1435/2512/1017
f 2075/2513/1018 1436/2511/1018 1452/2463/1018
f 2076/2514/825 1451/2465/825 2075/2513/825
f 2075/2513/773 1454/2457/773 2076/2514/773
f 2073/2510/774 1453/2459/774 2076/2514/774
f 2076/2514/775 1438/2505/775 2073/2510/775
f 2078/2515/1023 1435/2512/1023 2077/2516/1023
f 2077/2516/965 1434/2517/965 2078/2515/965
f 2078/2515/1017 1449/2471/1017 1433/2518/1017
f 2079/2519/1018 1434/2517/1018 1450/2469/1018
f 2080/2520/825 1449/2471/825 2079/2519/825
f 2079/2519/773 1452/2463/773 2080/2520/773
f 2077/2516/774 1451/2465/774 2080/2520/774
f 2080/2520/775 1436/2511/775 2077/2516/775
f 2082/2521/1023 1433/2518/1023 2081/2522/1023
f 2081/2522/965 1432/2523/965 2082/2521/965
f 2083/2524/1017 1431/2525/1017 2082/2521/1017
f 2082/2521/1018 1448/2475/1018 2083/2524/1018
f 2084/2526/825 1447/2477/825 2083/2524/825
f 2083/2524/773 1450/2469/773 2084/2526/773
f 2081/2522/774 1449/2471/774 2084/2526/774
f 2084/2526/775 1434/2517/775 2081/2522/775
f 2086/2527/1023 1431/2525/1023 2085/2528/1023
f 2085/2528/965 1430/2529/965 2086/2527/965
f 2087/2530/1017 1429/2531/1017 2086/2527/1017
f 2086/2527/1018 1446/2481/1018 2087/2530/1018
f 2088/2532/825 1445/2483/825 2087/2530/825
f 2087/2530/773 1448/2475/773 2088/2532/773
f 2085/2528/774 1447/2477/774 2088/2532/774
f 2088/2532/775 1432/2523/775 2085/2528/775
f 2090/2533/1023 1429/2531/1023 2089/2534/1023
f 2089/2534/965 1428/1760/965 2090/2533/965
f 2091/2535/1017 1427/1761/1017 2090/2533/1017
f 2090/2533/1018 1444/1768/1018 2091/2535/1018
f 2092/2536/825 1443/1769/825 2091/2535/825
f 2091/2535/773 1446/2481/773 2092/2536/773
f 2089/2534/774 1445/2483/774 2092/2536/774
f 2092/2536/775 1430/2529/775 2089/2534/775
f 2094/2537/1024 1327/2538/1024 2093/2539/1024
f 2093/2539/975 1426/2540/975 2094/2537/975
f 2094/2537/1025 1441/2494/1025 1425/2541/1025
f 2094/2537/1026 1442/2492/1026 2095/2542/1026
f 2095/2542/1027 1331/2490/1027 1441/2494/1027
f 2096/2543/1028 1442/2492/1028 1332/2496/1028
f 2093/2539/1029 1331/2490/1029 2096/2543/1029
f 2096/2543/1030 1328/2544/1030 2093/2539/1030
f 2098/2545/1031 1425/2541/1031 2097/2546/1031
f 2097/2546/975 1424/2547/975 2098/2545/975
f 2098/2545/1025 1439/2501/1025 1423/2548/1025
f 2098/2545/1026 1440/2499/1026 2099/2549/1026
f 2100/2550/817 1439/2501/817 2099/2549/817
f 2099/2549/765 1442/2492/765 2100/2550/765
f 2100/2550/766 1425/2541/766 1441/2494/766
f 2100/2550/767 1426/2540/767 2097/2546/767
f 2102/2551/1031 1423/2548/1031 2101/2552/1031
f 2101/2552/975 1422/2553/975 2102/2551/975
f 2102/2551/1025 1437/2507/1025 1421/2554/1025
f 2102/2551/1026 1438/2505/1026 2103/2555/1026
f 2104/2556/817 1437/2507/817 2103/2555/817
f 2103/2555/765 1440/2499/765 2104/2556/765
f 2101/2552/766 1439/2501/766 2104/2556/766
f 2104/2556/767 1424/2547/767 2101/2552/767
f 2106/2557/1031 1421/2554/1031 2105/2558/1031
f 2106/2557/975 1422/2553/975 1420/2559/975
f 2107/2560/1025 1419/2561/1025 2106/2557/1025
f 2106/2557/1026 1436/2511/1026 2107/2560/1026
f 2108/2562/817 1435/2512/817 2107/2560/817
f 2107/2560/765 1438/2505/765 2108/2562/765
f 2105/2558/766 1437/2507/766 2108/2562/766
f 2108/2562/767 1422/2553/767 2105/2558/767
f 2110/2563/1031 1419/2561/1031 2109/2564/1031
f 2109/2564/975 1418/2565/975 2110/2563/975
f 2111/2566/1025 1417/2567/1025 2110/2563/1025
f 2110/2563/1026 1434/2517/1026 2111/2566/1026
f 2112/2568/817 1433/2518/817 2111/2566/817
f 2111/2566/765 1436/2511/765 2112/2568/765
f 2112/2568/766 1419/2561/766 1435/2512/766
f 2112/2568/767 1420/2559/767 2109/2564/767
f 2114/2569/1031 1417/2567/1031 2113/2570/1031
f 2113/2570/975 1416/2571/975 2114/2569/975
f 2114/2569/1025 1431/2525/1025 1415/2572/1025
f 2114/2569/1026 1432/2523/1026 2115/2573/1026
f 2116/2574/817 1431/2525/817 2115/2573/817
f 2115/2573/765 1434/2517/765 2116/2574/765
f 2116/2574/766 1417/2567/766 1433/2518/766
f 2116/2574/767 1418/2565/767 2113/2570/767
f 2118/2575/1031 1415/2572/1031 2117/2576/1031
f 2117/2576/975 1414/2577/975 2118/2575/975
f 2118/2575/1025 1429/2531/1025 1413/2578/1025
f 2118/2575/1026 1430/2529/1026 2119/2579/1026
f 2120/2580/817 1429/2531/817 2119/2579/817
f 2119/2579/765 1432/2523/765 2120/2580/765
f 2120/2580/766 1415/2572/766 1431/2525/766
f 2120/2580/767 1416/2571/767 2117/2576/767
f 2122/2581/1031 1413/2578/1031 2121/2582/1031
f 2121/2582/975 1412/1752/975 2122/2581/975
f 2122/2581/1025 1427/1761/1025 1411/1753/1025
f 2122/2581/1026 1428/1760/1026 2123/2583/1026
f 2124/2584/817 1427/1761/817 2123/2583/817
f 2123/2583/765 1430/2529/765 2124/2584/765
f 2124/2584/766 1413/2578/766 1429/2531/766
f 2124/2584/767 1414/2577/767 2121/2582/767
f 2126/2585/1032 1323/2586/1032 2125/2587/1032
f 2125/2587/985 1410/2588/985 2126/2585/985
f 2127/2589/1033 1409/2590/1033 2126/2585/1033
f 2126/2585/1034 1426/2540/1034 2127/2589/1034
f 2127/2589/1035 1327/2538/1035 1425/2541/1035
f 2128/2591/1036 1426/2540/1036 1328/2544/1036
f 2125/2587/1037 1327/2538/1037 2128/2591/1037
f 2128/2591/1038 1324/2592/1038 2125/2587/1038
f 2130/2593/1039 1409/2590/1039 2129/2594/1039
f 2129/2594/985 1408/2595/985 2130/2593/985
f 2131/2596/1033 1407/2597/1033 2130/2593/1033
f 2130/2593/1034 1424/2547/1034 2131/2596/1034
f 2132/2598/809 1423/2548/809 2131/2596/809
f 2131/2596/1040 1426/2540/1040 2132/2598/1040
f 2132/2598/758 1409/2590/758 1425/2541/758
f 2132/2598/759 1410/2588/759 2129/2594/759
f 2134/2599/1039 1407/2597/1039 2133/2600/1039
f 2133/2600/985 1406/2601/985 2134/2599/985
f 2135/2602/1033 1405/2603/1033 2134/2599/1033
f 2134/2599/1034 1422/2553/1034 2135/2602/1034
f 2136/2604/809 1421/2554/809 2135/2602/809
f 2135/2602/757 1424/2547/757 2136/2604/757
f 2136/2604/758 1407/2597/758 1423/2548/758
f 2136/2604/759 1408/2595/759 2133/2600/759
f 2138/2605/1039 1405/2603/1039 2137/2606/1039
f 2138/2605/985 1406/2601/985 1404/2607/985
f 2139/2608/1033 1403/2609/1033 2138/2605/1033
f 2138/2605/1034 1420/2559/1034 2139/2608/1034
f 2140/2610/809 1419/2561/809 2139/2608/809
f 2139/2608/1040 1422/2553/1040 2140/2610/1040
f 2140/2610/758 1405/2603/758 1421/2554/758
f 2140/2610/759 1406/2601/759 2137/2606/759
f 2142/2611/1039 1403/2609/1039 2141/2612/1039
f 2141/2612/985 1402/2613/985 2142/2611/985
f 2143/2614/1033 1401/2615/1033 2142/2611/1033
f 2142/2611/1034 1418/2565/1034 2143/2614/1034
f 2144/2616/809 1417/2567/809 2143/2614/809
f 2143/2614/1040 1420/2559/1040 2144/2616/1040
f 2141/2612/758 1419/2561/758 2144/2616/758
f 2141/2612/759 1420/2559/759 1404/2607/759
f 2145/2617/1039 1399/2618/1039 1401/2615/1039
f 2145/2617/985 1400/2619/985 2146/2620/985
f 2147/2621/1033 1399/2618/1033 2146/2620/1033
f 2146/2620/1034 1416/2571/1034 2147/2621/1034
f 2148/2622/809 1415/2572/809 2147/2621/809
f 2147/2621/1040 1418/2565/1040 2148/2622/1040
f 2145/2617/758 1417/2567/758 2148/2622/758
f 2145/2617/759 1418/2565/759 1402/2613/759
f 2150/2623/1039 1399/2618/1039 2149/2624/1039
f 2149/2624/985 1398/2625/985 2150/2623/985
f 2151/2626/1033 1397/2627/1033 2150/2623/1033
f 2151/2626/1034 1398/2625/1034 1414/2577/1034
f 2152/2628/809 1413/2578/809 2151/2626/809
f 2151/2626/757 1416/2571/757 2152/2628/757
f 2152/2628/758 1399/2618/758 1415/2572/758
f 2152/2628/759 1400/2619/759 2149/2624/759
f 2154/2629/1039 1397/2627/1039 2153/2630/1039
f 2153/2630/985 1396/1744/985 2154/2629/985
f 2155/2631/1033 1395/1745/1033 2154/2629/1033
f 2154/2629/1034 1412/1752/1034 2155/2631/1034
f 2156/2632/809 1411/1753/809 2155/2631/809
f 2155/2631/1040 1414/2577/1040 2156/2632/1040
f 2156/2632/758 1397/2627/758 1413/2578/758
f 2156/2632/759 1398/2625/759 2153/2630/759
f 2158/2633/1041 1319/2634/1041 2157/2635/1041
f 2157/2635/1042 1380/2636/1042 2158/2633/1042
f 2159/2637/1043 1379/2638/1043 2158/2633/1043
f 2159/2637/1044 1380/2636/1044 1410/2588/1044
f 2159/2637/1045 1323/2586/1045 1409/2590/1045
f 2160/2639/1046 1410/2588/1046 1324/2592/1046
f 2157/2635/1047 1323/2586/1047 2160/2639/1047
f 2160/2639/1048 1320/2640/1048 2157/2635/1048
f 2162/2641/1049 1379/2638/1049 2161/2642/1049
f 2161/2642/1042 1382/2643/1042 2162/2641/1042
f 2162/2641/1043 1407/2597/1043 1381/2644/1043
f 2163/2645/1044 1382/2643/1044 1408/2595/1044
f 2164/2646/803 1407/2597/803 2163/2645/803
f 2163/2645/749 1410/2588/749 2164/2646/749
f 2164/2646/750 1379/2638/750 1409/2590/750
f 2161/2642/751 1410/2588/751 1380/2636/751
f 2166/2647/1049 1381/2644/1049 2165/2648/1049
f 2165/2648/1042 1384/2649/1042 2166/2647/1042
f 2166/2647/1043 1405/2603/1043 1383/2650/1043
f 2167/2651/1044 1384/2649/1044 1406/2601/1044
f 2168/2652/803 1405/2603/803 2167/2651/803
f 2167/2651/749 1408/2595/749 2168/2652/749
f 2168/2652/750 1381/2644/750 1407/2597/750
f 2165/2648/751 1408/2595/751 1382/2643/751
f 2170/2653/1049 1383/2650/1049 2169/2654/1049
f 2169/2654/1050 1386/2655/1050 2170/2653/1050
f 2171/2656/1043 1385/2657/1043 2170/2653/1043
f 2170/2653/1044 1404/2607/1044 2171/2656/1044
f 2172/2658/803 1403/2609/803 2171/2656/803
f 2171/2656/749 1406/2601/749 2172/2658/749
f 2172/2658/750 1383/2650/750 1405/2603/750
f 2169/2654/751 1406/2601/751 1384/2649/751
f 2174/2659/1049 1385/2657/1049 2173/2660/1049
f 2173/2660/1050 1388/2661/1050 2174/2659/1050
f 2175/2662/1043 1387/2663/1043 2174/2659/1043
f 2174/2659/1044 1402/2613/1044 2175/2662/1044
f 2176/2664/803 1401/2615/803 2175/2662/803
f 2175/2662/749 1404/2607/749 2176/2664/749
f 2176/2664/750 1385/2657/750 1403/2609/750
f 2176/2664/751 1386/2655/751 2173/2660/751
f 2178/2665/1049 1387/2663/1049 2177/2666/1049
f 2177/2666/1042 1390/2667/1042 2178/2665/1042
f 2178/2665/1043 1399/2618/1043 1389/2668/1043
f 2179/2669/1044 1390/2667/1044 1400/2619/1044
f 2180/2670/803 1399/2618/803 2179/2669/803
f 2179/2669/749 1402/2613/749 2180/2670/749
f 2177/2666/750 1401/2615/750 2180/2670/750
f 2180/2670/751 1388/2661/751 2177/2666/751
f 2182/2671/1049 1389/2668/1049 2181/2672/1049
f 2181/2672/1042 1392/2673/1042 2182/2671/1042
f 2182/2671/1043 1397/2627/1043 1391/2674/1043
f 2183/2675/1044 1392/2673/1044 1398/2625/1044
f 2184/2676/803 1397/2627/803 2183/2675/803
f 2183/2675/749 1400/2619/749 2184/2676/749
f 2181/2672/750 1399/2618/750 2184/2676/750
f 2184/2676/751 1390/2667/751 2181/2672/751
f 2186/2677/1051 1391/2674/1051 2185/2678/1051
f 2185/2678/1042 1394/1738/1042 2186/2677/1042
f 2186/2677/1043 1395/1745/1043 1393/1736/1043
f 2187/2679/1044 1394/1738/1044 1396/1744/1044
f 2188/2680/803 1395/1745/803 2187/2679/803
f 2187/2679/749 1398/2625/749 2188/2680/749
f 2185/2678/750 1397/2627/750 2188/2680/750
f 2185/2678/751 1398/2625/751 1392/2673/751
f 1619/1734/1041 1620/1737/1041 1321/1735/1041
f 1620/1737/1042 1619/1734/1042 1394/1738/1042
f 1620/1737/746 1621/1742/746 1325/1740/746
f 1620/1737/747 1322/1739/747 1326/1741/747
f 1622/1743/1052 1395/1745/1052 1325/1740/1052
f 1621/1742/1053 1326/1741/1053 1396/1744/1053
f 1619/1734/750 1393/1736/750 1395/1745/750
f 1619/1734/751 1622/1743/751 1396/1744/751
f 1623/1746/1032 1624/1747/1032 1325/1740/1032
f 1624/1747/985 1623/1746/985 1396/1744/985
f 1624/1747/754 1625/1750/754 1329/1748/754
f 1624/1747/755 1326/1741/755 1330/1749/755
f 1626/1751/1054 1411/1753/1054 1329/1748/1054
f 1625/1750/1055 1330/1749/1055 1412/1752/1055
f 1626/1751/758 1623/1746/758 1395/1745/758
f 1626/1751/759 1412/1752/759 1396/1744/759
f 1627/1754/1024 1628/1755/1024 1329/1748/1024
f 1628/1755/975 1627/1754/975 1412/1752/975
f 1629/1756/762 1333/1759/762 1329/1748/762
f 1629/1756/763 1628/1755/763 1330/1749/763
f 1630/1758/1056 1427/1761/1056 1333/1759/1056
f 1629/1756/1057 1334/1757/1057 1428/1760/1057
f 1627/1754/766 1411/1753/766 1427/1761/766
f 1630/1758/767 1428/1760/767 1412/1752/767
f 1631/1762/1016 1632/1763/1016 1333/1759/1016
f 1632/1763/965 1631/1762/965 1428/1760/965
f 1633/1764/770 1337/1767/770 1333/1759/770
f 1632/1763/771 1334/1757/771 1338/1765/771
f 1634/1766/1058 1443/1769/1058 1337/1767/1058
f 1633/1764/1059 1338/1765/1059 1444/1768/1059
f 1631/1762/774 1427/1761/774 1443/1769/774
f 1634/1766/775 1444/1768/775 1428/1760/775
f 1635/1770/1008 1636/1771/1008 1337/1767/1008
f 1636/1771/955 1635/1770/955 1444/1768/955
f 1637/1772/778 1341/1775/778 1337/1767/778
f 1636/1771/779 1338/1765/779 1342/1773/779
f 1638/1774/1060 1459/1777/1060 1341/1775/1060
f 1637/1772/1061 1342/1773/1061 1460/1776/1061
f 1635/1770/782 1443/1769/782 1459/1777/782
f 1638/1774/783 1460/1776/783 1444/1768/783
f 1639/1778/1000 1640/1779/1000 1341/1775/1000
f 1640/1779/945 1639/1778/945 1460/1776/945
f 1641/1780/786 1345/1783/786 1341/1775/786
f 1640/1779/787 1342/1773/787 1346/1781/787
f 1642/1782/1062 1475/1785/1062 1345/1783/1062
f 1641/1780/1063 1346/1781/1063 1476/1784/1063
f 1639/1778/790 1459/1777/790 1475/1785/790
f 1639/1778/791 1642/1782/791 1476/1784/791
f 1643/1786/992 1644/1787/992 1345/1783/992
f 1644/1787/935 1643/1786/935 1476/1784/935
f 1645/1788/794 1349/1791/794 1345/1783/794
f 1645/1788/795 1644/1787/795 1346/1781/795
f 1646/1790/1064 1491/1793/1064 1349/1791/1064
f 1645/1788/1065 1350/1789/1065 1492/1792/1065
f 1643/1786/798 1475/1785/798 1491/1793/798
f 1643/1786/799 1646/1790/799 1492/1792/799
f 1647/1794/990 1648/1795/990 1349/1791/990
f 1648/1795/924 1647/1794/924 1492/1792/924
f 1650/1796/1066 1507/1801/1066 1353/1797/1066
f 1649/1798/1067 1354/1803/1067 1508/1799/1067
f 1651/1800/977 1652/1802/977 1353/1797/977
f 1652/1802/978 1651/1800/978 1508/1799/978
f 1653/1804/806 1357/1807/806 1353/1797/806
f 1653/1804/807 1652/1802/807 1354/1803/807
f 1654/1806/1068 1523/1809/1068 1357/1807/1068
f 1653/1804/1069 1358/1805/1069 1524/1808/1069
f 1651/1800/810 1507/1801/810 1523/1809/810
f 1654/1806/811 1524/1808/811 1508/1799/811
f 1655/1810/967 1656/1811/967 1357/1807/967
f 1656/1811/968 1655/1810/968 1524/1808/968
f 1656/1811/814 1657/1814/814 1361/1812/814
f 1656/1811/815 1358/1805/815 1362/1813/815
f 1658/1815/1070 1539/1817/1070 1361/1812/1070
f 1657/1814/1071 1362/1813/1071 1540/1816/1071
f 1655/1810/818 1523/1809/818 1539/1817/818
f 1655/1810/819 1658/1815/819 1540/1816/819
f 1659/1818/957 1660/1819/957 1361/1812/957
f 1660/1819/958 1659/1818/958 1540/1816/958
f 1661/1820/822 1365/1823/822 1361/1812/822
f 1661/1820/823 1660/1819/823 1362/1813/823
f 1662/1822/1072 1555/1825/1072 1365/1823/1072
f 1661/1820/1073 1366/1821/1073 1556/1824/1073
f 1659/1818/826 1539/1817/826 1555/1825/826
f 1662/1822/827 1556/1824/827 1540/1816/827
f 1663/1826/947 1664/1827/947 1365/1823/947
f 1664/1827/948 1663/1826/948 1556/1824/948
f 1665/1828/830 1369/1831/830 1365/1823/830
f 1664/1827/831 1366/1821/831 1370/1829/831
f 1666/1830/1074 1571/1833/1074 1369/1831/1074
f 1665/1828/1075 1370/1829/1075 1572/1832/1075
f 1663/1826/834 1555/1825/834 1571/1833/834
f 1666/1830/835 1572/1832/835 1556/1824/835
f 1667/1834/937 1668/1835/937 1369/1831/937
f 1668/1835/938 1667/1834/938 1572/1832/938
f 1669/1836/838 1373/1839/838 1369/1831/838
f 1669/1836/839 1668/1835/839 1370/1829/839
f 1670/1838/1076 1587/1841/1076 1373/1839/1076
f 1669/1836/1077 1374/1837/1077 1588/1840/1077
f 1667/1834/842 1571/1833/842 1587/1841/842
f 1670/1838/843 1588/1840/843 1572/1832/843
f 1671/1842/844 1672/1846/844 1321/1843/844
f 1671/1842/845 1326/1884/845 1322/1845/845
f 1673/1847/1078 1377/1850/1078 1321/1843/1078
f 1672/1846/847 1322/1845/847 1378/1848/847
f 1674/1849/848 1373/1853/848 1377/1850/848
f 1673/1847/849 1378/1848/849 1374/1851/849
f 1675/1852/850 1369/1856/850 1373/1853/850
f 1675/1852/851 1674/1849/851 1374/1851/851
f 1676/1855/1079 1365/1859/1079 1369/1856/1079
f 1676/1855/853 1675/1852/853 1370/1854/853
f 1676/1855/854 1677/1861/854 1361/1858/854
f 1676/1855/855 1366/1857/855 1362/1860/855
f 1678/1862/1080 1357/1865/1080 1361/1858/1080
f 1677/1861/857 1362/1860/857 1358/1863/857
f 1679/1864/858 1353/2681/858 1357/1865/858
f 1678/1862/859 1358/1863/859 1354/1866/859
f 1681/1867/1081 1345/1872/1081 1349/1868/1081
f 1680/1869/861 1350/2682/861 1346/1870/861
f 1682/1871/1082 1341/1875/1082 1345/1872/1082
f 1682/1871/863 1681/1867/863 1346/1870/863
f 1683/1874/864 1337/1878/864 1341/1875/864
f 1683/1874/865 1682/1871/865 1342/1873/865
f 1684/1877/866 1333/1881/866 1337/1878/866
f 1683/1874/867 1338/1876/867 1334/1879/867
f 1685/1880/1083 1329/1883/1083 1333/1881/1083
f 1684/1877/869 1334/1879/869 1330/1882/869
f 1671/1842/1084 1325/1844/1084 1329/1883/1084
f 1685/1880/871 1330/1882/871 1326/1884/871
f 1686/1885/927 1687/1886/927 1373/1839/927
f 1687/1886/928 1686/1885/928 1588/1840/928
f 1688/1887/874 1377/1890/874 1373/1839/874
f 1687/1886/875 1374/1837/875 1378/1888/875
f 1689/1889/1085 1603/1892/1085 1377/1890/1085
f 1688/1887/1086 1378/1888/1086 1604/1891/1086
f 1689/1889/878 1686/1885/878 1587/1841/878
f 1686/1885/879 1689/1889/879 1604/1891/879
f 1690/1893/916 1691/1894/916 1377/1890/916
f 1691/1894/917 1690/1893/917 1604/1891/917
f 1692/1895/882 1321/1898/882 1377/1890/882
f 1691/1894/883 1378/1888/883 1322/1896/883
f 1693/1897/1087 1393/1900/1087 1321/1898/1087
f 1692/1895/1088 1322/1896/1088 1394/1899/1088
f 1690/1893/886 1603/1892/886 1393/1900/886
f 1690/1893/887 1693/1897/887 1394/1899/887
f 1695/1901/888 1323/1906/888 1319/1902/888
f 1694/1903/889 1320/1944/889 1324/1904/889
f 1696/1905/890 1327/1909/890 1323/1906/890
f 1695/1901/891 1324/1904/891 1328/1907/891
f 1697/1908/1089 1331/1912/1089 1327/1909/1089
f 1696/1905/893 1328/1907/893 1332/1910/893
f 1698/1911/894 1335/1915/894 1331/1912/894
f 1698/1911/895 1697/1908/895 1332/1910/895
f 1699/1914/896 1339/1918/896 1335/1915/896
f 1698/1911/897 1336/1913/897 1340/1916/897
f 1699/1914/1090 1700/1920/1090 1343/1917/1090
f 1699/1914/899 1340/1916/899 1344/1919/899
f 1700/1920/1091 1701/1923/1091 1347/1921/1091
f 1700/1920/901 1344/1919/901 1348/1922/901
f 1703/1924/902 1355/1929/902 1351/1925/902
f 1702/1926/903 1352/2683/903 1356/1927/903
f 1704/1928/1092 1359/1932/1092 1355/1929/1092
f 1704/1928/905 1703/1924/905 1356/1927/905
f 1705/1931/906 1363/1935/906 1359/1932/906
f 1704/1928/907 1360/1930/907 1364/1933/907
f 1706/1934/1093 1367/1938/1093 1363/1935/1093
f 1705/1931/909 1364/1933/909 1368/1936/909
f 1707/1937/910 1371/1941/910 1367/1938/910
f 1706/1934/911 1368/1936/911 1372/1939/911
f 1708/1940/912 1375/1943/912 1371/1941/912
f 1707/1937/913 1372/1939/913 1376/1942/913
f 1694/1903/914 1319/1902/914 1375/1943/914
f 1708/1940/915 1376/1942/915 1320/1944/915
f 1710/1945/1094 1617/1950/1094 1375/1946/1094
f 1709/1947/1095 1376/1956/1095 1618/1948/1095
f 1711/1949/918 1379/1953/918 1617/1950/918
f 1710/1945/919 1618/1948/919 1380/1951/919
f 1711/1949/884 1712/1954/884 1319/1952/884
f 1712/1954/885 1711/1949/885 1380/1951/885
f 1712/1954/922 1709/1947/922 1375/1946/922
f 1712/1954/923 1320/1955/923 1376/1956/923
f 1714/1957/924 1615/1961/924 1617/1950/924
f 1713/1958/917 1618/1948/917 1616/1959/917
f 1715/1960/918 1381/1964/918 1615/1961/918
f 1714/1957/919 1616/1959/919 1382/1962/919
f 1716/1963/925 1379/1953/925 1381/1964/925
f 1715/1960/885 1382/1962/885 1380/1951/885
f 1716/1963/886 1713/1958/886 1617/1950/886
f 1713/1958/887 1716/1963/887 1380/1951/887
f 1718/1965/924 1613/1969/924 1615/1961/924
f 1717/1966/917 1616/1959/917 1614/1967/917
f 1719/1968/918 1383/1972/918 1613/1969/918
f 1718/1965/919 1614/1967/919 1384/1970/919
f 1720/1971/925 1381/1964/925 1383/1972/925
f 1719/1968/1096 1384/1970/1096 1382/1962/1096
f 1720/1971/886 1717/1966/886 1615/1961/886
f 1720/1971/887 1382/1962/887 1616/1959/887
f 1722/1973/924 1611/1977/924 1613/1969/924
f 1721/1974/917 1614/1967/917 1612/1975/917
f 1722/1973/918 1723/1978/918 1385/1976/918
f 1723/1978/919 1722/1973/919 1612/1975/919
f 1724/1980/925 1383/1972/925 1385/1976/925
f 1723/1978/1096 1386/1979/1096 1384/1970/1096
f 1724/1980/886 1721/1974/886 1613/1969/886
f 1721/1974/887 1724/1980/887 1384/1970/887
f 1726/1981/924 1609/1985/924 1611/1977/924
f 1725/1982/917 1612/1975/917 1610/1983/917
f 1727/1984/918 1387/1988/918 1609/1985/918
f 1727/1984/919 1726/1981/919 1610/1983/919
f 1728/1987/925 1385/1976/925 1387/1988/925
f 1727/1984/1096 1388/1986/1096 1386/1979/1096
f 1725/1982/886 1611/1977/886 1385/1976/886
f 1728/1987/887 1386/1979/887 1612/1975/887
f 1729/1989/924 1730/1992/924 1607/1990/924
f 1729/1989/917 1610/1983/917 1608/1991/917
f 1731/1993/918 1389/1996/918 1607/1990/918
f 1730/1992/919 1608/1991/919 1390/1994/919
f 1732/1995/925 1387/1988/925 1389/1996/925
f 1731/1993/1096 1390/1994/1096 1388/1986/1096
f 1729/1989/886 1609/1985/886 1387/1988/886
f 1732/1995/887 1388/1986/887 1610/1983/887
f 1734/1997/924 1605/2001/924 1607/1990/924
f 1733/1998/917 1608/1991/917 1606/1999/917
f 1735/2000/918 1391/2004/918 1605/2001/918
f 1734/1997/919 1606/1999/919 1392/2002/919
f 1736/2003/925 1389/1996/925 1391/2004/925
f 1735/2000/1096 1392/2002/1096 1390/1994/1096
f 1733/1998/886 1607/1990/886 1389/1996/886
f 1733/1998/887 1736/2003/887 1390/1994/887
f 1738/2005/924 1603/1892/924 1605/2001/924
f 1737/2006/917 1606/1999/917 1604/1891/917
f 1739/2007/918 1393/1900/918 1603/1892/918
f 1738/2005/919 1604/1891/919 1394/1899/919
f 1740/2008/925 1391/2004/925 1393/1900/925
f 1739/2007/885 1394/1899/885 1392/2002/885
f 1740/2008/886 1737/2006/886 1605/2001/886
f 1737/2006/887 1740/2008/887 1392/2002/887
f 1742/2009/1097 1601/2014/1097 1371/2010/1097
f 1741/2011/1098 1372/2016/1098 1602/2012/1098
f 1743/2013/929 1617/1950/929 1601/2014/929
f 1742/2009/930 1602/2012/930 1618/1948/930
f 1743/2013/876 1744/2015/876 1375/1946/876
f 1744/2015/877 1743/2013/877 1618/1948/877
f 1744/2015/933 1741/2011/933 1371/2010/933
f 1744/2015/934 1376/1956/934 1372/2016/934
f 1746/2017/935 1599/2021/935 1601/2014/935
f 1745/2018/1099 1602/2012/1099 1600/2019/1099
f 1747/2020/929 1615/1961/929 1599/2021/929
f 1746/2017/930 1600/2019/930 1616/1959/930
f 1748/2022/936 1617/1950/936 1615/1961/936
f 1747/2020/877 1616/1959/877 1618/1948/877
f 1748/2022/878 1745/2018/878 1601/2014/878
f 1745/2018/879 1748/2022/879 1618/1948/879
f 1750/2023/935 1597/2026/935 1599/2021/935
f 1749/2024/1099 1600/2019/1099 1598/2025/1099
f 1750/2023/929 1751/2027/929 1613/1969/929
f 1750/2023/930 1598/2025/930 1614/1967/930
f 1752/2028/936 1615/1961/936 1613/1969/936
f 1751/2027/877 1614/1967/877 1616/1959/877
f 1752/2028/878 1749/2024/878 1599/2021/878
f 1749/2024/879 1752/2028/879 1616/1959/879
f 1754/2029/935 1595/2033/935 1597/2026/935
f 1753/2030/1099 1598/2025/1099 1596/2031/1099
f 1755/2032/929 1611/1977/929 1595/2033/929
f 1754/2029/930 1596/2031/930 1612/1975/930
f 1756/2034/936 1613/1969/936 1611/1977/936
f 1755/2032/877 1612/1975/877 1614/1967/877
f 1756/2034/878 1753/2030/878 1597/2026/878
f 1753/2030/879 1756/2034/879 1614/1967/879
f 1758/2035/935 1593/2039/935 1595/2033/935
f 1757/2036/928 1596/2031/928 1594/2037/928
f 1759/2038/929 1609/1985/929 1593/2039/929
f 1758/2035/930 1594/2037/930 1610/1983/930
f 1760/2040/936 1611/1977/936 1609/1985/936
f 1759/2038/877 1610/1983/877 1612/1975/877
f 1760/2040/878 1757/2036/878 1595/2033/878
f 1757/2036/879 1760/2040/879 1612/1975/879
f 1762/2041/935 1591/2045/935 1593/2039/935
f 1761/2042/928 1594/2037/928 1592/2043/928
f 1763/2044/929 1607/1990/929 1591/2045/929
f 1762/2041/930 1592/2043/930 1608/1991/930
f 1764/2046/936 1609/1985/936 1607/1990/936
f 1764/2046/877 1763/2044/877 1608/1991/877
f 1764/2046/878 1761/2042/878 1593/2039/878
f 1761/2042/879 1764/2046/879 1610/1983/879
f 1766/2047/935 1589/2051/935 1591/2045/935
f 1765/2048/1099 1592/2043/1099 1590/2049/1099
f 1767/2050/929 1605/2001/929 1589/2051/929
f 1766/2047/930 1590/2049/930 1606/1999/930
f 1768/2052/936 1607/1990/936 1605/2001/936
f 1767/2050/877 1606/1999/877 1608/1991/877
f 1765/2048/878 1591/2045/878 1607/1990/878
f 1765/2048/879 1768/2052/879 1608/1991/879
f 1770/2053/935 1587/1841/935 1589/2051/935
f 1769/2054/1099 1590/2049/1099 1588/1840/1099
f 1771/2055/929 1603/1892/929 1587/1841/929
f 1770/2053/930 1588/1840/930 1604/1891/930
f 1772/2056/936 1605/2001/936 1603/1892/936
f 1771/2055/877 1604/1891/877 1606/1999/877
f 1769/2054/878 1589/2051/878 1605/2001/878
f 1769/2054/879 1772/2056/879 1606/1999/879
f 1774/2057/1100 1585/2062/1100 1367/2058/1100
f 1773/2059/1101 1368/2064/1101 1586/2060/1101
f 1775/2061/939 1601/2014/939 1585/2062/939
f 1775/2061/940 1774/2057/940 1586/2060/940
f 1775/2061/840 1776/2063/840 1371/2010/840
f 1776/2063/841 1775/2061/841 1602/2012/841
f 1773/2059/943 1367/2058/943 1371/2010/943
f 1776/2063/944 1372/2016/944 1368/2064/944
f 1778/2065/945 1583/2069/945 1585/2062/945
f 1777/2066/938 1586/2060/938 1584/2067/938
f 1779/2068/939 1599/2021/939 1583/2069/939
f 1779/2068/940 1778/2065/940 1584/2067/940
f 1780/2070/946 1601/2014/946 1599/2021/946
f 1779/2068/841 1600/2019/841 1602/2012/841
f 1777/2066/842 1585/2062/842 1601/2014/842
f 1780/2070/843 1602/2012/843 1586/2060/843
f 1782/2071/945 1581/2074/945 1583/2069/945
f 1781/2072/938 1584/2067/938 1582/2073/938
f 1782/2071/939 1783/2075/939 1597/2026/939
f 1783/2075/940 1782/2071/940 1582/2073/940
f 1784/2076/946 1599/2021/946 1597/2026/946
f 1783/2075/841 1598/2025/841 1600/2019/841
f 1781/2072/842 1583/2069/842 1599/2021/842
f 1784/2076/843 1600/2019/843 1584/2067/843
f 1786/2077/945 1579/2081/945 1581/2074/945
f 1786/2077/938 1785/2078/938 1582/2073/938
f 1787/2080/939 1595/2033/939 1579/2081/939
f 1787/2080/940 1786/2077/940 1580/2079/940
f 1787/2080/946 1788/2082/946 1597/2026/946
f 1787/2080/841 1596/2031/841 1598/2025/841
f 1785/2078/842 1581/2074/842 1597/2026/842
f 1788/2082/843 1598/2025/843 1582/2073/843
f 1790/2083/945 1577/2087/945 1579/2081/945
f 1789/2084/938 1580/2079/938 1578/2085/938
f 1791/2086/939 1593/2039/939 1577/2087/939
f 1791/2086/940 1790/2083/940 1578/2085/940
f 1792/2088/946 1595/2033/946 1593/2039/946
f 1791/2086/841 1594/2037/841 1596/2031/841
f 1789/2084/842 1579/2081/842 1595/2033/842
f 1789/2084/843 1792/2088/843 1596/2031/843
f 1793/2089/945 1794/2092/945 1575/2090/945
f 1793/2089/938 1578/2085/938 1576/2091/938
f 1794/2092/939 1795/2093/939 1591/2045/939
f 1795/2093/940 1794/2092/940 1576/2091/940
f 1796/2094/946 1593/2039/946 1591/2045/946
f 1796/2094/841 1795/2093/841 1592/2043/841
f 1793/2089/842 1577/2087/842 1593/2039/842
f 1793/2089/843 1796/2094/843 1594/2037/843
f 1798/2095/945 1573/2098/945 1575/2090/945
f 1797/2096/938 1576/2091/938 1574/2097/938
f 1798/2095/939 1799/2099/939 1589/2051/939
f 1798/2095/940 1574/2097/940 1590/2049/940
f 1800/2100/946 1591/2045/946 1589/2051/946
f 1799/2099/841 1590/2049/841 1592/2043/841
f 1797/2096/842 1575/2090/842 1591/2045/842
f 1800/2100/843 1592/2043/843 1576/2091/843
f 1802/2101/945 1571/1833/945 1573/2098/945
f 1801/2102/938 1574/2097/938 1572/1832/938
f 1802/2101/939 1803/2103/939 1587/1841/939
f 1802/2101/940 1572/1832/940 1588/1840/940
f 1804/2104/946 1589/2051/946 1587/1841/946
f 1803/2103/841 1588/1840/841 1590/2049/841
f 1801/2102/842 1573/2098/842 1589/2051/842
f 1804/2104/843 1590/2049/843 1574/2097/843
f 1806/2105/1102 1569/2110/1102 1363/2106/1102
f 1805/2107/1103 1364/2112/1103 1570/2108/1103
f 1807/2109/949 1585/2062/949 1569/2110/949
f 1807/2109/950 1806/2105/950 1570/2108/950
f 1807/2109/832 1808/2111/832 1367/2058/832
f 1808/2111/833 1807/2109/833 1586/2060/833
f 1805/2107/953 1363/2106/953 1367/2058/953
f 1805/2107/954 1808/2111/954 1368/2064/954
f 1810/2113/955 1567/2117/955 1569/2110/955
f 1809/2114/948 1570/2108/948 1568/2115/948
f 1811/2116/949 1583/2069/949 1567/2117/949
f 1811/2116/950 1810/2113/950 1568/2115/950
f 1812/2118/956 1585/2062/956 1583/2069/956
f 1811/2116/833 1584/2067/833 1586/2060/833
f 1809/2114/834 1569/2110/834 1585/2062/834
f 1812/2118/835 1586/2060/835 1570/2108/835
f 1814/2119/955 1565/2123/955 1567/2117/955
f 1813/2120/948 1568/2115/948 1566/2121/948
f 1815/2122/949 1581/2074/949 1565/2123/949
f 1815/2122/950 1814/2119/950 1566/2121/950
f 1816/2124/956 1583/2069/956 1581/2074/956
f 1815/2122/833 1582/2073/833 1584/2067/833
f 1813/2120/834 1567/2117/834 1583/2069/834
f 1816/2124/835 1584/2067/835 1568/2115/835
f 1818/2125/955 1563/2129/955 1565/2123/955
f 1817/2126/948 1566/2121/948 1564/2127/948
f 1819/2128/949 1579/2081/949 1563/2129/949
f 1818/2125/950 1564/2127/950 1580/2079/950
f 1820/2130/956 1581/2074/956 1579/2081/956
f 1819/2128/833 1580/2079/833 1582/2073/833
f 1820/2130/834 1817/2126/834 1565/2123/834
f 1820/2130/835 1582/2073/835 1566/2121/835
f 1822/2131/955 1561/2135/955 1563/2129/955
f 1821/2132/948 1564/2127/948 1562/2133/948
f 1823/2134/949 1577/2087/949 1561/2135/949
f 1822/2131/950 1562/2133/950 1578/2085/950
f 1824/2136/956 1579/2081/956 1577/2087/956
f 1823/2134/833 1578/2085/833 1580/2079/833
f 1824/2136/834 1821/2132/834 1563/2129/834
f 1824/2136/835 1580/2079/835 1564/2127/835
f 1826/2137/955 1559/2141/955 1561/2135/955
f 1825/2138/948 1562/2133/948 1560/2139/948
f 1827/2140/949 1575/2090/949 1559/2141/949
f 1827/2140/950 1826/2137/950 1560/2139/950
f 1828/2142/956 1577/2087/956 1575/2090/956
f 1827/2140/833 1576/2091/833 1578/2085/833
f 1828/2142/834 1825/2138/834 1561/2135/834
f 1828/2142/835 1578/2085/835 1562/2133/835
f 1830/2143/955 1557/2147/955 1559/2141/955
f 1829/2144/948 1560/2139/948 1558/2145/948
f 1831/2146/949 1573/2098/949 1557/2147/949
f 1830/2143/950 1558/2145/950 1574/2097/950
f 1832/2148/956 1575/2090/956 1573/2098/956
f 1831/2146/833 1574/2097/833 1576/2091/833
f 1829/2144/834 1559/2141/834 1575/2090/834
f 1832/2148/835 1576/2091/835 1560/2139/835
f 1834/2149/955 1555/1825/955 1557/2147/955
f 1833/2150/948 1558/2145/948 1556/1824/948
f 1835/2151/949 1571/1833/949 1555/1825/949
f 1834/2149/950 1556/1824/950 1572/1832/950
f 1836/2152/956 1573/2098/956 1571/1833/956
f 1835/2151/833 1572/1832/833 1574/2097/833
f 1833/2150/834 1557/2147/834 1573/2098/834
f 1836/2152/835 1574/2097/835 1558/2145/835
f 1838/2153/1104 1553/2157/1104 1359/2154/1104
f 1837/2155/1105 1360/2160/1105 1554/2156/1105
f 1838/2153/959 1839/2158/959 1569/2110/959
f 1838/2153/960 1554/2156/960 1570/2108/960
f 1839/2158/824 1840/2159/824 1363/2106/824
f 1840/2159/825 1839/2158/825 1570/2108/825
f 1840/2159/963 1837/2155/963 1359/2154/963
f 1840/2159/964 1364/2112/964 1360/2160/964
f 1842/2161/965 1551/2164/965 1553/2157/965
f 1841/2162/958 1554/2156/958 1552/2163/958
f 1842/2161/959 1843/2165/959 1567/2117/959
f 1842/2161/960 1552/2163/960 1568/2115/960
f 1844/2166/966 1569/2110/966 1567/2117/966
f 1843/2165/825 1568/2115/825 1570/2108/825
f 1841/2162/826 1553/2157/826 1569/2110/826
f 1844/2166/827 1570/2108/827 1554/2156/827
f 1846/2167/965 1549/2170/965 1551/2164/965
f 1845/2168/958 1552/2163/958 1550/2169/958
f 1846/2167/959 1847/2171/959 1565/2123/959
f 1846/2167/960 1550/2169/960 1566/2121/960
f 1848/2172/966 1567/2117/966 1565/2123/966
f 1847/2171/825 1566/2121/825 1568/2115/825
f 1845/2168/826 1551/2164/826 1567/2117/826
f 1848/2172/827 1568/2115/827 1552/2163/827
f 1850/2173/965 1547/2177/965 1549/2170/965
f 1849/2174/958 1550/2169/958 1548/2175/958
f 1851/2176/959 1563/2129/959 1547/2177/959
f 1851/2176/960 1850/2173/960 1548/2175/960
f 1852/2178/966 1565/2123/966 1563/2129/966
f 1851/2176/825 1564/2127/825 1566/2121/825
f 1849/2174/826 1549/2170/826 1565/2123/826
f 1852/2178/827 1566/2121/827 1550/2169/827
f 1854/2179/965 1545/2182/965 1547/2177/965
f 1853/2180/958 1548/2175/958 1546/2181/958
f 1854/2179/959 1855/2183/959 1561/2135/959
f 1855/2183/960 1854/2179/960 1546/2181/960
f 1856/2184/966 1563/2129/966 1561/2135/966
f 1855/2183/825 1562/2133/825 1564/2127/825
f 1853/2180/826 1547/2177/826 1563/2129/826
f 1853/2180/827 1856/2184/827 1564/2127/827
f 1858/2185/965 1543/2189/965 1545/2182/965
f 1857/2186/958 1546/2181/958 1544/2187/958
f 1859/2188/959 1559/2141/959 1543/2189/959
f 1858/2185/960 1544/2187/960 1560/2139/960
f 1860/2190/966 1561/2135/966 1559/2141/966
f 1859/2188/825 1560/2139/825 1562/2133/825
f 1857/2186/826 1545/2182/826 1561/2135/826
f 1860/2190/827 1562/2133/827 1546/2181/827
f 1862/2191/965 1541/2195/965 1543/2189/965
f 1861/2192/958 1544/2187/958 1542/2193/958
f 1863/2194/959 1557/2147/959 1541/2195/959
f 1862/2191/960 1542/2193/960 1558/2145/960
f 1864/2196/966 1559/2141/966 1557/2147/966
f 1863/2194/825 1558/2145/825 1560/2139/825
f 1861/2192/826 1543/2189/826 1559/2141/826
f 1864/2196/827 1560/2139/827 1544/2187/827
f 1866/2197/965 1539/1817/965 1541/2195/965
f 1865/2198/958 1542/2193/958 1540/1816/958
f 1867/2199/959 1555/1825/959 1539/1817/959
f 1866/2197/960 1540/1816/960 1556/1824/960
f 1868/2200/966 1557/2147/966 1555/1825/966
f 1867/2199/825 1556/1824/825 1558/2145/825
f 1865/2198/826 1541/2195/826 1557/2147/826
f 1868/2200/827 1558/2145/827 1542/2193/827
f 1870/2201/1106 1537/2205/1106 1355/2202/1106
f 1869/2203/1107 1356/2208/1107 1538/2204/1107
f 1870/2201/969 1871/2206/969 1553/2157/969
f 1870/2201/970 1538/2204/970 1554/2156/970
f 1871/2206/816 1872/2207/816 1359/2154/816
f 1872/2207/817 1871/2206/817 1554/2156/817
f 1869/2203/973 1355/2202/973 1359/2154/973
f 1872/2207/974 1360/2160/974 1356/2208/974
f 1874/2209/975 1535/2213/975 1537/2205/975
f 1873/2210/968 1538/2204/968 1536/2211/968
f 1875/2212/969 1551/2164/969 1535/2213/969
f 1874/2209/970 1536/2211/970 1552/2163/970
f 1876/2214/976 1553/2157/976 1551/2164/976
f 1875/2212/817 1552/2163/817 1554/2156/817
f 1873/2210/818 1537/2205/818 1553/2157/818
f 1873/2210/819 1876/2214/819 1554/2156/819
f 1878/2215/975 1533/2219/975 1535/2213/975
f 1877/2216/968 1536/2211/968 1534/2217/968
f 1879/2218/969 1549/2170/969 1533/2219/969
f 1878/2215/970 1534/2217/970 1550/2169/970
f 1880/2220/976 1551/2164/976 1549/2170/976
f 1879/2218/817 1550/2169/817 1552/2163/817
f 1877/2216/818 1535/2213/818 1551/2164/818
f 1877/2216/819 1880/2220/819 1552/2163/819
f 1882/2221/975 1531/2225/975 1533/2219/975
f 1881/2222/968 1534/2217/968 1532/2223/968
f 1883/2224/969 1547/2177/969 1531/2225/969
f 1882/2221/970 1532/2223/970 1548/2175/970
f 1884/2226/976 1549/2170/976 1547/2177/976
f 1883/2224/817 1548/2175/817 1550/2169/817
f 1881/2222/818 1533/2219/818 1549/2170/818
f 1881/2222/819 1884/2226/819 1550/2169/819
f 1886/2227/975 1529/2231/975 1531/2225/975
f 1885/2228/968 1532/2223/968 1530/2229/968
f 1887/2230/969 1545/2182/969 1529/2231/969
f 1886/2227/970 1530/2229/970 1546/2181/970
f 1888/2232/976 1547/2177/976 1545/2182/976
f 1887/2230/817 1546/2181/817 1548/2175/817
f 1888/2232/818 1885/2228/818 1531/2225/818
f 1888/2232/819 1548/2175/819 1532/2223/819
f 1890/2233/975 1527/2237/975 1529/2231/975
f 1889/2234/968 1530/2229/968 1528/2235/968
f 1891/2236/969 1543/2189/969 1527/2237/969
f 1890/2233/970 1528/2235/970 1544/2187/970
f 1892/2238/976 1545/2182/976 1543/2189/976
f 1891/2236/817 1544/2187/817 1546/2181/817
f 1892/2238/818 1889/2234/818 1529/2231/818
f 1892/2238/819 1546/2181/819 1530/2229/819
f 1894/2239/975 1525/2243/975 1527/2237/975
f 1893/2240/968 1528/2235/968 1526/2241/968
f 1895/2242/969 1541/2195/969 1525/2243/969
f 1894/2239/970 1526/2241/970 1542/2193/970
f 1896/2244/976 1543/2189/976 1541/2195/976
f 1895/2242/817 1542/2193/817 1544/2187/817
f 1893/2240/818 1527/2237/818 1543/2189/818
f 1893/2240/819 1896/2244/819 1544/2187/819
f 1898/2245/975 1523/1809/975 1525/2243/975
f 1897/2246/968 1526/2241/968 1524/1808/968
f 1899/2247/969 1539/1817/969 1523/1809/969
f 1898/2245/970 1524/1808/970 1540/1816/970
f 1900/2248/976 1541/2195/976 1539/1817/976
f 1899/2247/817 1540/1816/817 1542/2193/817
f 1897/2246/818 1525/2243/818 1541/2195/818
f 1897/2246/819 1900/2248/819 1542/2193/819
f 1902/2249/1108 1521/2254/1108 1351/2250/1108
f 1901/2251/1109 1352/2256/1109 1522/2252/1109
f 1903/2253/979 1537/2205/979 1521/2254/979
f 1902/2249/980 1522/2252/980 1538/2204/980
f 1903/2253/808 1904/2255/808 1355/2202/808
f 1904/2255/809 1903/2253/809 1538/2204/809
f 1901/2251/983 1351/2250/983 1355/2202/983
f 1904/2255/984 1356/2208/984 1352/2256/984
f 1906/2257/985 1519/2260/985 1521/2254/985
f 1905/2258/978 1522/2252/978 1520/2259/978
f 1906/2257/979 1907/2261/979 1535/2213/979
f 1906/2257/980 1520/2259/980 1536/2211/980
f 1908/2262/986 1537/2205/986 1535/2213/986
f 1907/2261/1110 1536/2211/1110 1538/2204/1110
f 1905/2258/810 1521/2254/810 1537/2205/810
f 1908/2262/811 1538/2204/811 1522/2252/811
f 1910/2263/985 1517/2266/985 1519/2260/985
f 1909/2264/978 1520/2259/978 1518/2265/978
f 1910/2263/979 1911/2267/979 1533/2219/979
f 1910/2263/980 1518/2265/980 1534/2217/980
f 1912/2268/986 1535/2213/986 1533/2219/986
f 1911/2267/1110 1534/2217/1110 1536/2211/1110
f 1909/2264/810 1519/2260/810 1535/2213/810
f 1912/2268/811 1536/2211/811 1520/2259/811
f 1914/2269/985 1515/2273/985 1517/2266/985
f 1914/2269/978 1913/2270/978 1518/2265/978
f 1915/2272/979 1531/2225/979 1515/2273/979
f 1915/2272/980 1914/2269/980 1516/2271/980
f 1916/2274/986 1533/2219/986 1531/2225/986
f 1915/2272/809 1532/2223/809 1534/2217/809
f 1913/2270/810 1517/2266/810 1533/2219/810
f 1916/2274/811 1534/2217/811 1518/2265/811
f 1918/2275/985 1513/2279/985 1515/2273/985
f 1917/2276/978 1516/2271/978 1514/2277/978
f 1919/2278/979 1529/2231/979 1513/2279/979
f 1919/2278/980 1918/2275/980 1514/2277/980
f 1920/2280/986 1531/2225/986 1529/2231/986
f 1919/2278/809 1530/2229/809 1532/2223/809
f 1917/2276/810 1515/2273/810 1531/2225/810
f 1920/2280/811 1532/2223/811 1516/2271/811
f 1922/2281/985 1511/2285/985 1513/2279/985
f 1921/2282/978 1514/2277/978 1512/2283/978
f 1923/2284/979 1527/2237/979 1511/2285/979
f 1922/2281/980 1512/2283/980 1528/2235/980
f 1924/2286/986 1529/2231/986 1527/2237/986
f 1923/2284/809 1528/2235/809 1530/2229/809
f 1921/2282/810 1513/2279/810 1529/2231/810
f 1924/2286/811 1530/2229/811 1514/2277/811
f 1926/2287/985 1509/2291/985 1511/2285/985
f 1925/2288/978 1512/2283/978 1510/2289/978
f 1927/2290/979 1525/2243/979 1509/2291/979
f 1926/2287/980 1510/2289/980 1526/2241/980
f 1928/2292/986 1527/2237/986 1525/2243/986
f 1927/2290/1110 1526/2241/1110 1528/2235/1110
f 1925/2288/810 1511/2285/810 1527/2237/810
f 1928/2292/811 1528/2235/811 1512/2283/811
f 1930/2293/985 1507/1801/985 1509/2291/985
f 1929/2294/978 1510/2289/978 1508/1799/978
f 1930/2293/979 1931/2295/979 1523/1809/979
f 1930/2293/980 1508/1799/980 1524/1808/980
f 1932/2296/986 1525/2243/986 1523/1809/986
f 1931/2295/1110 1524/1808/1110 1526/2241/1110
f 1929/2294/810 1509/2291/810 1525/2243/810
f 1932/2296/811 1526/2241/811 1510/2289/811
f 1933/2297/802 1934/2298/802 1351/2250/802
f 1934/2298/803 1933/2297/803 1522/2252/803
f 1936/2299/989 1521/2254/989 1519/2260/989
f 1935/2300/803 1520/2259/803 1522/2252/803
f 1938/2301/989 1519/2260/989 1517/2266/989
f 1937/2302/803 1518/2265/803 1520/2259/803
f 1940/2303/989 1517/2266/989 1515/2273/989
f 1939/2304/803 1516/2271/803 1518/2265/803
f 1942/2305/989 1515/2273/989 1513/2279/989
f 1941/2306/803 1514/2277/803 1516/2271/803
f 1944/2307/989 1513/2279/989 1511/2285/989
f 1943/2308/803 1512/2283/803 1514/2277/803
f 1946/2309/989 1511/2285/989 1509/2291/989
f 1945/2310/803 1510/2289/803 1512/2283/803
f 1948/2311/989 1509/2291/989 1507/1801/989
f 1947/2312/803 1508/1799/803 1510/2289/803
f 1950/2313/1111 1505/2318/1111 1347/2314/1111
f 1949/2315/1112 1348/2351/1112 1506/2316/1112
f 1952/2317/991 1503/2322/991 1505/2318/991
f 1951/2319/924 1506/2316/924 1504/2320/924
f 1954/2321/991 1501/2326/991 1503/2322/991
f 1953/2323/924 1504/2320/924 1502/2324/924
f 1956/2325/991 1499/2330/991 1501/2326/991
f 1955/2327/924 1502/2324/924 1500/2328/924
f 1958/2329/991 1497/2334/991 1499/2330/991
f 1957/2331/924 1500/2328/924 1498/2332/924
f 1960/2333/991 1495/2338/991 1497/2334/991
f 1959/2335/924 1498/2332/924 1496/2336/924
f 1962/2337/991 1493/2342/991 1495/2338/991
f 1961/2339/924 1496/2336/924 1494/2340/924
f 1964/2341/991 1491/1793/991 1493/2342/991
f 1963/2343/924 1494/2340/924 1492/1792/924
f 1966/2344/1113 1489/2348/1113 1343/2345/1113
f 1965/2346/1114 1344/2352/1114 1490/2347/1114
f 1966/2344/993 1967/2349/993 1505/2318/993
f 1966/2344/994 1490/2347/994 1506/2316/994
f 1967/2349/796 1968/2350/796 1347/2314/796
f 1968/2350/797 1967/2349/797 1506/2316/797
f 1965/2346/997 1343/2345/997 1347/2314/997
f 1965/2346/998 1968/2350/998 1348/2351/998
f 1970/2353/999 1487/2356/999 1489/2348/999
f 1969/2354/1115 1490/2347/1115 1488/2355/1115
f 1970/2353/993 1971/2357/993 1503/2322/993
f 1970/2353/994 1488/2355/994 1504/2320/994
f 1972/2358/877 1505/2318/877 1503/2322/877
f 1971/2357/797 1504/2320/797 1506/2316/797
f 1969/2354/798 1489/2348/798 1505/2318/798
f 1972/2358/799 1506/2316/799 1490/2347/799
f 1974/2359/999 1485/2362/999 1487/2356/999
f 1973/2360/1115 1488/2355/1115 1486/2361/1115
f 1974/2359/993 1975/2363/993 1501/2326/993
f 1974/2359/994 1486/2361/994 1502/2324/994
f 1976/2364/877 1503/2322/877 1501/2326/877
f 1975/2363/797 1502/2324/797 1504/2320/797
f 1973/2360/798 1487/2356/798 1503/2322/798
f 1973/2360/799 1976/2364/799 1504/2320/799
f 1978/2365/999 1483/2369/999 1485/2362/999
f 1977/2366/935 1486/2361/935 1484/2367/935
f 1979/2368/993 1499/2330/993 1483/2369/993
f 1979/2368/994 1978/2365/994 1484/2367/994
f 1980/2370/877 1501/2326/877 1499/2330/877
f 1979/2368/797 1500/2328/797 1502/2324/797
f 1977/2366/798 1485/2362/798 1501/2326/798
f 1977/2366/799 1980/2370/799 1502/2324/799
f 1982/2371/999 1481/2375/999 1483/2369/999
f 1981/2372/1115 1484/2367/1115 1482/2373/1115
f 1983/2374/993 1497/2334/993 1481/2375/993
f 1982/2371/994 1482/2373/994 1498/2332/994
f 1984/2376/877 1499/2330/877 1497/2334/877
f 1983/2374/797 1498/2332/797 1500/2328/797
f 1981/2372/798 1483/2369/798 1499/2330/798
f 1984/2376/799 1500/2328/799 1484/2367/799
f 1985/2377/1116 1986/2380/1116 1479/2378/1116
f 1985/2377/1115 1482/2373/1115 1480/2379/1115
f 1987/2381/993 1495/2338/993 1479/2378/993
f 1986/2380/994 1480/2379/994 1496/2336/994
f 1988/2382/877 1497/2334/877 1495/2338/877
f 1987/2381/797 1496/2336/797 1498/2332/797
f 1988/2382/798 1985/2377/798 1481/2375/798
f 1988/2382/799 1498/2332/799 1482/2373/799
f 1990/2383/999 1477/2387/999 1479/2378/999
f 1989/2384/1115 1480/2379/1115 1478/2385/1115
f 1991/2386/993 1493/2342/993 1477/2387/993
f 1990/2383/994 1478/2385/994 1494/2340/994
f 1992/2388/877 1495/2338/877 1493/2342/877
f 1991/2386/797 1494/2340/797 1496/2336/797
f 1989/2384/798 1479/2378/798 1495/2338/798
f 1989/2384/799 1992/2388/799 1496/2336/799
f 1994/2389/999 1475/1785/999 1477/2387/999
f 1993/2390/1115 1478/2385/1115 1476/1784/1115
f 1994/2389/993 1995/2391/993 1491/1793/993
f 1994/2389/994 1476/1784/994 1492/1792/994
f 1996/2392/877 1493/2342/877 1491/1793/877
f 1995/2391/797 1492/1792/797 1494/2340/797
f 1993/2390/798 1477/2387/798 1493/2342/798
f 1993/2390/799 1996/2392/799 1494/2340/799
f 1998/2393/1117 1473/2398/1117 1339/2394/1117
f 1997/2395/1118 1340/2400/1118 1474/2396/1118
f 1999/2397/1001 1489/2348/1001 1473/2398/1001
f 1998/2393/1002 1474/2396/1002 1490/2347/1002
f 1999/2397/788 2000/2399/788 1343/2345/788
f 2000/2399/789 1999/2397/789 1490/2347/789
f 1997/2395/1005 1339/2394/1005 1343/2345/1005
f 2000/2399/1006 1344/2352/1006 1340/2400/1006
f 2002/2401/1007 1471/2404/1007 1473/2398/1007
f 2001/2402/945 1474/2396/945 1472/2403/945
f 2002/2401/1001 2003/2405/1001 1487/2356/1001
f 2002/2401/1002 1472/2403/1002 1488/2355/1002
f 2004/2406/841 1489/2348/841 1487/2356/841
f 2003/2405/789 1488/2355/789 1490/2347/789
f 2001/2402/790 1473/2398/790 1489/2348/790
f 2001/2402/791 2004/2406/791 1490/2347/791
f 2006/2407/1007 1469/2410/1007 1471/2404/1007
f 2005/2408/945 1472/2403/945 1470/2409/945
f 2006/2407/1001 2007/2411/1001 1485/2362/1001
f 2006/2407/1002 1470/2409/1002 1486/2361/1002
f 2008/2412/841 1487/2356/841 1485/2362/841
f 2007/2411/789 1486/2361/789 1488/2355/789
f 2005/2408/790 1471/2404/790 1487/2356/790
f 2005/2408/791 2008/2412/791 1488/2355/791
f 2010/2413/1007 1467/2416/1007 1469/2410/1007
f 2010/2413/945 2009/2414/945 1470/2409/945
f 2010/2413/1001 2011/2417/1001 1483/2369/1001
f 2010/2413/1002 1468/2415/1002 1484/2367/1002
f 2012/2418/841 1485/2362/841 1483/2369/841
f 2011/2417/789 1484/2367/789 1486/2361/789
f 2009/2414/790 1469/2410/790 1485/2362/790
f 2009/2414/791 2012/2418/791 1486/2361/791
f 2014/2419/1007 1465/2422/1007 1467/2416/1007
f 2013/2420/945 1468/2415/945 1466/2421/945
f 2014/2419/1001 2015/2423/1001 1481/2375/1001
f 2014/2419/1002 1466/2421/1002 1482/2373/1002
f 2016/2424/841 1483/2369/841 1481/2375/841
f 2015/2423/789 1482/2373/789 1484/2367/789
f 2013/2420/790 1467/2416/790 1483/2369/790
f 2016/2424/791 1484/2367/791 1468/2415/791
f 2017/2425/1007 2018/2428/1007 1463/2426/1007
f 2017/2425/945 1466/2421/945 1464/2427/945
f 2018/2428/1001 2019/2429/1001 1479/2378/1001
f 2018/2428/1002 1464/2427/1002 1480/2379/1002
f 2020/2430/841 1481/2375/841 1479/2378/841
f 2020/2430/789 2019/2429/789 1480/2379/789
f 2017/2425/790 1465/2422/790 1481/2375/790
f 2020/2430/791 1482/2373/791 1466/2421/791
f 2022/2431/1007 1461/2434/1007 1463/2426/1007
f 2021/2432/945 1464/2427/945 1462/2433/945
f 2022/2431/1001 2023/2435/1001 1477/2387/1001
f 2022/2431/1002 1462/2433/1002 1478/2385/1002
f 2024/2436/841 1479/2378/841 1477/2387/841
f 2023/2435/789 1478/2385/789 1480/2379/789
f 2021/2432/790 1463/2426/790 1479/2378/790
f 2021/2432/791 2024/2436/791 1480/2379/791
f 2026/2437/1007 1459/1777/1007 1461/2434/1007
f 2025/2438/945 1462/2433/945 1460/1776/945
f 2026/2437/1001 2027/2439/1001 1475/1785/1001
f 2026/2437/1002 1460/1776/1002 1476/1784/1002
f 2028/2440/841 1477/2387/841 1475/1785/841
f 2027/2439/789 1476/1784/789 1478/2385/789
f 2025/2438/790 1461/2434/790 1477/2387/790
f 2025/2438/791 2028/2440/791 1478/2385/791
f 2030/2441/1119 1457/2446/1119 1335/2442/1119
f 2029/2443/1120 1336/2448/1120 1458/2444/1120
f 2031/2445/1009 1473/2398/1009 1457/2446/1009
f 2030/2441/1010 1458/2444/1010 1474/2396/1010
f 2031/2445/780 2032/2447/780 1339/2394/780
f 2032/2447/781 2031/2445/781 1474/2396/781
f 2029/2443/1013 1335/2442/1013 1339/2394/1013
f 2032/2447/1014 1340/2400/1014 1336/2448/1014
f 2034/2449/1015 1455/2453/1015 1457/2446/1015
f 2033/2450/955 1458/2444/955 1456/2451/955
f 2035/2452/1009 1471/2404/1009 1455/2453/1009
f 2034/2449/1010 1456/2451/1010 1472/2403/1010
f 2036/2454/833 1473/2398/833 1471/2404/833
f 2035/2452/781 1472/2403/781 1474/2396/781
f 2033/2450/782 1457/2446/782 1473/2398/782
f 2036/2454/783 1474/2396/783 1458/2444/783
f 2038/2455/1015 1453/2459/1015 1455/2453/1015
f 2037/2456/955 1456/2451/955 1454/2457/955
f 2039/2458/1009 1469/2410/1009 1453/2459/1009
f 2038/2455/1010 1454/2457/1010 1470/2409/1010
f 2040/2460/833 1471/2404/833 1469/2410/833
f 2039/2458/781 1470/2409/781 1472/2403/781
f 2037/2456/782 1455/2453/782 1471/2404/782
f 2040/2460/783 1472/2403/783 1456/2451/783
f 2042/2461/1015 1451/2465/1015 1453/2459/1015
f 2041/2462/955 1454/2457/955 1452/2463/955
f 2043/2464/1009 1467/2416/1009 1451/2465/1009
f 2042/2461/1010 1452/2463/1010 1468/2415/1010
f 2044/2466/833 1469/2410/833 1467/2416/833
f 2043/2464/781 1468/2415/781 1470/2409/781
f 2041/2462/782 1453/2459/782 1469/2410/782
f 2044/2466/783 1470/2409/783 1454/2457/783
f 2046/2467/1015 1449/2471/1015 1451/2465/1015
f 2045/2468/955 1452/2463/955 1450/2469/955
f 2047/2470/1009 1465/2422/1009 1449/2471/1009
f 2046/2467/1010 1450/2469/1010 1466/2421/1010
f 2048/2472/833 1467/2416/833 1465/2422/833
f 2047/2470/781 1466/2421/781 1468/2415/781
f 2048/2472/782 2045/2468/782 1451/2465/782
f 2045/2468/783 2048/2472/783 1468/2415/783
f 2050/2473/1015 1447/2477/1015 1449/2471/1015
f 2049/2474/955 1450/2469/955 1448/2475/955
f 2051/2476/1009 1463/2426/1009 1447/2477/1009
f 2050/2473/1010 1448/2475/1010 1464/2427/1010
f 2052/2478/833 1465/2422/833 1463/2426/833
f 2052/2478/781 2051/2476/781 1464/2427/781
f 2052/2478/782 2049/2474/782 1449/2471/782
f 2049/2474/783 2052/2478/783 1466/2421/783
f 2054/2479/1015 1445/2483/1015 1447/2477/1015
f 2053/2480/955 1448/2475/955 1446/2481/955
f 2055/2482/1009 1461/2434/1009 1445/2483/1009
f 2055/2482/1010 2054/2479/1010 1446/2481/1010
f 2056/2484/833 1463/2426/833 1461/2434/833
f 2055/2482/781 1462/2433/781 1464/2427/781
f 2053/2480/782 1447/2477/782 1463/2426/782
f 2056/2484/783 1464/2427/783 1448/2475/783
f 2058/2485/1015 1443/1769/1015 1445/2483/1015
f 2057/2486/955 1446/2481/955 1444/1768/955
f 2059/2487/1009 1459/1777/1009 1443/1769/1009
f 2059/2487/1010 2058/2485/1010 1444/1768/1010
f 2060/2488/833 1461/2434/833 1459/1777/833
f 2059/2487/781 1460/1776/781 1462/2433/781
f 2057/2486/782 1445/2483/782 1461/2434/782
f 2060/2488/783 1462/2433/783 1446/2481/783
f 2062/2489/1121 1441/2494/1121 1331/2490/1121
f 2061/2491/1122 1332/2496/1122 1442/2492/1122
f 2063/2493/1017 1457/2446/1017 1441/2494/1017
f 2062/2489/1018 1442/2492/1018 1458/2444/1018
f 2063/2493/772 2064/2495/772 1335/2442/772
f 2064/2495/773 2063/2493/773 1458/2444/773
f 2061/2491/1021 1331/2490/1021 1335/2442/1021
f 2064/2495/1022 1336/2448/1022 1332/2496/1022
f 2066/2497/1023 1439/2501/1023 1441/2494/1023
f 2065/2498/965 1442/2492/965 1440/2499/965
f 2067/2500/1017 1455/2453/1017 1439/2501/1017
f 2066/2497/1018 1440/2499/1018 1456/2451/1018
f 2068/2502/825 1457/2446/825 1455/2453/825
f 2067/2500/773 1456/2451/773 1458/2444/773
f 2065/2498/774 1441/2494/774 1457/2446/774
f 2065/2498/775 2068/2502/775 1458/2444/775
f 2070/2503/1023 1437/2507/1023 1439/2501/1023
f 2069/2504/965 1440/2499/965 1438/2505/965
f 2071/2506/1017 1453/2459/1017 1437/2507/1017
f 2070/2503/1018 1438/2505/1018 1454/2457/1018
f 2072/2508/825 1455/2453/825 1453/2459/825
f 2071/2506/773 1454/2457/773 1456/2451/773
f 2069/2504/774 1439/2501/774 1455/2453/774
f 2069/2504/775 2072/2508/775 1456/2451/775
f 2074/2509/1023 1435/2512/1023 1437/2507/1023
f 2074/2509/965 2073/2510/965 1438/2505/965
f 2074/2509/1017 2075/2513/1017 1451/2465/1017
f 2075/2513/1018 2074/2509/1018 1436/2511/1018
f 2076/2514/825 1453/2459/825 1451/2465/825
f 2075/2513/773 1452/2463/773 1454/2457/773
f 2073/2510/774 1437/2507/774 1453/2459/774
f 2076/2514/775 1454/2457/775 1438/2505/775
f 2078/2515/1023 1433/2518/1023 1435/2512/1023
f 2077/2516/965 1436/2511/965 1434/2517/965
f 2078/2515/1017 2079/2519/1017 1449/2471/1017
f 2079/2519/1018 2078/2515/1018 1434/2517/1018
f 2080/2520/825 1451/2465/825 1449/2471/825
f 2079/2519/773 1450/2469/773 1452/2463/773
f 2077/2516/774 1435/2512/774 1451/2465/774
f 2080/2520/775 1452/2463/775 1436/2511/775
f 2082/2521/1023 1431/2525/1023 1433/2518/1023
f 2081/2522/965 1434/2517/965 1432/2523/965
f 2083/2524/1017 1447/2477/1017 1431/2525/1017
f 2082/2521/1018 1432/2523/1018 1448/2475/1018
f 2084/2526/825 1449/2471/825 1447/2477/825
f 2083/2524/773 1448/2475/773 1450/2469/773
f 2081/2522/774 1433/2518/774 1449/2471/774
f 2084/2526/775 1450/2469/775 1434/2517/775
f 2086/2527/1023 1429/2531/1023 1431/2525/1023
f 2085/2528/965 1432/2523/965 1430/2529/965
f 2087/2530/1017 1445/2483/1017 1429/2531/1017
f 2086/2527/1018 1430/2529/1018 1446/2481/1018
f 2088/2532/825 1447/2477/825 1445/2483/825
f 2087/2530/773 1446/2481/773 1448/2475/773
f 2085/2528/774 1431/2525/774 1447/2477/774
f 2088/2532/775 1448/2475/775 1432/2523/775
f 2090/2533/1023 1427/1761/1023 1429/2531/1023
f 2089/2534/965 1430/2529/965 1428/1760/965
f 2091/2535/1017 1443/1769/1017 1427/1761/1017
f 2090/2533/1018 1428/1760/1018 1444/1768/1018
f 2092/2536/825 1445/2483/825 1443/1769/825
f 2091/2535/773 1444/1768/773 1446/2481/773
f 2089/2534/774 1429/2531/774 1445/2483/774
f 2092/2536/775 1446/2481/775 1430/2529/775
f 2094/2537/1123 1425/2541/1123 1327/2538/1123
f 2093/2539/1124 1328/2544/1124 1426/2540/1124
f 2094/2537/1025 2095/2542/1025 1441/2494/1025
f 2094/2537/1026 1426/2540/1026 1442/2492/1026
f 2095/2542/764 2096/2543/764 1331/2490/764
f 2096/2543/765 2095/2542/765 1442/2492/765
f 2093/2539/1029 1327/2538/1029 1331/2490/1029
f 2096/2543/1030 1332/2496/1030 1328/2544/1030
f 2098/2545/1031 1423/2548/1031 1425/2541/1031
f 2097/2546/975 1426/2540/975 1424/2547/975
f 2098/2545/1025 2099/2549/1025 1439/2501/1025
f 2098/2545/1026 1424/2547/1026 1440/2499/1026
f 2100/2550/817 1441/2494/817 1439/2501/817
f 2099/2549/765 1440/2499/765 1442/2492/765
f 2100/2550/766 2097/2546/766 1425/2541/766
f 2100/2550/767 1442/2492/767 1426/2540/767
f 2102/2551/1031 1421/2554/1031 1423/2548/1031
f 2101/2552/975 1424/2547/975 1422/2553/975
f 2102/2551/1025 2103/2555/1025 1437/2507/1025
f 2102/2551/1026 1422/2553/1026 1438/2505/1026
f 2104/2556/817 1439/2501/817 1437/2507/817
f 2103/2555/765 1438/2505/765 1440/2499/765
f 2101/2552/766 1423/2548/766 1439/2501/766
f 2104/2556/767 1440/2499/767 1424/2547/767
f 2106/2557/1031 1419/2561/1031 1421/2554/1031
f 2106/2557/975 2105/2558/975 1422/2553/975
f 2107/2560/1025 1435/2512/1025 1419/2561/1025
f 2106/2557/1026 1420/2559/1026 1436/2511/1026
f 2108/2562/817 1437/2507/817 1435/2512/817
f 2107/2560/765 1436/2511/765 1438/2505/765
f 2105/2558/766 1421/2554/766 1437/2507/766
f 2108/2562/767 1438/2505/767 1422/2553/767
f 2110/2563/1031 1417/2567/1031 1419/2561/1031
f 2109/2564/975 1420/2559/975 1418/2565/975
f 2111/2566/1025 1433/2518/1025 1417/2567/1025
f 2110/2563/1026 1418/2565/1026 1434/2517/1026
f 2112/2568/817 1435/2512/817 1433/2518/817
f 2111/2566/765 1434/2517/765 1436/2511/765
f 2112/2568/766 2109/2564/766 1419/2561/766
f 2112/2568/767 1436/2511/767 1420/2559/767
f 2114/2569/1031 1415/2572/1031 1417/2567/1031
f 2113/2570/975 1418/2565/975 1416/2571/975
f 2114/2569/1025 2115/2573/1025 1431/2525/1025
f 2114/2569/1026 1416/2571/1026 1432/2523/1026
f 2116/2574/817 1433/2518/817 1431/2525/817
f 2115/2573/765 1432/2523/765 1434/2517/765
f 2116/2574/766 2113/2570/766 1417/2567/766
f 2116/2574/767 1434/2517/767 1418/2565/767
f 2118/2575/1031 1413/2578/1031 1415/2572/1031
f 2117/2576/975 1416/2571/975 1414/2577/975
f 2118/2575/1025 2119/2579/1025 1429/2531/1025
f 2118/2575/1026 1414/2577/1026 1430/2529/1026
f 2120/2580/817 1431/2525/817 1429/2531/817
f 2119/2579/765 1430/2529/765 1432/2523/765
f 2120/2580/766 2117/2576/766 1415/2572/766
f 2120/2580/767 1432/2523/767 1416/2571/767
f 2122/2581/1031 1411/1753/1031 1413/2578/1031
f 2121/2582/975 1414/2577/975 1412/1752/975
f 2122/2581/1025 2123/2583/1025 1427/1761/1025
f 2122/2581/1026 1412/1752/1026 1428/1760/1026
f 2124/2584/817 1429/2531/817 1427/1761/817
f 2123/2583/765 1428/1760/765 1430/2529/765
f 2124/2584/766 2121/2582/766 1413/2578/766
f 2124/2584/767 1430/2529/767 1414/2577/767
f 2126/2585/1125 1409/2590/1125 1323/2586/1125
f 2125/2587/1126 1324/2592/1126 1410/2588/1126
f 2127/2589/1033 1425/2541/1033 1409/2590/1033
f 2126/2585/1034 1410/2588/1034 1426/2540/1034
f 2127/2589/756 2128/2591/756 1327/2538/756
f 2128/2591/757 2127/2589/757 1426/2540/757
f 2125/2587/1037 1323/2586/1037 1327/2538/1037
f 2128/2591/1038 1328/2544/1038 1324/2592/1038
f 2130/2593/1039 1407/2597/1039 1409/2590/1039
f 2129/2594/985 1410/2588/985 1408/2595/985
f 2131/2596/1033 1423/2548/1033 1407/2597/1033
f 2130/2593/1034 1408/2595/1034 1424/2547/1034
f 2132/2598/809 1425/2541/809 1423/2548/809
f 2131/2596/757 1424/2547/757 1426/2540/757
f 2132/2598/758 2129/2594/758 1409/2590/758
f 2132/2598/759 1426/2540/759 1410/2588/759
f 2134/2599/1039 1405/2603/1039 1407/2597/1039
f 2133/2600/985 1408/2595/985 1406/2601/985
f 2135/2602/1033 1421/2554/1033 1405/2603/1033
f 2134/2599/1034 1406/2601/1034 1422/2553/1034
f 2136/2604/809 1423/2548/809 1421/2554/809
f 2135/2602/1040 1422/2553/1040 1424/2547/1040
f 2136/2604/758 2133/2600/758 1407/2597/758
f 2136/2604/759 1424/2547/759 1408/2595/759
f 2138/2605/1039 1403/2609/1039 1405/2603/1039
f 2138/2605/985 2137/2606/985 1406/2601/985
f 2139/2608/1033 1419/2561/1033 1403/2609/1033
f 2138/2605/1034 1404/2607/1034 1420/2559/1034
f 2140/2610/809 1421/2554/809 1419/2561/809
f 2139/2608/757 1420/2559/757 1422/2553/757
f 2140/2610/758 2137/2606/758 1405/2603/758
f 2140/2610/759 1422/2553/759 1406/2601/759
f 2142/2611/1039 1401/2615/1039 1403/2609/1039
f 2141/2612/985 1404/2607/985 1402/2613/985
f 2143/2614/1033 1417/2567/1033 1401/2615/1033
f 2142/2611/1034 1402/2613/1034 1418/2565/1034
f 2144/2616/809 1419/2561/809 1417/2567/809
f 2143/2614/1040 1418/2565/1040 1420/2559/1040
f 2141/2612/758 1403/2609/758 1419/2561/758
f 2141/2612/759 2144/2616/759 1420/2559/759
f 2145/2617/1039 2146/2620/1039 1399/2618/1039
f 2145/2617/985 1402/2613/985 1400/2619/985
f 2147/2621/1033 1415/2572/1033 1399/2618/1033
f 2146/2620/1034 1400/2619/1034 1416/2571/1034
f 2148/2622/809 1417/2567/809 1415/2572/809
f 2147/2621/1040 1416/2571/1040 1418/2565/1040
f 2145/2617/758 1401/2615/758 1417/2567/758
f 2145/2617/759 2148/2622/759 1418/2565/759
f 2150/2623/1039 1397/2627/1039 1399/2618/1039
f 2149/2624/985 1400/2619/985 1398/2625/985
f 2151/2626/1033 1413/2578/1033 1397/2627/1033
f 2151/2626/1034 2150/2623/1034 1398/2625/1034
f 2152/2628/809 1415/2572/809 1413/2578/809
f 2151/2626/1040 1414/2577/1040 1416/2571/1040
f 2152/2628/758 2149/2624/758 1399/2618/758
f 2152/2628/759 1416/2571/759 1400/2619/759
f 2154/2629/1039 1395/1745/1039 1397/2627/1039
f 2153/2630/985 1398/2625/985 1396/1744/985
f 2155/2631/1033 1411/1753/1033 1395/1745/1033
f 2154/2629/1034 1396/1744/1034 1412/1752/1034
f 2156/2632/809 1413/2578/809 1411/1753/809
f 2155/2631/1040 1412/1752/1040 1414/2577/1040
f 2156/2632/758 2153/2630/758 1397/2627/758
f 2156/2632/759 1414/2577/759 1398/2625/759
f 2158/2633/1127 1379/2638/1127 1319/2634/1127
f 2157/2635/1128 1320/2640/1128 1380/2636/1128
f 2159/2637/1043 1409/2590/1043 1379/2638/1043
f 2159/2637/1044 2158/2633/1044 1380/2636/1044
f 2159/2637/748 2160/2639/748 1323/2586/748
f 2160/2639/749 2159/2637/749 1410/2588/749
f 2157/2635/1047 1319/2634/1047 1323/2586/1047
f 2160/2639/1048 1324/2592/1048 1320/2640/1048
f 2162/2641/1051 1381/2644/1051 1379/2638/1051
f 2161/2642/1050 1380/2636/1050 1382/2643/1050
f 2162/2641/1043 2163/2645/1043 1407/2597/1043
f 2163/2645/1044 2162/2641/1044 1382/2643/1044
f 2164/2646/803 1409/2590/803 1407/2597/803
f 2163/2645/749 1408/2595/749 1410/2588/749
f 2164/2646/750 2161/2642/750 1379/2638/750
f 2161/2642/751 2164/2646/751 1410/2588/751
f 2166/2647/1051 1383/2650/1051 1381/2644/1051
f 2165/2648/1050 1382/2643/1050 1384/2649/1050
f 2166/2647/1043 2167/2651/1043 1405/2603/1043
f 2167/2651/1044 2166/2647/1044 1384/2649/1044
f 2168/2652/803 1407/2597/803 1405/2603/803
f 2167/2651/749 1406/2601/749 1408/2595/749
f 2168/2652/750 2165/2648/750 1381/2644/750
f 2165/2648/751 2168/2652/751 1408/2595/751
f 2170/2653/1051 1385/2657/1051 1383/2650/1051
f 2169/2654/1050 1384/2649/1050 1386/2655/1050
f 2171/2656/1043 1403/2609/1043 1385/2657/1043
f 2170/2653/1044 1386/2655/1044 1404/2607/1044
f 2172/2658/803 1405/2603/803 1403/2609/803
f 2171/2656/749 1404/2607/749 1406/2601/749
f 2172/2658/750 2169/2654/750 1383/2650/750
f 2169/2654/751 2172/2658/751 1406/2601/751
f 2174/2659/1051 1387/2663/1051 1385/2657/1051
f 2173/2660/1050 1386/2655/1050 1388/2661/1050
f 2175/2662/1043 1401/2615/1043 1387/2663/1043
f 2174/2659/1044 1388/2661/1044 1402/2613/1044
f 2176/2664/803 1403/2609/803 1401/2615/803
f 2175/2662/749 1402/2613/749 1404/2607/749
f 2176/2664/750 2173/2660/750 1385/2657/750
f 2176/2664/751 1404/2607/751 1386/2655/751
f 2178/2665/1051 1389/2668/1051 1387/2663/1051
f 2177/2666/1050 1388/2661/1050 1390/2667/1050
f 2178/2665/1043 2179/2669/1043 1399/2618/1043
f 2179/2669/1044 2178/2665/1044 1390/2667/1044
f 2180/2670/803 1401/2615/803 1399/2618/803
f 2179/2669/749 1400/2619/749 1402/2613/749
f 2177/2666/750 1387/2663/750 1401/2615/750
f 2180/2670/751 1402/2613/751 1388/2661/751
f 2182/2671/1051 1391/2674/1051 1389/2668/1051
f 2181/2672/1050 1390/2667/1050 1392/2673/1050
f 2182/2671/1043 2183/2675/1043 1397/2627/1043
f 2183/2675/1044 2182/2671/1044 1392/2673/1044
f 2184/2676/803 1399/2618/803 1397/2627/803
f 2183/2675/749 1398/2625/749 1400/2619/749
f 2181/2672/750 1389/2668/750 1399/2618/750
f 2184/2676/751 1400/2619/751 1390/2667/751
f 2186/2677/1051 1393/1736/1051 1391/2674/1051
f 2185/2678/1050 1392/2673/1050 1394/1738/1050
f 2186/2677/1043 2187/2679/1043 1395/1745/1043
f 2187/2679/1044 2186/2677/1044 1394/1738/1044
f 2188/2680/803 1397/2627/803 1395/1745/803
f 2187/2679/749 1396/1744/749 1398/2625/749
f 2185/2678/750 1391/2674/750 1397/2627/750
f 2185/2678/751 2188/2680/751 1398/2625/751
o 立方体_立方体.004
v -0.657330 -0.483748 0.483748
v -0.669301 -0.322499 0.483748
v -0.665421 -0.161249 0.483748
v -0.666159 0.000000 0.483748
v -0.659326 0.161249 0.483748
v -0.638363 0.322499 0.483748
v -0.643370 0.483748 0.483748
v -0.644576 -0.483748 0.322499
v -0.656679 -0.322499 0.322499
v -0.662046 -0.161250 0.322499
v -0.673031 0.000000 0.322499
v -0.670379 0.161249 0.322499
v -0.656155 0.322499 0.322499
v -0.661384 0.483748 0.322499
v -0.634367 -0.483748 0.161249
v -0.638921 -0.322499 0.161249
v -0.649638 -0.161250 0.161249
v -0.672886 -0.000000 0.161249
v -0.675038 0.161249 0.161249
v -0.658386 0.322499 0.161249
v -0.648528 0.483748 0.161249
v -0.624407 -0.483748 0.000000
v -0.625958 -0.322499 0.000000
v -0.626229 -0.161249 -0.000000
v -0.644998 0.000000 0.000000
v -0.652702 0.161249 0.000000
v -0.638996 0.322499 0.000000
v -0.631164 0.483748 0.000000
v -0.614448 -0.483748 -0.161249
v -0.608735 -0.322499 -0.161250
v -0.605533 -0.161250 -0.161249
v -0.627727 0.000000 -0.161249
v -0.639912 0.161249 -0.161249
v -0.629705 0.322499 -0.161250
v -0.637914 0.483748 -0.161249
v -0.630417 -0.483748 -0.322499
v -0.620455 -0.322499 -0.322499
v -0.611637 -0.161250 -0.322499
v -0.634324 0.000000 -0.322499
v -0.649658 0.161249 -0.322499
v -0.638906 0.322499 -0.322499
v -0.648526 0.483748 -0.322499
v -0.636719 -0.483748 -0.483748
v -0.641580 -0.322499 -0.483748
v -0.637154 -0.161249 -0.483748
v -0.639525 0.000000 -0.483748
v -0.650505 0.161249 -0.483748
v -0.651800 0.322499 -0.483748
v -0.654887 0.483748 -0.483748
v -0.483748 -0.483748 -0.626040
v -0.483748 -0.322499 -0.624272
v -0.483748 -0.161249 -0.642804
v -0.483748 -0.000000 -0.658114
v -0.483748 0.161249 -0.647978
v -0.483748 0.322499 -0.631001
v -0.483748 0.483748 -0.629504
v -0.322499 -0.483748 -0.640183
v -0.322499 -0.322499 -0.644637
v -0.322499 -0.161249 -0.639252
v -0.322499 -0.000000 -0.648900
v -0.322499 0.161249 -0.651740
v -0.322499 0.322499 -0.637450
v -0.322499 0.483748 -0.631693
v -0.161249 -0.483748 -0.650689
v -0.161250 -0.322499 -0.654526
v -0.161249 -0.161250 -0.649669
v -0.161250 0.000000 -0.639892
v -0.161249 0.161250 -0.637090
v -0.161250 0.322499 -0.637279
v -0.161249 0.483748 -0.630539
v -0.000000 -0.483748 -0.646983
v -0.000000 -0.322499 -0.647209
v -0.000000 -0.161250 -0.660600
v 0.000000 0.000000 -0.644998
v -0.000000 0.161249 -0.631385
v 0.000000 0.322499 -0.638611
v -0.000000 0.483748 -0.635521
v 0.161249 -0.483748 -0.636142
v 0.161250 -0.322499 -0.648664
v 0.161249 -0.161250 -0.661552
v 0.161249 0.000000 -0.649330
v 0.161250 0.161249 -0.649828
v 0.161249 0.322499 -0.657278
v 0.161249 0.483748 -0.647542
v 0.322499 -0.483748 -0.623549
v 0.322499 -0.322499 -0.635467
v 0.322499 -0.161249 -0.654282
v 0.322499 0.000000 -0.655685
v 0.322499 0.161250 -0.652406
v 0.322499 0.322499 -0.643846
v 0.322499 0.483748 -0.634074
v 0.483748 -0.483748 -0.626912
v 0.483748 -0.322499 -0.623815
v 0.483748 -0.161249 -0.644100
v 0.483748 -0.000000 -0.653887
v 0.483748 0.161249 -0.642357
v 0.483748 0.322499 -0.631461
v 0.483748 0.483748 -0.623410
v 0.654470 -0.483748 -0.483748
v 0.644437 -0.322499 -0.483748
v 0.635198 -0.161249 -0.483748
v 0.622159 0.000000 -0.483748
v 0.619690 0.161249 -0.483748
v 0.631868 0.322499 -0.483748
v 0.631464 0.483748 -0.483748
v 0.652379 -0.483748 -0.322499
v 0.641155 -0.322499 -0.322499
v 0.630794 -0.161249 -0.322499
v 0.613013 0.000000 -0.322499
v 0.602825 0.161249 -0.322499
v 0.615242 0.322499 -0.322499
v 0.617160 0.483748 -0.322499
v 0.666236 -0.483748 -0.161249
v 0.647720 -0.322499 -0.161250
v 0.642723 -0.161250 -0.161249
v 0.638979 0.000000 -0.161250
v 0.625932 0.161250 -0.161249
v 0.627324 0.322499 -0.161250
v 0.623989 0.483748 -0.161249
v 0.674117 -0.483748 -0.000000
v 0.674326 -0.322499 -0.000000
v 0.655168 -0.161250 -0.000000
v 0.644998 0.000000 0.000000
v 0.635605 0.161249 -0.000000
v 0.629965 0.322499 0.000000
v 0.630267 0.483748 -0.000000
v 0.664706 -0.483748 0.161249
v 0.668184 -0.322499 0.161250
v 0.652664 -0.161250 0.161249
v 0.635934 0.000000 0.161249
v 0.627384 0.161249 0.161250
v 0.623006 0.322499 0.161249
v 0.623688 0.483748 0.161249
v 0.667074 -0.483748 0.322499
v 0.657769 -0.322499 0.322499
v 0.653740 -0.161249 0.322499
v 0.641318 -0.000000 0.322499
v 0.631536 0.161250 0.322499
v 0.626873 0.322499 0.322499
v 0.615169 0.483748 0.322499
v 0.657385 -0.483748 0.483748
v 0.652082 -0.322499 0.483748
v 0.650235 -0.161249 0.483748
v 0.639168 0.000000 0.483748
v 0.635220 0.161249 0.483748
v 0.634126 0.322499 0.483748
v 0.629667 0.483748 0.483748
v 0.483748 -0.483748 0.662208
v 0.483748 -0.322499 0.666621
v 0.483748 -0.161249 0.663091
v 0.483748 -0.000000 0.650033
v 0.483748 0.161249 0.640334
v 0.483748 0.322499 0.618882
v 0.483748 0.483748 0.618986
v 0.322499 -0.483748 0.668062
v 0.322499 -0.322499 0.661595
v 0.322499 -0.161249 0.661836
v 0.322499 -0.000000 0.653890
v 0.322499 0.161249 0.652002
v 0.322499 0.322499 0.627321
v 0.322499 0.483748 0.623296
v 0.161249 -0.483748 0.652375
v 0.161250 -0.322499 0.652278
v 0.161249 -0.161250 0.660494
v 0.161250 -0.000000 0.667763
v 0.161249 0.161250 0.657738
v 0.161250 0.322499 0.638112
v 0.161249 0.483748 0.631394
v 0.000000 -0.483748 0.639656
v 0.000000 -0.322499 0.641709
v 0.000000 -0.161250 0.639996
v -0.000000 0.000000 0.644998
v 0.000000 0.161249 0.634661
v 0.000000 0.322499 0.629986
v 0.000000 0.483748 0.638413
v -0.161249 -0.483748 0.633218
v -0.161250 -0.322499 0.635498
v -0.161249 -0.161250 0.630016
v -0.161249 -0.000000 0.631363
v -0.161250 0.161249 0.634754
v -0.161249 0.322499 0.632337
v -0.161249 0.483748 0.641891
v -0.322499 -0.483748 0.616557
v -0.322499 -0.322499 0.629774
v -0.322499 -0.161249 0.634210
v -0.322499 0.000000 0.645878
v -0.322499 0.161250 0.651995
v -0.322499 0.322499 0.637899
v -0.322499 0.483748 0.631169
v -0.483748 -0.483748 0.621326
v -0.483748 -0.322499 0.639032
v -0.483748 -0.161249 0.643767
v -0.483748 0.000000 0.653650
v -0.483748 0.161249 0.653538
v -0.483748 0.322499 0.632767
v -0.483748 0.483748 0.624297
v -0.483748 -0.658088 -0.483748
v -0.322499 -0.654159 -0.483748
v -0.161249 -0.662205 -0.483748
v -0.000000 -0.656234 -0.483748
v 0.161249 -0.641316 -0.483748
v 0.322499 -0.639756 -0.483748
v 0.483748 -0.651937 -0.483748
v -0.483748 -0.653672 -0.322499
v -0.322499 -0.652512 -0.322499
v -0.161249 -0.666131 -0.322499
v -0.000000 -0.657370 -0.322499
v 0.161249 -0.645285 -0.322499
v 0.322499 -0.647764 -0.322499
v 0.483748 -0.656561 -0.322499
v -0.483748 -0.645712 -0.161249
v -0.322499 -0.652069 -0.161250
v -0.161250 -0.652380 -0.161249
v -0.000000 -0.647686 -0.161250
v 0.161250 -0.648726 -0.161249
v 0.322499 -0.650868 -0.161250
v 0.483748 -0.655568 -0.161249
v -0.483748 -0.646380 -0.000000
v -0.322499 -0.643079 -0.000000
v -0.161250 -0.637204 -0.000000
v 0.000000 -0.644998 0.000000
v 0.161249 -0.649168 -0.000000
v 0.322499 -0.643915 0.000000
v 0.483748 -0.637225 0.000000
v -0.483748 -0.650105 0.161249
v -0.322499 -0.643302 0.161250
v -0.161250 -0.633629 0.161249
v -0.000000 -0.636227 0.161249
v 0.161249 -0.645970 0.161250
v 0.322499 -0.652266 0.161249
v 0.483748 -0.637008 0.161249
v -0.483748 -0.638960 0.322499
v -0.322499 -0.624158 0.322499
v -0.161249 -0.618914 0.322499
v -0.000000 -0.623330 0.322499
v 0.161250 -0.636094 0.322499
v 0.322499 -0.648781 0.322499
v 0.483748 -0.645542 0.322499
v -0.483748 -0.618345 0.483748
v -0.322499 -0.603636 0.483748
v -0.161249 -0.619820 0.483748
v -0.000000 -0.631278 0.483748
v 0.161249 -0.641190 0.483748
v 0.322499 -0.654382 0.483748
v 0.483748 -0.660457 0.483748
v 0.483748 0.618725 -0.483748
v 0.322499 0.621550 -0.483748
v 0.161249 0.635613 -0.483748
v -0.000000 0.644599 -0.483748
v -0.161249 0.640209 -0.483748
v -0.322499 0.645724 -0.483748
v -0.483748 0.655317 -0.483748
v 0.483748 0.638331 -0.322499
v 0.322499 0.644263 -0.322499
v 0.161249 0.638831 -0.322499
v -0.000000 0.643641 -0.322499
v -0.161249 0.643567 -0.322499
v -0.322499 0.647050 -0.322499
v -0.483748 0.652985 -0.322499
v 0.483748 0.658761 -0.161249
v 0.322499 0.678205 -0.161250
v 0.161250 0.666036 -0.161249
v 0.000000 0.646610 -0.161250
v -0.161250 0.640352 -0.161249
v -0.322499 0.643902 -0.161250
v -0.483748 0.647273 -0.161249
v 0.483748 0.662579 -0.000000
v 0.322499 0.671519 -0.000000
v 0.161250 0.669101 -0.000000
v 0.000000 0.644998 0.000000
v -0.161249 0.630334 -0.000000
v -0.322499 0.631879 0.000000
v -0.483748 0.634415 -0.000000
v 0.483748 0.655793 0.161249
v 0.322499 0.653676 0.161250
v 0.161250 0.637090 0.161249
v 0.000000 0.613719 0.161249
v -0.161250 0.603407 0.161250
v -0.322499 0.615441 0.161249
v -0.483748 0.631770 0.161249
v 0.483748 0.635128 0.322499
v 0.322499 0.630185 0.322499
v 0.161249 0.618746 0.322499
v 0.000000 0.614352 0.322499
v -0.161250 0.608717 0.322499
v -0.322499 0.629610 0.322499
v -0.483748 0.648603 0.322499
v 0.483748 0.624988 0.483748
v 0.322499 0.610926 0.483748
v 0.161249 0.613263 0.483748
v 0.000000 0.627066 0.483748
v -0.161249 0.634595 0.483748
v -0.322499 0.641754 0.483748
v -0.483748 0.650113 0.483748
v -0.598726 -0.639682 0.587850
v -0.596670 -0.587441 0.637877
v -0.648040 -0.597674 0.595978
v -0.594662 -0.622998 0.622588
v -0.625156 -0.621463 0.620896
v -0.632008 -0.592834 0.628829
v -0.633349 -0.630594 0.592973
v -0.591064 0.594404 0.639932
v -0.597658 0.646373 0.594433
v -0.643205 0.597971 0.591398
v -0.593967 0.630179 0.628300
v -0.623035 0.624369 0.621880
v -0.631566 0.632585 0.593920
v -0.626857 0.594520 0.625997
v -0.596042 -0.648066 -0.597636
v -0.640517 -0.596362 -0.590115
v -0.590376 -0.598194 -0.642177
v -0.629644 -0.631949 -0.594177
v -0.622152 -0.625181 -0.622704
v -0.625391 -0.595217 -0.625801
v -0.594224 -0.633158 -0.631270
v -0.599732 0.649389 -0.595431
v -0.592725 0.595290 -0.642377
v -0.646886 0.599992 -0.593142
v -0.596203 0.631699 -0.629687
v -0.624835 0.625865 -0.623288
v -0.629177 0.596631 -0.627979
v -0.634014 0.634823 -0.596161
v 0.598288 -0.652918 0.599885
v 0.645417 -0.598499 0.592937
v 0.593160 -0.600303 0.647213
v 0.632595 -0.634853 0.597625
v 0.624675 -0.627469 0.625246
v 0.628893 -0.598409 0.629354
v 0.597691 -0.636031 0.634238
v 0.595987 0.641862 0.591649
v 0.592963 0.591475 0.639029
v 0.643230 0.595895 0.593049
v 0.592947 0.626745 0.625967
v 0.622864 0.622284 0.621232
v 0.628215 0.592713 0.627010
v 0.630351 0.629923 0.592577
v 0.598379 -0.646208 -0.593726
v 0.594108 -0.593500 -0.642041
v 0.646796 -0.598323 -0.594291
v 0.595525 -0.629523 -0.628369
v 0.624691 -0.624449 -0.622956
v 0.630124 -0.595429 -0.628784
v 0.633065 -0.632877 -0.595278
v 0.593161 0.637445 -0.589640
v 0.643260 0.593164 -0.595804
v 0.596078 0.589933 -0.640072
v 0.628324 0.626622 -0.591790
v 0.622788 0.620452 -0.621401
v 0.630346 0.591735 -0.629332
v 0.592404 0.624157 -0.624840
v -0.597716 -0.650570 -0.483748
v -0.644091 -0.597703 -0.483748
v -0.631837 -0.633731 -0.483748
v -0.592620 -0.645776 -0.322499
v -0.638502 -0.592616 -0.322499
v -0.626588 -0.628717 -0.322499
v -0.585782 -0.638745 -0.161249
v -0.628568 -0.586116 -0.161249
v -0.618850 -0.621928 -0.161249
v -0.595296 -0.645424 -0.000000
v -0.638701 -0.595690 0.000000
v -0.628596 -0.630681 0.000000
v -0.601660 -0.650989 0.161249
v -0.646348 -0.601912 0.161249
v -0.635336 -0.636769 0.161249
v -0.604076 -0.649328 0.322499
v -0.650960 -0.603965 0.322499
v -0.638319 -0.637809 0.322499
v -0.604106 -0.642880 0.483748
v -0.654137 -0.603126 0.483748
v -0.638933 -0.635349 0.483748
v -0.597977 -0.483748 0.639327
v -0.650180 -0.483748 0.597474
v -0.633599 -0.483748 0.630272
v -0.596920 -0.322499 0.644265
v -0.653434 -0.322499 0.597350
v -0.634035 -0.322499 0.631475
v -0.593812 -0.161249 0.643589
v -0.650262 -0.161249 0.594277
v -0.630931 -0.161249 0.629113
v -0.595365 0.000000 0.647661
v -0.651465 0.000000 0.595722
v -0.632355 0.000000 0.631345
v -0.599692 0.161249 0.650635
v -0.652367 0.161249 0.599771
v -0.635706 0.161249 0.635222
v -0.590807 0.322499 0.638037
v -0.639810 0.322499 0.590758
v -0.625736 0.322499 0.625202
v -0.581915 0.483748 0.629145
v -0.635545 0.483748 0.582034
v -0.618203 0.483748 0.616363
v -0.602812 0.651805 0.483748
v -0.649823 0.602878 0.483748
v -0.637167 0.637767 0.483748
v -0.600011 0.649382 0.322499
v -0.653201 0.600133 0.322499
v -0.636178 0.635095 0.322499
v -0.594964 0.640589 0.161249
v -0.645758 0.594826 0.161249
v -0.630368 0.628813 0.161249
v -0.595390 0.641742 -0.000000
v -0.640749 0.595467 0.000000
v -0.629224 0.629537 0.000000
v -0.604171 0.651928 -0.161249
v -0.649212 0.604347 -0.161249
v -0.637940 0.638788 -0.161249
v -0.607911 0.656290 -0.322499
v -0.655018 0.607959 -0.322499
v -0.642296 0.642683 -0.322499
v -0.609789 0.658320 -0.483748
v -0.658198 0.609790 -0.483748
v -0.644560 0.644596 -0.483748
v -0.587026 0.483748 -0.634356
v -0.642562 0.483748 -0.587326
v -0.623863 0.483748 -0.621547
v -0.585863 0.322499 -0.634066
v -0.640846 0.322499 -0.586128
v -0.622552 0.322499 -0.620644
v -0.588505 0.161249 -0.641292
v -0.642099 0.161249 -0.588567
v -0.624756 0.161249 -0.624537
v -0.595435 -0.000000 -0.649029
v -0.643311 -0.000000 -0.595292
v -0.629987 -0.000000 -0.631620
v -0.596159 -0.161249 -0.644941
v -0.643211 -0.161249 -0.596213
v -0.630538 -0.161249 -0.631061
v -0.584461 -0.322499 -0.630865
v -0.636581 -0.322499 -0.584446
v -0.620294 -0.322499 -0.618615
v -0.578276 -0.483748 -0.627349
v -0.631026 -0.483748 -0.578388
v -0.614339 -0.483748 -0.613295
v 0.483748 -0.643289 -0.589720
v 0.483748 -0.589703 -0.635317
v 0.483748 -0.625920 -0.623590
v 0.322499 -0.635536 -0.583792
v 0.322499 -0.583852 -0.630164
v 0.322499 -0.619530 -0.617939
v 0.161249 -0.637660 -0.586225
v 0.161249 -0.586190 -0.635971
v 0.161249 -0.621851 -0.621366
v -0.000000 -0.648452 -0.595429
v -0.000000 -0.595306 -0.645610
v -0.000000 -0.631455 -0.630659
v -0.161249 -0.653505 -0.600255
v -0.161249 -0.600111 -0.650069
v -0.161249 -0.636333 -0.635369
v -0.322499 -0.651972 -0.601370
v -0.322499 -0.601459 -0.647828
v -0.322499 -0.636795 -0.635555
v -0.483748 -0.654252 -0.602992
v -0.483748 -0.603564 -0.644920
v -0.483748 -0.638745 -0.635844
v -0.483748 0.648036 -0.595190
v -0.483748 0.595308 -0.640096
v -0.483748 0.631250 -0.628890
v -0.322499 0.645582 -0.595803
v -0.322499 0.595985 -0.641285
v -0.322499 0.631029 -0.629718
v -0.161249 0.640312 -0.590635
v -0.161249 0.590736 -0.637249
v -0.161249 0.625812 -0.624885
v -0.000000 0.644875 -0.595261
v -0.000000 0.595351 -0.642080
v -0.000000 0.630421 -0.629576
v 0.161249 0.644991 -0.599418
v 0.161249 0.599267 -0.648569
v 0.161249 0.633264 -0.634356
v 0.322499 0.632481 -0.588156
v 0.322499 0.587913 -0.636503
v 0.322499 0.621574 -0.622824
v 0.483748 0.624486 -0.577837
v 0.483748 0.577769 -0.626103
v 0.483748 0.612063 -0.612557
v 0.641826 0.483748 -0.596885
v 0.597167 0.483748 -0.639416
v 0.630623 0.483748 -0.629834
v 0.642897 0.322499 -0.598210
v 0.598224 0.322499 -0.642776
v 0.631786 0.322499 -0.631747
v 0.636344 0.161249 -0.594593
v 0.594050 0.161249 -0.643301
v 0.627014 0.161249 -0.629211
v 0.638030 0.000000 -0.595802
v 0.595393 -0.000000 -0.647732
v 0.628428 0.000000 -0.631390
v 0.639149 -0.161249 -0.591318
v 0.591298 -0.161249 -0.641961
v 0.625889 -0.161249 -0.626719
v 0.637415 -0.322499 -0.584396
v 0.584375 -0.322499 -0.630609
v 0.620447 -0.322499 -0.618460
v 0.645344 -0.483748 -0.591655
v 0.591664 -0.483748 -0.636679
v 0.627888 -0.483748 -0.625347
v 0.605126 -0.656477 0.483748
v 0.655584 -0.605110 0.483748
v 0.640500 -0.640756 0.483748
v 0.596173 -0.645807 0.322499
v 0.652355 -0.596619 0.322499
v 0.633236 -0.631449 0.322499
v 0.585667 -0.635937 0.161249
v 0.644840 -0.586607 0.161249
v 0.623604 -0.621272 0.161249
v 0.595297 -0.642602 0.000000
v 0.653832 -0.596081 -0.000000
v 0.633028 -0.629969 -0.000000
v 0.608120 -0.657204 -0.161249
v 0.660249 -0.608174 -0.161249
v 0.643991 -0.643115 -0.161249
v 0.602762 -0.653685 -0.322499
v 0.652452 -0.602744 -0.322499
v 0.637911 -0.638267 -0.322499
v 0.604974 -0.653899 -0.483748
v 0.654635 -0.604966 -0.483748
v 0.640118 -0.639900 -0.483748
v 0.588673 0.631829 -0.483748
v 0.635888 0.588332 -0.483748
v 0.622929 0.621641 -0.483748
v 0.583833 0.635101 -0.322499
v 0.628108 0.584089 -0.322499
v 0.617373 0.619496 -0.322499
v 0.587034 0.643466 -0.161249
v 0.632222 0.586642 -0.161249
v 0.620629 0.623808 -0.161249
v 0.595597 0.650384 -0.000000
v 0.640476 0.595498 -0.000000
v 0.629204 0.632077 -0.000000
v 0.598487 0.650442 0.161249
v 0.640817 0.598960 0.161249
v 0.631446 0.634404 0.161249
v 0.590440 0.638532 0.322499
v 0.632285 0.591030 0.322499
v 0.623273 0.625275 0.322499
v 0.597411 0.640123 0.483748
v 0.641521 0.597251 0.483748
v 0.630740 0.630283 0.483748
v 0.588229 0.483748 0.631606
v 0.635017 0.483748 0.587938
v 0.622369 0.483748 0.621284
v 0.588144 0.322499 0.631510
v 0.636395 0.322499 0.587798
v 0.622711 0.322499 0.621179
v 0.591394 0.161249 0.640847
v 0.639233 0.161249 0.591426
v 0.625988 0.161249 0.626470
v 0.595332 -0.000000 0.646549
v 0.643202 0.000000 0.595336
v 0.629925 -0.000000 0.630907
v 0.599802 -0.161249 0.653440
v 0.649596 -0.161249 0.599628
v 0.634898 -0.161249 0.635973
v 0.594795 -0.322499 0.650943
v 0.646501 -0.322499 0.594364
v 0.630319 -0.322499 0.631494
v 0.587525 -0.483748 0.644763
v 0.643248 -0.483748 0.587294
v 0.624143 -0.483748 0.624519
v -0.483748 -0.619043 0.569548
v -0.483748 -0.569569 0.620139
v -0.483748 -0.604721 0.605035
v -0.322499 -0.616556 0.574222
v -0.322499 -0.573805 0.621097
v -0.322499 -0.606955 0.608408
v -0.161249 -0.635103 0.592652
v -0.161249 -0.592260 0.639261
v -0.161249 -0.625425 0.626758
v -0.000000 -0.640772 0.595333
v 0.000000 -0.595193 0.643348
v 0.000000 -0.629173 0.629968
v 0.161249 -0.649486 0.603224
v 0.161249 -0.603118 0.652773
v 0.161249 -0.637335 0.638329
v 0.322499 -0.662464 0.615776
v 0.322499 -0.615702 0.666209
v 0.322499 -0.650029 0.651147
v 0.483748 -0.660683 0.610947
v 0.483748 -0.610960 0.661176
v 0.483748 -0.646156 0.646297
v 0.483748 0.630399 0.583420
v 0.483748 0.583579 0.628418
v 0.483748 0.617803 0.617176
v 0.322499 0.624889 0.582589
v 0.322499 0.582196 0.628981
v 0.322499 0.615267 0.616580
v 0.161249 0.626773 0.584104
v 0.161249 0.583680 0.632741
v 0.161249 0.616901 0.618773
v -0.000000 0.639499 0.595551
v 0.000000 0.595295 0.642968
v 0.000000 0.628830 0.629921
v -0.161249 0.651170 0.608406
v -0.161249 0.608178 0.653218
v -0.161249 0.641294 0.641961
v -0.322499 0.647154 0.599781
v -0.322499 0.600017 0.644007
v -0.322499 0.634306 0.633315
v -0.483748 0.644515 0.592296
v -0.483748 0.592517 0.636437
v -0.483748 0.628225 0.625794
vt 0.406250 0.031250
vt 0.437500 0.062500
vt 0.406250 0.062500
vt 0.437500 0.031250
vt 0.468750 0.062500
vt 0.500000 0.031250
vt 0.468750 0.031250
vt 0.531250 0.062500
vt 0.500000 0.062500
vt 0.531250 0.031250
vt 0.562500 0.062500
vt 0.593750 0.031250
vt 0.562500 0.031250
vt 0.437500 0.093750
vt 0.406250 0.093750
vt 0.468750 0.093750
vt 0.500000 0.093750
vt 0.531250 0.093750
vt 0.562500 0.093750
vt 0.593750 0.062500
vt 0.437500 0.125000
vt 0.406250 0.125000
vt 0.468750 0.125000
vt 0.500000 0.125000
vt 0.531250 0.125000
vt 0.593750 0.093750
vt 0.562500 0.125000
vt 0.406250 0.156250
vt 0.437500 0.156250
vt 0.500000 0.156250
vt 0.468750 0.156250
vt 0.531250 0.156250
vt 0.593750 0.156250
vt 0.562500 0.156250
vt 0.437500 0.187500
vt 0.406250 0.187500
vt 0.468750 0.187500
vt 0.500000 0.187500
vt 0.562500 0.187500
vt 0.531250 0.187500
vt 0.437500 0.218750
vt 0.406250 0.218750
vt 0.468750 0.218750
vt 0.500000 0.218750
vt 0.562500 0.218750
vt 0.531250 0.218750
vt 0.593750 0.187500
vt 0.386487 0.968750
vt 0.406250 0.990608
vt 0.385139 0.990542
vt 0.437500 0.968750
vt 0.468750 0.990279
vt 0.437500 0.990472
vt 0.500000 0.968750
vt 0.468750 0.968750
vt 0.531250 0.968750
vt 0.500000 0.990381
vt 0.562500 0.990096
vt 0.531250 0.990624
vt 0.562500 0.968750
vt 0.593750 0.989499
vt 0.865641 0.687500
vt 0.843750 0.718750
vt 0.843750 0.687500
vt 0.865524 0.740320
vt 0.843750 0.740191
vt 0.865368 0.656250
vt 0.843750 0.656250
vt 0.843750 0.625000
vt 0.843750 0.593750
vt 0.865386 0.625000
vt 0.843750 0.562500
vt 0.865873 0.593750
vt 0.843750 0.531250
vt 0.866067 0.562500
vt 0.562500 0.260230
vt 0.593750 0.281250
vt 0.562500 0.281250
vt 0.593750 0.260147
vt 0.615397 0.281250
vt 0.531250 0.281250
vt 0.531250 0.260044
vt 0.500000 0.281250
vt 0.500000 0.259605
vt 0.468750 0.281250
vt 0.468750 0.259584
vt 0.437500 0.260319
vt 0.437500 0.281250
vt 0.406250 0.260778
vt 0.406250 0.281250
vt 0.312500 0.510365
vt 0.343750 0.531250
vt 0.312500 0.531250
vt 0.384083 0.281250
vt 0.384373 0.259931
vt 0.156250 0.562500
vt 0.135219 0.593750
vt 0.134776 0.562500
vt 0.156250 0.625000
vt 0.134632 0.625000
vt 0.156250 0.656250
vt 0.134266 0.656250
vt 0.134266 0.656250
vt 0.156250 0.687500
vt 0.134111 0.687500
vt 0.134003 0.718750
vt 0.406250 0.990608
vt 0.406250 0.968750
vt 0.406250 0.312500
vt 0.437500 0.312500
vt 0.500000 0.312500
vt 0.468750 0.312500
vt 0.562500 0.312500
vt 0.531250 0.312500
vt 0.593750 0.312500
vt 0.406250 0.343750
vt 0.468750 0.343750
vt 0.437500 0.343750
vt 0.500000 0.343750
vt 0.531250 0.343750
vt 0.562500 0.343750
vt 0.437500 0.375000
vt 0.406250 0.375000
vt 0.500000 0.375000
vt 0.468750 0.375000
vt 0.562500 0.375000
vt 0.531250 0.375000
vt 0.593750 0.375000
vt 0.437500 0.406250
vt 0.406250 0.406250
vt 0.500000 0.406250
vt 0.468750 0.406250
vt 0.531250 0.406250
vt 0.593750 0.406250
vt 0.562500 0.406250
vt 0.437500 0.437500
vt 0.406250 0.437500
vt 0.468750 0.437500
vt 0.531250 0.437500
vt 0.500000 0.437500
vt 0.562500 0.437500
vt 0.437500 0.468750
vt 0.406250 0.468750
vt 0.468750 0.468750
vt 0.500000 0.468750
vt 0.531250 0.468750
vt 0.593750 0.437500
vt 0.562500 0.468750
vt 0.865658 0.509605
vt 0.843750 0.509626
vt 0.406250 0.239247
vt 0.437500 0.239678
vt 0.500000 0.240367
vt 0.468750 0.240426
vt 0.531250 0.239968
vt 0.562500 0.239825
vt 0.593750 0.218750
vt 0.343750 0.718750
vt 0.365563 0.740651
vt 0.343750 0.741205
vt 0.781250 0.509922
vt 0.812500 0.531250
vt 0.781250 0.531250
vt 0.750000 0.531250
vt 0.750000 0.509639
vt 0.718750 0.531250
vt 0.718750 0.509378
vt 0.687500 0.510052
vt 0.687500 0.531250
vt 0.656250 0.510800
vt 0.656250 0.531250
vt 0.593750 0.509508
vt 0.562500 0.531250
vt 0.562500 0.509428
vt 0.614939 0.531250
vt 0.593750 0.531250
vt 0.531250 0.509598
vt 0.531250 0.531250
vt 0.500000 0.531250
vt 0.500000 0.509534
vt 0.468750 0.509869
vt 0.468750 0.531250
vt 0.437500 0.510311
vt 0.437500 0.531250
vt 0.406250 0.531250
vt 0.406250 0.509828
vt 0.365413 0.687500
vt 0.343750 0.687500
vt 0.384435 0.509673
vt 0.384092 0.531250
vt 0.281250 0.531250
vt 0.281250 0.510201
vt 0.250000 0.531250
vt 0.250000 0.509606
vt 0.218750 0.531250
vt 0.218750 0.509325
vt 0.187500 0.531250
vt 0.187500 0.509280
vt 0.156250 0.531250
vt 0.156250 0.509188
vt 0.812500 0.509604
vt 0.406250 0.562500
vt 0.437500 0.562500
vt 0.468750 0.562500
vt 0.500000 0.562500
vt 0.562500 0.562500
vt 0.531250 0.562500
vt 0.593750 0.562500
vt 0.437500 0.593750
vt 0.406250 0.593750
vt 0.468750 0.593750
vt 0.500000 0.593750
vt 0.531250 0.593750
vt 0.593750 0.593750
vt 0.562500 0.593750
vt 0.437500 0.625000
vt 0.406250 0.625000
vt 0.468750 0.625000
vt 0.500000 0.625000
vt 0.531250 0.625000
vt 0.562500 0.625000
vt 0.593750 0.625000
vt 0.437500 0.656250
vt 0.406250 0.656250
vt 0.468750 0.656250
vt 0.500000 0.656250
vt 0.531250 0.656250
vt 0.593750 0.656250
vt 0.562500 0.656250
vt 0.406250 0.687500
vt 0.437500 0.687500
vt 0.500000 0.687500
vt 0.468750 0.687500
vt 0.531250 0.687500
vt 0.562500 0.687500
vt 0.406250 0.718750
vt 0.437500 0.718750
vt 0.468750 0.718750
vt 0.531250 0.718750
vt 0.500000 0.718750
vt 0.562500 0.718750
vt 0.593750 0.718750
vt 0.634992 0.531250
vt 0.634737 0.510001
vt 0.437500 0.489685
vt 0.406250 0.490174
vt 0.468750 0.490127
vt 0.531250 0.490296
vt 0.500000 0.490387
vt 0.593750 0.490547
vt 0.562500 0.490575
vt 0.134474 0.531250
vt 0.635364 0.562500
vt 0.656250 0.593750
vt 0.635076 0.593750
vt 0.656250 0.625000
vt 0.634574 0.625000
vt 0.656250 0.656250
vt 0.634437 0.656250
vt 0.634928 0.687500
vt 0.634437 0.656250
vt 0.656250 0.718750
vt 0.634450 0.718750
vt 0.562500 0.760029
vt 0.593750 0.781250
vt 0.562500 0.781250
vt 0.593750 0.760023
vt 0.614639 0.781250
vt 0.531250 0.781250
vt 0.531250 0.759869
vt 0.500000 0.781250
vt 0.500000 0.759625
vt 0.468750 0.781250
vt 0.468750 0.759346
vt 0.437500 0.759595
vt 0.437500 0.781250
vt 0.406250 0.760023
vt 0.406250 0.781250
vt 0.187500 0.718750
vt 0.156250 0.738509
vt 0.156250 0.718750
vt 0.384301 0.759697
vt 0.383793 0.781250
vt 0.364750 0.656250
vt 0.343750 0.656250
vt 0.343750 0.625000
vt 0.343750 0.593750
vt 0.365368 0.625000
vt 0.365791 0.562500
vt 0.343750 0.562500
vt 0.634992 0.531250
vt 0.437500 0.812500
vt 0.406250 0.812500
vt 0.500000 0.812500
vt 0.468750 0.812500
vt 0.531250 0.812500
vt 0.562500 0.812500
vt 0.593750 0.812500
vt 0.406250 0.843750
vt 0.468750 0.843750
vt 0.437500 0.843750
vt 0.500000 0.843750
vt 0.531250 0.843750
vt 0.562500 0.843750
vt 0.593750 0.843750
vt 0.437500 0.875000
vt 0.406250 0.875000
vt 0.468750 0.875000
vt 0.500000 0.875000
vt 0.531250 0.875000
vt 0.593750 0.875000
vt 0.562500 0.875000
vt 0.437500 0.906250
vt 0.406250 0.906250
vt 0.500000 0.906250
vt 0.468750 0.906250
vt 0.562500 0.906250
vt 0.531250 0.906250
vt 0.437500 0.937500
vt 0.406250 0.937500
vt 0.468750 0.937500
vt 0.500000 0.937500
vt 0.562500 0.937500
vt 0.531250 0.937500
vt 0.593750 0.937500
vt 0.656250 0.739606
vt 0.634550 0.740139
vt 0.406250 0.739930
vt 0.437500 0.740321
vt 0.500000 0.740376
vt 0.468750 0.740621
vt 0.531250 0.740137
vt 0.562500 0.739901
vt 0.593750 0.739918
vt 0.365572 0.509710
vt 0.343750 0.509953
vt 0.718750 0.718750
vt 0.687500 0.739606
vt 0.687500 0.718750
vt 0.750000 0.718750
vt 0.718750 0.739704
vt 0.781250 0.718750
vt 0.750000 0.740417
vt 0.812500 0.740631
vt 0.781250 0.741141
vt 0.812500 0.718750
vt 0.593750 0.010476
vt 0.615809 0.031250
vt 0.562500 0.009914
vt 0.531250 0.009361
vt 0.500000 0.009550
vt 0.468750 0.009630
vt 0.437500 0.009445
vt 0.406250 0.009489
vt 0.615235 0.968750
vt 0.593750 0.968750
vt 0.218750 0.718750
vt 0.187500 0.738965
vt 0.250000 0.718750
vt 0.218750 0.740251
vt 0.281250 0.718750
vt 0.250000 0.740375
vt 0.312500 0.718750
vt 0.281250 0.740818
vt 0.312500 0.741449
vt 0.187500 0.562500
vt 0.250000 0.562500
vt 0.218750 0.562500
vt 0.281250 0.562500
vt 0.312500 0.562500
vt 0.187500 0.593750
vt 0.156250 0.593750
vt 0.218750 0.593750
vt 0.250000 0.593750
vt 0.281250 0.593750
vt 0.312500 0.593750
vt 0.187500 0.625000
vt 0.250000 0.625000
vt 0.218750 0.625000
vt 0.281250 0.625000
vt 0.312500 0.625000
vt 0.187500 0.656250
vt 0.250000 0.656250
vt 0.218750 0.656250
vt 0.281250 0.656250
vt 0.312500 0.656250
vt 0.187500 0.687500
vt 0.250000 0.687500
vt 0.218750 0.687500
vt 0.281250 0.687500
vt 0.312500 0.687500
vt 0.384477 0.218750
vt 0.384535 0.240043
vt 0.384263 0.312500
vt 0.384352 0.343750
vt 0.384630 0.375000
vt 0.385208 0.406250
vt 0.385352 0.437500
vt 0.384957 0.468750
vt 0.384738 0.490305
vt 0.384212 0.562500
vt 0.384092 0.531250
vt 0.383918 0.593750
vt 0.384480 0.625000
vt 0.385057 0.656250
vt 0.385057 0.656250
vt 0.384501 0.687500
vt 0.384084 0.718750
vt 0.384416 0.740261
vt 0.383563 0.812500
vt 0.384202 0.843750
vt 0.384652 0.875000
vt 0.384827 0.906250
vt 0.386128 0.937500
vt 0.384477 0.009577
vt 0.384184 0.031250
vt 0.384131 0.062500
vt 0.384219 0.093750
vt 0.384556 0.125000
vt 0.385150 0.156250
vt 0.384777 0.187500
vt 0.656250 0.562500
vt 0.687500 0.562500
vt 0.718750 0.562500
vt 0.781250 0.562500
vt 0.750000 0.562500
vt 0.812500 0.562500
vt 0.718750 0.593750
vt 0.687500 0.593750
vt 0.750000 0.593750
vt 0.812500 0.593750
vt 0.781250 0.593750
vt 0.687500 0.625000
vt 0.750000 0.625000
vt 0.718750 0.625000
vt 0.812500 0.625000
vt 0.781250 0.625000
vt 0.687500 0.656250
vt 0.718750 0.656250
vt 0.750000 0.656250
vt 0.812500 0.656250
vt 0.781250 0.656250
vt 0.656250 0.687500
vt 0.687500 0.687500
vt 0.718750 0.687500
vt 0.781250 0.687500
vt 0.750000 0.687500
vt 0.812500 0.687500
vt 0.614185 0.468750
vt 0.593750 0.468750
vt 0.614899 0.437500
vt 0.615378 0.375000
vt 0.615098 0.343750
vt 0.593750 0.343750
vt 0.615688 0.240275
vt 0.593750 0.239914
vt 0.616075 0.187500
vt 0.615906 0.156250
vt 0.615401 0.125000
vt 0.593750 0.125000
vt 0.615341 0.093750
vt 0.615664 0.062500
vt 0.134573 0.509478
vt 0.593750 0.906250
vt 0.615675 0.937500
vt 0.615368 0.875000
vt 0.614616 0.843750
vt 0.614523 0.812500
vt 0.615519 0.718750
vt 0.615190 0.687500
vt 0.593750 0.687500
vt 0.615407 0.625000
vt 0.614843 0.593750
vt 0.614689 0.562500
vt 0.134285 0.739908
vt 0.130054 0.750000
vt 0.125000 0.740208
vt 0.379451 1.000000
vt 0.375000 0.989413
vt 0.375000 0.004244
vt 0.385034 0.000000
vt 0.615332 0.990097
vt 0.625000 0.995587
vt 0.614761 1.000000
vt 0.875000 0.745922
vt 0.865002 0.750000
vt 0.615566 0.009860
vt 0.620341 0.000000
vt 0.625000 0.009624
vt 0.125000 0.504201
vt 0.134561 0.500000
vt 0.379658 0.250000
vt 0.375000 0.240233
vt 0.375000 0.254022
vt 0.385213 0.250000
vt 0.871083 0.500000
vt 0.875000 0.508951
vt 0.615385 0.259794
vt 0.620896 0.250000
vt 0.625000 0.259463
vt 0.625000 0.246534
vt 0.615350 0.250000
vt 0.376261 0.749939
vt 0.366371 0.750000
vt 0.375000 0.741152
vt 0.384301 0.750000
vt 0.625036 0.748495
vt 0.625000 0.739903
vt 0.615131 0.759757
vt 0.625000 0.760506
vt 0.615429 0.740232
vt 0.614601 0.750000
vt 0.374985 0.501256
vt 0.375000 0.509288
vt 0.375000 0.490215
vt 0.384739 0.500000
vt 0.623440 0.499918
vt 0.635800 0.500000
vt 0.615236 0.509579
vt 0.625000 0.510567
vt 0.615027 0.490474
vt 0.614729 0.500000
vt 0.125000 0.509767
vt 0.375000 0.218830
vt 0.125000 0.562500
vt 0.125000 0.531428
vt 0.375000 0.187500
vt 0.375000 0.218572
vt 0.125000 0.593750
vt 0.125000 0.562737
vt 0.375000 0.156250
vt 0.375000 0.187263
vt 0.125000 0.625000
vt 0.375000 0.125000
vt 0.125000 0.656250
vt 0.375000 0.093750
vt 0.125000 0.687529
vt 0.375000 0.031250
vt 0.375000 0.062471
vt 0.125000 0.719043
vt 0.375000 0.009792
vt 0.375000 0.030957
vt 0.406175 1.000000
vt 0.385034 1.000000
vt 0.437500 1.000000
vt 0.406268 1.000000
vt 0.437500 0.000000
vt 0.406268 0.000000
vt 0.468750 1.000000
vt 0.437601 1.000000
vt 0.468750 0.000000
vt 0.437601 0.000000
vt 0.500000 1.000000
vt 0.500000 0.000000
vt 0.562500 1.000000
vt 0.531546 1.000000
vt 0.562500 0.000000
vt 0.531546 0.000000
vt 0.593750 1.000000
vt 0.562819 1.000000
vt 0.593750 0.000000
vt 0.562819 0.000000
vt 0.614761 0.000000
vt 0.865797 0.718750
vt 0.875000 0.740376
vt 0.625000 0.030979
vt 0.875000 0.687500
vt 0.875000 0.718649
vt 0.625000 0.062500
vt 0.625000 0.031351
vt 0.875000 0.656250
vt 0.875000 0.687325
vt 0.625000 0.093750
vt 0.625000 0.062675
vt 0.875000 0.625018
vt 0.625000 0.125000
vt 0.875000 0.593750
vt 0.625000 0.156250
vt 0.866161 0.531250
vt 0.875000 0.562500
vt 0.625000 0.187500
vt 0.616161 0.218750
vt 0.866161 0.531250
vt 0.875000 0.530738
vt 0.625000 0.241049
vt 0.625000 0.219262
vt 0.593731 0.250000
vt 0.562500 0.250000
vt 0.531292 0.250000
vt 0.500117 0.250000
vt 0.437393 0.250000
vt 0.468555 0.250000
vt 0.406250 0.250000
vt 0.365215 0.500000
vt 0.375000 0.468750
vt 0.312500 0.500000
vt 0.343548 0.500000
vt 0.375000 0.437500
vt 0.375000 0.468548
vt 0.281250 0.500000
vt 0.375000 0.406250
vt 0.250000 0.500000
vt 0.375000 0.375000
vt 0.218750 0.500000
vt 0.375000 0.343750
vt 0.156309 0.500000
vt 0.187500 0.500000
vt 0.375000 0.312500
vt 0.156250 0.509188
vt 0.155969 0.500000
vt 0.375000 0.280969
vt 0.865537 0.500000
vt 0.625000 0.281250
vt 0.843750 0.500000
vt 0.625000 0.312474
vt 0.781250 0.500000
vt 0.812313 0.500000
vt 0.625000 0.343750
vt 0.615431 0.312500
vt 0.625000 0.312687
vt 0.750000 0.500000
vt 0.625000 0.375000
vt 0.615594 0.406250
vt 0.687500 0.500000
vt 0.718339 0.500000
vt 0.625000 0.437500
vt 0.625000 0.406661
vt 0.656250 0.500000
vt 0.687126 0.500000
vt 0.625000 0.468750
vt 0.625000 0.437874
vt 0.593776 0.500000
vt 0.531250 0.500000
vt 0.562450 0.500000
vt 0.499950 0.500000
vt 0.468627 0.500000
vt 0.437500 0.500000
vt 0.406375 0.500000
vt 0.365919 0.718750
vt 0.375000 0.718766
vt 0.375000 0.687330
vt 0.375000 0.656250
vt 0.366073 0.593750
vt 0.375000 0.625154
vt 0.375000 0.562500
vt 0.375000 0.593876
vt 0.365910 0.531250
vt 0.375000 0.531119
vt 0.625000 0.531335
vt 0.625000 0.562500
vt 0.625000 0.593705
vt 0.625000 0.624849
vt 0.615653 0.656250
vt 0.625000 0.687500
vt 0.625000 0.656339
vt 0.625000 0.718656
vt 0.593748 0.750000
vt 0.562500 0.750000
vt 0.531314 0.750000
vt 0.500069 0.750000
vt 0.437383 0.750000
vt 0.468733 0.750000
vt 0.406250 0.750000
vt 0.156250 0.750000
vt 0.135587 0.750000
vt 0.375000 0.968750
vt 0.187500 0.750000
vt 0.375000 0.937500
vt 0.218750 0.750000
vt 0.375000 0.906250
vt 0.250000 0.750000
vt 0.375000 0.875000
vt 0.281250 0.750000
vt 0.375000 0.843750
vt 0.343750 0.750000
vt 0.312670 0.750000
vt 0.375000 0.781250
vt 0.375000 0.812330
vt 0.344291 0.750000
vt 0.375000 0.780709
vt 0.635506 0.750000
vt 0.625000 0.781250
vt 0.656297 0.750000
vt 0.625000 0.812500
vt 0.687500 0.750000
vt 0.718750 0.750000
vt 0.625000 0.843750
vt 0.750000 0.750000
vt 0.625000 0.875000
vt 0.616100 0.906250
vt 0.812500 0.750000
vt 0.781568 0.750000
vt 0.625000 0.937500
vt 0.616100 0.906250
vt 0.625000 0.906568
vt 0.843750 0.750000
vt 0.812782 0.750000
vt 0.625000 0.968750
vt 0.625000 0.937782
vt 0.156250 0.738509
vt 0.625000 0.990002
vt 0.375000 0.259562
vt 0.375000 0.758629
vt 0.625000 0.489200
vt 0.125000 0.531170
vt 0.125000 0.624647
vt 0.375000 0.125353
vt 0.125000 0.656017
vt 0.375000 0.093983
vt 0.125000 0.687417
vt 0.375000 0.062583
vt 0.125000 0.718750
vt 0.406175 0.000000
vt 0.531103 1.000000
vt 0.531103 0.000000
vt 0.875000 0.719020
vt 0.875000 0.594078
vt 0.625000 0.155923
vt 0.875000 0.562637
vt 0.625000 0.187363
vt 0.875000 0.531318
vt 0.625000 0.218682
vt 0.343750 0.500000
vt 0.281334 0.500000
vt 0.250303 0.500000
vt 0.375000 0.375303
vt 0.218911 0.500000
vt 0.375000 0.343911
vt 0.375000 0.281309
vt 0.812526 0.500000
vt 0.750167 0.500000
vt 0.625000 0.374833
vt 0.718897 0.500000
vt 0.625000 0.406104
vt 0.187341 0.750000
vt 0.375000 0.937659
vt 0.218062 0.750000
vt 0.375000 0.906938
vt 0.249890 0.750000
vt 0.375000 0.875110
vt 0.280963 0.750000
vt 0.375000 0.844037
vt 0.312055 0.750000
vt 0.375000 0.812945
vt 0.656250 0.750000
vt 0.718691 0.750000
vt 0.625000 0.843692
vt 0.749569 0.750000
vt 0.625000 0.874569
vt 0.780764 0.750000
vt 0.625000 0.905763
vn -0.9991 -0.0414 -0.0014
vn -0.9943 -0.0578 -0.0896
vn -0.9980 -0.0082 -0.0628
vn -0.9988 -0.0324 0.0371
vn -0.9982 -0.0450 -0.0386
vn -0.9966 0.0070 0.0822
vn -0.9983 0.0097 0.0577
vn -0.9974 0.0572 0.0434
vn -0.9993 -0.0295 0.0245
vn -0.9955 0.0653 0.0693
vn -0.9978 0.0332 0.0569
vn -0.9962 -0.0303 0.0816
vn -0.9967 0.0581 0.0561
vn -0.9943 -0.0448 -0.0969
vn -0.9972 0.0412 -0.0619
vn -0.9884 -0.0965 -0.1173
vn -0.9933 -0.0723 -0.0905
vn -0.9972 0.0483 -0.0579
vn -0.9957 0.0660 -0.0649
vn -0.9991 0.0262 0.0322
vn -0.9964 -0.0024 -0.0853
vn -0.9964 0.0595 -0.0605
vn -0.9903 -0.0662 -0.1220
vn -0.9874 -0.0879 -0.1313
vn -0.9936 0.0250 -0.1103
vn -0.9961 0.0307 -0.0831
vn -0.9956 0.0528 -0.0771
vn -0.9965 0.0836 0.0095
vn -0.9993 0.0293 -0.0239
vn -0.9940 -0.1037 -0.0358
vn -0.9973 -0.0581 -0.0446
vn -0.9999 -0.0020 -0.0130
vn -0.9974 -0.0599 0.0410
vn -1.0000 0.0062 -0.0003
vn -0.9929 0.0512 0.1077
vn -0.9954 0.0620 0.0737
vn -0.9938 -0.0462 0.1015
vn -0.9936 -0.0989 0.0544
vn -0.9976 0.0042 0.0698
vn -0.9988 -0.0201 0.0454
vn -0.9996 0.0090 0.0280
vn -0.9998 0.0182 -0.0115
vn -0.9971 -0.0142 0.0753
vn -0.9993 -0.0330 0.0193
vn -0.9996 -0.0093 -0.0278
vn -0.9986 -0.0352 -0.0397
vn -0.9971 -0.0550 0.0530
vn 0.0928 -0.1931 0.9768
vn -0.0613 -0.0301 0.9977
vn -0.0087 -0.1929 0.9812
vn 0.0582 -0.0520 0.9969
vn -0.1847 -0.0205 0.9826
vn -0.1443 -0.0090 0.9895
vn -0.0026 -0.0296 0.9996
vn 0.0274 -0.0466 0.9985
vn -0.0088 0.0485 0.9988
vn -0.2269 -0.0199 0.9737
vn -0.1576 0.0821 0.9841
vn -0.2150 0.0286 0.9762
vn 0.0073 0.0887 0.9960
vn -0.1395 -0.0255 0.9899
vn -0.1813 0.9828 -0.0348
vn 0.0326 0.9993 0.0199
vn 0.0604 0.9965 -0.0569
vn -0.1677 0.9562 0.2400
vn 0.0089 0.9717 0.2359
vn -0.1285 0.9912 -0.0334
vn 0.0813 0.9962 -0.0309
vn 0.0425 0.9980 0.0458
vn 0.0343 0.9980 0.0526
vn -0.1397 0.9893 0.0420
vn 0.0357 0.9991 0.0208
vn -0.1672 0.9846 0.0509
vn 0.0403 0.9988 -0.0272
vn -0.1748 0.9843 0.0226
vn -0.1657 0.0338 -0.9856
vn 0.0151 -0.0443 -0.9989
vn -0.0017 0.0603 -0.9982
vn -0.1451 -0.0450 -0.9884
vn 0.0095 0.1082 -0.9941
vn -0.0271 0.0622 -0.9977
vn -0.2428 0.0499 -0.9688
vn -0.0104 -0.0177 -0.9998
vn -0.2609 0.0044 -0.9653
vn 0.0008 -0.0664 -0.9978
vn -0.1862 -0.0540 -0.9810
vn -0.1359 -0.0692 -0.9883
vn -0.0295 -0.0613 -0.9977
vn -0.1700 0.0690 -0.9830
vn -0.0268 0.0743 -0.9969
vn -0.0246 -0.9708 -0.2387
vn -0.0366 -0.9982 -0.0482
vn -0.0359 -0.9984 -0.0427
vn -0.0154 -0.0585 -0.9982
vn -0.2169 -0.0537 -0.9747
vn -0.0359 -0.9989 0.0299
vn -0.2561 -0.9666 0.0064
vn -0.2653 -0.9631 0.0446
vn 0.0033 -0.9999 -0.0170
vn -0.2121 -0.9760 -0.0485
vn 0.0233 -0.9995 0.0212
vn -0.1884 -0.9821 -0.0090
vn 0.0862 -0.9929 0.0823
vn -0.1223 -0.9923 0.0202
vn -0.0280 -0.9988 0.0406
vn 0.0959 -0.0577 0.9937
vn -0.0734 0.0164 -0.9972
vn -0.0758 -0.0154 -0.9970
vn 0.0463 -0.0286 -0.9985
vn -0.0062 0.0018 -1.0000
vn -0.0062 0.0529 -0.9986
vn 0.0335 0.0353 -0.9988
vn -0.0039 -0.0261 -0.9997
vn -0.0170 -0.0129 -0.9998
vn -0.0470 0.0361 -0.9982
vn -0.0079 0.0032 -1.0000
vn -0.0029 0.0239 -0.9997
vn 0.0336 0.0179 -0.9993
vn -0.0057 0.0167 -0.9998
vn 0.0013 -0.0308 -0.9995
vn 0.0344 -0.0154 -0.9993
vn -0.0363 0.0665 -0.9971
vn -0.0397 0.0046 -0.9992
vn -0.0510 -0.0024 -0.9987
vn -0.0391 0.0196 -0.9990
vn -0.0494 -0.0173 -0.9986
vn 0.0415 -0.0739 -0.9964
vn 0.0661 -0.0330 -0.9973
vn -0.0170 0.0313 -0.9994
vn 0.0195 -0.0021 -0.9998
vn -0.0542 -0.0135 -0.9984
vn 0.0031 0.0145 -0.9999
vn -0.0284 0.0194 -0.9994
vn 0.0749 -0.0961 -0.9925
vn 0.0401 0.0078 -0.9992
vn 0.0414 -0.0537 -0.9977
vn 0.0262 0.0277 -0.9993
vn -0.0141 0.0058 -0.9999
vn 0.0779 0.0584 -0.9953
vn -0.0093 -0.0644 -0.9979
vn -0.0547 0.0502 -0.9972
vn 0.0348 -0.0829 -0.9959
vn 0.0366 0.0024 -0.9993
vn 0.0286 0.0675 -0.9973
vn 0.0754 0.0168 -0.9970
vn -0.0079 0.0460 -0.9989
vn -0.1701 0.9481 -0.2688
vn 0.0188 0.9668 -0.2549
vn -0.9705 0.0294 -0.2395
vn -0.9719 -0.0375 -0.2324
vn -0.9867 0.0106 -0.1620
vn -0.9874 -0.0309 -0.1549
vn -0.9681 0.0036 -0.2507
vn -0.9569 -0.0044 -0.2904
vn -0.9989 -0.0264 -0.0392
vn -0.0015 -0.9992 -0.0389
vn 0.2617 -0.9392 0.2224
vn 0.0487 -0.9801 0.1927
vn 0.0029 0.9807 -0.1955
vn 0.0354 0.9993 -0.0094
vn 0.0035 0.9999 -0.0099
vn 0.0142 0.9999 -0.0025
vn -0.0106 0.9819 -0.1890
vn 0.0455 0.9989 0.0100
vn 0.0358 0.9911 -0.1285
vn 0.0748 0.9918 -0.1032
vn 0.0587 0.9981 -0.0190
vn -0.0439 0.9907 -0.1289
vn -0.0395 0.9991 -0.0144
vn 0.9924 -0.0033 -0.1231
vn 0.9943 -0.0318 0.1021
vn 0.9936 -0.0144 -0.1116
vn 0.9845 0.1654 0.0591
vn 0.9962 -0.0257 0.0831
vn 0.9979 -0.0206 -0.0614
vn 0.9925 -0.0240 0.1201
vn 0.9955 0.0398 0.0859
vn 0.9977 0.0030 -0.0671
vn 0.9880 -0.0013 -0.1546
vn 0.9980 0.0591 0.0216
vn 0.9677 0.0327 -0.2501
vn 0.9978 0.0606 -0.0255
vn 0.9990 0.0318 -0.0326
vn 0.9604 0.0402 -0.2759
vn 0.1862 -0.9794 -0.0777
vn 0.0121 -0.9983 -0.0573
vn 0.9542 -0.1605 -0.2523
vn 0.9799 -0.1972 -0.0315
vn 0.0516 -0.9982 -0.0307
vn 0.0519 -0.9720 -0.2290
vn 0.0589 -0.9976 -0.0374
vn 0.0576 -0.9648 -0.2567
vn -0.0091 -0.9991 -0.0424
vn 0.0087 -0.9665 -0.2566
vn -0.0088 -0.9999 -0.0076
vn 0.0065 -0.9754 -0.2201
vn -0.0217 -0.9998 0.0008
vn -0.0228 -0.9715 -0.2358
vn 0.0231 0.9783 -0.2057
vn 0.9988 0.0398 -0.0298
vn 0.9980 0.0618 -0.0134
vn 0.9969 0.0725 -0.0304
vn 0.9957 0.0823 -0.0430
vn 0.9995 -0.0317 0.0097
vn 0.9998 -0.0068 -0.0190
vn 0.9980 -0.0583 0.0248
vn 0.9924 0.0773 -0.0962
vn 0.9980 0.0105 -0.0622
vn 0.9971 0.0361 -0.0662
vn 0.9941 0.0596 -0.0901
vn 0.9955 0.0307 -0.0894
vn 0.9985 -0.0362 -0.0417
vn 0.9988 0.0032 -0.0484
vn 0.9962 0.0725 -0.0479
vn 0.9956 -0.0932 0.0034
vn 0.9963 0.0768 -0.0388
vn 0.9982 0.0607 -0.0007
vn 0.9988 0.0487 -0.0010
vn 0.9999 0.0098 0.0086
vn 0.9991 -0.0427 0.0026
vn 0.9978 0.0523 0.0410
vn 0.9941 -0.1062 0.0217
vn 0.9965 0.0823 0.0150
vn 0.9968 0.0796 0.0116
vn 0.9991 0.0412 0.0118
vn 0.9976 -0.0615 0.0302
vn 0.9999 0.0115 0.0096
vn 0.9983 -0.0514 0.0263
vn 0.9979 0.0470 0.0440
vn 0.9977 0.0665 -0.0101
vn 0.9987 0.0492 0.0092
vn 0.9988 0.0410 -0.0280
vn 0.9989 0.0353 -0.0307
vn 0.9970 0.0060 0.0772
vn 0.9987 0.0151 0.0489
vn 0.9994 0.0319 0.0129
vn 0.9995 0.0217 -0.0241
vn 0.9989 0.0463 -0.0115
vn 0.9993 0.0169 -0.0333
vn 0.9975 -0.0377 -0.0591
vn 0.0887 0.9956 0.0287
vn 0.0684 0.9880 -0.1388
vn 0.1299 -0.0286 -0.9911
vn 0.1124 0.0519 -0.9923
vn 0.2161 -0.0582 -0.9746
vn 0.1938 0.0280 -0.9806
vn 0.2539 -0.0039 -0.9672
vn 0.0762 0.0103 -0.9970
vn 0.1130 0.0046 -0.9936
vn -0.2608 -0.9654 0.0069
vn 0.2287 0.9717 -0.0587
vn 0.1046 0.9924 -0.0654
vn 0.3257 0.9440 -0.0522
vn 0.0768 0.9969 0.0138
vn 0.2953 0.9550 -0.0259
vn 0.0155 0.9974 0.0700
vn 0.2493 0.9678 0.0334
vn 0.1678 0.9844 0.0533
vn -0.0845 0.9964 -0.0066
vn 0.0886 0.9958 -0.0233
vn 0.0950 0.0422 0.9946
vn -0.0502 -0.0440 0.9978
vn -0.0370 0.0687 0.9970
vn 0.0879 -0.0405 0.9953
vn -0.0572 0.1131 0.9919
vn 0.0206 0.0868 0.9960
vn 0.1925 0.0489 0.9801
vn 0.0302 0.0606 0.9977
vn 0.2296 0.0482 0.9721
vn 0.0392 0.0328 0.9987
vn 0.2715 0.0085 0.9624
vn 0.3099 -0.0311 0.9503
vn 0.0569 -0.0054 0.9984
vn 0.3235 -0.0047 0.9462
vn 0.0882 -0.0045 0.9961
vn -0.0167 -0.9999 0.0027
vn 0.1245 -0.9778 0.1686
vn 0.1450 -0.9877 0.0586
vn 0.2858 -0.1279 0.9497
vn 0.0904 -0.2050 0.9746
vn 0.1757 -0.9843 -0.0157
vn 0.0457 -0.9984 -0.0323
vn 0.0019 -0.9980 0.0631
vn -0.0119 -0.9990 0.0431
vn 0.1413 -0.9866 0.0818
vn 0.2066 -0.9784 -0.0123
vn -0.0120 -0.9998 -0.0144
vn -0.0318 0.0027 0.9995
vn -0.0291 0.0154 0.9995
vn 0.0445 0.0407 0.9982
vn 0.0037 0.0121 0.9999
vn 0.0514 0.0837 0.9952
vn 0.0597 0.0877 0.9944
vn 0.0416 -0.0195 0.9989
vn -0.0780 0.0081 0.9969
vn -0.0752 -0.0399 0.9964
vn -0.0692 -0.0174 0.9975
vn -0.0389 0.0203 0.9990
vn -0.0464 0.0852 0.9953
vn 0.0045 0.0621 0.9981
vn 0.0445 0.0081 0.9990
vn -0.0536 0.0006 0.9986
vn -0.0567 0.0121 0.9983
vn -0.0863 -0.0120 0.9962
vn -0.1107 0.0144 0.9938
vn -0.0679 0.0454 0.9967
vn 0.0227 -0.0332 0.9992
vn -0.0179 -0.0116 0.9998
vn -0.0401 0.0072 0.9992
vn -0.0635 0.0118 0.9979
vn 0.0081 -0.0149 0.9999
vn -0.0256 0.0051 0.9997
vn 0.0110 -0.0069 0.9999
vn 0.0425 0.0039 0.9991
vn 0.0067 -0.0420 0.9991
vn -0.0425 -0.0207 0.9989
vn 0.0503 -0.0420 0.9979
vn 0.0723 -0.0514 0.9961
vn 0.0155 0.0606 0.9980
vn 0.0627 0.0294 0.9976
vn -0.0403 -0.0454 0.9982
vn -0.0752 0.9852 0.1539
vn 0.0928 0.9773 0.1903
vn 0.9575 0.0099 0.2883
vn 0.9735 -0.0264 0.2272
vn 0.9856 0.0408 0.1640
vn 0.9805 0.0065 0.1964
vn 0.9864 0.0261 0.1623
vn 0.9836 0.0131 0.1798
vn 0.9860 -0.0354 0.1631
vn 0.1459 -0.9571 -0.2503
vn -0.0451 -0.9616 -0.2709
vn 0.0350 0.9973 -0.0643
vn -0.0153 0.9968 0.0780
vn -0.0467 0.9987 -0.0213
vn 0.0532 0.9929 -0.1066
vn 0.0506 0.9962 0.0702
vn 0.0487 0.9911 -0.1241
vn 0.0780 0.9928 0.0907
vn -0.0222 0.9881 0.1524
vn 0.0212 0.9959 0.0883
vn 0.0460 0.9980 -0.0433
vn -0.9675 -0.0333 0.2509
vn -0.9877 0.1514 0.0393
vn -0.9777 0.0746 0.1963
vn -0.9676 0.0329 0.2505
vn -0.9542 -0.0041 0.2993
vn -0.9492 0.0083 0.3146
vn -0.9491 -0.0060 0.3149
vn -0.9643 -0.0171 0.2644
vn -0.0063 0.0879 0.9961
vn 0.0034 -0.0293 0.9996
vn -0.0631 -0.9961 -0.0614
vn -0.0601 -0.9961 0.0650
vn -0.0624 -0.9956 -0.0699
vn -0.0851 -0.9932 0.0792
vn -0.0693 -0.9962 -0.0522
vn -0.0477 -0.9920 0.1168
vn -0.0447 -0.9978 -0.0496
vn -0.0753 -0.9886 0.1301
vn -0.0345 -0.9888 0.1454
vn -0.0239 -0.9996 0.0125
vn 0.0592 -0.9979 0.0274
vn -0.0149 -0.9994 0.0303
vn 0.0249 -0.9996 -0.0138
vn -0.0373 -0.9988 -0.0321
vn -0.0148 -0.9993 0.0350
vn -0.0463 -0.9985 0.0300
vn 0.0015 -0.9981 0.0616
vn 0.0191 -0.9995 0.0257
vn -0.0101 -0.9999 -0.0118
vn -0.0187 -0.9998 0.0094
vn 0.0162 -0.9996 0.0245
vn -0.0317 -0.9987 0.0408
vn 0.0011 -0.9983 0.0590
vn 0.0000 -0.9999 0.0167
vn 0.0259 -0.9995 0.0201
vn 0.0514 -0.9973 0.0523
vn -0.0445 -0.9972 0.0606
vn 0.0171 -0.9981 0.0586
vn -0.0413 -0.9987 0.0309
vn 0.0183 -0.9995 -0.0243
vn 0.0485 -0.9936 0.1022
vn -0.0571 -0.9981 0.0221
vn 0.0026 -0.9991 0.0426
vn -0.0741 -0.9971 0.0149
vn -0.0247 -0.9997 -0.0012
vn -0.9915 -0.1299 -0.0017
vn -0.9768 -0.0716 -0.2020
vn -0.0222 -0.1266 -0.9917
vn 0.0029 -0.1883 -0.9821
vn 0.0504 -0.2009 -0.9783
vn 0.0520 -0.1904 -0.9803
vn 0.0093 -0.1340 -0.9909
vn -0.0554 -0.1215 -0.9910
vn 0.1265 -0.1393 -0.9821
vn 0.9804 -0.1956 -0.0249
vn 0.9690 -0.2469 0.0100
vn 0.9385 -0.3415 0.0517
vn 0.9364 -0.3509 0.0095
vn 0.9530 -0.3006 -0.0381
vn 0.9762 -0.2150 0.0303
vn 0.9602 -0.1291 0.2478
vn -0.0304 -0.2159 0.9759
vn -0.0827 -0.1956 0.9772
vn -0.0498 -0.1709 0.9840
vn -0.0806 -0.1587 0.9840
vn -0.0707 -0.1528 0.9857
vn -0.9439 -0.2127 0.2527
vn -0.9744 -0.2245 0.0128
vn -0.9880 -0.1537 -0.0177
vn -0.9932 -0.1078 -0.0446
vn -0.9949 -0.0801 -0.0609
vn -0.9979 -0.0652 0.0049
vn -0.9914 -0.1212 0.0503
vn 0.0319 0.9916 -0.1255
vn 0.0216 0.9895 -0.1430
vn -0.0172 0.9973 -0.0715
vn 0.0041 1.0000 -0.0004
vn 0.0147 0.9999 -0.0062
vn 0.0272 0.9996 0.0076
vn -0.0880 0.9924 -0.0865
vn 0.0221 0.9964 -0.0823
vn -0.0558 0.9983 -0.0181
vn 0.0207 0.9986 0.0476
vn -0.0165 0.9992 0.0360
vn 0.0207 0.9980 0.0600
vn -0.1082 0.9887 0.1036
vn -0.0917 0.9928 0.0768
vn 0.0248 0.9968 0.0757
vn -0.0290 0.9936 0.1090
vn -0.0400 0.9911 0.1271
vn -0.1181 0.9806 0.1564
vn -0.0880 0.9910 0.1006
vn 0.0863 0.9960 0.0220
vn 0.0053 0.9978 0.0659
vn -0.0290 0.9949 0.0971
vn -0.0613 0.9908 0.1203
vn -0.0528 0.9962 0.0694
vn 0.0461 0.9950 -0.0886
vn -0.0170 0.9995 -0.0272
vn 0.1097 0.9896 -0.0934
vn -0.0356 0.1673 -0.9853
vn -0.0370 0.0106 -0.9993
vn 0.0815 0.1804 -0.9802
vn -0.0440 0.1465 -0.9882
vn -0.0052 0.1325 -0.9912
vn -0.0119 -0.0104 -0.9999
vn -0.9524 0.1252 -0.2780
vn -0.9533 -0.0331 -0.3001
vn -0.9880 0.1509 0.0313
vn -0.9916 0.1177 0.0537
vn -0.9914 0.1307 0.0063
vn -0.9993 -0.0185 -0.0326
vn -0.9732 0.2254 -0.0461
vn -0.9694 0.2454 -0.0027
vn -0.2454 -0.9467 -0.2086
vn -0.0149 -0.0720 0.9973
vn -0.0581 0.0972 0.9936
vn 0.0698 0.1587 0.9849
vn 0.0450 0.1834 0.9820
vn 0.0217 0.1497 0.9885
vn 0.9930 0.1130 -0.0355
vn 0.9987 0.0506 -0.0070
vn 0.9989 -0.0426 -0.0183
vn 0.9947 0.0998 -0.0242
vn 0.9934 0.1073 -0.0402
vn 0.9949 0.0993 0.0160
vn 0.0009 -0.9755 0.2199
vn -0.4338 -0.6172 0.6564
vn -0.6119 -0.7565 0.2309
vn 0.0795 -0.6921 0.7174
vn -0.6053 -0.1777 0.7759
vn -0.1537 0.0850 0.9845
vn -0.5738 0.5047 0.6450
vn -0.6790 0.0323 0.7334
vn -0.1247 0.6467 0.7525
vn -0.9664 0.0992 0.2370
vn -0.7149 0.6618 0.2260
vn -0.6398 -0.4757 -0.6037
vn -0.2233 -0.6363 -0.7384
vn -0.7560 -0.6304 -0.1761
vn -0.7188 0.0047 -0.6952
vn -0.5597 0.5063 -0.6560
vn -0.6984 0.6607 -0.2752
vn -0.1603 0.1077 -0.9812
vn -0.1363 0.6421 -0.7544
vn -0.6672 0.0689 -0.7417
vn 0.6384 -0.4812 0.6007
vn 0.2705 -0.6350 0.7237
vn 0.7459 -0.6295 0.2177
vn 0.7194 -0.0666 0.6914
vn 0.5351 0.5655 0.6276
vn 0.6871 0.7065 0.1696
vn 0.0975 0.1277 0.9870
vn 0.0405 0.6863 0.7262
vn 0.9734 0.1280 0.1901
vn 0.6725 0.0828 0.7355
vn 0.5371 -0.5498 -0.6396
vn 0.6812 -0.6913 -0.2411
vn 0.0948 -0.6682 -0.7379
vn 0.6615 -0.1127 -0.7414
vn 0.5084 0.6371 -0.5793
vn -0.0021 0.7266 -0.6870
vn 0.9711 0.1952 -0.1376
vn 0.6579 0.7474 -0.0925
vn 0.0654 0.1930 -0.9790
vn 0.6710 0.1730 -0.7210
vn -0.7528 -0.6582 0.0071
vn -0.7556 -0.6527 0.0543
vn -0.7734 -0.6339 -0.0040
vn -0.7506 -0.6572 -0.0688
vn -0.7352 -0.6769 -0.0356
vn -0.6922 -0.7217 0.0014
vn -0.6283 -0.7774 0.0302
vn -0.6260 -0.0135 0.7797
vn -0.6381 0.0011 0.7700
vn -0.6580 0.0004 0.7531
vn -0.6803 -0.0205 0.7327
vn -0.6913 0.0856 0.7175
vn -0.6943 0.0275 0.7191
vn -0.6637 -0.0288 0.7475
vn -0.1884 0.9819 0.0200
vn -0.7212 0.6922 0.0283
vn -0.6828 0.7300 -0.0295
vn -0.6729 0.7388 -0.0373
vn -0.7133 0.6996 0.0410
vn -0.7237 0.6876 0.0592
vn -0.1813 0.9826 -0.0416
vn -0.7152 0.6983 0.0284
vn -0.9835 0.1750 -0.0465
vn -0.7075 0.7047 -0.0534
vn -0.6478 -0.0452 -0.7605
vn -0.6601 0.0115 -0.7511
vn -0.7045 0.0369 -0.7088
vn -0.7433 0.0221 -0.6686
vn -0.6685 -0.0724 -0.7402
vn -0.7180 -0.0488 -0.6944
vn -0.6824 0.0535 -0.7290
vn -0.0567 -0.6502 -0.7577
vn -0.0123 -0.6681 -0.7439
vn 0.0560 -0.6926 -0.7191
vn 0.0619 -0.6850 -0.7259
vn 0.0176 -0.6818 -0.7314
vn -0.0228 -0.6417 -0.7666
vn 0.0018 -0.6742 -0.7385
vn 0.0081 0.6519 -0.7583
vn 0.0195 0.6752 -0.7374
vn 0.0007 0.6841 -0.7294
vn 0.0115 0.1193 -0.9928
vn -0.0359 0.6907 -0.7222
vn 0.0235 0.1944 -0.9806
vn 0.0955 0.7314 -0.6752
vn 0.0336 0.7306 -0.6820
vn -0.0414 0.7204 -0.6923
vn 0.6919 0.0091 -0.7220
vn 0.7515 -0.0070 -0.6597
vn 0.7069 -0.0092 -0.7073
vn 0.7702 -0.0047 -0.6378
vn 0.7294 -0.0425 -0.6828
vn 0.6615 0.0014 -0.7500
vn 0.6451 0.0530 -0.7623
vn 0.2306 -0.9730 -0.0089
vn 0.7161 -0.6979 0.0117
vn 0.6618 -0.7457 -0.0766
vn 0.6392 -0.7690 -0.0039
vn 0.1844 -0.9823 0.0327
vn 0.6256 -0.7750 0.0888
vn 0.7118 -0.7022 -0.0176
vn 0.6849 -0.7281 0.0284
vn 0.1844 -0.9822 -0.0348
vn 0.7017 -0.7116 -0.0356
vn 0.6782 0.7330 0.0516
vn 0.7494 0.6621 -0.0034
vn 0.7787 0.6249 -0.0562
vn 0.7731 0.6329 -0.0418
vn 0.9978 0.0611 0.0239
vn 0.7486 0.6629 0.0162
vn 0.7710 0.6363 0.0272
vn 0.6997 0.7139 -0.0282
vn 0.6826 -0.0404 0.7297
vn 0.6764 0.0251 0.7361
vn 0.7183 0.0385 0.6946
vn 0.7300 0.0439 0.6821
vn 0.7368 -0.0448 0.6746
vn 0.7337 0.0021 0.6794
vn 0.7201 -0.0021 0.6938
vn 0.1130 -0.7102 0.6949
vn -0.0937 -0.7355 0.6710
vn -0.0967 -0.7313 0.6752
vn -0.0536 -0.7250 0.6867
vn -0.0932 -0.7273 0.6800
vn 0.0890 -0.7067 0.7019
vn -0.0360 -0.7319 0.6805
vn -0.0720 0.6951 0.7153
vn 0.0058 0.7352 0.6778
vn 0.0592 0.7458 0.6635
vn 0.1008 0.7272 0.6790
vn 0.0087 0.1262 0.9920
vn -0.0613 0.6858 0.7252
vn 0.0189 0.7206 0.6931
vn -0.0097 0.6512 0.7588
usemtl マテリアル
s 1
f 2189/2684/1129 2197/2685/1130 2196/2686/1131
f 2190/2687/1132 2198/2688/1133 2197/2685/1130
f 2192/2689/1134 2198/2688/1133 2191/2690/1135
f 2192/2689/1134 2200/2691/1136 2199/2692/1137
f 2193/2693/1138 2201/2694/1139 2200/2691/1136
f 2195/2695/1140 2201/2694/1139 2194/2696/1141
f 2196/2686/1131 2204/2697/1142 2203/2698/1143
f 2197/2685/1130 2205/2699/1144 2204/2697/1142
f 2198/2688/1133 2206/2700/1145 2205/2699/1144
f 2199/2692/1137 2207/2701/1146 2206/2700/1145
f 2200/2691/1136 2208/2702/1147 2207/2701/1146
f 2202/2703/1148 2208/2702/1147 2201/2694/1139
f 2203/2698/1143 2211/2704/1149 2210/2705/1150
f 2204/2697/1142 2212/2706/1151 2211/2704/1149
f 2205/2699/1144 2213/2707/1152 2212/2706/1151
f 2206/2700/1145 2214/2708/1153 2213/2707/1152
f 2208/2702/1147 2214/2708/1153 2207/2701/1146
f 2209/2709/1154 2215/2710/1155 2208/2702/1147
f 2211/2704/1149 2217/2711/1156 2210/2705/1150
f 2212/2706/1151 2218/2712/1157 2211/2704/1149
f 2212/2706/1151 2220/2713/1158 2219/2714/1159
f 2213/2707/1152 2221/2715/1160 2220/2713/1158
f 2215/2710/1155 2221/2715/1160 2214/2708/1153
f 2215/2710/1155 2223/2716/1161 2222/2717/1162
f 2217/2711/1156 2225/2718/1163 2224/2719/1164
f 2218/2712/1157 2226/2720/1165 2225/2718/1163
f 2220/2713/1158 2226/2720/1165 2219/2714/1159
f 2221/2715/1160 2227/2721/1166 2220/2713/1158
f 2221/2715/1160 2229/2722/1167 2228/2723/1168
f 2223/2716/1161 2229/2722/1167 2222/2717/1162
f 2224/2719/1164 2232/2724/1169 2231/2725/1170
f 2225/2718/1163 2233/2726/1171 2232/2724/1169
f 2227/2721/1166 2233/2726/1171 2226/2720/1165
f 2228/2723/1168 2234/2727/1172 2227/2721/1166
f 2228/2723/1168 2236/2728/1173 2235/2729/1174
f 2230/2730/1175 2236/2728/1173 2229/2722/1167
f 2750/2731/1176 2560/2732/1177 2484/2733/1178
f 2379/2734/1179 2566/2735/1180 2563/2736/1181
f 2381/2737/1182 2566/2735/1180 2380/2738/1183
f 2382/2739/1184 2569/2740/1185 2381/2737/1182
f 2382/2739/1184 2575/2741/1186 2572/2742/1187
f 2383/2743/1188 2578/2744/1189 2575/2741/1186
f 2584/2745/1190 2482/2746/1191 2475/2747/1192
f 2482/2746/1191 2491/2748/1193 2788/2749/1194
f 2587/2750/1195 2475/2747/1192 2468/2751/1196
f 2461/2752/1197 2587/2750/1195 2468/2751/1196
f 2454/2753/1198 2590/2754/1199 2461/2752/1197
f 2447/2755/1200 2593/2756/1201 2454/2753/1198
f 2440/2757/1202 2596/2758/1203 2447/2755/1200
f 2605/2759/1204 2244/2760/1205 2243/2761/1206
f 2602/2762/1207 2645/2763/1208 2244/2760/1205
f 2605/2759/1204 2242/2764/1209 2608/2765/1210
f 2608/2765/1210 2241/2766/1211 2611/2767/1212
f 2611/2767/1212 2240/2768/1213 2614/2769/1214
f 2617/2770/1215 2240/2768/1213 2239/2771/1216
f 2620/2772/1217 2239/2771/1216 2238/2773/1218
f 2626/2774/1219 2391/2775/1220 2390/2776/1221
f 2620/2772/1217 2642/2777/1222 2499/2778/1223
f 2392/2779/1224 2545/2780/1225 2542/2781/1226
f 2545/2780/1225 2406/2782/1227 2548/2783/1228
f 2548/2783/1228 2413/2784/1229 2551/2785/1230
f 2551/2786/1230 2420/2787/1231 2554/2788/1232
f 2420/2787/1231 2557/2789/1233 2554/2788/1232
f 2379/2734/1179 2560/2790/1177 2378/2791/1234
f 2239/2771/1216 2245/2792/1235 2238/2773/1218
f 2240/2768/1213 2246/2793/1236 2239/2771/1216
f 2240/2768/1213 2248/2794/1237 2247/2795/1238
f 2242/2764/1209 2248/2794/1237 2241/2766/1211
f 2242/2764/1209 2250/2796/1239 2249/2797/1240
f 2243/2761/1206 2251/2798/1241 2250/2796/1239
f 2246/2793/1236 2252/2799/1242 2245/2792/1235
f 2246/2793/1236 2254/2800/1243 2253/2801/1244
f 2247/2795/1238 2255/2802/1245 2254/2800/1243
f 2248/2794/1237 2256/2803/1246 2255/2802/1245
f 2250/2796/1239 2256/2803/1246 2249/2797/1240
f 2251/2798/1241 2257/2804/1247 2250/2796/1239
f 2252/2799/1242 2260/2805/1248 2259/2806/1249
f 2254/2800/1243 2260/2805/1248 2253/2801/1244
f 2254/2800/1243 2262/2807/1250 2261/2808/1251
f 2256/2803/1246 2262/2807/1250 2255/2802/1245
f 2256/2803/1246 2264/2809/1252 2263/2810/1253
f 2257/2804/1247 2265/2811/1254 2264/2809/1252
f 2259/2806/1249 2267/2812/1255 2266/2813/1256
f 2261/2808/1251 2267/2812/1255 2260/2805/1248
f 2261/2808/1251 2269/2814/1257 2268/2815/1258
f 2262/2807/1250 2270/2816/1259 2269/2814/1257
f 2264/2809/1252 2270/2816/1259 2263/2810/1253
f 2264/2809/1252 2272/2817/1260 2271/2818/1261
f 2266/2813/1256 2274/2819/1262 2273/2820/1263
f 2267/2812/1255 2275/2821/1264 2274/2819/1262
f 2269/2814/1257 2275/2821/1264 2268/2815/1258
f 2269/2814/1257 2277/2822/1265 2276/2823/1266
f 2271/2818/1261 2277/2822/1265 2270/2816/1259
f 2272/2817/1260 2278/2824/1267 2271/2818/1261
f 2273/2820/1263 2281/2825/1268 2280/2826/1269
f 2274/2819/1262 2282/2827/1270 2281/2825/1268
f 2275/2821/1264 2283/2828/1271 2282/2827/1270
f 2277/2822/1265 2283/2828/1271 2276/2823/1266
f 2278/2824/1267 2284/2829/1272 2277/2822/1265
f 2279/2830/1273 2285/2831/1274 2278/2824/1267
f 2504/2832/1275 2440/2757/1202 2644/2833/1276
f 2232/2724/1169 2621/2834/1277 2231/2725/1170
f 2233/2726/1171 2618/2835/1278 2232/2724/1169
f 2233/2726/1171 2612/2836/1279 2615/2837/1280
f 2234/2727/1172 2609/2838/1281 2612/2836/1279
f 2235/2729/1174 2606/2839/1282 2609/2838/1281
f 2237/2840/1283 2606/2839/1282 2236/2728/1173
f 2433/2841/1284 2511/2842/1285 2767/2843/1286
f 2650/2844/1287 2439/2845/1288 2438/2846/1289
f 2650/2844/1287 2437/2847/1290 2653/2848/1291
f 2653/2848/1291 2436/2849/1292 2656/2850/1293
f 2659/2851/1294 2436/2849/1292 2435/2852/1295
f 2662/2853/1296 2435/2852/1295 2434/2854/1297
f 2665/2855/1298 2292/2856/1299 2668/2857/1300
f 2665/2855/1298 2708/2858/1301 2293/2859/1302
f 2671/2860/1303 2292/2856/1299 2291/2861/1304
f 2671/2860/1303 2290/2862/1305 2674/2863/1306
f 2677/2864/1307 2290/2862/1305 2289/2865/1308
f 2680/2866/1309 2289/2865/1308 2288/2867/1310
f 2680/2866/1309 2287/2868/1311 2683/2869/1312
f 2689/2870/1313 2433/2841/1284 2426/2871/1314
f 2527/2872/1315 2287/2868/1311 2705/2873/1316
f 2626/2774/1219 2389/2874/1317 2629/2875/1318
f 2629/2875/1318 2388/2876/1319 2632/2877/1320
f 2632/2877/1320 2387/2878/1321 2635/2879/1322
f 2635/2879/1322 2386/2880/1323 2638/2881/1324
f 2638/2881/1324 2385/2882/1325 2641/2883/1326
f 2644/2833/1276 2439/2845/1288 2647/2884/1327
f 2288/2867/1310 2294/2885/1328 2287/2868/1311
f 2289/2865/1308 2295/2886/1329 2288/2867/1310
f 2290/2862/1305 2296/2887/1330 2289/2865/1308
f 2291/2861/1304 2297/2888/1331 2290/2862/1305
f 2291/2861/1304 2299/2889/1332 2298/2890/1333
f 2292/2856/1299 2300/2891/1334 2299/2889/1332
f 2294/2885/1328 2302/2892/1335 2301/2893/1336
f 2295/2886/1329 2303/2894/1337 2302/2892/1335
f 2296/2887/1330 2304/2895/1338 2303/2894/1337
f 2297/2888/1331 2305/2896/1339 2304/2895/1338
f 2299/2889/1332 2305/2896/1339 2298/2890/1333
f 2299/2889/1332 2307/2897/1340 2306/2898/1341
f 2301/2893/1336 2309/2899/1342 2308/2900/1343
f 2302/2892/1335 2310/2901/1344 2309/2899/1342
f 2303/2894/1337 2311/2902/1345 2310/2901/1344
f 2304/2895/1338 2312/2903/1346 2311/2902/1345
f 2305/2896/1339 2313/2904/1347 2312/2903/1346
f 2306/2898/1341 2314/2905/1348 2313/2904/1347
f 2308/2900/1343 2316/2906/1349 2315/2907/1350
f 2310/2901/1344 2316/2906/1349 2309/2899/1342
f 2311/2902/1345 2317/2908/1351 2310/2901/1344
f 2312/2903/1346 2318/2909/1352 2311/2902/1345
f 2313/2904/1347 2319/2910/1353 2312/2903/1346
f 2313/2904/1347 2321/2911/1354 2320/2912/1355
f 2316/2906/1349 2322/2913/1356 2315/2907/1350
f 2317/2908/1351 2323/2914/1357 2316/2906/1349
f 2317/2908/1351 2325/2915/1358 2324/2916/1359
f 2318/2909/1352 2326/2917/1360 2325/2915/1358
f 2319/2910/1353 2327/2918/1361 2326/2917/1360
f 2321/2911/1354 2327/2918/1361 2320/2912/1355
f 2323/2914/1357 2329/2919/1362 2322/2913/1356
f 2324/2916/1359 2330/2920/1363 2323/2914/1357
f 2325/2915/1358 2331/2921/1364 2324/2916/1359
f 2325/2915/1358 2333/2922/1365 2332/2923/1366
f 2326/2917/1360 2334/2924/1367 2333/2922/1365
f 2327/2918/1361 2335/2925/1368 2334/2924/1367
f 2662/2853/1296 2707/2926/1369 2532/2927/1370
f 2280/2826/1269 2681/2928/1371 2684/2929/1372
f 2282/2827/1270 2681/2928/1371 2281/2825/1268
f 2283/2828/1271 2678/2930/1373 2282/2827/1270
f 2283/2828/1271 2672/2931/1374 2675/2932/1375
f 2285/2831/1274 2672/2931/1374 2284/2829/1272
f 2285/2831/1274 2666/2933/1376 2669/2934/1377
f 2385/2882/1325 2542/2781/1226 2539/2935/1378
f 2710/2936/1379 2448/2937/1380 2713/2938/1381
f 2713/2938/1381 2455/2939/1382 2716/2940/1383
f 2716/2940/1383 2462/2941/1384 2719/2942/1385
f 2462/2941/1384 2722/2943/1386 2719/2944/1385
f 2722/2943/1386 2476/2945/1387 2725/2946/1388
f 2731/2947/1389 2342/2948/1390 2341/2949/1391
f 2728/2950/1392 2771/2951/1393 2342/2948/1390
f 2731/2947/1389 2340/2952/1394 2734/2953/1395
f 2734/2953/1395 2339/2954/1396 2737/2955/1397
f 2737/2955/1397 2338/2956/1398 2740/2957/1399
f 2743/2958/1400 2338/2956/1398 2337/2959/1401
f 2746/2960/1402 2337/2959/1401 2336/2961/1403
f 2428/2962/1404 2749/2963/1405 2427/2964/1406
f 2513/2965/1407 2336/2961/1403 2768/2966/1408
f 2692/2967/1409 2426/2871/1314 2419/2968/1410
f 2412/2969/1411 2692/2967/1409 2419/2968/1410
f 2405/2970/1412 2695/2971/1413 2412/2969/1411
f 2701/2972/1414 2405/2970/1412 2398/2973/1415
f 2391/2775/1220 2701/2972/1414 2398/2973/1415
f 2434/2854/1297 2710/2936/1379 2707/2974/1369
f 2336/2961/1403 2344/2975/1416 2343/2976/1417
f 2338/2956/1398 2344/2975/1416 2337/2959/1401
f 2338/2956/1398 2346/2977/1418 2345/2978/1419
f 2339/2954/1396 2347/2979/1420 2346/2977/1418
f 2340/2952/1394 2348/2980/1421 2347/2979/1420
f 2341/2949/1391 2349/2981/1422 2348/2980/1421
f 2344/2975/1416 2350/2982/1423 2343/2976/1417
f 2344/2975/1416 2352/2983/1424 2351/2984/1425
f 2345/2978/1419 2353/2985/1426 2352/2983/1424
f 2346/2977/1418 2354/2986/1427 2353/2985/1426
f 2347/2979/1420 2355/2987/1428 2354/2986/1427
f 2348/2980/1421 2356/2988/1429 2355/2987/1428
f 2350/2982/1423 2358/2989/1430 2357/2990/1431
f 2351/2984/1425 2359/2991/1432 2358/2989/1430
f 2352/2983/1424 2360/2992/1433 2359/2991/1432
f 2354/2986/1427 2360/2992/1433 2353/2985/1426
f 2355/2987/1428 2361/2993/1434 2354/2986/1427
f 2355/2987/1428 2363/2994/1435 2362/2995/1436
f 2357/2990/1431 2365/2996/1437 2364/2997/1438
f 2359/2991/1432 2365/2996/1437 2358/2989/1430
f 2359/2991/1432 2367/2998/1439 2366/2999/1440
f 2361/2993/1434 2367/2998/1439 2360/2992/1433
f 2361/2993/1434 2369/3000/1441 2368/3001/1442
f 2363/2994/1435 2369/3000/1441 2362/2995/1436
f 2364/2997/1438 2372/3002/1443 2371/3003/1444
f 2366/2999/1440 2372/3002/1443 2365/2996/1437
f 2367/2998/1439 2373/3004/1445 2366/2999/1440
f 2368/3001/1442 2374/3005/1446 2367/2998/1439
f 2368/3001/1442 2376/3006/1447 2375/3007/1448
f 2369/3000/1441 2377/3008/1449 2376/3006/1447
f 2372/3002/1443 2378/2791/1234 2371/3003/1444
f 2373/3004/1445 2379/2734/1179 2372/3002/1443
f 2374/3005/1446 2380/2738/1183 2373/3004/1445
f 2375/3007/1448 2381/2737/1182 2374/3005/1446
f 2376/3006/1447 2382/2739/1184 2375/3007/1448
f 2377/3008/1449 2383/2743/1188 2376/3006/1447
f 2725/2946/1388 2770/3009/1450 2518/3010/1451
f 2330/2920/1363 2747/3011/1452 2329/2919/1362
f 2331/2921/1364 2744/3012/1453 2330/2920/1363
f 2331/2921/1364 2738/3013/1454 2741/3014/1455
f 2332/2923/1366 2735/3015/1456 2738/3013/1454
f 2333/2922/1365 2732/3016/1457 2735/3015/1456
f 2334/2924/1367 2729/3017/1458 2732/3016/1457
f 2525/3018/1459 2391/2775/1220 2623/3019/1460
f 2478/3020/1461 2773/3021/1462 2477/3022/1463
f 2479/3023/1464 2776/3024/1465 2478/3020/1461
f 2480/3025/1466 2779/3026/1467 2479/3023/1464
f 2480/3025/1466 2785/3027/1468 2782/3028/1469
f 2481/3029/1470 2788/2749/1194 2785/3027/1468
f 2579/3030/1471 2582/3031/1472 2195/2695/1140
f 2579/3030/1471 2194/2696/1141 2576/3032/1473
f 2576/3032/1473 2193/2693/1138 2573/3033/1474
f 2570/3034/1475 2193/2693/1138 2192/2689/1134
f 2567/3035/1476 2192/2689/1134 2191/2690/1135
f 2567/3035/1476 2190/2687/1132 2564/3036/1477
f 2564/3036/1477 2189/2684/1129 2561/3037/1478
f 2789/3038/1479 2578/2744/1189 2384/3039/1480
f 2429/3040/1481 2752/3041/1482 2428/2962/1404
f 2430/3042/1483 2755/3043/1484 2429/3040/1481
f 2431/3044/1485 2758/3045/1486 2430/3042/1483
f 2432/3046/1487 2761/3047/1488 2431/3044/1485
f 2432/3046/1487 2767/2843/1286 2764/3048/1489
f 2476/2945/1387 2773/3021/1462 2770/3009/1450
f 2386/2880/1323 2392/2779/1224 2385/2882/1325
f 2387/2878/1321 2393/3049/1490 2386/2880/1323
f 2387/2878/1321 2395/3050/1491 2394/3051/1492
f 2388/2876/1319 2396/3052/1493 2395/3050/1491
f 2390/2776/1221 2396/3052/1493 2389/2874/1317
f 2391/2775/1220 2397/3053/1494 2390/2776/1221
f 2392/2779/1224 2400/3054/1495 2399/3055/1496
f 2393/3049/1490 2401/3056/1497 2400/3054/1495
f 2395/3050/1491 2401/3056/1497 2394/3051/1492
f 2396/3052/1493 2402/3057/1498 2395/3050/1491
f 2397/3053/1494 2403/3058/1499 2396/3052/1493
f 2398/2973/1415 2404/3059/1500 2397/3053/1494
f 2399/3055/1496 2407/3060/1501 2406/2782/1227
f 2401/3056/1497 2407/3060/1501 2400/3054/1495
f 2401/3056/1497 2409/3061/1502 2408/3062/1503
f 2402/3057/1498 2410/3063/1504 2409/3061/1502
f 2404/3059/1500 2410/3063/1504 2403/3058/1499
f 2405/2970/1412 2411/3064/1505 2404/3059/1500
f 2406/2782/1227 2414/3065/1506 2413/2784/1229
f 2408/3062/1503 2414/3065/1506 2407/3060/1501
f 2408/3062/1503 2416/3066/1507 2415/3067/1508
f 2409/3061/1502 2417/3068/1509 2416/3066/1507
f 2411/3064/1505 2417/3068/1509 2410/3063/1504
f 2411/3064/1505 2419/2968/1410 2418/3069/1510
f 2414/3065/1506 2420/2787/1231 2413/2784/1229
f 2415/3067/1508 2421/3070/1511 2414/3065/1506
f 2415/3067/1508 2423/3071/1512 2422/3072/1513
f 2416/3066/1507 2424/3073/1514 2423/3071/1512
f 2417/3068/1509 2425/3074/1515 2424/3073/1514
f 2418/3069/1510 2426/2871/1314 2425/3074/1515
f 2421/3070/1511 2427/2964/1406 2420/2787/1231
f 2421/3070/1511 2429/3040/1481 2428/2962/1404
f 2423/3071/1512 2429/3040/1481 2422/3072/1513
f 2424/3073/1514 2430/3042/1483 2423/3071/1512
f 2425/3074/1515 2431/3044/1485 2424/3073/1514
f 2426/2871/1314 2432/3046/1487 2425/3074/1515
f 2540/3075/1516 2621/2834/1277 2498/3076/1517
f 2238/2773/1218 2639/3077/1518 2642/2777/1222
f 2245/2792/1235 2636/3078/1519 2639/3077/1518
f 2252/2799/1242 2633/3079/1520 2636/3078/1519
f 2259/2806/1249 2630/3080/1521 2633/3079/1520
f 2266/2813/1256 2627/3081/1522 2630/3080/1521
f 2627/3081/1522 2280/2826/1269 2624/3082/1523
f 2624/3082/1523 2684/2929/1372 2526/3083/1524
f 2287/2868/1311 2702/3084/1525 2705/3085/1316
f 2702/3084/1525 2301/2893/1336 2699/3086/1526
f 2301/2893/1336 2696/3087/1527 2699/3086/1526
f 2308/2900/1343 2693/3088/1528 2696/3087/1527
f 2693/3089/1528 2322/2913/1356 2690/3090/1529
f 2690/3090/1529 2329/2919/1362 2687/3091/1530
f 2329/2919/1362 2512/3092/1531 2687/3091/1530
f 2768/2966/1408 2343/2976/1417 2765/3093/1532
f 2343/2976/1417 2762/3094/1533 2765/3093/1532
f 2350/2982/1423 2759/3095/1534 2762/3094/1533
f 2357/2990/1431 2756/3096/1535 2759/3095/1534
f 2364/2997/1438 2753/3097/1536 2756/3096/1535
f 2371/3003/1444 2750/2731/1176 2753/3097/1536
f 2485/3098/1537 2189/2684/1129 2558/3099/1538
f 2558/3099/1538 2196/2686/1131 2555/3100/1539
f 2196/2686/1131 2552/3101/1540 2555/3100/1539
f 2203/2698/1143 2549/3102/1541 2552/3101/1540
f 2210/2705/1150 2546/3103/1542 2549/3102/1541
f 2546/3103/1542 2224/2719/1164 2543/3104/1543
f 2543/3104/1543 2231/2725/1170 2540/3075/1516
f 2435/2852/1295 2441/3105/1544 2434/2854/1297
f 2436/2849/1292 2442/3106/1545 2435/2852/1295
f 2437/2847/1290 2443/3107/1546 2436/2849/1292
f 2437/2847/1290 2445/3108/1547 2444/3109/1548
f 2439/2845/1288 2445/3108/1547 2438/2846/1289
f 2439/2845/1288 2447/2755/1200 2446/3110/1549
f 2442/3106/1545 2448/2937/1380 2441/3105/1544
f 2442/3106/1545 2450/3111/1550 2449/3112/1551
f 2443/3107/1546 2451/3113/1552 2450/3111/1550
f 2445/3108/1547 2451/3113/1552 2444/3109/1548
f 2445/3108/1547 2453/3114/1553 2452/3115/1554
f 2446/3110/1549 2454/2753/1198 2453/3114/1553
f 2448/2937/1380 2456/3116/1555 2455/2939/1382
f 2450/3111/1550 2456/3116/1555 2449/3112/1551
f 2450/3111/1550 2458/3117/1556 2457/3118/1557
f 2452/3115/1554 2458/3117/1556 2451/3113/1552
f 2452/3115/1554 2460/3119/1558 2459/3120/1559
f 2453/3114/1553 2461/2752/1197 2460/3119/1558
f 2455/2939/1382 2463/3121/1560 2462/2941/1384
f 2457/3118/1557 2463/3121/1560 2456/3116/1555
f 2458/3117/1556 2464/3122/1561 2457/3118/1557
f 2459/3120/1559 2465/3123/1562 2458/3117/1556
f 2459/3120/1559 2467/3124/1563 2466/3125/1564
f 2460/3119/1558 2468/2751/1196 2467/3124/1563
f 2463/3121/1560 2469/3126/1565 2462/2941/1384
f 2464/3122/1561 2470/3127/1566 2463/3121/1560
f 2465/3123/1562 2471/3128/1567 2464/3122/1561
f 2465/3123/1562 2473/3129/1568 2472/3130/1569
f 2467/3124/1563 2473/3129/1568 2466/3125/1564
f 2468/2751/1196 2474/3131/1570 2467/3124/1563
f 2470/3127/1566 2476/2945/1387 2469/3126/1565
f 2471/3128/1567 2477/3022/1463 2470/3127/1566
f 2472/3130/1569 2478/3020/1461 2471/3128/1567
f 2473/3129/1568 2479/3023/1464 2472/3130/1569
f 2474/3131/1570 2480/3025/1466 2473/3129/1568
f 2475/2747/1192 2481/3029/1470 2474/3131/1570
f 2663/3132/1571 2666/2933/1376 2286/3133/1572
f 2279/2830/1273 2663/3132/1571 2286/3133/1572
f 2272/2817/1260 2660/3134/1573 2279/2830/1273
f 2654/3135/1574 2272/2817/1260 2265/2811/1254
f 2651/3136/1575 2265/2811/1254 2258/3137/1576
f 2251/2798/1241 2651/3136/1575 2258/3137/1576
f 2645/2763/1208 2251/2798/1241 2244/2760/1205
f 2237/2840/1283 2506/3138/1577 2603/3139/1578
f 2597/3140/1579 2237/2840/1283 2230/2730/1175
f 2594/3141/1580 2230/2730/1175 2223/2716/1161
f 2591/3142/1581 2223/2716/1161 2216/3143/1582
f 2209/2709/1154 2591/3142/1581 2216/3143/1582
f 2202/2703/1148 2588/3144/1583 2209/2709/1154
f 2195/2695/1140 2585/3145/1584 2202/2703/1148
f 2497/3146/1585 2385/2882/1325 2539/2935/1378
f 2377/3008/1449 2789/3038/1479 2384/3039/1480
f 2370/3147/1586 2786/3148/1587 2377/3008/1449
f 2780/3149/1588 2370/3147/1586 2363/2994/1435
f 2777/3150/1589 2363/2994/1435 2356/2988/1429
f 2774/3151/1590 2356/2988/1429 2349/2981/1422
f 2342/2948/1390 2774/3151/1590 2349/2981/1422
f 2726/3152/1591 2729/3017/1458 2335/2925/1368
f 2723/3153/1592 2335/2925/1368 2328/3154/1593
f 2321/2911/1354 2723/3153/1592 2328/3154/1593
f 2717/3155/1594 2321/2911/1354 2314/2905/1348
f 2714/3156/1595 2314/2905/1348 2307/2897/1340
f 2711/3157/1596 2307/2897/1340 2300/2891/1334
f 2293/2859/1302 2711/3157/1596 2300/2891/1334
f 2483/3158/1597 2487/3159/1598 2489/3160/1599
f 2484/2733/1178 2487/3161/1598 2486/3162/1600
f 2485/3098/1537 2487/3163/1598 2488/3164/1601
f 2490/3165/1602 2494/3166/1603 2496/3167/1604
f 2491/2748/1193 2494/3168/1603 2493/3169/1605
f 2492/3170/1606 2494/3171/1603 2495/3172/1607
f 2497/3146/1585 2501/3173/1608 2503/3174/1609
f 2498/3076/1517 2501/3175/1608 2500/3176/1610
f 2499/2778/1223 2501/3177/1608 2502/3178/1611
f 2504/2832/1275 2508/3179/1612 2510/3180/1613
f 2505/3181/1614 2508/3182/1612 2507/3183/1615
f 2506/3138/1577 2508/3184/1612 2509/3185/1616
f 2511/2842/1285 2515/3186/1617 2517/3187/1618
f 2512/3092/1531 2515/3186/1617 2514/3188/1619
f 2513/2965/1407 2515/3186/1617 2516/3189/1620
f 2518/3010/1451 2522/3190/1621 2524/3191/1622
f 2519/3192/1623 2522/3190/1621 2521/3193/1624
f 2520/3194/1625 2522/3190/1621 2523/3195/1626
f 2525/3018/1459 2529/3196/1627 2531/3197/1628
f 2526/3083/1524 2529/3196/1627 2528/3198/1629
f 2527/2872/1315 2529/3196/1627 2530/3199/1630
f 2532/2927/1370 2536/3200/1631 2538/3201/1632
f 2533/3202/1633 2536/3200/1631 2535/3203/1634
f 2534/3204/1635 2536/3200/1631 2537/3205/1636
f 2539/2935/1378 2500/3206/1610 2497/3146/1585
f 2541/3207/1637 2498/3076/1517 2500/3176/1610
f 2539/2935/1378 2544/3208/1638 2541/3209/1637
f 2544/3210/1638 2540/3075/1516 2541/3211/1637
f 2542/2781/1226 2547/3212/1639 2544/3213/1638
f 2547/3214/1639 2543/3104/1543 2544/3215/1638
f 2548/2783/1228 2547/3212/1639 2545/2780/1225
f 2547/3214/1639 2549/3102/1541 2546/3103/1542
f 2551/2785/1230 2550/3216/1640 2548/2783/1228
f 2550/3217/1640 2552/3101/1540 2549/3102/1541
f 2554/2788/1232 2553/3218/1641 2551/2786/1230
f 2553/3219/1641 2555/3100/1539 2552/3101/1540
f 2557/2789/1233 2556/3220/1642 2554/2788/1232
f 2559/3221/1643 2555/3100/1539 2556/3222/1642
f 2483/3158/1597 2559/3223/1643 2557/2789/1233
f 2489/3224/1599 2558/3099/1538 2559/3225/1643
f 2484/2733/1178 2562/3226/1644 2488/3227/1601
f 2488/3164/1601 2561/3037/1478 2485/3098/1537
f 2560/2790/1177 2565/3228/1645 2562/3229/1644
f 2565/3230/1645 2561/3037/1478 2562/3231/1644
f 2563/2736/1181 2568/3232/1646 2565/3233/1645
f 2568/3234/1646 2564/3036/1477 2565/3235/1645
f 2569/2740/1185 2568/3232/1646 2566/2735/1180
f 2568/3234/1646 2570/3034/1475 2567/3035/1476
f 2572/2742/1187 2571/3236/1647 2569/2740/1185
f 2571/3237/1647 2573/3033/1474 2570/3034/1475
f 2572/2742/1187 2577/3238/1648 2574/3239/1649
f 2577/3240/1648 2573/3033/1474 2574/3241/1649
f 2575/2741/1186 2580/3242/1650 2577/3243/1648
f 2580/3244/1650 2576/3032/1473 2577/3245/1648
f 2490/3165/1602 2580/3242/1650 2578/2744/1189
f 2496/3246/1604 2579/3030/1471 2580/3244/1650
f 2581/3247/1651 2495/3248/1607 2491/2748/1193
f 2583/3249/1652 2492/3170/1606 2495/3172/1607
f 2581/3247/1651 2586/3250/1653 2583/3251/1652
f 2586/3252/1653 2582/3031/1472 2583/3253/1652
f 2584/2745/1190 2589/3254/1654 2586/3255/1653
f 2589/3256/1654 2585/3145/1584 2586/3257/1653
f 2587/2750/1195 2592/3258/1655 2589/3254/1654
f 2589/3256/1654 2591/3142/1581 2588/3144/1583
f 2593/2756/1201 2592/3258/1655 2590/2754/1199
f 2592/3259/1655 2594/3141/1580 2591/3142/1581
f 2596/2758/1203 2595/3260/1656 2593/2756/1201
f 2595/3261/1656 2597/3140/1579 2594/3141/1580
f 2599/3262/1657 2598/3263/1658 2596/2758/1203
f 2598/3264/1658 2600/3265/1659 2597/3140/1579
f 2599/3266/1657 2510/3180/1613 2601/3267/1660
f 2510/3268/1613 2600/3265/1659 2601/3269/1660
f 2505/3181/1614 2604/3270/1661 2509/3185/1616
f 2509/3185/1616 2603/3139/1578 2506/3138/1577
f 2602/2762/1207 2607/3271/1662 2604/3270/1661
f 2607/3271/1662 2603/3139/1578 2604/3270/1661
f 2608/2765/1210 2607/3271/1662 2605/2759/1204
f 2607/3271/1662 2609/2838/1281 2606/2839/1282
f 2611/2767/1212 2610/3272/1663 2608/2765/1210
f 2610/3272/1663 2612/2836/1279 2609/2838/1281
f 2614/2769/1214 2613/3273/1664 2611/2767/1212
f 2613/3273/1664 2615/2837/1280 2612/2836/1279
f 2614/2769/1214 2619/3274/1665 2616/3275/1666
f 2619/3274/1665 2615/2837/1280 2616/3275/1666
f 2617/2770/1215 2622/3276/1667 2619/3274/1665
f 2622/3276/1667 2618/2835/1278 2619/3274/1665
f 2499/2778/1223 2622/3276/1667 2620/2772/1217
f 2622/3276/1667 2498/3076/1517 2621/2834/1277
f 2623/3019/1460 2528/3277/1629 2525/3018/1459
f 2625/3278/1668 2526/3083/1524 2528/3198/1629
f 2623/3019/1460 2628/3279/1669 2625/3280/1668
f 2628/3281/1669 2624/3082/1523 2625/3282/1668
f 2629/2875/1318 2628/3279/1669 2626/2774/1219
f 2628/3281/1669 2630/3080/1521 2627/3081/1522
f 2632/2877/1320 2631/3283/1670 2629/2875/1318
f 2631/3284/1670 2633/3079/1520 2630/3080/1521
f 2635/2879/1322 2634/3285/1671 2632/2877/1320
f 2634/3286/1671 2636/3078/1519 2633/3079/1520
f 2638/2881/1324 2637/3287/1672 2635/2879/1322
f 2637/3288/1672 2639/3077/1518 2636/3078/1519
f 2638/2881/1324 2643/3289/1673 2640/3290/1674
f 2640/3291/1674 2642/2777/1222 2639/3077/1518
f 2641/3292/1326 2503/3174/1609 2643/3293/1673
f 2643/3294/1673 2499/2778/1223 2642/2777/1222
f 2644/2833/1276 2507/3295/1615 2504/2832/1275
f 2646/3296/1675 2505/3181/1614 2507/3183/1615
f 2647/2884/1327 2646/3297/1675 2644/2833/1276
f 2649/3298/1676 2645/2763/1208 2646/3296/1675
f 2647/2884/1327 2652/3299/1677 2649/3300/1676
f 2652/3301/1677 2648/3302/1678 2649/3303/1676
f 2653/2848/1291 2652/3299/1677 2650/2844/1287
f 2652/3301/1677 2654/3135/1574 2651/3136/1575
f 2656/2850/1293 2655/3304/1679 2653/2848/1291
f 2655/3305/1679 2657/3306/1680 2654/3135/1574
f 2656/2850/1293 2661/3307/1681 2658/3308/1682
f 2661/3309/1681 2657/3306/1680 2658/3310/1682
f 2659/2851/1294 2664/3311/1683 2661/3312/1681
f 2664/3313/1683 2660/3134/1573 2661/3314/1681
f 2532/2927/1370 2664/3311/1683 2662/2853/1296
f 2664/3313/1683 2534/3204/1635 2663/3132/1571
f 2665/2855/1298 2537/3205/1636 2533/3202/1633
f 2667/3315/1684 2534/3204/1635 2537/3205/1636
f 2668/2857/1300 2667/3315/1684 2665/2855/1298
f 2667/3315/1684 2669/2934/1377 2666/2933/1376
f 2668/2857/1300 2673/3316/1685 2670/3317/1686
f 2673/3316/1685 2669/2934/1377 2670/3317/1686
f 2674/2863/1306 2673/3316/1685 2671/2860/1303
f 2676/3318/1687 2672/2931/1374 2673/3316/1685
f 2674/2863/1306 2679/3319/1688 2676/3318/1687
f 2679/3319/1688 2675/2932/1375 2676/3318/1687
f 2677/2864/1307 2682/3320/1689 2679/3319/1688
f 2682/3320/1689 2678/2930/1373 2679/3319/1688
f 2683/2869/1312 2682/3320/1689 2680/2866/1309
f 2682/3320/1689 2684/2929/1372 2681/2928/1371
f 2683/2869/1312 2530/3199/1630 2685/3321/1690
f 2685/3321/1690 2526/3083/1524 2684/2929/1372
f 2686/3322/1691 2514/3188/1619 2511/2842/1285
f 2688/3323/1692 2512/3092/1531 2514/3188/1619
f 2686/3322/1691 2691/3324/1693 2688/3323/1692
f 2691/3324/1693 2687/3091/1530 2688/3323/1692
f 2689/2870/1313 2694/3325/1694 2691/3324/1693
f 2694/3325/1694 2690/3090/1529 2691/3324/1693
f 2695/2971/1413 2694/3325/1694 2692/2967/1409
f 2694/3325/1694 2696/3087/1527 2693/3088/1528
f 2698/3326/1695 2697/3327/1696 2695/2971/1413
f 2697/3327/1696 2699/3086/1526 2696/3087/1527
f 2698/3326/1695 2703/3328/1697 2700/3329/1698
f 2703/3328/1697 2699/3086/1526 2700/3329/1698
f 2704/3330/1699 2703/3328/1697 2701/2972/1414
f 2703/3328/1697 2705/3085/1316 2702/3084/1525
f 2704/3330/1699 2531/3197/1628 2706/3331/1700
f 2531/3197/1628 2705/2873/1316 2706/3331/1700
f 2532/2927/1370 2709/3332/1701 2535/3203/1634
f 2535/3203/1634 2708/2858/1301 2533/3202/1633
f 2707/2974/1369 2712/3333/1702 2709/3332/1701
f 2712/3333/1702 2708/2858/1301 2709/3332/1701
f 2710/2936/1379 2715/3334/1703 2712/3333/1702
f 2712/3333/1702 2714/3156/1595 2711/3157/1596
f 2716/2940/1383 2715/3334/1703 2713/2938/1381
f 2715/3334/1703 2717/3155/1594 2714/3156/1595
f 2719/2942/1385 2718/3335/1704 2716/2940/1383
f 2718/3335/1704 2720/3336/1705 2717/3155/1594
f 2719/2944/1385 2724/3337/1706 2721/3338/1707
f 2724/3337/1706 2720/3336/1705 2721/3338/1707
f 2725/2946/1388 2724/3337/1706 2722/2943/1386
f 2724/3337/1706 2726/3152/1591 2723/3153/1592
f 2518/3010/1451 2727/3339/1708 2725/2946/1388
f 2524/3191/1622 2726/3152/1591 2727/3339/1708
f 2519/3192/1623 2730/3340/1709 2523/3195/1626
f 2523/3195/1626 2729/3017/1458 2520/3194/1625
f 2731/2947/1389 2730/3340/1709 2728/2950/1392
f 2733/3341/1710 2729/3017/1458 2730/3340/1709
f 2734/2953/1395 2733/3341/1710 2731/2947/1389
f 2733/3341/1710 2735/3015/1456 2732/3016/1457
f 2737/2955/1397 2736/3342/1711 2734/2953/1395
f 2736/3342/1711 2738/3013/1454 2735/3015/1456
f 2740/2957/1399 2739/3343/1712 2737/2955/1397
f 2739/3343/1712 2741/3014/1455 2738/3013/1454
f 2740/2957/1399 2745/3344/1713 2742/3345/1714
f 2745/3344/1713 2741/3014/1455 2742/3345/1714
f 2743/2958/1400 2748/3346/1715 2745/3344/1713
f 2748/3346/1715 2744/3012/1453 2745/3344/1713
f 2513/2965/1407 2748/3346/1715 2746/2960/1402
f 2748/3346/1715 2512/3092/1531 2747/3011/1452
f 2483/3158/1597 2751/3347/1716 2486/3348/1600
f 2751/3349/1716 2484/2733/1178 2486/3162/1600
f 2752/3041/1482 2751/3347/1716 2749/2963/1405
f 2751/3349/1716 2753/3097/1536 2750/2731/1176
f 2755/3043/1484 2754/3350/1717 2752/3041/1482
f 2754/3351/1717 2756/3096/1535 2753/3097/1536
f 2758/3045/1486 2757/3352/1718 2755/3043/1484
f 2757/3353/1718 2759/3095/1534 2756/3096/1535
f 2761/3047/1488 2760/3354/1719 2758/3045/1486
f 2760/3355/1719 2762/3094/1533 2759/3095/1534
f 2764/3048/1489 2763/3356/1720 2761/3047/1488
f 2763/3357/1720 2765/3093/1532 2762/3094/1533
f 2764/3048/1489 2769/3358/1721 2766/3359/1722
f 2769/3360/1721 2765/3093/1532 2766/3361/1722
f 2767/2843/1286 2517/3187/1618 2769/3362/1721
f 2769/3363/1721 2513/2965/1407 2768/2966/1408
f 2770/3009/1450 2521/3364/1624 2518/3010/1451
f 2772/3365/1723 2519/3192/1623 2521/3193/1624
f 2773/3021/1462 2772/3366/1723 2770/3009/1450
f 2775/3367/1724 2771/2951/1393 2772/3365/1723
f 2776/3024/1465 2775/3368/1724 2773/3021/1462
f 2775/3367/1724 2777/3150/1589 2774/3151/1590
f 2779/3026/1467 2778/3369/1725 2776/3024/1465
f 2778/3370/1725 2780/3149/1588 2777/3150/1589
f 2782/3028/1469 2781/3371/1726 2779/3026/1467
f 2781/3372/1726 2783/3373/1727 2780/3149/1588
f 2782/3028/1469 2787/3374/1728 2784/3375/1729
f 2787/3376/1728 2783/3377/1727 2784/3378/1729
f 2785/3027/1468 2790/3379/1730 2787/3380/1728
f 2790/3381/1730 2786/3148/1587 2787/3382/1728
f 2788/2749/1194 2493/3169/1605 2790/3379/1730
f 2790/3381/1730 2490/3165/1602 2789/3038/1479
f 2557/2789/1233 2749/3383/1405 2483/3158/1597
f 2189/2684/1129 2190/2687/1132 2197/2685/1130
f 2190/2687/1132 2191/2690/1135 2198/2688/1133
f 2192/2689/1134 2199/2692/1137 2198/2688/1133
f 2192/2689/1134 2193/2693/1138 2200/2691/1136
f 2193/2693/1138 2194/2696/1141 2201/2694/1139
f 2195/2695/1140 2202/2703/1148 2201/2694/1139
f 2196/2686/1131 2197/2685/1130 2204/2697/1142
f 2197/2685/1130 2198/2688/1133 2205/2699/1144
f 2198/2688/1133 2199/2692/1137 2206/2700/1145
f 2199/2692/1137 2200/2691/1136 2207/2701/1146
f 2200/2691/1136 2201/2694/1139 2208/2702/1147
f 2202/2703/1148 2209/2709/1154 2208/2702/1147
f 2203/2698/1143 2204/2697/1142 2211/2704/1149
f 2204/2697/1142 2205/2699/1144 2212/2706/1151
f 2205/2699/1144 2206/2700/1145 2213/2707/1152
f 2206/2700/1145 2207/2701/1146 2214/2708/1153
f 2208/2702/1147 2215/2710/1155 2214/2708/1153
f 2209/2709/1154 2216/3143/1582 2215/2710/1155
f 2211/2704/1149 2218/2712/1157 2217/2711/1156
f 2212/2706/1151 2219/2714/1159 2218/2712/1157
f 2212/2706/1151 2213/2707/1152 2220/2713/1158
f 2213/2707/1152 2214/2708/1153 2221/2715/1160
f 2215/2710/1155 2222/2717/1162 2221/2715/1160
f 2215/2710/1155 2216/3143/1582 2223/2716/1161
f 2217/2711/1156 2218/2712/1157 2225/2718/1163
f 2218/2712/1157 2219/2714/1159 2226/2720/1165
f 2220/2713/1158 2227/2721/1166 2226/2720/1165
f 2221/2715/1160 2228/2723/1168 2227/2721/1166
f 2221/2715/1160 2222/2717/1162 2229/2722/1167
f 2223/2716/1161 2230/2730/1175 2229/2722/1167
f 2224/2719/1164 2225/2718/1163 2232/2724/1169
f 2225/2718/1163 2226/2720/1165 2233/2726/1171
f 2227/2721/1166 2234/2727/1172 2233/2726/1171
f 2228/2723/1168 2235/2729/1174 2234/2727/1172
f 2228/2723/1168 2229/2722/1167 2236/2728/1173
f 2230/2730/1175 2237/2840/1283 2236/2728/1173
f 2750/2731/1176 2378/2791/1234 2560/2732/1177
f 2379/2734/1179 2380/2738/1183 2566/2735/1180
f 2381/2737/1182 2569/2740/1185 2566/2735/1180
f 2382/2739/1184 2572/2742/1187 2569/2740/1185
f 2382/2739/1184 2383/2743/1188 2575/2741/1186
f 2383/2743/1188 2384/3039/1480 2578/2744/1189
f 2584/2745/1190 2581/3247/1651 2482/2746/1191
f 2482/2746/1191 2581/3247/1651 2491/2748/1193
f 2587/2750/1195 2584/2745/1190 2475/2747/1192
f 2461/2752/1197 2590/2754/1199 2587/2750/1195
f 2454/2753/1198 2593/2756/1201 2590/2754/1199
f 2447/2755/1200 2596/2758/1203 2593/2756/1201
f 2440/2757/1202 2599/3262/1657 2596/2758/1203
f 2605/2759/1204 2602/2762/1207 2244/2760/1205
f 2602/2762/1207 2505/3181/1614 2645/2763/1208
f 2605/2759/1204 2243/2761/1206 2242/2764/1209
f 2608/2765/1210 2242/2764/1209 2241/2766/1211
f 2611/2767/1212 2241/2766/1211 2240/2768/1213
f 2617/2770/1215 2614/2769/1214 2240/2768/1213
f 2620/2772/1217 2617/2770/1215 2239/2771/1216
f 2626/2774/1219 2623/3019/1460 2391/2775/1220
f 2620/2772/1217 2238/2773/1218 2642/2777/1222
f 2392/2779/1224 2399/3055/1496 2545/2780/1225
f 2545/2780/1225 2399/3055/1496 2406/2782/1227
f 2548/2783/1228 2406/2782/1227 2413/2784/1229
f 2551/2786/1230 2413/2784/1229 2420/2787/1231
f 2420/2787/1231 2427/2964/1406 2557/2789/1233
f 2379/2734/1179 2563/2736/1181 2560/2790/1177
f 2239/2771/1216 2246/2793/1236 2245/2792/1235
f 2240/2768/1213 2247/2795/1238 2246/2793/1236
f 2240/2768/1213 2241/2766/1211 2248/2794/1237
f 2242/2764/1209 2249/2797/1240 2248/2794/1237
f 2242/2764/1209 2243/2761/1206 2250/2796/1239
f 2243/2761/1206 2244/2760/1205 2251/2798/1241
f 2246/2793/1236 2253/2801/1244 2252/2799/1242
f 2246/2793/1236 2247/2795/1238 2254/2800/1243
f 2247/2795/1238 2248/2794/1237 2255/2802/1245
f 2248/2794/1237 2249/2797/1240 2256/2803/1246
f 2250/2796/1239 2257/2804/1247 2256/2803/1246
f 2251/2798/1241 2258/3137/1576 2257/2804/1247
f 2252/2799/1242 2253/2801/1244 2260/2805/1248
f 2254/2800/1243 2261/2808/1251 2260/2805/1248
f 2254/2800/1243 2255/2802/1245 2262/2807/1250
f 2256/2803/1246 2263/2810/1253 2262/2807/1250
f 2256/2803/1246 2257/2804/1247 2264/2809/1252
f 2257/2804/1247 2258/3137/1576 2265/2811/1254
f 2259/2806/1249 2260/2805/1248 2267/2812/1255
f 2261/2808/1251 2268/2815/1258 2267/2812/1255
f 2261/2808/1251 2262/2807/1250 2269/2814/1257
f 2262/2807/1250 2263/2810/1253 2270/2816/1259
f 2264/2809/1252 2271/2818/1261 2270/2816/1259
f 2264/2809/1252 2265/2811/1254 2272/2817/1260
f 2266/2813/1256 2267/2812/1255 2274/2819/1262
f 2267/2812/1255 2268/2815/1258 2275/2821/1264
f 2269/2814/1257 2276/2823/1266 2275/2821/1264
f 2269/2814/1257 2270/2816/1259 2277/2822/1265
f 2271/2818/1261 2278/2824/1267 2277/2822/1265
f 2272/2817/1260 2279/2830/1273 2278/2824/1267
f 2273/2820/1263 2274/2819/1262 2281/2825/1268
f 2274/2819/1262 2275/2821/1264 2282/2827/1270
f 2275/2821/1264 2276/2823/1266 2283/2828/1271
f 2277/2822/1265 2284/2829/1272 2283/2828/1271
f 2278/2824/1267 2285/2831/1274 2284/2829/1272
f 2279/2830/1273 2286/3133/1572 2285/2831/1274
f 2504/2832/1275 2599/3266/1657 2440/2757/1202
f 2232/2724/1169 2618/2835/1278 2621/2834/1277
f 2233/2726/1171 2615/2837/1280 2618/2835/1278
f 2233/2726/1171 2234/2727/1172 2612/2836/1279
f 2234/2727/1172 2235/2729/1174 2609/2838/1281
f 2235/2729/1174 2236/2728/1173 2606/2839/1282
f 2237/2840/1283 2603/3139/1578 2606/2839/1282
f 2433/2841/1284 2686/3322/1691 2511/2842/1285
f 2650/2844/1287 2647/2884/1327 2439/2845/1288
f 2650/2844/1287 2438/2846/1289 2437/2847/1290
f 2653/2848/1291 2437/2847/1290 2436/2849/1292
f 2659/2851/1294 2656/2850/1293 2436/2849/1292
f 2662/2853/1296 2659/2851/1294 2435/2852/1295
f 2665/2855/1298 2293/2859/1302 2292/2856/1299
f 2665/2855/1298 2533/3202/1633 2708/2858/1301
f 2671/2860/1303 2668/2857/1300 2292/2856/1299
f 2671/2860/1303 2291/2861/1304 2290/2862/1305
f 2677/2864/1307 2674/2863/1306 2290/2862/1305
f 2680/2866/1309 2677/2864/1307 2289/2865/1308
f 2680/2866/1309 2288/2867/1310 2287/2868/1311
f 2689/2870/1313 2686/3322/1691 2433/2841/1284
f 2527/2872/1315 2683/2869/1312 2287/2868/1311
f 2626/2774/1219 2390/2776/1221 2389/2874/1317
f 2629/2875/1318 2389/2874/1317 2388/2876/1319
f 2632/2877/1320 2388/2876/1319 2387/2878/1321
f 2635/2879/1322 2387/2878/1321 2386/2880/1323
f 2638/2881/1324 2386/2880/1323 2385/2882/1325
f 2644/2833/1276 2440/2757/1202 2439/2845/1288
f 2288/2867/1310 2295/2886/1329 2294/2885/1328
f 2289/2865/1308 2296/2887/1330 2295/2886/1329
f 2290/2862/1305 2297/2888/1331 2296/2887/1330
f 2291/2861/1304 2298/2890/1333 2297/2888/1331
f 2291/2861/1304 2292/2856/1299 2299/2889/1332
f 2292/2856/1299 2293/2859/1302 2300/2891/1334
f 2294/2885/1328 2295/2886/1329 2302/2892/1335
f 2295/2886/1329 2296/2887/1330 2303/2894/1337
f 2296/2887/1330 2297/2888/1331 2304/2895/1338
f 2297/2888/1331 2298/2890/1333 2305/2896/1339
f 2299/2889/1332 2306/2898/1341 2305/2896/1339
f 2299/2889/1332 2300/2891/1334 2307/2897/1340
f 2301/2893/1336 2302/2892/1335 2309/2899/1342
f 2302/2892/1335 2303/2894/1337 2310/2901/1344
f 2303/2894/1337 2304/2895/1338 2311/2902/1345
f 2304/2895/1338 2305/2896/1339 2312/2903/1346
f 2305/2896/1339 2306/2898/1341 2313/2904/1347
f 2306/2898/1341 2307/2897/1340 2314/2905/1348
f 2308/2900/1343 2309/2899/1342 2316/2906/1349
f 2310/2901/1344 2317/2908/1351 2316/2906/1349
f 2311/2902/1345 2318/2909/1352 2317/2908/1351
f 2312/2903/1346 2319/2910/1353 2318/2909/1352
f 2313/2904/1347 2320/2912/1355 2319/2910/1353
f 2313/2904/1347 2314/2905/1348 2321/2911/1354
f 2316/2906/1349 2323/2914/1357 2322/2913/1356
f 2317/2908/1351 2324/2916/1359 2323/2914/1357
f 2317/2908/1351 2318/2909/1352 2325/2915/1358
f 2318/2909/1352 2319/2910/1353 2326/2917/1360
f 2319/2910/1353 2320/2912/1355 2327/2918/1361
f 2321/2911/1354 2328/3154/1593 2327/2918/1361
f 2323/2914/1357 2330/2920/1363 2329/2919/1362
f 2324/2916/1359 2331/2921/1364 2330/2920/1363
f 2325/2915/1358 2332/2923/1366 2331/2921/1364
f 2325/2915/1358 2326/2917/1360 2333/2922/1365
f 2326/2917/1360 2327/2918/1361 2334/2924/1367
f 2327/2918/1361 2328/3154/1593 2335/2925/1368
f 2662/2853/1296 2434/2854/1297 2707/2926/1369
f 2280/2826/1269 2281/2825/1268 2681/2928/1371
f 2282/2827/1270 2678/2930/1373 2681/2928/1371
f 2283/2828/1271 2675/2932/1375 2678/2930/1373
f 2283/2828/1271 2284/2829/1272 2672/2931/1374
f 2285/2831/1274 2669/2934/1377 2672/2931/1374
f 2285/2831/1274 2286/3133/1572 2666/2933/1376
f 2385/2882/1325 2392/2779/1224 2542/2781/1226
f 2710/2936/1379 2441/3105/1544 2448/2937/1380
f 2713/2938/1381 2448/2937/1380 2455/2939/1382
f 2716/2940/1383 2455/2939/1382 2462/2941/1384
f 2462/2941/1384 2469/3126/1565 2722/2943/1386
f 2722/2943/1386 2469/3126/1565 2476/2945/1387
f 2731/2947/1389 2728/2950/1392 2342/2948/1390
f 2728/2950/1392 2519/3192/1623 2771/2951/1393
f 2731/2947/1389 2341/2949/1391 2340/2952/1394
f 2734/2953/1395 2340/2952/1394 2339/2954/1396
f 2737/2955/1397 2339/2954/1396 2338/2956/1398
f 2743/2958/1400 2740/2957/1399 2338/2956/1398
f 2746/2960/1402 2743/2958/1400 2337/2959/1401
f 2428/2962/1404 2752/3041/1482 2749/2963/1405
f 2513/2965/1407 2746/2960/1402 2336/2961/1403
f 2692/2967/1409 2689/2870/1313 2426/2871/1314
f 2412/2969/1411 2695/2971/1413 2692/2967/1409
f 2405/2970/1412 2698/3326/1695 2695/2971/1413
f 2701/2972/1414 2698/3326/1695 2405/2970/1412
f 2391/2775/1220 2704/3330/1699 2701/2972/1414
f 2434/2854/1297 2441/3105/1544 2710/2936/1379
f 2336/2961/1403 2337/2959/1401 2344/2975/1416
f 2338/2956/1398 2345/2978/1419 2344/2975/1416
f 2338/2956/1398 2339/2954/1396 2346/2977/1418
f 2339/2954/1396 2340/2952/1394 2347/2979/1420
f 2340/2952/1394 2341/2949/1391 2348/2980/1421
f 2341/2949/1391 2342/2948/1390 2349/2981/1422
f 2344/2975/1416 2351/2984/1425 2350/2982/1423
f 2344/2975/1416 2345/2978/1419 2352/2983/1424
f 2345/2978/1419 2346/2977/1418 2353/2985/1426
f 2346/2977/1418 2347/2979/1420 2354/2986/1427
f 2347/2979/1420 2348/2980/1421 2355/2987/1428
f 2348/2980/1421 2349/2981/1422 2356/2988/1429
f 2350/2982/1423 2351/2984/1425 2358/2989/1430
f 2351/2984/1425 2352/2983/1424 2359/2991/1432
f 2352/2983/1424 2353/2985/1426 2360/2992/1433
f 2354/2986/1427 2361/2993/1434 2360/2992/1433
f 2355/2987/1428 2362/2995/1436 2361/2993/1434
f 2355/2987/1428 2356/2988/1429 2363/2994/1435
f 2357/2990/1431 2358/2989/1430 2365/2996/1437
f 2359/2991/1432 2366/2999/1440 2365/2996/1437
f 2359/2991/1432 2360/2992/1433 2367/2998/1439
f 2361/2993/1434 2368/3001/1442 2367/2998/1439
f 2361/2993/1434 2362/2995/1436 2369/3000/1441
f 2363/2994/1435 2370/3147/1586 2369/3000/1441
f 2364/2997/1438 2365/2996/1437 2372/3002/1443
f 2366/2999/1440 2373/3004/1445 2372/3002/1443
f 2367/2998/1439 2374/3005/1446 2373/3004/1445
f 2368/3001/1442 2375/3007/1448 2374/3005/1446
f 2368/3001/1442 2369/3000/1441 2376/3006/1447
f 2369/3000/1441 2370/3147/1586 2377/3008/1449
f 2372/3002/1443 2379/2734/1179 2378/2791/1234
f 2373/3004/1445 2380/2738/1183 2379/2734/1179
f 2374/3005/1446 2381/2737/1182 2380/2738/1183
f 2375/3007/1448 2382/2739/1184 2381/2737/1182
f 2376/3006/1447 2383/2743/1188 2382/2739/1184
f 2377/3008/1449 2384/3039/1480 2383/2743/1188
f 2725/2946/1388 2476/2945/1387 2770/3009/1450
f 2330/2920/1363 2744/3012/1453 2747/3011/1452
f 2331/2921/1364 2741/3014/1455 2744/3012/1453
f 2331/2921/1364 2332/2923/1366 2738/3013/1454
f 2332/2923/1366 2333/2922/1365 2735/3015/1456
f 2333/2922/1365 2334/2924/1367 2732/3016/1457
f 2334/2924/1367 2335/2925/1368 2729/3017/1458
f 2525/3018/1459 2704/3330/1699 2391/2775/1220
f 2478/3020/1461 2776/3024/1465 2773/3021/1462
f 2479/3023/1464 2779/3026/1467 2776/3024/1465
f 2480/3025/1466 2782/3028/1469 2779/3026/1467
f 2480/3025/1466 2481/3029/1470 2785/3027/1468
f 2481/3029/1470 2482/2746/1191 2788/2749/1194
f 2579/3030/1471 2492/3170/1606 2582/3031/1472
f 2579/3030/1471 2195/2695/1140 2194/2696/1141
f 2576/3032/1473 2194/2696/1141 2193/2693/1138
f 2570/3034/1475 2573/3033/1474 2193/2693/1138
f 2567/3035/1476 2570/3034/1475 2192/2689/1134
f 2567/3035/1476 2191/2690/1135 2190/2687/1132
f 2564/3036/1477 2190/2687/1132 2189/2684/1129
f 2789/3038/1479 2490/3165/1602 2578/2744/1189
f 2429/3040/1481 2755/3043/1484 2752/3041/1482
f 2430/3042/1483 2758/3045/1486 2755/3043/1484
f 2431/3044/1485 2761/3047/1488 2758/3045/1486
f 2432/3046/1487 2764/3048/1489 2761/3047/1488
f 2432/3046/1487 2433/2841/1284 2767/2843/1286
f 2476/2945/1387 2477/3022/1463 2773/3021/1462
f 2386/2880/1323 2393/3049/1490 2392/2779/1224
f 2387/2878/1321 2394/3051/1492 2393/3049/1490
f 2387/2878/1321 2388/2876/1319 2395/3050/1491
f 2388/2876/1319 2389/2874/1317 2396/3052/1493
f 2390/2776/1221 2397/3053/1494 2396/3052/1493
f 2391/2775/1220 2398/2973/1415 2397/3053/1494
f 2392/2779/1224 2393/3049/1490 2400/3054/1495
f 2393/3049/1490 2394/3051/1492 2401/3056/1497
f 2395/3050/1491 2402/3057/1498 2401/3056/1497
f 2396/3052/1493 2403/3058/1499 2402/3057/1498
f 2397/3053/1494 2404/3059/1500 2403/3058/1499
f 2398/2973/1415 2405/2970/1412 2404/3059/1500
f 2399/3055/1496 2400/3054/1495 2407/3060/1501
f 2401/3056/1497 2408/3062/1503 2407/3060/1501
f 2401/3056/1497 2402/3057/1498 2409/3061/1502
f 2402/3057/1498 2403/3058/1499 2410/3063/1504
f 2404/3059/1500 2411/3064/1505 2410/3063/1504
f 2405/2970/1412 2412/2969/1411 2411/3064/1505
f 2406/2782/1227 2407/3060/1501 2414/3065/1506
f 2408/3062/1503 2415/3067/1508 2414/3065/1506
f 2408/3062/1503 2409/3061/1502 2416/3066/1507
f 2409/3061/1502 2410/3063/1504 2417/3068/1509
f 2411/3064/1505 2418/3069/1510 2417/3068/1509
f 2411/3064/1505 2412/2969/1411 2419/2968/1410
f 2414/3065/1506 2421/3070/1511 2420/2787/1231
f 2415/3067/1508 2422/3072/1513 2421/3070/1511
f 2415/3067/1508 2416/3066/1507 2423/3071/1512
f 2416/3066/1507 2417/3068/1509 2424/3073/1514
f 2417/3068/1509 2418/3069/1510 2425/3074/1515
f 2418/3069/1510 2419/2968/1410 2426/2871/1314
f 2421/3070/1511 2428/2962/1404 2427/2964/1406
f 2421/3070/1511 2422/3072/1513 2429/3040/1481
f 2423/3071/1512 2430/3042/1483 2429/3040/1481
f 2424/3073/1514 2431/3044/1485 2430/3042/1483
f 2425/3074/1515 2432/3046/1487 2431/3044/1485
f 2426/2871/1314 2433/2841/1284 2432/3046/1487
f 2540/3075/1516 2231/2725/1170 2621/2834/1277
f 2238/2773/1218 2245/2792/1235 2639/3077/1518
f 2245/2792/1235 2252/2799/1242 2636/3078/1519
f 2252/2799/1242 2259/2806/1249 2633/3079/1520
f 2259/2806/1249 2266/2813/1256 2630/3080/1521
f 2266/2813/1256 2273/2820/1263 2627/3081/1522
f 2627/3081/1522 2273/2820/1263 2280/2826/1269
f 2624/3082/1523 2280/2826/1269 2684/2929/1372
f 2287/2868/1311 2294/2885/1328 2702/3084/1525
f 2702/3084/1525 2294/2885/1328 2301/2893/1336
f 2301/2893/1336 2308/2900/1343 2696/3087/1527
f 2308/2900/1343 2315/2907/1350 2693/3088/1528
f 2693/3089/1528 2315/2907/1350 2322/2913/1356
f 2690/3090/1529 2322/2913/1356 2329/2919/1362
f 2329/2919/1362 2747/3011/1452 2512/3092/1531
f 2768/2966/1408 2336/2961/1403 2343/2976/1417
f 2343/2976/1417 2350/2982/1423 2762/3094/1533
f 2350/2982/1423 2357/2990/1431 2759/3095/1534
f 2357/2990/1431 2364/2997/1438 2756/3096/1535
f 2364/2997/1438 2371/3003/1444 2753/3097/1536
f 2371/3003/1444 2378/2791/1234 2750/2731/1176
f 2485/3098/1537 2561/3037/1478 2189/2684/1129
f 2558/3099/1538 2189/2684/1129 2196/2686/1131
f 2196/2686/1131 2203/2698/1143 2552/3101/1540
f 2203/2698/1143 2210/2705/1150 2549/3102/1541
f 2210/2705/1150 2217/2711/1156 2546/3103/1542
f 2546/3103/1542 2217/2711/1156 2224/2719/1164
f 2543/3104/1543 2224/2719/1164 2231/2725/1170
f 2435/2852/1295 2442/3106/1545 2441/3105/1544
f 2436/2849/1292 2443/3107/1546 2442/3106/1545
f 2437/2847/1290 2444/3109/1548 2443/3107/1546
f 2437/2847/1290 2438/2846/1289 2445/3108/1547
f 2439/2845/1288 2446/3110/1549 2445/3108/1547
f 2439/2845/1288 2440/2757/1202 2447/2755/1200
f 2442/3106/1545 2449/3112/1551 2448/2937/1380
f 2442/3106/1545 2443/3107/1546 2450/3111/1550
f 2443/3107/1546 2444/3109/1548 2451/3113/1552
f 2445/3108/1547 2452/3115/1554 2451/3113/1552
f 2445/3108/1547 2446/3110/1549 2453/3114/1553
f 2446/3110/1549 2447/2755/1200 2454/2753/1198
f 2448/2937/1380 2449/3112/1551 2456/3116/1555
f 2450/3111/1550 2457/3118/1557 2456/3116/1555
f 2450/3111/1550 2451/3113/1552 2458/3117/1556
f 2452/3115/1554 2459/3120/1559 2458/3117/1556
f 2452/3115/1554 2453/3114/1553 2460/3119/1558
f 2453/3114/1553 2454/2753/1198 2461/2752/1197
f 2455/2939/1382 2456/3116/1555 2463/3121/1560
f 2457/3118/1557 2464/3122/1561 2463/3121/1560
f 2458/3117/1556 2465/3123/1562 2464/3122/1561
f 2459/3120/1559 2466/3125/1564 2465/3123/1562
f 2459/3120/1559 2460/3119/1558 2467/3124/1563
f 2460/3119/1558 2461/2752/1197 2468/2751/1196
f 2463/3121/1560 2470/3127/1566 2469/3126/1565
f 2464/3122/1561 2471/3128/1567 2470/3127/1566
f 2465/3123/1562 2472/3130/1569 2471/3128/1567
f 2465/3123/1562 2466/3125/1564 2473/3129/1568
f 2467/3124/1563 2474/3131/1570 2473/3129/1568
f 2468/2751/1196 2475/2747/1192 2474/3131/1570
f 2470/3127/1566 2477/3022/1463 2476/2945/1387
f 2471/3128/1567 2478/3020/1461 2477/3022/1463
f 2472/3130/1569 2479/3023/1464 2478/3020/1461
f 2473/3129/1568 2480/3025/1466 2479/3023/1464
f 2474/3131/1570 2481/3029/1470 2480/3025/1466
f 2475/2747/1192 2482/2746/1191 2481/3029/1470
f 2663/3132/1571 2534/3204/1635 2666/2933/1376
f 2279/2830/1273 2660/3134/1573 2663/3132/1571
f 2272/2817/1260 2657/3306/1680 2660/3134/1573
f 2654/3135/1574 2657/3306/1680 2272/2817/1260
f 2651/3136/1575 2654/3135/1574 2265/2811/1254
f 2251/2798/1241 2648/3302/1678 2651/3136/1575
f 2645/2763/1208 2648/3302/1678 2251/2798/1241
f 2237/2840/1283 2600/3265/1659 2506/3138/1577
f 2597/3140/1579 2600/3265/1659 2237/2840/1283
f 2594/3141/1580 2597/3140/1579 2230/2730/1175
f 2591/3142/1581 2594/3141/1580 2223/2716/1161
f 2209/2709/1154 2588/3144/1583 2591/3142/1581
f 2202/2703/1148 2585/3145/1584 2588/3144/1583
f 2195/2695/1140 2582/3031/1472 2585/3145/1584
f 2497/3146/1585 2641/3292/1326 2385/2882/1325
f 2377/3008/1449 2786/3148/1587 2789/3038/1479
f 2370/3147/1586 2783/3377/1727 2786/3148/1587
f 2780/3149/1588 2783/3373/1727 2370/3147/1586
f 2777/3150/1589 2780/3149/1588 2363/2994/1435
f 2774/3151/1590 2777/3150/1589 2356/2988/1429
f 2342/2948/1390 2771/2951/1393 2774/3151/1590
f 2726/3152/1591 2520/3194/1625 2729/3017/1458
f 2723/3153/1592 2726/3152/1591 2335/2925/1368
f 2321/2911/1354 2720/3336/1705 2723/3153/1592
f 2717/3155/1594 2720/3336/1705 2321/2911/1354
f 2714/3156/1595 2717/3155/1594 2314/2905/1348
f 2711/3157/1596 2714/3156/1595 2307/2897/1340
f 2293/2859/1302 2708/2858/1301 2711/3157/1596
f 2483/3158/1597 2486/3348/1600 2487/3159/1598
f 2484/2733/1178 2488/3227/1601 2487/3161/1598
f 2485/3098/1537 2489/3224/1599 2487/3163/1598
f 2490/3165/1602 2493/3384/1605 2494/3166/1603
f 2491/2748/1193 2495/3248/1607 2494/3168/1603
f 2492/3170/1606 2496/3246/1604 2494/3171/1603
f 2497/3146/1585 2500/3206/1610 2501/3173/1608
f 2498/3076/1517 2502/3178/1611 2501/3175/1608
f 2499/2778/1223 2503/3385/1609 2501/3177/1608
f 2504/2832/1275 2507/3295/1615 2508/3179/1612
f 2505/3181/1614 2509/3185/1616 2508/3182/1612
f 2506/3138/1577 2510/3268/1613 2508/3184/1612
f 2511/2842/1285 2514/3188/1619 2515/3186/1617
f 2512/3092/1531 2516/3189/1620 2515/3186/1617
f 2513/2965/1407 2517/3386/1618 2515/3186/1617
f 2518/3010/1451 2521/3364/1624 2522/3190/1621
f 2519/3192/1623 2523/3195/1626 2522/3190/1621
f 2520/3194/1625 2524/3191/1622 2522/3190/1621
f 2525/3018/1459 2528/3277/1629 2529/3196/1627
f 2526/3083/1524 2530/3199/1630 2529/3196/1627
f 2527/2872/1315 2531/3197/1628 2529/3196/1627
f 2532/2927/1370 2535/3203/1634 2536/3200/1631
f 2533/3202/1633 2537/3205/1636 2536/3200/1631
f 2534/3204/1635 2538/3387/1632 2536/3200/1631
f 2539/2935/1378 2541/3388/1637 2500/3206/1610
f 2541/3207/1637 2540/3075/1516 2498/3076/1517
f 2539/2935/1378 2542/2781/1226 2544/3208/1638
f 2544/3210/1638 2543/3104/1543 2540/3075/1516
f 2542/2781/1226 2545/2780/1225 2547/3212/1639
f 2547/3214/1639 2546/3103/1542 2543/3104/1543
f 2548/2783/1228 2550/3389/1640 2547/3212/1639
f 2547/3214/1639 2550/3390/1640 2549/3102/1541
f 2551/2785/1230 2553/3391/1641 2550/3216/1640
f 2550/3217/1640 2553/3392/1641 2552/3101/1540
f 2554/2788/1232 2556/3393/1642 2553/3218/1641
f 2553/3219/1641 2556/3394/1642 2555/3100/1539
f 2557/2789/1233 2559/3395/1643 2556/3220/1642
f 2559/3221/1643 2558/3099/1538 2555/3100/1539
f 2483/3158/1597 2489/3160/1599 2559/3223/1643
f 2489/3224/1599 2485/3098/1537 2558/3099/1538
f 2484/2733/1178 2560/2732/1177 2562/3226/1644
f 2488/3164/1601 2562/3396/1644 2561/3037/1478
f 2560/2790/1177 2563/2736/1181 2565/3228/1645
f 2565/3230/1645 2564/3036/1477 2561/3037/1478
f 2563/2736/1181 2566/2735/1180 2568/3232/1646
f 2568/3234/1646 2567/3035/1476 2564/3036/1477
f 2569/2740/1185 2571/3236/1647 2568/3232/1646
f 2568/3234/1646 2571/3237/1647 2570/3034/1475
f 2572/2742/1187 2574/3397/1649 2571/3236/1647
f 2571/3237/1647 2574/3398/1649 2573/3033/1474
f 2572/2742/1187 2575/2741/1186 2577/3238/1648
f 2577/3240/1648 2576/3032/1473 2573/3033/1474
f 2575/2741/1186 2578/2744/1189 2580/3242/1650
f 2580/3244/1650 2579/3030/1471 2576/3032/1473
f 2490/3165/1602 2496/3167/1604 2580/3242/1650
f 2496/3246/1604 2492/3170/1606 2579/3030/1471
f 2581/3247/1651 2583/3399/1652 2495/3248/1607
f 2583/3249/1652 2582/3031/1472 2492/3170/1606
f 2581/3247/1651 2584/2745/1190 2586/3250/1653
f 2586/3252/1653 2585/3145/1584 2582/3031/1472
f 2584/2745/1190 2587/2750/1195 2589/3254/1654
f 2589/3256/1654 2588/3144/1583 2585/3145/1584
f 2587/2750/1195 2590/2754/1199 2592/3258/1655
f 2589/3256/1654 2592/3259/1655 2591/3142/1581
f 2593/2756/1201 2595/3400/1656 2592/3258/1655
f 2592/3259/1655 2595/3401/1656 2594/3141/1580
f 2596/2758/1203 2598/3402/1658 2595/3260/1656
f 2595/3261/1656 2598/3403/1658 2597/3140/1579
f 2599/3262/1657 2601/3404/1660 2598/3263/1658
f 2598/3264/1658 2601/3405/1660 2600/3265/1659
f 2599/3266/1657 2504/2832/1275 2510/3180/1613
f 2510/3268/1613 2506/3138/1577 2600/3265/1659
f 2505/3181/1614 2602/2762/1207 2604/3270/1661
f 2509/3185/1616 2604/3270/1661 2603/3139/1578
f 2602/2762/1207 2605/2759/1204 2607/3271/1662
f 2607/3271/1662 2606/2839/1282 2603/3139/1578
f 2608/2765/1210 2610/3272/1663 2607/3271/1662
f 2607/3271/1662 2610/3272/1663 2609/2838/1281
f 2611/2767/1212 2613/3273/1664 2610/3272/1663
f 2610/3272/1663 2613/3273/1664 2612/2836/1279
f 2614/2769/1214 2616/3275/1666 2613/3273/1664
f 2613/3273/1664 2616/3275/1666 2615/2837/1280
f 2614/2769/1214 2617/2770/1215 2619/3274/1665
f 2619/3274/1665 2618/2835/1278 2615/2837/1280
f 2617/2770/1215 2620/2772/1217 2622/3276/1667
f 2622/3276/1667 2621/2834/1277 2618/2835/1278
f 2499/2778/1223 2502/3178/1611 2622/3276/1667
f 2622/3276/1667 2502/3178/1611 2498/3076/1517
f 2623/3019/1460 2625/3406/1668 2528/3277/1629
f 2625/3278/1668 2624/3082/1523 2526/3083/1524
f 2623/3019/1460 2626/2774/1219 2628/3279/1669
f 2628/3281/1669 2627/3081/1522 2624/3082/1523
f 2629/2875/1318 2631/3407/1670 2628/3279/1669
f 2628/3281/1669 2631/3284/1670 2630/3080/1521
f 2632/2877/1320 2634/3408/1671 2631/3283/1670
f 2631/3284/1670 2634/3409/1671 2633/3079/1520
f 2635/2879/1322 2637/3410/1672 2634/3285/1671
f 2634/3286/1671 2637/3411/1672 2636/3078/1519
f 2638/2881/1324 2640/3290/1674 2637/3287/1672
f 2637/3288/1672 2640/3291/1674 2639/3077/1518
f 2638/2881/1324 2641/2883/1326 2643/3289/1673
f 2640/3291/1674 2643/3412/1673 2642/2777/1222
f 2641/3292/1326 2497/3146/1585 2503/3174/1609
f 2643/3294/1673 2503/3385/1609 2499/2778/1223
f 2644/2833/1276 2646/3297/1675 2507/3295/1615
f 2646/3296/1675 2645/2763/1208 2505/3181/1614
f 2647/2884/1327 2649/3413/1676 2646/3297/1675
f 2649/3298/1676 2648/3302/1678 2645/2763/1208
f 2647/2884/1327 2650/2844/1287 2652/3299/1677
f 2652/3301/1677 2651/3136/1575 2648/3302/1678
f 2653/2848/1291 2655/3414/1679 2652/3299/1677
f 2652/3301/1677 2655/3415/1679 2654/3135/1574
f 2656/2850/1293 2658/3416/1682 2655/3304/1679
f 2655/3305/1679 2658/3417/1682 2657/3306/1680
f 2656/2850/1293 2659/2851/1294 2661/3307/1681
f 2661/3309/1681 2660/3134/1573 2657/3306/1680
f 2659/2851/1294 2662/2853/1296 2664/3311/1683
f 2664/3313/1683 2663/3132/1571 2660/3134/1573
f 2532/2927/1370 2538/3201/1632 2664/3311/1683
f 2664/3313/1683 2538/3387/1632 2534/3204/1635
f 2665/2855/1298 2667/3315/1684 2537/3205/1636
f 2667/3315/1684 2666/2933/1376 2534/3204/1635
f 2668/2857/1300 2670/3317/1686 2667/3315/1684
f 2667/3315/1684 2670/3317/1686 2669/2934/1377
f 2668/2857/1300 2671/2860/1303 2673/3316/1685
f 2673/3316/1685 2672/2931/1374 2669/2934/1377
f 2674/2863/1306 2676/3318/1687 2673/3316/1685
f 2676/3318/1687 2675/2932/1375 2672/2931/1374
f 2674/2863/1306 2677/2864/1307 2679/3319/1688
f 2679/3319/1688 2678/2930/1373 2675/2932/1375
f 2677/2864/1307 2680/2866/1309 2682/3320/1689
f 2682/3320/1689 2681/2928/1371 2678/2930/1373
f 2683/2869/1312 2685/3321/1690 2682/3320/1689
f 2682/3320/1689 2685/3321/1690 2684/2929/1372
f 2683/2869/1312 2527/2872/1315 2530/3199/1630
f 2685/3321/1690 2530/3199/1630 2526/3083/1524
f 2686/3322/1691 2688/3323/1692 2514/3188/1619
f 2688/3323/1692 2687/3091/1530 2512/3092/1531
f 2686/3322/1691 2689/2870/1313 2691/3324/1693
f 2691/3324/1693 2690/3090/1529 2687/3091/1530
f 2689/2870/1313 2692/2967/1409 2694/3325/1694
f 2694/3325/1694 2693/3089/1528 2690/3090/1529
f 2695/2971/1413 2697/3327/1696 2694/3325/1694
f 2694/3325/1694 2697/3327/1696 2696/3087/1527
f 2698/3326/1695 2700/3329/1698 2697/3327/1696
f 2697/3327/1696 2700/3329/1698 2699/3086/1526
f 2698/3326/1695 2701/2972/1414 2703/3328/1697
f 2703/3328/1697 2702/3084/1525 2699/3086/1526
f 2704/3330/1699 2706/3331/1700 2703/3328/1697
f 2703/3328/1697 2706/3331/1700 2705/3085/1316
f 2704/3330/1699 2525/3018/1459 2531/3197/1628
f 2531/3197/1628 2527/2872/1315 2705/2873/1316
f 2532/2927/1370 2707/2926/1369 2709/3332/1701
f 2535/3203/1634 2709/3332/1701 2708/2858/1301
f 2707/2974/1369 2710/2936/1379 2712/3333/1702
f 2712/3333/1702 2711/3157/1596 2708/2858/1301
f 2710/2936/1379 2713/2938/1381 2715/3334/1703
f 2712/3333/1702 2715/3334/1703 2714/3156/1595
f 2716/2940/1383 2718/3335/1704 2715/3334/1703
f 2715/3334/1703 2718/3335/1704 2717/3155/1594
f 2719/2942/1385 2721/3338/1707 2718/3335/1704
f 2718/3335/1704 2721/3338/1707 2720/3336/1705
f 2719/2944/1385 2722/2943/1386 2724/3337/1706
f 2724/3337/1706 2723/3153/1592 2720/3336/1705
f 2725/2946/1388 2727/3339/1708 2724/3337/1706
f 2724/3337/1706 2727/3339/1708 2726/3152/1591
f 2518/3010/1451 2524/3191/1622 2727/3339/1708
f 2524/3191/1622 2520/3194/1625 2726/3152/1591
f 2519/3192/1623 2728/2950/1392 2730/3340/1709
f 2523/3195/1626 2730/3340/1709 2729/3017/1458
f 2731/2947/1389 2733/3341/1710 2730/3340/1709
f 2733/3341/1710 2732/3016/1457 2729/3017/1458
f 2734/2953/1395 2736/3342/1711 2733/3341/1710
f 2733/3341/1710 2736/3342/1711 2735/3015/1456
f 2737/2955/1397 2739/3343/1712 2736/3342/1711
f 2736/3342/1711 2739/3343/1712 2738/3013/1454
f 2740/2957/1399 2742/3345/1714 2739/3343/1712
f 2739/3343/1712 2742/3345/1714 2741/3014/1455
f 2740/2957/1399 2743/2958/1400 2745/3344/1713
f 2745/3344/1713 2744/3012/1453 2741/3014/1455
f 2743/2958/1400 2746/2960/1402 2748/3346/1715
f 2748/3346/1715 2747/3011/1452 2744/3012/1453
f 2513/2965/1407 2516/3189/1620 2748/3346/1715
f 2748/3346/1715 2516/3189/1620 2512/3092/1531
f 2483/3158/1597 2749/3383/1405 2751/3347/1716
f 2751/3349/1716 2750/2731/1176 2484/2733/1178
f 2752/3041/1482 2754/3418/1717 2751/3347/1716
f 2751/3349/1716 2754/3419/1717 2753/3097/1536
f 2755/3043/1484 2757/3420/1718 2754/3350/1717
f 2754/3351/1717 2757/3421/1718 2756/3096/1535
f 2758/3045/1486 2760/3422/1719 2757/3352/1718
f 2757/3353/1718 2760/3423/1719 2759/3095/1534
f 2761/3047/1488 2763/3424/1720 2760/3354/1719
f 2760/3355/1719 2763/3425/1720 2762/3094/1533
f 2764/3048/1489 2766/3426/1722 2763/3356/1720
f 2763/3357/1720 2766/3427/1722 2765/3093/1532
f 2764/3048/1489 2767/2843/1286 2769/3358/1721
f 2769/3360/1721 2768/2966/1408 2765/3093/1532
f 2767/2843/1286 2511/2842/1285 2517/3187/1618
f 2769/3363/1721 2517/3386/1618 2513/2965/1407
f 2770/3009/1450 2772/3428/1723 2521/3364/1624
f 2772/3365/1723 2771/2951/1393 2519/3192/1623
f 2773/3021/1462 2775/3368/1724 2772/3366/1723
f 2775/3367/1724 2774/3151/1590 2771/2951/1393
f 2776/3024/1465 2778/3429/1725 2775/3368/1724
f 2775/3367/1724 2778/3430/1725 2777/3150/1589
f 2779/3026/1467 2781/3431/1726 2778/3369/1725
f 2778/3370/1725 2781/3432/1726 2780/3149/1588
f 2782/3028/1469 2784/3433/1729 2781/3371/1726
f 2781/3372/1726 2784/3434/1729 2783/3373/1727
f 2782/3028/1469 2785/3027/1468 2787/3374/1728
f 2787/3376/1728 2786/3148/1587 2783/3377/1727
f 2785/3027/1468 2788/2749/1194 2790/3379/1730
f 2790/3381/1730 2789/3038/1479 2786/3148/1587
f 2788/2749/1194 2491/2748/1193 2493/3169/1605
f 2790/3381/1730 2493/3384/1605 2490/3165/1602
f 2557/2789/1233 2427/2964/1406 2749/3383/1405
