# Blender v3.1.2 OBJ File: ''
# www.blender.org
mtllib SteamBilding_2.mtl
o 立方体.002_立方体.004
v -12.000000 -20.000000 29.999989
v -12.000000 20.000000 29.999989
v -12.000000 -20.000000 -29.999989
v -12.000000 20.000000 -29.999989
v -2.000000 -20.000000 29.999989
v -2.000000 20.000000 29.999989
v -2.000000 -20.000000 -29.999989
v -2.000000 20.000000 -29.999989
v -12.000000 -20.000000 -28.333323
v -12.000000 -20.000000 -26.666655
v -12.000000 -20.000000 -24.999987
v -12.000000 -20.000000 -23.333319
v -12.000000 -20.000000 -21.666653
v -12.000000 -20.000000 -19.999987
v -12.000000 -20.000000 -18.333321
v -12.000000 -20.000000 -16.666653
v -12.000000 -20.000000 -14.999992
v -12.000000 -20.000000 -13.333325
v -12.000000 -20.000000 -11.666658
v -12.000000 -20.000000 -9.999992
v -12.000000 -20.000000 -8.333325
v -12.000000 -20.000000 -6.666662
v -12.000000 -20.000000 -4.999995
v -12.000000 -20.000000 -3.333330
v -12.000000 -20.000000 -1.666664
v -12.000000 -20.000000 0.000002
v -2.425212 -18.241634 -4.739585
v -2.499713 -18.089027 13.292635
v -2.425212 -18.241634 4.251948
v -2.499713 -18.089027 -26.648436
v -2.499712 -18.089027 -12.862952
v -2.637851 -3.378202 -3.783607
v -2.425212 -4.958479 -4.739585
v -2.499713 2.556951 -26.811829
v -2.425212 2.556951 -4.739583
v -2.607590 -3.394287 -3.919657
v -2.712353 -3.225595 -25.182766
v -2.577944 -3.442214 -4.052937
v -2.499713 -4.805872 -26.648436
v -2.549519 -3.521008 -4.180735
v -2.522890 -3.629065 -4.300448
v -2.499712 2.556951 -13.026346
v -2.682092 -3.241680 -25.391352
v -2.498602 -3.764186 -4.409640
v -2.712353 17.420383 -25.346159
v -2.477149 -3.923618 -4.506087
v -2.458968 -4.104117 -4.587827
v -2.499712 -18.089027 27.078115
v -2.652446 -3.289607 -25.595692
v -2.444428 -4.302008 -4.653195
v -2.433826 -4.513264 -4.700861
v -12.000000 -20.000000 1.666668
v -2.427377 -4.733582 -4.729855
v -2.624020 -3.368402 -25.791626
v -2.637851 -3.378202 3.295970
v -2.499713 15.840106 -26.811829
v -2.425212 -4.958479 4.251948
v -2.597391 -3.476458 -25.975164
v -2.682092 17.404299 -25.554743
v -2.607590 -3.394287 3.432020
v -2.577944 -3.442214 3.565300
v -2.573103 -3.611579 -26.142574
v -2.551651 -3.771011 -26.290443
v -2.549519 -3.521008 3.693098
v -2.425212 2.556951 4.251947
v -2.522890 -3.629065 3.812811
v -2.498602 -3.764186 3.922003
v -2.533470 -3.951510 -26.415766
v -2.477149 -3.923618 4.018450
v -2.712353 -3.225595 14.758306
v -2.652446 17.356373 -25.759085
v -2.458968 -4.104117 4.100191
v -2.518930 -4.149401 -26.515984
v -2.444428 -4.302008 4.165559
v -2.508327 -4.360657 -26.589066
v -2.433826 -4.513264 4.213224
v -2.427377 -4.733582 4.242218
v -2.624020 17.277576 -25.955017
v -2.501878 -4.580976 -26.633516
v -2.499713 2.556951 13.292634
v -2.712352 -3.225595 -14.328623
v -2.597391 17.169521 -26.138559
v -2.499712 -4.805872 -12.862952
v -2.499713 -4.805872 13.292635
v -2.682092 -3.241680 14.549720
v -2.682091 -3.241680 -14.120036
v -2.573103 17.034399 -26.305967
v -2.652445 -3.289607 -13.915695
v -2.637851 17.420383 -3.783605
v -2.624019 -3.368402 -13.719761
v -2.551651 16.874968 -26.453836
v -2.597390 -3.476458 -13.536222
v -2.533470 16.694468 -26.579157
v -2.573102 -3.611579 -13.368812
v -2.551649 -3.771011 -13.220942
v -2.652446 -3.289607 14.345379
v -12.000000 -20.000000 3.333333
v -2.533469 -3.951510 -13.095622
v -2.518929 -4.149401 -12.995402
v -2.518930 16.496578 -26.679379
v -2.508327 -4.360657 -12.922322
v -2.508327 16.285322 -26.752459
v -2.501877 -4.580976 -12.877871
v -2.624020 -3.368402 14.149445
v -2.501878 16.065002 -26.796909
v -2.425212 15.840106 -4.739583
v -2.712352 17.420383 -14.492017
v -2.597391 -3.476458 13.965904
v -2.499712 15.840106 -13.026346
v -2.499712 2.556951 27.078112
v -2.682091 17.404299 -14.283430
v -2.573103 -3.611579 13.798496
v -2.652445 17.356373 -14.079089
v -2.607590 17.404299 -3.919655
v -2.551651 -3.771011 13.650626
v -2.624019 17.277576 -13.883155
v -2.597390 17.169521 -13.699615
v -2.712353 17.420383 14.758304
v -2.573102 17.034399 -13.532206
v -2.533470 -3.951510 13.525306
v -2.551649 16.874968 -13.384336
v -2.577944 17.356373 -4.052936
v -2.533469 16.694468 -13.259016
v -12.000000 -20.000000 4.999999
v -2.518930 -4.149401 13.425085
v -2.518929 16.496578 -13.158796
v -2.549519 17.277576 -4.180733
v -2.508327 16.285322 -13.085716
v -2.508327 -4.360657 13.352005
v -2.501877 16.065002 -13.041265
v -12.000000 -20.000000 6.666666
v -2.501878 -4.580976 13.307554
v -2.499713 15.840106 13.292634
v -2.712352 -3.225595 25.612446
v -2.499712 -4.805872 27.078115
v -2.522890 17.169521 -4.300446
v -2.682091 -3.241680 25.821033
v -12.000000 -20.000000 8.333329
v -2.652445 -3.289607 26.025372
v -2.498602 17.034399 -4.409638
v -2.682092 17.404299 14.549718
v -2.624019 -3.368402 26.221308
v -2.477149 16.874968 -4.506086
v -2.597390 -3.476458 26.404848
v -2.573102 -3.611579 26.572256
v -2.458968 16.694468 -4.587826
v -2.551649 -3.771011 26.720125
v -2.652446 17.356373 14.345377
v -2.533469 -3.951510 26.845448
v -12.000000 -20.000000 9.999996
v -2.444428 16.496578 -4.653193
v -2.518929 -4.149401 26.945667
v -2.433826 16.285322 -4.700860
v -2.508327 -4.360657 27.018745
v -2.501877 -4.580976 27.063198
v -2.624020 17.277576 14.149443
v -12.000000 -20.000000 11.666662
v -2.427377 16.065002 -4.729854
v -2.597391 17.169521 13.965903
v -2.637851 17.420383 3.295969
v -2.425212 15.840106 4.251947
v -12.000000 -20.000000 13.333329
v -2.607590 17.404299 3.432019
v -2.573103 17.034399 13.798494
v -12.000000 -20.000000 14.999994
v -2.577944 17.356373 3.565300
v -2.549519 17.277576 3.693097
v -2.551651 16.874968 13.650624
v -12.000000 -20.000000 16.666656
v -2.522890 17.169521 3.812809
v -2.498602 17.034399 3.922001
v -2.533470 16.694468 13.525304
v -2.477149 16.874968 4.018448
v -12.000000 -20.000000 18.333324
v -2.518930 16.496578 13.425084
v -2.458968 16.694468 4.100189
v -2.444428 16.496578 4.165557
v -12.000000 -20.000000 19.999992
v -2.433826 16.285322 4.213223
v -2.508327 16.285322 13.352003
v -12.000000 -20.000000 21.666656
v -2.427377 16.065002 4.242216
v -12.000000 -20.000000 23.333323
v -2.501878 16.065002 13.307552
v -12.000000 -20.000000 24.999990
v -2.712352 17.420383 25.612442
v -12.000000 -20.000000 26.666656
v -2.499712 15.840106 27.078112
v -2.682091 17.404299 25.821030
v -12.000000 -20.000000 28.333323
v -2.652445 17.356373 26.025368
v -12.000000 20.000000 28.333323
v -12.000000 20.000000 26.666655
v -2.624019 17.277576 26.221304
v -12.000000 20.000000 24.999987
v -2.597390 17.169521 26.404844
v -12.000000 20.000000 23.333319
v -2.573102 17.034399 26.572252
v -12.000000 20.000000 21.666653
v -2.551649 16.874968 26.720121
v -12.000000 20.000000 19.999987
v -2.533469 16.694468 26.845444
v -12.000000 20.000000 18.333321
v -2.518929 16.496578 26.945663
v -2.508327 16.285322 27.018742
v -12.000000 20.000000 16.666653
v -12.000000 20.000000 14.999992
v -2.501877 16.065002 27.063194
v -12.000000 20.000000 13.333325
v -12.000000 20.000000 11.666658
v -12.000000 20.000000 9.999992
v -12.000000 20.000000 8.333325
v -12.000000 20.000000 6.666662
v -12.000000 20.000000 4.999995
v -12.000000 20.000000 3.333330
v -12.000000 20.000000 1.666664
v -12.000000 20.000000 -0.000002
v -12.000000 20.000000 -1.666668
v -12.000000 20.000000 -3.333333
v -12.000000 20.000000 -4.999999
v -12.000000 20.000000 -6.666666
v -12.000000 20.000000 -8.333329
v -12.000000 20.000000 -9.999996
v -12.000000 20.000000 -11.666662
v -12.000000 20.000000 -13.333329
v -12.000000 20.000000 -14.999994
v -12.000000 20.000000 -16.666656
v -12.000000 20.000000 -18.333324
v -12.000000 20.000000 -19.999992
v -12.000000 20.000000 -21.666656
v -12.000000 20.000000 -23.333323
v -12.000000 20.000000 -24.999990
v -12.000000 20.000000 -26.666656
v -12.000000 20.000000 -28.333323
v -2.000000 -20.000000 28.333323
v -2.000000 -20.000000 26.666655
v -2.000000 -20.000000 24.999987
v -2.000000 -20.000000 23.333319
v -2.000000 -20.000000 21.666653
v -2.000000 -20.000000 19.999987
v -2.000000 -20.000000 18.333321
v -2.000000 -20.000000 16.666653
v -2.000000 -20.000000 14.999992
v -2.000000 -20.000000 13.333325
v -2.000000 -20.000000 11.666658
v -2.000000 -20.000000 9.999992
v -2.000000 -20.000000 8.333325
v -2.000000 -20.000000 6.666662
v -2.000000 -20.000000 4.999995
v -2.000000 -20.000000 3.333330
v -2.000000 -20.000000 1.666664
v -2.000000 -20.000000 -0.000002
v -2.000000 -20.000000 -1.666668
v -2.000000 -20.000000 -3.333333
v -2.000000 -20.000000 -4.999999
v -2.000000 -20.000000 -6.666666
v -2.000000 -20.000000 -8.333329
v -2.000000 -20.000000 -9.999996
v -2.000000 -20.000000 -11.666662
v -2.000000 -20.000000 -13.333329
v -2.000000 -20.000000 -14.999994
v -2.000000 -20.000000 -16.666656
v -2.000000 -20.000000 -18.333324
v -2.000000 -20.000000 -19.999992
v -2.000000 -20.000000 -21.666656
v -2.000000 -20.000000 -23.333323
v -2.000000 -20.000000 -24.999990
v -2.000000 -20.000000 -26.666656
v -2.000000 -20.000000 -28.333323
v -2.000000 20.000000 -28.333323
v -2.000000 20.000000 -26.666655
v -2.000000 20.000000 -24.999987
v -2.000000 20.000000 -23.333319
v -2.000000 20.000000 -21.666653
v -2.000000 20.000000 -19.999987
v -2.000000 20.000000 -18.333321
v -2.000000 20.000000 -16.666653
v -2.000000 20.000000 -14.999992
v -2.000000 20.000000 -13.333325
v -2.000000 20.000000 -11.666658
v -2.000000 20.000000 -9.999992
v -2.000000 20.000000 -8.333325
v -2.000000 20.000000 -6.666662
v -2.000000 20.000000 -4.999995
v -2.000000 20.000000 -3.333330
v -2.000000 20.000000 -1.666664
v -2.000000 20.000000 0.000002
v -2.000000 20.000000 1.666668
v -2.000000 20.000000 3.333333
v -2.000000 20.000000 4.999999
v -2.000000 20.000000 6.666666
v -2.000000 20.000000 8.333329
v -2.000000 20.000000 9.999996
v -2.000000 20.000000 11.666662
v -2.000000 20.000000 13.333329
v -2.000000 20.000000 14.999994
v -2.000000 20.000000 16.666656
v -2.000000 20.000000 18.333324
v -2.000000 20.000000 19.999992
v -2.000000 20.000000 21.666656
v -2.000000 20.000000 23.333323
v -2.000000 20.000000 24.999990
v -2.000000 20.000000 26.666656
v -2.000000 20.000000 28.333323
v -12.000000 -18.888889 29.999989
v -12.000000 -17.777777 29.999989
v -12.000000 -16.666664 29.999989
v -12.000000 -15.555553 29.999989
v -12.000000 -14.444442 29.999989
v -12.000000 -13.333331 29.999989
v -12.000000 -12.222221 29.999989
v -12.000000 -11.111109 29.999989
v -12.000000 -9.999998 29.999989
v -12.000000 -8.888887 29.999989
v -12.000000 -7.777776 29.999989
v -12.000000 -6.666665 29.999989
v -12.000000 -5.555554 29.999989
v -12.000000 -4.444443 29.999989
v -12.000000 -3.333332 29.999989
v -12.000000 -2.222221 29.999989
v -12.000000 -1.111110 29.999989
v -12.000000 0.000001 29.999989
v -12.000000 1.111112 29.999989
v -12.000000 2.222223 29.999989
v -12.000000 3.333334 29.999989
v -12.000000 4.444446 29.999989
v -12.000000 5.555556 29.999989
v -12.000000 6.666667 29.999989
v -12.000000 7.777779 29.999989
v -12.000000 8.888889 29.999989
v -12.000000 10.000000 29.999989
v -12.000000 11.111112 29.999989
v -12.000000 12.222223 29.999989
v -12.000000 13.333335 29.999989
v -12.000000 14.444446 29.999989
v -12.000000 15.555555 29.999989
v -12.000000 16.666668 29.999989
v -12.000000 17.777779 29.999989
v -12.000000 18.888889 29.999989
v -12.000000 18.888889 -29.999989
v -12.000000 17.777777 -29.999989
v -12.000000 16.666664 -29.999989
v -12.000000 15.555553 -29.999989
v -12.000000 14.444442 -29.999989
v -12.000000 13.333331 -29.999989
v -12.000000 12.222221 -29.999989
v -12.000000 11.111109 -29.999989
v -12.000000 9.999998 -29.999989
v -12.000000 8.888887 -29.999989
v -12.000000 7.777776 -29.999989
v -12.000000 6.666665 -29.999989
v -12.000000 5.555554 -29.999989
v -12.000000 4.444443 -29.999989
v -12.000000 3.333332 -29.999989
v -12.000000 2.222221 -29.999989
v -12.000000 1.111110 -29.999989
v -12.000000 -0.000001 -29.999989
v -12.000000 -1.111112 -29.999989
v -12.000000 -2.222223 -29.999989
v -12.000000 -3.333334 -29.999989
v -12.000000 -4.444446 -29.999989
v -12.000000 -5.555556 -29.999989
v -12.000000 -6.666667 -29.999989
v -12.000000 -7.777779 -29.999989
v -12.000000 -8.888889 -29.999989
v -12.000000 -10.000000 -29.999989
v -12.000000 -11.111112 -29.999989
v -12.000000 -12.222223 -29.999989
v -12.000000 -13.333335 -29.999989
v -12.000000 -14.444446 -29.999989
v -12.000000 -15.555555 -29.999989
v -12.000000 -16.666668 -29.999989
v -12.000000 -17.777779 -29.999989
v -12.000000 -18.888889 -29.999989
v -2.000000 18.888889 -29.999989
v -2.000000 17.777777 -29.999989
v -2.000000 16.666664 -29.999989
v -2.000000 15.555553 -29.999989
v -2.000000 14.444442 -29.999989
v -2.000000 13.333331 -29.999989
v -2.000000 12.222221 -29.999989
v -2.000000 11.111109 -29.999989
v -2.000000 9.999998 -29.999989
v -2.000000 8.888887 -29.999989
v -2.000000 7.777776 -29.999989
v -2.000000 6.666665 -29.999989
v -2.000000 5.555554 -29.999989
v -2.000000 4.444443 -29.999989
v -2.000000 3.333332 -29.999989
v -2.000000 2.222221 -29.999989
v -2.000000 1.111110 -29.999989
v -2.000000 -0.000001 -29.999989
v -2.000000 -1.111112 -29.999989
v -2.000000 -2.222223 -29.999989
v -2.000000 -3.333334 -29.999989
v -2.000000 -4.444446 -29.999989
v -2.000000 -5.555556 -29.999989
v -2.000000 -6.666667 -29.999989
v -2.000000 -7.777779 -29.999989
v -2.000000 -8.888889 -29.999989
v -2.000000 -10.000000 -29.999989
v -2.000000 -11.111112 -29.999989
v -2.000000 -12.222223 -29.999989
v -2.000000 -13.333335 -29.999989
v -2.000000 -14.444446 -29.999989
v -2.000000 -15.555555 -29.999989
v -2.000000 -16.666668 -29.999989
v -2.000000 -17.777779 -29.999989
v -2.000000 -18.888889 -29.999989
v -2.000000 18.888889 29.999989
v -2.000000 17.777777 29.999989
v -2.000000 16.666664 29.999989
v -2.000000 15.555553 29.999989
v -2.000000 14.444442 29.999989
v -2.000000 13.333331 29.999989
v -2.000000 12.222221 29.999989
v -2.000000 11.111109 29.999989
v -2.000000 9.999998 29.999989
v -2.000000 8.888887 29.999989
v -2.000000 7.777776 29.999989
v -2.000000 6.666665 29.999989
v -2.000000 5.555554 29.999989
v -2.000000 4.444443 29.999989
v -2.000000 3.333332 29.999989
v -2.000000 2.222221 29.999989
v -2.000000 1.111110 29.999989
v -2.000000 -0.000001 29.999989
v -2.000000 -1.111112 29.999989
v -2.000000 -2.222223 29.999989
v -2.000000 -3.333334 29.999989
v -2.000000 -4.444446 29.999989
v -2.000000 -5.555556 29.999989
v -2.000000 -6.666667 29.999989
v -2.000000 -7.777779 29.999989
v -2.000000 -8.888889 29.999989
v -2.000000 -10.000000 29.999989
v -2.000000 -11.111112 29.999989
v -2.000000 -12.222223 29.999989
v -2.000000 -13.333335 29.999989
v -2.000000 -14.444446 29.999989
v -2.000000 -15.555555 29.999989
v -2.000000 -16.666668 29.999989
v -2.000000 -17.777779 29.999989
v -2.000000 -18.888889 29.999989
v -2.000000 18.888889 -28.333323
v -2.000000 17.777777 -28.333323
v -2.000000 16.666664 -28.333323
v -2.000000 15.555553 -28.333323
v -2.000000 14.444442 -28.333323
v -2.000000 13.333331 -28.333323
v -2.000000 12.222221 -28.333323
v -2.000000 11.111109 -28.333323
v -2.000000 9.999998 -28.333323
v -2.000000 8.888887 -28.333323
v -2.000000 7.777776 -28.333323
v -2.000000 6.666665 -28.333323
v -2.000000 5.555554 -28.333323
v -2.000000 4.444443 -28.333323
v -2.000000 3.333332 -28.333323
v -2.000000 2.222221 -28.333323
v -2.000000 1.111110 -28.333323
v -2.000000 -0.000001 -28.333323
v -2.000000 -1.111112 -28.333323
v -2.000000 -2.222223 -28.333323
v -2.000000 -3.333334 -28.333323
v -2.000000 -4.444446 -28.333323
v -2.000000 -5.555556 -28.333323
v -2.000000 -6.666667 -28.333323
v -2.000000 -7.777779 -28.333323
v -2.000000 -8.888889 -28.333323
v -2.000000 -10.000000 -28.333323
v -2.000000 -11.111112 -28.333323
v -2.000000 -12.222223 -28.333323
v -2.000000 -13.333335 -28.333323
v -2.000000 -14.444446 -28.333323
v -2.000000 -15.555555 -28.333323
v -2.000000 -16.666668 -28.333323
v -2.000000 -17.777779 -28.333323
v -2.000000 -18.888889 -28.333323
v -2.000000 18.888889 -26.666655
v -2.000000 17.777777 -26.666655
v -2.000000 16.666664 -26.666655
v -2.000000 2.222221 -26.666655
v -2.000000 1.111110 -26.666655
v -2.000000 -0.000001 -26.666655
v -2.000000 -1.111112 -26.666655
v -2.000000 -2.222223 -26.666655
v -2.000000 -3.333334 -26.666655
v -2.000000 -4.444446 -26.666655
v -2.000000 -5.555556 -26.666655
v -2.000000 -6.666667 -26.666655
v -2.000000 -7.777779 -26.666655
v -2.000000 -8.888889 -26.666655
v -2.000000 -10.000000 -26.666655
v -2.000000 -11.111112 -26.666655
v -2.000000 -12.222223 -26.666655
v -2.000000 -13.333335 -26.666655
v -2.000000 -14.444446 -26.666655
v -2.000000 -15.555555 -26.666655
v -2.000000 -16.666668 -26.666655
v -2.000000 -17.777779 -26.666655
v -2.000000 -18.888889 -26.666655
v -2.000000 18.888889 -24.999987
v -2.000000 17.777777 -24.999987
v -2.000000 2.222221 -24.999987
v -2.000000 1.111110 -24.999987
v -2.000000 -0.000001 -24.999987
v -2.000000 -1.111112 -24.999987
v -2.000000 -2.222223 -24.999987
v -2.000000 -18.888889 -24.999990
v -2.000000 18.888889 -23.333319
v -2.000000 17.777777 -23.333319
v -2.000000 2.222221 -23.333319
v -2.000000 1.111110 -23.333319
v -2.000000 -0.000001 -23.333319
v -2.000000 -1.111112 -23.333319
v -2.000000 -2.222223 -23.333319
v -2.000000 -18.888889 -23.333323
v -2.000000 18.888889 -21.666653
v -2.000000 17.777777 -21.666653
v -2.000000 2.222221 -21.666653
v -2.000000 1.111110 -21.666653
v -2.000000 -0.000001 -21.666653
v -2.000000 -1.111112 -21.666653
v -2.000000 -2.222223 -21.666653
v -2.000000 -18.888889 -21.666656
v -2.000000 18.888889 -19.999987
v -2.000000 17.777777 -19.999987
v -2.000000 2.222221 -19.999987
v -2.000000 1.111110 -19.999987
v -2.000000 -0.000001 -19.999987
v -2.000000 -1.111112 -19.999987
v -2.000000 -2.222223 -19.999987
v -2.000000 -18.888889 -19.999992
v -2.000000 18.888889 -18.333321
v -2.000000 17.777777 -18.333321
v -2.000000 2.222221 -18.333321
v -2.000000 1.111110 -18.333321
v -2.000000 -0.000001 -18.333321
v -2.000000 -1.111112 -18.333321
v -2.000000 -2.222223 -18.333321
v -2.000000 -18.888889 -18.333324
v -2.000000 18.888889 -16.666653
v -2.000000 17.777777 -16.666653
v -2.000000 2.222221 -16.666653
v -2.000000 1.111110 -16.666653
v -2.000000 -0.000001 -16.666653
v -2.000000 -1.111112 -16.666653
v -2.000000 -2.222223 -16.666653
v -2.000000 -18.888889 -16.666656
v -2.000000 18.888889 -14.999992
v -2.000000 17.777777 -14.999992
v -2.000000 2.222221 -14.999992
v -2.000000 1.111110 -14.999992
v -2.000000 -0.000001 -14.999992
v -2.000000 -1.111112 -14.999992
v -2.000000 -2.222223 -14.999992
v -2.000000 -18.888889 -14.999994
v -2.000000 18.888889 -13.333325
v -2.000000 17.777777 -13.333325
v -2.000000 2.222221 -13.333325
v -2.000000 1.111110 -13.333325
v -2.000000 -0.000001 -13.333325
v -2.000000 -1.111112 -13.333325
v -2.000000 -2.222223 -13.333325
v -2.000000 -3.333334 -13.333325
v -2.000000 -18.888889 -13.333329
v -2.000000 18.888889 -11.666658
v -2.000000 17.777777 -11.666658
v -2.000000 16.666664 -11.666658
v -2.000000 15.555553 -11.666658
v -2.000000 14.444442 -11.666658
v -2.000000 13.333331 -11.666658
v -2.000000 12.222221 -11.666658
v -2.000000 11.111109 -11.666658
v -2.000000 9.999998 -11.666658
v -2.000000 8.888887 -11.666658
v -2.000000 7.777776 -11.666658
v -2.000000 6.666665 -11.666658
v -2.000000 5.555554 -11.666658
v -2.000000 4.444443 -11.666658
v -2.000000 3.333332 -11.666658
v -2.000000 2.222221 -11.666658
v -2.000000 1.111110 -11.666658
v -2.000000 -0.000001 -11.666658
v -2.000000 -1.111112 -11.666658
v -2.000000 -2.222223 -11.666658
v -2.000000 -3.333334 -11.666658
v -2.000000 -4.444446 -11.666658
v -2.000000 -5.555556 -11.666658
v -2.000000 -6.666667 -11.666658
v -2.000000 -7.777779 -11.666658
v -2.000000 -8.888889 -11.666658
v -2.000000 -10.000000 -11.666658
v -2.000000 -11.111112 -11.666658
v -2.000000 -12.222223 -11.666659
v -2.000000 -13.333335 -11.666659
v -2.000000 -14.444446 -11.666659
v -2.000000 -15.555555 -11.666660
v -2.000000 -16.666668 -11.666661
v -2.000000 -17.777779 -11.666661
v -2.000000 -18.888889 -11.666661
v -2.000000 18.888889 -9.999992
v -2.000000 17.777777 -9.999992
v -2.000000 16.666664 -9.999992
v -2.000000 15.555553 -9.999992
v -2.000000 14.444442 -9.999992
v -2.000000 13.333331 -9.999992
v -2.000000 12.222221 -9.999992
v -2.000000 11.111109 -9.999992
v -2.000000 9.999998 -9.999992
v -2.000000 8.888887 -9.999992
v -2.000000 7.777776 -9.999992
v -2.000000 6.666665 -9.999992
v -2.000000 5.555554 -9.999992
v -2.000000 4.444443 -9.999992
v -2.000000 3.333332 -9.999992
v -2.000000 2.222221 -9.999992
v -2.000000 1.111110 -9.999992
v -2.000000 -0.000001 -9.999992
v -2.000000 -1.111112 -9.999992
v -2.000000 -2.222223 -9.999992
v -2.000000 -3.333334 -9.999992
v -2.000000 -4.444446 -9.999992
v -2.000000 -5.555556 -9.999992
v -2.000000 -6.666667 -9.999992
v -2.000000 -7.777779 -9.999992
v -2.000000 -8.888889 -9.999992
v -2.000000 -10.000000 -9.999992
v -2.000000 -11.111112 -9.999992
v -2.000000 -12.222223 -9.999992
v -2.000000 -13.333335 -9.999993
v -2.000000 -14.444446 -9.999994
v -2.000000 -15.555555 -9.999994
v -2.000000 -16.666668 -9.999994
v -2.000000 -17.777779 -9.999995
v -2.000000 -18.888889 -9.999996
v -2.000000 1.111110 -8.333325
v -2.000000 -0.000001 -8.333325
v -2.000000 18.888889 -6.666662
v -2.000000 17.777777 -6.666662
v -2.000000 16.666664 -6.666662
v -2.000000 15.555553 -6.666662
v -2.000000 14.444442 -6.666662
v -2.000000 13.333331 -6.666662
v -2.000000 12.222221 -6.666662
v -2.000000 11.111109 -6.666662
v -2.000000 9.999998 -6.666662
v -2.000000 8.888887 -6.666662
v -2.000000 7.777776 -6.666662
v -2.000000 6.666665 -6.666662
v -2.000000 5.555554 -6.666662
v -2.000000 4.444443 -6.666662
v -2.000000 3.333332 -6.666662
v -2.000000 2.222221 -6.666662
v -2.000000 1.111110 -6.666662
v -2.000000 -0.000001 -6.666662
v -2.000000 -1.111112 -6.666662
v -2.000000 -2.222223 -6.666662
v -2.000000 -3.333334 -6.666662
v -2.000000 -4.444446 -6.666662
v -2.000000 -5.555556 -6.666663
v -2.000000 -6.666667 -6.666663
v -2.000000 -7.777779 -6.666663
v -2.000000 -8.888889 -6.666663
v -2.000000 -10.000000 -6.666664
v -2.000000 -11.111112 -6.666664
v -2.000000 -12.222223 -6.666664
v -2.000000 -13.333335 -6.666664
v -2.000000 -14.444446 -6.666665
v -2.000000 -15.555555 -6.666665
v -2.000000 -16.666668 -6.666665
v -2.000000 -17.777779 -6.666665
v -2.000000 -18.888889 -6.666666
v -2.000000 18.888889 -4.999995
v -2.000000 17.777777 -4.999995
v -2.000000 16.666664 -4.999995
v -2.000000 15.555553 -4.999995
v -2.000000 14.444442 -4.999995
v -2.000000 13.333331 -4.999995
v -2.000000 12.222221 -4.999995
v -2.000000 11.111109 -4.999995
v -2.000000 9.999998 -4.999995
v -2.000000 8.888887 -4.999995
v -2.000000 7.777776 -4.999995
v -2.000000 6.666665 -4.999995
v -2.000000 5.555554 -4.999995
v -2.000000 4.444443 -4.999995
v -2.000000 3.333332 -4.999995
v -2.000000 2.222221 -4.999995
v -2.000000 1.111110 -4.999995
v -2.000000 -0.000001 -4.999995
v -2.000000 -1.111112 -4.999995
v -2.000000 -2.222223 -4.999995
v -2.000000 -3.333334 -4.999995
v -2.000000 -4.444446 -4.999996
v -2.000000 -5.555556 -4.999996
v -2.000000 -6.666667 -4.999996
v -2.000000 -7.777779 -4.999996
v -2.000000 -8.888889 -4.999997
v -2.000000 -10.000000 -4.999997
v -2.000000 -11.111112 -4.999997
v -2.000000 -12.222223 -4.999997
v -2.000000 -13.333335 -4.999998
v -2.000000 -14.444446 -4.999998
v -2.000000 -15.555555 -4.999998
v -2.000000 -16.666668 -4.999998
v -2.000000 -17.777779 -4.999999
v -2.000000 -18.888889 -4.999999
v -2.000000 18.888889 -3.333330
v -2.000000 17.777777 -3.333330
v -2.000000 2.222221 -3.333331
v -2.000000 1.111110 -3.333331
v -2.000000 -0.000001 -3.333332
v -2.000000 -1.111112 -3.333332
v -2.000000 -2.222223 -3.333332
v -2.000000 -3.333334 -3.333332
v -2.000000 -18.888889 -3.333333
v -2.000000 18.888889 -1.666664
v -2.000000 17.777777 -1.666664
v -2.000000 2.222221 -1.666666
v -2.000000 1.111110 -1.666666
v -2.000000 -0.000001 -1.666666
v -2.000000 -1.111112 -1.666666
v -2.000000 -2.222223 -1.666666
v -2.000000 -3.333334 -1.666667
v -2.000000 -18.888889 -1.666668
v -2.000000 18.888889 0.000002
v -2.000000 17.777777 0.000002
v -2.000000 2.222221 0.000000
v -2.000000 1.111110 0.000000
v -2.000000 -0.000001 -0.000000
v -2.000000 -1.111112 -0.000000
v -2.000000 -2.222223 -0.000000
v -2.000000 -3.333334 -0.000000
v -2.000000 -18.888889 -0.000002
v -2.000000 18.888889 1.666668
v -2.000000 17.777777 1.666667
v -2.000000 2.222221 1.666666
v -2.000000 1.111110 1.666666
v -2.000000 -0.000001 1.666666
v -2.000000 -1.111112 1.666666
v -2.000000 -2.222223 1.666665
v -2.000000 -3.333334 1.666665
v -2.000000 -18.888889 1.666664
v -2.000000 18.888889 3.333333
v -2.000000 17.777777 3.333333
v -2.000000 2.222221 3.333332
v -2.000000 1.111110 3.333332
v -2.000000 -0.000001 3.333332
v -2.000000 -1.111112 3.333332
v -2.000000 -2.222223 3.333332
v -2.000000 -3.333334 3.333332
v -2.000000 -18.888889 3.333330
v -2.000000 18.888889 4.999999
v -2.000000 17.777777 4.999999
v -2.000000 16.666664 4.999999
v -2.000000 15.555553 4.999999
v -2.000000 14.444442 4.999999
v -2.000000 13.333331 4.999999
v -2.000000 12.222221 4.999999
v -2.000000 11.111109 4.999999
v -2.000000 9.999998 4.999999
v -2.000000 8.888887 4.999999
v -2.000000 7.777776 4.999999
v -2.000000 6.666665 4.999999
v -2.000000 5.555554 4.999999
v -2.000000 4.444443 4.999999
v -2.000000 3.333332 4.999999
v -2.000000 2.222221 4.999999
v -2.000000 1.111110 4.999999
v -2.000000 -0.000001 4.999999
v -2.000000 -1.111112 4.999999
v -2.000000 -2.222223 4.999999
v -2.000000 -3.333334 4.999999
v -2.000000 -4.444446 4.999999
v -2.000000 -5.555556 4.999998
v -2.000000 -6.666667 4.999998
v -2.000000 -7.777779 4.999998
v -2.000000 -8.888889 4.999998
v -2.000000 -10.000000 4.999997
v -2.000000 -11.111112 4.999997
v -2.000000 -12.222223 4.999997
v -2.000000 -13.333335 4.999997
v -2.000000 -14.444446 4.999996
v -2.000000 -15.555555 4.999996
v -2.000000 -16.666668 4.999996
v -2.000000 -17.777779 4.999996
v -2.000000 -18.888889 4.999995
v -2.000000 18.888889 6.666666
v -2.000000 17.777777 6.666666
v -2.000000 16.666664 6.666666
v -2.000000 15.555553 6.666666
v -2.000000 14.444442 6.666666
v -2.000000 13.333331 6.666666
v -2.000000 12.222221 6.666666
v -2.000000 11.111109 6.666666
v -2.000000 9.999998 6.666666
v -2.000000 8.888887 6.666666
v -2.000000 7.777776 6.666666
v -2.000000 6.666665 6.666666
v -2.000000 5.555554 6.666666
v -2.000000 4.444443 6.666666
v -2.000000 3.333332 6.666666
v -2.000000 2.222221 6.666666
v -2.000000 1.111110 6.666666
v -2.000000 -0.000001 6.666666
v -2.000000 -1.111112 6.666666
v -2.000000 -2.222223 6.666666
v -2.000000 -3.333334 6.666666
v -2.000000 -4.444446 6.666665
v -2.000000 -5.555556 6.666665
v -2.000000 -6.666667 6.666665
v -2.000000 -7.777779 6.666665
v -2.000000 -8.888889 6.666664
v -2.000000 -10.000000 6.666664
v -2.000000 -11.111112 6.666664
v -2.000000 -12.222223 6.666664
v -2.000000 -13.333335 6.666663
v -2.000000 -14.444446 6.666663
v -2.000000 -15.555555 6.666663
v -2.000000 -16.666668 6.666663
v -2.000000 -17.777779 6.666662
v -2.000000 -18.888889 6.666662
v -2.000000 1.111110 8.333329
v -2.000000 -0.000001 8.333329
v -2.000000 18.888889 9.999996
v -2.000000 17.777777 9.999996
v -2.000000 16.666664 9.999996
v -2.000000 15.555553 9.999996
v -2.000000 14.444442 9.999996
v -2.000000 13.333331 9.999996
v -2.000000 12.222221 9.999996
v -2.000000 11.111109 9.999996
v -2.000000 9.999998 9.999996
v -2.000000 8.888887 9.999996
v -2.000000 7.777776 9.999996
v -2.000000 6.666665 9.999996
v -2.000000 5.555554 9.999996
v -2.000000 4.444443 9.999996
v -2.000000 3.333332 9.999996
v -2.000000 2.222221 9.999996
v -2.000000 1.111110 9.999996
v -2.000000 -0.000001 9.999996
v -2.000000 -1.111112 9.999996
v -2.000000 -2.222223 9.999996
v -2.000000 -3.333334 9.999996
v -2.000000 -4.444446 9.999996
v -2.000000 -5.555556 9.999996
v -2.000000 -6.666667 9.999996
v -2.000000 -7.777779 9.999996
v -2.000000 -8.888889 9.999996
v -2.000000 -10.000000 9.999996
v -2.000000 -11.111112 9.999996
v -2.000000 -12.222223 9.999996
v -2.000000 -13.333335 9.999995
v -2.000000 -14.444446 9.999994
v -2.000000 -15.555555 9.999994
v -2.000000 -16.666668 9.999994
v -2.000000 -17.777779 9.999993
v -2.000000 -18.888889 9.999992
v -2.000000 18.888889 11.666662
v -2.000000 17.777777 11.666662
v -2.000000 16.666664 11.666662
v -2.000000 15.555553 11.666662
v -2.000000 14.444442 11.666662
v -2.000000 13.333331 11.666662
v -2.000000 12.222221 11.666662
v -2.000000 11.111109 11.666662
v -2.000000 9.999998 11.666662
v -2.000000 8.888887 11.666662
v -2.000000 7.777776 11.666662
v -2.000000 6.666665 11.666662
v -2.000000 5.555554 11.666662
v -2.000000 4.444443 11.666662
v -2.000000 3.333332 11.666662
v -2.000000 2.222221 11.666662
v -2.000000 1.111110 11.666662
v -2.000000 -0.000001 11.666662
v -2.000000 -1.111112 11.666662
v -2.000000 -2.222223 11.666662
v -2.000000 -3.333334 11.666662
v -2.000000 -4.444446 11.666662
v -2.000000 -5.555556 11.666662
v -2.000000 -6.666667 11.666662
v -2.000000 -7.777779 11.666662
v -2.000000 -8.888889 11.666662
v -2.000000 -10.000000 11.666662
v -2.000000 -11.111112 11.666662
v -2.000000 -12.222223 11.666661
v -2.000000 -13.333335 11.666661
v -2.000000 -14.444446 11.666661
v -2.000000 -15.555555 11.666660
v -2.000000 -16.666668 11.666659
v -2.000000 -17.777779 11.666659
v -2.000000 -18.888889 11.666659
v -2.000000 18.888889 13.333329
v -2.000000 17.777777 13.333329
v -2.000000 16.666664 13.333329
v -2.000000 2.222221 13.333329
v -2.000000 1.111110 13.333329
v -2.000000 -0.000001 13.333329
v -2.000000 -1.111112 13.333329
v -2.000000 -2.222223 13.333329
v -2.000000 -3.333334 13.333329
v -2.000000 -4.444446 13.333329
v -2.000000 -18.888889 13.333325
v -2.000000 18.888889 14.999994
v -2.000000 17.777777 14.999994
v -2.000000 2.222221 14.999994
v -2.000000 1.111110 14.999994
v -2.000000 -0.000001 14.999994
v -2.000000 -1.111112 14.999994
v -2.000000 -2.222223 14.999994
v -2.000000 -18.888889 14.999992
v -2.000000 18.888889 16.666656
v -2.000000 17.777777 16.666656
v -2.000000 2.222221 16.666656
v -2.000000 1.111110 16.666656
v -2.000000 -0.000001 16.666656
v -2.000000 -1.111112 16.666656
v -2.000000 -2.222223 16.666656
v -2.000000 -18.888889 16.666653
v -2.000000 18.888889 18.333324
v -2.000000 17.777777 18.333324
v -2.000000 2.222221 18.333324
v -2.000000 1.111110 18.333324
v -2.000000 -0.000001 18.333324
v -2.000000 -1.111112 18.333324
v -2.000000 -2.222223 18.333324
v -2.000000 -18.888889 18.333321
v -2.000000 18.888889 19.999992
v -2.000000 17.777777 19.999992
v -2.000000 2.222221 19.999992
v -2.000000 1.111110 19.999992
v -2.000000 -0.000001 19.999992
v -2.000000 -1.111112 19.999992
v -2.000000 -2.222223 19.999992
v -2.000000 -18.888889 19.999989
v -2.000000 18.888889 21.666656
v -2.000000 17.777777 21.666656
v -2.000000 2.222221 21.666656
v -2.000000 1.111110 21.666656
v -2.000000 -0.000001 21.666656
v -2.000000 -1.111112 21.666656
v -2.000000 -2.222223 21.666656
v -2.000000 -18.888889 21.666653
v -2.000000 18.888889 23.333323
v -2.000000 17.777777 23.333323
v -2.000000 2.222221 23.333323
v -2.000000 1.111110 23.333323
v -2.000000 -0.000001 23.333323
v -2.000000 -1.111112 23.333323
v -2.000000 -2.222223 23.333323
v -2.000000 -18.888889 23.333319
v -2.000000 18.888889 24.999990
v -2.000000 17.777777 24.999990
v -2.000000 2.222221 24.999990
v -2.000000 1.111110 24.999990
v -2.000000 -0.000001 24.999990
v -2.000000 -1.111112 24.999990
v -2.000000 -2.222223 24.999990
v -2.000000 -18.888889 24.999987
v -2.000000 18.888889 26.666656
v -2.000000 17.777777 26.666656
v -2.000000 2.222221 26.666656
v -2.000000 1.111110 26.666656
v -2.000000 -0.000001 26.666656
v -2.000000 -1.111112 26.666656
v -2.000000 -2.222223 26.666656
v -2.000000 -3.333334 26.666656
v -2.000000 -18.888889 26.666655
v -2.000000 18.888889 28.333323
v -2.000000 17.777777 28.333323
v -2.000000 16.666664 28.333323
v -2.000000 15.555553 28.333323
v -2.000000 14.444442 28.333323
v -2.000000 13.333331 28.333323
v -2.000000 12.222221 28.333323
v -2.000000 11.111109 28.333323
v -2.000000 9.999998 28.333323
v -2.000000 8.888887 28.333323
v -2.000000 7.777776 28.333323
v -2.000000 6.666665 28.333323
v -2.000000 5.555554 28.333323
v -2.000000 4.444443 28.333323
v -2.000000 3.333332 28.333323
v -2.000000 2.222221 28.333323
v -2.000000 1.111110 28.333323
v -2.000000 -0.000001 28.333323
v -2.000000 -1.111112 28.333323
v -2.000000 -2.222223 28.333323
v -2.000000 -3.333334 28.333323
v -2.000000 -4.444446 28.333323
v -2.000000 -5.555556 28.333323
v -2.000000 -6.666667 28.333323
v -2.000000 -7.777779 28.333323
v -2.000000 -8.888889 28.333323
v -2.000000 -10.000000 28.333323
v -2.000000 -11.111112 28.333323
v -2.000000 -12.222223 28.333323
v -2.000000 -13.333335 28.333323
v -2.000000 -14.444446 28.333323
v -2.000000 -15.555555 28.333323
v -2.000000 -16.666668 28.333323
v -2.000000 -17.777779 28.333323
v -2.000000 -18.888889 28.333323
v -12.000000 18.888889 28.333323
v -12.000000 17.777777 28.333323
v -12.000000 16.666664 28.333323
v -12.000000 15.555553 28.333323
v -12.000000 14.444442 28.333323
v -12.000000 13.333331 28.333323
v -12.000000 12.222221 28.333323
v -12.000000 11.111109 28.333323
v -12.000000 9.999998 28.333323
v -12.000000 8.888887 28.333323
v -12.000000 7.777776 28.333323
v -12.000000 6.666665 28.333323
v -12.000000 5.555554 28.333323
v -12.000000 4.444443 28.333323
v -12.000000 3.333332 28.333323
v -12.000000 2.222221 28.333323
v -12.000000 1.111110 28.333323
v -12.000000 -0.000001 28.333323
v -12.000000 -1.111112 28.333323
v -12.000000 -2.222223 28.333323
v -12.000000 -3.333334 28.333323
v -12.000000 -4.444446 28.333323
v -12.000000 -5.555556 28.333323
v -12.000000 -6.666667 28.333323
v -12.000000 -7.777779 28.333323
v -12.000000 -8.888889 28.333323
v -12.000000 -10.000000 28.333323
v -12.000000 -11.111112 28.333323
v -12.000000 -12.222223 28.333323
v -12.000000 -13.333335 28.333323
v -12.000000 -14.444446 28.333323
v -12.000000 -15.555555 28.333323
v -12.000000 -16.666668 28.333323
v -12.000000 -17.777779 28.333323
v -12.000000 -18.888889 28.333323
v -12.000000 18.888889 26.666655
v -12.000000 17.777777 26.666655
v -12.000000 16.666664 26.666655
v -12.000000 15.555553 26.666655
v -12.000000 14.444442 26.666655
v -12.000000 13.333331 26.666655
v -12.000000 12.222221 26.666655
v -12.000000 11.111109 26.666655
v -12.000000 9.999998 26.666655
v -12.000000 8.888887 26.666655
v -12.000000 7.777776 26.666655
v -12.000000 6.666665 26.666655
v -12.000000 5.555554 26.666655
v -12.000000 4.444443 26.666655
v -12.000000 3.333332 26.666655
v -12.000000 2.222221 26.666655
v -12.000000 1.111110 26.666655
v -12.000000 -0.000001 26.666655
v -12.000000 -1.111112 26.666655
v -12.000000 -2.222223 26.666655
v -12.000000 -3.333334 26.666655
v -12.000000 -4.444446 26.666655
v -12.000000 -5.555556 26.666655
v -12.000000 -6.666667 26.666655
v -12.000000 -7.777779 26.666655
v -12.000000 -8.888889 26.666655
v -12.000000 -10.000000 26.666655
v -12.000000 -11.111112 26.666655
v -12.000000 -12.222223 26.666655
v -12.000000 -13.333335 26.666655
v -12.000000 -14.444446 26.666655
v -12.000000 -15.555555 26.666655
v -12.000000 -16.666668 26.666655
v -12.000000 -17.777779 26.666655
v -12.000000 -18.888889 26.666655
v -12.000000 18.888889 24.999987
v -12.000000 17.777777 24.999987
v -12.000000 16.666664 24.999987
v -12.000000 15.555553 24.999987
v -12.000000 14.444442 24.999987
v -12.000000 13.333331 24.999987
v -12.000000 12.222221 24.999987
v -12.000000 11.111109 24.999987
v -12.000000 9.999998 24.999987
v -12.000000 8.888887 24.999987
v -12.000000 7.777776 24.999987
v -12.000000 6.666665 24.999987
v -12.000000 5.555554 24.999987
v -12.000000 4.444443 24.999987
v -12.000000 3.333332 24.999987
v -12.000000 2.222221 24.999987
v -12.000000 1.111110 24.999987
v -12.000000 -0.000001 24.999987
v -12.000000 -1.111112 24.999987
v -12.000000 -2.222223 24.999987
v -12.000000 -3.333334 24.999987
v -12.000000 -4.444446 24.999987
v -12.000000 -5.555556 24.999987
v -12.000000 -6.666667 24.999987
v -12.000000 -7.777779 24.999987
v -12.000000 -8.888889 24.999987
v -12.000000 -10.000000 24.999987
v -12.000000 -11.111112 24.999987
v -12.000000 -12.222223 24.999987
v -12.000000 -13.333335 24.999987
v -12.000000 -14.444446 24.999987
v -12.000000 -15.555555 24.999987
v -12.000000 -16.666668 24.999987
v -12.000000 -17.777779 24.999989
v -12.000000 -18.888889 24.999990
v -12.000000 18.888889 23.333319
v -12.000000 17.777777 23.333319
v -12.000000 16.666664 23.333319
v -12.000000 15.555553 23.333319
v -12.000000 14.444442 23.333319
v -12.000000 13.333331 23.333319
v -12.000000 12.222221 23.333319
v -12.000000 11.111109 23.333319
v -12.000000 9.999998 23.333319
v -12.000000 8.888887 23.333319
v -12.000000 7.777776 23.333319
v -12.000000 6.666665 23.333319
v -12.000000 5.555554 23.333319
v -12.000000 4.444443 23.333319
v -12.000000 3.333332 23.333319
v -12.000000 2.222221 23.333319
v -12.000000 1.111110 23.333319
v -12.000000 -0.000001 23.333319
v -12.000000 -1.111112 23.333319
v -12.000000 -2.222223 23.333319
v -12.000000 -3.333334 23.333319
v -12.000000 -4.444446 23.333319
v -12.000000 -5.555556 23.333319
v -12.000000 -6.666667 23.333319
v -12.000000 -7.777779 23.333319
v -12.000000 -8.888889 23.333319
v -12.000000 -10.000000 23.333319
v -12.000000 -11.111112 23.333319
v -12.000000 -12.222223 23.333319
v -12.000000 -13.333335 23.333319
v -12.000000 -14.444446 23.333319
v -12.000000 -15.555555 23.333319
v -12.000000 -16.666668 23.333319
v -12.000000 -17.777779 23.333321
v -12.000000 -18.888889 23.333323
v -12.000000 18.888889 21.666653
v -12.000000 17.777777 21.666653
v -12.000000 16.666664 21.666653
v -12.000000 15.555553 21.666653
v -12.000000 14.444442 21.666653
v -12.000000 13.333331 21.666653
v -12.000000 12.222221 21.666653
v -12.000000 11.111109 21.666653
v -12.000000 9.999998 21.666653
v -12.000000 8.888887 21.666653
v -12.000000 7.777776 21.666653
v -12.000000 6.666665 21.666653
v -12.000000 5.555554 21.666653
v -12.000000 4.444443 21.666653
v -12.000000 3.333332 21.666653
v -12.000000 2.222221 21.666653
v -12.000000 1.111110 21.666653
v -12.000000 -0.000001 21.666653
v -12.000000 -1.111112 21.666653
v -12.000000 -2.222223 21.666653
v -12.000000 -3.333334 21.666653
v -12.000000 -4.444446 21.666653
v -12.000000 -5.555556 21.666653
v -12.000000 -6.666667 21.666653
v -12.000000 -7.777779 21.666653
v -12.000000 -8.888889 21.666653
v -12.000000 -10.000000 21.666653
v -12.000000 -11.111112 21.666653
v -12.000000 -12.222223 21.666653
v -12.000000 -13.333335 21.666653
v -12.000000 -14.444446 21.666653
v -12.000000 -15.555555 21.666655
v -12.000000 -16.666668 21.666656
v -12.000000 -17.777779 21.666656
v -12.000000 -18.888889 21.666656
v -12.000000 18.888889 19.999987
v -12.000000 17.777777 19.999987
v -12.000000 16.666664 19.999987
v -12.000000 15.555553 19.999987
v -12.000000 14.444442 19.999987
v -12.000000 13.333331 19.999987
v -12.000000 12.222221 19.999987
v -12.000000 11.111109 19.999987
v -12.000000 9.999998 19.999987
v -12.000000 8.888887 19.999987
v -12.000000 7.777776 19.999987
v -12.000000 6.666665 19.999987
v -12.000000 5.555554 19.999987
v -12.000000 4.444443 19.999987
v -12.000000 3.333332 19.999987
v -12.000000 2.222221 19.999987
v -12.000000 1.111110 19.999987
v -12.000000 -0.000001 19.999987
v -12.000000 -1.111112 19.999987
v -12.000000 -2.222223 19.999987
v -12.000000 -3.333334 19.999987
v -12.000000 -4.444446 19.999987
v -12.000000 -5.555556 19.999987
v -12.000000 -6.666667 19.999987
v -12.000000 -7.777779 19.999987
v -12.000000 -8.888889 19.999987
v -12.000000 -10.000000 19.999987
v -12.000000 -11.111112 19.999987
v -12.000000 -12.222223 19.999987
v -12.000000 -13.333335 19.999987
v -12.000000 -14.444446 19.999989
v -12.000000 -15.555555 19.999989
v -12.000000 -16.666668 19.999989
v -12.000000 -17.777779 19.999990
v -12.000000 -18.888889 19.999992
v -12.000000 18.888889 18.333321
v -12.000000 17.777777 18.333321
v -12.000000 16.666664 18.333321
v -12.000000 15.555553 18.333321
v -12.000000 14.444442 18.333321
v -12.000000 13.333331 18.333321
v -12.000000 12.222221 18.333321
v -12.000000 11.111109 18.333321
v -12.000000 9.999998 18.333321
v -12.000000 8.888887 18.333321
v -12.000000 7.777776 18.333321
v -12.000000 6.666665 18.333321
v -12.000000 5.555554 18.333321
v -12.000000 4.444443 18.333321
v -12.000000 3.333332 18.333321
v -12.000000 2.222221 18.333321
v -12.000000 1.111110 18.333321
v -12.000000 -0.000001 18.333321
v -12.000000 -1.111112 18.333321
v -12.000000 -2.222223 18.333321
v -12.000000 -3.333334 18.333321
v -12.000000 -4.444446 18.333321
v -12.000000 -5.555556 18.333321
v -12.000000 -6.666667 18.333321
v -12.000000 -7.777779 18.333321
v -12.000000 -8.888889 18.333321
v -12.000000 -10.000000 18.333321
v -12.000000 -11.111112 18.333321
v -12.000000 -12.222223 18.333321
v -12.000000 -13.333335 18.333321
v -12.000000 -14.444446 18.333321
v -12.000000 -15.555555 18.333321
v -12.000000 -16.666668 18.333321
v -12.000000 -17.777779 18.333323
v -12.000000 -18.888889 18.333324
v -12.000000 18.888889 16.666653
v -12.000000 17.777777 16.666653
v -12.000000 16.666664 16.666653
v -12.000000 15.555553 16.666653
v -12.000000 14.444442 16.666653
v -12.000000 13.333331 16.666653
v -12.000000 12.222221 16.666653
v -12.000000 11.111109 16.666653
v -12.000000 9.999998 16.666653
v -12.000000 8.888887 16.666653
v -12.000000 7.777776 16.666653
v -12.000000 6.666665 16.666653
v -12.000000 5.555554 16.666653
v -12.000000 4.444443 16.666653
v -12.000000 3.333332 16.666653
v -12.000000 2.222221 16.666653
v -12.000000 1.111110 16.666653
v -12.000000 -0.000001 16.666653
v -12.000000 -1.111112 16.666653
v -12.000000 -2.222223 16.666653
v -12.000000 -3.333334 16.666653
v -12.000000 -4.444446 16.666653
v -12.000000 -5.555556 16.666653
v -12.000000 -6.666667 16.666653
v -12.000000 -7.777779 16.666653
v -12.000000 -8.888889 16.666653
v -12.000000 -10.000000 16.666653
v -12.000000 -11.111112 16.666653
v -12.000000 -12.222223 16.666653
v -12.000000 -13.333335 16.666653
v -12.000000 -14.444446 16.666653
v -12.000000 -15.555555 16.666653
v -12.000000 -16.666668 16.666653
v -12.000000 -17.777779 16.666655
v -12.000000 -18.888889 16.666656
v -12.000000 18.888889 14.999992
v -12.000000 17.777777 14.999992
v -12.000000 16.666664 14.999992
v -12.000000 15.555553 14.999992
v -12.000000 14.444442 14.999992
v -12.000000 13.333331 14.999992
v -12.000000 12.222221 14.999992
v -12.000000 11.111109 14.999992
v -12.000000 9.999998 14.999992
v -12.000000 8.888887 14.999992
v -12.000000 7.777776 14.999992
v -12.000000 6.666665 14.999992
v -12.000000 5.555554 14.999992
v -12.000000 4.444443 14.999992
v -12.000000 3.333332 14.999992
v -12.000000 2.222221 14.999992
v -12.000000 1.111110 14.999992
v -12.000000 -0.000001 14.999992
v -12.000000 -1.111112 14.999992
v -12.000000 -2.222223 14.999992
v -12.000000 -3.333334 14.999992
v -12.000000 -4.444446 14.999992
v -12.000000 -5.555556 14.999992
v -12.000000 -6.666667 14.999992
v -12.000000 -7.777779 14.999992
v -12.000000 -8.888889 14.999992
v -12.000000 -10.000000 14.999992
v -12.000000 -11.111112 14.999992
v -12.000000 -12.222223 14.999992
v -12.000000 -13.333335 14.999992
v -12.000000 -14.444446 14.999992
v -12.000000 -15.555555 14.999992
v -12.000000 -16.666668 14.999992
v -12.000000 -17.777779 14.999993
v -12.000000 -18.888889 14.999994
v -12.000000 18.888889 13.333325
v -12.000000 17.777777 13.333325
v -12.000000 16.666664 13.333325
v -12.000000 15.555553 13.333325
v -12.000000 14.444442 13.333325
v -12.000000 13.333331 13.333325
v -12.000000 12.222221 13.333325
v -12.000000 11.111109 13.333325
v -12.000000 9.999998 13.333325
v -12.000000 8.888887 13.333325
v -12.000000 7.777776 13.333325
v -12.000000 6.666665 13.333325
v -12.000000 5.555554 13.333325
v -12.000000 4.444443 13.333325
v -12.000000 3.333332 13.333325
v -12.000000 2.222221 13.333325
v -12.000000 1.111110 13.333325
v -12.000000 -0.000001 13.333325
v -12.000000 -1.111112 13.333325
v -12.000000 -2.222223 13.333325
v -12.000000 -3.333334 13.333325
v -12.000000 -4.444446 13.333325
v -12.000000 -5.555556 13.333325
v -12.000000 -6.666667 13.333325
v -12.000000 -7.777779 13.333325
v -12.000000 -8.888889 13.333325
v -12.000000 -10.000000 13.333325
v -12.000000 -11.111112 13.333325
v -12.000000 -12.222223 13.333325
v -12.000000 -13.333335 13.333326
v -12.000000 -14.444446 13.333327
v -12.000000 -15.555555 13.333327
v -12.000000 -16.666668 13.333327
v -12.000000 -17.777779 13.333328
v -12.000000 -18.888889 13.333329
v -12.000000 18.888889 11.666658
v -12.000000 17.777777 11.666658
v -12.000000 16.666664 11.666658
v -12.000000 15.555553 11.666658
v -12.000000 14.444442 11.666658
v -12.000000 13.333331 11.666658
v -12.000000 12.222221 11.666658
v -12.000000 11.111109 11.666658
v -12.000000 9.999998 11.666658
v -12.000000 8.888887 11.666658
v -12.000000 7.777776 11.666658
v -12.000000 6.666665 11.666658
v -12.000000 5.555554 11.666658
v -12.000000 4.444443 11.666658
v -12.000000 3.333332 11.666658
v -12.000000 2.222221 11.666658
v -12.000000 1.111110 11.666658
v -12.000000 -0.000001 11.666658
v -12.000000 -1.111112 11.666658
v -12.000000 -2.222223 11.666658
v -12.000000 -3.333334 11.666658
v -12.000000 -4.444446 11.666658
v -12.000000 -5.555556 11.666658
v -12.000000 -6.666667 11.666658
v -12.000000 -7.777779 11.666658
v -12.000000 -8.888889 11.666658
v -12.000000 -10.000000 11.666658
v -12.000000 -11.111112 11.666658
v -12.000000 -12.222223 11.666659
v -12.000000 -13.333335 11.666659
v -12.000000 -14.444446 11.666659
v -12.000000 -15.555555 11.666660
v -12.000000 -16.666668 11.666661
v -12.000000 -17.777779 11.666661
v -12.000000 -18.888889 11.666661
v -12.000000 18.888889 9.999992
v -12.000000 17.777777 9.999992
v -12.000000 16.666664 9.999992
v -12.000000 15.555553 9.999992
v -12.000000 14.444442 9.999992
v -12.000000 13.333331 9.999992
v -12.000000 12.222221 9.999992
v -12.000000 11.111109 9.999992
v -12.000000 9.999998 9.999992
v -12.000000 8.888887 9.999992
v -12.000000 7.777776 9.999992
v -12.000000 6.666665 9.999992
v -12.000000 5.555554 9.999992
v -12.000000 4.444443 9.999992
v -12.000000 3.333332 9.999992
v -12.000000 2.222221 9.999992
v -12.000000 1.111110 9.999992
v -12.000000 -0.000001 9.999992
v -12.000000 -1.111112 9.999992
v -12.000000 -2.222223 9.999992
v -12.000000 -3.333334 9.999992
v -12.000000 -4.444446 9.999992
v -12.000000 -5.555556 9.999992
v -12.000000 -6.666667 9.999992
v -12.000000 -7.777779 9.999992
v -12.000000 -8.888889 9.999992
v -12.000000 -10.000000 9.999992
v -12.000000 -11.111112 9.999992
v -12.000000 -12.222223 9.999992
v -12.000000 -13.333335 9.999993
v -12.000000 -14.444446 9.999994
v -12.000000 -15.555555 9.999994
v -12.000000 -16.666668 9.999994
v -12.000000 -17.777779 9.999995
v -12.000000 -18.888889 9.999996
v -12.000000 18.888889 8.333325
v -12.000000 17.777777 8.333325
v -12.000000 16.666664 8.333325
v -12.000000 15.555553 8.333325
v -12.000000 14.444442 8.333325
v -12.000000 13.333331 8.333325
v -12.000000 12.222221 8.333325
v -12.000000 11.111109 8.333325
v -12.000000 9.999998 8.333325
v -12.000000 8.888887 8.333325
v -12.000000 7.777776 8.333325
v -12.000000 6.666665 8.333325
v -12.000000 5.555554 8.333325
v -12.000000 4.444443 8.333325
v -12.000000 3.333332 8.333325
v -12.000000 2.222221 8.333325
v -12.000000 1.111110 8.333325
v -12.000000 -0.000001 8.333325
v -12.000000 -1.111112 8.333325
v -12.000000 -2.222223 8.333325
v -12.000000 -3.333334 8.333325
v -12.000000 -4.444446 8.333325
v -12.000000 -5.555556 8.333325
v -12.000000 -6.666667 8.333325
v -12.000000 -7.777779 8.333325
v -12.000000 -8.888889 8.333325
v -12.000000 -10.000000 8.333325
v -12.000000 -11.111112 8.333325
v -12.000000 -12.222223 8.333326
v -12.000000 -13.333335 8.333326
v -12.000000 -14.444446 8.333326
v -12.000000 -15.555555 8.333327
v -12.000000 -16.666668 8.333328
v -12.000000 -17.777779 8.333328
v -12.000000 -18.888889 8.333328
v -12.000000 18.888889 6.666662
v -12.000000 17.777777 6.666662
v -12.000000 16.666664 6.666662
v -12.000000 15.555553 6.666662
v -12.000000 14.444442 6.666662
v -12.000000 13.333331 6.666662
v -12.000000 12.222221 6.666662
v -12.000000 11.111109 6.666662
v -12.000000 9.999998 6.666662
v -12.000000 8.888887 6.666662
v -12.000000 7.777776 6.666662
v -12.000000 6.666665 6.666662
v -12.000000 5.555554 6.666662
v -12.000000 4.444443 6.666662
v -12.000000 3.333332 6.666662
v -12.000000 2.222221 6.666662
v -12.000000 1.111110 6.666662
v -12.000000 -0.000001 6.666662
v -12.000000 -1.111112 6.666662
v -12.000000 -2.222223 6.666662
v -12.000000 -3.333334 6.666662
v -12.000000 -4.444446 6.666662
v -12.000000 -5.555556 6.666663
v -12.000000 -6.666667 6.666663
v -12.000000 -7.777779 6.666663
v -12.000000 -8.888889 6.666663
v -12.000000 -10.000000 6.666664
v -12.000000 -11.111112 6.666664
v -12.000000 -12.222223 6.666664
v -12.000000 -13.333335 6.666664
v -12.000000 -14.444446 6.666665
v -12.000000 -15.555555 6.666665
v -12.000000 -16.666668 6.666665
v -12.000000 -17.777779 6.666665
v -12.000000 -18.888889 6.666666
v -12.000000 18.888889 4.999995
v -12.000000 17.777777 4.999995
v -12.000000 16.666664 4.999995
v -12.000000 15.555553 4.999995
v -12.000000 14.444442 4.999995
v -12.000000 13.333331 4.999995
v -12.000000 12.222221 4.999995
v -12.000000 11.111109 4.999995
v -12.000000 9.999998 4.999995
v -12.000000 8.888887 4.999995
v -12.000000 7.777776 4.999995
v -12.000000 6.666665 4.999995
v -12.000000 5.555554 4.999995
v -12.000000 4.444443 4.999995
v -12.000000 3.333332 4.999995
v -12.000000 2.222221 4.999995
v -12.000000 1.111110 4.999995
v -12.000000 -0.000001 4.999995
v -12.000000 -1.111112 4.999995
v -12.000000 -2.222223 4.999995
v -12.000000 -3.333334 4.999995
v -12.000000 -4.444446 4.999996
v -12.000000 -5.555556 4.999996
v -12.000000 -6.666667 4.999996
v -12.000000 -7.777779 4.999996
v -12.000000 -8.888889 4.999997
v -12.000000 -10.000000 4.999997
v -12.000000 -11.111112 4.999997
v -12.000000 -12.222223 4.999997
v -12.000000 -13.333335 4.999998
v -12.000000 -14.444446 4.999998
v -12.000000 -15.555555 4.999998
v -12.000000 -16.666668 4.999998
v -12.000000 -17.777779 4.999999
v -12.000000 -18.888889 4.999999
v -12.000000 18.888889 3.333330
v -12.000000 17.777777 3.333330
v -12.000000 16.666664 3.333330
v -12.000000 15.555553 3.333330
v -12.000000 14.444442 3.333330
v -12.000000 13.333331 3.333330
v -12.000000 12.222221 3.333330
v -12.000000 11.111109 3.333330
v -12.000000 9.999998 3.333330
v -12.000000 8.888887 3.333331
v -12.000000 7.777776 3.333331
v -12.000000 6.666665 3.333331
v -12.000000 5.555554 3.333331
v -12.000000 4.444443 3.333331
v -12.000000 3.333332 3.333331
v -12.000000 2.222221 3.333331
v -12.000000 1.111110 3.333331
v -12.000000 -0.000001 3.333332
v -12.000000 -1.111112 3.333332
v -12.000000 -2.222223 3.333332
v -12.000000 -3.333334 3.333332
v -12.000000 -4.444446 3.333332
v -12.000000 -5.555556 3.333332
v -12.000000 -6.666667 3.333332
v -12.000000 -7.777779 3.333332
v -12.000000 -8.888889 3.333333
v -12.000000 -10.000000 3.333333
v -12.000000 -11.111112 3.333333
v -12.000000 -12.222223 3.333333
v -12.000000 -13.333335 3.333333
v -12.000000 -14.444446 3.333333
v -12.000000 -15.555555 3.333333
v -12.000000 -16.666668 3.333333
v -12.000000 -17.777779 3.333333
v -12.000000 -18.888889 3.333333
v -12.000000 18.888889 1.666664
v -12.000000 17.777777 1.666664
v -12.000000 16.666664 1.666664
v -12.000000 15.555553 1.666665
v -12.000000 14.444442 1.666665
v -12.000000 13.333331 1.666665
v -12.000000 12.222221 1.666665
v -12.000000 11.111109 1.666665
v -12.000000 9.999998 1.666665
v -12.000000 8.888887 1.666665
v -12.000000 7.777776 1.666665
v -12.000000 6.666665 1.666665
v -12.000000 5.555554 1.666666
v -12.000000 4.444443 1.666666
v -12.000000 3.333332 1.666666
v -12.000000 2.222221 1.666666
v -12.000000 1.111110 1.666666
v -12.000000 -0.000001 1.666666
v -12.000000 -1.111112 1.666666
v -12.000000 -2.222223 1.666666
v -12.000000 -3.333334 1.666667
v -12.000000 -4.444446 1.666667
v -12.000000 -5.555556 1.666667
v -12.000000 -6.666667 1.666667
v -12.000000 -7.777779 1.666667
v -12.000000 -8.888889 1.666667
v -12.000000 -10.000000 1.666667
v -12.000000 -11.111112 1.666667
v -12.000000 -12.222223 1.666667
v -12.000000 -13.333335 1.666667
v -12.000000 -14.444446 1.666667
v -12.000000 -15.555555 1.666667
v -12.000000 -16.666668 1.666667
v -12.000000 -17.777779 1.666668
v -12.000000 -18.888889 1.666668
v -12.000000 18.888889 -0.000002
v -12.000000 17.777777 -0.000002
v -12.000000 16.666664 -0.000001
v -12.000000 15.555553 -0.000001
v -12.000000 14.444442 -0.000001
v -12.000000 13.333331 -0.000001
v -12.000000 12.222221 -0.000001
v -12.000000 11.111109 -0.000001
v -12.000000 9.999998 -0.000001
v -12.000000 8.888887 -0.000001
v -12.000000 7.777776 -0.000001
v -12.000000 6.666665 -0.000001
v -12.000000 5.555554 -0.000000
v -12.000000 4.444443 -0.000000
v -12.000000 3.333332 -0.000000
v -12.000000 2.222221 -0.000000
v -12.000000 1.111110 -0.000000
v -12.000000 -0.000001 0.000000
v -12.000000 -1.111112 0.000000
v -12.000000 -2.222223 0.000000
v -12.000000 -3.333334 0.000000
v -12.000000 -4.444446 0.000000
v -12.000000 -5.555556 0.000000
v -12.000000 -6.666667 0.000001
v -12.000000 -7.777779 0.000001
v -12.000000 -8.888889 0.000001
v -12.000000 -10.000000 0.000001
v -12.000000 -11.111112 0.000001
v -12.000000 -12.222223 0.000001
v -12.000000 -13.333335 0.000001
v -12.000000 -14.444446 0.000001
v -12.000000 -15.555555 0.000001
v -12.000000 -16.666668 0.000001
v -12.000000 -17.777779 0.000002
v -12.000000 -18.888889 0.000002
v -12.000000 18.888889 -1.666668
v -12.000000 17.777777 -1.666667
v -12.000000 16.666664 -1.666667
v -12.000000 15.555553 -1.666667
v -12.000000 14.444442 -1.666667
v -12.000000 13.333331 -1.666667
v -12.000000 12.222221 -1.666667
v -12.000000 11.111109 -1.666667
v -12.000000 9.999998 -1.666667
v -12.000000 8.888887 -1.666667
v -12.000000 7.777776 -1.666667
v -12.000000 6.666665 -1.666666
v -12.000000 5.555554 -1.666666
v -12.000000 4.444443 -1.666666
v -12.000000 3.333332 -1.666666
v -12.000000 2.222221 -1.666666
v -12.000000 1.111110 -1.666666
v -12.000000 -0.000001 -1.666666
v -12.000000 -1.111112 -1.666666
v -12.000000 -2.222223 -1.666665
v -12.000000 -3.333334 -1.666665
v -12.000000 -4.444446 -1.666665
v -12.000000 -5.555556 -1.666665
v -12.000000 -6.666667 -1.666665
v -12.000000 -7.777779 -1.666665
v -12.000000 -8.888889 -1.666665
v -12.000000 -10.000000 -1.666665
v -12.000000 -11.111112 -1.666665
v -12.000000 -12.222223 -1.666665
v -12.000000 -13.333335 -1.666664
v -12.000000 -14.444446 -1.666664
v -12.000000 -15.555555 -1.666664
v -12.000000 -16.666668 -1.666664
v -12.000000 -17.777779 -1.666664
v -12.000000 -18.888889 -1.666664
v -12.000000 18.888889 -3.333333
v -12.000000 17.777777 -3.333333
v -12.000000 16.666664 -3.333333
v -12.000000 15.555553 -3.333333
v -12.000000 14.444442 -3.333333
v -12.000000 13.333331 -3.333333
v -12.000000 12.222221 -3.333333
v -12.000000 11.111109 -3.333333
v -12.000000 9.999998 -3.333333
v -12.000000 8.888887 -3.333333
v -12.000000 7.777776 -3.333333
v -12.000000 6.666665 -3.333333
v -12.000000 5.555554 -3.333333
v -12.000000 4.444443 -3.333333
v -12.000000 3.333332 -3.333332
v -12.000000 2.222221 -3.333332
v -12.000000 1.111110 -3.333332
v -12.000000 -0.000001 -3.333332
v -12.000000 -1.111112 -3.333332
v -12.000000 -2.222223 -3.333332
v -12.000000 -3.333334 -3.333332
v -12.000000 -4.444446 -3.333332
v -12.000000 -5.555556 -3.333331
v -12.000000 -6.666667 -3.333331
v -12.000000 -7.777779 -3.333331
v -12.000000 -8.888889 -3.333331
v -12.000000 -10.000000 -3.333331
v -12.000000 -11.111112 -3.333331
v -12.000000 -12.222223 -3.333331
v -12.000000 -13.333335 -3.333331
v -12.000000 -14.444446 -3.333330
v -12.000000 -15.555555 -3.333330
v -12.000000 -16.666668 -3.333330
v -12.000000 -17.777779 -3.333330
v -12.000000 -18.888889 -3.333330
v -12.000000 18.888889 -4.999999
v -12.000000 17.777777 -4.999999
v -12.000000 16.666664 -4.999999
v -12.000000 15.555553 -4.999999
v -12.000000 14.444442 -4.999999
v -12.000000 13.333331 -4.999999
v -12.000000 12.222221 -4.999999
v -12.000000 11.111109 -4.999999
v -12.000000 9.999998 -4.999999
v -12.000000 8.888887 -4.999999
v -12.000000 7.777776 -4.999999
v -12.000000 6.666665 -4.999999
v -12.000000 5.555554 -4.999999
v -12.000000 4.444443 -4.999999
v -12.000000 3.333332 -4.999999
v -12.000000 2.222221 -4.999999
v -12.000000 1.111110 -4.999999
v -12.000000 -0.000001 -4.999999
v -12.000000 -1.111112 -4.999999
v -12.000000 -2.222223 -4.999999
v -12.000000 -3.333334 -4.999999
v -12.000000 -4.444446 -4.999999
v -12.000000 -5.555556 -4.999998
v -12.000000 -6.666667 -4.999998
v -12.000000 -7.777779 -4.999998
v -12.000000 -8.888889 -4.999998
v -12.000000 -10.000000 -4.999997
v -12.000000 -11.111112 -4.999997
v -12.000000 -12.222223 -4.999997
v -12.000000 -13.333335 -4.999997
v -12.000000 -14.444446 -4.999996
v -12.000000 -15.555555 -4.999996
v -12.000000 -16.666668 -4.999996
v -12.000000 -17.777779 -4.999996
v -12.000000 -18.888889 -4.999995
v -12.000000 18.888889 -6.666666
v -12.000000 17.777777 -6.666666
v -12.000000 16.666664 -6.666666
v -12.000000 15.555553 -6.666666
v -12.000000 14.444442 -6.666666
v -12.000000 13.333331 -6.666666
v -12.000000 12.222221 -6.666666
v -12.000000 11.111109 -6.666666
v -12.000000 9.999998 -6.666666
v -12.000000 8.888887 -6.666666
v -12.000000 7.777776 -6.666666
v -12.000000 6.666665 -6.666666
v -12.000000 5.555554 -6.666666
v -12.000000 4.444443 -6.666666
v -12.000000 3.333332 -6.666666
v -12.000000 2.222221 -6.666666
v -12.000000 1.111110 -6.666666
v -12.000000 -0.000001 -6.666666
v -12.000000 -1.111112 -6.666666
v -12.000000 -2.222223 -6.666666
v -12.000000 -3.333334 -6.666666
v -12.000000 -4.444446 -6.666665
v -12.000000 -5.555556 -6.666665
v -12.000000 -6.666667 -6.666665
v -12.000000 -7.777779 -6.666665
v -12.000000 -8.888889 -6.666664
v -12.000000 -10.000000 -6.666664
v -12.000000 -11.111112 -6.666664
v -12.000000 -12.222223 -6.666664
v -12.000000 -13.333335 -6.666663
v -12.000000 -14.444446 -6.666663
v -12.000000 -15.555555 -6.666663
v -12.000000 -16.666668 -6.666663
v -12.000000 -17.777779 -6.666662
v -12.000000 -18.888889 -6.666662
v -12.000000 18.888889 -8.333329
v -12.000000 17.777777 -8.333329
v -12.000000 16.666664 -8.333329
v -12.000000 15.555553 -8.333329
v -12.000000 14.444442 -8.333329
v -12.000000 13.333331 -8.333329
v -12.000000 12.222221 -8.333329
v -12.000000 11.111109 -8.333329
v -12.000000 9.999998 -8.333329
v -12.000000 8.888887 -8.333329
v -12.000000 7.777776 -8.333329
v -12.000000 6.666665 -8.333329
v -12.000000 5.555554 -8.333329
v -12.000000 4.444443 -8.333329
v -12.000000 3.333332 -8.333329
v -12.000000 2.222221 -8.333329
v -12.000000 1.111110 -8.333329
v -12.000000 -0.000001 -8.333329
v -12.000000 -1.111112 -8.333329
v -12.000000 -2.222223 -8.333329
v -12.000000 -3.333334 -8.333329
v -12.000000 -4.444446 -8.333329
v -12.000000 -5.555556 -8.333329
v -12.000000 -6.666667 -8.333329
v -12.000000 -7.777779 -8.333329
v -12.000000 -8.888889 -8.333329
v -12.000000 -10.000000 -8.333329
v -12.000000 -11.111112 -8.333329
v -12.000000 -12.222223 -8.333328
v -12.000000 -13.333335 -8.333328
v -12.000000 -14.444446 -8.333328
v -12.000000 -15.555555 -8.333327
v -12.000000 -16.666668 -8.333326
v -12.000000 -17.777779 -8.333326
v -12.000000 -18.888889 -8.333326
v -12.000000 18.888889 -9.999996
v -12.000000 17.777777 -9.999996
v -12.000000 16.666664 -9.999996
v -12.000000 15.555553 -9.999996
v -12.000000 14.444442 -9.999996
v -12.000000 13.333331 -9.999996
v -12.000000 12.222221 -9.999996
v -12.000000 11.111109 -9.999996
v -12.000000 9.999998 -9.999996
v -12.000000 8.888887 -9.999996
v -12.000000 7.777776 -9.999996
v -12.000000 6.666665 -9.999996
v -12.000000 5.555554 -9.999996
v -12.000000 4.444443 -9.999996
v -12.000000 3.333332 -9.999996
v -12.000000 2.222221 -9.999996
v -12.000000 1.111110 -9.999996
v -12.000000 -0.000001 -9.999996
v -12.000000 -1.111112 -9.999996
v -12.000000 -2.222223 -9.999996
v -12.000000 -3.333334 -9.999996
v -12.000000 -4.444446 -9.999996
v -12.000000 -5.555556 -9.999996
v -12.000000 -6.666667 -9.999996
v -12.000000 -7.777779 -9.999996
v -12.000000 -8.888889 -9.999996
v -12.000000 -10.000000 -9.999996
v -12.000000 -11.111112 -9.999996
v -12.000000 -12.222223 -9.999996
v -12.000000 -13.333335 -9.999995
v -12.000000 -14.444446 -9.999994
v -12.000000 -15.555555 -9.999994
v -12.000000 -16.666668 -9.999994
v -12.000000 -17.777779 -9.999993
v -12.000000 -18.888889 -9.999992
v -12.000000 18.888889 -11.666662
v -12.000000 17.777777 -11.666662
v -12.000000 16.666664 -11.666662
v -12.000000 15.555553 -11.666662
v -12.000000 14.444442 -11.666662
v -12.000000 13.333331 -11.666662
v -12.000000 12.222221 -11.666662
v -12.000000 11.111109 -11.666662
v -12.000000 9.999998 -11.666662
v -12.000000 8.888887 -11.666662
v -12.000000 7.777776 -11.666662
v -12.000000 6.666665 -11.666662
v -12.000000 5.555554 -11.666662
v -12.000000 4.444443 -11.666662
v -12.000000 3.333332 -11.666662
v -12.000000 2.222221 -11.666662
v -12.000000 1.111110 -11.666662
v -12.000000 -0.000001 -11.666662
v -12.000000 -1.111112 -11.666662
v -12.000000 -2.222223 -11.666662
v -12.000000 -3.333334 -11.666662
v -12.000000 -4.444446 -11.666662
v -12.000000 -5.555556 -11.666662
v -12.000000 -6.666667 -11.666662
v -12.000000 -7.777779 -11.666662
v -12.000000 -8.888889 -11.666662
v -12.000000 -10.000000 -11.666662
v -12.000000 -11.111112 -11.666662
v -12.000000 -12.222223 -11.666661
v -12.000000 -13.333335 -11.666661
v -12.000000 -14.444446 -11.666661
v -12.000000 -15.555555 -11.666660
v -12.000000 -16.666668 -11.666659
v -12.000000 -17.777779 -11.666659
v -12.000000 -18.888889 -11.666659
v -12.000000 18.888889 -13.333329
v -12.000000 17.777777 -13.333329
v -12.000000 16.666664 -13.333329
v -12.000000 15.555553 -13.333329
v -12.000000 14.444442 -13.333329
v -12.000000 13.333331 -13.333329
v -12.000000 12.222221 -13.333329
v -12.000000 11.111109 -13.333329
v -12.000000 9.999998 -13.333329
v -12.000000 8.888887 -13.333329
v -12.000000 7.777776 -13.333329
v -12.000000 6.666665 -13.333329
v -12.000000 5.555554 -13.333329
v -12.000000 4.444443 -13.333329
v -12.000000 3.333332 -13.333329
v -12.000000 2.222221 -13.333329
v -12.000000 1.111110 -13.333329
v -12.000000 -0.000001 -13.333329
v -12.000000 -1.111112 -13.333329
v -12.000000 -2.222223 -13.333329
v -12.000000 -3.333334 -13.333329
v -12.000000 -4.444446 -13.333329
v -12.000000 -5.555556 -13.333329
v -12.000000 -6.666667 -13.333329
v -12.000000 -7.777779 -13.333329
v -12.000000 -8.888889 -13.333329
v -12.000000 -10.000000 -13.333329
v -12.000000 -11.111112 -13.333329
v -12.000000 -12.222223 -13.333329
v -12.000000 -13.333335 -13.333328
v -12.000000 -14.444446 -13.333327
v -12.000000 -15.555555 -13.333327
v -12.000000 -16.666668 -13.333327
v -12.000000 -17.777779 -13.333326
v -12.000000 -18.888889 -13.333325
v -12.000000 18.888889 -14.999994
v -12.000000 17.777777 -14.999994
v -12.000000 16.666664 -14.999994
v -12.000000 15.555553 -14.999994
v -12.000000 14.444442 -14.999994
v -12.000000 13.333331 -14.999994
v -12.000000 12.222221 -14.999994
v -12.000000 11.111109 -14.999994
v -12.000000 9.999998 -14.999994
v -12.000000 8.888887 -14.999994
v -12.000000 7.777776 -14.999994
v -12.000000 6.666665 -14.999994
v -12.000000 5.555554 -14.999994
v -12.000000 4.444443 -14.999994
v -12.000000 3.333332 -14.999994
v -12.000000 2.222221 -14.999994
v -12.000000 1.111110 -14.999994
v -12.000000 -0.000001 -14.999994
v -12.000000 -1.111112 -14.999994
v -12.000000 -2.222223 -14.999994
v -12.000000 -3.333334 -14.999994
v -12.000000 -4.444446 -14.999994
v -12.000000 -5.555556 -14.999994
v -12.000000 -6.666667 -14.999994
v -12.000000 -7.777779 -14.999994
v -12.000000 -8.888889 -14.999994
v -12.000000 -10.000000 -14.999994
v -12.000000 -11.111112 -14.999994
v -12.000000 -12.222223 -14.999994
v -12.000000 -13.333335 -14.999994
v -12.000000 -14.444446 -14.999994
v -12.000000 -15.555555 -14.999993
v -12.000000 -16.666668 -14.999992
v -12.000000 -17.777779 -14.999992
v -12.000000 -18.888889 -14.999992
v -12.000000 18.888889 -16.666656
v -12.000000 17.777777 -16.666656
v -12.000000 16.666664 -16.666656
v -12.000000 15.555553 -16.666656
v -12.000000 14.444442 -16.666656
v -12.000000 13.333331 -16.666656
v -12.000000 12.222221 -16.666656
v -12.000000 11.111109 -16.666656
v -12.000000 9.999998 -16.666656
v -12.000000 8.888887 -16.666656
v -12.000000 7.777776 -16.666656
v -12.000000 6.666665 -16.666656
v -12.000000 5.555554 -16.666656
v -12.000000 4.444443 -16.666656
v -12.000000 3.333332 -16.666656
v -12.000000 2.222221 -16.666656
v -12.000000 1.111110 -16.666656
v -12.000000 -0.000001 -16.666656
v -12.000000 -1.111112 -16.666656
v -12.000000 -2.222223 -16.666656
v -12.000000 -3.333334 -16.666656
v -12.000000 -4.444446 -16.666656
v -12.000000 -5.555556 -16.666656
v -12.000000 -6.666667 -16.666656
v -12.000000 -7.777779 -16.666656
v -12.000000 -8.888889 -16.666656
v -12.000000 -10.000000 -16.666656
v -12.000000 -11.111112 -16.666656
v -12.000000 -12.222223 -16.666656
v -12.000000 -13.333335 -16.666656
v -12.000000 -14.444446 -16.666656
v -12.000000 -15.555555 -16.666656
v -12.000000 -16.666668 -16.666656
v -12.000000 -17.777779 -16.666655
v -12.000000 -18.888889 -16.666653
v -12.000000 18.888889 -18.333324
v -12.000000 17.777777 -18.333324
v -12.000000 16.666664 -18.333324
v -12.000000 15.555553 -18.333324
v -12.000000 14.444442 -18.333324
v -12.000000 13.333331 -18.333324
v -12.000000 12.222221 -18.333324
v -12.000000 11.111109 -18.333324
v -12.000000 9.999998 -18.333324
v -12.000000 8.888887 -18.333324
v -12.000000 7.777776 -18.333324
v -12.000000 6.666665 -18.333324
v -12.000000 5.555554 -18.333324
v -12.000000 4.444443 -18.333324
v -12.000000 3.333332 -18.333324
v -12.000000 2.222221 -18.333324
v -12.000000 1.111110 -18.333324
v -12.000000 -0.000001 -18.333324
v -12.000000 -1.111112 -18.333324
v -12.000000 -2.222223 -18.333324
v -12.000000 -3.333334 -18.333324
v -12.000000 -4.444446 -18.333324
v -12.000000 -5.555556 -18.333324
v -12.000000 -6.666667 -18.333324
v -12.000000 -7.777779 -18.333324
v -12.000000 -8.888889 -18.333324
v -12.000000 -10.000000 -18.333324
v -12.000000 -11.111112 -18.333324
v -12.000000 -12.222223 -18.333324
v -12.000000 -13.333335 -18.333324
v -12.000000 -14.444446 -18.333324
v -12.000000 -15.555555 -18.333324
v -12.000000 -16.666668 -18.333324
v -12.000000 -17.777779 -18.333323
v -12.000000 -18.888889 -18.333321
v -12.000000 18.888889 -19.999992
v -12.000000 17.777777 -19.999992
v -12.000000 16.666664 -19.999992
v -12.000000 15.555553 -19.999992
v -12.000000 14.444442 -19.999992
v -12.000000 13.333331 -19.999992
v -12.000000 12.222221 -19.999992
v -12.000000 11.111109 -19.999992
v -12.000000 9.999998 -19.999992
v -12.000000 8.888887 -19.999992
v -12.000000 7.777776 -19.999992
v -12.000000 6.666665 -19.999992
v -12.000000 5.555554 -19.999992
v -12.000000 4.444443 -19.999992
v -12.000000 3.333332 -19.999992
v -12.000000 2.222221 -19.999992
v -12.000000 1.111110 -19.999992
v -12.000000 -0.000001 -19.999992
v -12.000000 -1.111112 -19.999992
v -12.000000 -2.222223 -19.999992
v -12.000000 -3.333334 -19.999992
v -12.000000 -4.444446 -19.999992
v -12.000000 -5.555556 -19.999992
v -12.000000 -6.666667 -19.999992
v -12.000000 -7.777779 -19.999992
v -12.000000 -8.888889 -19.999992
v -12.000000 -10.000000 -19.999992
v -12.000000 -11.111112 -19.999992
v -12.000000 -12.222223 -19.999992
v -12.000000 -13.333335 -19.999992
v -12.000000 -14.444446 -19.999992
v -12.000000 -15.555555 -19.999990
v -12.000000 -16.666668 -19.999989
v -12.000000 -17.777779 -19.999989
v -12.000000 -18.888889 -19.999989
v -12.000000 18.888889 -21.666656
v -12.000000 17.777777 -21.666656
v -12.000000 16.666664 -21.666656
v -12.000000 15.555553 -21.666656
v -12.000000 14.444442 -21.666656
v -12.000000 13.333331 -21.666656
v -12.000000 12.222221 -21.666656
v -12.000000 11.111109 -21.666656
v -12.000000 9.999998 -21.666656
v -12.000000 8.888887 -21.666656
v -12.000000 7.777776 -21.666656
v -12.000000 6.666665 -21.666656
v -12.000000 5.555554 -21.666656
v -12.000000 4.444443 -21.666656
v -12.000000 3.333332 -21.666656
v -12.000000 2.222221 -21.666656
v -12.000000 1.111110 -21.666656
v -12.000000 -0.000001 -21.666656
v -12.000000 -1.111112 -21.666656
v -12.000000 -2.222223 -21.666656
v -12.000000 -3.333334 -21.666656
v -12.000000 -4.444446 -21.666656
v -12.000000 -5.555556 -21.666656
v -12.000000 -6.666667 -21.666656
v -12.000000 -7.777779 -21.666656
v -12.000000 -8.888889 -21.666656
v -12.000000 -10.000000 -21.666656
v -12.000000 -11.111112 -21.666656
v -12.000000 -12.222223 -21.666656
v -12.000000 -13.333335 -21.666656
v -12.000000 -14.444446 -21.666656
v -12.000000 -15.555555 -21.666656
v -12.000000 -16.666668 -21.666656
v -12.000000 -17.777779 -21.666655
v -12.000000 -18.888889 -21.666653
v -12.000000 18.888889 -23.333323
v -12.000000 17.777777 -23.333323
v -12.000000 16.666664 -23.333323
v -12.000000 15.555553 -23.333323
v -12.000000 14.444442 -23.333323
v -12.000000 13.333331 -23.333323
v -12.000000 12.222221 -23.333323
v -12.000000 11.111109 -23.333323
v -12.000000 9.999998 -23.333323
v -12.000000 8.888887 -23.333323
v -12.000000 7.777776 -23.333323
v -12.000000 6.666665 -23.333323
v -12.000000 5.555554 -23.333323
v -12.000000 4.444443 -23.333323
v -12.000000 3.333332 -23.333323
v -12.000000 2.222221 -23.333323
v -12.000000 1.111110 -23.333323
v -12.000000 -0.000001 -23.333323
v -12.000000 -1.111112 -23.333323
v -12.000000 -2.222223 -23.333323
v -12.000000 -3.333334 -23.333323
v -12.000000 -4.444446 -23.333323
v -12.000000 -5.555556 -23.333323
v -12.000000 -6.666667 -23.333323
v -12.000000 -7.777779 -23.333323
v -12.000000 -8.888889 -23.333323
v -12.000000 -10.000000 -23.333323
v -12.000000 -11.111112 -23.333323
v -12.000000 -12.222223 -23.333323
v -12.000000 -13.333335 -23.333323
v -12.000000 -14.444446 -23.333323
v -12.000000 -15.555555 -23.333323
v -12.000000 -16.666668 -23.333323
v -12.000000 -17.777779 -23.333321
v -12.000000 -18.888889 -23.333319
v -12.000000 18.888889 -24.999990
v -12.000000 17.777777 -24.999990
v -12.000000 16.666664 -24.999990
v -12.000000 15.555553 -24.999990
v -12.000000 14.444442 -24.999990
v -12.000000 13.333331 -24.999990
v -12.000000 12.222221 -24.999990
v -12.000000 11.111109 -24.999990
v -12.000000 9.999998 -24.999990
v -12.000000 8.888887 -24.999990
v -12.000000 7.777776 -24.999990
v -12.000000 6.666665 -24.999990
v -12.000000 5.555554 -24.999990
v -12.000000 4.444443 -24.999990
v -12.000000 3.333332 -24.999990
v -12.000000 2.222221 -24.999990
v -12.000000 1.111110 -24.999990
v -12.000000 -0.000001 -24.999990
v -12.000000 -1.111112 -24.999990
v -12.000000 -2.222223 -24.999990
v -12.000000 -3.333334 -24.999990
v -12.000000 -4.444446 -24.999990
v -12.000000 -5.555556 -24.999990
v -12.000000 -6.666667 -24.999990
v -12.000000 -7.777779 -24.999990
v -12.000000 -8.888889 -24.999990
v -12.000000 -10.000000 -24.999990
v -12.000000 -11.111112 -24.999990
v -12.000000 -12.222223 -24.999990
v -12.000000 -13.333335 -24.999990
v -12.000000 -14.444446 -24.999990
v -12.000000 -15.555555 -24.999990
v -12.000000 -16.666668 -24.999990
v -12.000000 -17.777779 -24.999989
v -12.000000 -18.888889 -24.999987
v -12.000000 18.888889 -26.666656
v -12.000000 17.777777 -26.666656
v -12.000000 16.666664 -26.666656
v -12.000000 15.555553 -26.666656
v -12.000000 14.444442 -26.666656
v -12.000000 13.333331 -26.666656
v -12.000000 12.222221 -26.666656
v -12.000000 11.111109 -26.666656
v -12.000000 9.999998 -26.666656
v -12.000000 8.888887 -26.666656
v -12.000000 7.777776 -26.666656
v -12.000000 6.666665 -26.666656
v -12.000000 5.555554 -26.666656
v -12.000000 4.444443 -26.666656
v -12.000000 3.333332 -26.666656
v -12.000000 2.222221 -26.666656
v -12.000000 1.111110 -26.666656
v -12.000000 -0.000001 -26.666656
v -12.000000 -1.111112 -26.666656
v -12.000000 -2.222223 -26.666656
v -12.000000 -3.333334 -26.666656
v -12.000000 -4.444446 -26.666656
v -12.000000 -5.555556 -26.666656
v -12.000000 -6.666667 -26.666656
v -12.000000 -7.777779 -26.666656
v -12.000000 -8.888889 -26.666656
v -12.000000 -10.000000 -26.666656
v -12.000000 -11.111112 -26.666656
v -12.000000 -12.222223 -26.666656
v -12.000000 -13.333335 -26.666656
v -12.000000 -14.444446 -26.666656
v -12.000000 -15.555555 -26.666656
v -12.000000 -16.666668 -26.666656
v -12.000000 -17.777779 -26.666656
v -12.000000 -18.888889 -26.666655
v -12.000000 18.888889 -28.333323
v -12.000000 17.777777 -28.333323
v -12.000000 16.666664 -28.333323
v -12.000000 15.555553 -28.333323
v -12.000000 14.444442 -28.333323
v -12.000000 13.333331 -28.333323
v -12.000000 12.222221 -28.333323
v -12.000000 11.111109 -28.333323
v -12.000000 9.999998 -28.333323
v -12.000000 8.888887 -28.333323
v -12.000000 7.777776 -28.333323
v -12.000000 6.666665 -28.333323
v -12.000000 5.555554 -28.333323
v -12.000000 4.444443 -28.333323
v -12.000000 3.333332 -28.333323
v -12.000000 2.222221 -28.333323
v -12.000000 1.111110 -28.333323
v -12.000000 -0.000001 -28.333323
v -12.000000 -1.111112 -28.333323
v -12.000000 -2.222223 -28.333323
v -12.000000 -3.333334 -28.333323
v -12.000000 -4.444446 -28.333323
v -12.000000 -5.555556 -28.333323
v -12.000000 -6.666667 -28.333323
v -12.000000 -7.777779 -28.333323
v -12.000000 -8.888889 -28.333323
v -12.000000 -10.000000 -28.333323
v -12.000000 -11.111112 -28.333323
v -12.000000 -12.222223 -28.333323
v -12.000000 -13.333335 -28.333323
v -12.000000 -14.444446 -28.333323
v -12.000000 -15.555555 -28.333323
v -12.000000 -16.666668 -28.333323
v -12.000000 -17.777779 -28.333323
v -12.000000 -18.888889 -28.333323
v 2.778625 1.111110 -29.999989
v 2.778625 -0.000001 -29.999989
v 2.778625 1.111110 29.999989
v 2.778625 -0.000001 29.999989
v 2.778625 1.111110 -28.333323
v 2.778625 -0.000001 -28.333323
v 2.778625 1.111110 -26.666655
v 2.778625 -0.000001 -26.666655
v 2.778625 1.111110 -24.999987
v 2.778625 -0.000001 -24.999987
v 2.778625 1.111110 -23.333319
v 2.778625 -0.000001 -23.333319
v 2.778625 1.111110 -21.666653
v 2.778625 -0.000001 -21.666653
v 2.778625 1.111110 -19.999987
v 2.778625 -0.000001 -19.999987
v 2.778625 1.111110 -18.333321
v 2.778625 -0.000001 -18.333321
v 2.778625 1.111110 -16.666653
v 2.778625 -0.000001 -16.666653
v 2.778625 1.111110 -14.999992
v 2.778625 -0.000001 -14.999992
v 2.778625 1.111110 -13.333325
v 2.778625 -0.000001 -13.333325
v 2.778625 1.111110 -11.666658
v 2.778625 -0.000001 -11.666658
v 2.778625 1.111110 -9.999992
v 2.778625 -0.000001 -9.999992
v 2.778625 1.111110 -8.333325
v 2.778625 -0.000001 -8.333325
v 2.778625 1.111110 -6.666662
v 2.778625 -0.000001 -6.666662
v 2.778625 1.111110 -4.999995
v 2.778625 -0.000001 -4.999995
v 2.778625 1.111110 -3.333331
v 2.778625 -0.000001 -3.333332
v 2.778625 1.111110 -1.666666
v 2.778625 -0.000001 -1.666666
v 2.778625 1.111110 0.000000
v 2.778625 -0.000001 -0.000000
v 2.778625 1.111110 1.666666
v 2.778625 -0.000001 1.666666
v 2.778625 1.111110 3.333332
v 2.778625 -0.000001 3.333332
v 2.778625 1.111110 4.999999
v 2.778625 -0.000001 4.999999
v 2.778625 1.111110 6.666666
v 2.778625 -0.000001 6.666666
v 2.778625 1.111110 8.333329
v 2.778625 -0.000001 8.333329
v 2.778625 1.111110 9.999996
v 2.778625 -0.000001 9.999996
v 2.778625 1.111110 11.666662
v 2.778625 -0.000001 11.666662
v 2.778625 1.111110 13.333329
v 2.778625 -0.000001 13.333329
v 2.778625 1.111110 14.999994
v 2.778625 -0.000001 14.999994
v 2.778625 1.111110 16.666656
v 2.778625 -0.000001 16.666656
v 2.778625 1.111110 18.333324
v 2.778625 -0.000001 18.333324
v 2.778625 1.111110 19.999992
v 2.778625 -0.000001 19.999992
v 2.778625 1.111110 21.666656
v 2.778625 -0.000001 21.666656
v 2.778625 1.111110 23.333323
v 2.778625 -0.000001 23.333323
v 2.778625 1.111110 24.999990
v 2.778625 -0.000001 24.999990
v 2.778625 1.111110 26.666656
v 2.778625 -0.000001 26.666656
v 2.778625 1.111110 28.333323
v 2.778625 -0.000001 28.333323
v -0.664118 -20.000000 9.999992
v -0.664118 -20.000000 8.333325
v -0.664118 -20.000000 6.666662
v -0.664118 -20.000000 -6.666666
v -0.664118 -20.000000 -8.333329
v -0.664118 -20.000000 -9.999996
v -0.664118 20.000000 -9.999992
v -0.664118 20.000000 -8.333325
v -0.664118 20.000000 -6.666662
v -0.664118 20.000000 6.666666
v -0.664118 20.000000 8.333329
v -0.664118 20.000000 9.999996
v -0.664118 -18.888889 -9.999996
v -0.664118 -18.888889 -8.333328
v -0.664118 -18.888889 -6.666666
v -0.664118 -18.888889 6.666662
v -0.664118 -18.888889 8.333326
v -0.664118 -18.888889 9.999992
v -0.664118 18.888889 -9.999992
v -0.664118 17.777777 -9.999992
v -0.664118 16.666664 -9.999992
v -0.664118 15.555553 -9.999992
v -0.664118 14.444442 -9.999992
v -0.664118 13.333331 -9.999992
v -0.664118 12.222221 -9.999992
v -0.664118 11.111109 -9.999992
v -0.664118 9.999998 -9.999992
v -0.664118 8.888887 -9.999992
v -0.664118 7.777776 -9.999992
v -0.664118 6.666665 -9.999992
v -0.664118 5.555554 -9.999992
v -0.664118 4.444443 -9.999992
v -0.664118 3.333332 -9.999992
v -0.664118 2.222221 -9.999992
v -0.664118 1.111110 -9.999992
v -0.664118 -0.000001 -9.999992
v -0.664118 -1.111112 -9.999992
v -0.664118 -2.222223 -9.999992
v -0.664118 -3.333334 -9.999992
v -0.664118 -4.444446 -9.999992
v -0.664118 -5.555556 -9.999992
v -0.664118 -6.666667 -9.999992
v -0.664118 -7.777779 -9.999992
v -0.664118 -8.888889 -9.999992
v -0.664118 -10.000000 -9.999992
v -0.664118 -11.111112 -9.999992
v -0.664118 -12.222223 -9.999992
v -0.664118 -13.333335 -9.999993
v -0.664118 -14.444446 -9.999994
v -0.664118 -15.555555 -9.999994
v -0.664118 -16.666668 -9.999994
v -0.664118 -17.777779 -9.999995
v -0.664118 18.888889 -8.333325
v -0.664118 17.777777 -8.333325
v -0.664118 16.666664 -8.333325
v -0.664118 15.555553 -8.333325
v -0.664118 14.444442 -8.333325
v -0.664118 13.333331 -8.333325
v -0.664118 12.222221 -8.333325
v -0.664118 11.111109 -8.333325
v -0.664118 9.999998 -8.333325
v -0.664118 8.888887 -8.333325
v -0.664118 7.777776 -8.333325
v -0.664118 6.666665 -8.333325
v -0.664118 5.555554 -8.333325
v -0.664118 4.444443 -8.333325
v -0.664118 3.333332 -8.333325
v -0.664118 2.222221 -8.333325
v -0.664118 1.111110 -8.333325
v -0.664118 -0.000001 -8.333325
v -0.664118 -1.111112 -8.333325
v -0.664118 -2.222223 -8.333325
v -0.664118 -3.333334 -8.333325
v -0.664118 -4.444446 -8.333325
v -0.664118 -5.555556 -8.333325
v -0.664118 -6.666667 -8.333325
v -0.664118 -7.777779 -8.333325
v -0.664118 -8.888889 -8.333325
v -0.664118 -10.000000 -8.333325
v -0.664118 -11.111112 -8.333325
v -0.664118 -12.222223 -8.333326
v -0.664118 -13.333335 -8.333326
v -0.664118 -14.444446 -8.333326
v -0.664118 -15.555555 -8.333327
v -0.664118 -16.666668 -8.333328
v -0.664118 -17.777779 -8.333328
v -0.664118 18.888889 -6.666662
v -0.664118 17.777777 -6.666662
v -0.664118 16.666664 -6.666662
v -0.664118 15.555553 -6.666662
v -0.664118 14.444442 -6.666662
v -0.664118 13.333331 -6.666662
v -0.664118 12.222221 -6.666662
v -0.664118 11.111109 -6.666662
v -0.664118 9.999998 -6.666662
v -0.664118 8.888887 -6.666662
v -0.664118 7.777776 -6.666662
v -0.664118 6.666665 -6.666662
v -0.664118 5.555554 -6.666662
v -0.664118 4.444443 -6.666662
v -0.664118 3.333332 -6.666662
v -0.664118 2.222221 -6.666662
v -0.664118 1.111110 -6.666662
v -0.664118 -0.000001 -6.666662
v -0.664118 -1.111112 -6.666662
v -0.664118 -2.222223 -6.666662
v -0.664118 -3.333334 -6.666662
v -0.664118 -4.444446 -6.666662
v -0.664118 -5.555556 -6.666663
v -0.664118 -6.666667 -6.666663
v -0.664118 -7.777779 -6.666663
v -0.664118 -8.888889 -6.666663
v -0.664118 -10.000000 -6.666664
v -0.664118 -11.111112 -6.666664
v -0.664118 -12.222223 -6.666664
v -0.664118 -13.333335 -6.666664
v -0.664118 -14.444446 -6.666665
v -0.664118 -15.555555 -6.666665
v -0.664118 -16.666668 -6.666665
v -0.664118 -17.777779 -6.666665
v -0.664118 18.888889 6.666666
v -0.664118 17.777777 6.666666
v -0.664118 16.666664 6.666666
v -0.664118 15.555553 6.666666
v -0.664118 14.444442 6.666666
v -0.664118 13.333331 6.666666
v -0.664118 12.222221 6.666666
v -0.664118 11.111109 6.666666
v -0.664118 9.999998 6.666666
v -0.664118 8.888887 6.666666
v -0.664118 7.777776 6.666666
v -0.664118 6.666665 6.666666
v -0.664118 5.555554 6.666666
v -0.664118 4.444443 6.666666
v -0.664118 3.333332 6.666666
v -0.664118 2.222221 6.666666
v -0.664118 1.111110 6.666666
v -0.664118 -0.000001 6.666666
v -0.664118 -1.111112 6.666666
v -0.664118 -2.222223 6.666666
v -0.664118 -3.333334 6.666666
v -0.664118 -4.444446 6.666665
v -0.664118 -5.555556 6.666665
v -0.664118 -6.666667 6.666665
v -0.664118 -7.777779 6.666665
v -0.664118 -8.888889 6.666664
v -0.664118 -10.000000 6.666664
v -0.664118 -11.111112 6.666664
v -0.664118 -12.222223 6.666664
v -0.664118 -13.333335 6.666663
v -0.664118 -14.444446 6.666663
v -0.664118 -15.555555 6.666663
v -0.664118 -16.666668 6.666663
v -0.664118 -17.777779 6.666662
v -0.664118 18.888889 8.333329
v -0.664118 17.777777 8.333329
v -0.664118 16.666664 8.333329
v -0.664118 15.555553 8.333329
v -0.664118 14.444442 8.333329
v -0.664118 13.333331 8.333329
v -0.664118 12.222221 8.333329
v -0.664118 11.111109 8.333329
v -0.664118 9.999998 8.333329
v -0.664118 8.888887 8.333329
v -0.664118 7.777776 8.333329
v -0.664118 6.666665 8.333329
v -0.664118 5.555554 8.333329
v -0.664118 4.444443 8.333329
v -0.664118 3.333332 8.333329
v -0.664118 2.222221 8.333329
v -0.664118 1.111110 8.333329
v -0.664118 -0.000001 8.333329
v -0.664118 -1.111112 8.333329
v -0.664118 -2.222223 8.333329
v -0.664118 -3.333334 8.333329
v -0.664118 -4.444446 8.333329
v -0.664118 -5.555556 8.333329
v -0.664118 -6.666667 8.333329
v -0.664118 -7.777779 8.333329
v -0.664118 -8.888889 8.333329
v -0.664118 -10.000000 8.333329
v -0.664118 -11.111112 8.333329
v -0.664118 -12.222223 8.333328
v -0.664118 -13.333335 8.333328
v -0.664118 -14.444446 8.333328
v -0.664118 -15.555555 8.333327
v -0.664118 -16.666668 8.333326
v -0.664118 -17.777779 8.333326
v -0.664118 18.888889 9.999996
v -0.664118 17.777777 9.999996
v -0.664118 16.666664 9.999996
v -0.664118 15.555553 9.999996
v -0.664118 14.444442 9.999996
v -0.664118 13.333331 9.999996
v -0.664118 12.222221 9.999996
v -0.664118 11.111109 9.999996
v -0.664118 9.999998 9.999996
v -0.664118 8.888887 9.999996
v -0.664118 7.777776 9.999996
v -0.664118 6.666665 9.999996
v -0.664118 5.555554 9.999996
v -0.664118 4.444443 9.999996
v -0.664118 3.333332 9.999996
v -0.664118 2.222221 9.999996
v -0.664118 1.111110 9.999996
v -0.664118 -0.000001 9.999996
v -0.664118 -1.111112 9.999996
v -0.664118 -2.222223 9.999996
v -0.664118 -3.333334 9.999996
v -0.664118 -4.444446 9.999996
v -0.664118 -5.555556 9.999996
v -0.664118 -6.666667 9.999996
v -0.664118 -7.777779 9.999996
v -0.664118 -8.888889 9.999996
v -0.664118 -10.000000 9.999996
v -0.664118 -11.111112 9.999996
v -0.664118 -12.222223 9.999996
v -0.664118 -13.333335 9.999995
v -0.664118 -14.444446 9.999994
v -0.664118 -15.555555 9.999994
v -0.664118 -16.666668 9.999994
v -0.664118 -17.777779 9.999993
v -2.000000 2.556951 27.078112
v -2.000000 3.333332 27.078112
v -2.000000 2.556951 26.666656
v -2.000000 4.444443 27.078112
v -2.000000 5.555554 27.078112
v -2.000000 6.666665 27.078112
v -2.000000 7.777776 27.078112
v -2.000000 8.888887 27.078112
v -2.000000 9.999998 27.078112
v -2.000000 11.111109 27.078112
v -2.000000 12.222221 27.078112
v -2.000000 13.333331 27.078112
v -2.000000 14.444442 27.078112
v -2.000000 15.555553 27.078112
v -2.000000 15.840106 27.078112
v -2.000000 16.065002 27.063194
v -2.000000 16.666664 26.859524
v -2.000000 16.285322 27.018742
v -2.000000 16.496578 26.945663
v -2.000000 16.874968 26.720121
v -2.000000 16.932615 26.666656
v -2.000000 16.694468 26.845444
v -2.000000 2.556951 24.999990
v -2.000000 17.356373 26.025370
v -2.000000 17.404299 25.821030
v -2.000000 17.420383 25.612442
v -2.000000 17.420383 24.999990
v -2.000000 17.034399 26.572252
v -2.000000 17.277576 26.221304
v -2.000000 17.169521 26.404844
v -2.000000 2.556951 23.333323
v -2.000000 17.420383 23.333323
v -2.000000 2.556951 21.666656
v -2.000000 17.420383 21.666656
v -2.000000 2.556951 19.999992
v -2.000000 17.420383 19.999992
v -2.000000 2.556951 18.333324
v -2.000000 17.420383 18.333324
v -2.000000 2.556951 16.666656
v -2.000000 17.420383 16.666656
v -2.000000 2.556951 14.999994
v -2.000000 17.420383 14.999994
v -2.000000 2.556951 13.333329
v -2.000000 16.496578 13.425084
v -2.000000 16.666664 13.511224
v -2.000000 16.192762 13.333329
v -2.000000 16.285322 13.352003
v -2.000000 17.277576 14.149444
v -2.000000 17.356373 14.345377
v -2.000000 17.034399 13.798494
v -2.000000 17.169521 13.965903
v -2.000000 17.404299 14.549719
v -2.000000 17.420383 14.758305
v -2.000000 16.694468 13.525304
v -2.000000 16.874968 13.650624
v -2.000000 3.333332 13.292634
v -2.000000 2.556951 13.292634
v -2.000000 4.444443 13.292634
v -2.000000 5.555554 13.292634
v -2.000000 6.666665 13.292634
v -2.000000 7.777776 13.292634
v -2.000000 8.888887 13.292634
v -2.000000 9.999998 13.292634
v -2.000000 11.111109 13.292634
v -2.000000 12.222221 13.292634
v -2.000000 13.333331 13.292634
v -2.000000 14.444442 13.292634
v -2.000000 15.555553 13.292634
v -2.000000 15.840106 13.292634
v -2.000000 16.065002 13.307552
v -2.000000 3.333332 4.251947
v -2.000000 2.556951 3.333332
v -2.000000 2.556951 4.251947
v -2.000000 4.444443 4.251947
v -2.000000 5.555554 4.251947
v -2.000000 6.666665 4.251947
v -2.000000 7.777776 4.251947
v -2.000000 8.888887 4.251947
v -2.000000 9.999998 4.251947
v -2.000000 11.111109 4.251947
v -2.000000 12.222221 4.251947
v -2.000000 13.333331 4.251947
v -2.000000 14.444442 4.251947
v -2.000000 15.555553 4.251947
v -2.000000 16.285322 4.213223
v -2.000000 16.496578 4.165557
v -2.000000 16.666664 4.109373
v -2.000000 15.840106 4.251947
v -2.000000 16.065002 4.242216
v -2.000000 17.277576 3.693097
v -2.000000 17.169521 3.812809
v -2.000000 17.415966 3.333333
v -2.000000 17.404299 3.432019
v -2.000000 17.356373 3.565300
v -2.000000 16.694468 4.100189
v -2.000000 17.034399 3.922001
v -2.000000 16.874968 4.018448
v -2.000000 2.556951 1.666666
v -2.000000 17.420383 1.666667
v -2.000000 17.420383 3.295969
v -2.000000 2.556951 0.000000
v -2.000000 17.420383 0.000002
v -2.000000 2.556951 -1.666666
v -2.000000 17.420383 -1.666664
v -2.000000 2.556951 -3.333331
v -2.000000 17.420383 -3.333330
v -2.000000 2.556951 -4.739583
v -2.000000 3.333332 -4.739583
v -2.000000 4.444443 -4.739583
v -2.000000 5.555554 -4.739583
v -2.000000 6.666665 -4.739583
v -2.000000 7.777776 -4.739583
v -2.000000 8.888887 -4.739583
v -2.000000 9.999998 -4.739583
v -2.000000 11.111109 -4.739583
v -2.000000 12.222221 -4.739583
v -2.000000 13.333331 -4.739583
v -2.000000 14.444442 -4.739583
v -2.000000 15.555553 -4.739583
v -2.000000 16.666664 -4.597010
v -2.000000 16.285322 -4.700860
v -2.000000 16.496578 -4.653193
v -2.000000 15.840106 -4.739583
v -2.000000 16.065002 -4.729854
v -2.000000 17.404299 -3.919655
v -2.000000 17.356373 -4.052936
v -2.000000 17.169521 -4.300446
v -2.000000 17.277576 -4.180733
v -2.000000 17.420383 -3.783605
v -2.000000 16.694468 -4.587826
v -2.000000 16.874968 -4.506086
v -2.000000 17.034399 -4.409638
v -2.000000 -18.089027 27.078115
v -2.000000 -17.777779 27.078115
v -2.000000 -18.089027 26.666656
v -2.000000 -16.666668 27.078115
v -2.000000 -15.555555 27.078115
v -2.000000 -14.444446 27.078115
v -2.000000 -13.333335 27.078115
v -2.000000 -12.222223 27.078115
v -2.000000 -11.111112 27.078115
v -2.000000 -10.000000 27.078115
v -2.000000 -8.888889 27.078115
v -2.000000 -7.777779 27.078115
v -2.000000 -6.666667 27.078115
v -2.000000 -5.555556 27.078115
v -2.000000 -4.805872 27.078115
v -2.000000 -4.580976 27.063198
v -2.000000 -4.444446 27.035652
v -2.000000 -4.149401 26.945667
v -2.000000 -3.951510 26.845448
v -2.000000 -3.771011 26.720125
v -2.000000 -3.713360 26.666656
v -2.000000 -4.360657 27.018745
v -2.000000 -18.089027 24.999989
v -2.000000 -3.476458 26.404848
v -2.000000 -3.333334 26.134108
v -2.000000 -3.368402 26.221308
v -2.000000 -3.611579 26.572256
v -2.000000 -3.225595 24.999990
v -2.000000 -3.289607 26.025373
v -2.000000 -3.241680 25.821033
v -2.000000 -3.225595 25.612446
v -2.000000 -18.089027 23.333321
v -2.000000 -3.225595 23.333323
v -2.000000 -18.089027 21.666655
v -2.000000 -3.225595 21.666656
v -2.000000 -18.089027 19.999989
v -2.000000 -3.225595 19.999992
v -2.000000 -18.089027 18.333323
v -2.000000 -3.225595 18.333324
v -2.000000 -18.089027 16.666655
v -2.000000 -3.225595 16.666656
v -2.000000 -18.089027 14.999992
v -2.000000 -3.225595 14.999994
v -2.000000 -18.089027 13.333326
v -2.000000 -4.453226 13.333329
v -2.000000 -4.444446 13.335100
v -2.000000 -3.333334 14.236644
v -2.000000 -3.368402 14.149446
v -2.000000 -3.611579 13.798496
v -2.000000 -3.476458 13.965904
v -2.000000 -3.951510 13.525306
v -2.000000 -4.360657 13.352005
v -2.000000 -4.149401 13.425085
v -2.000000 -3.771011 13.650626
v -2.000000 -3.225595 14.758307
v -2.000000 -3.289607 14.345379
v -2.000000 -3.241680 14.549721
v -2.000000 -17.777779 13.292635
v -2.000000 -18.089027 13.292635
v -2.000000 -16.666668 13.292635
v -2.000000 -15.555555 13.292635
v -2.000000 -14.444446 13.292635
v -2.000000 -13.333335 13.292635
v -2.000000 -12.222223 13.292635
v -2.000000 -11.111112 13.292635
v -2.000000 -10.000000 13.292635
v -2.000000 -8.888889 13.292635
v -2.000000 -7.777779 13.292635
v -2.000000 -6.666667 13.292635
v -2.000000 -5.555556 13.292635
v -2.000000 -4.805872 13.292635
v -2.000000 -4.580976 13.307554
v -2.000000 2.556951 -13.026346
v -2.000000 3.333332 -13.026346
v -2.000000 2.556951 -13.333325
v -2.000000 4.444443 -13.026346
v -2.000000 5.555554 -13.026346
v -2.000000 6.666665 -13.026346
v -2.000000 7.777776 -13.026346
v -2.000000 8.888887 -13.026346
v -2.000000 9.999998 -13.026346
v -2.000000 11.111109 -13.026346
v -2.000000 12.222221 -13.026346
v -2.000000 13.333331 -13.026346
v -2.000000 14.444442 -13.026346
v -2.000000 15.555553 -13.026346
v -2.000000 15.840106 -13.026346
v -2.000000 16.065002 -13.041265
v -2.000000 16.666664 -13.244935
v -2.000000 16.285322 -13.085716
v -2.000000 16.496578 -13.158796
v -2.000000 16.801497 -13.333325
v -2.000000 16.694468 -13.259016
v -2.000000 2.556951 -14.999992
v -2.000000 17.356373 -14.079088
v -2.000000 17.404299 -14.283430
v -2.000000 17.420383 -14.492017
v -2.000000 17.420383 -14.999992
v -2.000000 16.874968 -13.384336
v -2.000000 17.034399 -13.532206
v -2.000000 17.169521 -13.699615
v -2.000000 17.277576 -13.883155
v -2.000000 2.556951 -16.666653
v -2.000000 17.420383 -16.666653
v -2.000000 2.556951 -18.333321
v -2.000000 17.420383 -18.333321
v -2.000000 2.556951 -19.999987
v -2.000000 17.420383 -19.999987
v -2.000000 2.556951 -21.666653
v -2.000000 17.420383 -21.666653
v -2.000000 2.556951 -23.333319
v -2.000000 17.420383 -23.333319
v -2.000000 2.556951 -24.999987
v -2.000000 17.420383 -24.999987
v -2.000000 2.556951 -26.666655
v -2.000000 16.666664 -26.593239
v -2.000000 16.521702 -26.666655
v -2.000000 17.277576 -25.955017
v -2.000000 17.356373 -25.759085
v -2.000000 17.034399 -26.305967
v -2.000000 16.874968 -26.453836
v -2.000000 17.169521 -26.138559
v -2.000000 17.420383 -25.346157
v -2.000000 16.694468 -26.579157
v -2.000000 17.404299 -25.554743
v -2.000000 3.333332 -26.811829
v -2.000000 2.556951 -26.811829
v -2.000000 4.444443 -26.811829
v -2.000000 5.555554 -26.811829
v -2.000000 6.666665 -26.811829
v -2.000000 7.777776 -26.811829
v -2.000000 8.888887 -26.811829
v -2.000000 9.999998 -26.811829
v -2.000000 11.111109 -26.811829
v -2.000000 12.222221 -26.811829
v -2.000000 13.333331 -26.811829
v -2.000000 14.444442 -26.811829
v -2.000000 15.555553 -26.811829
v -2.000000 16.496578 -26.679379
v -2.000000 15.840106 -26.811829
v -2.000000 16.065002 -26.796909
v -2.000000 16.285322 -26.752459
v -2.000000 -18.089027 -12.862952
v -2.000000 -17.777779 -12.862952
v -2.000000 -18.089027 -13.333328
v -2.000000 -16.666668 -12.862952
v -2.000000 -15.555555 -12.862952
v -2.000000 -14.444446 -12.862952
v -2.000000 -13.333335 -12.862952
v -2.000000 -12.222223 -12.862952
v -2.000000 -11.111112 -12.862952
v -2.000000 -10.000000 -12.862952
v -2.000000 -8.888889 -12.862952
v -2.000000 -7.777779 -12.862952
v -2.000000 -6.666667 -12.862952
v -2.000000 -5.555556 -12.862952
v -2.000000 -4.805872 -12.862952
v -2.000000 -4.580976 -12.877871
v -2.000000 -4.444446 -12.905416
v -2.000000 -4.149401 -12.995402
v -2.000000 -3.951510 -13.095622
v -2.000000 -3.771011 -13.220942
v -2.000000 -3.649840 -13.333325
v -2.000000 -4.360657 -12.922322
v -2.000000 -18.089027 -14.999993
v -2.000000 -3.333334 -13.806961
v -2.000000 -3.368402 -13.719761
v -2.000000 -3.611579 -13.368812
v -2.000000 -3.476458 -13.536222
v -2.000000 -3.225595 -14.999992
v -2.000000 -3.289607 -13.915694
v -2.000000 -3.241680 -14.120036
v -2.000000 -3.225595 -14.328623
v -2.000000 -18.089027 -16.666655
v -2.000000 -3.225595 -16.666653
v -2.000000 -18.089027 -18.333323
v -2.000000 -3.225595 -18.333321
v -2.000000 -18.089027 -19.999990
v -2.000000 -3.225595 -19.999987
v -2.000000 -18.089027 -21.666656
v -2.000000 -3.225595 -21.666653
v -2.000000 -18.089027 -23.333321
v -2.000000 -3.225595 -23.333319
v -2.000000 -18.089027 -24.999989
v -2.000000 -3.225595 -24.999987
v -2.000000 -18.089027 -26.648436
v -2.000000 -17.777779 -26.648436
v -2.000000 -16.666668 -26.648436
v -2.000000 -15.555555 -26.648436
v -2.000000 -14.444446 -26.648436
v -2.000000 -13.333335 -26.648436
v -2.000000 -12.222223 -26.648436
v -2.000000 -11.111112 -26.648436
v -2.000000 -10.000000 -26.648436
v -2.000000 -8.888889 -26.648436
v -2.000000 -7.777779 -26.648436
v -2.000000 -6.666667 -26.648436
v -2.000000 -5.555556 -26.648436
v -2.000000 -4.580976 -26.633516
v -2.000000 -4.444446 -26.605970
v -2.000000 -4.805872 -26.648436
v -2.000000 -3.333334 -25.704426
v -2.000000 -3.368402 -25.791624
v -2.000000 -3.611579 -26.142574
v -2.000000 -3.476458 -25.975164
v -2.000000 -3.951510 -26.415766
v -2.000000 -4.360657 -26.589066
v -2.000000 -4.149401 -26.515984
v -2.000000 -3.771011 -26.290443
v -2.000000 -3.225595 -25.182766
v -2.000000 -3.289607 -25.595692
v -2.000000 -3.241680 -25.391350
v -2.000000 -18.241634 4.251948
v -2.000000 -17.777779 4.251948
v -2.000000 -18.241634 3.333330
v -2.000000 -16.666668 4.251948
v -2.000000 -15.555555 4.251948
v -2.000000 -14.444446 4.251948
v -2.000000 -13.333335 4.251948
v -2.000000 -12.222223 4.251948
v -2.000000 -11.111112 4.251948
v -2.000000 -10.000000 4.251948
v -2.000000 -8.888889 4.251948
v -2.000000 -7.777779 4.251948
v -2.000000 -6.666667 4.251948
v -2.000000 -5.555556 4.251948
v -2.000000 -4.733582 4.242218
v -2.000000 -4.513264 4.213224
v -2.000000 -4.444446 4.197697
v -2.000000 -4.958479 4.251948
v -2.000000 -3.923618 4.018450
v -2.000000 -3.629065 3.812811
v -2.000000 -3.764186 3.922003
v -2.000000 -3.442214 3.565300
v -2.000000 -3.382619 3.333332
v -2.000000 -3.394287 3.432020
v -2.000000 -3.521008 3.693098
v -2.000000 -4.302008 4.165559
v -2.000000 -4.104117 4.100191
v -2.000000 -18.241634 1.666664
v -2.000000 -3.378202 1.666665
v -2.000000 -3.378202 3.295970
v -2.000000 -18.241634 -0.000002
v -2.000000 -3.378202 -0.000000
v -2.000000 -18.241634 -1.666668
v -2.000000 -3.378202 -1.666667
v -2.000000 -18.241634 -3.333333
v -2.000000 -3.378202 -3.333332
v -2.000000 -18.241634 -4.739585
v -2.000000 -17.777779 -4.739585
v -2.000000 -16.666668 -4.739585
v -2.000000 -15.555555 -4.739585
v -2.000000 -14.444446 -4.739585
v -2.000000 -13.333335 -4.739585
v -2.000000 -12.222223 -4.739585
v -2.000000 -11.111112 -4.739585
v -2.000000 -10.000000 -4.739585
v -2.000000 -8.888889 -4.739585
v -2.000000 -7.777779 -4.739585
v -2.000000 -6.666667 -4.739585
v -2.000000 -5.555556 -4.739585
v -2.000000 -4.733582 -4.729855
v -2.000000 -4.513264 -4.700861
v -2.000000 -4.444446 -4.685334
v -2.000000 -4.958479 -4.739585
v -2.000000 -3.378202 -3.783607
v -2.000000 -3.521008 -4.180735
v -2.000000 -3.442214 -4.052937
v -2.000000 -3.394287 -3.919657
v -2.000000 -4.104117 -4.587827
v -2.000000 -3.923618 -4.506087
v -2.000000 -3.764186 -4.409640
v -2.000000 -3.629065 -4.300448
v -2.000000 -4.302008 -4.653195
vt 0.625000 0.243056
vt 0.618056 0.250000
vt 0.618056 0.243056
vt 0.625000 0.250000
vt 0.618056 0.500000
vt 0.625000 0.743056
vt 0.618056 0.750000
vt 0.618056 0.743056
vt 0.625000 0.750000
vt 0.618056 1.000000
vt 0.375000 0.743056
vt 0.125000 0.750000
vt 0.125000 0.743056
vt 0.875000 0.743056
vt 0.875000 0.500000
vt 0.625000 0.506944
vt 0.625000 0.500000
vt 0.875000 0.506944
vt 0.625000 0.513889
vt 0.875000 0.513889
vt 0.625000 0.520833
vt 0.875000 0.520833
vt 0.625000 0.527778
vt 0.875000 0.527778
vt 0.625000 0.534722
vt 0.875000 0.534722
vt 0.625000 0.541667
vt 0.875000 0.541667
vt 0.625000 0.548611
vt 0.875000 0.548611
vt 0.625000 0.555555
vt 0.875000 0.555556
vt 0.625000 0.562500
vt 0.875000 0.562500
vt 0.625000 0.569444
vt 0.875000 0.569444
vt 0.625000 0.576389
vt 0.875000 0.576389
vt 0.625000 0.583333
vt 0.875000 0.583333
vt 0.625000 0.590278
vt 0.875000 0.590278
vt 0.625000 0.597222
vt 0.875000 0.597222
vt 0.625000 0.604167
vt 0.875000 0.604167
vt 0.625000 0.611111
vt 0.875000 0.611111
vt 0.625000 0.618055
vt 0.875000 0.618056
vt 0.625000 0.625000
vt 0.875000 0.625000
vt 0.625000 0.631944
vt 0.875000 0.631944
vt 0.625000 0.638889
vt 0.875000 0.638889
vt 0.625000 0.645833
vt 0.875000 0.645833
vt 0.625000 0.652778
vt 0.875000 0.652778
vt 0.625000 0.659722
vt 0.875000 0.659722
vt 0.625000 0.666667
vt 0.875000 0.666667
vt 0.625000 0.673611
vt 0.875000 0.673611
vt 0.625000 0.680556
vt 0.875000 0.680556
vt 0.625000 0.687500
vt 0.875000 0.687500
vt 0.625000 0.694444
vt 0.875000 0.694444
vt 0.625000 0.701389
vt 0.875000 0.701389
vt 0.625000 0.708333
vt 0.875000 0.708333
vt 0.625000 0.715278
vt 0.875000 0.715278
vt 0.625000 0.722222
vt 0.875000 0.722222
vt 0.625000 0.729167
vt 0.875000 0.729167
vt 0.625000 0.736111
vt 0.875000 0.736111
vt 0.375000 0.500000
vt 0.125000 0.506944
vt 0.125000 0.500000
vt 0.375000 0.506944
vt 0.125000 0.513889
vt 0.375000 0.513889
vt 0.125000 0.520833
vt 0.375000 0.520833
vt 0.125000 0.527778
vt 0.375000 0.527778
vt 0.125000 0.534722
vt 0.375000 0.534722
vt 0.125000 0.541667
vt 0.375000 0.541667
vt 0.125000 0.548611
vt 0.375000 0.548611
vt 0.125000 0.555555
vt 0.375000 0.555556
vt 0.125000 0.562500
vt 0.375000 0.562500
vt 0.125000 0.569444
vt 0.375000 0.569444
vt 0.125000 0.576389
vt 0.375000 0.576389
vt 0.125000 0.583333
vt 0.375000 0.583333
vt 0.125000 0.590278
vt 0.375000 0.590278
vt 0.125000 0.597222
vt 0.375000 0.597222
vt 0.125000 0.604167
vt 0.375000 0.604167
vt 0.125000 0.611111
vt 0.375000 0.611111
vt 0.125000 0.618055
vt 0.375000 0.618056
vt 0.125000 0.625000
vt 0.375000 0.625000
vt 0.125000 0.631944
vt 0.375000 0.631944
vt 0.125000 0.638889
vt 0.375000 0.638889
vt 0.125000 0.645833
vt 0.375000 0.645833
vt 0.125000 0.652778
vt 0.375000 0.652778
vt 0.125000 0.659722
vt 0.375000 0.659722
vt 0.125000 0.666667
vt 0.375000 0.666667
vt 0.125000 0.673611
vt 0.375000 0.673611
vt 0.125000 0.680556
vt 0.375000 0.680556
vt 0.125000 0.687500
vt 0.375000 0.687500
vt 0.125000 0.694444
vt 0.375000 0.694444
vt 0.125000 0.701389
vt 0.375000 0.701389
vt 0.125000 0.708333
vt 0.375000 0.708333
vt 0.125000 0.715278
vt 0.375000 0.715278
vt 0.125000 0.722222
vt 0.375000 0.722222
vt 0.125000 0.729167
vt 0.375000 0.729167
vt 0.125000 0.736111
vt 0.375000 0.736111
vt 0.618056 0.506944
vt 0.618056 0.513889
vt 0.618056 0.520833
vt 0.618056 0.527778
vt 0.618056 0.534722
vt 0.618056 0.541667
vt 0.618056 0.548611
vt 0.618056 0.555555
vt 0.618056 0.562500
vt 0.618056 0.569444
vt 0.618056 0.576389
vt 0.618055 0.583333
vt 0.583333 0.652778
vt 0.576389 0.652778
vt 0.576389 0.652778
vt 0.416667 0.597222
vt 0.423611 0.597222
vt 0.423611 0.597222
vt 0.618055 0.604167
vt 0.618056 0.597222
vt 0.618055 0.611111
vt 0.618055 0.618055
vt 0.618055 0.625000
vt 0.618055 0.631944
vt 0.618055 0.638889
vt 0.618055 0.645833
vt 0.618056 0.652778
vt 0.500000 0.590278
vt 0.500000 0.583333
vt 0.500000 0.583333
vt 0.430556 0.597222
vt 0.430556 0.597222
vt 0.618056 0.673611
vt 0.618056 0.666667
vt 0.618056 0.680556
vt 0.618056 0.687500
vt 0.618056 0.694444
vt 0.618056 0.701389
vt 0.618056 0.708333
vt 0.618056 0.715278
vt 0.618056 0.722222
vt 0.618056 0.729167
vt 0.618056 0.736111
vt 0.625000 0.000000
vt 0.618056 0.006944
vt 0.618056 0.000000
vt 0.625000 0.006944
vt 0.618056 0.013889
vt 0.625000 0.013889
vt 0.618056 0.020833
vt 0.625000 0.020833
vt 0.618056 0.027778
vt 0.625000 0.027778
vt 0.618056 0.034722
vt 0.625000 0.034722
vt 0.618056 0.041667
vt 0.625000 0.041667
vt 0.618056 0.048611
vt 0.625000 0.048611
vt 0.618056 0.055556
vt 0.625000 0.055556
vt 0.618056 0.062500
vt 0.625000 0.062500
vt 0.618056 0.069444
vt 0.625000 0.069444
vt 0.618056 0.076389
vt 0.625000 0.076389
vt 0.618055 0.083333
vt 0.625000 0.083333
vt 0.618055 0.090278
vt 0.625000 0.090278
vt 0.618056 0.097222
vt 0.625000 0.097222
vt 0.618055 0.104167
vt 0.625000 0.104167
vt 0.618055 0.111111
vt 0.625000 0.111111
vt 0.618055 0.118056
vt 0.625000 0.118056
vt 0.618055 0.125000
vt 0.625000 0.125000
vt 0.618055 0.131944
vt 0.625000 0.131944
vt 0.618055 0.138889
vt 0.625000 0.138889
vt 0.618055 0.145833
vt 0.625000 0.145833
vt 0.618056 0.152778
vt 0.625000 0.152778
vt 0.618056 0.159722
vt 0.625000 0.159722
vt 0.618056 0.166667
vt 0.625000 0.166667
vt 0.618056 0.173611
vt 0.625000 0.173611
vt 0.618056 0.180556
vt 0.625000 0.180556
vt 0.618056 0.187500
vt 0.625000 0.187500
vt 0.618056 0.194444
vt 0.625000 0.194444
vt 0.618056 0.201389
vt 0.625000 0.201389
vt 0.618056 0.208333
vt 0.625000 0.208333
vt 0.618056 0.215278
vt 0.625000 0.215278
vt 0.618056 0.222222
vt 0.625000 0.222222
vt 0.618056 0.229167
vt 0.625000 0.229167
vt 0.618056 0.236111
vt 0.625000 0.236111
vt 0.381944 0.236111
vt 0.375000 0.243056
vt 0.375000 0.236111
vt 0.388889 0.236111
vt 0.381944 0.243056
vt 0.395833 0.236111
vt 0.388889 0.243056
vt 0.402778 0.236111
vt 0.395833 0.243056
vt 0.409722 0.236111
vt 0.402778 0.243056
vt 0.416667 0.236111
vt 0.409722 0.243056
vt 0.423611 0.236111
vt 0.416667 0.243056
vt 0.430556 0.236111
vt 0.423611 0.243056
vt 0.437500 0.236111
vt 0.430556 0.243056
vt 0.444444 0.236111
vt 0.437500 0.243055
vt 0.451389 0.236111
vt 0.444444 0.243055
vt 0.458333 0.236111
vt 0.451389 0.243055
vt 0.465278 0.236111
vt 0.458333 0.243055
vt 0.472222 0.236111
vt 0.465278 0.243055
vt 0.479167 0.236111
vt 0.472222 0.243056
vt 0.486111 0.236111
vt 0.479167 0.243056
vt 0.493056 0.236111
vt 0.486111 0.243056
vt 0.500000 0.236111
vt 0.493056 0.243056
vt 0.506944 0.236111
vt 0.500000 0.243056
vt 0.513889 0.236111
vt 0.506944 0.243056
vt 0.520833 0.236111
vt 0.513889 0.243056
vt 0.527778 0.236111
vt 0.520833 0.243056
vt 0.534722 0.236111
vt 0.527778 0.243056
vt 0.541667 0.236111
vt 0.534722 0.243056
vt 0.548611 0.236111
vt 0.541667 0.243056
vt 0.555556 0.236111
vt 0.548611 0.243056
vt 0.562500 0.236111
vt 0.555556 0.243056
vt 0.569445 0.236111
vt 0.562500 0.243056
vt 0.576389 0.236111
vt 0.569445 0.243056
vt 0.583333 0.236111
vt 0.576389 0.243056
vt 0.590278 0.236111
vt 0.583333 0.243056
vt 0.597222 0.236111
vt 0.590278 0.243056
vt 0.604167 0.236111
vt 0.597222 0.243056
vt 0.611111 0.236111
vt 0.604167 0.243056
vt 0.611111 0.243056
vt 0.381944 0.229167
vt 0.375000 0.229167
vt 0.388889 0.229167
vt 0.395833 0.229167
vt 0.402778 0.229167
vt 0.409722 0.229167
vt 0.416667 0.229167
vt 0.423611 0.229167
vt 0.430556 0.229167
vt 0.437500 0.229167
vt 0.444444 0.229167
vt 0.451389 0.229167
vt 0.458333 0.229167
vt 0.465278 0.229167
vt 0.472222 0.229167
vt 0.479167 0.229167
vt 0.486111 0.229167
vt 0.493056 0.229167
vt 0.500000 0.229167
vt 0.506944 0.229167
vt 0.513889 0.229167
vt 0.520833 0.229167
vt 0.527778 0.229167
vt 0.534722 0.229167
vt 0.541667 0.229167
vt 0.548611 0.229167
vt 0.555556 0.229167
vt 0.562500 0.229167
vt 0.569445 0.229167
vt 0.576389 0.229167
vt 0.583333 0.229167
vt 0.590278 0.229167
vt 0.597222 0.229167
vt 0.604167 0.229167
vt 0.611111 0.229167
vt 0.381944 0.222222
vt 0.375000 0.222222
vt 0.388889 0.222222
vt 0.395833 0.222222
vt 0.402778 0.222222
vt 0.409722 0.222222
vt 0.416667 0.222222
vt 0.423611 0.222222
vt 0.430556 0.222222
vt 0.437500 0.222222
vt 0.444444 0.222222
vt 0.451389 0.222222
vt 0.458333 0.222222
vt 0.465278 0.222222
vt 0.472222 0.222222
vt 0.479167 0.222222
vt 0.486111 0.222222
vt 0.493056 0.222222
vt 0.500000 0.222222
vt 0.506944 0.222222
vt 0.513889 0.222222
vt 0.520833 0.222222
vt 0.527778 0.222222
vt 0.534722 0.222222
vt 0.541667 0.222222
vt 0.548611 0.222222
vt 0.555556 0.222222
vt 0.562500 0.222222
vt 0.569445 0.222222
vt 0.576389 0.222222
vt 0.583333 0.222222
vt 0.590278 0.222222
vt 0.597222 0.222222
vt 0.604167 0.222222
vt 0.611111 0.222222
vt 0.381944 0.215278
vt 0.375000 0.215278
vt 0.388889 0.215278
vt 0.395833 0.215278
vt 0.402778 0.215278
vt 0.409722 0.215278
vt 0.416667 0.215278
vt 0.423611 0.215278
vt 0.430556 0.215278
vt 0.437500 0.215278
vt 0.444444 0.215278
vt 0.451389 0.215278
vt 0.458333 0.215278
vt 0.465278 0.215278
vt 0.472222 0.215278
vt 0.479167 0.215278
vt 0.486111 0.215278
vt 0.493056 0.215278
vt 0.500000 0.215278
vt 0.506944 0.215278
vt 0.513889 0.215278
vt 0.520833 0.215278
vt 0.527778 0.215278
vt 0.534722 0.215278
vt 0.541667 0.215278
vt 0.548611 0.215278
vt 0.555556 0.215278
vt 0.562500 0.215278
vt 0.569445 0.215278
vt 0.576389 0.215278
vt 0.583333 0.215278
vt 0.590278 0.215278
vt 0.597222 0.215278
vt 0.604167 0.215278
vt 0.611111 0.215278
vt 0.381944 0.208333
vt 0.375000 0.208333
vt 0.388889 0.208333
vt 0.395833 0.208333
vt 0.402778 0.208333
vt 0.409722 0.208333
vt 0.416667 0.208333
vt 0.423611 0.208333
vt 0.430556 0.208333
vt 0.437500 0.208333
vt 0.444444 0.208333
vt 0.451389 0.208333
vt 0.458333 0.208333
vt 0.465278 0.208333
vt 0.472222 0.208333
vt 0.479167 0.208333
vt 0.486111 0.208333
vt 0.493056 0.208333
vt 0.500000 0.208333
vt 0.506944 0.208333
vt 0.513889 0.208333
vt 0.520833 0.208333
vt 0.527778 0.208333
vt 0.534722 0.208333
vt 0.541667 0.208333
vt 0.548611 0.208333
vt 0.555556 0.208333
vt 0.562500 0.208333
vt 0.569445 0.208333
vt 0.576389 0.208333
vt 0.583333 0.208333
vt 0.590278 0.208333
vt 0.597222 0.208333
vt 0.604167 0.208333
vt 0.611111 0.208333
vt 0.381944 0.201389
vt 0.375000 0.201389
vt 0.388889 0.201389
vt 0.395833 0.201389
vt 0.402778 0.201389
vt 0.409722 0.201389
vt 0.416667 0.201389
vt 0.423611 0.201389
vt 0.430556 0.201389
vt 0.437500 0.201389
vt 0.444444 0.201389
vt 0.451389 0.201389
vt 0.458333 0.201389
vt 0.465278 0.201389
vt 0.472222 0.201389
vt 0.479167 0.201389
vt 0.486111 0.201389
vt 0.493056 0.201389
vt 0.500000 0.201389
vt 0.506944 0.201389
vt 0.513889 0.201389
vt 0.520833 0.201389
vt 0.527778 0.201389
vt 0.534722 0.201389
vt 0.541667 0.201389
vt 0.548611 0.201389
vt 0.555556 0.201389
vt 0.562500 0.201389
vt 0.569445 0.201389
vt 0.576389 0.201389
vt 0.583333 0.201389
vt 0.590278 0.201389
vt 0.597222 0.201389
vt 0.604167 0.201389
vt 0.611111 0.201389
vt 0.381944 0.194444
vt 0.375000 0.194444
vt 0.388889 0.194444
vt 0.395833 0.194444
vt 0.402778 0.194444
vt 0.409722 0.194444
vt 0.416667 0.194444
vt 0.423611 0.194444
vt 0.430556 0.194444
vt 0.437500 0.194444
vt 0.444444 0.194444
vt 0.451389 0.194444
vt 0.458333 0.194444
vt 0.465278 0.194444
vt 0.472222 0.194444
vt 0.479167 0.194444
vt 0.486111 0.194444
vt 0.493056 0.194444
vt 0.500000 0.194444
vt 0.506944 0.194444
vt 0.513889 0.194444
vt 0.520833 0.194445
vt 0.527778 0.194445
vt 0.534722 0.194444
vt 0.541667 0.194445
vt 0.548611 0.194445
vt 0.555556 0.194445
vt 0.562500 0.194445
vt 0.569445 0.194445
vt 0.576389 0.194445
vt 0.583333 0.194445
vt 0.590278 0.194444
vt 0.597222 0.194444
vt 0.604167 0.194444
vt 0.611111 0.194444
vt 0.381944 0.187500
vt 0.375000 0.187500
vt 0.388889 0.187500
vt 0.395833 0.187500
vt 0.402778 0.187500
vt 0.409722 0.187500
vt 0.416667 0.187500
vt 0.423611 0.187500
vt 0.430556 0.187500
vt 0.437500 0.187500
vt 0.444444 0.187500
vt 0.451389 0.187500
vt 0.458333 0.187500
vt 0.465278 0.187500
vt 0.472222 0.187500
vt 0.479167 0.187500
vt 0.486111 0.187500
vt 0.493056 0.187500
vt 0.500000 0.187500
vt 0.506944 0.187500
vt 0.513889 0.187500
vt 0.520833 0.187500
vt 0.527778 0.187500
vt 0.534722 0.187500
vt 0.541667 0.187500
vt 0.548611 0.187500
vt 0.555556 0.187500
vt 0.562500 0.187500
vt 0.569444 0.187500
vt 0.576389 0.187500
vt 0.583333 0.187500
vt 0.590278 0.187500
vt 0.597222 0.187500
vt 0.604167 0.187500
vt 0.611111 0.187500
vt 0.381944 0.180556
vt 0.375000 0.180556
vt 0.388889 0.180556
vt 0.395833 0.180556
vt 0.402778 0.180556
vt 0.409722 0.180556
vt 0.416667 0.180556
vt 0.423611 0.180556
vt 0.430556 0.180556
vt 0.437500 0.180556
vt 0.444444 0.180556
vt 0.451389 0.180556
vt 0.458333 0.180556
vt 0.465278 0.180556
vt 0.472222 0.180556
vt 0.479167 0.180556
vt 0.486111 0.180556
vt 0.493056 0.180556
vt 0.500000 0.180556
vt 0.506944 0.180556
vt 0.513889 0.180556
vt 0.520833 0.180556
vt 0.527778 0.180556
vt 0.534722 0.180556
vt 0.541667 0.180556
vt 0.548611 0.180556
vt 0.555556 0.180556
vt 0.562500 0.180556
vt 0.569444 0.180556
vt 0.576389 0.180556
vt 0.583333 0.180556
vt 0.590278 0.180556
vt 0.597222 0.180556
vt 0.604167 0.180556
vt 0.611111 0.180556
vt 0.381944 0.173611
vt 0.375000 0.173611
vt 0.388889 0.173611
vt 0.395833 0.173611
vt 0.402778 0.173611
vt 0.409722 0.173611
vt 0.416667 0.173611
vt 0.423611 0.173611
vt 0.430556 0.173611
vt 0.437500 0.173611
vt 0.444444 0.173611
vt 0.451389 0.173611
vt 0.458333 0.173611
vt 0.465278 0.173611
vt 0.472222 0.173611
vt 0.479167 0.173611
vt 0.486111 0.173611
vt 0.493056 0.173611
vt 0.500000 0.173611
vt 0.506944 0.173611
vt 0.513889 0.173611
vt 0.520833 0.173611
vt 0.527778 0.173611
vt 0.534722 0.173611
vt 0.541667 0.173611
vt 0.548611 0.173611
vt 0.555556 0.173611
vt 0.562500 0.173611
vt 0.569444 0.173611
vt 0.576389 0.173611
vt 0.583333 0.173611
vt 0.590278 0.173611
vt 0.597222 0.173611
vt 0.604167 0.173611
vt 0.611111 0.173611
vt 0.381944 0.166667
vt 0.375000 0.166667
vt 0.388889 0.166667
vt 0.395833 0.166667
vt 0.402778 0.166667
vt 0.409722 0.166667
vt 0.416667 0.166667
vt 0.423611 0.166667
vt 0.430556 0.166667
vt 0.437500 0.166667
vt 0.444444 0.166667
vt 0.451389 0.166667
vt 0.458333 0.166667
vt 0.465278 0.166667
vt 0.472222 0.166667
vt 0.479167 0.166667
vt 0.486111 0.166667
vt 0.493056 0.166667
vt 0.500000 0.166667
vt 0.506944 0.166667
vt 0.513889 0.166667
vt 0.520833 0.166667
vt 0.527778 0.166667
vt 0.534722 0.166667
vt 0.541667 0.166667
vt 0.548611 0.166667
vt 0.555556 0.166667
vt 0.562500 0.166667
vt 0.569444 0.166667
vt 0.576389 0.166667
vt 0.583333 0.166667
vt 0.590278 0.166667
vt 0.597222 0.166667
vt 0.604167 0.166667
vt 0.611111 0.166667
vt 0.381944 0.159722
vt 0.375000 0.159722
vt 0.388889 0.159722
vt 0.395833 0.159722
vt 0.402778 0.159722
vt 0.409722 0.159722
vt 0.416667 0.159722
vt 0.423611 0.159722
vt 0.430556 0.159722
vt 0.437500 0.159722
vt 0.444444 0.159722
vt 0.451389 0.159722
vt 0.458333 0.159722
vt 0.465278 0.159722
vt 0.472222 0.159722
vt 0.479167 0.159722
vt 0.486111 0.159722
vt 0.493056 0.159722
vt 0.500000 0.159722
vt 0.506944 0.159722
vt 0.513889 0.159722
vt 0.520833 0.159722
vt 0.527778 0.159722
vt 0.534722 0.159722
vt 0.541667 0.159722
vt 0.548611 0.159722
vt 0.555556 0.159722
vt 0.562500 0.159722
vt 0.569444 0.159722
vt 0.576389 0.159722
vt 0.583333 0.159722
vt 0.590278 0.159722
vt 0.597222 0.159722
vt 0.604167 0.159722
vt 0.611111 0.159722
vt 0.381944 0.152778
vt 0.375000 0.152778
vt 0.388889 0.152778
vt 0.395833 0.152778
vt 0.402778 0.152778
vt 0.409722 0.152778
vt 0.416667 0.152778
vt 0.423611 0.152778
vt 0.430556 0.152778
vt 0.437500 0.152778
vt 0.444444 0.152778
vt 0.451389 0.152778
vt 0.458333 0.152778
vt 0.465278 0.152778
vt 0.472222 0.152778
vt 0.479167 0.152778
vt 0.486111 0.152778
vt 0.493056 0.152778
vt 0.500000 0.152778
vt 0.506944 0.152778
vt 0.513889 0.152778
vt 0.520833 0.152778
vt 0.527778 0.152778
vt 0.534722 0.152778
vt 0.541667 0.152778
vt 0.548611 0.152778
vt 0.555556 0.152778
vt 0.562500 0.152778
vt 0.569444 0.152778
vt 0.576389 0.152778
vt 0.583333 0.152778
vt 0.590278 0.152778
vt 0.597222 0.152778
vt 0.604167 0.152778
vt 0.611111 0.152778
vt 0.381944 0.145833
vt 0.375000 0.145833
vt 0.388889 0.145833
vt 0.395833 0.145833
vt 0.402778 0.145833
vt 0.409722 0.145833
vt 0.416667 0.145833
vt 0.423611 0.145833
vt 0.430555 0.145833
vt 0.437500 0.145833
vt 0.444444 0.145833
vt 0.451389 0.145833
vt 0.458333 0.145833
vt 0.465278 0.145833
vt 0.472222 0.145833
vt 0.479167 0.145833
vt 0.486111 0.145833
vt 0.493055 0.145833
vt 0.500000 0.145833
vt 0.506944 0.145833
vt 0.513889 0.145833
vt 0.520833 0.145833
vt 0.527778 0.145833
vt 0.534722 0.145833
vt 0.541667 0.145833
vt 0.548611 0.145833
vt 0.555556 0.145833
vt 0.562500 0.145833
vt 0.569444 0.145833
vt 0.576389 0.145833
vt 0.583333 0.145833
vt 0.590278 0.145833
vt 0.597222 0.145833
vt 0.604167 0.145833
vt 0.611111 0.145833
vt 0.381944 0.138889
vt 0.375000 0.138889
vt 0.388889 0.138889
vt 0.395833 0.138889
vt 0.402778 0.138889
vt 0.409722 0.138889
vt 0.416667 0.138889
vt 0.423611 0.138889
vt 0.430555 0.138889
vt 0.437500 0.138889
vt 0.444444 0.138889
vt 0.451389 0.138889
vt 0.458333 0.138889
vt 0.465278 0.138889
vt 0.472222 0.138889
vt 0.479167 0.138889
vt 0.486111 0.138889
vt 0.493056 0.138889
vt 0.500000 0.138889
vt 0.506944 0.138889
vt 0.513889 0.138889
vt 0.520833 0.138889
vt 0.527778 0.138889
vt 0.534722 0.138889
vt 0.541667 0.138889
vt 0.548611 0.138889
vt 0.555556 0.138889
vt 0.562500 0.138889
vt 0.569444 0.138889
vt 0.576389 0.138889
vt 0.583333 0.138889
vt 0.590278 0.138889
vt 0.597222 0.138889
vt 0.604167 0.138889
vt 0.611111 0.138889
vt 0.381944 0.131944
vt 0.375000 0.131944
vt 0.388889 0.131944
vt 0.395833 0.131944
vt 0.402778 0.131944
vt 0.409722 0.131944
vt 0.416667 0.131944
vt 0.423611 0.131944
vt 0.430555 0.131944
vt 0.437500 0.131944
vt 0.444444 0.131944
vt 0.451389 0.131944
vt 0.458333 0.131944
vt 0.465278 0.131944
vt 0.472222 0.131944
vt 0.479167 0.131944
vt 0.486111 0.131944
vt 0.493056 0.131944
vt 0.500000 0.131944
vt 0.506944 0.131944
vt 0.513889 0.131944
vt 0.520833 0.131944
vt 0.527778 0.131944
vt 0.534722 0.131944
vt 0.541667 0.131944
vt 0.548611 0.131944
vt 0.555556 0.131944
vt 0.562500 0.131944
vt 0.569444 0.131944
vt 0.576389 0.131944
vt 0.583333 0.131944
vt 0.590278 0.131944
vt 0.597222 0.131944
vt 0.604167 0.131944
vt 0.611111 0.131944
vt 0.381944 0.125000
vt 0.375000 0.125000
vt 0.388889 0.125000
vt 0.395833 0.125000
vt 0.402778 0.125000
vt 0.409722 0.125000
vt 0.416667 0.125000
vt 0.423611 0.125000
vt 0.430556 0.125000
vt 0.437500 0.125000
vt 0.444444 0.125000
vt 0.451389 0.125000
vt 0.458333 0.125000
vt 0.465278 0.125000
vt 0.472222 0.125000
vt 0.479167 0.125000
vt 0.486111 0.125000
vt 0.493055 0.125000
vt 0.500000 0.125000
vt 0.506944 0.125000
vt 0.513889 0.125000
vt 0.520833 0.125000
vt 0.527778 0.125000
vt 0.534722 0.125000
vt 0.541667 0.125000
vt 0.548611 0.125000
vt 0.555556 0.125000
vt 0.562500 0.125000
vt 0.569444 0.125000
vt 0.576389 0.125000
vt 0.583333 0.125000
vt 0.590278 0.125000
vt 0.597222 0.125000
vt 0.604167 0.125000
vt 0.611111 0.125000
vt 0.381944 0.118056
vt 0.375000 0.118056
vt 0.388889 0.118056
vt 0.395833 0.118056
vt 0.402778 0.118056
vt 0.409722 0.118056
vt 0.416667 0.118056
vt 0.423611 0.118056
vt 0.430556 0.118056
vt 0.437500 0.118056
vt 0.444444 0.118056
vt 0.451389 0.118056
vt 0.458333 0.118056
vt 0.465278 0.118056
vt 0.472222 0.118056
vt 0.479167 0.118056
vt 0.486111 0.118056
vt 0.493055 0.118056
vt 0.500000 0.118056
vt 0.506944 0.118056
vt 0.513889 0.118056
vt 0.520833 0.118056
vt 0.527778 0.118056
vt 0.534722 0.118056
vt 0.541667 0.118056
vt 0.548611 0.118056
vt 0.555556 0.118056
vt 0.562500 0.118056
vt 0.569444 0.118056
vt 0.576389 0.118056
vt 0.583333 0.118056
vt 0.590278 0.118056
vt 0.597222 0.118056
vt 0.604167 0.118056
vt 0.611111 0.118056
vt 0.381944 0.111111
vt 0.375000 0.111111
vt 0.388889 0.111111
vt 0.395833 0.111111
vt 0.402778 0.111111
vt 0.409722 0.111111
vt 0.416667 0.111111
vt 0.423611 0.111111
vt 0.430556 0.111111
vt 0.437500 0.111111
vt 0.444444 0.111111
vt 0.451389 0.111111
vt 0.458333 0.111111
vt 0.465278 0.111111
vt 0.472222 0.111111
vt 0.479167 0.111111
vt 0.486111 0.111111
vt 0.493056 0.111111
vt 0.500000 0.111111
vt 0.506944 0.111111
vt 0.513889 0.111111
vt 0.520833 0.111111
vt 0.527778 0.111111
vt 0.534722 0.111111
vt 0.541667 0.111111
vt 0.548611 0.111111
vt 0.555556 0.111111
vt 0.562500 0.111111
vt 0.569444 0.111111
vt 0.576389 0.111111
vt 0.583333 0.111111
vt 0.590278 0.111111
vt 0.597222 0.111111
vt 0.604167 0.111111
vt 0.611111 0.111111
vt 0.381944 0.104167
vt 0.375000 0.104167
vt 0.388889 0.104167
vt 0.395833 0.104167
vt 0.402778 0.104167
vt 0.409722 0.104167
vt 0.416667 0.104167
vt 0.423611 0.104167
vt 0.430556 0.104167
vt 0.437500 0.104167
vt 0.444444 0.104167
vt 0.451389 0.104167
vt 0.458333 0.104167
vt 0.465278 0.104167
vt 0.472222 0.104167
vt 0.479167 0.104167
vt 0.486111 0.104167
vt 0.493055 0.104167
vt 0.500000 0.104167
vt 0.506944 0.104167
vt 0.513889 0.104167
vt 0.520833 0.104167
vt 0.527778 0.104167
vt 0.534722 0.104167
vt 0.541667 0.104167
vt 0.548611 0.104167
vt 0.555556 0.104167
vt 0.562500 0.104167
vt 0.569444 0.104167
vt 0.576389 0.104167
vt 0.583333 0.104167
vt 0.590278 0.104167
vt 0.597222 0.104167
vt 0.604167 0.104167
vt 0.611111 0.104167
vt 0.381944 0.097222
vt 0.375000 0.097222
vt 0.388889 0.097222
vt 0.395833 0.097222
vt 0.402778 0.097222
vt 0.409722 0.097222
vt 0.416667 0.097222
vt 0.423611 0.097222
vt 0.430556 0.097222
vt 0.437500 0.097222
vt 0.444444 0.097222
vt 0.451389 0.097222
vt 0.458333 0.097222
vt 0.465278 0.097222
vt 0.472222 0.097222
vt 0.479167 0.097222
vt 0.486111 0.097222
vt 0.493056 0.097222
vt 0.500000 0.097222
vt 0.506944 0.097222
vt 0.513889 0.097222
vt 0.520833 0.097222
vt 0.527778 0.097222
vt 0.534722 0.097222
vt 0.541667 0.097222
vt 0.548611 0.097222
vt 0.555556 0.097222
vt 0.562500 0.097222
vt 0.569444 0.097222
vt 0.576389 0.097222
vt 0.583333 0.097222
vt 0.590278 0.097222
vt 0.597222 0.097222
vt 0.604167 0.097222
vt 0.611111 0.097222
vt 0.381944 0.090278
vt 0.375000 0.090278
vt 0.388889 0.090278
vt 0.395833 0.090278
vt 0.402778 0.090278
vt 0.409722 0.090278
vt 0.416667 0.090278
vt 0.423611 0.090278
vt 0.430556 0.090278
vt 0.437500 0.090278
vt 0.444444 0.090278
vt 0.451389 0.090278
vt 0.458333 0.090278
vt 0.465278 0.090278
vt 0.472222 0.090278
vt 0.479167 0.090278
vt 0.486111 0.090278
vt 0.493055 0.090278
vt 0.500000 0.090278
vt 0.506944 0.090278
vt 0.513889 0.090278
vt 0.520833 0.090278
vt 0.527778 0.090278
vt 0.534722 0.090278
vt 0.541667 0.090278
vt 0.548611 0.090278
vt 0.555556 0.090278
vt 0.562500 0.090278
vt 0.569444 0.090278
vt 0.576389 0.090278
vt 0.583333 0.090278
vt 0.590278 0.090278
vt 0.597222 0.090278
vt 0.604167 0.090278
vt 0.611111 0.090278
vt 0.381944 0.083333
vt 0.375000 0.083333
vt 0.388889 0.083333
vt 0.395833 0.083333
vt 0.402778 0.083333
vt 0.409722 0.083333
vt 0.416667 0.083333
vt 0.423611 0.083333
vt 0.430556 0.083333
vt 0.437500 0.083333
vt 0.444444 0.083333
vt 0.451389 0.083333
vt 0.458333 0.083333
vt 0.465278 0.083333
vt 0.472222 0.083333
vt 0.479167 0.083333
vt 0.486111 0.083333
vt 0.493055 0.083333
vt 0.500000 0.083333
vt 0.506944 0.083333
vt 0.513889 0.083333
vt 0.520833 0.083333
vt 0.527778 0.083333
vt 0.534722 0.083333
vt 0.541667 0.083333
vt 0.548611 0.083333
vt 0.555556 0.083333
vt 0.562500 0.083333
vt 0.569444 0.083333
vt 0.576389 0.083333
vt 0.583333 0.083333
vt 0.590278 0.083333
vt 0.597222 0.083333
vt 0.604167 0.083333
vt 0.611111 0.083333
vt 0.381944 0.076389
vt 0.375000 0.076389
vt 0.388889 0.076389
vt 0.395833 0.076389
vt 0.402778 0.076389
vt 0.409722 0.076389
vt 0.416667 0.076389
vt 0.423611 0.076389
vt 0.430556 0.076389
vt 0.437500 0.076389
vt 0.444444 0.076389
vt 0.451389 0.076389
vt 0.458333 0.076389
vt 0.465278 0.076389
vt 0.472222 0.076389
vt 0.479167 0.076389
vt 0.486111 0.076389
vt 0.493056 0.076389
vt 0.500000 0.076389
vt 0.506944 0.076389
vt 0.513889 0.076389
vt 0.520833 0.076389
vt 0.527778 0.076389
vt 0.534722 0.076389
vt 0.541667 0.076389
vt 0.548611 0.076389
vt 0.555556 0.076389
vt 0.562500 0.076389
vt 0.569444 0.076389
vt 0.576389 0.076389
vt 0.583333 0.076389
vt 0.590278 0.076389
vt 0.597222 0.076389
vt 0.604167 0.076389
vt 0.611111 0.076389
vt 0.381944 0.069444
vt 0.375000 0.069444
vt 0.388889 0.069444
vt 0.395833 0.069444
vt 0.402778 0.069444
vt 0.409722 0.069444
vt 0.416667 0.069444
vt 0.423611 0.069444
vt 0.430556 0.069444
vt 0.437500 0.069444
vt 0.444444 0.069444
vt 0.451389 0.069444
vt 0.458333 0.069444
vt 0.465278 0.069444
vt 0.472222 0.069444
vt 0.479167 0.069444
vt 0.486111 0.069444
vt 0.493056 0.069444
vt 0.500000 0.069444
vt 0.506944 0.069444
vt 0.513889 0.069444
vt 0.520833 0.069444
vt 0.527778 0.069444
vt 0.534722 0.069444
vt 0.541667 0.069444
vt 0.548611 0.069444
vt 0.555556 0.069444
vt 0.562500 0.069444
vt 0.569445 0.069444
vt 0.576389 0.069444
vt 0.583333 0.069444
vt 0.590278 0.069444
vt 0.597222 0.069444
vt 0.604167 0.069444
vt 0.611111 0.069444
vt 0.381944 0.062500
vt 0.375000 0.062500
vt 0.388889 0.062500
vt 0.395833 0.062500
vt 0.402778 0.062500
vt 0.409722 0.062500
vt 0.416667 0.062500
vt 0.423611 0.062500
vt 0.430556 0.062500
vt 0.437500 0.062500
vt 0.444444 0.062500
vt 0.451389 0.062500
vt 0.458333 0.062500
vt 0.465278 0.062500
vt 0.472222 0.062500
vt 0.479167 0.062500
vt 0.486111 0.062500
vt 0.493056 0.062500
vt 0.500000 0.062500
vt 0.506944 0.062500
vt 0.513889 0.062500
vt 0.520833 0.062500
vt 0.527778 0.062500
vt 0.534722 0.062500
vt 0.541667 0.062500
vt 0.548611 0.062500
vt 0.555556 0.062500
vt 0.562500 0.062500
vt 0.569444 0.062500
vt 0.576389 0.062500
vt 0.583333 0.062500
vt 0.590278 0.062500
vt 0.597222 0.062500
vt 0.604167 0.062500
vt 0.611111 0.062500
vt 0.381944 0.055556
vt 0.375000 0.055556
vt 0.388889 0.055556
vt 0.395833 0.055556
vt 0.402778 0.055556
vt 0.409722 0.055556
vt 0.416667 0.055556
vt 0.423611 0.055556
vt 0.430556 0.055556
vt 0.437500 0.055556
vt 0.444444 0.055556
vt 0.451389 0.055556
vt 0.458333 0.055556
vt 0.465278 0.055556
vt 0.472222 0.055556
vt 0.479167 0.055556
vt 0.486111 0.055556
vt 0.493056 0.055556
vt 0.500000 0.055556
vt 0.506944 0.055556
vt 0.513889 0.055556
vt 0.520833 0.055556
vt 0.527778 0.055556
vt 0.534722 0.055556
vt 0.541667 0.055556
vt 0.548611 0.055556
vt 0.555556 0.055556
vt 0.562500 0.055556
vt 0.569444 0.055556
vt 0.576389 0.055556
vt 0.583333 0.055556
vt 0.590278 0.055556
vt 0.597222 0.055556
vt 0.604167 0.055556
vt 0.611111 0.055556
vt 0.381944 0.048611
vt 0.375000 0.048611
vt 0.388889 0.048611
vt 0.395833 0.048611
vt 0.402778 0.048611
vt 0.409722 0.048611
vt 0.416667 0.048611
vt 0.423611 0.048611
vt 0.430556 0.048611
vt 0.437500 0.048611
vt 0.444444 0.048611
vt 0.451389 0.048611
vt 0.458333 0.048611
vt 0.465278 0.048611
vt 0.472222 0.048611
vt 0.479167 0.048611
vt 0.486111 0.048611
vt 0.493056 0.048611
vt 0.500000 0.048611
vt 0.506944 0.048611
vt 0.513889 0.048611
vt 0.520833 0.048611
vt 0.527778 0.048611
vt 0.534722 0.048611
vt 0.541667 0.048611
vt 0.548611 0.048611
vt 0.555556 0.048611
vt 0.562500 0.048611
vt 0.569444 0.048611
vt 0.576389 0.048611
vt 0.583333 0.048611
vt 0.590278 0.048611
vt 0.597222 0.048611
vt 0.604167 0.048611
vt 0.611111 0.048611
vt 0.381944 0.041667
vt 0.375000 0.041667
vt 0.388889 0.041667
vt 0.395833 0.041667
vt 0.402778 0.041667
vt 0.409722 0.041667
vt 0.416667 0.041667
vt 0.423611 0.041667
vt 0.430556 0.041667
vt 0.437500 0.041667
vt 0.444444 0.041667
vt 0.451389 0.041667
vt 0.458333 0.041667
vt 0.465278 0.041667
vt 0.472222 0.041667
vt 0.479167 0.041667
vt 0.486111 0.041667
vt 0.493056 0.041667
vt 0.500000 0.041667
vt 0.506944 0.041667
vt 0.513889 0.041667
vt 0.520833 0.041667
vt 0.527778 0.041667
vt 0.534722 0.041667
vt 0.541667 0.041667
vt 0.548611 0.041667
vt 0.555556 0.041667
vt 0.562500 0.041667
vt 0.569445 0.041667
vt 0.576389 0.041667
vt 0.583333 0.041667
vt 0.590278 0.041667
vt 0.597222 0.041667
vt 0.604167 0.041667
vt 0.611111 0.041667
vt 0.381944 0.034722
vt 0.375000 0.034722
vt 0.388889 0.034722
vt 0.395833 0.034722
vt 0.402778 0.034722
vt 0.409722 0.034722
vt 0.416667 0.034722
vt 0.423611 0.034722
vt 0.430556 0.034722
vt 0.437500 0.034722
vt 0.444444 0.034722
vt 0.451389 0.034722
vt 0.458333 0.034722
vt 0.465278 0.034722
vt 0.472222 0.034722
vt 0.479167 0.034722
vt 0.486111 0.034722
vt 0.493056 0.034722
vt 0.500000 0.034722
vt 0.506944 0.034722
vt 0.513889 0.034722
vt 0.520833 0.034722
vt 0.527778 0.034722
vt 0.534722 0.034722
vt 0.541667 0.034722
vt 0.548611 0.034722
vt 0.555556 0.034722
vt 0.562500 0.034722
vt 0.569445 0.034722
vt 0.576389 0.034722
vt 0.583333 0.034722
vt 0.590278 0.034722
vt 0.597222 0.034722
vt 0.604167 0.034722
vt 0.611111 0.034722
vt 0.381944 0.027778
vt 0.375000 0.027778
vt 0.388889 0.027778
vt 0.395833 0.027778
vt 0.402778 0.027778
vt 0.409722 0.027778
vt 0.416667 0.027778
vt 0.423611 0.027778
vt 0.430556 0.027778
vt 0.437500 0.027778
vt 0.444444 0.027778
vt 0.451389 0.027778
vt 0.458333 0.027778
vt 0.465278 0.027778
vt 0.472222 0.027778
vt 0.479167 0.027778
vt 0.486111 0.027778
vt 0.493056 0.027778
vt 0.500000 0.027778
vt 0.506944 0.027778
vt 0.513889 0.027778
vt 0.520833 0.027778
vt 0.527778 0.027778
vt 0.534722 0.027778
vt 0.541667 0.027778
vt 0.548611 0.027778
vt 0.555556 0.027778
vt 0.562500 0.027778
vt 0.569445 0.027778
vt 0.576389 0.027778
vt 0.583333 0.027778
vt 0.590278 0.027778
vt 0.597222 0.027778
vt 0.604167 0.027778
vt 0.611111 0.027778
vt 0.381944 0.020833
vt 0.375000 0.020833
vt 0.388889 0.020833
vt 0.395833 0.020833
vt 0.402778 0.020833
vt 0.409722 0.020833
vt 0.416667 0.020833
vt 0.423611 0.020833
vt 0.430556 0.020833
vt 0.437500 0.020833
vt 0.444444 0.020833
vt 0.451389 0.020833
vt 0.458333 0.020833
vt 0.465278 0.020833
vt 0.472222 0.020833
vt 0.479167 0.020833
vt 0.486111 0.020833
vt 0.493056 0.020833
vt 0.500000 0.020833
vt 0.506944 0.020833
vt 0.513889 0.020833
vt 0.520833 0.020833
vt 0.527778 0.020833
vt 0.534722 0.020833
vt 0.541667 0.020833
vt 0.548611 0.020833
vt 0.555556 0.020833
vt 0.562500 0.020833
vt 0.569445 0.020833
vt 0.576389 0.020833
vt 0.583333 0.020833
vt 0.590278 0.020833
vt 0.597222 0.020833
vt 0.604167 0.020833
vt 0.611111 0.020833
vt 0.381944 0.013889
vt 0.375000 0.013889
vt 0.388889 0.013889
vt 0.395833 0.013889
vt 0.402778 0.013889
vt 0.409722 0.013889
vt 0.416667 0.013889
vt 0.423611 0.013889
vt 0.430556 0.013889
vt 0.437500 0.013889
vt 0.444444 0.013889
vt 0.451389 0.013889
vt 0.458333 0.013889
vt 0.465278 0.013889
vt 0.472222 0.013889
vt 0.479167 0.013889
vt 0.486111 0.013889
vt 0.493056 0.013889
vt 0.500000 0.013889
vt 0.506944 0.013889
vt 0.513889 0.013889
vt 0.520833 0.013889
vt 0.527778 0.013889
vt 0.534722 0.013889
vt 0.541667 0.013889
vt 0.548611 0.013889
vt 0.555556 0.013889
vt 0.562500 0.013889
vt 0.569445 0.013889
vt 0.576389 0.013889
vt 0.583333 0.013889
vt 0.590278 0.013889
vt 0.597222 0.013889
vt 0.604167 0.013889
vt 0.611111 0.013889
vt 0.381944 0.006944
vt 0.375000 0.006944
vt 0.388889 0.006944
vt 0.395833 0.006944
vt 0.402778 0.006944
vt 0.409722 0.006944
vt 0.416667 0.006944
vt 0.423611 0.006944
vt 0.430556 0.006944
vt 0.437500 0.006944
vt 0.444444 0.006944
vt 0.451389 0.006944
vt 0.458333 0.006944
vt 0.465278 0.006944
vt 0.472222 0.006944
vt 0.479167 0.006944
vt 0.486111 0.006944
vt 0.493056 0.006944
vt 0.500000 0.006944
vt 0.506944 0.006944
vt 0.513889 0.006944
vt 0.520833 0.006944
vt 0.527778 0.006944
vt 0.534722 0.006944
vt 0.541667 0.006944
vt 0.548611 0.006944
vt 0.555556 0.006944
vt 0.562500 0.006944
vt 0.569445 0.006944
vt 0.576389 0.006944
vt 0.583333 0.006944
vt 0.590278 0.006944
vt 0.597222 0.006944
vt 0.604167 0.006944
vt 0.611111 0.006944
vt 0.381944 0.000000
vt 0.375000 0.000000
vt 0.388889 0.000000
vt 0.395833 0.000000
vt 0.402778 0.000000
vt 0.409722 0.000000
vt 0.416667 0.000000
vt 0.423611 0.000000
vt 0.430556 0.000000
vt 0.437500 0.000000
vt 0.444444 0.000000
vt 0.451389 0.000000
vt 0.458333 0.000000
vt 0.465278 0.000000
vt 0.472222 0.000000
vt 0.479167 0.000000
vt 0.486111 0.000000
vt 0.493056 0.000000
vt 0.500000 0.000000
vt 0.506944 0.000000
vt 0.513889 0.000000
vt 0.520833 0.000000
vt 0.527778 0.000000
vt 0.534722 0.000000
vt 0.541667 0.000000
vt 0.548611 0.000000
vt 0.555556 0.000000
vt 0.562500 0.000000
vt 0.569444 0.000000
vt 0.576389 0.000000
vt 0.583333 0.000000
vt 0.590278 0.000000
vt 0.597222 0.000000
vt 0.604167 0.000000
vt 0.611111 0.000000
vt 0.381944 0.736111
vt 0.386944 0.736111
vt 0.386944 0.737826
vt 0.388889 0.743056
vt 0.395833 0.737826
vt 0.395833 0.743056
vt 0.402778 0.737826
vt 0.402778 0.743056
vt 0.409722 0.737826
vt 0.409722 0.743056
vt 0.416667 0.737826
vt 0.416667 0.743056
vt 0.423611 0.737826
vt 0.423611 0.743056
vt 0.430556 0.737826
vt 0.430556 0.743056
vt 0.437500 0.737826
vt 0.437500 0.743056
vt 0.444444 0.737826
vt 0.444444 0.743056
vt 0.451389 0.737826
vt 0.451389 0.743056
vt 0.458333 0.737826
vt 0.458333 0.743056
vt 0.465278 0.737826
vt 0.465278 0.743056
vt 0.469963 0.737826
vt 0.471369 0.737763
vt 0.472222 0.743056
vt 0.475303 0.736856
vt 0.479167 0.743056
vt 0.474066 0.737274
vt 0.486111 0.736111
vt 0.479167 0.736111
vt 0.493056 0.736111
vt 0.486111 0.743056
vt 0.500000 0.736111
vt 0.493056 0.743056
vt 0.506944 0.715278
vt 0.506944 0.708333
vt 0.506944 0.708333
vt 0.513889 0.736111
vt 0.506944 0.743056
vt 0.506944 0.736111
vt 0.515981 0.736111
vt 0.515981 0.737826
vt 0.520833 0.743056
vt 0.527778 0.737826
vt 0.527778 0.743056
vt 0.534722 0.737826
vt 0.534722 0.743056
vt 0.541667 0.737826
vt 0.541667 0.743056
vt 0.548611 0.737826
vt 0.548611 0.743056
vt 0.555556 0.737826
vt 0.555556 0.743056
vt 0.562500 0.737826
vt 0.562500 0.743056
vt 0.569445 0.737825
vt 0.569445 0.743056
vt 0.576389 0.737826
vt 0.576389 0.743056
vt 0.583333 0.737826
vt 0.583333 0.743056
vt 0.590278 0.737825
vt 0.590278 0.743056
vt 0.597222 0.737825
vt 0.597222 0.743056
vt 0.604167 0.743056
vt 0.600406 0.737763
vt 0.601783 0.737578
vt 0.604340 0.736856
vt 0.605469 0.736334
vt 0.611111 0.743056
vt 0.611111 0.736111
vt 0.381944 0.729167
vt 0.386944 0.729167
vt 0.477428 0.735718
vt 0.478272 0.735020
vt 0.479740 0.732588
vt 0.479840 0.731719
vt 0.486111 0.729167
vt 0.493056 0.729167
vt 0.500000 0.729167
vt 0.500000 0.604167
vt 0.500000 0.611111
vt 0.500000 0.611111
vt 0.513889 0.729167
vt 0.506944 0.729167
vt 0.515981 0.729167
vt 0.607985 0.734255
vt 0.608477 0.733439
vt 0.611111 0.729167
vt 0.381944 0.722222
vt 0.386944 0.722222
vt 0.486111 0.722222
vt 0.479840 0.729167
vt 0.479840 0.722222
vt 0.493056 0.722222
vt 0.500000 0.722222
vt 0.506944 0.729167
vt 0.513889 0.722222
vt 0.506944 0.722222
vt 0.515981 0.722222
vt 0.611111 0.722222
vt 0.608877 0.729167
vt 0.608877 0.722222
vt 0.381944 0.715278
vt 0.386944 0.715278
vt 0.486111 0.715278
vt 0.479840 0.715278
vt 0.493056 0.715278
vt 0.500000 0.715278
vt 0.500000 0.625000
vt 0.500000 0.631944
vt 0.500000 0.631944
vt 0.513889 0.715278
vt 0.515981 0.715278
vt 0.611111 0.715278
vt 0.608877 0.715278
vt 0.381944 0.708333
vt 0.386944 0.708333
vt 0.486111 0.708333
vt 0.479840 0.708333
vt 0.493056 0.708333
vt 0.500000 0.708333
vt 0.500000 0.645833
vt 0.500000 0.652778
vt 0.500000 0.652778
vt 0.513889 0.708333
vt 0.515981 0.708333
vt 0.611111 0.708333
vt 0.608877 0.708333
vt 0.381944 0.701389
vt 0.386944 0.701389
vt 0.486111 0.701389
vt 0.479840 0.701389
vt 0.493056 0.701389
vt 0.500000 0.701389
vt 0.500000 0.666667
vt 0.500000 0.673611
vt 0.500000 0.673611
vt 0.513889 0.701389
vt 0.506944 0.701389
vt 0.515981 0.701389
vt 0.611111 0.701389
vt 0.608877 0.701389
vt 0.381944 0.694444
vt 0.386944 0.694444
vt 0.486111 0.694444
vt 0.479840 0.694444
vt 0.493056 0.694444
vt 0.500000 0.694445
vt 0.500000 0.687500
vt 0.500000 0.694445
vt 0.513889 0.694445
vt 0.506944 0.694445
vt 0.515981 0.694445
vt 0.611111 0.694444
vt 0.608877 0.694444
vt 0.381944 0.687500
vt 0.386944 0.687500
vt 0.486111 0.687500
vt 0.479840 0.687500
vt 0.493056 0.687500
vt 0.500000 0.715278
vt 0.513889 0.687500
vt 0.506944 0.687500
vt 0.515981 0.687500
vt 0.611111 0.687500
vt 0.608877 0.687500
vt 0.381944 0.680556
vt 0.386944 0.680556
vt 0.472167 0.680556
vt 0.472222 0.680556
vt 0.472222 0.680563
vt 0.479167 0.680556
vt 0.476431 0.681878
vt 0.475303 0.681355
vt 0.479840 0.686493
vt 0.479740 0.685624
vt 0.493056 0.680556
vt 0.486111 0.680556
vt 0.500000 0.680556
vt 0.500000 0.736111
vt 0.513889 0.680556
vt 0.506944 0.680556
vt 0.515981 0.680556
vt 0.601783 0.680633
vt 0.604167 0.680556
vt 0.603104 0.680938
vt 0.611111 0.680556
vt 0.607985 0.683956
vt 0.607310 0.683191
vt 0.381944 0.673611
vt 0.388889 0.673611
vt 0.388889 0.680386
vt 0.386944 0.680386
vt 0.395833 0.680386
vt 0.402778 0.673611
vt 0.402778 0.680386
vt 0.409722 0.680386
vt 0.409722 0.673611
vt 0.416667 0.680386
vt 0.423611 0.673611
vt 0.416667 0.673611
vt 0.430556 0.680386
vt 0.423611 0.680386
vt 0.430556 0.673611
vt 0.437500 0.680386
vt 0.437500 0.673611
vt 0.444444 0.680386
vt 0.444444 0.673611
vt 0.451389 0.680386
vt 0.451389 0.673611
vt 0.458333 0.680386
vt 0.458333 0.673611
vt 0.465278 0.680386
vt 0.471369 0.680448
vt 0.469963 0.680386
vt 0.472222 0.673611
vt 0.479167 0.673611
vt 0.486111 0.673611
vt 0.493056 0.673611
vt 0.506944 0.520833
vt 0.506944 0.513889
vt 0.506944 0.513889
vt 0.513889 0.673611
vt 0.506944 0.673611
vt 0.520833 0.673611
vt 0.520833 0.680386
vt 0.515981 0.680386
vt 0.527778 0.680386
vt 0.527778 0.673611
vt 0.534722 0.680386
vt 0.534722 0.673611
vt 0.541667 0.680386
vt 0.541667 0.673611
vt 0.548611 0.680386
vt 0.555556 0.673611
vt 0.548611 0.673611
vt 0.562500 0.680386
vt 0.555556 0.680386
vt 0.562500 0.673611
vt 0.569445 0.680386
vt 0.569445 0.673611
vt 0.576389 0.680386
vt 0.576389 0.673611
vt 0.583333 0.680386
vt 0.583333 0.673611
vt 0.590278 0.680386
vt 0.590278 0.673611
vt 0.597222 0.680386
vt 0.600406 0.680448
vt 0.599001 0.680386
vt 0.597222 0.673611
vt 0.611111 0.673611
vt 0.604167 0.673611
vt 0.381944 0.666667
vt 0.388889 0.666667
vt 0.395833 0.666667
vt 0.402778 0.666667
vt 0.395833 0.673611
vt 0.409722 0.666667
vt 0.416667 0.666667
vt 0.423611 0.666667
vt 0.430556 0.666667
vt 0.437500 0.666667
vt 0.444444 0.666667
vt 0.451389 0.666667
vt 0.458333 0.666667
vt 0.465278 0.666667
vt 0.472222 0.666667
vt 0.465278 0.673611
vt 0.479167 0.666667
vt 0.486111 0.666667
vt 0.493056 0.666667
vt 0.506944 0.541667
vt 0.506944 0.534722
vt 0.506944 0.534722
vt 0.513889 0.666667
vt 0.506944 0.666667
vt 0.520833 0.666667
vt 0.527778 0.666667
vt 0.534722 0.666667
vt 0.541667 0.666667
vt 0.548611 0.666667
vt 0.555556 0.666667
vt 0.562500 0.666667
vt 0.569445 0.666667
vt 0.576389 0.666667
vt 0.583333 0.666667
vt 0.590278 0.666667
vt 0.597222 0.666667
vt 0.604167 0.666667
vt 0.611111 0.666667
vt 0.590278 0.652778
vt 0.583333 0.652778
vt 0.437500 0.597222
vt 0.437500 0.597222
vt 0.597222 0.652778
vt 0.590278 0.652778
vt 0.381944 0.666667
vt 0.444444 0.597222
vt 0.444444 0.597222
vt 0.604167 0.652778
vt 0.597222 0.652778
vt 0.451389 0.597222
vt 0.451389 0.597222
vt 0.611111 0.652778
vt 0.604167 0.652778
vt 0.381944 0.652778
vt 0.375000 0.652778
vt 0.388889 0.666667
vt 0.458333 0.597222
vt 0.458333 0.597222
vt 0.625000 0.659722
vt 0.611111 0.652778
vt 0.395833 0.666667
vt 0.625000 0.652778
vt 0.618056 0.652778
vt 0.465278 0.597222
vt 0.465278 0.597222
vt 0.402778 0.666667
vt 0.506944 0.562500
vt 0.506944 0.555555
vt 0.506944 0.555555
vt 0.472222 0.597222
vt 0.472222 0.597222
vt 0.409722 0.666667
vt 0.479167 0.597222
vt 0.479167 0.597222
vt 0.416667 0.666667
vt 0.486111 0.597222
vt 0.486111 0.597222
vt 0.423611 0.666667
vt 0.493056 0.597222
vt 0.493056 0.597222
vt 0.430556 0.666667
vt 0.500000 0.597222
vt 0.500000 0.597222
vt 0.437500 0.666667
vt 0.381945 0.597222
vt 0.381945 0.597222
vt 0.444444 0.666667
vt 0.506944 0.597222
vt 0.513889 0.597222
vt 0.513889 0.597222
vt 0.388889 0.583333
vt 0.381944 0.583333
vt 0.381944 0.583333
vt 0.451389 0.666667
vt 0.520833 0.597222
vt 0.520833 0.597222
vt 0.395833 0.583333
vt 0.388889 0.583333
vt 0.375000 0.583333
vt 0.458333 0.666667
vt 0.625000 0.590278
vt 0.527778 0.597222
vt 0.527778 0.597222
vt 0.402778 0.583333
vt 0.395833 0.583333
vt 0.465278 0.666667
vt 0.625000 0.583333
vt 0.534722 0.597222
vt 0.534722 0.597222
vt 0.409722 0.583333
vt 0.402778 0.583333
vt 0.472222 0.666667
vt 0.541667 0.597222
vt 0.541667 0.597222
vt 0.416667 0.583333
vt 0.409722 0.583333
vt 0.479167 0.666667
vt 0.548611 0.597222
vt 0.548611 0.597222
vt 0.423611 0.583333
vt 0.416667 0.583333
vt 0.486111 0.666667
vt 0.555556 0.597222
vt 0.555556 0.597222
vt 0.506944 0.583333
vt 0.506944 0.576389
vt 0.506944 0.576389
vt 0.430556 0.583333
vt 0.423611 0.583333
vt 0.493056 0.666667
vt 0.562500 0.597222
vt 0.562500 0.597222
vt 0.437500 0.583333
vt 0.430556 0.583333
vt 0.500000 0.666667
vt 0.569445 0.597222
vt 0.569445 0.597222
vt 0.444444 0.583333
vt 0.437500 0.583333
vt 0.576389 0.597222
vt 0.576389 0.597222
vt 0.451389 0.583333
vt 0.444444 0.583333
vt 0.513889 0.666667
vt 0.583333 0.597222
vt 0.583333 0.597222
vt 0.388889 0.652778
vt 0.381944 0.652778
vt 0.458333 0.583333
vt 0.451389 0.583333
vt 0.520833 0.666667
vt 0.590278 0.597222
vt 0.590278 0.597222
vt 0.395833 0.652778
vt 0.388889 0.652778
vt 0.381944 0.645833
vt 0.388889 0.645833
vt 0.395833 0.645833
vt 0.402778 0.645833
vt 0.409722 0.645833
vt 0.402778 0.652778
vt 0.416667 0.645833
vt 0.409722 0.652778
vt 0.423611 0.645833
vt 0.416667 0.652778
vt 0.430556 0.645833
vt 0.423611 0.652778
vt 0.437500 0.645833
vt 0.430556 0.652778
vt 0.444444 0.645833
vt 0.437500 0.652778
vt 0.451389 0.645833
vt 0.444444 0.652778
vt 0.458333 0.645833
vt 0.451389 0.652778
vt 0.465278 0.645833
vt 0.458333 0.652778
vt 0.472222 0.645833
vt 0.465278 0.652778
vt 0.479167 0.645833
vt 0.472222 0.652778
vt 0.486111 0.645833
vt 0.479167 0.652778
vt 0.493055 0.645833
vt 0.486111 0.652778
vt 0.493056 0.652778
vt 0.500000 0.513889
vt 0.500000 0.520833
vt 0.500000 0.520833
vt 0.513889 0.645833
vt 0.506944 0.652778
vt 0.506944 0.645833
vt 0.520833 0.645833
vt 0.513889 0.652778
vt 0.527778 0.645833
vt 0.520833 0.652778
vt 0.534722 0.645833
vt 0.527778 0.652778
vt 0.541667 0.645833
vt 0.534722 0.652778
vt 0.548611 0.645833
vt 0.541667 0.652778
vt 0.555556 0.645833
vt 0.548611 0.652778
vt 0.562500 0.645833
vt 0.555556 0.652778
vt 0.569444 0.645833
vt 0.562500 0.652778
vt 0.576389 0.645833
vt 0.569445 0.652778
vt 0.583333 0.645833
vt 0.590278 0.645833
vt 0.597222 0.645833
vt 0.604167 0.645833
vt 0.611111 0.645833
vt 0.381944 0.638889
vt 0.385990 0.638889
vt 0.385990 0.642716
vt 0.395833 0.642716
vt 0.402778 0.642716
vt 0.409722 0.642716
vt 0.416667 0.642716
vt 0.423611 0.642716
vt 0.430556 0.642716
vt 0.437500 0.642716
vt 0.444444 0.642716
vt 0.451389 0.642716
vt 0.458333 0.642716
vt 0.465278 0.642716
vt 0.469009 0.642716
vt 0.470415 0.642676
vt 0.476474 0.641342
vt 0.477318 0.640887
vt 0.486111 0.638889
vt 0.479167 0.638889
vt 0.493056 0.638889
vt 0.500000 0.638889
vt 0.500000 0.534722
vt 0.500000 0.541667
vt 0.500000 0.541667
vt 0.513889 0.638889
vt 0.506944 0.638889
vt 0.515981 0.642716
vt 0.527778 0.642716
vt 0.534722 0.642716
vt 0.541667 0.642716
vt 0.548611 0.642716
vt 0.555556 0.642716
vt 0.562500 0.642716
vt 0.569444 0.642716
vt 0.576389 0.642716
vt 0.583333 0.642716
vt 0.590278 0.642716
vt 0.597222 0.642716
vt 0.600406 0.642676
vt 0.601783 0.642555
vt 0.607309 0.640887
vt 0.607985 0.640388
vt 0.611111 0.638889
vt 0.381944 0.631944
vt 0.385990 0.631944
vt 0.479167 0.631944
vt 0.478886 0.638733
vt 0.486111 0.631944
vt 0.493056 0.631944
vt 0.500000 0.555555
vt 0.500000 0.562500
vt 0.500000 0.562500
vt 0.513889 0.631944
vt 0.506944 0.631944
vt 0.515981 0.631944
vt 0.515981 0.638889
vt 0.608850 0.638889
vt 0.608877 0.638733
vt 0.611111 0.631944
vt 0.381944 0.625000
vt 0.385990 0.625000
vt 0.479167 0.625000
vt 0.478886 0.631944
vt 0.478886 0.625000
vt 0.486111 0.625000
vt 0.493055 0.625000
vt 0.500000 0.576389
vt 0.500000 0.583333
vt 0.513889 0.625000
vt 0.506944 0.625000
vt 0.515981 0.625000
vt 0.611111 0.625000
vt 0.608877 0.631944
vt 0.608877 0.625000
vt 0.381944 0.618056
vt 0.385990 0.618056
vt 0.479167 0.618055
vt 0.478886 0.618055
vt 0.486111 0.618055
vt 0.493055 0.618055
vt 0.500000 0.618055
vt 0.506944 0.590278
vt 0.506944 0.590278
vt 0.513889 0.618055
vt 0.506944 0.618055
vt 0.611111 0.618055
vt 0.608877 0.618055
vt 0.381944 0.611111
vt 0.385990 0.611111
vt 0.479167 0.611111
vt 0.478886 0.611111
vt 0.486111 0.611111
vt 0.493056 0.611111
vt 0.506944 0.611111
vt 0.506944 0.611111
vt 0.513889 0.611111
vt 0.515981 0.618055
vt 0.611111 0.611111
vt 0.608877 0.611111
vt 0.381945 0.604167
vt 0.388889 0.604167
vt 0.388889 0.605252
vt 0.385990 0.605252
vt 0.395833 0.605252
vt 0.395833 0.604167
vt 0.402778 0.605252
vt 0.402778 0.604167
vt 0.409722 0.605252
vt 0.409722 0.604167
vt 0.416667 0.605252
vt 0.416667 0.604167
vt 0.423611 0.605252
vt 0.423611 0.604167
vt 0.430556 0.605252
vt 0.430556 0.604167
vt 0.437500 0.605252
vt 0.437500 0.604167
vt 0.444444 0.605252
vt 0.451389 0.604167
vt 0.451389 0.605252
vt 0.458333 0.605252
vt 0.458333 0.604167
vt 0.465278 0.605252
vt 0.470415 0.605292
vt 0.469009 0.605252
vt 0.472222 0.604167
vt 0.479167 0.604167
vt 0.477994 0.607580
vt 0.477318 0.607081
vt 0.486111 0.604167
vt 0.493055 0.604167
vt 0.506944 0.631944
vt 0.513889 0.604167
vt 0.506944 0.604167
vt 0.515981 0.605252
vt 0.520833 0.604167
vt 0.527778 0.605252
vt 0.520833 0.605252
vt 0.527778 0.604167
vt 0.534722 0.605252
vt 0.534722 0.604167
vt 0.541667 0.605252
vt 0.541667 0.604167
vt 0.548611 0.605252
vt 0.548611 0.604167
vt 0.555556 0.605252
vt 0.555556 0.604167
vt 0.562500 0.605252
vt 0.562500 0.604167
vt 0.569444 0.605252
vt 0.569444 0.604167
vt 0.576389 0.605252
vt 0.576389 0.604167
vt 0.583333 0.605252
vt 0.583333 0.604167
vt 0.590278 0.605252
vt 0.590278 0.604167
vt 0.597222 0.605252
vt 0.604167 0.604167
vt 0.601783 0.605413
vt 0.600406 0.605292
vt 0.611111 0.604167
vt 0.607985 0.607580
vt 0.607309 0.607081
vt 0.388889 0.597222
vt 0.395833 0.597222
vt 0.402778 0.597222
vt 0.409722 0.597222
vt 0.444444 0.604167
vt 0.465278 0.604167
vt 0.506944 0.659722
vt 0.506944 0.652778
vt 0.597222 0.597222
vt 0.604167 0.597222
vt 0.597222 0.604167
vt 0.611111 0.597222
vt 0.465278 0.583333
vt 0.458333 0.583333
vt 0.527778 0.666667
vt 0.506944 0.666667
vt 0.597222 0.597222
vt 0.395833 0.652778
vt 0.472222 0.583333
vt 0.465278 0.583333
vt 0.534722 0.666667
vt 0.500000 0.659722
vt 0.500000 0.659722
vt 0.604167 0.597222
vt 0.402778 0.652778
vt 0.479167 0.583333
vt 0.472222 0.583333
vt 0.541667 0.666667
vt 0.611111 0.597222
vt 0.409722 0.652778
vt 0.486111 0.583333
vt 0.479167 0.583333
vt 0.548611 0.666667
vt 0.618056 0.597222
vt 0.416667 0.652778
vt 0.506944 0.500000
vt 0.500000 0.500000
vt 0.500000 0.500000
vt 0.493055 0.583333
vt 0.486111 0.583333
vt 0.555556 0.666667
vt 0.625000 0.597222
vt 0.423611 0.652778
vt 0.493055 0.583333
vt 0.562500 0.666667
vt 0.430556 0.652778
vt 0.569445 0.666667
vt 0.437500 0.652778
vt 0.513889 0.583333
vt 0.506944 0.583333
vt 0.576389 0.666667
vt 0.444444 0.652778
vt 0.520833 0.583333
vt 0.513889 0.583333
vt 0.583333 0.666667
vt 0.451389 0.652778
vt 0.527778 0.583333
vt 0.520833 0.583333
vt 0.590278 0.666667
vt 0.458333 0.652778
vt 0.534722 0.583333
vt 0.527778 0.583333
vt 0.506944 0.597222
vt 0.597222 0.666667
vt 0.465278 0.652778
vt 0.541667 0.583333
vt 0.534722 0.583333
vt 0.500000 0.590278
vt 0.604167 0.666667
vt 0.472222 0.652778
vt 0.548611 0.583333
vt 0.541667 0.583333
vt 0.611111 0.666667
vt 0.479167 0.652778
vt 0.555556 0.583333
vt 0.548611 0.583333
vt 0.618056 0.666667
vt 0.486111 0.652778
vt 0.562500 0.583333
vt 0.555556 0.583333
vt 0.625000 0.666667
vt 0.506944 0.673611
vt 0.493056 0.652778
vt 0.569444 0.583333
vt 0.562500 0.583333
vt 0.375000 0.590278
vt 0.576389 0.583333
vt 0.569444 0.583333
vt 0.375000 0.597222
vt 0.506944 0.659722
vt 0.506944 0.652778
vt 0.583333 0.583333
vt 0.576389 0.583333
vt 0.500000 0.652778
vt 0.513889 0.652778
vt 0.590278 0.583333
vt 0.583333 0.583333
vt 0.520833 0.652778
vt 0.597222 0.583333
vt 0.590278 0.583333
vt 0.527778 0.652778
vt 0.604167 0.583333
vt 0.597222 0.583333
vt 0.534722 0.652778
vt 0.381944 0.576389
vt 0.388889 0.576389
vt 0.395833 0.576389
vt 0.402778 0.576389
vt 0.409722 0.576389
vt 0.416667 0.576389
vt 0.423611 0.576389
vt 0.430556 0.576389
vt 0.437500 0.576389
vt 0.444444 0.576389
vt 0.451389 0.576389
vt 0.458333 0.576389
vt 0.465278 0.576389
vt 0.472222 0.576389
vt 0.479167 0.576389
vt 0.486111 0.576389
vt 0.493056 0.576389
vt 0.506944 0.694445
vt 0.513889 0.576389
vt 0.520833 0.576389
vt 0.527778 0.576389
vt 0.534722 0.576389
vt 0.541667 0.576389
vt 0.548611 0.576389
vt 0.555556 0.576389
vt 0.562500 0.576389
vt 0.569445 0.576389
vt 0.576389 0.576389
vt 0.583333 0.576389
vt 0.590278 0.576389
vt 0.597222 0.576389
vt 0.604167 0.576389
vt 0.611111 0.576389
vt 0.611111 0.583333
vt 0.381944 0.569444
vt 0.386944 0.569444
vt 0.386944 0.571404
vt 0.395833 0.571404
vt 0.402778 0.571404
vt 0.409722 0.571404
vt 0.416667 0.571404
vt 0.423611 0.571404
vt 0.430556 0.571404
vt 0.437500 0.571404
vt 0.444444 0.571404
vt 0.451389 0.571404
vt 0.458333 0.571404
vt 0.465278 0.571404
vt 0.469963 0.571404
vt 0.471369 0.571342
vt 0.475303 0.570435
vt 0.474066 0.570852
vt 0.486111 0.569444
vt 0.479167 0.569444
vt 0.493056 0.569444
vt 0.500000 0.569444
vt 0.500000 0.597222
vt 0.513889 0.569444
vt 0.506944 0.569444
vt 0.515981 0.569444
vt 0.515981 0.570723
vt 0.527778 0.570723
vt 0.534722 0.570723
vt 0.541667 0.570723
vt 0.548611 0.570723
vt 0.555556 0.570723
vt 0.562500 0.570723
vt 0.569445 0.570723
vt 0.576389 0.570723
vt 0.583333 0.570723
vt 0.590278 0.570723
vt 0.597222 0.570723
vt 0.600406 0.570661
vt 0.601783 0.570476
vt 0.604167 0.569813
vt 0.604340 0.569754
vt 0.611111 0.569444
vt 0.381944 0.562500
vt 0.386944 0.562500
vt 0.477428 0.569296
vt 0.478272 0.568599
vt 0.479740 0.566166
vt 0.479840 0.565297
vt 0.493056 0.562500
vt 0.486111 0.562500
vt 0.506944 0.715278
vt 0.513889 0.562500
vt 0.515981 0.562500
vt 0.607985 0.567153
vt 0.608477 0.566337
vt 0.611111 0.562500
vt 0.381944 0.555556
vt 0.386944 0.555556
vt 0.486111 0.555555
vt 0.479840 0.562500
vt 0.479840 0.555555
vt 0.493056 0.555555
vt 0.500000 0.618055
vt 0.513889 0.555555
vt 0.515981 0.555555
vt 0.611111 0.555555
vt 0.608877 0.562500
vt 0.608877 0.555555
vt 0.381944 0.548611
vt 0.386944 0.548611
vt 0.486111 0.548611
vt 0.479840 0.548611
vt 0.493056 0.548611
vt 0.500000 0.548611
vt 0.506944 0.736111
vt 0.513889 0.548611
vt 0.506944 0.548611
vt 0.515981 0.548611
vt 0.611111 0.548611
vt 0.608877 0.548611
vt 0.381944 0.541667
vt 0.386944 0.541667
vt 0.486111 0.541667
vt 0.479840 0.541667
vt 0.493056 0.541667
vt 0.500000 0.638889
vt 0.513889 0.541667
vt 0.515981 0.541667
vt 0.611111 0.541667
vt 0.608877 0.541667
vt 0.381944 0.534722
vt 0.386944 0.534722
vt 0.486111 0.534722
vt 0.479840 0.534722
vt 0.493056 0.534722
vt 0.500000 0.659722
vt 0.513889 0.534722
vt 0.515981 0.534722
vt 0.611111 0.534722
vt 0.608877 0.534722
vt 0.381944 0.527778
vt 0.386944 0.527778
vt 0.486111 0.527778
vt 0.479840 0.527778
vt 0.493056 0.527778
vt 0.500000 0.527778
vt 0.500000 0.680556
vt 0.513889 0.527778
vt 0.506944 0.527778
vt 0.515981 0.527778
vt 0.611111 0.527778
vt 0.608877 0.527778
vt 0.381944 0.520833
vt 0.386944 0.520833
vt 0.486111 0.520833
vt 0.479840 0.520833
vt 0.493056 0.520833
vt 0.500000 0.701389
vt 0.513889 0.520833
vt 0.515981 0.520833
vt 0.611111 0.520833
vt 0.608877 0.520833
vt 0.381944 0.513889
vt 0.386944 0.513965
vt 0.388889 0.513889
vt 0.395833 0.513965
vt 0.388889 0.513965
vt 0.395833 0.513889
vt 0.402778 0.513965
vt 0.402778 0.513889
vt 0.409722 0.513965
vt 0.409722 0.513889
vt 0.416667 0.513965
vt 0.416667 0.513889
vt 0.423611 0.513965
vt 0.423611 0.513889
vt 0.430556 0.513965
vt 0.430556 0.513889
vt 0.437500 0.513965
vt 0.437500 0.513889
vt 0.444444 0.513965
vt 0.444444 0.513889
vt 0.451389 0.513965
vt 0.451389 0.513889
vt 0.458333 0.513965
vt 0.458333 0.513889
vt 0.465278 0.513965
vt 0.469963 0.513965
vt 0.472222 0.513889
vt 0.471369 0.514027
vt 0.479167 0.513889
vt 0.476431 0.515456
vt 0.475303 0.514934
vt 0.479840 0.520072
vt 0.479740 0.519203
vt 0.493056 0.513889
vt 0.486111 0.513889
vt 0.500000 0.722222
vt 0.513889 0.513889
vt 0.515981 0.513889
vt 0.603261 0.513889
vt 0.604167 0.513889
vt 0.604167 0.514195
vt 0.611111 0.513889
vt 0.607985 0.516854
vt 0.607310 0.516089
vt 0.381944 0.506944
vt 0.388889 0.506944
vt 0.395833 0.506944
vt 0.402778 0.506944
vt 0.409722 0.506944
vt 0.416667 0.506944
vt 0.423611 0.506944
vt 0.430556 0.506944
vt 0.437500 0.506944
vt 0.444444 0.506944
vt 0.451389 0.506944
vt 0.458333 0.506944
vt 0.465278 0.506944
vt 0.472222 0.506944
vt 0.465278 0.513889
vt 0.479167 0.506944
vt 0.486111 0.506944
vt 0.493056 0.506944
vt 0.500000 0.506944
vt 0.500000 0.743056
vt 0.500000 0.743056
vt 0.513889 0.506944
vt 0.506944 0.506944
vt 0.520833 0.506944
vt 0.520833 0.513284
vt 0.515981 0.513284
vt 0.527778 0.513284
vt 0.527778 0.506944
vt 0.534722 0.513284
vt 0.534722 0.506944
vt 0.541667 0.513284
vt 0.541667 0.506944
vt 0.548611 0.513284
vt 0.555556 0.506944
vt 0.548611 0.506944
vt 0.562500 0.513284
vt 0.555556 0.513284
vt 0.562500 0.506944
vt 0.569445 0.513284
vt 0.569445 0.506944
vt 0.576389 0.513284
vt 0.576389 0.506944
vt 0.583333 0.513284
vt 0.583333 0.506944
vt 0.590278 0.513284
vt 0.590278 0.506944
vt 0.597222 0.513284
vt 0.604167 0.506944
vt 0.601783 0.513531
vt 0.600406 0.513346
vt 0.611111 0.506944
vt 0.381944 0.500000
vt 0.388889 0.500000
vt 0.395833 0.500000
vt 0.402778 0.500000
vt 0.409722 0.500000
vt 0.416667 0.500000
vt 0.423611 0.500000
vt 0.430556 0.500000
vt 0.437500 0.500000
vt 0.444444 0.500000
vt 0.451389 0.500000
vt 0.458333 0.500000
vt 0.465278 0.500000
vt 0.472222 0.500000
vt 0.479167 0.500000
vt 0.486111 0.500000
vt 0.493056 0.500000
vt 0.506944 0.500000
vt 0.513889 0.500000
vt 0.520833 0.500000
vt 0.527778 0.500000
vt 0.534722 0.500000
vt 0.541667 0.500000
vt 0.548611 0.500000
vt 0.555556 0.500000
vt 0.562500 0.500000
vt 0.569445 0.500000
vt 0.576389 0.500000
vt 0.583333 0.500000
vt 0.590278 0.500000
vt 0.597222 0.500000
vt 0.604167 0.500000
vt 0.597222 0.506944
vt 0.611111 0.500000
vt 0.381944 0.750000
vt 0.375000 1.000000
vt 0.375000 0.750000
vt 0.388889 0.750000
vt 0.381944 1.000000
vt 0.395833 0.750000
vt 0.388889 1.000000
vt 0.402778 0.750000
vt 0.395833 1.000000
vt 0.409722 0.750000
vt 0.402778 1.000000
vt 0.416667 0.750000
vt 0.409722 1.000000
vt 0.423611 0.750000
vt 0.416667 1.000000
vt 0.430556 0.750000
vt 0.423611 1.000000
vt 0.437500 0.750000
vt 0.430556 1.000000
vt 0.444444 0.750000
vt 0.437500 1.000000
vt 0.451389 0.750000
vt 0.444444 1.000000
vt 0.458333 0.750000
vt 0.451389 1.000000
vt 0.465278 0.750000
vt 0.458333 1.000000
vt 0.472222 0.750000
vt 0.465278 1.000000
vt 0.479167 0.750000
vt 0.472222 1.000000
vt 0.486111 0.750000
vt 0.479167 1.000000
vt 0.493056 0.750000
vt 0.486111 1.000000
vt 0.500000 0.750000
vt 0.493056 1.000000
vt 0.506944 0.750000
vt 0.500000 1.000000
vt 0.513889 0.750000
vt 0.506944 1.000000
vt 0.520833 0.750000
vt 0.513889 1.000000
vt 0.527778 0.750000
vt 0.520833 1.000000
vt 0.534722 0.750000
vt 0.527778 1.000000
vt 0.541667 0.750000
vt 0.534722 1.000000
vt 0.548611 0.750000
vt 0.541667 1.000000
vt 0.555556 0.750000
vt 0.548611 1.000000
vt 0.562500 0.750000
vt 0.555556 1.000000
vt 0.569445 0.750000
vt 0.562500 1.000000
vt 0.576389 0.750000
vt 0.569444 1.000000
vt 0.583333 0.750000
vt 0.576389 1.000000
vt 0.590278 0.750000
vt 0.583333 1.000000
vt 0.597222 0.750000
vt 0.590278 1.000000
vt 0.604167 0.750000
vt 0.597222 1.000000
vt 0.611111 0.750000
vt 0.604167 1.000000
vt 0.611111 1.000000
vt 0.381944 0.743056
vt 0.506944 0.520833
vt 0.513889 0.743056
vt 0.381944 0.250000
vt 0.375000 0.250000
vt 0.388889 0.250000
vt 0.395833 0.250000
vt 0.402778 0.250000
vt 0.409722 0.250000
vt 0.416667 0.250000
vt 0.423611 0.250000
vt 0.430556 0.250000
vt 0.437500 0.250000
vt 0.444444 0.250000
vt 0.451389 0.250000
vt 0.458333 0.250000
vt 0.465278 0.250000
vt 0.472222 0.250000
vt 0.479167 0.250000
vt 0.486111 0.250000
vt 0.493056 0.250000
vt 0.500000 0.250000
vt 0.506944 0.250000
vt 0.513889 0.250000
vt 0.520833 0.250000
vt 0.527778 0.250000
vt 0.534722 0.250000
vt 0.541667 0.250000
vt 0.548611 0.250000
vt 0.555556 0.250000
vt 0.562500 0.250000
vt 0.569445 0.250000
vt 0.576389 0.250000
vt 0.583333 0.250000
vt 0.590278 0.250000
vt 0.597222 0.250000
vt 0.604167 0.250000
vt 0.611111 0.250000
vt 0.500000 0.729167
vt 0.506944 0.722222
vt 0.500000 0.708333
vt 0.506944 0.701389
vt 0.506944 0.687500
vt 0.500000 0.687500
vt 0.506944 0.680556
vt 0.506944 0.666667
vt 0.500000 0.666667
vt 0.506944 0.659722
vt 0.506944 0.645833
vt 0.500000 0.645833
vt 0.506944 0.638889
vt 0.506944 0.625000
vt 0.500000 0.625000
vt 0.506944 0.618055
vt 0.506944 0.604167
vt 0.500000 0.604167
vt 0.506944 0.597222
vt 0.500000 0.590278
vt 0.506944 0.583333
vt 0.500000 0.576389
vt 0.506944 0.569444
vt 0.500000 0.569444
vt 0.506944 0.562500
vt 0.500000 0.555555
vt 0.506944 0.548611
vt 0.500000 0.548611
vt 0.506944 0.541667
vt 0.500000 0.534722
vt 0.506944 0.527778
vt 0.500000 0.527778
vt 0.500000 0.513889
vt 0.506944 0.506944
vt 0.500000 0.506944
vt 0.506944 0.743056
vt 0.500000 0.750000
vt 0.506944 0.750000
vt 0.618055 0.590278
vt 0.618055 0.583333
vt 0.618056 0.659722
vt 0.381944 0.659722
vt 0.375000 0.666667
vt 0.375000 0.659722
vt 0.388889 0.659722
vt 0.395833 0.659722
vt 0.402778 0.659722
vt 0.409722 0.659722
vt 0.416667 0.659722
vt 0.423611 0.659722
vt 0.430556 0.659722
vt 0.437500 0.659722
vt 0.444444 0.659722
vt 0.451389 0.659722
vt 0.458333 0.659722
vt 0.465278 0.659722
vt 0.472222 0.659722
vt 0.479167 0.659722
vt 0.486111 0.659722
vt 0.493056 0.659722
vt 0.513889 0.659722
vt 0.520833 0.659722
vt 0.527778 0.659722
vt 0.534722 0.659722
vt 0.541667 0.659722
vt 0.548611 0.659722
vt 0.555556 0.659722
vt 0.562500 0.659722
vt 0.569445 0.659722
vt 0.576389 0.659722
vt 0.583333 0.659722
vt 0.590278 0.659722
vt 0.597222 0.659722
vt 0.604167 0.659722
vt 0.611111 0.659722
vt 0.541667 0.652778
vt 0.548611 0.652778
vt 0.555556 0.652778
vt 0.562500 0.652778
vt 0.569445 0.652778
vt 0.381944 0.590278
vt 0.388889 0.590278
vt 0.395833 0.590278
vt 0.388889 0.597222
vt 0.402778 0.590278
vt 0.395833 0.597222
vt 0.409722 0.590278
vt 0.402778 0.597222
vt 0.416667 0.590278
vt 0.409722 0.597222
vt 0.423611 0.590278
vt 0.416667 0.597222
vt 0.430556 0.590278
vt 0.437500 0.590278
vt 0.444444 0.590278
vt 0.451389 0.590278
vt 0.458333 0.590278
vt 0.465278 0.590278
vt 0.472222 0.590278
vt 0.479167 0.590278
vt 0.486111 0.590278
vt 0.493055 0.590278
vt 0.513889 0.590278
vt 0.506944 0.590278
vt 0.520833 0.590278
vt 0.527778 0.590278
vt 0.534722 0.590278
vt 0.541667 0.590278
vt 0.548611 0.590278
vt 0.555556 0.590278
vt 0.562500 0.590278
vt 0.569444 0.590278
vt 0.576389 0.590278
vt 0.583333 0.590278
vt 0.590278 0.590278
vt 0.597222 0.590278
vt 0.604167 0.590278
vt 0.611111 0.590278
vt 0.604167 0.583333
vt 0.611111 0.583333
vt 0.598420 0.000000
vt 0.375000 0.250000
vt 0.375000 0.000000
vt 0.848420 0.526580
vt 0.852203 0.727203
vt 0.848420 0.723420
vt 0.852203 0.522797
vt 0.855909 0.730908
vt 0.859462 0.515538
vt 0.859462 0.734462
vt 0.862790 0.737790
vt 0.862790 0.512210
vt 0.865826 0.740826
vt 0.865826 0.509174
vt 0.875000 0.743508
vt 0.615826 0.243508
vt 0.612790 0.004219
vt 0.615826 0.006492
vt 0.612790 0.245781
vt 0.609462 0.002402
vt 0.609462 0.247598
vt 0.605908 0.001077
vt 0.605908 0.248923
vt 0.602203 0.000271
vt 0.602203 0.249729
vt 0.848420 0.723420
vt 0.855909 0.519092
vt 0.852203 0.522797
vt 0.855909 0.519092
vt 0.859462 0.515538
vt 0.862790 0.512210
vt 0.865826 0.509174
vt 0.865826 0.740826
vt 0.848420 0.598137
vt 0.848420 0.567912
vt 0.859462 0.734462
vt 0.598420 0.250000
vt 0.602203 0.249729
vt 0.598420 0.250000
vt 0.612790 0.245781
vt 0.612790 0.004219
vt 0.615826 0.243508
vt 0.862790 0.737790
vt 0.875000 0.506492
vt 0.871683 0.507462
vt 0.848420 0.526580
vt 0.375000 0.151863
vt 0.375000 0.121638
vt 0.609462 0.002402
vt 0.605908 0.248923
vt 0.444125 0.000000
vt 0.462813 0.000000
vt 0.615826 0.006492
vt 0.602203 0.000271
vt 0.598420 0.000000
vt 0.852203 0.727203
vt 0.609462 0.247598
vt 0.855909 0.730908
vt 0.481502 0.250000
vt 0.462813 0.250000
vt 0.605909 0.001077
vt 0.598420 0.000000
vt 0.375000 0.250000
vt 0.375000 0.000000
vt 0.848420 0.526580
vt 0.852203 0.727203
vt 0.848420 0.723420
vt 0.852203 0.522797
vt 0.855909 0.730908
vt 0.855909 0.519092
vt 0.859462 0.734462
vt 0.862790 0.512210
vt 0.862790 0.737790
vt 0.865826 0.509174
vt 0.865826 0.740826
vt 0.875000 0.743508
vt 0.615826 0.243508
vt 0.612790 0.004219
vt 0.615826 0.006492
vt 0.612790 0.245781
vt 0.609462 0.002402
vt 0.609462 0.247598
vt 0.605908 0.001077
vt 0.605908 0.248923
vt 0.602203 0.000271
vt 0.602203 0.249729
vt 0.848420 0.723420
vt 0.852203 0.522797
vt 0.855909 0.519092
vt 0.859462 0.515538
vt 0.859462 0.515538
vt 0.862790 0.512210
vt 0.865826 0.509174
vt 0.865826 0.740826
vt 0.848420 0.618221
vt 0.848420 0.571881
vt 0.859462 0.734462
vt 0.598420 0.250000
vt 0.602203 0.249729
vt 0.598420 0.250000
vt 0.612790 0.245781
vt 0.612323 0.246036
vt 0.609462 0.002402
vt 0.612323 0.003964
vt 0.615826 0.243508
vt 0.862790 0.737790
vt 0.875000 0.506492
vt 0.875000 0.506492
vt 0.848420 0.526580
vt 0.849459 0.525541
vt 0.375000 0.224459
vt 0.375000 0.178119
vt 0.605908 0.248923
vt 0.444125 0.000000
vt 0.462813 0.000000
vt 0.615826 0.006492
vt 0.602203 0.000271
vt 0.598420 0.000000
vt 0.852203 0.727203
vt 0.609462 0.247598
vt 0.855909 0.730908
vt 0.481502 0.250000
vt 0.462813 0.250000
vt 0.605908 0.001077
vt 0.598420 0.000000
vt 0.375000 0.250000
vt 0.375000 0.000000
vt 0.848420 0.526580
vt 0.852203 0.727203
vt 0.848420 0.723420
vt 0.852203 0.522797
vt 0.855909 0.730908
vt 0.859462 0.515538
vt 0.859462 0.734462
vt 0.862790 0.737790
vt 0.862790 0.512210
vt 0.865826 0.740826
vt 0.865826 0.509174
vt 0.875000 0.743508
vt 0.615826 0.243508
vt 0.612790 0.004219
vt 0.615826 0.006492
vt 0.612790 0.245781
vt 0.609462 0.002402
vt 0.609462 0.247598
vt 0.605908 0.001077
vt 0.605908 0.248923
vt 0.602203 0.000271
vt 0.602203 0.249729
vt 0.848420 0.723420
vt 0.855909 0.519092
vt 0.852203 0.522797
vt 0.855909 0.519092
vt 0.857880 0.517120
vt 0.862790 0.512210
vt 0.865826 0.509174
vt 0.865826 0.740826
vt 0.848420 0.598137
vt 0.848420 0.567912
vt 0.859462 0.734462
vt 0.598420 0.250000
vt 0.602203 0.249729
vt 0.598420 0.250000
vt 0.612790 0.245781
vt 0.609462 0.247598
vt 0.612790 0.004219
vt 0.615826 0.243508
vt 0.862790 0.737790
vt 0.875000 0.506492
vt 0.871683 0.507462
vt 0.848420 0.526580
vt 0.375000 0.151863
vt 0.375000 0.121638
vt 0.609462 0.002402
vt 0.605908 0.248923
vt 0.436301 0.000000
vt 0.454990 0.000000
vt 0.615826 0.006492
vt 0.602203 0.000271
vt 0.598420 0.000000
vt 0.852203 0.727203
vt 0.855909 0.730908
vt 0.473678 0.250000
vt 0.454990 0.250000
vt 0.859462 0.515538
vt 0.604352 0.000738
vt 0.604499 0.000770
vt 0.598420 0.000000
vt 0.375000 0.250000
vt 0.375000 0.000000
vt 0.848420 0.526580
vt 0.852203 0.727203
vt 0.848420 0.723420
vt 0.855909 0.519092
vt 0.855909 0.730908
vt 0.859462 0.734462
vt 0.859462 0.515538
vt 0.862790 0.737790
vt 0.862790 0.512210
vt 0.865826 0.740826
vt 0.865826 0.509174
vt 0.875000 0.743508
vt 0.615826 0.243508
vt 0.612790 0.004219
vt 0.615826 0.006492
vt 0.609462 0.247598
vt 0.609462 0.002402
vt 0.605908 0.248923
vt 0.605908 0.001077
vt 0.602203 0.000271
vt 0.602203 0.249729
vt 0.848420 0.723420
vt 0.852203 0.522797
vt 0.855909 0.519092
vt 0.859462 0.515538
vt 0.862790 0.512210
vt 0.865826 0.509174
vt 0.865826 0.740826
vt 0.848420 0.596242
vt 0.848420 0.566017
vt 0.859462 0.734462
vt 0.598420 0.250000
vt 0.602203 0.249729
vt 0.598420 0.250000
vt 0.612790 0.245781
vt 0.612323 0.246036
vt 0.609462 0.002402
vt 0.609884 0.002633
vt 0.615826 0.243508
vt 0.612790 0.245781
vt 0.862790 0.737790
vt 0.875000 0.506492
vt 0.875000 0.506492
vt 0.852203 0.522797
vt 0.848420 0.526580
vt 0.375000 0.153758
vt 0.375000 0.123533
vt 0.605908 0.248923
vt 0.444125 0.000000
vt 0.462813 0.000000
vt 0.615826 0.006492
vt 0.602203 0.000271
vt 0.598420 0.000000
vt 0.852203 0.727203
vt 0.609462 0.247598
vt 0.855909 0.730908
vt 0.481502 0.250000
vt 0.462813 0.250000
vt 0.605908 0.001077
vt 0.598420 0.000000
vt 0.375000 0.250000
vt 0.375000 0.000000
vt 0.848420 0.526580
vt 0.852203 0.727203
vt 0.848420 0.723420
vt 0.852203 0.522797
vt 0.855909 0.730908
vt 0.859462 0.515538
vt 0.859462 0.734462
vt 0.862790 0.737790
vt 0.862790 0.512210
vt 0.865826 0.740826
vt 0.865826 0.509174
vt 0.875000 0.743508
vt 0.615826 0.243508
vt 0.612790 0.004219
vt 0.615826 0.006492
vt 0.612790 0.245781
vt 0.609462 0.002402
vt 0.605908 0.248923
vt 0.605908 0.001077
vt 0.602203 0.000271
vt 0.602203 0.249729
vt 0.848420 0.723420
vt 0.855909 0.519092
vt 0.852203 0.522797
vt 0.855909 0.519092
vt 0.857880 0.517120
vt 0.862790 0.512210
vt 0.865826 0.509174
vt 0.865826 0.740826
vt 0.848420 0.599205
vt 0.848420 0.568980
vt 0.859462 0.734462
vt 0.598420 0.250000
vt 0.602203 0.249729
vt 0.598420 0.250000
vt 0.609462 0.247598
vt 0.612790 0.245781
vt 0.609462 0.247598
vt 0.612790 0.004219
vt 0.615826 0.243508
vt 0.862790 0.737790
vt 0.875000 0.506492
vt 0.848420 0.526580
vt 0.375000 0.150795
vt 0.375000 0.120570
vt 0.609462 0.002402
vt 0.605908 0.248923
vt 0.436301 0.000000
vt 0.454990 0.000000
vt 0.615826 0.006492
vt 0.602203 0.000271
vt 0.598420 0.000000
vt 0.852203 0.727203
vt 0.855909 0.730908
vt 0.473679 0.250000
vt 0.454990 0.250000
vt 0.859462 0.515538
vt 0.604499 0.000770
vt 0.598420 0.000000
vt 0.375000 0.250000
vt 0.375000 0.000000
vt 0.848420 0.526580
vt 0.852203 0.727203
vt 0.848420 0.723420
vt 0.852203 0.522797
vt 0.855909 0.730908
vt 0.855909 0.519092
vt 0.859462 0.734462
vt 0.859462 0.515538
vt 0.862790 0.737790
vt 0.862790 0.512210
vt 0.865826 0.740826
vt 0.865826 0.509174
vt 0.875000 0.743508
vt 0.615826 0.243508
vt 0.612790 0.004219
vt 0.615826 0.006492
vt 0.609462 0.247598
vt 0.609462 0.002402
vt 0.605908 0.001077
vt 0.602203 0.249729
vt 0.602203 0.000271
vt 0.848420 0.723420
vt 0.852203 0.522797
vt 0.855909 0.519092
vt 0.859462 0.515538
vt 0.862790 0.512210
vt 0.865826 0.509174
vt 0.865826 0.740826
vt 0.848420 0.618221
vt 0.848420 0.571881
vt 0.859462 0.734462
vt 0.598420 0.250000
vt 0.602203 0.249729
vt 0.598420 0.250000
vt 0.612790 0.245781
vt 0.609462 0.247598
vt 0.612790 0.004219
vt 0.612790 0.245781
vt 0.615826 0.243508
vt 0.862790 0.737790
vt 0.875000 0.506492
vt 0.875000 0.506492
vt 0.848420 0.526580
vt 0.849459 0.525541
vt 0.375000 0.131779
vt 0.375000 0.085439
vt 0.607066 0.001508
vt 0.609462 0.002402
vt 0.605908 0.248923
vt 0.494934 0.000000
vt 0.513623 0.000000
vt 0.615826 0.006492
vt 0.602203 0.000271
vt 0.598420 0.000000
vt 0.852203 0.727203
vt 0.607066 0.248492
vt 0.605908 0.248923
vt 0.855909 0.730908
vt 0.476245 0.250000
vt 0.457557 0.250000
vt 0.605908 0.001077
vt 0.625000 1.000000
vt 0.875000 0.750000
vt 0.388889 0.737826
vt 0.472222 0.737649
vt 0.476431 0.736334
vt 0.476792 0.736111
vt 0.472746 0.737578
vt 0.520833 0.737826
vt 0.603104 0.737274
vt 0.604167 0.736915
vt 0.599001 0.737826
vt 0.605829 0.736111
vt 0.478948 0.734255
vt 0.479167 0.733892
vt 0.479440 0.733439
vt 0.608877 0.731718
vt 0.606465 0.735718
vt 0.607310 0.735020
vt 0.608777 0.732588
vt 0.472746 0.680633
vt 0.479167 0.684319
vt 0.478948 0.683956
vt 0.478272 0.683191
vt 0.474066 0.680938
vt 0.477428 0.682494
vt 0.479440 0.684772
vt 0.601205 0.680556
vt 0.604167 0.681297
vt 0.604340 0.681355
vt 0.608777 0.685624
vt 0.608877 0.686493
vt 0.605469 0.681878
vt 0.608477 0.684772
vt 0.606465 0.682494
vt 0.388889 0.642716
vt 0.471792 0.642555
vt 0.472222 0.642490
vt 0.478786 0.639300
vt 0.478859 0.638889
vt 0.474349 0.642084
vt 0.473112 0.642356
vt 0.478486 0.639855
vt 0.475477 0.641743
vt 0.477994 0.640388
vt 0.520833 0.642716
vt 0.603104 0.642356
vt 0.604167 0.642122
vt 0.599001 0.642716
vt 0.608777 0.639300
vt 0.608477 0.639855
vt 0.606465 0.641342
vt 0.604340 0.642084
vt 0.605469 0.641744
vt 0.515981 0.611111
vt 0.472222 0.605478
vt 0.471792 0.605413
vt 0.473112 0.605612
vt 0.478886 0.609235
vt 0.474349 0.605884
vt 0.478786 0.608668
vt 0.478486 0.608113
vt 0.475477 0.606225
vt 0.476474 0.606626
vt 0.599001 0.605252
vt 0.604167 0.605846
vt 0.603104 0.605612
vt 0.604340 0.605884
vt 0.608777 0.608668
vt 0.608877 0.609235
vt 0.605468 0.606224
vt 0.606465 0.606626
vt 0.608477 0.608113
vt 0.388889 0.571404
vt 0.472222 0.571227
vt 0.476431 0.569913
vt 0.477189 0.569444
vt 0.472746 0.571157
vt 0.520833 0.570723
vt 0.603104 0.570172
vt 0.599001 0.570723
vt 0.605009 0.569444
vt 0.478948 0.567834
vt 0.479167 0.567471
vt 0.479440 0.567018
vt 0.608877 0.564616
vt 0.605469 0.569232
vt 0.606465 0.568616
vt 0.608777 0.565486
vt 0.607309 0.567918
vt 0.472222 0.514142
vt 0.472746 0.514212
vt 0.479167 0.517898
vt 0.478948 0.517535
vt 0.478272 0.516770
vt 0.474066 0.514517
vt 0.477428 0.516073
vt 0.479440 0.518351
vt 0.604340 0.514253
vt 0.608777 0.518522
vt 0.608877 0.519391
vt 0.605469 0.514776
vt 0.608477 0.517670
vt 0.606465 0.515392
vt 0.599001 0.513284
vt 0.603104 0.513836
vt 0.875000 0.743508
vt 0.848420 0.537687
vt 0.848420 0.628362
vt 0.848420 0.719037
vt 0.848420 0.688812
vt 0.848420 0.658587
vt 0.612323 0.246036
vt 0.612323 0.003964
vt 0.875000 0.506492
vt 0.375000 0.030963
vt 0.375000 0.000738
vt 0.375000 0.000000
vt 0.375000 0.061188
vt 0.375000 0.250000
vt 0.375000 0.242538
vt 0.375000 0.212313
vt 0.375000 0.182088
vt 0.375000 0.091413
vt 0.574945 0.000000
vt 0.593634 0.000000
vt 0.556257 0.000000
vt 0.481502 0.000000
vt 0.388059 0.000000
vt 0.406747 0.000000
vt 0.425436 0.000000
vt 0.537568 0.000000
vt 0.518879 0.000000
vt 0.500191 0.000000
vt 0.388059 0.250000
vt 0.593634 0.250000
vt 0.574945 0.250000
vt 0.556257 0.250000
vt 0.537568 0.250000
vt 0.406747 0.250000
vt 0.444125 0.250000
vt 0.425436 0.250000
vt 0.518879 0.250000
vt 0.500191 0.250000
vt 0.604352 0.000738
vt 0.875000 0.743508
vt 0.848420 0.710901
vt 0.848420 0.664561
vt 0.612790 0.004219
vt 0.375000 0.085439
vt 0.375000 0.039099
vt 0.375000 0.000000
vt 0.375000 0.131779
vt 0.375000 0.250000
vt 0.574945 0.000000
vt 0.593634 0.000000
vt 0.556257 0.000000
vt 0.481502 0.000000
vt 0.388059 0.000000
vt 0.406747 0.000000
vt 0.425436 0.000000
vt 0.537568 0.000000
vt 0.518879 0.000000
vt 0.500191 0.000000
vt 0.388059 0.250000
vt 0.593634 0.250000
vt 0.574945 0.250000
vt 0.556257 0.250000
vt 0.537568 0.250000
vt 0.406747 0.250000
vt 0.444125 0.250000
vt 0.425436 0.250000
vt 0.518879 0.250000
vt 0.500191 0.250000
vt 0.875000 0.743508
vt 0.848420 0.537687
vt 0.848420 0.628362
vt 0.848420 0.719037
vt 0.848420 0.688812
vt 0.848420 0.658587
vt 0.875000 0.506492
vt 0.375000 0.030963
vt 0.375000 0.000738
vt 0.375000 0.000000
vt 0.375000 0.061188
vt 0.375000 0.250000
vt 0.375000 0.242538
vt 0.375000 0.212313
vt 0.375000 0.182088
vt 0.375000 0.091413
vt 0.605908 0.001077
vt 0.604499 0.249230
vt 0.567122 0.000000
vt 0.585811 0.000000
vt 0.548433 0.000000
vt 0.492367 0.000000
vt 0.380235 0.000000
vt 0.398924 0.000000
vt 0.417612 0.000000
vt 0.529745 0.000000
vt 0.511056 0.000000
vt 0.473679 0.000000
vt 0.857880 0.732880
vt 0.380235 0.250000
vt 0.492367 0.250000
vt 0.585811 0.250000
vt 0.567122 0.250000
vt 0.548433 0.250000
vt 0.529745 0.250000
vt 0.398924 0.250000
vt 0.436301 0.250000
vt 0.417612 0.250000
vt 0.511056 0.250000
vt 0.875000 0.743508
vt 0.848420 0.535792
vt 0.848420 0.626467
vt 0.848420 0.717142
vt 0.848420 0.686917
vt 0.848420 0.656692
vt 0.612323 0.003964
vt 0.612790 0.004219
vt 0.614590 0.244433
vt 0.375000 0.032858
vt 0.375000 0.002633
vt 0.375000 0.000000
vt 0.375000 0.063083
vt 0.375000 0.250000
vt 0.375000 0.244433
vt 0.375000 0.214208
vt 0.375000 0.183983
vt 0.375000 0.093308
vt 0.574945 0.000000
vt 0.593634 0.000000
vt 0.556257 0.000000
vt 0.481502 0.000000
vt 0.388059 0.000000
vt 0.406747 0.000000
vt 0.425436 0.000000
vt 0.537568 0.000000
vt 0.518879 0.000000
vt 0.500191 0.000000
vt 0.388059 0.250000
vt 0.593634 0.250000
vt 0.574945 0.250000
vt 0.556257 0.250000
vt 0.537568 0.250000
vt 0.406747 0.250000
vt 0.444125 0.250000
vt 0.425436 0.250000
vt 0.518879 0.250000
vt 0.500191 0.250000
vt 0.875000 0.743508
vt 0.848420 0.538755
vt 0.848420 0.629430
vt 0.848420 0.720105
vt 0.848420 0.689880
vt 0.848420 0.659655
vt 0.868028 0.508530
vt 0.875000 0.506492
vt 0.375000 0.060120
vt 0.375000 0.029895
vt 0.375000 0.000000
vt 0.375000 0.090345
vt 0.375000 0.250000
vt 0.375000 0.241470
vt 0.375000 0.211245
vt 0.375000 0.181020
vt 0.605908 0.001077
vt 0.604499 0.249230
vt 0.567122 0.000000
vt 0.585811 0.000000
vt 0.548433 0.000000
vt 0.492367 0.000000
vt 0.380235 0.000000
vt 0.398924 0.000000
vt 0.417613 0.000000
vt 0.529745 0.000000
vt 0.511056 0.000000
vt 0.473679 0.000000
vt 0.857880 0.732880
vt 0.380235 0.250000
vt 0.492367 0.250000
vt 0.585810 0.250000
vt 0.567122 0.250000
vt 0.548433 0.250000
vt 0.529745 0.250000
vt 0.398924 0.250000
vt 0.436301 0.250000
vt 0.417613 0.250000
vt 0.511056 0.250000
vt 0.875000 0.743508
vt 0.848420 0.710900
vt 0.848420 0.664561
vt 0.375000 0.039099
vt 0.375000 0.000000
vt 0.375000 0.250000
vt 0.375000 0.224459
vt 0.375000 0.178119
vt 0.588377 0.000000
vt 0.382802 0.000000
vt 0.401491 0.000000
vt 0.420179 0.000000
vt 0.438868 0.000000
vt 0.569689 0.000000
vt 0.532311 0.000000
vt 0.551000 0.000000
vt 0.457557 0.000000
vt 0.476245 0.000000
vt 0.382802 0.250000
vt 0.494934 0.250000
vt 0.588377 0.250000
vt 0.569689 0.250000
vt 0.551000 0.250000
vt 0.532311 0.250000
vt 0.401491 0.250000
vt 0.438868 0.250000
vt 0.420179 0.250000
vt 0.513623 0.250000
vn -1.0000 0.0000 0.0000
vn 0.0000 0.0000 -1.0000
vn 1.0000 0.0000 0.0000
vn 0.0000 0.0000 1.0000
vn 0.0000 -1.0000 0.0000
vn 0.0000 1.0000 0.0000
vn 0.4693 0.8830 0.0000
vn 0.8504 0.5261 0.0000
vn 0.9407 0.3393 -0.0000
vn 0.9710 0.2393 -0.0000
vn 0.9842 0.1769 -0.0000
vn 0.9911 0.1334 -0.0000
vn 0.9950 0.1002 -0.0000
vn 0.9973 0.0733 -0.0000
vn 0.9987 0.0501 -0.0000
vn 0.9996 0.0293 -0.0000
vn 1.0000 0.0096 -0.0000
vn 0.0000 -0.9970 0.0769
vn 0.0000 -0.9736 -0.2284
vn 0.0000 -0.9278 -0.3731
vn 0.0000 -0.7782 -0.6281
vn 0.0000 -0.6800 0.7332
vn -0.0000 -0.8617 0.5073
vn 0.0000 -0.0662 -0.9978
vn 0.0000 -0.4518 -0.8921
vn 0.0000 -0.4518 0.8921
vn 0.0000 -0.5703 -0.8214
vn 0.0000 -0.7781 0.6281
vn 0.0000 -0.6800 -0.7332
vn 0.0000 -0.9970 -0.0769
vn 0.0000 -0.3269 0.9451
vn 0.0000 -0.1978 -0.9802
vn 0.0000 -0.5703 0.8214
vn 0.0000 -0.0662 0.9978
vn 0.0000 -0.9736 0.2283
vn 0.0000 -0.3269 -0.9451
vn 0.0000 -0.9278 0.3731
vn 0.0000 -0.8618 -0.5073
vn 0.0000 -0.1978 0.9802
vn -0.0000 -0.9931 0.1174
vn 0.0000 -0.9410 -0.3384
vn 0.0000 -0.8512 -0.5248
vn 0.0000 -0.6285 -0.7778
vn 0.0000 -0.5176 0.8556
vn 0.0000 -0.7423 0.6700
vn 0.0000 -0.0432 -0.9991
vn -0.0000 -0.3136 -0.9495
vn 0.0000 -0.3137 0.9495
vn 0.0000 -0.4125 -0.9109
vn 0.0000 -0.6285 0.7778
vn 0.0000 -0.5176 -0.8556
vn 0.0000 -0.9931 -0.1174
vn 0.0000 -0.2201 0.9755
vn 0.0000 -0.1305 -0.9915
vn 0.0000 -0.4125 0.9109
vn 0.0000 -0.0432 0.9991
vn 0.0000 -0.9410 0.3384
vn 0.0000 -0.2201 -0.9755
vn 0.0000 -0.8512 0.5248
vn 0.0000 -0.7423 -0.6700
vn 0.0000 -0.1305 0.9915
vn 0.4694 0.8830 -0.0000
vn 0.0000 -0.9736 -0.2283
vn 0.0000 -0.7782 0.6281
vn 0.0000 -0.8617 -0.5073
vn -0.0000 -0.1977 0.9803
vn 0.0000 -0.8618 0.5073
vn 0.0000 -0.3269 -0.9450
vn 0.0000 -0.3269 0.9450
vn 0.0000 -0.3137 -0.9495
vn 0.0000 -0.7781 -0.6281
vn 0.0001 -0.4518 -0.8921
vn -0.0001 0.0000 -1.0000
vn 0.9709 0.2393 0.0000
vn 0.0000 -0.3136 0.9495
vn 0.9407 0.3394 -0.0000
usemtl None
s off
f 234/1/1 340/2/1 2198/3/1
f 4/4/2 375/5/2 340/2/2
f 304/6/3 410/7/3 973/8/3
f 6/9/4 339/10/4 410/7/4
f 235/11/5 1/12/5 190/13/5
f 192/14/6 6/9/6 304/6/6
f 4/15/6 270/16/6 8/17/6
f 234/18/6 271/19/6 270/16/6
f 233/20/6 272/21/6 271/19/6
f 232/22/6 273/23/6 272/21/6
f 231/24/6 274/25/6 273/23/6
f 230/26/6 275/27/6 274/25/6
f 229/28/6 276/29/6 275/27/6
f 228/30/6 277/31/6 276/29/6
f 227/32/6 278/33/6 277/31/6
f 226/34/6 279/35/6 278/33/6
f 225/36/6 280/37/6 279/35/6
f 224/38/6 281/39/6 280/37/6
f 223/40/6 282/41/6 281/39/6
f 222/42/6 283/43/6 282/41/6
f 221/44/6 284/45/6 283/43/6
f 220/46/6 285/47/6 284/45/6
f 219/48/6 286/49/6 285/47/6
f 218/50/6 287/51/6 286/49/6
f 217/52/6 288/53/6 287/51/6
f 216/54/6 289/55/6 288/53/6
f 215/56/6 290/57/6 289/55/6
f 214/58/6 291/59/6 290/57/6
f 213/60/6 292/61/6 291/59/6
f 212/62/6 293/63/6 292/61/6
f 211/64/6 294/65/6 293/63/6
f 210/66/6 295/67/6 294/65/6
f 209/68/6 296/69/6 295/67/6
f 207/70/6 297/71/6 296/69/6
f 206/72/6 298/73/6 297/71/6
f 203/74/6 299/75/6 298/73/6
f 201/76/6 300/77/6 299/75/6
f 199/78/6 301/79/6 300/77/6
f 197/80/6 302/81/6 301/79/6
f 195/82/6 303/83/6 302/81/6
f 193/84/6 304/6/6 303/83/6
f 7/85/5 9/86/5 3/87/5
f 269/88/5 10/89/5 9/86/5
f 268/90/5 11/91/5 10/89/5
f 267/92/5 12/93/5 11/91/5
f 266/94/5 13/95/5 12/93/5
f 265/96/5 14/97/5 13/95/5
f 264/98/5 15/99/5 14/97/5
f 263/100/5 16/101/5 15/99/5
f 262/102/5 17/103/5 16/101/5
f 261/104/5 18/105/5 17/103/5
f 260/106/5 19/107/5 18/105/5
f 259/108/5 20/109/5 19/107/5
f 258/110/5 21/111/5 20/109/5
f 257/112/5 22/113/5 21/111/5
f 256/114/5 23/115/5 22/113/5
f 255/116/5 24/117/5 23/115/5
f 254/118/5 25/119/5 24/117/5
f 253/120/5 26/121/5 25/119/5
f 252/122/5 52/123/5 26/121/5
f 251/124/5 97/125/5 52/123/5
f 250/126/5 124/127/5 97/125/5
f 249/128/5 131/129/5 124/127/5
f 248/130/5 138/131/5 131/129/5
f 247/132/5 150/133/5 138/131/5
f 246/134/5 157/135/5 150/133/5
f 245/136/5 162/137/5 157/135/5
f 244/138/5 165/139/5 162/137/5
f 243/140/5 169/141/5 165/139/5
f 242/142/5 174/143/5 169/141/5
f 241/144/5 178/145/5 174/143/5
f 240/146/5 181/147/5 178/145/5
f 239/148/5 183/149/5 181/147/5
f 238/150/5 185/151/5 183/149/5
f 237/152/5 187/153/5 185/151/5
f 236/154/5 190/13/5 187/153/5
f 8/17/3 445/155/3 375/5/3
f 270/16/3 480/156/3 445/155/3
f 271/19/3 503/157/3 480/156/3
f 272/21/3 511/158/3 503/157/3
f 273/23/3 519/159/3 511/158/3
f 274/25/3 527/160/3 519/159/3
f 275/27/3 535/161/3 527/160/3
f 276/29/3 543/162/3 535/161/3
f 277/31/3 551/163/3 543/162/3
f 278/33/3 559/164/3 551/163/3
f 279/35/3 568/165/3 559/164/3
f 280/37/3 603/166/3 568/165/3
f 795/167/2 2433/168/2 796/169/2
f 669/170/4 2421/171/4 668/172/4
f 283/43/3 675/173/3 640/174/3
f 284/45/3 710/175/3 675/173/3
f 285/47/3 719/176/3 710/175/3
f 286/49/3 728/177/3 719/176/3
f 287/51/3 737/178/3 728/177/3
f 288/53/3 746/179/3 737/178/3
f 289/55/3 755/180/3 746/179/3
f 290/57/3 790/181/3 755/180/3
f 639/182/6 2342/183/6 620/184/6
f 668/172/4 2420/185/4 667/186/4
f 293/63/3 862/187/3 827/188/3
f 294/65/3 897/189/3 862/187/3
f 295/67/3 908/190/3 897/189/3
f 296/69/3 916/191/3 908/190/3
f 297/71/3 924/192/3 916/191/3
f 298/73/3 932/193/3 924/192/3
f 299/75/3 940/194/3 932/193/3
f 300/77/3 948/195/3 940/194/3
f 301/79/3 956/196/3 948/195/3
f 302/81/3 964/197/3 956/196/3
f 303/83/3 973/8/3 964/197/3
f 2/198/1 1008/199/1 339/200/1
f 192/201/1 1043/202/1 1008/199/1
f 193/203/1 1078/204/1 1043/202/1
f 195/205/1 1113/206/1 1078/204/1
f 197/207/1 1148/208/1 1113/206/1
f 199/209/1 1183/210/1 1148/208/1
f 201/211/1 1218/212/1 1183/210/1
f 203/213/1 1253/214/1 1218/212/1
f 206/215/1 1288/216/1 1253/214/1
f 207/217/1 1323/218/1 1288/216/1
f 209/219/1 1358/220/1 1323/218/1
f 210/221/1 1393/222/1 1358/220/1
f 211/223/1 1428/224/1 1393/222/1
f 212/225/1 1463/226/1 1428/224/1
f 213/227/1 1498/228/1 1463/226/1
f 214/229/1 1533/230/1 1498/228/1
f 215/231/1 1568/232/1 1533/230/1
f 216/233/1 1603/234/1 1568/232/1
f 217/235/1 1638/236/1 1603/234/1
f 218/237/1 1673/238/1 1638/236/1
f 219/239/1 1708/240/1 1673/238/1
f 220/241/1 1743/242/1 1708/240/1
f 221/243/1 1778/244/1 1743/242/1
f 222/245/1 1813/246/1 1778/244/1
f 223/247/1 1848/248/1 1813/246/1
f 224/249/1 1883/250/1 1848/248/1
f 225/251/1 1918/252/1 1883/250/1
f 226/253/1 1953/254/1 1918/252/1
f 227/255/1 1988/256/1 1953/254/1
f 228/257/1 2023/258/1 1988/256/1
f 229/259/1 2058/260/1 2023/258/1
f 230/261/1 2093/262/1 2058/260/1
f 231/263/1 2128/264/1 2093/262/1
f 232/265/1 2163/266/1 2128/264/1
f 233/267/1 2198/3/1 2163/266/1
f 2197/268/1 9/269/1 10/270/1
f 2196/271/1 2232/272/1 2197/268/1
f 2195/273/1 2231/274/1 2196/271/1
f 2194/275/1 2230/276/1 2195/273/1
f 2193/277/1 2229/278/1 2194/275/1
f 2192/279/1 2228/280/1 2193/277/1
f 2191/281/1 2227/282/1 2192/279/1
f 2190/283/1 2226/284/1 2191/281/1
f 2189/285/1 2225/286/1 2190/283/1
f 2188/287/1 2224/288/1 2189/285/1
f 2187/289/1 2223/290/1 2188/287/1
f 2186/291/1 2222/292/1 2187/289/1
f 2185/293/1 2221/294/1 2186/291/1
f 2184/295/1 2220/296/1 2185/293/1
f 2183/297/1 2219/298/1 2184/295/1
f 2182/299/1 2218/300/1 2183/297/1
f 2181/301/1 2217/302/1 2182/299/1
f 2180/303/1 2216/304/1 2181/301/1
f 2179/305/1 2215/306/1 2180/303/1
f 2178/307/1 2214/308/1 2179/305/1
f 2177/309/1 2213/310/1 2178/307/1
f 2176/311/1 2212/312/1 2177/309/1
f 2175/313/1 2211/314/1 2176/311/1
f 2174/315/1 2210/316/1 2175/313/1
f 2173/317/1 2209/318/1 2174/315/1
f 2172/319/1 2208/320/1 2173/317/1
f 2171/321/1 2207/322/1 2172/319/1
f 2170/323/1 2206/324/1 2171/321/1
f 2169/325/1 2205/326/1 2170/323/1
f 2168/327/1 2204/328/1 2169/325/1
f 2167/329/1 2203/330/1 2168/327/1
f 2166/331/1 2202/332/1 2167/329/1
f 2165/333/1 2201/334/1 2166/331/1
f 2164/335/1 2200/336/1 2165/333/1
f 2163/266/1 2199/337/1 2164/335/1
f 2162/338/1 10/270/1 11/339/1
f 2161/340/1 2197/268/1 2162/338/1
f 2160/341/1 2196/271/1 2161/340/1
f 2159/342/1 2195/273/1 2160/341/1
f 2158/343/1 2194/275/1 2159/342/1
f 2157/344/1 2193/277/1 2158/343/1
f 2156/345/1 2192/279/1 2157/344/1
f 2155/346/1 2191/281/1 2156/345/1
f 2154/347/1 2190/283/1 2155/346/1
f 2153/348/1 2189/285/1 2154/347/1
f 2152/349/1 2188/287/1 2153/348/1
f 2151/350/1 2187/289/1 2152/349/1
f 2150/351/1 2186/291/1 2151/350/1
f 2149/352/1 2185/293/1 2150/351/1
f 2148/353/1 2184/295/1 2149/352/1
f 2147/354/1 2183/297/1 2148/353/1
f 2146/355/1 2182/299/1 2147/354/1
f 2145/356/1 2181/301/1 2146/355/1
f 2144/357/1 2180/303/1 2145/356/1
f 2143/358/1 2179/305/1 2144/357/1
f 2142/359/1 2178/307/1 2143/358/1
f 2141/360/1 2177/309/1 2142/359/1
f 2140/361/1 2176/311/1 2141/360/1
f 2139/362/1 2175/313/1 2140/361/1
f 2138/363/1 2174/315/1 2139/362/1
f 2137/364/1 2173/317/1 2138/363/1
f 2136/365/1 2172/319/1 2137/364/1
f 2135/366/1 2171/321/1 2136/365/1
f 2134/367/1 2170/323/1 2135/366/1
f 2133/368/1 2169/325/1 2134/367/1
f 2132/369/1 2168/327/1 2133/368/1
f 2131/370/1 2167/329/1 2132/369/1
f 2130/371/1 2166/331/1 2131/370/1
f 2129/372/1 2165/333/1 2130/371/1
f 2128/264/1 2164/335/1 2129/372/1
f 2127/373/1 11/339/1 12/374/1
f 2126/375/1 2162/338/1 2127/373/1
f 2125/376/1 2161/340/1 2126/375/1
f 2124/377/1 2160/341/1 2125/376/1
f 2123/378/1 2159/342/1 2124/377/1
f 2122/379/1 2158/343/1 2123/378/1
f 2121/380/1 2157/344/1 2122/379/1
f 2120/381/1 2156/345/1 2121/380/1
f 2119/382/1 2155/346/1 2120/381/1
f 2118/383/1 2154/347/1 2119/382/1
f 2117/384/1 2153/348/1 2118/383/1
f 2116/385/1 2152/349/1 2117/384/1
f 2115/386/1 2151/350/1 2116/385/1
f 2114/387/1 2150/351/1 2115/386/1
f 2113/388/1 2149/352/1 2114/387/1
f 2112/389/1 2148/353/1 2113/388/1
f 2111/390/1 2147/354/1 2112/389/1
f 2110/391/1 2146/355/1 2111/390/1
f 2109/392/1 2145/356/1 2110/391/1
f 2108/393/1 2144/357/1 2109/392/1
f 2107/394/1 2143/358/1 2108/393/1
f 2106/395/1 2142/359/1 2107/394/1
f 2105/396/1 2141/360/1 2106/395/1
f 2104/397/1 2140/361/1 2105/396/1
f 2103/398/1 2139/362/1 2104/397/1
f 2102/399/1 2138/363/1 2103/398/1
f 2101/400/1 2137/364/1 2102/399/1
f 2100/401/1 2136/365/1 2101/400/1
f 2099/402/1 2135/366/1 2100/401/1
f 2098/403/1 2134/367/1 2099/402/1
f 2097/404/1 2133/368/1 2098/403/1
f 2096/405/1 2132/369/1 2097/404/1
f 2095/406/1 2131/370/1 2096/405/1
f 2094/407/1 2130/371/1 2095/406/1
f 2093/262/1 2129/372/1 2094/407/1
f 2092/408/1 12/374/1 13/409/1
f 2091/410/1 2127/373/1 2092/408/1
f 2090/411/1 2126/375/1 2091/410/1
f 2089/412/1 2125/376/1 2090/411/1
f 2088/413/1 2124/377/1 2089/412/1
f 2087/414/1 2123/378/1 2088/413/1
f 2086/415/1 2122/379/1 2087/414/1
f 2085/416/1 2121/380/1 2086/415/1
f 2084/417/1 2120/381/1 2085/416/1
f 2083/418/1 2119/382/1 2084/417/1
f 2082/419/1 2118/383/1 2083/418/1
f 2081/420/1 2117/384/1 2082/419/1
f 2080/421/1 2116/385/1 2081/420/1
f 2079/422/1 2115/386/1 2080/421/1
f 2078/423/1 2114/387/1 2079/422/1
f 2077/424/1 2113/388/1 2078/423/1
f 2076/425/1 2112/389/1 2077/424/1
f 2075/426/1 2111/390/1 2076/425/1
f 2074/427/1 2110/391/1 2075/426/1
f 2073/428/1 2109/392/1 2074/427/1
f 2072/429/1 2108/393/1 2073/428/1
f 2071/430/1 2107/394/1 2072/429/1
f 2070/431/1 2106/395/1 2071/430/1
f 2069/432/1 2105/396/1 2070/431/1
f 2068/433/1 2104/397/1 2069/432/1
f 2067/434/1 2103/398/1 2068/433/1
f 2066/435/1 2102/399/1 2067/434/1
f 2065/436/1 2101/400/1 2066/435/1
f 2064/437/1 2100/401/1 2065/436/1
f 2063/438/1 2099/402/1 2064/437/1
f 2062/439/1 2098/403/1 2063/438/1
f 2061/440/1 2097/404/1 2062/439/1
f 2060/441/1 2096/405/1 2061/440/1
f 2059/442/1 2095/406/1 2060/441/1
f 2058/260/1 2094/407/1 2059/442/1
f 2057/443/1 13/409/1 14/444/1
f 2056/445/1 2092/408/1 2057/443/1
f 2055/446/1 2091/410/1 2056/445/1
f 2054/447/1 2090/411/1 2055/446/1
f 2053/448/1 2089/412/1 2054/447/1
f 2052/449/1 2088/413/1 2053/448/1
f 2051/450/1 2087/414/1 2052/449/1
f 2050/451/1 2086/415/1 2051/450/1
f 2049/452/1 2085/416/1 2050/451/1
f 2048/453/1 2084/417/1 2049/452/1
f 2047/454/1 2083/418/1 2048/453/1
f 2046/455/1 2082/419/1 2047/454/1
f 2045/456/1 2081/420/1 2046/455/1
f 2044/457/1 2080/421/1 2045/456/1
f 2043/458/1 2079/422/1 2044/457/1
f 2042/459/1 2078/423/1 2043/458/1
f 2041/460/1 2077/424/1 2042/459/1
f 2040/461/1 2076/425/1 2041/460/1
f 2039/462/1 2075/426/1 2040/461/1
f 2038/463/1 2074/427/1 2039/462/1
f 2037/464/1 2073/428/1 2038/463/1
f 2036/465/1 2072/429/1 2037/464/1
f 2035/466/1 2071/430/1 2036/465/1
f 2034/467/1 2070/431/1 2035/466/1
f 2033/468/1 2069/432/1 2034/467/1
f 2032/469/1 2068/433/1 2033/468/1
f 2031/470/1 2067/434/1 2032/469/1
f 2030/471/1 2066/435/1 2031/470/1
f 2029/472/1 2065/436/1 2030/471/1
f 2028/473/1 2064/437/1 2029/472/1
f 2027/474/1 2063/438/1 2028/473/1
f 2026/475/1 2062/439/1 2027/474/1
f 2025/476/1 2061/440/1 2026/475/1
f 2024/477/1 2060/441/1 2025/476/1
f 2023/258/1 2059/442/1 2024/477/1
f 2022/478/1 14/444/1 15/479/1
f 2021/480/1 2057/443/1 2022/478/1
f 2020/481/1 2056/445/1 2021/480/1
f 2019/482/1 2055/446/1 2020/481/1
f 2018/483/1 2054/447/1 2019/482/1
f 2017/484/1 2053/448/1 2018/483/1
f 2016/485/1 2052/449/1 2017/484/1
f 2015/486/1 2051/450/1 2016/485/1
f 2014/487/1 2050/451/1 2015/486/1
f 2013/488/1 2049/452/1 2014/487/1
f 2012/489/1 2048/453/1 2013/488/1
f 2011/490/1 2047/454/1 2012/489/1
f 2010/491/1 2046/455/1 2011/490/1
f 2009/492/1 2045/456/1 2010/491/1
f 2008/493/1 2044/457/1 2009/492/1
f 2007/494/1 2043/458/1 2008/493/1
f 2006/495/1 2042/459/1 2007/494/1
f 2005/496/1 2041/460/1 2006/495/1
f 2004/497/1 2040/461/1 2005/496/1
f 2003/498/1 2039/462/1 2004/497/1
f 2002/499/1 2038/463/1 2003/498/1
f 2001/500/1 2037/464/1 2002/499/1
f 2000/501/1 2036/465/1 2001/500/1
f 1999/502/1 2035/466/1 2000/501/1
f 1998/503/1 2034/467/1 1999/502/1
f 1997/504/1 2033/468/1 1998/503/1
f 1996/505/1 2032/469/1 1997/504/1
f 1995/506/1 2031/470/1 1996/505/1
f 1994/507/1 2030/471/1 1995/506/1
f 1993/508/1 2029/472/1 1994/507/1
f 1992/509/1 2028/473/1 1993/508/1
f 1991/510/1 2027/474/1 1992/509/1
f 1990/511/1 2026/475/1 1991/510/1
f 1989/512/1 2025/476/1 1990/511/1
f 1988/256/1 2024/477/1 1989/512/1
f 1987/513/1 15/479/1 16/514/1
f 1986/515/1 2022/478/1 1987/513/1
f 1985/516/1 2021/480/1 1986/515/1
f 1984/517/1 2020/481/1 1985/516/1
f 1983/518/1 2019/482/1 1984/517/1
f 1982/519/1 2018/483/1 1983/518/1
f 1981/520/1 2017/484/1 1982/519/1
f 1980/521/1 2016/485/1 1981/520/1
f 1979/522/1 2015/486/1 1980/521/1
f 1978/523/1 2014/487/1 1979/522/1
f 1977/524/1 2013/488/1 1978/523/1
f 1976/525/1 2012/489/1 1977/524/1
f 1975/526/1 2011/490/1 1976/525/1
f 1974/527/1 2010/491/1 1975/526/1
f 1973/528/1 2009/492/1 1974/527/1
f 1972/529/1 2008/493/1 1973/528/1
f 1971/530/1 2007/494/1 1972/529/1
f 1970/531/1 2006/495/1 1971/530/1
f 1969/532/1 2005/496/1 1970/531/1
f 1968/533/1 2004/497/1 1969/532/1
f 1967/534/1 2003/498/1 1968/533/1
f 1966/535/1 2002/499/1 1967/534/1
f 1965/536/1 2001/500/1 1966/535/1
f 1964/537/1 2000/501/1 1965/536/1
f 1963/538/1 1999/502/1 1964/537/1
f 1962/539/1 1998/503/1 1963/538/1
f 1961/540/1 1997/504/1 1962/539/1
f 1960/541/1 1996/505/1 1961/540/1
f 1959/542/1 1995/506/1 1960/541/1
f 1958/543/1 1994/507/1 1959/542/1
f 1957/544/1 1993/508/1 1958/543/1
f 1956/545/1 1992/509/1 1957/544/1
f 1955/546/1 1991/510/1 1956/545/1
f 1954/547/1 1990/511/1 1955/546/1
f 1953/254/1 1989/512/1 1954/547/1
f 1952/548/1 16/514/1 17/549/1
f 1951/550/1 1987/513/1 1952/548/1
f 1950/551/1 1986/515/1 1951/550/1
f 1949/552/1 1985/516/1 1950/551/1
f 1948/553/1 1984/517/1 1949/552/1
f 1947/554/1 1983/518/1 1948/553/1
f 1946/555/1 1982/519/1 1947/554/1
f 1945/556/1 1981/520/1 1946/555/1
f 1944/557/1 1980/521/1 1945/556/1
f 1943/558/1 1979/522/1 1944/557/1
f 1942/559/1 1978/523/1 1943/558/1
f 1941/560/1 1977/524/1 1942/559/1
f 1940/561/1 1976/525/1 1941/560/1
f 1939/562/1 1975/526/1 1940/561/1
f 1938/563/1 1974/527/1 1939/562/1
f 1937/564/1 1973/528/1 1938/563/1
f 1936/565/1 1972/529/1 1937/564/1
f 1935/566/1 1971/530/1 1936/565/1
f 1934/567/1 1970/531/1 1935/566/1
f 1933/568/1 1969/532/1 1934/567/1
f 1932/569/1 1968/533/1 1933/568/1
f 1931/570/1 1967/534/1 1932/569/1
f 1930/571/1 1966/535/1 1931/570/1
f 1929/572/1 1965/536/1 1930/571/1
f 1928/573/1 1964/537/1 1929/572/1
f 1927/574/1 1963/538/1 1928/573/1
f 1926/575/1 1962/539/1 1927/574/1
f 1925/576/1 1961/540/1 1926/575/1
f 1924/577/1 1960/541/1 1925/576/1
f 1923/578/1 1959/542/1 1924/577/1
f 1922/579/1 1958/543/1 1923/578/1
f 1921/580/1 1957/544/1 1922/579/1
f 1920/581/1 1956/545/1 1921/580/1
f 1919/582/1 1955/546/1 1920/581/1
f 1918/252/1 1954/547/1 1919/582/1
f 1917/583/1 17/549/1 18/584/1
f 1916/585/1 1952/548/1 1917/583/1
f 1915/586/1 1951/550/1 1916/585/1
f 1914/587/1 1950/551/1 1915/586/1
f 1913/588/1 1949/552/1 1914/587/1
f 1912/589/1 1948/553/1 1913/588/1
f 1911/590/1 1947/554/1 1912/589/1
f 1910/591/1 1946/555/1 1911/590/1
f 1909/592/1 1945/556/1 1910/591/1
f 1908/593/1 1944/557/1 1909/592/1
f 1907/594/1 1943/558/1 1908/593/1
f 1906/595/1 1942/559/1 1907/594/1
f 1905/596/1 1941/560/1 1906/595/1
f 1904/597/1 1940/561/1 1905/596/1
f 1903/598/1 1939/562/1 1904/597/1
f 1902/599/1 1938/563/1 1903/598/1
f 1901/600/1 1937/564/1 1902/599/1
f 1900/601/1 1936/565/1 1901/600/1
f 1899/602/1 1935/566/1 1900/601/1
f 1898/603/1 1934/567/1 1899/602/1
f 1897/604/1 1933/568/1 1898/603/1
f 1896/605/1 1932/569/1 1897/604/1
f 1895/606/1 1931/570/1 1896/605/1
f 1894/607/1 1930/571/1 1895/606/1
f 1893/608/1 1929/572/1 1894/607/1
f 1892/609/1 1928/573/1 1893/608/1
f 1891/610/1 1927/574/1 1892/609/1
f 1890/611/1 1926/575/1 1891/610/1
f 1889/612/1 1925/576/1 1890/611/1
f 1888/613/1 1924/577/1 1889/612/1
f 1887/614/1 1923/578/1 1888/613/1
f 1886/615/1 1922/579/1 1887/614/1
f 1885/616/1 1921/580/1 1886/615/1
f 1884/617/1 1920/581/1 1885/616/1
f 1883/250/1 1919/582/1 1884/617/1
f 1882/618/1 18/584/1 19/619/1
f 1881/620/1 1917/583/1 1882/618/1
f 1880/621/1 1916/585/1 1881/620/1
f 1879/622/1 1915/586/1 1880/621/1
f 1878/623/1 1914/587/1 1879/622/1
f 1877/624/1 1913/588/1 1878/623/1
f 1876/625/1 1912/589/1 1877/624/1
f 1875/626/1 1911/590/1 1876/625/1
f 1874/627/1 1910/591/1 1875/626/1
f 1873/628/1 1909/592/1 1874/627/1
f 1872/629/1 1908/593/1 1873/628/1
f 1871/630/1 1907/594/1 1872/629/1
f 1870/631/1 1906/595/1 1871/630/1
f 1869/632/1 1905/596/1 1870/631/1
f 1868/633/1 1904/597/1 1869/632/1
f 1867/634/1 1903/598/1 1868/633/1
f 1866/635/1 1902/599/1 1867/634/1
f 1865/636/1 1901/600/1 1866/635/1
f 1864/637/1 1900/601/1 1865/636/1
f 1863/638/1 1899/602/1 1864/637/1
f 1862/639/1 1898/603/1 1863/638/1
f 1861/640/1 1897/604/1 1862/639/1
f 1860/641/1 1896/605/1 1861/640/1
f 1859/642/1 1895/606/1 1860/641/1
f 1858/643/1 1894/607/1 1859/642/1
f 1857/644/1 1893/608/1 1858/643/1
f 1856/645/1 1892/609/1 1857/644/1
f 1855/646/1 1891/610/1 1856/645/1
f 1854/647/1 1890/611/1 1855/646/1
f 1853/648/1 1889/612/1 1854/647/1
f 1852/649/1 1888/613/1 1853/648/1
f 1851/650/1 1887/614/1 1852/649/1
f 1850/651/1 1886/615/1 1851/650/1
f 1849/652/1 1885/616/1 1850/651/1
f 1848/248/1 1884/617/1 1849/652/1
f 1847/653/1 19/619/1 20/654/1
f 1846/655/1 1882/618/1 1847/653/1
f 1845/656/1 1881/620/1 1846/655/1
f 1844/657/1 1880/621/1 1845/656/1
f 1843/658/1 1879/622/1 1844/657/1
f 1842/659/1 1878/623/1 1843/658/1
f 1841/660/1 1877/624/1 1842/659/1
f 1840/661/1 1876/625/1 1841/660/1
f 1839/662/1 1875/626/1 1840/661/1
f 1838/663/1 1874/627/1 1839/662/1
f 1837/664/1 1873/628/1 1838/663/1
f 1836/665/1 1872/629/1 1837/664/1
f 1835/666/1 1871/630/1 1836/665/1
f 1834/667/1 1870/631/1 1835/666/1
f 1833/668/1 1869/632/1 1834/667/1
f 1832/669/1 1868/633/1 1833/668/1
f 1831/670/1 1867/634/1 1832/669/1
f 1830/671/1 1866/635/1 1831/670/1
f 1829/672/1 1865/636/1 1830/671/1
f 1828/673/1 1864/637/1 1829/672/1
f 1827/674/1 1863/638/1 1828/673/1
f 1826/675/1 1862/639/1 1827/674/1
f 1825/676/1 1861/640/1 1826/675/1
f 1824/677/1 1860/641/1 1825/676/1
f 1823/678/1 1859/642/1 1824/677/1
f 1822/679/1 1858/643/1 1823/678/1
f 1821/680/1 1857/644/1 1822/679/1
f 1820/681/1 1856/645/1 1821/680/1
f 1819/682/1 1855/646/1 1820/681/1
f 1818/683/1 1854/647/1 1819/682/1
f 1817/684/1 1853/648/1 1818/683/1
f 1816/685/1 1852/649/1 1817/684/1
f 1815/686/1 1851/650/1 1816/685/1
f 1814/687/1 1850/651/1 1815/686/1
f 1813/246/1 1849/652/1 1814/687/1
f 1812/688/1 20/654/1 21/689/1
f 1811/690/1 1847/653/1 1812/688/1
f 1810/691/1 1846/655/1 1811/690/1
f 1809/692/1 1845/656/1 1810/691/1
f 1808/693/1 1844/657/1 1809/692/1
f 1807/694/1 1843/658/1 1808/693/1
f 1806/695/1 1842/659/1 1807/694/1
f 1805/696/1 1841/660/1 1806/695/1
f 1804/697/1 1840/661/1 1805/696/1
f 1803/698/1 1839/662/1 1804/697/1
f 1802/699/1 1838/663/1 1803/698/1
f 1801/700/1 1837/664/1 1802/699/1
f 1800/701/1 1836/665/1 1801/700/1
f 1799/702/1 1835/666/1 1800/701/1
f 1798/703/1 1834/667/1 1799/702/1
f 1797/704/1 1833/668/1 1798/703/1
f 1796/705/1 1832/669/1 1797/704/1
f 1795/706/1 1831/670/1 1796/705/1
f 1794/707/1 1830/671/1 1795/706/1
f 1793/708/1 1829/672/1 1794/707/1
f 1792/709/1 1828/673/1 1793/708/1
f 1791/710/1 1827/674/1 1792/709/1
f 1790/711/1 1826/675/1 1791/710/1
f 1789/712/1 1825/676/1 1790/711/1
f 1788/713/1 1824/677/1 1789/712/1
f 1787/714/1 1823/678/1 1788/713/1
f 1786/715/1 1822/679/1 1787/714/1
f 1785/716/1 1821/680/1 1786/715/1
f 1784/717/1 1820/681/1 1785/716/1
f 1783/718/1 1819/682/1 1784/717/1
f 1782/719/1 1818/683/1 1783/718/1
f 1781/720/1 1817/684/1 1782/719/1
f 1780/721/1 1816/685/1 1781/720/1
f 1779/722/1 1815/686/1 1780/721/1
f 1778/244/1 1814/687/1 1779/722/1
f 1777/723/1 21/689/1 22/724/1
f 1776/725/1 1812/688/1 1777/723/1
f 1775/726/1 1811/690/1 1776/725/1
f 1774/727/1 1810/691/1 1775/726/1
f 1773/728/1 1809/692/1 1774/727/1
f 1772/729/1 1808/693/1 1773/728/1
f 1771/730/1 1807/694/1 1772/729/1
f 1770/731/1 1806/695/1 1771/730/1
f 1769/732/1 1805/696/1 1770/731/1
f 1768/733/1 1804/697/1 1769/732/1
f 1767/734/1 1803/698/1 1768/733/1
f 1766/735/1 1802/699/1 1767/734/1
f 1765/736/1 1801/700/1 1766/735/1
f 1764/737/1 1800/701/1 1765/736/1
f 1763/738/1 1799/702/1 1764/737/1
f 1762/739/1 1798/703/1 1763/738/1
f 1761/740/1 1797/704/1 1762/739/1
f 1760/741/1 1796/705/1 1761/740/1
f 1759/742/1 1795/706/1 1760/741/1
f 1758/743/1 1794/707/1 1759/742/1
f 1757/744/1 1793/708/1 1758/743/1
f 1756/745/1 1792/709/1 1757/744/1
f 1755/746/1 1791/710/1 1756/745/1
f 1754/747/1 1790/711/1 1755/746/1
f 1753/748/1 1789/712/1 1754/747/1
f 1752/749/1 1788/713/1 1753/748/1
f 1751/750/1 1787/714/1 1752/749/1
f 1750/751/1 1786/715/1 1751/750/1
f 1749/752/1 1785/716/1 1750/751/1
f 1748/753/1 1784/717/1 1749/752/1
f 1747/754/1 1783/718/1 1748/753/1
f 1746/755/1 1782/719/1 1747/754/1
f 1745/756/1 1781/720/1 1746/755/1
f 1744/757/1 1780/721/1 1745/756/1
f 1743/242/1 1779/722/1 1744/757/1
f 1742/758/1 22/724/1 23/759/1
f 1741/760/1 1777/723/1 1742/758/1
f 1740/761/1 1776/725/1 1741/760/1
f 1739/762/1 1775/726/1 1740/761/1
f 1738/763/1 1774/727/1 1739/762/1
f 1737/764/1 1773/728/1 1738/763/1
f 1736/765/1 1772/729/1 1737/764/1
f 1735/766/1 1771/730/1 1736/765/1
f 1734/767/1 1770/731/1 1735/766/1
f 1733/768/1 1769/732/1 1734/767/1
f 1732/769/1 1768/733/1 1733/768/1
f 1731/770/1 1767/734/1 1732/769/1
f 1730/771/1 1766/735/1 1731/770/1
f 1729/772/1 1765/736/1 1730/771/1
f 1728/773/1 1764/737/1 1729/772/1
f 1727/774/1 1763/738/1 1728/773/1
f 1726/775/1 1762/739/1 1727/774/1
f 1725/776/1 1761/740/1 1726/775/1
f 1724/777/1 1760/741/1 1725/776/1
f 1723/778/1 1759/742/1 1724/777/1
f 1722/779/1 1758/743/1 1723/778/1
f 1721/780/1 1757/744/1 1722/779/1
f 1720/781/1 1756/745/1 1721/780/1
f 1719/782/1 1755/746/1 1720/781/1
f 1718/783/1 1754/747/1 1719/782/1
f 1717/784/1 1753/748/1 1718/783/1
f 1716/785/1 1752/749/1 1717/784/1
f 1715/786/1 1751/750/1 1716/785/1
f 1714/787/1 1750/751/1 1715/786/1
f 1713/788/1 1749/752/1 1714/787/1
f 1712/789/1 1748/753/1 1713/788/1
f 1711/790/1 1747/754/1 1712/789/1
f 1710/791/1 1746/755/1 1711/790/1
f 1709/792/1 1745/756/1 1710/791/1
f 1708/240/1 1744/757/1 1709/792/1
f 1707/793/1 23/759/1 24/794/1
f 1706/795/1 1742/758/1 1707/793/1
f 1705/796/1 1741/760/1 1706/795/1
f 1704/797/1 1740/761/1 1705/796/1
f 1703/798/1 1739/762/1 1704/797/1
f 1702/799/1 1738/763/1 1703/798/1
f 1701/800/1 1737/764/1 1702/799/1
f 1700/801/1 1736/765/1 1701/800/1
f 1699/802/1 1735/766/1 1700/801/1
f 1698/803/1 1734/767/1 1699/802/1
f 1697/804/1 1733/768/1 1698/803/1
f 1696/805/1 1732/769/1 1697/804/1
f 1695/806/1 1731/770/1 1696/805/1
f 1694/807/1 1730/771/1 1695/806/1
f 1693/808/1 1729/772/1 1694/807/1
f 1692/809/1 1728/773/1 1693/808/1
f 1691/810/1 1727/774/1 1692/809/1
f 1690/811/1 1726/775/1 1691/810/1
f 1689/812/1 1725/776/1 1690/811/1
f 1688/813/1 1724/777/1 1689/812/1
f 1687/814/1 1723/778/1 1688/813/1
f 1686/815/1 1722/779/1 1687/814/1
f 1685/816/1 1721/780/1 1686/815/1
f 1684/817/1 1720/781/1 1685/816/1
f 1683/818/1 1719/782/1 1684/817/1
f 1682/819/1 1718/783/1 1683/818/1
f 1681/820/1 1717/784/1 1682/819/1
f 1680/821/1 1716/785/1 1681/820/1
f 1679/822/1 1715/786/1 1680/821/1
f 1678/823/1 1714/787/1 1679/822/1
f 1677/824/1 1713/788/1 1678/823/1
f 1676/825/1 1712/789/1 1677/824/1
f 1675/826/1 1711/790/1 1676/825/1
f 1674/827/1 1710/791/1 1675/826/1
f 1673/238/1 1709/792/1 1674/827/1
f 1672/828/1 24/794/1 25/829/1
f 1671/830/1 1707/793/1 1672/828/1
f 1670/831/1 1706/795/1 1671/830/1
f 1669/832/1 1705/796/1 1670/831/1
f 1668/833/1 1704/797/1 1669/832/1
f 1667/834/1 1703/798/1 1668/833/1
f 1666/835/1 1702/799/1 1667/834/1
f 1665/836/1 1701/800/1 1666/835/1
f 1664/837/1 1700/801/1 1665/836/1
f 1663/838/1 1699/802/1 1664/837/1
f 1662/839/1 1698/803/1 1663/838/1
f 1661/840/1 1697/804/1 1662/839/1
f 1660/841/1 1696/805/1 1661/840/1
f 1659/842/1 1695/806/1 1660/841/1
f 1658/843/1 1694/807/1 1659/842/1
f 1657/844/1 1693/808/1 1658/843/1
f 1656/845/1 1692/809/1 1657/844/1
f 1655/846/1 1691/810/1 1656/845/1
f 1654/847/1 1690/811/1 1655/846/1
f 1653/848/1 1689/812/1 1654/847/1
f 1652/849/1 1688/813/1 1653/848/1
f 1651/850/1 1687/814/1 1652/849/1
f 1650/851/1 1686/815/1 1651/850/1
f 1649/852/1 1685/816/1 1650/851/1
f 1648/853/1 1684/817/1 1649/852/1
f 1647/854/1 1683/818/1 1648/853/1
f 1646/855/1 1682/819/1 1647/854/1
f 1645/856/1 1681/820/1 1646/855/1
f 1644/857/1 1680/821/1 1645/856/1
f 1643/858/1 1679/822/1 1644/857/1
f 1642/859/1 1678/823/1 1643/858/1
f 1641/860/1 1677/824/1 1642/859/1
f 1640/861/1 1676/825/1 1641/860/1
f 1639/862/1 1675/826/1 1640/861/1
f 1638/236/1 1674/827/1 1639/862/1
f 1637/863/1 25/829/1 26/864/1
f 1636/865/1 1672/828/1 1637/863/1
f 1635/866/1 1671/830/1 1636/865/1
f 1634/867/1 1670/831/1 1635/866/1
f 1633/868/1 1669/832/1 1634/867/1
f 1632/869/1 1668/833/1 1633/868/1
f 1631/870/1 1667/834/1 1632/869/1
f 1630/871/1 1666/835/1 1631/870/1
f 1629/872/1 1665/836/1 1630/871/1
f 1628/873/1 1664/837/1 1629/872/1
f 1627/874/1 1663/838/1 1628/873/1
f 1626/875/1 1662/839/1 1627/874/1
f 1625/876/1 1661/840/1 1626/875/1
f 1624/877/1 1660/841/1 1625/876/1
f 1623/878/1 1659/842/1 1624/877/1
f 1622/879/1 1658/843/1 1623/878/1
f 1621/880/1 1657/844/1 1622/879/1
f 1620/881/1 1656/845/1 1621/880/1
f 1619/882/1 1655/846/1 1620/881/1
f 1618/883/1 1654/847/1 1619/882/1
f 1617/884/1 1653/848/1 1618/883/1
f 1616/885/1 1652/849/1 1617/884/1
f 1615/886/1 1651/850/1 1616/885/1
f 1614/887/1 1650/851/1 1615/886/1
f 1613/888/1 1649/852/1 1614/887/1
f 1612/889/1 1648/853/1 1613/888/1
f 1611/890/1 1647/854/1 1612/889/1
f 1610/891/1 1646/855/1 1611/890/1
f 1609/892/1 1645/856/1 1610/891/1
f 1608/893/1 1644/857/1 1609/892/1
f 1607/894/1 1643/858/1 1608/893/1
f 1606/895/1 1642/859/1 1607/894/1
f 1605/896/1 1641/860/1 1606/895/1
f 1604/897/1 1640/861/1 1605/896/1
f 1603/234/1 1639/862/1 1604/897/1
f 1602/898/1 26/864/1 52/899/1
f 1601/900/1 1637/863/1 1602/898/1
f 1600/901/1 1636/865/1 1601/900/1
f 1599/902/1 1635/866/1 1600/901/1
f 1598/903/1 1634/867/1 1599/902/1
f 1597/904/1 1633/868/1 1598/903/1
f 1596/905/1 1632/869/1 1597/904/1
f 1595/906/1 1631/870/1 1596/905/1
f 1594/907/1 1630/871/1 1595/906/1
f 1593/908/1 1629/872/1 1594/907/1
f 1592/909/1 1628/873/1 1593/908/1
f 1591/910/1 1627/874/1 1592/909/1
f 1590/911/1 1626/875/1 1591/910/1
f 1589/912/1 1625/876/1 1590/911/1
f 1588/913/1 1624/877/1 1589/912/1
f 1587/914/1 1623/878/1 1588/913/1
f 1586/915/1 1622/879/1 1587/914/1
f 1585/916/1 1621/880/1 1586/915/1
f 1584/917/1 1620/881/1 1585/916/1
f 1583/918/1 1619/882/1 1584/917/1
f 1582/919/1 1618/883/1 1583/918/1
f 1581/920/1 1617/884/1 1582/919/1
f 1580/921/1 1616/885/1 1581/920/1
f 1579/922/1 1615/886/1 1580/921/1
f 1578/923/1 1614/887/1 1579/922/1
f 1577/924/1 1613/888/1 1578/923/1
f 1576/925/1 1612/889/1 1577/924/1
f 1575/926/1 1611/890/1 1576/925/1
f 1574/927/1 1610/891/1 1575/926/1
f 1573/928/1 1609/892/1 1574/927/1
f 1572/929/1 1608/893/1 1573/928/1
f 1571/930/1 1607/894/1 1572/929/1
f 1570/931/1 1606/895/1 1571/930/1
f 1569/932/1 1605/896/1 1570/931/1
f 1568/232/1 1604/897/1 1569/932/1
f 1567/933/1 52/899/1 97/934/1
f 1566/935/1 1602/898/1 1567/933/1
f 1565/936/1 1601/900/1 1566/935/1
f 1564/937/1 1600/901/1 1565/936/1
f 1563/938/1 1599/902/1 1564/937/1
f 1562/939/1 1598/903/1 1563/938/1
f 1561/940/1 1597/904/1 1562/939/1
f 1560/941/1 1596/905/1 1561/940/1
f 1559/942/1 1595/906/1 1560/941/1
f 1558/943/1 1594/907/1 1559/942/1
f 1557/944/1 1593/908/1 1558/943/1
f 1556/945/1 1592/909/1 1557/944/1
f 1555/946/1 1591/910/1 1556/945/1
f 1554/947/1 1590/911/1 1555/946/1
f 1553/948/1 1589/912/1 1554/947/1
f 1552/949/1 1588/913/1 1553/948/1
f 1551/950/1 1587/914/1 1552/949/1
f 1550/951/1 1586/915/1 1551/950/1
f 1549/952/1 1585/916/1 1550/951/1
f 1548/953/1 1584/917/1 1549/952/1
f 1547/954/1 1583/918/1 1548/953/1
f 1546/955/1 1582/919/1 1547/954/1
f 1545/956/1 1581/920/1 1546/955/1
f 1544/957/1 1580/921/1 1545/956/1
f 1543/958/1 1579/922/1 1544/957/1
f 1542/959/1 1578/923/1 1543/958/1
f 1541/960/1 1577/924/1 1542/959/1
f 1540/961/1 1576/925/1 1541/960/1
f 1539/962/1 1575/926/1 1540/961/1
f 1538/963/1 1574/927/1 1539/962/1
f 1537/964/1 1573/928/1 1538/963/1
f 1536/965/1 1572/929/1 1537/964/1
f 1535/966/1 1571/930/1 1536/965/1
f 1534/967/1 1570/931/1 1535/966/1
f 1533/230/1 1569/932/1 1534/967/1
f 1532/968/1 97/934/1 124/969/1
f 1531/970/1 1567/933/1 1532/968/1
f 1530/971/1 1566/935/1 1531/970/1
f 1529/972/1 1565/936/1 1530/971/1
f 1528/973/1 1564/937/1 1529/972/1
f 1527/974/1 1563/938/1 1528/973/1
f 1526/975/1 1562/939/1 1527/974/1
f 1525/976/1 1561/940/1 1526/975/1
f 1524/977/1 1560/941/1 1525/976/1
f 1523/978/1 1559/942/1 1524/977/1
f 1522/979/1 1558/943/1 1523/978/1
f 1521/980/1 1557/944/1 1522/979/1
f 1520/981/1 1556/945/1 1521/980/1
f 1519/982/1 1555/946/1 1520/981/1
f 1518/983/1 1554/947/1 1519/982/1
f 1517/984/1 1553/948/1 1518/983/1
f 1516/985/1 1552/949/1 1517/984/1
f 1515/986/1 1551/950/1 1516/985/1
f 1514/987/1 1550/951/1 1515/986/1
f 1513/988/1 1549/952/1 1514/987/1
f 1512/989/1 1548/953/1 1513/988/1
f 1511/990/1 1547/954/1 1512/989/1
f 1510/991/1 1546/955/1 1511/990/1
f 1509/992/1 1545/956/1 1510/991/1
f 1508/993/1 1544/957/1 1509/992/1
f 1507/994/1 1543/958/1 1508/993/1
f 1506/995/1 1542/959/1 1507/994/1
f 1505/996/1 1541/960/1 1506/995/1
f 1504/997/1 1540/961/1 1505/996/1
f 1503/998/1 1539/962/1 1504/997/1
f 1502/999/1 1538/963/1 1503/998/1
f 1501/1000/1 1537/964/1 1502/999/1
f 1500/1001/1 1536/965/1 1501/1000/1
f 1499/1002/1 1535/966/1 1500/1001/1
f 1498/228/1 1534/967/1 1499/1002/1
f 1497/1003/1 124/969/1 131/1004/1
f 1496/1005/1 1532/968/1 1497/1003/1
f 1495/1006/1 1531/970/1 1496/1005/1
f 1494/1007/1 1530/971/1 1495/1006/1
f 1493/1008/1 1529/972/1 1494/1007/1
f 1492/1009/1 1528/973/1 1493/1008/1
f 1491/1010/1 1527/974/1 1492/1009/1
f 1490/1011/1 1526/975/1 1491/1010/1
f 1489/1012/1 1525/976/1 1490/1011/1
f 1488/1013/1 1524/977/1 1489/1012/1
f 1487/1014/1 1523/978/1 1488/1013/1
f 1486/1015/1 1522/979/1 1487/1014/1
f 1485/1016/1 1521/980/1 1486/1015/1
f 1484/1017/1 1520/981/1 1485/1016/1
f 1483/1018/1 1519/982/1 1484/1017/1
f 1482/1019/1 1518/983/1 1483/1018/1
f 1481/1020/1 1517/984/1 1482/1019/1
f 1480/1021/1 1516/985/1 1481/1020/1
f 1479/1022/1 1515/986/1 1480/1021/1
f 1478/1023/1 1514/987/1 1479/1022/1
f 1477/1024/1 1513/988/1 1478/1023/1
f 1476/1025/1 1512/989/1 1477/1024/1
f 1475/1026/1 1511/990/1 1476/1025/1
f 1474/1027/1 1510/991/1 1475/1026/1
f 1473/1028/1 1509/992/1 1474/1027/1
f 1472/1029/1 1508/993/1 1473/1028/1
f 1471/1030/1 1507/994/1 1472/1029/1
f 1470/1031/1 1506/995/1 1471/1030/1
f 1469/1032/1 1505/996/1 1470/1031/1
f 1468/1033/1 1504/997/1 1469/1032/1
f 1467/1034/1 1503/998/1 1468/1033/1
f 1466/1035/1 1502/999/1 1467/1034/1
f 1465/1036/1 1501/1000/1 1466/1035/1
f 1464/1037/1 1500/1001/1 1465/1036/1
f 1463/226/1 1499/1002/1 1464/1037/1
f 1462/1038/1 131/1004/1 138/1039/1
f 1461/1040/1 1497/1003/1 1462/1038/1
f 1460/1041/1 1496/1005/1 1461/1040/1
f 1459/1042/1 1495/1006/1 1460/1041/1
f 1458/1043/1 1494/1007/1 1459/1042/1
f 1457/1044/1 1493/1008/1 1458/1043/1
f 1456/1045/1 1492/1009/1 1457/1044/1
f 1455/1046/1 1491/1010/1 1456/1045/1
f 1454/1047/1 1490/1011/1 1455/1046/1
f 1453/1048/1 1489/1012/1 1454/1047/1
f 1452/1049/1 1488/1013/1 1453/1048/1
f 1451/1050/1 1487/1014/1 1452/1049/1
f 1450/1051/1 1486/1015/1 1451/1050/1
f 1449/1052/1 1485/1016/1 1450/1051/1
f 1448/1053/1 1484/1017/1 1449/1052/1
f 1447/1054/1 1483/1018/1 1448/1053/1
f 1446/1055/1 1482/1019/1 1447/1054/1
f 1445/1056/1 1481/1020/1 1446/1055/1
f 1444/1057/1 1480/1021/1 1445/1056/1
f 1443/1058/1 1479/1022/1 1444/1057/1
f 1442/1059/1 1478/1023/1 1443/1058/1
f 1441/1060/1 1477/1024/1 1442/1059/1
f 1440/1061/1 1476/1025/1 1441/1060/1
f 1439/1062/1 1475/1026/1 1440/1061/1
f 1438/1063/1 1474/1027/1 1439/1062/1
f 1437/1064/1 1473/1028/1 1438/1063/1
f 1436/1065/1 1472/1029/1 1437/1064/1
f 1435/1066/1 1471/1030/1 1436/1065/1
f 1434/1067/1 1470/1031/1 1435/1066/1
f 1433/1068/1 1469/1032/1 1434/1067/1
f 1432/1069/1 1468/1033/1 1433/1068/1
f 1431/1070/1 1467/1034/1 1432/1069/1
f 1430/1071/1 1466/1035/1 1431/1070/1
f 1429/1072/1 1465/1036/1 1430/1071/1
f 1428/224/1 1464/1037/1 1429/1072/1
f 1427/1073/1 138/1039/1 150/1074/1
f 1426/1075/1 1462/1038/1 1427/1073/1
f 1425/1076/1 1461/1040/1 1426/1075/1
f 1424/1077/1 1460/1041/1 1425/1076/1
f 1423/1078/1 1459/1042/1 1424/1077/1
f 1422/1079/1 1458/1043/1 1423/1078/1
f 1421/1080/1 1457/1044/1 1422/1079/1
f 1420/1081/1 1456/1045/1 1421/1080/1
f 1419/1082/1 1455/1046/1 1420/1081/1
f 1418/1083/1 1454/1047/1 1419/1082/1
f 1417/1084/1 1453/1048/1 1418/1083/1
f 1416/1085/1 1452/1049/1 1417/1084/1
f 1415/1086/1 1451/1050/1 1416/1085/1
f 1414/1087/1 1450/1051/1 1415/1086/1
f 1413/1088/1 1449/1052/1 1414/1087/1
f 1412/1089/1 1448/1053/1 1413/1088/1
f 1411/1090/1 1447/1054/1 1412/1089/1
f 1410/1091/1 1446/1055/1 1411/1090/1
f 1409/1092/1 1445/1056/1 1410/1091/1
f 1408/1093/1 1444/1057/1 1409/1092/1
f 1407/1094/1 1443/1058/1 1408/1093/1
f 1406/1095/1 1442/1059/1 1407/1094/1
f 1405/1096/1 1441/1060/1 1406/1095/1
f 1404/1097/1 1440/1061/1 1405/1096/1
f 1403/1098/1 1439/1062/1 1404/1097/1
f 1402/1099/1 1438/1063/1 1403/1098/1
f 1401/1100/1 1437/1064/1 1402/1099/1
f 1400/1101/1 1436/1065/1 1401/1100/1
f 1399/1102/1 1435/1066/1 1400/1101/1
f 1398/1103/1 1434/1067/1 1399/1102/1
f 1397/1104/1 1433/1068/1 1398/1103/1
f 1396/1105/1 1432/1069/1 1397/1104/1
f 1395/1106/1 1431/1070/1 1396/1105/1
f 1394/1107/1 1430/1071/1 1395/1106/1
f 1393/222/1 1429/1072/1 1394/1107/1
f 1392/1108/1 150/1074/1 157/1109/1
f 1391/1110/1 1427/1073/1 1392/1108/1
f 1390/1111/1 1426/1075/1 1391/1110/1
f 1389/1112/1 1425/1076/1 1390/1111/1
f 1388/1113/1 1424/1077/1 1389/1112/1
f 1387/1114/1 1423/1078/1 1388/1113/1
f 1386/1115/1 1422/1079/1 1387/1114/1
f 1385/1116/1 1421/1080/1 1386/1115/1
f 1384/1117/1 1420/1081/1 1385/1116/1
f 1383/1118/1 1419/1082/1 1384/1117/1
f 1382/1119/1 1418/1083/1 1383/1118/1
f 1381/1120/1 1417/1084/1 1382/1119/1
f 1380/1121/1 1416/1085/1 1381/1120/1
f 1379/1122/1 1415/1086/1 1380/1121/1
f 1378/1123/1 1414/1087/1 1379/1122/1
f 1377/1124/1 1413/1088/1 1378/1123/1
f 1376/1125/1 1412/1089/1 1377/1124/1
f 1375/1126/1 1411/1090/1 1376/1125/1
f 1374/1127/1 1410/1091/1 1375/1126/1
f 1373/1128/1 1409/1092/1 1374/1127/1
f 1372/1129/1 1408/1093/1 1373/1128/1
f 1371/1130/1 1407/1094/1 1372/1129/1
f 1370/1131/1 1406/1095/1 1371/1130/1
f 1369/1132/1 1405/1096/1 1370/1131/1
f 1368/1133/1 1404/1097/1 1369/1132/1
f 1367/1134/1 1403/1098/1 1368/1133/1
f 1366/1135/1 1402/1099/1 1367/1134/1
f 1365/1136/1 1401/1100/1 1366/1135/1
f 1364/1137/1 1400/1101/1 1365/1136/1
f 1363/1138/1 1399/1102/1 1364/1137/1
f 1362/1139/1 1398/1103/1 1363/1138/1
f 1361/1140/1 1397/1104/1 1362/1139/1
f 1360/1141/1 1396/1105/1 1361/1140/1
f 1359/1142/1 1395/1106/1 1360/1141/1
f 1358/220/1 1394/1107/1 1359/1142/1
f 1357/1143/1 157/1109/1 162/1144/1
f 1356/1145/1 1392/1108/1 1357/1143/1
f 1355/1146/1 1391/1110/1 1356/1145/1
f 1354/1147/1 1390/1111/1 1355/1146/1
f 1353/1148/1 1389/1112/1 1354/1147/1
f 1352/1149/1 1388/1113/1 1353/1148/1
f 1351/1150/1 1387/1114/1 1352/1149/1
f 1350/1151/1 1386/1115/1 1351/1150/1
f 1349/1152/1 1385/1116/1 1350/1151/1
f 1348/1153/1 1384/1117/1 1349/1152/1
f 1347/1154/1 1383/1118/1 1348/1153/1
f 1346/1155/1 1382/1119/1 1347/1154/1
f 1345/1156/1 1381/1120/1 1346/1155/1
f 1344/1157/1 1380/1121/1 1345/1156/1
f 1343/1158/1 1379/1122/1 1344/1157/1
f 1342/1159/1 1378/1123/1 1343/1158/1
f 1341/1160/1 1377/1124/1 1342/1159/1
f 1340/1161/1 1376/1125/1 1341/1160/1
f 1339/1162/1 1375/1126/1 1340/1161/1
f 1338/1163/1 1374/1127/1 1339/1162/1
f 1337/1164/1 1373/1128/1 1338/1163/1
f 1336/1165/1 1372/1129/1 1337/1164/1
f 1335/1166/1 1371/1130/1 1336/1165/1
f 1334/1167/1 1370/1131/1 1335/1166/1
f 1333/1168/1 1369/1132/1 1334/1167/1
f 1332/1169/1 1368/1133/1 1333/1168/1
f 1331/1170/1 1367/1134/1 1332/1169/1
f 1330/1171/1 1366/1135/1 1331/1170/1
f 1329/1172/1 1365/1136/1 1330/1171/1
f 1328/1173/1 1364/1137/1 1329/1172/1
f 1327/1174/1 1363/1138/1 1328/1173/1
f 1326/1175/1 1362/1139/1 1327/1174/1
f 1325/1176/1 1361/1140/1 1326/1175/1
f 1324/1177/1 1360/1141/1 1325/1176/1
f 1323/218/1 1359/1142/1 1324/1177/1
f 1322/1178/1 162/1144/1 165/1179/1
f 1321/1180/1 1357/1143/1 1322/1178/1
f 1320/1181/1 1356/1145/1 1321/1180/1
f 1319/1182/1 1355/1146/1 1320/1181/1
f 1318/1183/1 1354/1147/1 1319/1182/1
f 1317/1184/1 1353/1148/1 1318/1183/1
f 1316/1185/1 1352/1149/1 1317/1184/1
f 1315/1186/1 1351/1150/1 1316/1185/1
f 1314/1187/1 1350/1151/1 1315/1186/1
f 1313/1188/1 1349/1152/1 1314/1187/1
f 1312/1189/1 1348/1153/1 1313/1188/1
f 1311/1190/1 1347/1154/1 1312/1189/1
f 1310/1191/1 1346/1155/1 1311/1190/1
f 1309/1192/1 1345/1156/1 1310/1191/1
f 1308/1193/1 1344/1157/1 1309/1192/1
f 1307/1194/1 1343/1158/1 1308/1193/1
f 1306/1195/1 1342/1159/1 1307/1194/1
f 1305/1196/1 1341/1160/1 1306/1195/1
f 1304/1197/1 1340/1161/1 1305/1196/1
f 1303/1198/1 1339/1162/1 1304/1197/1
f 1302/1199/1 1338/1163/1 1303/1198/1
f 1301/1200/1 1337/1164/1 1302/1199/1
f 1300/1201/1 1336/1165/1 1301/1200/1
f 1299/1202/1 1335/1166/1 1300/1201/1
f 1298/1203/1 1334/1167/1 1299/1202/1
f 1297/1204/1 1333/1168/1 1298/1203/1
f 1296/1205/1 1332/1169/1 1297/1204/1
f 1295/1206/1 1331/1170/1 1296/1205/1
f 1294/1207/1 1330/1171/1 1295/1206/1
f 1293/1208/1 1329/1172/1 1294/1207/1
f 1292/1209/1 1328/1173/1 1293/1208/1
f 1291/1210/1 1327/1174/1 1292/1209/1
f 1290/1211/1 1326/1175/1 1291/1210/1
f 1289/1212/1 1325/1176/1 1290/1211/1
f 1288/216/1 1324/1177/1 1289/1212/1
f 1287/1213/1 165/1179/1 169/1214/1
f 1286/1215/1 1322/1178/1 1287/1213/1
f 1285/1216/1 1321/1180/1 1286/1215/1
f 1284/1217/1 1320/1181/1 1285/1216/1
f 1283/1218/1 1319/1182/1 1284/1217/1
f 1282/1219/1 1318/1183/1 1283/1218/1
f 1281/1220/1 1317/1184/1 1282/1219/1
f 1280/1221/1 1316/1185/1 1281/1220/1
f 1279/1222/1 1315/1186/1 1280/1221/1
f 1278/1223/1 1314/1187/1 1279/1222/1
f 1277/1224/1 1313/1188/1 1278/1223/1
f 1276/1225/1 1312/1189/1 1277/1224/1
f 1275/1226/1 1311/1190/1 1276/1225/1
f 1274/1227/1 1310/1191/1 1275/1226/1
f 1273/1228/1 1309/1192/1 1274/1227/1
f 1272/1229/1 1308/1193/1 1273/1228/1
f 1271/1230/1 1307/1194/1 1272/1229/1
f 1270/1231/1 1306/1195/1 1271/1230/1
f 1269/1232/1 1305/1196/1 1270/1231/1
f 1268/1233/1 1304/1197/1 1269/1232/1
f 1267/1234/1 1303/1198/1 1268/1233/1
f 1266/1235/1 1302/1199/1 1267/1234/1
f 1265/1236/1 1301/1200/1 1266/1235/1
f 1264/1237/1 1300/1201/1 1265/1236/1
f 1263/1238/1 1299/1202/1 1264/1237/1
f 1262/1239/1 1298/1203/1 1263/1238/1
f 1261/1240/1 1297/1204/1 1262/1239/1
f 1260/1241/1 1296/1205/1 1261/1240/1
f 1259/1242/1 1295/1206/1 1260/1241/1
f 1258/1243/1 1294/1207/1 1259/1242/1
f 1257/1244/1 1293/1208/1 1258/1243/1
f 1256/1245/1 1292/1209/1 1257/1244/1
f 1255/1246/1 1291/1210/1 1256/1245/1
f 1254/1247/1 1290/1211/1 1255/1246/1
f 1253/214/1 1289/1212/1 1254/1247/1
f 1252/1248/1 169/1214/1 174/1249/1
f 1251/1250/1 1287/1213/1 1252/1248/1
f 1250/1251/1 1286/1215/1 1251/1250/1
f 1249/1252/1 1285/1216/1 1250/1251/1
f 1248/1253/1 1284/1217/1 1249/1252/1
f 1247/1254/1 1283/1218/1 1248/1253/1
f 1246/1255/1 1282/1219/1 1247/1254/1
f 1245/1256/1 1281/1220/1 1246/1255/1
f 1244/1257/1 1280/1221/1 1245/1256/1
f 1243/1258/1 1279/1222/1 1244/1257/1
f 1242/1259/1 1278/1223/1 1243/1258/1
f 1241/1260/1 1277/1224/1 1242/1259/1
f 1240/1261/1 1276/1225/1 1241/1260/1
f 1239/1262/1 1275/1226/1 1240/1261/1
f 1238/1263/1 1274/1227/1 1239/1262/1
f 1237/1264/1 1273/1228/1 1238/1263/1
f 1236/1265/1 1272/1229/1 1237/1264/1
f 1235/1266/1 1271/1230/1 1236/1265/1
f 1234/1267/1 1270/1231/1 1235/1266/1
f 1233/1268/1 1269/1232/1 1234/1267/1
f 1232/1269/1 1268/1233/1 1233/1268/1
f 1231/1270/1 1267/1234/1 1232/1269/1
f 1230/1271/1 1266/1235/1 1231/1270/1
f 1229/1272/1 1265/1236/1 1230/1271/1
f 1228/1273/1 1264/1237/1 1229/1272/1
f 1227/1274/1 1263/1238/1 1228/1273/1
f 1226/1275/1 1262/1239/1 1227/1274/1
f 1225/1276/1 1261/1240/1 1226/1275/1
f 1224/1277/1 1260/1241/1 1225/1276/1
f 1223/1278/1 1259/1242/1 1224/1277/1
f 1222/1279/1 1258/1243/1 1223/1278/1
f 1221/1280/1 1257/1244/1 1222/1279/1
f 1220/1281/1 1256/1245/1 1221/1280/1
f 1219/1282/1 1255/1246/1 1220/1281/1
f 1218/212/1 1254/1247/1 1219/1282/1
f 1217/1283/1 174/1249/1 178/1284/1
f 1216/1285/1 1252/1248/1 1217/1283/1
f 1215/1286/1 1251/1250/1 1216/1285/1
f 1214/1287/1 1250/1251/1 1215/1286/1
f 1213/1288/1 1249/1252/1 1214/1287/1
f 1212/1289/1 1248/1253/1 1213/1288/1
f 1211/1290/1 1247/1254/1 1212/1289/1
f 1210/1291/1 1246/1255/1 1211/1290/1
f 1209/1292/1 1245/1256/1 1210/1291/1
f 1208/1293/1 1244/1257/1 1209/1292/1
f 1207/1294/1 1243/1258/1 1208/1293/1
f 1206/1295/1 1242/1259/1 1207/1294/1
f 1205/1296/1 1241/1260/1 1206/1295/1
f 1204/1297/1 1240/1261/1 1205/1296/1
f 1203/1298/1 1239/1262/1 1204/1297/1
f 1202/1299/1 1238/1263/1 1203/1298/1
f 1201/1300/1 1237/1264/1 1202/1299/1
f 1200/1301/1 1236/1265/1 1201/1300/1
f 1199/1302/1 1235/1266/1 1200/1301/1
f 1198/1303/1 1234/1267/1 1199/1302/1
f 1197/1304/1 1233/1268/1 1198/1303/1
f 1196/1305/1 1232/1269/1 1197/1304/1
f 1195/1306/1 1231/1270/1 1196/1305/1
f 1194/1307/1 1230/1271/1 1195/1306/1
f 1193/1308/1 1229/1272/1 1194/1307/1
f 1192/1309/1 1228/1273/1 1193/1308/1
f 1191/1310/1 1227/1274/1 1192/1309/1
f 1190/1311/1 1226/1275/1 1191/1310/1
f 1189/1312/1 1225/1276/1 1190/1311/1
f 1188/1313/1 1224/1277/1 1189/1312/1
f 1187/1314/1 1223/1278/1 1188/1313/1
f 1186/1315/1 1222/1279/1 1187/1314/1
f 1185/1316/1 1221/1280/1 1186/1315/1
f 1184/1317/1 1220/1281/1 1185/1316/1
f 1183/210/1 1219/1282/1 1184/1317/1
f 1182/1318/1 178/1284/1 181/1319/1
f 1181/1320/1 1217/1283/1 1182/1318/1
f 1180/1321/1 1216/1285/1 1181/1320/1
f 1179/1322/1 1215/1286/1 1180/1321/1
f 1178/1323/1 1214/1287/1 1179/1322/1
f 1177/1324/1 1213/1288/1 1178/1323/1
f 1176/1325/1 1212/1289/1 1177/1324/1
f 1175/1326/1 1211/1290/1 1176/1325/1
f 1174/1327/1 1210/1291/1 1175/1326/1
f 1173/1328/1 1209/1292/1 1174/1327/1
f 1172/1329/1 1208/1293/1 1173/1328/1
f 1171/1330/1 1207/1294/1 1172/1329/1
f 1170/1331/1 1206/1295/1 1171/1330/1
f 1169/1332/1 1205/1296/1 1170/1331/1
f 1168/1333/1 1204/1297/1 1169/1332/1
f 1167/1334/1 1203/1298/1 1168/1333/1
f 1166/1335/1 1202/1299/1 1167/1334/1
f 1165/1336/1 1201/1300/1 1166/1335/1
f 1164/1337/1 1200/1301/1 1165/1336/1
f 1163/1338/1 1199/1302/1 1164/1337/1
f 1162/1339/1 1198/1303/1 1163/1338/1
f 1161/1340/1 1197/1304/1 1162/1339/1
f 1160/1341/1 1196/1305/1 1161/1340/1
f 1159/1342/1 1195/1306/1 1160/1341/1
f 1158/1343/1 1194/1307/1 1159/1342/1
f 1157/1344/1 1193/1308/1 1158/1343/1
f 1156/1345/1 1192/1309/1 1157/1344/1
f 1155/1346/1 1191/1310/1 1156/1345/1
f 1154/1347/1 1190/1311/1 1155/1346/1
f 1153/1348/1 1189/1312/1 1154/1347/1
f 1152/1349/1 1188/1313/1 1153/1348/1
f 1151/1350/1 1187/1314/1 1152/1349/1
f 1150/1351/1 1186/1315/1 1151/1350/1
f 1149/1352/1 1185/1316/1 1150/1351/1
f 1148/208/1 1184/1317/1 1149/1352/1
f 1147/1353/1 181/1319/1 183/1354/1
f 1146/1355/1 1182/1318/1 1147/1353/1
f 1145/1356/1 1181/1320/1 1146/1355/1
f 1144/1357/1 1180/1321/1 1145/1356/1
f 1143/1358/1 1179/1322/1 1144/1357/1
f 1142/1359/1 1178/1323/1 1143/1358/1
f 1141/1360/1 1177/1324/1 1142/1359/1
f 1140/1361/1 1176/1325/1 1141/1360/1
f 1139/1362/1 1175/1326/1 1140/1361/1
f 1138/1363/1 1174/1327/1 1139/1362/1
f 1137/1364/1 1173/1328/1 1138/1363/1
f 1136/1365/1 1172/1329/1 1137/1364/1
f 1135/1366/1 1171/1330/1 1136/1365/1
f 1134/1367/1 1170/1331/1 1135/1366/1
f 1133/1368/1 1169/1332/1 1134/1367/1
f 1132/1369/1 1168/1333/1 1133/1368/1
f 1131/1370/1 1167/1334/1 1132/1369/1
f 1130/1371/1 1166/1335/1 1131/1370/1
f 1129/1372/1 1165/1336/1 1130/1371/1
f 1128/1373/1 1164/1337/1 1129/1372/1
f 1127/1374/1 1163/1338/1 1128/1373/1
f 1126/1375/1 1162/1339/1 1127/1374/1
f 1125/1376/1 1161/1340/1 1126/1375/1
f 1124/1377/1 1160/1341/1 1125/1376/1
f 1123/1378/1 1159/1342/1 1124/1377/1
f 1122/1379/1 1158/1343/1 1123/1378/1
f 1121/1380/1 1157/1344/1 1122/1379/1
f 1120/1381/1 1156/1345/1 1121/1380/1
f 1119/1382/1 1155/1346/1 1120/1381/1
f 1118/1383/1 1154/1347/1 1119/1382/1
f 1117/1384/1 1153/1348/1 1118/1383/1
f 1116/1385/1 1152/1349/1 1117/1384/1
f 1115/1386/1 1151/1350/1 1116/1385/1
f 1114/1387/1 1150/1351/1 1115/1386/1
f 1113/206/1 1149/1352/1 1114/1387/1
f 1112/1388/1 183/1354/1 185/1389/1
f 1111/1390/1 1147/1353/1 1112/1388/1
f 1110/1391/1 1146/1355/1 1111/1390/1
f 1109/1392/1 1145/1356/1 1110/1391/1
f 1108/1393/1 1144/1357/1 1109/1392/1
f 1107/1394/1 1143/1358/1 1108/1393/1
f 1106/1395/1 1142/1359/1 1107/1394/1
f 1105/1396/1 1141/1360/1 1106/1395/1
f 1104/1397/1 1140/1361/1 1105/1396/1
f 1103/1398/1 1139/1362/1 1104/1397/1
f 1102/1399/1 1138/1363/1 1103/1398/1
f 1101/1400/1 1137/1364/1 1102/1399/1
f 1100/1401/1 1136/1365/1 1101/1400/1
f 1099/1402/1 1135/1366/1 1100/1401/1
f 1098/1403/1 1134/1367/1 1099/1402/1
f 1097/1404/1 1133/1368/1 1098/1403/1
f 1096/1405/1 1132/1369/1 1097/1404/1
f 1095/1406/1 1131/1370/1 1096/1405/1
f 1094/1407/1 1130/1371/1 1095/1406/1
f 1093/1408/1 1129/1372/1 1094/1407/1
f 1092/1409/1 1128/1373/1 1093/1408/1
f 1091/1410/1 1127/1374/1 1092/1409/1
f 1090/1411/1 1126/1375/1 1091/1410/1
f 1089/1412/1 1125/1376/1 1090/1411/1
f 1088/1413/1 1124/1377/1 1089/1412/1
f 1087/1414/1 1123/1378/1 1088/1413/1
f 1086/1415/1 1122/1379/1 1087/1414/1
f 1085/1416/1 1121/1380/1 1086/1415/1
f 1084/1417/1 1120/1381/1 1085/1416/1
f 1083/1418/1 1119/1382/1 1084/1417/1
f 1082/1419/1 1118/1383/1 1083/1418/1
f 1081/1420/1 1117/1384/1 1082/1419/1
f 1080/1421/1 1116/1385/1 1081/1420/1
f 1079/1422/1 1115/1386/1 1080/1421/1
f 1078/204/1 1114/1387/1 1079/1422/1
f 1077/1423/1 185/1389/1 187/1424/1
f 1076/1425/1 1112/1388/1 1077/1423/1
f 1075/1426/1 1111/1390/1 1076/1425/1
f 1074/1427/1 1110/1391/1 1075/1426/1
f 1073/1428/1 1109/1392/1 1074/1427/1
f 1072/1429/1 1108/1393/1 1073/1428/1
f 1071/1430/1 1107/1394/1 1072/1429/1
f 1070/1431/1 1106/1395/1 1071/1430/1
f 1069/1432/1 1105/1396/1 1070/1431/1
f 1068/1433/1 1104/1397/1 1069/1432/1
f 1067/1434/1 1103/1398/1 1068/1433/1
f 1066/1435/1 1102/1399/1 1067/1434/1
f 1065/1436/1 1101/1400/1 1066/1435/1
f 1064/1437/1 1100/1401/1 1065/1436/1
f 1063/1438/1 1099/1402/1 1064/1437/1
f 1062/1439/1 1098/1403/1 1063/1438/1
f 1061/1440/1 1097/1404/1 1062/1439/1
f 1060/1441/1 1096/1405/1 1061/1440/1
f 1059/1442/1 1095/1406/1 1060/1441/1
f 1058/1443/1 1094/1407/1 1059/1442/1
f 1057/1444/1 1093/1408/1 1058/1443/1
f 1056/1445/1 1092/1409/1 1057/1444/1
f 1055/1446/1 1091/1410/1 1056/1445/1
f 1054/1447/1 1090/1411/1 1055/1446/1
f 1053/1448/1 1089/1412/1 1054/1447/1
f 1052/1449/1 1088/1413/1 1053/1448/1
f 1051/1450/1 1087/1414/1 1052/1449/1
f 1050/1451/1 1086/1415/1 1051/1450/1
f 1049/1452/1 1085/1416/1 1050/1451/1
f 1048/1453/1 1084/1417/1 1049/1452/1
f 1047/1454/1 1083/1418/1 1048/1453/1
f 1046/1455/1 1082/1419/1 1047/1454/1
f 1045/1456/1 1081/1420/1 1046/1455/1
f 1044/1457/1 1080/1421/1 1045/1456/1
f 1043/202/1 1079/1422/1 1044/1457/1
f 1042/1458/1 187/1424/1 190/1459/1
f 1041/1460/1 1077/1423/1 1042/1458/1
f 1040/1461/1 1076/1425/1 1041/1460/1
f 1039/1462/1 1075/1426/1 1040/1461/1
f 1038/1463/1 1074/1427/1 1039/1462/1
f 1037/1464/1 1073/1428/1 1038/1463/1
f 1036/1465/1 1072/1429/1 1037/1464/1
f 1035/1466/1 1071/1430/1 1036/1465/1
f 1034/1467/1 1070/1431/1 1035/1466/1
f 1033/1468/1 1069/1432/1 1034/1467/1
f 1032/1469/1 1068/1433/1 1033/1468/1
f 1031/1470/1 1067/1434/1 1032/1469/1
f 1030/1471/1 1066/1435/1 1031/1470/1
f 1029/1472/1 1065/1436/1 1030/1471/1
f 1028/1473/1 1064/1437/1 1029/1472/1
f 1027/1474/1 1063/1438/1 1028/1473/1
f 1026/1475/1 1062/1439/1 1027/1474/1
f 1025/1476/1 1061/1440/1 1026/1475/1
f 1024/1477/1 1060/1441/1 1025/1476/1
f 1023/1478/1 1059/1442/1 1024/1477/1
f 1022/1479/1 1058/1443/1 1023/1478/1
f 1021/1480/1 1057/1444/1 1022/1479/1
f 1020/1481/1 1056/1445/1 1021/1480/1
f 1019/1482/1 1055/1446/1 1020/1481/1
f 1018/1483/1 1054/1447/1 1019/1482/1
f 1017/1484/1 1053/1448/1 1018/1483/1
f 1016/1485/1 1052/1449/1 1017/1484/1
f 1015/1486/1 1051/1450/1 1016/1485/1
f 1014/1487/1 1050/1451/1 1015/1486/1
f 1013/1488/1 1049/1452/1 1014/1487/1
f 1012/1489/1 1048/1453/1 1013/1488/1
f 1011/1490/1 1047/1454/1 1012/1489/1
f 1010/1491/1 1046/1455/1 1011/1490/1
f 1009/1492/1 1045/1456/1 1010/1491/1
f 1008/199/1 1044/1457/1 1009/1492/1
f 305/1493/1 190/1459/1 1/1494/1
f 305/1493/1 1041/1460/1 1042/1458/1
f 306/1495/1 1040/1461/1 1041/1460/1
f 307/1496/1 1039/1462/1 1040/1461/1
f 308/1497/1 1038/1463/1 1039/1462/1
f 309/1498/1 1037/1464/1 1038/1463/1
f 310/1499/1 1036/1465/1 1037/1464/1
f 311/1500/1 1035/1466/1 1036/1465/1
f 312/1501/1 1034/1467/1 1035/1466/1
f 313/1502/1 1033/1468/1 1034/1467/1
f 314/1503/1 1032/1469/1 1033/1468/1
f 315/1504/1 1031/1470/1 1032/1469/1
f 316/1505/1 1030/1471/1 1031/1470/1
f 317/1506/1 1029/1472/1 1030/1471/1
f 318/1507/1 1028/1473/1 1029/1472/1
f 319/1508/1 1027/1474/1 1028/1473/1
f 320/1509/1 1026/1475/1 1027/1474/1
f 321/1510/1 1025/1476/1 1026/1475/1
f 322/1511/1 1024/1477/1 1025/1476/1
f 323/1512/1 1023/1478/1 1024/1477/1
f 324/1513/1 1022/1479/1 1023/1478/1
f 325/1514/1 1021/1480/1 1022/1479/1
f 326/1515/1 1020/1481/1 1021/1480/1
f 327/1516/1 1019/1482/1 1020/1481/1
f 328/1517/1 1018/1483/1 1019/1482/1
f 329/1518/1 1017/1484/1 1018/1483/1
f 330/1519/1 1016/1485/1 1017/1484/1
f 331/1520/1 1015/1486/1 1016/1485/1
f 332/1521/1 1014/1487/1 1015/1486/1
f 333/1522/1 1013/1488/1 1014/1487/1
f 334/1523/1 1012/1489/1 1013/1488/1
f 335/1524/1 1011/1490/1 1012/1489/1
f 336/1525/1 1010/1491/1 1011/1490/1
f 337/1526/1 1009/1492/1 1010/1491/1
f 338/1527/1 1008/199/1 1009/1492/1
f 972/1528/3 235/11/3 236/154/3
f 972/1528/3 2663/1529/3 2661/1530/3
f 1006/1531/3 2664/1532/3 1005/1533/3
f 1005/1533/3 2665/1534/3 1004/1535/3
f 1004/1535/3 2666/1536/3 1003/1537/3
f 1003/1537/3 2667/1538/3 1002/1539/3
f 1002/1539/3 2668/1540/3 1001/1541/3
f 1001/1541/3 2669/1542/3 1000/1543/3
f 1000/1543/3 2670/1544/3 999/1545/3
f 999/1545/3 2671/1546/3 998/1547/3
f 998/1547/3 2672/1548/3 997/1549/3
f 997/1549/3 2673/1550/3 996/1551/3
f 996/1551/3 2674/1552/3 995/1553/3
f 2675/1554/3 2676/1555/3 994/1556/3
f 2679/1557/3 993/1558/3 2678/1559/3
f 970/1560/3 993/1558/3 971/1561/3
f 969/1562/3 992/1563/3 970/1560/3
f 968/1564/3 991/1565/3 969/1562/3
f 943/1566/6 2295/1567/6 935/1568/6
f 966/1569/3 989/1570/3 967/1571/3
f 966/1569/3 2531/1572/3 2529/1573/3
f 987/1574/3 2532/1575/3 986/1576/3
f 986/1576/3 2533/1577/3 985/1578/3
f 985/1578/3 2534/1579/3 984/1580/3
f 984/1580/3 2535/1581/3 983/1582/3
f 983/1582/3 2536/1583/3 982/1584/3
f 982/1584/3 2537/1585/3 981/1586/3
f 981/1586/3 2538/1587/3 980/1588/3
f 980/1588/3 2539/1589/3 979/1590/3
f 979/1590/3 2540/1591/3 978/1592/3
f 978/1592/3 2541/1593/3 977/1594/3
f 977/1594/3 2542/1595/3 976/1596/3
f 975/1597/3 2544/1598/3 2546/1599/3
f 2550/1600/3 2548/1601/3 975/1597/3
f 964/197/3 974/1602/3 965/1603/3
f 963/1604/3 236/154/3 237/152/3
f 972/1528/3 2683/1605/3 2663/1529/3
f 971/1561/3 2687/1606/3 2684/1607/3
f 2690/1608/3 2691/1609/3 962/1610/3
f 961/1611/3 970/1560/3 962/1610/3
f 960/1612/3 969/1562/3 961/1611/3
f 692/1613/5 2268/1614/5 714/1615/5
f 958/1616/3 967/1571/3 959/1617/3
f 966/1569/3 2551/1618/3 2531/1572/3
f 965/1603/3 2557/1619/3 2552/1620/3
f 956/196/3 965/1603/3 957/1621/3
f 955/1622/3 237/152/3 238/150/3
f 963/1604/3 2692/1623/3 2683/1605/3
f 954/1624/3 2688/1625/3 2693/1626/3
f 953/1627/3 962/1610/3 954/1624/3
f 952/1628/3 961/1611/3 953/1627/3
f 967/1571/6 2301/1629/6 959/1617/6
f 950/1630/3 959/1617/3 951/1631/3
f 958/1616/3 2559/1632/3 2551/1618/3
f 949/1633/3 2555/1634/3 2560/1635/3
f 948/195/3 957/1621/3 949/1633/3
f 947/1636/3 238/150/3 239/148/3
f 955/1622/3 2694/1637/3 2692/1623/3
f 946/1638/3 2693/1626/3 2695/1639/3
f 945/1640/3 954/1624/3 946/1638/3
f 944/1641/3 953/1627/3 945/1640/3
f 732/1642/5 2274/1643/5 741/1644/5
f 942/1645/3 951/1631/3 943/1566/3
f 950/1630/3 2561/1646/3 2559/1632/3
f 941/1647/3 2560/1635/3 2562/1648/3
f 940/194/3 949/1633/3 941/1647/3
f 939/1649/3 239/148/3 240/146/3
f 947/1636/3 2696/1650/3 2694/1637/3
f 938/1651/3 2695/1639/3 2697/1652/3
f 937/1653/3 946/1638/3 938/1651/3
f 936/1654/3 945/1640/3 937/1653/3
f 772/1655/5 2280/1656/5 807/1657/5
f 934/1658/3 943/1566/3 935/1568/3
f 942/1645/3 2563/1659/3 2561/1646/3
f 933/1660/3 2562/1648/3 2564/1661/3
f 932/193/3 941/1647/3 933/1660/3
f 931/1662/3 240/146/3 241/144/3
f 939/1649/3 2698/1663/3 2696/1650/3
f 930/1664/3 2697/1652/3 2699/1665/3
f 929/1666/3 938/1651/3 930/1664/3
f 928/1667/3 937/1653/3 929/1666/3
f 844/1668/5 2286/1669/5 879/1670/5
f 926/1671/3 935/1568/3 927/1672/3
f 934/1658/3 2565/1673/3 2563/1659/3
f 925/1674/3 2564/1661/3 2566/1675/3
f 924/192/3 933/1660/3 925/1674/3
f 923/1676/3 241/144/3 242/142/3
f 931/1662/3 2700/1677/3 2698/1663/3
f 922/1678/3 2699/1665/3 2701/1679/3
f 921/1680/3 930/1664/3 922/1678/3
f 920/1681/3 929/1666/3 921/1680/3
f 912/1682/5 2292/1683/5 920/1681/5
f 918/1684/3 927/1672/3 919/1685/3
f 926/1671/3 2567/1686/3 2565/1673/3
f 917/1687/3 2566/1675/3 2568/1688/3
f 916/191/3 925/1674/3 917/1687/3
f 915/1689/3 242/142/3 243/140/3
f 923/1676/3 2702/1690/3 2700/1677/3
f 914/1691/3 2701/1679/3 2703/1692/3
f 913/1693/3 922/1678/3 914/1691/3
f 912/1682/3 921/1680/3 913/1693/3
f 936/1654/5 2298/1694/5 944/1641/5
f 910/1695/3 919/1685/3 911/1696/3
f 918/1684/3 2569/1697/3 2567/1686/3
f 909/1698/3 2568/1688/3 2570/1699/3
f 908/190/3 917/1687/3 909/1698/3
f 907/1700/3 243/140/3 244/138/3
f 915/1689/3 2704/1701/3 2702/1690/3
f 2705/1702/3 906/1703/3 2706/1704/3
f 905/1705/3 2714/1706/3 2711/1707/3
f 914/1691/3 2715/1708/3 2717/1709/3
f 903/1710/3 914/1691/3 904/1711/3
f 902/1712/3 913/1693/3 903/1710/3
f 960/1612/5 2304/1713/5 968/1564/5
f 900/1714/3 911/1696/3 901/1715/3
f 910/1695/3 2571/1716/3 2569/1697/3
f 2575/1717/3 899/1718/3 2572/1719/3
f 898/1720/3 2576/1721/3 2579/1722/3
f 897/189/3 909/1698/3 898/1720/3
f 896/1723/3 244/138/3 245/136/3
f 895/1724/3 2718/1725/3 2719/1726/3
f 895/1724/3 2720/1727/3 2718/1725/3
f 2720/1727/3 893/1728/3 2721/1729/3
f 893/1728/3 2722/1730/3 2721/1729/3
f 892/1731/3 2723/1732/3 2722/1730/3
f 890/1733/3 2723/1732/3 891/1734/3
f 890/1733/3 2725/1735/3 2724/1736/3
f 889/1737/3 2726/1738/3 2725/1735/3
f 888/1739/3 2727/1740/3 2726/1738/3
f 887/1741/3 2728/1742/3 2727/1740/3
f 886/1743/3 2729/1744/3 2728/1742/3
f 885/1745/3 2730/1746/3 2729/1744/3
f 2732/1747/3 2731/1748/3 883/1749/3
f 882/1750/3 906/1703/3 883/1749/3
f 881/1751/3 905/1705/3 882/1750/3
f 880/1752/3 904/1711/3 881/1751/3
f 879/1670/3 903/1710/3 880/1752/3
f 506/1753/6 2239/1754/6 484/1755/6
f 877/1756/3 901/1715/3 878/1757/3
f 876/1758/3 2584/1759/3 2585/1760/3
f 876/1758/3 2586/1761/3 2584/1759/3
f 875/1762/3 2587/1763/3 2586/1761/3
f 874/1764/3 2588/1765/3 2587/1763/3
f 873/1766/3 2589/1767/3 2588/1765/3
f 871/1768/3 2589/1767/3 872/1769/3
f 871/1768/3 2591/1770/3 2590/1771/3
f 870/1772/3 2592/1773/3 2591/1770/3
f 869/1774/3 2593/1775/3 2592/1773/3
f 868/1776/3 2594/1777/3 2593/1775/3
f 867/1778/3 2595/1779/3 2594/1777/3
f 866/1780/3 2596/1781/3 2595/1779/3
f 2598/1782/3 2597/1783/3 865/1784/3
f 863/1785/3 899/1718/3 864/1786/3
f 862/187/3 898/1720/3 863/1785/3
f 861/1787/3 245/136/3 246/134/3
f 860/1788/3 896/1723/3 861/1787/3
f 859/1789/3 895/1724/3 860/1788/3
f 858/1790/3 894/1791/3 859/1789/3
f 857/1792/3 893/1728/3 858/1790/3
f 856/1793/3 892/1731/3 857/1792/3
f 855/1794/3 891/1734/3 856/1793/3
f 854/1795/3 890/1733/3 855/1794/3
f 853/1796/3 889/1737/3 854/1795/3
f 852/1797/3 888/1739/3 853/1796/3
f 851/1798/3 887/1741/3 852/1797/3
f 850/1799/3 886/1743/3 851/1798/3
f 849/1800/3 885/1745/3 850/1799/3
f 848/1801/3 884/1802/3 849/1800/3
f 847/1803/3 883/1749/3 848/1801/3
f 846/1804/3 882/1750/3 847/1803/3
f 845/1805/3 881/1751/3 846/1804/3
f 844/1668/3 880/1752/3 845/1805/3
f 530/1806/6 2245/1807/6 522/1808/6
f 842/1809/3 878/1757/3 843/1810/3
f 841/1811/3 877/1756/3 842/1809/3
f 840/1812/3 876/1758/3 841/1811/3
f 839/1813/3 875/1762/3 840/1812/3
f 838/1814/3 874/1764/3 839/1813/3
f 837/1815/3 873/1766/3 838/1814/3
f 836/1816/3 872/1769/3 837/1815/3
f 835/1817/3 871/1768/3 836/1816/3
f 834/1818/3 870/1772/3 835/1817/3
f 833/1819/3 869/1774/3 834/1818/3
f 832/1820/3 868/1776/3 833/1819/3
f 831/1821/3 867/1778/3 832/1820/3
f 830/1822/3 866/1780/3 831/1821/3
f 829/1823/3 865/1784/3 830/1822/3
f 828/1824/3 864/1786/3 829/1823/3
f 827/188/3 863/1785/3 828/1824/3
f 794/1825/2 2432/1826/2 795/167/2
f 667/186/4 2419/1827/4 666/1828/4
f 793/1829/2 2431/1830/2 794/1825/2
f 246/134/4 2324/1831/4 861/1787/4
f 666/1828/4 2418/1832/4 665/1833/4
f 792/1834/2 2430/1835/2 793/1829/2
f 665/1833/4 2417/1836/4 664/1837/4
f 791/1838/2 2429/1839/2 792/1834/2
f 824/1840/2 2309/1841/2 248/130/2
f 861/1787/4 2528/1842/4 860/1788/4
f 664/1837/4 2416/1843/4 663/1844/4
f 293/63/6 2317/1845/6 292/61/6
f 790/181/2 2428/1846/2 791/1838/2
f 860/1788/4 2527/1847/4 859/1789/4
f 292/61/6 2316/1848/6 291/59/6
f 291/59/2 2427/1849/2 790/181/2
f 663/1844/4 2415/1850/4 662/1851/4
f 859/1789/4 2526/1852/4 858/1790/4
f 554/1853/6 2251/1854/6 546/1855/6
f 662/1851/4 2414/1856/4 661/1857/4
f 858/1790/4 2525/1858/4 857/1792/4
f 661/1857/4 2413/1859/4 660/1860/4
f 857/1792/4 2524/1861/4 856/1793/4
f 660/1860/4 2412/1862/4 659/1863/4
f 856/1793/4 2523/1864/4 855/1794/4
f 659/1863/4 2411/1865/4 658/1866/4
f 855/1794/4 2522/1867/4 854/1795/4
f 658/1866/4 2410/1868/4 657/1869/4
f 854/1795/4 2521/1870/4 853/1796/4
f 256/114/4 2321/1871/4 674/1872/4
f 853/1796/4 2520/1873/4 852/1797/4
f 656/1874/4 2408/1875/4 655/1876/4
f 636/1877/2 2319/1878/2 637/1879/2
f 852/1797/4 2519/1880/4 851/1798/4
f 655/1876/4 2407/1881/4 654/1882/4
f 635/1883/2 2358/1884/2 636/1877/2
f 637/1879/2 2312/1885/2 258/110/2
f 851/1798/4 2518/1886/4 850/1799/4
f 283/43/6 2314/1887/6 282/41/6
f 654/1882/4 2406/1888/4 653/1889/4
f 634/1890/2 2357/1891/2 635/1883/2
f 850/1799/4 2517/1892/4 849/1800/4
f 282/41/6 2313/1893/6 281/39/6
f 653/1889/4 2405/1894/4 652/1895/4
f 633/1896/2 2356/1897/2 634/1890/2
f 849/1800/4 2516/1898/4 848/1801/4
f 652/1895/4 2404/1899/4 651/1900/4
f 632/1901/2 2355/1902/2 633/1896/2
f 848/1801/4 2515/1903/4 847/1803/4
f 651/1900/4 2403/1904/4 650/1905/4
f 631/1906/2 2354/1907/2 632/1901/2
f 847/1803/4 2514/1908/4 846/1804/4
f 650/1905/4 2402/1909/4 649/1910/4
f 619/1911/6 2257/1912/6 584/1913/6
f 630/1914/2 2353/1915/2 631/1906/2
f 846/1804/4 2513/1916/4 845/1805/4
f 649/1910/4 2401/1917/4 648/1918/4
f 629/1919/2 2352/1920/2 630/1914/2
f 845/1805/4 2512/1921/4 844/1668/4
f 648/1918/4 2400/1922/4 647/1923/4
f 628/1924/2 2351/1925/2 629/1919/2
f 647/1923/4 2399/1926/4 646/1927/4
f 627/1928/2 2350/1929/2 628/1924/2
f 843/1810/4 2510/1930/4 842/1809/4
f 646/1927/4 2398/1931/4 645/1932/4
f 823/1933/2 2322/1934/2 824/1840/2
f 626/1935/2 2349/1936/2 627/1928/2
f 842/1809/4 2509/1937/4 841/1811/4
f 645/1932/4 2397/1938/4 644/1939/4
f 822/1940/2 2460/1941/2 823/1933/2
f 789/1942/3 248/130/3 249/128/3
f 788/1943/3 824/1840/3 789/1942/3
f 787/1944/3 823/1933/3 788/1943/3
f 786/1945/3 822/1940/3 787/1944/3
f 785/1946/3 821/1947/3 786/1945/3
f 784/1948/3 820/1949/3 785/1946/3
f 783/1950/3 819/1951/3 784/1948/3
f 782/1952/3 818/1953/3 783/1950/3
f 781/1954/3 817/1955/3 782/1952/3
f 780/1956/3 816/1957/3 781/1954/3
f 779/1958/3 815/1959/3 780/1956/3
f 778/1960/3 814/1961/3 779/1958/3
f 777/1962/3 813/1963/3 778/1960/3
f 776/1964/3 812/1965/3 777/1962/3
f 775/1966/3 811/1967/3 776/1964/3
f 774/1968/3 810/1969/3 775/1966/3
f 773/1970/3 809/1971/3 774/1968/3
f 772/1655/3 808/1972/3 773/1970/3
f 485/1973/5 2242/1974/5 507/1975/5
f 770/1976/3 806/1977/3 771/1978/3
f 769/1979/3 805/1980/3 770/1976/3
f 768/1981/3 804/1982/3 769/1979/3
f 767/1983/3 803/1984/3 768/1981/3
f 766/1985/3 802/1986/3 767/1983/3
f 765/1987/3 801/1988/3 766/1985/3
f 764/1989/3 800/1990/3 765/1987/3
f 763/1991/3 799/1992/3 764/1989/3
f 762/1993/3 798/1994/3 763/1991/3
f 761/1995/3 797/1996/3 762/1993/3
f 760/1997/3 796/169/3 761/1995/3
f 759/1998/3 795/167/3 760/1997/3
f 758/1999/3 794/1825/3 759/1998/3
f 757/2000/3 793/1829/3 758/1999/3
f 756/2001/3 792/1834/3 757/2000/3
f 755/180/3 791/1838/3 756/2001/3
f 754/2002/3 249/128/3 250/126/3
f 754/2002/3 2875/2003/3 2873/2004/3
f 788/1943/3 2876/2005/3 787/1944/3
f 787/1944/3 2877/2006/3 786/1945/3
f 786/1945/3 2878/2007/3 785/1946/3
f 785/1946/3 2879/2008/3 784/1948/3
f 784/1948/3 2880/2009/3 783/1950/3
f 783/1950/3 2881/2010/3 782/1952/3
f 782/1952/3 2882/2011/3 781/1954/3
f 781/1954/3 2883/2012/3 780/1956/3
f 780/1956/3 2884/2013/3 779/1958/3
f 779/1958/3 2885/2014/3 778/1960/3
f 778/1960/3 2886/2015/3 777/1962/3
f 776/1964/3 2890/2016/3 2887/2017/3
f 775/1966/3 2893/2018/3 2892/2019/3
f 752/2020/3 775/1966/3 753/2021/3
f 751/2022/3 774/1968/3 752/2020/3
f 750/2023/3 773/1970/3 751/2022/3
f 523/2024/5 2248/2025/5 531/2026/5
f 748/2027/3 771/1978/3 749/2028/3
f 2601/2029/3 769/1979/3 770/1976/3
f 769/1979/3 2602/2030/3 768/1981/3
f 768/1981/3 2603/2031/3 767/1983/3
f 767/1983/3 2604/2032/3 766/1985/3
f 766/1985/3 2605/2033/3 765/1987/3
f 765/1987/3 2606/2034/3 764/1989/3
f 764/1989/3 2607/2035/3 763/1991/3
f 763/1991/3 2608/2036/3 762/1993/3
f 762/1993/3 2609/2037/3 761/1995/3
f 761/1995/3 2610/2038/3 760/1997/3
f 760/1997/3 2611/2039/3 759/1998/3
f 759/1998/3 2612/2040/3 758/1999/3
f 757/2000/3 2617/2041/3 2613/2042/3
f 2619/2043/3 2618/2044/3 756/2001/3
f 746/179/3 756/2001/3 747/2045/3
f 745/2046/3 250/126/3 251/124/3
f 754/2002/3 2900/2047/3 2875/2003/3
f 744/2048/3 753/2021/3 2902/2049/3
f 743/2050/3 753/2021/3 744/2048/3
f 742/2051/3 752/2020/3 743/2050/3
f 741/1644/3 751/2022/3 742/2051/3
f 547/2052/5 2254/2053/5 555/2054/5
f 739/2055/3 749/2028/3 740/2056/3
f 748/2027/3 2626/2057/3 2600/2058/3
f 747/2045/3 2620/2059/3 2628/2060/3
f 737/178/3 747/2045/3 738/2061/3
f 736/2062/3 251/124/3 252/122/3
f 745/2046/3 2903/2063/3 2900/2047/3
f 735/2064/3 2901/2065/3 2904/2066/3
f 734/2067/3 744/2048/3 735/2064/3
f 733/2068/3 743/2050/3 734/2067/3
f 732/1642/3 742/2051/3 733/2068/3
f 585/2069/5 2260/2070/5 620/184/5
f 730/2071/3 740/2056/3 731/2072/3
f 739/2055/3 2629/2073/3 2626/2057/3
f 729/2074/3 2627/2075/3 2630/2076/3
f 728/177/3 738/2061/3 729/2074/3
f 727/2077/3 252/122/3 253/120/3
f 736/2062/3 2905/2078/3 2903/2063/3
f 726/2079/3 2904/2066/3 2906/2080/3
f 725/2081/3 735/2064/3 726/2079/3
f 724/2082/3 734/2067/3 725/2081/3
f 723/2083/3 733/2068/3 724/2082/3
f 656/1874/6 2261/2084/6 638/2085/6
f 721/2086/3 731/2072/3 722/2087/3
f 721/2086/3 2629/2073/3 730/2071/3
f 720/2088/3 2630/2076/3 2632/2089/3
f 719/176/3 729/2074/3 720/2088/3
f 718/2090/3 253/120/3 254/118/3
f 727/2077/3 2907/2091/3 2905/2078/3
f 717/2092/3 2906/2080/3 2908/2093/3
f 716/2094/3 726/2079/3 717/2092/3
f 715/2095/3 725/2081/3 716/2094/3
f 714/1615/3 724/2082/3 715/2095/3
f 722/2087/6 2267/2096/6 713/2097/6
f 712/2098/3 722/2087/3 713/2097/3
f 712/2098/3 2631/2099/3 721/2086/3
f 711/2100/3 2632/2089/3 2634/2101/3
f 710/175/3 720/2088/3 711/2100/3
f 709/2102/3 254/118/3 255/116/3
f 708/2103/3 2910/2104/3 2909/2105/3
f 708/2103/3 2911/2106/3 2910/2104/3
f 707/2107/3 2912/2108/3 2911/2106/3
f 706/2109/3 2913/2110/3 2912/2108/3
f 705/2111/3 2914/2112/3 2913/2110/3
f 704/2113/3 2915/2114/3 2914/2112/3
f 703/2115/3 2916/2116/3 2915/2114/3
f 702/2117/3 2917/2118/3 2916/2116/3
f 701/2119/3 2918/2120/3 2917/2118/3
f 2918/2120/3 699/2121/3 2919/2122/3
f 699/2121/3 2920/2123/3 2919/2122/3
f 698/2124/3 2921/2125/3 2920/2123/3
f 2922/2126/3 2925/2127/3 696/2128/3
f 695/2129/3 2927/2130/3 2933/2131/3
f 694/2132/3 717/2092/3 695/2129/3
f 693/2133/3 716/2094/3 694/2132/3
f 692/1613/3 715/2095/3 693/2133/3
f 749/2028/6 2273/2134/6 740/2056/6
f 690/2135/3 713/2097/3 691/2136/3
f 2635/2137/3 712/2098/3 690/2135/3
f 689/2138/3 2637/2139/3 2636/2140/3
f 688/2141/3 2638/2142/3 2637/2139/3
f 687/2143/3 2639/2144/3 2638/2142/3
f 686/2145/3 2640/2146/3 2639/2144/3
f 685/2147/3 2641/2148/3 2640/2146/3
f 684/2149/3 2642/2150/3 2641/2148/3
f 683/2151/3 2643/2152/3 2642/2150/3
f 682/2153/3 2644/2154/3 2643/2152/3
f 681/2155/3 2645/2156/3 2644/2154/3
f 680/2157/3 2646/2158/3 2645/2156/3
f 679/2159/3 2647/2160/3 2646/2158/3
f 677/2161/3 2649/2162/3 2652/2163/3
f 676/2164/3 2656/2165/3 2655/2166/3
f 675/173/3 711/2100/3 676/2164/3
f 674/1872/3 255/116/3 256/114/3
f 673/2167/3 709/2102/3 674/1872/3
f 672/2168/3 708/2103/3 673/2167/3
f 671/2169/3 707/2107/3 672/2168/3
f 670/2170/3 706/2109/3 671/2169/3
f 669/170/3 705/2111/3 670/2170/3
f 668/172/3 704/2113/3 669/170/3
f 667/186/3 703/2115/3 668/172/3
f 666/1828/3 702/2117/3 667/186/3
f 665/1833/3 701/2119/3 666/1828/3
f 664/1837/3 700/2171/3 665/1833/3
f 663/1844/3 699/2121/3 664/1837/3
f 662/1851/3 698/2124/3 663/1844/3
f 661/1857/3 697/2172/3 662/1851/3
f 660/1860/3 696/2128/3 661/1857/3
f 659/1863/3 695/2129/3 660/1860/3
f 658/1866/3 694/2132/3 659/1863/3
f 657/1869/3 693/2133/3 658/1866/3
f 825/2173/6 2279/2174/6 806/1977/6
f 655/1876/3 691/2136/3 656/1874/3
f 654/1882/3 690/2135/3 655/1876/3
f 653/1889/3 689/2138/3 654/1882/3
f 652/1895/3 688/2141/3 653/1889/3
f 651/1900/3 687/2143/3 652/1895/3
f 650/1905/3 686/2145/3 651/1900/3
f 649/1910/3 685/2147/3 650/1905/3
f 648/1918/3 684/2149/3 649/1910/3
f 647/1923/3 683/2151/3 648/1918/3
f 646/1927/3 682/2153/3 647/1923/3
f 645/1932/3 681/2155/3 646/1927/3
f 644/1939/3 680/2157/3 645/1932/3
f 643/2175/3 679/2159/3 644/1939/3
f 642/2176/3 678/2177/3 643/2175/3
f 641/2178/3 677/2161/3 642/2176/3
f 640/174/3 676/2164/3 641/2178/3
f 625/2179/2 2348/2180/2 626/1935/2
f 841/1811/4 2508/2181/4 840/1812/4
f 825/2173/5 2511/2182/5 843/1810/5
f 644/1939/4 2396/2183/4 643/2175/4
f 821/1947/2 2459/2184/2 822/1940/2
f 624/2185/2 2347/2186/2 625/2179/2
f 840/1812/4 2507/2187/4 839/1813/4
f 844/1668/6 2478/2188/6 826/2189/6
f 643/2175/4 2395/2190/4 642/2176/4
f 820/1949/2 2458/2191/2 821/1947/2
f 623/2192/2 2346/2193/2 624/2185/2
f 839/1813/4 2506/2194/4 838/1814/4
f 642/2176/4 2394/2195/4 641/2178/4
f 819/1951/2 2457/2196/2 820/1949/2
f 622/2197/2 2345/2198/2 623/2192/2
f 838/1814/4 2505/2199/4 837/1815/4
f 641/2178/4 2393/2200/4 640/174/4
f 818/1953/2 2456/2201/2 819/1951/2
f 391/2202/2 2234/2203/2 392/2204/2
f 621/2205/2 2344/2206/2 622/2197/2
f 837/1815/4 2504/2207/4 836/1816/4
f 640/174/4 2315/2208/4 283/43/4
f 817/1955/2 2455/2209/2 818/1953/2
f 620/184/2 2343/2210/2 621/2205/2
f 836/1816/4 2503/2211/4 835/1817/4
f 816/1957/2 2454/2212/2 817/1955/2
f 835/1817/4 2502/2213/4 834/1818/4
f 815/1959/2 2453/2214/2 816/1957/2
f 618/2215/2 2341/2216/2 619/1911/2
f 834/1818/4 2501/2217/4 833/1819/4
f 814/1961/2 2452/2218/2 815/1959/2
f 617/2219/2 2340/2220/2 618/2215/2
f 833/1819/4 2500/2221/4 832/1820/4
f 813/1963/2 2451/2222/2 814/1961/2
f 616/2223/2 2339/2224/2 617/2219/2
f 832/1820/4 2499/2225/4 831/1821/4
f 812/1965/2 2450/2226/2 813/1963/2
f 615/2227/2 2338/2228/2 616/2223/2
f 638/2085/5 2409/2229/5 656/1874/5
f 831/1821/4 2498/2230/4 830/1822/4
f 811/1967/2 2449/2231/2 812/1965/2
f 614/2232/2 2337/2233/2 615/2227/2
f 657/1869/6 2376/2234/6 639/182/6
f 830/1822/4 2497/2235/4 829/1823/4
f 810/1969/2 2448/2236/2 811/1967/2
f 613/2237/2 2336/2238/2 614/2232/2
f 829/1823/4 2496/2239/4 828/1824/4
f 809/1971/2 2447/2240/2 810/1969/2
f 612/2241/2 2335/2242/2 613/2237/2
f 828/1824/4 2495/2243/4 827/188/4
f 808/1972/2 2446/2244/2 809/1971/2
f 611/2245/2 2334/2246/2 612/2241/2
f 827/188/4 2318/2247/4 293/63/4
f 901/1715/6 2285/2248/6 878/1757/6
f 807/1657/2 2445/2249/2 808/1972/2
f 610/2250/2 2333/2251/2 611/2245/2
f 258/110/5 2311/2252/5 257/112/5
f 609/2253/2 2332/2254/2 610/2250/2
f 257/112/5 2310/2255/5 256/114/5
f 806/1977/5 2477/2256/5 825/2173/5
f 805/1980/2 2443/2257/2 806/1977/2
f 608/2258/2 2331/2259/2 609/2253/2
f 826/2189/6 2444/2260/6 807/1657/6
f 804/1982/2 2442/2261/2 805/1980/2
f 607/2262/2 2330/2263/2 608/2258/2
f 803/1984/2 2441/2264/2 804/1982/2
f 606/2265/2 2329/2266/2 607/2262/2
f 802/1986/2 2440/2267/2 803/1984/2
f 605/2268/2 2328/2269/2 606/2265/2
f 801/1988/2 2439/2270/2 802/1986/2
f 602/2271/3 258/110/3 259/108/3
f 601/2272/3 637/1879/3 602/2271/3
f 600/2273/3 636/1877/3 601/2272/3
f 599/2274/3 635/1883/3 600/2273/3
f 598/2275/3 634/1890/3 599/2274/3
f 597/2276/3 633/1896/3 598/2275/3
f 596/2277/3 632/1901/3 597/2276/3
f 595/2278/3 631/1906/3 596/2277/3
f 594/2279/3 630/1914/3 595/2278/3
f 593/2280/3 629/1919/3 594/2279/3
f 592/2281/3 628/1924/3 593/2280/3
f 591/2282/3 627/1928/3 592/2281/3
f 590/2283/3 626/1935/3 591/2282/3
f 589/2284/3 625/2179/3 590/2283/3
f 588/2285/3 624/2185/3 589/2284/3
f 587/2286/3 623/2192/3 588/2285/3
f 586/2287/3 622/2197/3 587/2286/3
f 585/2069/3 621/2205/3 586/2287/3
f 927/1672/6 2291/2288/6 919/1685/6
f 583/2289/3 619/1911/3 584/1913/3
f 582/2290/3 618/2215/3 583/2289/3
f 581/2291/3 617/2219/3 582/2290/3
f 580/2292/3 616/2223/3 581/2291/3
f 579/2293/3 615/2227/3 580/2292/3
f 578/2294/3 614/2232/3 579/2293/3
f 577/2295/3 613/2237/3 578/2294/3
f 576/2296/3 612/2241/3 577/2295/3
f 575/2297/3 611/2245/3 576/2296/3
f 574/2298/3 610/2250/3 575/2297/3
f 573/2299/3 609/2253/3 574/2298/3
f 572/2300/3 608/2258/3 573/2299/3
f 571/2301/3 607/2262/3 572/2300/3
f 570/2302/3 606/2265/3 571/2301/3
f 569/2303/3 605/2268/3 570/2302/3
f 568/165/3 604/2304/3 569/2303/3
f 567/2305/3 259/108/3 260/106/3
f 567/2305/3 2805/2306/3 2803/2307/3
f 601/2272/3 2806/2308/3 600/2273/3
f 600/2273/3 2807/2309/3 599/2274/3
f 599/2274/3 2808/2310/3 598/2275/3
f 598/2275/3 2809/2311/3 597/2276/3
f 597/2276/3 2810/2312/3 596/2277/3
f 596/2277/3 2811/2313/3 595/2278/3
f 595/2278/3 2812/2314/3 594/2279/3
f 594/2279/3 2813/2315/3 593/2280/3
f 593/2280/3 2814/2316/3 592/2281/3
f 592/2281/3 2815/2317/3 591/2282/3
f 591/2282/3 2816/2318/3 590/2283/3
f 2817/2319/3 2818/2320/3 589/2284/3
f 2821/2321/3 588/2285/3 2820/2322/3
f 565/2323/3 588/2285/3 566/2324/3
f 564/2325/3 587/2286/3 565/2323/3
f 563/2326/3 586/2287/3 564/2325/3
f 639/182/5 2264/2327/5 657/1869/5
f 561/2328/3 584/1913/3 562/2329/3
f 561/2328/3 2735/2330/3 2733/2331/3
f 582/2290/3 2736/2332/3 581/2291/3
f 581/2291/3 2737/2333/3 580/2292/3
f 580/2292/3 2738/2334/3 579/2293/3
f 579/2293/3 2739/2335/3 578/2294/3
f 578/2294/3 2740/2336/3 577/2295/3
f 577/2295/3 2741/2337/3 576/2296/3
f 576/2296/3 2742/2338/3 575/2297/3
f 575/2297/3 2743/2339/3 574/2298/3
f 574/2298/3 2744/2340/3 573/2299/3
f 573/2299/3 2745/2341/3 572/2300/3
f 572/2300/3 2746/2342/3 571/2301/3
f 570/2302/3 2748/2343/3 2750/2344/3
f 570/2302/3 2749/2345/3 2753/2346/3
f 559/164/3 569/2303/3 560/2347/3
f 558/2348/3 260/106/3 261/104/3
f 567/2305/3 2825/2349/3 2805/2306/3
f 566/2324/3 2828/2350/3 2829/2351/3
f 2832/2352/3 2833/2353/3 565/2323/3
f 556/2354/3 565/2323/3 557/2355/3
f 555/2054/3 564/2325/3 556/2354/3
f 951/1631/6 2297/2356/6 943/1566/6
f 553/2357/3 562/2329/3 554/1853/3
f 561/2328/3 2754/2358/3 2735/2330/3
f 560/2347/3 2762/2359/3 2755/2360/3
f 551/163/3 560/2347/3 552/2361/3
f 550/2362/3 261/104/3 262/102/3
f 558/2348/3 2834/2363/3 2825/2349/3
f 549/2364/3 2830/2365/3 2835/2366/3
f 548/2367/3 557/2355/3 549/2364/3
f 547/2052/3 556/2354/3 548/2367/3
f 714/1615/5 2270/2368/5 723/2083/5
f 545/2369/3 554/1853/3 546/1855/3
f 553/2357/3 2763/2370/3 2754/2358/3
f 544/2371/3 2758/2372/3 2764/2373/3
f 543/162/3 552/2361/3 544/2371/3
f 542/2374/3 262/102/3 263/100/3
f 550/2362/3 2836/2375/3 2834/2363/3
f 541/2376/3 2835/2366/3 2837/2377/3
f 540/2378/3 549/2364/3 541/2376/3
f 539/2379/3 548/2367/3 540/2378/3
f 989/1570/6 2303/2380/6 967/1571/6
f 537/2381/3 546/1855/3 538/2382/3
f 545/2369/3 2765/2383/3 2763/2370/3
f 536/2384/3 2764/2373/3 2766/2385/3
f 535/161/3 544/2371/3 536/2384/3
f 534/2386/3 263/100/3 264/98/3
f 542/2374/3 2838/2387/3 2836/2375/3
f 533/2388/3 2837/2377/3 2839/2389/3
f 532/2390/3 541/2376/3 533/2388/3
f 531/2026/3 540/2378/3 532/2390/3
f 741/1644/5 2276/2391/5 750/2023/5
f 529/2392/3 538/2382/3 530/1806/3
f 537/2381/3 2767/2393/3 2765/2383/3
f 528/2394/3 2766/2385/3 2768/2395/3
f 527/160/3 536/2384/3 528/2394/3
f 526/2396/3 264/98/3 265/96/3
f 534/2386/3 2840/2397/3 2838/2387/3
f 525/2398/3 2839/2389/3 2841/2399/3
f 524/2400/3 533/2388/3 525/2398/3
f 523/2024/3 532/2390/3 524/2400/3
f 807/1657/5 2282/2401/5 826/2189/5
f 521/2402/3 530/1806/3 522/1808/3
f 529/2392/3 2769/2403/3 2767/2393/3
f 520/2404/3 2768/2395/3 2770/2405/3
f 519/159/3 528/2394/3 520/2404/3
f 518/2406/3 265/96/3 266/94/3
f 526/2396/3 2842/2407/3 2840/2397/3
f 517/2408/3 2841/2399/3 2843/2409/3
f 516/2410/3 525/2398/3 517/2408/3
f 515/2411/3 524/2400/3 516/2410/3
f 879/1670/5 2288/2412/5 902/1712/5
f 513/2413/3 522/1808/3 514/2414/3
f 521/2402/3 2771/2415/3 2769/2403/3
f 512/2416/3 2770/2405/3 2772/2417/3
f 511/158/3 520/2404/3 512/2416/3
f 510/2418/3 266/94/3 267/92/3
f 518/2406/3 2844/2419/3 2842/2407/3
f 509/2420/3 2843/2409/3 2845/2421/3
f 508/2422/3 517/2408/3 509/2420/3
f 507/1975/3 516/2410/3 508/2422/3
f 920/1681/5 2294/2423/5 928/1667/5
f 505/2424/3 514/2414/3 506/1753/3
f 513/2413/3 2773/2425/3 2771/2415/3
f 504/2426/3 2772/2417/3 2774/2427/3
f 503/157/3 512/2416/3 504/2426/3
f 502/2428/3 267/92/3 268/90/3
f 2846/2429/3 510/2418/3 502/2428/3
f 501/2430/3 2848/2431/3 2847/2432/3
f 500/2433/3 2849/2434/3 2848/2431/3
f 499/2435/3 2850/2436/3 2849/2434/3
f 498/2437/3 2851/2438/3 2850/2436/3
f 497/2439/3 2852/2440/3 2851/2438/3
f 496/2441/3 2853/2442/3 2852/2440/3
f 495/2443/3 2854/2444/3 2853/2442/3
f 494/2445/3 2855/2446/3 2854/2444/3
f 493/2447/3 2856/2448/3 2855/2446/3
f 492/2449/3 2857/2450/3 2856/2448/3
f 491/2451/3 2858/2452/3 2857/2450/3
f 2861/2453/3 489/2454/3 2859/2455/3
f 488/2456/3 2869/2457/3 2866/2458/3
f 509/2420/3 2870/2459/3 2872/2460/3
f 486/2461/3 509/2420/3 487/2462/3
f 485/1973/3 508/2422/3 486/2461/3
f 944/1641/5 2300/2463/5 952/1628/5
f 483/2464/3 506/1753/3 484/1755/3
f 505/2424/3 2775/2465/3 2773/2425/3
f 2777/2466/3 482/2467/3 2776/2468/3
f 481/2469/3 2778/2470/3 2782/2471/3
f 480/156/3 504/2426/3 481/2469/3
f 479/2472/3 268/90/3 269/88/3
f 478/2473/3 502/2428/3 479/2472/3
f 477/2474/3 501/2430/3 478/2473/3
f 476/2475/3 500/2433/3 477/2474/3
f 475/2476/3 499/2435/3 476/2475/3
f 474/2477/3 498/2437/3 475/2476/3
f 473/2478/3 497/2439/3 474/2477/3
f 472/2479/3 496/2441/3 473/2478/3
f 471/2480/3 495/2443/3 472/2479/3
f 470/2481/3 494/2445/3 471/2480/3
f 469/2482/3 493/2447/3 470/2481/3
f 468/2483/3 492/2449/3 469/2482/3
f 467/2484/3 491/2451/3 468/2483/3
f 466/2485/3 490/2486/3 467/2484/3
f 465/2487/3 489/2454/3 466/2485/3
f 464/2488/3 488/2456/3 465/2487/3
f 463/2489/3 487/2462/3 464/2488/3
f 462/2490/3 486/2461/3 463/2489/3
f 968/1564/5 2306/2491/5 990/2492/5
f 460/2493/3 484/1755/3 461/2494/3
f 459/2495/3 2786/2496/3 2787/2497/3
f 459/2495/3 2788/2498/3 2786/2496/3
f 458/2499/3 2789/2500/3 2788/2498/3
f 457/2501/3 2790/2502/3 2789/2500/3
f 456/2503/3 2791/2504/3 2790/2502/3
f 454/2505/3 2791/2504/3 455/2506/3
f 454/2505/3 2793/2507/3 2792/2508/3
f 453/2509/3 2794/2510/3 2793/2507/3
f 452/2511/3 2795/2512/3 2794/2510/3
f 451/2513/3 2796/2514/3 2795/2512/3
f 450/2515/3 2797/2516/3 2796/2514/3
f 449/2517/3 2798/2518/3 2797/2516/3
f 447/2519/3 2802/2520/3 2801/2521/3
f 446/2522/3 482/2467/3 447/2519/3
f 445/155/3 481/2469/3 446/2522/3
f 409/2523/3 269/88/3 7/85/3
f 408/2524/3 479/2472/3 409/2523/3
f 407/2525/3 478/2473/3 408/2524/3
f 406/2526/3 477/2474/3 407/2525/3
f 405/2527/3 476/2475/3 406/2526/3
f 404/2528/3 475/2476/3 405/2527/3
f 403/2529/3 474/2477/3 404/2528/3
f 402/2530/3 473/2478/3 403/2529/3
f 401/2531/3 472/2479/3 402/2530/3
f 400/2532/3 471/2480/3 401/2531/3
f 399/2533/3 470/2481/3 400/2532/3
f 398/2534/3 469/2482/3 399/2533/3
f 397/2535/3 468/2483/3 398/2534/3
f 396/2536/3 467/2484/3 397/2535/3
f 395/2537/3 466/2485/3 396/2536/3
f 394/2538/3 465/2487/3 395/2537/3
f 393/2539/3 464/2488/3 394/2538/3
f 392/2204/3 463/2489/3 393/2539/3
f 461/2494/6 2233/2540/6 391/2202/6
f 390/2541/3 461/2494/3 391/2202/3
f 389/2542/3 460/2493/3 390/2541/3
f 388/2543/3 459/2495/3 389/2542/3
f 387/2544/3 458/2499/3 388/2543/3
f 386/2545/3 457/2501/3 387/2544/3
f 385/2546/3 456/2503/3 386/2545/3
f 384/2547/3 455/2506/3 385/2546/3
f 383/2548/3 454/2505/3 384/2547/3
f 382/2549/3 453/2509/3 383/2548/3
f 381/2550/3 452/2511/3 382/2549/3
f 380/2551/3 451/2513/3 381/2550/3
f 379/2552/3 450/2515/3 380/2551/3
f 378/2553/3 449/2517/3 379/2552/3
f 377/2554/3 448/2555/3 378/2553/3
f 376/2556/3 447/2519/3 377/2554/3
f 375/5/3 446/2522/3 376/2556/3
f 444/2557/4 1/2558/4 5/2559/4
f 443/2560/4 305/2561/4 444/2557/4
f 442/2562/4 306/2563/4 443/2560/4
f 441/2564/4 307/2565/4 442/2562/4
f 440/2566/4 308/2567/4 441/2564/4
f 439/2568/4 309/2569/4 440/2566/4
f 438/2570/4 310/2571/4 439/2568/4
f 437/2572/4 311/2573/4 438/2570/4
f 436/2574/4 312/2575/4 437/2572/4
f 435/2576/4 313/2577/4 436/2574/4
f 434/2578/4 314/2579/4 435/2576/4
f 433/2580/4 315/2581/4 434/2578/4
f 432/2582/4 316/2583/4 433/2580/4
f 431/2584/4 317/2585/4 432/2582/4
f 430/2586/4 318/2587/4 431/2584/4
f 429/2588/4 319/2589/4 430/2586/4
f 428/2590/4 320/2591/4 429/2588/4
f 427/2592/4 321/2593/4 428/2590/4
f 426/2594/4 322/2595/4 427/2592/4
f 425/2596/4 323/2597/4 426/2594/4
f 424/2598/4 324/2599/4 425/2596/4
f 423/2600/4 325/2601/4 424/2598/4
f 422/2602/4 326/2603/4 423/2600/4
f 421/2604/4 327/2605/4 422/2602/4
f 420/2606/4 328/2607/4 421/2604/4
f 419/2608/4 329/2609/4 420/2606/4
f 418/2610/4 330/2611/4 419/2608/4
f 417/2612/4 331/2613/4 418/2610/4
f 416/2614/4 332/2615/4 417/2612/4
f 415/2616/4 333/2617/4 416/2614/4
f 414/2618/4 334/2619/4 415/2616/4
f 413/2620/4 335/2621/4 414/2618/4
f 412/2622/4 336/2623/4 413/2620/4
f 411/2624/4 337/2625/4 412/2622/4
f 410/7/4 338/2626/4 411/2624/4
f 1007/2627/3 5/2559/3 235/11/3
f 1006/1531/3 444/2557/3 1007/2627/3
f 1005/1533/3 443/2560/3 1006/1531/3
f 1004/1535/3 442/2562/3 1005/1533/3
f 1003/1537/3 441/2564/3 1004/1535/3
f 1002/1539/3 440/2566/3 1003/1537/3
f 1001/1541/3 439/2568/3 1002/1539/3
f 1000/1543/3 438/2570/3 1001/1541/3
f 999/1545/3 437/2572/3 1000/1543/3
f 998/1547/3 436/2574/3 999/1545/3
f 997/1549/3 435/2576/3 998/1547/3
f 996/1551/3 434/2578/3 997/1549/3
f 995/1553/3 433/2580/3 996/1551/3
f 994/1556/3 432/2582/3 995/1553/3
f 993/1558/3 431/2584/3 994/1556/3
f 992/1563/3 430/2586/3 993/1558/3
f 991/1565/3 429/2588/3 992/1563/3
f 990/2492/3 428/2590/3 991/1565/3
f 514/2414/6 2241/2628/6 506/1753/6
f 988/2629/3 426/2594/3 989/1570/3
f 987/1574/3 425/2596/3 988/2629/3
f 986/1576/3 424/2598/3 987/1574/3
f 985/1578/3 423/2600/3 986/1576/3
f 984/1580/3 422/2602/3 985/1578/3
f 983/1582/3 421/2604/3 984/1580/3
f 982/1584/3 420/2606/3 983/1582/3
f 981/1586/3 419/2608/3 982/1584/3
f 980/1588/3 418/2610/3 981/1586/3
f 979/1590/3 417/2612/3 980/1588/3
f 978/1592/3 416/2614/3 979/1590/3
f 977/1594/3 415/2616/3 978/1592/3
f 976/1596/3 414/2618/3 977/1594/3
f 975/1597/3 413/2620/3 976/1596/3
f 974/1602/3 412/2622/3 975/1597/3
f 973/8/3 411/2624/3 974/1602/3
f 374/2630/2 7/85/2 3/2631/2
f 373/2632/2 409/2523/2 374/2630/2
f 372/2633/2 408/2524/2 373/2632/2
f 371/2634/2 407/2525/2 372/2633/2
f 370/2635/2 406/2526/2 371/2634/2
f 369/2636/2 405/2527/2 370/2635/2
f 368/2637/2 404/2528/2 369/2636/2
f 367/2638/2 403/2529/2 368/2637/2
f 366/2639/2 402/2530/2 367/2638/2
f 365/2640/2 401/2531/2 366/2639/2
f 364/2641/2 400/2532/2 365/2640/2
f 363/2642/2 399/2533/2 364/2641/2
f 362/2643/2 398/2534/2 363/2642/2
f 361/2644/2 397/2535/2 362/2643/2
f 360/2645/2 396/2536/2 361/2644/2
f 359/2646/2 395/2537/2 360/2645/2
f 358/2647/2 394/2538/2 359/2646/2
f 357/2648/2 393/2539/2 358/2647/2
f 356/2649/2 392/2204/2 357/2648/2
f 355/2650/2 391/2202/2 356/2649/2
f 354/2651/2 390/2541/2 355/2650/2
f 353/2652/2 389/2542/2 354/2651/2
f 352/2653/2 388/2543/2 353/2652/2
f 351/2654/2 387/2544/2 352/2653/2
f 350/2655/2 386/2545/2 351/2654/2
f 349/2656/2 385/2546/2 350/2655/2
f 348/2657/2 384/2547/2 349/2656/2
f 347/2658/2 383/2548/2 348/2657/2
f 346/2659/2 382/2549/2 347/2658/2
f 345/2660/2 381/2550/2 346/2659/2
f 344/2661/2 380/2551/2 345/2660/2
f 343/2662/2 379/2552/2 344/2661/2
f 342/2663/2 378/2553/2 343/2662/2
f 341/2664/2 377/2554/2 342/2663/2
f 340/2/2 376/2556/2 341/2664/2
f 2232/272/1 3/2631/1 9/269/1
f 2231/274/1 374/2630/1 2232/272/1
f 2230/276/1 373/2632/1 2231/274/1
f 2229/278/1 372/2633/1 2230/276/1
f 2228/280/1 371/2634/1 2229/278/1
f 2227/282/1 370/2635/1 2228/280/1
f 2226/284/1 369/2636/1 2227/282/1
f 2225/286/1 368/2637/1 2226/284/1
f 2224/288/1 367/2638/1 2225/286/1
f 2223/290/1 366/2639/1 2224/288/1
f 2222/292/1 365/2640/1 2223/290/1
f 2221/294/1 364/2641/1 2222/292/1
f 2220/296/1 363/2642/1 2221/294/1
f 2219/298/1 362/2643/1 2220/296/1
f 2218/300/1 361/2644/1 2219/298/1
f 2217/302/1 360/2645/1 2218/300/1
f 2216/304/1 359/2646/1 2217/302/1
f 2215/306/1 358/2647/1 2216/304/1
f 2214/308/1 357/2648/1 2215/306/1
f 2213/310/1 356/2649/1 2214/308/1
f 2212/312/1 355/2650/1 2213/310/1
f 2211/314/1 354/2651/1 2212/312/1
f 2210/316/1 353/2652/1 2211/314/1
f 2209/318/1 352/2653/1 2210/316/1
f 2208/320/1 351/2654/1 2209/318/1
f 2207/322/1 350/2655/1 2208/320/1
f 2206/324/1 349/2656/1 2207/322/1
f 2205/326/1 348/2657/1 2206/324/1
f 2204/328/1 347/2658/1 2205/326/1
f 2203/330/1 346/2659/1 2204/328/1
f 2202/332/1 345/2660/1 2203/330/1
f 2201/334/1 344/2661/1 2202/332/1
f 2200/336/1 343/2662/1 2201/334/1
f 2199/337/1 342/2663/1 2200/336/1
f 2198/3/1 341/2664/1 2199/337/1
f 2303/2380/3 2306/2491/3 2304/1713/3
f 2301/1629/3 2304/1713/3 2302/2665/3
f 2299/2666/3 2302/2665/3 2300/2463/3
f 2297/2356/3 2300/2463/3 2298/1694/3
f 2295/1567/3 2298/1694/3 2296/2667/3
f 2293/2668/3 2296/2667/3 2294/2423/3
f 2291/2288/3 2294/2423/3 2292/1683/3
f 2289/2669/3 2292/1683/3 2290/2670/3
f 2287/2671/3 2290/2670/3 2288/2412/3
f 2285/2248/3 2288/2412/3 2286/1669/3
f 2283/2672/3 2286/1669/3 2284/2673/3
f 2281/2674/3 2284/2673/3 2282/2401/3
f 2279/2174/3 2282/2401/3 2280/1656/3
f 2277/2675/3 2280/1656/3 2278/2676/3
f 2275/2677/3 2278/2676/3 2276/2391/3
f 2273/2134/3 2276/2391/3 2274/1643/3
f 2271/2678/3 2274/1643/3 2272/2679/3
f 2269/2680/3 2272/2679/3 2270/2368/3
f 2267/2096/3 2270/2368/3 2268/1614/3
f 2265/2681/3 2268/1614/3 2266/2682/3
f 2263/2683/3 2266/2682/3 2264/2327/3
f 2261/2084/3 2264/2327/3 2262/2684/3
f 2259/2685/3 2262/2684/3 2260/2070/3
f 2257/1912/3 2260/2070/3 2258/2686/3
f 2255/2687/3 2258/2686/3 2256/2688/3
f 2253/2689/3 2256/2688/3 2254/2053/3
f 2251/1854/3 2254/2053/3 2252/2690/3
f 2249/2691/3 2252/2690/3 2250/2692/3
f 2247/2693/3 2250/2692/3 2248/2025/3
f 2245/1807/3 2248/2025/3 2246/2694/3
f 2243/2695/3 2246/2694/3 2244/2696/3
f 2241/2628/3 2244/2696/3 2242/1974/3
f 2239/1754/3 2242/1974/3 2240/2697/3
f 2237/2698/3 2240/2697/3 2238/2699/3
f 2233/2540/3 2238/2699/3 2234/2203/3
f 2305/2700/3 2236/2701/3 2306/2491/3
f 919/1685/6 2289/2669/6 911/1696/6
f 620/184/5 2262/2684/5 639/182/5
f 878/1757/6 2283/2672/6 843/1810/6
f 427/2592/4 2235/2702/4 426/2594/4
f 806/1977/6 2277/2675/6 771/1978/6
f 740/2056/6 2271/2678/6 731/2072/6
f 713/2097/6 2265/2681/6 691/2136/6
f 638/2085/6 2259/2685/6 619/1911/6
f 563/2326/5 2258/2686/5 585/2069/5
f 539/2379/5 2252/2690/5 547/2052/5
f 515/2411/5 2246/2694/5 523/2024/5
f 462/2490/5 2240/2697/5 485/1973/5
f 990/2492/5 2236/2701/5 427/2592/5
f 584/1913/6 2255/2687/6 562/2329/6
f 546/1855/6 2249/2691/6 538/2382/6
f 522/1808/6 2243/2695/6 514/2414/6
f 484/1755/6 2237/2698/6 461/2494/6
f 426/2594/6 2305/2700/6 989/1570/6
f 952/1628/5 2302/2665/5 960/1612/5
f 928/1667/5 2296/2667/5 936/1654/5
f 902/1712/5 2290/2670/5 912/1682/5
f 826/2189/5 2284/2673/5 844/1668/5
f 750/2023/5 2278/2676/5 772/1655/5
f 723/2083/5 2272/2679/5 732/1642/5
f 959/1617/6 2299/2666/6 951/1631/6
f 657/1869/5 2266/2682/5 692/1613/5
f 935/1568/6 2293/2668/6 927/1672/6
f 911/1696/6 2287/2671/6 901/1715/6
f 843/1810/6 2281/2674/6 825/2173/6
f 771/1978/6 2275/2677/6 749/2028/6
f 731/2072/6 2269/2680/6 722/2087/6
f 691/2136/6 2263/2683/6 656/1874/6
f 555/2054/5 2256/2688/5 563/2326/5
f 531/2026/5 2250/2692/5 539/2379/5
f 507/1975/5 2244/2696/5 515/2411/5
f 392/2204/5 2238/2699/5 462/2490/5
f 562/2329/6 2253/2689/6 554/1853/6
f 538/2382/6 2247/2693/6 530/1806/6
f 2313/1893/3 2359/2703/3 2325/2704/3
f 2314/1887/3 2393/2200/3 2359/2703/3
f 2316/1848/3 2461/2705/3 2427/1849/3
f 2317/1845/3 2495/2243/3 2461/2705/3
f 2323/2706/3 2307/2707/3 2308/2708/3
f 2494/2709/3 2324/1831/3 2323/2706/3
f 2493/2710/3 2528/1842/3 2494/2709/3
f 2492/2711/3 2527/1847/3 2493/2710/3
f 2491/2712/3 2526/1852/3 2492/2711/3
f 2490/2713/3 2525/1858/3 2491/2712/3
f 2489/2714/3 2524/1861/3 2490/2713/3
f 2488/2715/3 2523/1864/3 2489/2714/3
f 2487/2716/3 2522/1867/3 2488/2715/3
f 2486/2717/3 2521/1870/3 2487/2716/3
f 2485/2718/3 2520/1873/3 2486/2717/3
f 2484/2719/3 2519/1880/3 2485/2718/3
f 2483/2720/3 2518/1886/3 2484/2719/3
f 2482/2721/3 2517/1892/3 2483/2720/3
f 2481/2722/3 2516/1898/3 2482/2721/3
f 2480/2723/3 2515/1903/3 2481/2722/3
f 2479/2724/3 2514/1908/3 2480/2723/3
f 2478/2188/3 2513/1916/3 2479/2724/3
f 2476/2725/3 2511/2182/3 2477/2256/3
f 2475/2726/3 2510/1930/3 2476/2725/3
f 2474/2727/3 2509/1937/3 2475/2726/3
f 2473/2728/3 2508/2181/3 2474/2727/3
f 2472/2729/3 2507/2187/3 2473/2728/3
f 2471/2730/3 2506/2194/3 2472/2729/3
f 2470/2731/3 2505/2199/3 2471/2730/3
f 2469/2732/3 2504/2207/3 2470/2731/3
f 2468/2733/3 2503/2211/3 2469/2732/3
f 2467/2734/3 2502/2213/3 2468/2733/3
f 2466/2735/3 2501/2217/3 2467/2734/3
f 2465/2736/3 2500/2221/3 2466/2735/3
f 2464/2737/3 2499/2225/3 2465/2736/3
f 2463/2738/3 2498/2230/3 2464/2737/3
f 2462/2739/3 2497/2235/3 2463/2738/3
f 2461/2705/3 2496/2239/3 2462/2739/3
f 2322/1934/3 2308/2708/3 2309/1841/3
f 2460/1941/3 2323/2706/3 2322/1934/3
f 2459/2184/3 2494/2709/3 2460/1941/3
f 2458/2191/3 2493/2710/3 2459/2184/3
f 2457/2196/3 2492/2711/3 2458/2191/3
f 2456/2201/3 2491/2712/3 2457/2196/3
f 2455/2209/3 2490/2713/3 2456/2201/3
f 2454/2212/3 2489/2714/3 2455/2209/3
f 2453/2214/3 2488/2715/3 2454/2212/3
f 2452/2218/3 2487/2716/3 2453/2214/3
f 2451/2222/3 2486/2717/3 2452/2218/3
f 2450/2226/3 2485/2718/3 2451/2222/3
f 2449/2231/3 2484/2719/3 2450/2226/3
f 2448/2236/3 2483/2720/3 2449/2231/3
f 2447/2240/3 2482/2721/3 2448/2236/3
f 2446/2244/3 2481/2722/3 2447/2240/3
f 2445/2249/3 2480/2723/3 2446/2244/3
f 2444/2260/3 2479/2724/3 2445/2249/3
f 2442/2261/3 2477/2256/3 2443/2257/3
f 2441/2264/3 2476/2725/3 2442/2261/3
f 2440/2267/3 2475/2726/3 2441/2264/3
f 2439/2270/3 2474/2727/3 2440/2267/3
f 2438/2740/3 2473/2728/3 2439/2270/3
f 2437/2741/3 2472/2729/3 2438/2740/3
f 2436/2742/3 2471/2730/3 2437/2741/3
f 2435/2743/3 2470/2731/3 2436/2742/3
f 2434/2744/3 2469/2732/3 2435/2743/3
f 2433/168/3 2468/2733/3 2434/2744/3
f 2432/1826/3 2467/2734/3 2433/168/3
f 2431/1830/3 2466/2735/3 2432/1826/3
f 2430/1835/3 2465/2736/3 2431/1830/3
f 2429/1839/3 2464/2737/3 2430/1835/3
f 2428/1846/3 2463/2738/3 2429/1839/3
f 2427/1849/3 2462/2739/3 2428/1846/3
f 2320/2745/3 2310/2255/3 2311/2252/3
f 2392/2746/3 2321/1871/3 2320/2745/3
f 2391/2747/3 2426/2748/3 2392/2746/3
f 2390/2749/3 2425/2750/3 2391/2747/3
f 2389/2751/3 2424/2752/3 2390/2749/3
f 2388/2753/3 2423/2754/3 2389/2751/3
f 2387/2755/3 2422/2756/3 2388/2753/3
f 2386/2757/3 2421/171/3 2387/2755/3
f 2385/2758/3 2420/185/3 2386/2757/3
f 2384/2759/3 2419/1827/3 2385/2758/3
f 2383/2760/3 2418/1832/3 2384/2759/3
f 2382/2761/3 2417/1836/3 2383/2760/3
f 2381/2762/3 2416/1843/3 2382/2761/3
f 2380/2763/3 2415/1850/3 2381/2762/3
f 2379/2764/3 2414/1856/3 2380/2763/3
f 2378/2765/3 2413/1859/3 2379/2764/3
f 2377/2766/3 2412/1862/3 2378/2765/3
f 2376/2234/3 2411/1865/3 2377/2766/3
f 2374/2767/3 2409/2229/3 2375/2768/3
f 2373/2769/3 2408/1875/3 2374/2767/3
f 2372/2770/3 2407/1881/3 2373/2769/3
f 2371/2771/3 2406/1888/3 2372/2770/3
f 2370/2772/3 2405/1894/3 2371/2771/3
f 2369/2773/3 2404/1899/3 2370/2772/3
f 2368/2774/3 2403/1904/3 2369/2773/3
f 2367/2775/3 2402/1909/3 2368/2774/3
f 2366/2776/3 2401/1917/3 2367/2775/3
f 2365/2777/3 2400/1922/3 2366/2776/3
f 2364/2778/3 2399/1926/3 2365/2777/3
f 2363/2779/3 2398/1931/3 2364/2778/3
f 2362/2780/3 2397/1938/3 2363/2779/3
f 2361/2781/3 2396/2183/3 2362/2780/3
f 2360/2782/3 2395/2190/3 2361/2781/3
f 2359/2703/3 2394/2195/3 2360/2782/3
f 2319/1878/3 2311/2252/3 2312/1885/3
f 2358/1884/3 2320/2745/3 2319/1878/3
f 2357/1891/3 2392/2746/3 2358/1884/3
f 2356/1897/3 2391/2747/3 2357/1891/3
f 2355/1902/3 2390/2749/3 2356/1897/3
f 2354/1907/3 2389/2751/3 2355/1902/3
f 2353/1915/3 2388/2753/3 2354/1907/3
f 2352/1920/3 2387/2755/3 2353/1915/3
f 2351/1925/3 2386/2757/3 2352/1920/3
f 2350/1929/3 2385/2758/3 2351/1925/3
f 2349/1936/3 2384/2759/3 2350/1929/3
f 2348/2180/3 2383/2760/3 2349/1936/3
f 2347/2186/3 2382/2761/3 2348/2180/3
f 2346/2193/3 2381/2762/3 2347/2186/3
f 2345/2198/3 2380/2763/3 2346/2193/3
f 2344/2206/3 2379/2764/3 2345/2198/3
f 2343/2210/3 2378/2765/3 2344/2206/3
f 2342/183/3 2377/2766/3 2343/2210/3
f 2340/2220/3 2375/2768/3 2341/2216/3
f 2339/2224/3 2374/2767/3 2340/2220/3
f 2338/2228/3 2373/2769/3 2339/2224/3
f 2337/2233/3 2372/2770/3 2338/2228/3
f 2336/2238/3 2371/2771/3 2337/2233/3
f 2335/2242/3 2370/2772/3 2336/2238/3
f 2334/2246/3 2369/2773/3 2335/2242/3
f 2333/2251/3 2368/2774/3 2334/2246/3
f 2332/2254/3 2367/2775/3 2333/2251/3
f 2331/2259/3 2366/2776/3 2332/2254/3
f 2330/2263/3 2365/2777/3 2331/2259/3
f 2329/2266/3 2364/2778/3 2330/2263/3
f 2328/2269/3 2363/2779/3 2329/2266/3
f 2327/2783/3 2362/2780/3 2328/2269/3
f 2326/2784/3 2361/2781/3 2327/2783/3
f 2325/2704/3 2360/2782/3 2326/2784/3
f 619/1911/5 2375/2768/5 638/2085/5
f 247/132/5 2307/2707/5 246/134/5
f 670/2170/4 2422/2756/4 669/170/4
f 796/169/2 2434/2744/2 797/1996/2
f 248/130/5 2308/2708/5 247/132/5
f 671/2169/4 2423/2754/4 670/2170/4
f 797/1996/2 2435/2743/2 798/1994/2
f 672/2168/4 2424/2752/4 671/2169/4
f 798/1994/2 2436/2742/2 799/1992/2
f 281/39/2 2325/2704/2 603/166/2
f 673/2167/4 2425/2750/4 672/2168/4
f 799/1992/2 2437/2741/2 800/1990/2
f 603/166/2 2326/2784/2 604/2304/2
f 674/1872/4 2426/2748/4 673/2167/4
f 800/1990/2 2438/2740/2 801/1988/2
f 604/2304/2 2327/2783/2 605/2268/2
f 133/2785/3 110/2786/3 80/2787/3
f 186/2788/7 141/2789/7 118/2790/7
f 189/2791/8 148/2792/8 141/2789/8
f 148/2792/9 194/2793/9 156/2794/9
f 194/2793/10 159/2795/10 156/2794/10
f 196/2796/11 164/2797/11 159/2795/11
f 198/2798/12 168/2799/12 164/2797/12
f 200/2800/13 172/2801/13 168/2802/13
f 202/2803/14 175/2804/14 172/2801/14
f 204/2805/15 180/2806/15 175/2804/15
f 205/2807/16 184/2808/16 180/2806/16
f 208/2809/17 133/2785/17 184/2808/17
f 141/2789/18 2581/2810/18 118/2790/18
f 191/2811/19 2553/2812/19 2552/2813/19
f 194/2793/20 2552/2813/20 2557/2814/20
f 198/2798/21 2558/2815/21 2556/2816/21
f 168/2799/22 2578/2817/22 164/2797/22
f 2562/2818/5 2560/2819/5 186/2788/5
f 159/2795/23 2576/2820/23 156/2794/23
f 188/2821/24 2544/2822/24 2543/2823/24
f 2550/2824/25 204/2805/25 202/2803/25
f 2582/2825/26 172/2801/26 175/2804/26
f 202/2803/27 2548/2826/27 2550/2824/27
f 164/2797/28 2579/2827/28 159/2795/28
f 200/2828/29 2556/2816/29 2549/2829/29
f 189/2791/30 2554/2830/30 2553/2812/30
f 110/2786/6 2561/2831/6 2563/2832/6
f 180/2806/31 2572/2833/31 175/2804/31
f 208/2809/32 2546/2834/32 2544/2822/32
f 80/2787/4 2588/2835/4 2589/2836/4
f 172/2801/33 2583/2837/33 168/2802/33
f 2598/2838/34 133/2785/34 2597/2839/34
f 148/2792/35 2580/2840/35 141/2789/35
f 205/2807/36 2547/2841/36 2546/2834/36
f 156/2794/37 2577/2842/37 148/2792/37
f 2536/2843/2 2535/2844/2 110/2786/2
f 196/2796/38 2557/2814/38 2558/2815/38
f 2575/2845/39 180/2806/39 184/2808/39
f 106/2846/3 65/2847/3 35/2848/3
f 160/2849/7 114/2850/7 89/2851/7
f 163/2852/8 122/2853/8 114/2850/8
f 166/2854/9 127/2855/9 122/2853/9
f 127/2855/10 170/2856/10 136/2857/10
f 136/2857/11 171/2858/11 140/2859/11
f 171/2858/12 143/2860/12 140/2859/12
f 173/2861/13 146/2862/13 143/2863/13
f 176/2864/14 151/2865/14 146/2862/14
f 177/2866/15 153/2867/15 151/2865/15
f 179/2868/16 158/2869/16 153/2867/16
f 182/2870/17 106/2846/17 158/2869/17
f 114/2850/40 2657/2871/40 89/2851/40
f 166/2854/41 2621/2872/41 2622/2873/41
f 167/2874/42 2622/2873/42 2618/2875/42
f 171/2858/43 2619/2876/43 2624/2877/43
f 143/2860/44 2660/2878/44 140/2859/44
f 2630/2879/5 2627/2880/5 160/2849/5
f 136/2857/45 2656/2881/45 127/2855/45
f 161/2882/46 2617/2883/46 2616/2884/46
f 177/2866/47 2623/2885/47 2615/2886/47
f 151/2865/48 2650/2887/48 2648/2888/48
f 176/2864/49 2625/2889/49 2623/2885/49
f 140/2859/50 2655/2890/50 136/2857/50
f 173/2891/51 2624/2877/51 2625/2892/51
f 163/2852/52 2628/2893/52 2620/2894/52
f 65/2847/6 2600/2895/6 2626/2896/6
f 153/2867/53 2650/2887/53 151/2865/53
f 182/2870/54 2613/2897/54 2617/2883/54
f 35/2848/4 2639/2898/4 2640/2899/4
f 146/2862/55 2659/2900/55 143/2863/55
f 2652/2901/56 106/2846/56 2651/2902/56
f 122/2853/57 2653/2903/57 114/2850/57
f 179/2868/58 2614/2904/58 2613/2897/58
f 127/2855/59 2654/2905/59 122/2853/59
f 2606/2906/2 2605/2907/2 65/2847/2
f 170/2856/60 2618/2875/60 2619/2876/60
f 158/2869/61 2649/2908/61 153/2867/61
f 84/2909/3 48/2910/3 28/2911/3
f 134/2912/62 85/2913/62 70/2914/62
f 137/2915/8 96/2916/8 85/2913/8
f 96/2916/9 142/2917/9 104/2918/9
f 142/2917/10 108/2919/10 104/2918/10
f 144/2920/11 112/2921/11 108/2919/11
f 145/2922/12 115/2923/12 112/2921/12
f 147/2924/13 120/2925/13 115/2926/13
f 149/2927/14 125/2928/14 120/2925/14
f 152/2929/15 129/2930/15 125/2928/15
f 154/2931/16 132/2932/16 129/2930/16
f 155/2933/17 84/2909/17 132/2932/17
f 85/2913/18 2715/2934/18 70/2914/18
f 139/2935/63 2690/2936/63 2689/2937/63
f 142/2917/20 2689/2937/20 2685/2938/20
f 145/2922/21 2684/2939/21 2687/2940/21
f 115/2923/22 2709/2941/22 112/2921/22
f 2695/2942/5 2693/2943/5 134/2912/5
f 108/2919/23 2708/2944/23 104/2918/23
f 135/2945/24 2676/2946/24 2675/2947/24
f 152/2929/25 2679/2948/25 2678/2949/25
f 125/2928/26 2711/2950/26 120/2925/26
f 149/2927/27 2680/2951/27 2679/2948/27
f 112/2921/64 2710/2952/64 108/2919/64
f 147/2953/29 2687/2940/29 2681/2954/29
f 137/2915/30 2691/2955/30 2690/2936/30
f 48/2910/6 2694/2956/6 2696/2957/6
f 129/2930/31 2713/2958/31 125/2928/31
f 2682/2959/32 155/2933/32 154/2931/32
f 28/2911/4 2722/2960/4 2723/2961/4
f 120/2925/33 2714/2962/33 115/2926/33
f 2732/2963/34 84/2909/34 2731/2964/34
f 96/2916/35 2717/2965/35 85/2913/35
f 154/2931/36 2678/2949/36 2682/2959/36
f 2716/2966/37 96/2916/37 104/2918/37
f 2668/2967/2 2667/2968/2 48/2910/2
f 144/2920/65 2686/2969/65 2684/2939/65
f 132/2932/66 2705/2970/66 2706/2971/66
f 56/2972/3 42/2973/3 34/2974/3
f 107/2975/7 59/2976/7 45/2977/7
f 59/2976/8 113/2978/8 71/2979/8
f 113/2978/9 78/2980/9 71/2979/9
f 116/2981/10 82/2982/10 78/2980/10
f 117/2983/11 87/2984/11 82/2982/11
f 119/2985/12 91/2986/12 87/2984/12
f 121/2987/13 93/2988/13 91/2989/13
f 93/2988/14 126/2990/14 100/2991/14
f 100/2991/15 128/2992/15 102/2993/15
f 128/2992/16 105/2994/16 102/2993/16
f 130/2995/17 56/2972/17 105/2994/17
f 59/2976/18 2783/2996/18 45/2977/18
f 113/2978/19 2756/2997/19 2755/2998/19
f 116/2981/20 2755/2998/20 2762/2999/20
f 119/2985/21 2761/3000/21 2760/3001/21
f 91/2986/22 2780/3002/22 87/2984/22
f 2766/3003/5 2764/3004/5 107/2975/5
f 82/2982/67 2778/3005/67 78/2980/67
f 109/3006/24 2748/3007/24 2747/3008/24
f 126/2990/25 2753/3009/25 2749/3010/25
f 100/2991/26 2799/3011/26 2777/3012/26
f 2759/3013/27 123/3014/27 121/2987/27
f 87/2984/28 2782/3015/28 82/2982/28
f 121/3016/29 2760/3001/29 2759/3017/29
f 111/3018/30 2757/3019/30 2756/2997/30
f 42/2973/6 2765/3020/6 2767/3021/6
f 102/2993/31 2799/3011/31 100/2991/31
f 130/2995/32 2750/3022/32 2748/3007/32
f 34/2974/4 2790/3023/4 2791/3024/4
f 93/2988/33 2781/3025/33 91/2989/33
f 2801/3026/34 56/2972/34 2800/3027/34
f 71/2979/35 2785/3028/35 59/2976/35
f 128/2992/68 2751/3029/68 2750/3022/68
f 78/2980/37 2779/3030/37 71/2979/37
f 2740/3031/2 2739/3032/2 42/2973/2
f 117/2983/38 2762/2999/38 2761/3000/38
f 105/2994/39 2802/3033/39 102/2993/39
f 39/3034/3 31/3035/3 30/3036/3
f 81/3037/62 43/3038/62 37/3039/62
f 86/3040/8 49/3041/8 43/3038/8
f 49/3041/9 90/3042/9 54/3043/9
f 90/3042/10 58/3044/10 54/3043/10
f 92/3045/11 62/3046/11 58/3044/11
f 94/3047/12 63/3048/12 62/3046/12
f 95/3049/13 68/3050/13 63/3051/13
f 98/3052/14 73/3053/14 68/3050/14
f 73/3053/15 101/3054/15 75/3055/15
f 101/3054/16 79/3056/16 75/3055/16
f 103/3057/17 39/3034/17 79/3056/17
f 43/3038/18 2870/3058/18 37/3039/18
f 88/3059/63 2832/3060/63 2831/3061/63
f 90/3042/20 2831/3061/20 2826/3062/20
f 94/3047/21 2829/3063/21 2828/3064/21
f 63/3048/22 2864/3065/22 62/3046/22
f 2837/3066/5 2835/3067/5 81/3037/5
f 58/3044/23 2863/3068/23 54/3043/23
f 83/3069/24 2818/3070/24 2817/3071/24
f 99/3072/25 2821/3073/25 2820/3074/25
f 73/3053/26 2866/3075/26 68/3050/26
f 98/3052/27 2822/3076/27 2821/3073/27
f 62/3046/64 2865/3077/64 58/3044/64
f 2828/3064/29 95/3078/29 94/3047/29
f 86/3040/30 2833/3079/30 2832/3060/30
f 2836/3080/6 2838/3081/6 31/3035/6
f 75/3055/69 2868/3082/69 73/3053/69
f 2824/3083/32 103/3057/32 101/3054/32
f 30/3036/4 2850/3084/4 2851/3085/4
f 68/3050/33 2869/3086/33 63/3051/33
f 2859/3087/34 39/3034/34 2861/3088/34
f 49/3041/35 2872/3089/35 43/3038/35
f 101/3054/36 2820/3074/36 2824/3083/36
f 2871/3090/37 49/3041/37 54/3043/37
f 2810/3091/2 2809/3092/2 31/3035/2
f 92/3045/65 2827/3093/65 2829/3063/65
f 79/3056/39 2859/3087/39 2860/3094/39
f 33/3095/3 29/3096/3 27/3097/3
f 55/3098/62 36/3099/62 32/3100/62
f 60/3101/8 38/3102/8 36/3099/8
f 61/3103/9 40/3104/9 38/3102/9
f 64/3105/10 41/3106/10 40/3104/10
f 66/3107/11 44/3108/11 41/3106/11
f 67/3109/12 46/3110/12 44/3108/12
f 69/3111/13 47/3112/13 46/3113/13
f 47/3112/14 74/3114/14 50/3115/14
f 74/3114/15 51/3116/15 50/3115/15
f 51/3116/16 77/3117/16 53/3118/16
f 77/3117/17 33/3095/17 53/3118/17
f 36/3099/40 2926/3119/40 32/3100/40
f 61/3103/41 2896/3120/41 2894/3121/41
f 64/3105/42 2894/3121/42 2897/3122/42
f 67/3109/43 2892/3123/43 2893/3124/43
f 46/3110/44 2932/3125/44 44/3108/44
f 2904/3126/5 2901/3127/5 55/3098/5
f 41/3106/45 2927/3128/45 40/3104/45
f 57/3129/46 2887/3130/46 2890/3131/46
f 74/3114/70 2899/3132/70 2898/3133/70
f 50/3115/48 2930/3134/48 47/3112/48
f 72/3135/49 2891/3136/49 2899/3132/49
f 44/3108/50 2933/3137/50 41/3106/50
f 69/3138/51 2893/3124/51 2891/3139/51
f 60/3101/52 2902/3140/52 2895/3141/52
f 27/3097/6 2903/3142/6 2905/3143/6
f 51/3116/53 2924/3144/53 2934/3145/53
f 77/3117/54 2888/3146/54 2887/3130/54
f 2916/3147/4 2917/3148/4 33/3095/4
f 47/3112/55 2931/3149/55 46/3113/55
f 2922/3150/56 33/3095/56 2925/3151/56
f 38/3102/57 2929/3152/57 36/3099/57
f 2889/3153/58 76/3154/58 2898/3133/58
f 40/3104/59 2928/3155/59 38/3102/59
f 2880/3156/2 2879/3157/2 29/3096/2
f 66/3107/60 2897/3122/60 2892/3123/60
f 53/3118/61 2923/3158/61 51/3116/61
f 234/1/1 4/4/1 340/2/1
f 4/4/2 8/17/2 375/5/2
f 304/6/3 6/9/3 410/7/3
f 6/9/4 2/3159/4 339/10/4
f 235/11/5 5/2559/5 1/12/5
f 192/14/6 2/3160/6 6/9/6
f 4/15/6 234/18/6 270/16/6
f 234/18/6 233/20/6 271/19/6
f 233/20/6 232/22/6 272/21/6
f 232/22/6 231/24/6 273/23/6
f 231/24/6 230/26/6 274/25/6
f 230/26/6 229/28/6 275/27/6
f 229/28/6 228/30/6 276/29/6
f 228/30/6 227/32/6 277/31/6
f 227/32/6 226/34/6 278/33/6
f 226/34/6 225/36/6 279/35/6
f 225/36/6 224/38/6 280/37/6
f 224/38/6 223/40/6 281/39/6
f 223/40/6 222/42/6 282/41/6
f 222/42/6 221/44/6 283/43/6
f 221/44/6 220/46/6 284/45/6
f 220/46/6 219/48/6 285/47/6
f 219/48/6 218/50/6 286/49/6
f 218/50/6 217/52/6 287/51/6
f 217/52/6 216/54/6 288/53/6
f 216/54/6 215/56/6 289/55/6
f 215/56/6 214/58/6 290/57/6
f 214/58/6 213/60/6 291/59/6
f 213/60/6 212/62/6 292/61/6
f 212/62/6 211/64/6 293/63/6
f 211/64/6 210/66/6 294/65/6
f 210/66/6 209/68/6 295/67/6
f 209/68/6 207/70/6 296/69/6
f 207/70/6 206/72/6 297/71/6
f 206/72/6 203/74/6 298/73/6
f 203/74/6 201/76/6 299/75/6
f 201/76/6 199/78/6 300/77/6
f 199/78/6 197/80/6 301/79/6
f 197/80/6 195/82/6 302/81/6
f 195/82/6 193/84/6 303/83/6
f 193/84/6 192/14/6 304/6/6
f 7/85/5 269/88/5 9/86/5
f 269/88/5 268/90/5 10/89/5
f 268/90/5 267/92/5 11/91/5
f 267/92/5 266/94/5 12/93/5
f 266/94/5 265/96/5 13/95/5
f 265/96/5 264/98/5 14/97/5
f 264/98/5 263/100/5 15/99/5
f 263/100/5 262/102/5 16/101/5
f 262/102/5 261/104/5 17/103/5
f 261/104/5 260/106/5 18/105/5
f 260/106/5 259/108/5 19/107/5
f 259/108/5 258/110/5 20/109/5
f 258/110/5 257/112/5 21/111/5
f 257/112/5 256/114/5 22/113/5
f 256/114/5 255/116/5 23/115/5
f 255/116/5 254/118/5 24/117/5
f 254/118/5 253/120/5 25/119/5
f 253/120/5 252/122/5 26/121/5
f 252/122/5 251/124/5 52/123/5
f 251/124/5 250/126/5 97/125/5
f 250/126/5 249/128/5 124/127/5
f 249/128/5 248/130/5 131/129/5
f 248/130/5 247/132/5 138/131/5
f 247/132/5 246/134/5 150/133/5
f 246/134/5 245/136/5 157/135/5
f 245/136/5 244/138/5 162/137/5
f 244/138/5 243/140/5 165/139/5
f 243/140/5 242/142/5 169/141/5
f 242/142/5 241/144/5 174/143/5
f 241/144/5 240/146/5 178/145/5
f 240/146/5 239/148/5 181/147/5
f 239/148/5 238/150/5 183/149/5
f 238/150/5 237/152/5 185/151/5
f 237/152/5 236/154/5 187/153/5
f 236/154/5 235/11/5 190/13/5
f 8/17/3 270/16/3 445/155/3
f 270/16/3 271/19/3 480/156/3
f 271/19/3 272/21/3 503/157/3
f 272/21/3 273/23/3 511/158/3
f 273/23/3 274/25/3 519/159/3
f 274/25/3 275/27/3 527/160/3
f 275/27/3 276/29/3 535/161/3
f 276/29/3 277/31/3 543/162/3
f 277/31/3 278/33/3 551/163/3
f 278/33/3 279/35/3 559/164/3
f 279/35/3 280/37/3 568/165/3
f 280/37/3 281/39/3 603/166/3
f 795/167/2 2432/1826/2 2433/168/2
f 669/170/4 2422/2756/4 2421/171/4
f 283/43/3 284/45/3 675/173/3
f 284/45/3 285/47/3 710/175/3
f 285/47/3 286/49/3 719/176/3
f 286/49/3 287/51/3 728/177/3
f 287/51/3 288/53/3 737/178/3
f 288/53/3 289/55/3 746/179/3
f 289/55/3 290/57/3 755/180/3
f 290/57/3 291/59/3 790/181/3
f 639/182/6 2376/2234/6 2342/183/6
f 668/172/4 2421/171/4 2420/185/4
f 293/63/3 294/65/3 862/187/3
f 294/65/3 295/67/3 897/189/3
f 295/67/3 296/69/3 908/190/3
f 296/69/3 297/71/3 916/191/3
f 297/71/3 298/73/3 924/192/3
f 298/73/3 299/75/3 932/193/3
f 299/75/3 300/77/3 940/194/3
f 300/77/3 301/79/3 948/195/3
f 301/79/3 302/81/3 956/196/3
f 302/81/3 303/83/3 964/197/3
f 303/83/3 304/6/3 973/8/3
f 2/198/1 192/201/1 1008/199/1
f 192/201/1 193/203/1 1043/202/1
f 193/203/1 195/205/1 1078/204/1
f 195/205/1 197/207/1 1113/206/1
f 197/207/1 199/209/1 1148/208/1
f 199/209/1 201/211/1 1183/210/1
f 201/211/1 203/213/1 1218/212/1
f 203/213/1 206/215/1 1253/214/1
f 206/215/1 207/217/1 1288/216/1
f 207/217/1 209/219/1 1323/218/1
f 209/219/1 210/221/1 1358/220/1
f 210/221/1 211/223/1 1393/222/1
f 211/223/1 212/225/1 1428/224/1
f 212/225/1 213/227/1 1463/226/1
f 213/227/1 214/229/1 1498/228/1
f 214/229/1 215/231/1 1533/230/1
f 215/231/1 216/233/1 1568/232/1
f 216/233/1 217/235/1 1603/234/1
f 217/235/1 218/237/1 1638/236/1
f 218/237/1 219/239/1 1673/238/1
f 219/239/1 220/241/1 1708/240/1
f 220/241/1 221/243/1 1743/242/1
f 221/243/1 222/245/1 1778/244/1
f 222/245/1 223/247/1 1813/246/1
f 223/247/1 224/249/1 1848/248/1
f 224/249/1 225/251/1 1883/250/1
f 225/251/1 226/253/1 1918/252/1
f 226/253/1 227/255/1 1953/254/1
f 227/255/1 228/257/1 1988/256/1
f 228/257/1 229/259/1 2023/258/1
f 229/259/1 230/261/1 2058/260/1
f 230/261/1 231/263/1 2093/262/1
f 231/263/1 232/265/1 2128/264/1
f 232/265/1 233/267/1 2163/266/1
f 233/267/1 234/1/1 2198/3/1
f 2197/268/1 2232/272/1 9/269/1
f 2196/271/1 2231/274/1 2232/272/1
f 2195/273/1 2230/276/1 2231/274/1
f 2194/275/1 2229/278/1 2230/276/1
f 2193/277/1 2228/280/1 2229/278/1
f 2192/279/1 2227/282/1 2228/280/1
f 2191/281/1 2226/284/1 2227/282/1
f 2190/283/1 2225/286/1 2226/284/1
f 2189/285/1 2224/288/1 2225/286/1
f 2188/287/1 2223/290/1 2224/288/1
f 2187/289/1 2222/292/1 2223/290/1
f 2186/291/1 2221/294/1 2222/292/1
f 2185/293/1 2220/296/1 2221/294/1
f 2184/295/1 2219/298/1 2220/296/1
f 2183/297/1 2218/300/1 2219/298/1
f 2182/299/1 2217/302/1 2218/300/1
f 2181/301/1 2216/304/1 2217/302/1
f 2180/303/1 2215/306/1 2216/304/1
f 2179/305/1 2214/308/1 2215/306/1
f 2178/307/1 2213/310/1 2214/308/1
f 2177/309/1 2212/312/1 2213/310/1
f 2176/311/1 2211/314/1 2212/312/1
f 2175/313/1 2210/316/1 2211/314/1
f 2174/315/1 2209/318/1 2210/316/1
f 2173/317/1 2208/320/1 2209/318/1
f 2172/319/1 2207/322/1 2208/320/1
f 2171/321/1 2206/324/1 2207/322/1
f 2170/323/1 2205/326/1 2206/324/1
f 2169/325/1 2204/328/1 2205/326/1
f 2168/327/1 2203/330/1 2204/328/1
f 2167/329/1 2202/332/1 2203/330/1
f 2166/331/1 2201/334/1 2202/332/1
f 2165/333/1 2200/336/1 2201/334/1
f 2164/335/1 2199/337/1 2200/336/1
f 2163/266/1 2198/3/1 2199/337/1
f 2162/338/1 2197/268/1 10/270/1
f 2161/340/1 2196/271/1 2197/268/1
f 2160/341/1 2195/273/1 2196/271/1
f 2159/342/1 2194/275/1 2195/273/1
f 2158/343/1 2193/277/1 2194/275/1
f 2157/344/1 2192/279/1 2193/277/1
f 2156/345/1 2191/281/1 2192/279/1
f 2155/346/1 2190/283/1 2191/281/1
f 2154/347/1 2189/285/1 2190/283/1
f 2153/348/1 2188/287/1 2189/285/1
f 2152/349/1 2187/289/1 2188/287/1
f 2151/350/1 2186/291/1 2187/289/1
f 2150/351/1 2185/293/1 2186/291/1
f 2149/352/1 2184/295/1 2185/293/1
f 2148/353/1 2183/297/1 2184/295/1
f 2147/354/1 2182/299/1 2183/297/1
f 2146/355/1 2181/301/1 2182/299/1
f 2145/356/1 2180/303/1 2181/301/1
f 2144/357/1 2179/305/1 2180/303/1
f 2143/358/1 2178/307/1 2179/305/1
f 2142/359/1 2177/309/1 2178/307/1
f 2141/360/1 2176/311/1 2177/309/1
f 2140/361/1 2175/313/1 2176/311/1
f 2139/362/1 2174/315/1 2175/313/1
f 2138/363/1 2173/317/1 2174/315/1
f 2137/364/1 2172/319/1 2173/317/1
f 2136/365/1 2171/321/1 2172/319/1
f 2135/366/1 2170/323/1 2171/321/1
f 2134/367/1 2169/325/1 2170/323/1
f 2133/368/1 2168/327/1 2169/325/1
f 2132/369/1 2167/329/1 2168/327/1
f 2131/370/1 2166/331/1 2167/329/1
f 2130/371/1 2165/333/1 2166/331/1
f 2129/372/1 2164/335/1 2165/333/1
f 2128/264/1 2163/266/1 2164/335/1
f 2127/373/1 2162/338/1 11/339/1
f 2126/375/1 2161/340/1 2162/338/1
f 2125/376/1 2160/341/1 2161/340/1
f 2124/377/1 2159/342/1 2160/341/1
f 2123/378/1 2158/343/1 2159/342/1
f 2122/379/1 2157/344/1 2158/343/1
f 2121/380/1 2156/345/1 2157/344/1
f 2120/381/1 2155/346/1 2156/345/1
f 2119/382/1 2154/347/1 2155/346/1
f 2118/383/1 2153/348/1 2154/347/1
f 2117/384/1 2152/349/1 2153/348/1
f 2116/385/1 2151/350/1 2152/349/1
f 2115/386/1 2150/351/1 2151/350/1
f 2114/387/1 2149/352/1 2150/351/1
f 2113/388/1 2148/353/1 2149/352/1
f 2112/389/1 2147/354/1 2148/353/1
f 2111/390/1 2146/355/1 2147/354/1
f 2110/391/1 2145/356/1 2146/355/1
f 2109/392/1 2144/357/1 2145/356/1
f 2108/393/1 2143/358/1 2144/357/1
f 2107/394/1 2142/359/1 2143/358/1
f 2106/395/1 2141/360/1 2142/359/1
f 2105/396/1 2140/361/1 2141/360/1
f 2104/397/1 2139/362/1 2140/361/1
f 2103/398/1 2138/363/1 2139/362/1
f 2102/399/1 2137/364/1 2138/363/1
f 2101/400/1 2136/365/1 2137/364/1
f 2100/401/1 2135/366/1 2136/365/1
f 2099/402/1 2134/367/1 2135/366/1
f 2098/403/1 2133/368/1 2134/367/1
f 2097/404/1 2132/369/1 2133/368/1
f 2096/405/1 2131/370/1 2132/369/1
f 2095/406/1 2130/371/1 2131/370/1
f 2094/407/1 2129/372/1 2130/371/1
f 2093/262/1 2128/264/1 2129/372/1
f 2092/408/1 2127/373/1 12/374/1
f 2091/410/1 2126/375/1 2127/373/1
f 2090/411/1 2125/376/1 2126/375/1
f 2089/412/1 2124/377/1 2125/376/1
f 2088/413/1 2123/378/1 2124/377/1
f 2087/414/1 2122/379/1 2123/378/1
f 2086/415/1 2121/380/1 2122/379/1
f 2085/416/1 2120/381/1 2121/380/1
f 2084/417/1 2119/382/1 2120/381/1
f 2083/418/1 2118/383/1 2119/382/1
f 2082/419/1 2117/384/1 2118/383/1
f 2081/420/1 2116/385/1 2117/384/1
f 2080/421/1 2115/386/1 2116/385/1
f 2079/422/1 2114/387/1 2115/386/1
f 2078/423/1 2113/388/1 2114/387/1
f 2077/424/1 2112/389/1 2113/388/1
f 2076/425/1 2111/390/1 2112/389/1
f 2075/426/1 2110/391/1 2111/390/1
f 2074/427/1 2109/392/1 2110/391/1
f 2073/428/1 2108/393/1 2109/392/1
f 2072/429/1 2107/394/1 2108/393/1
f 2071/430/1 2106/395/1 2107/394/1
f 2070/431/1 2105/396/1 2106/395/1
f 2069/432/1 2104/397/1 2105/396/1
f 2068/433/1 2103/398/1 2104/397/1
f 2067/434/1 2102/399/1 2103/398/1
f 2066/435/1 2101/400/1 2102/399/1
f 2065/436/1 2100/401/1 2101/400/1
f 2064/437/1 2099/402/1 2100/401/1
f 2063/438/1 2098/403/1 2099/402/1
f 2062/439/1 2097/404/1 2098/403/1
f 2061/440/1 2096/405/1 2097/404/1
f 2060/441/1 2095/406/1 2096/405/1
f 2059/442/1 2094/407/1 2095/406/1
f 2058/260/1 2093/262/1 2094/407/1
f 2057/443/1 2092/408/1 13/409/1
f 2056/445/1 2091/410/1 2092/408/1
f 2055/446/1 2090/411/1 2091/410/1
f 2054/447/1 2089/412/1 2090/411/1
f 2053/448/1 2088/413/1 2089/412/1
f 2052/449/1 2087/414/1 2088/413/1
f 2051/450/1 2086/415/1 2087/414/1
f 2050/451/1 2085/416/1 2086/415/1
f 2049/452/1 2084/417/1 2085/416/1
f 2048/453/1 2083/418/1 2084/417/1
f 2047/454/1 2082/419/1 2083/418/1
f 2046/455/1 2081/420/1 2082/419/1
f 2045/456/1 2080/421/1 2081/420/1
f 2044/457/1 2079/422/1 2080/421/1
f 2043/458/1 2078/423/1 2079/422/1
f 2042/459/1 2077/424/1 2078/423/1
f 2041/460/1 2076/425/1 2077/424/1
f 2040/461/1 2075/426/1 2076/425/1
f 2039/462/1 2074/427/1 2075/426/1
f 2038/463/1 2073/428/1 2074/427/1
f 2037/464/1 2072/429/1 2073/428/1
f 2036/465/1 2071/430/1 2072/429/1
f 2035/466/1 2070/431/1 2071/430/1
f 2034/467/1 2069/432/1 2070/431/1
f 2033/468/1 2068/433/1 2069/432/1
f 2032/469/1 2067/434/1 2068/433/1
f 2031/470/1 2066/435/1 2067/434/1
f 2030/471/1 2065/436/1 2066/435/1
f 2029/472/1 2064/437/1 2065/436/1
f 2028/473/1 2063/438/1 2064/437/1
f 2027/474/1 2062/439/1 2063/438/1
f 2026/475/1 2061/440/1 2062/439/1
f 2025/476/1 2060/441/1 2061/440/1
f 2024/477/1 2059/442/1 2060/441/1
f 2023/258/1 2058/260/1 2059/442/1
f 2022/478/1 2057/443/1 14/444/1
f 2021/480/1 2056/445/1 2057/443/1
f 2020/481/1 2055/446/1 2056/445/1
f 2019/482/1 2054/447/1 2055/446/1
f 2018/483/1 2053/448/1 2054/447/1
f 2017/484/1 2052/449/1 2053/448/1
f 2016/485/1 2051/450/1 2052/449/1
f 2015/486/1 2050/451/1 2051/450/1
f 2014/487/1 2049/452/1 2050/451/1
f 2013/488/1 2048/453/1 2049/452/1
f 2012/489/1 2047/454/1 2048/453/1
f 2011/490/1 2046/455/1 2047/454/1
f 2010/491/1 2045/456/1 2046/455/1
f 2009/492/1 2044/457/1 2045/456/1
f 2008/493/1 2043/458/1 2044/457/1
f 2007/494/1 2042/459/1 2043/458/1
f 2006/495/1 2041/460/1 2042/459/1
f 2005/496/1 2040/461/1 2041/460/1
f 2004/497/1 2039/462/1 2040/461/1
f 2003/498/1 2038/463/1 2039/462/1
f 2002/499/1 2037/464/1 2038/463/1
f 2001/500/1 2036/465/1 2037/464/1
f 2000/501/1 2035/466/1 2036/465/1
f 1999/502/1 2034/467/1 2035/466/1
f 1998/503/1 2033/468/1 2034/467/1
f 1997/504/1 2032/469/1 2033/468/1
f 1996/505/1 2031/470/1 2032/469/1
f 1995/506/1 2030/471/1 2031/470/1
f 1994/507/1 2029/472/1 2030/471/1
f 1993/508/1 2028/473/1 2029/472/1
f 1992/509/1 2027/474/1 2028/473/1
f 1991/510/1 2026/475/1 2027/474/1
f 1990/511/1 2025/476/1 2026/475/1
f 1989/512/1 2024/477/1 2025/476/1
f 1988/256/1 2023/258/1 2024/477/1
f 1987/513/1 2022/478/1 15/479/1
f 1986/515/1 2021/480/1 2022/478/1
f 1985/516/1 2020/481/1 2021/480/1
f 1984/517/1 2019/482/1 2020/481/1
f 1983/518/1 2018/483/1 2019/482/1
f 1982/519/1 2017/484/1 2018/483/1
f 1981/520/1 2016/485/1 2017/484/1
f 1980/521/1 2015/486/1 2016/485/1
f 1979/522/1 2014/487/1 2015/486/1
f 1978/523/1 2013/488/1 2014/487/1
f 1977/524/1 2012/489/1 2013/488/1
f 1976/525/1 2011/490/1 2012/489/1
f 1975/526/1 2010/491/1 2011/490/1
f 1974/527/1 2009/492/1 2010/491/1
f 1973/528/1 2008/493/1 2009/492/1
f 1972/529/1 2007/494/1 2008/493/1
f 1971/530/1 2006/495/1 2007/494/1
f 1970/531/1 2005/496/1 2006/495/1
f 1969/532/1 2004/497/1 2005/496/1
f 1968/533/1 2003/498/1 2004/497/1
f 1967/534/1 2002/499/1 2003/498/1
f 1966/535/1 2001/500/1 2002/499/1
f 1965/536/1 2000/501/1 2001/500/1
f 1964/537/1 1999/502/1 2000/501/1
f 1963/538/1 1998/503/1 1999/502/1
f 1962/539/1 1997/504/1 1998/503/1
f 1961/540/1 1996/505/1 1997/504/1
f 1960/541/1 1995/506/1 1996/505/1
f 1959/542/1 1994/507/1 1995/506/1
f 1958/543/1 1993/508/1 1994/507/1
f 1957/544/1 1992/509/1 1993/508/1
f 1956/545/1 1991/510/1 1992/509/1
f 1955/546/1 1990/511/1 1991/510/1
f 1954/547/1 1989/512/1 1990/511/1
f 1953/254/1 1988/256/1 1989/512/1
f 1952/548/1 1987/513/1 16/514/1
f 1951/550/1 1986/515/1 1987/513/1
f 1950/551/1 1985/516/1 1986/515/1
f 1949/552/1 1984/517/1 1985/516/1
f 1948/553/1 1983/518/1 1984/517/1
f 1947/554/1 1982/519/1 1983/518/1
f 1946/555/1 1981/520/1 1982/519/1
f 1945/556/1 1980/521/1 1981/520/1
f 1944/557/1 1979/522/1 1980/521/1
f 1943/558/1 1978/523/1 1979/522/1
f 1942/559/1 1977/524/1 1978/523/1
f 1941/560/1 1976/525/1 1977/524/1
f 1940/561/1 1975/526/1 1976/525/1
f 1939/562/1 1974/527/1 1975/526/1
f 1938/563/1 1973/528/1 1974/527/1
f 1937/564/1 1972/529/1 1973/528/1
f 1936/565/1 1971/530/1 1972/529/1
f 1935/566/1 1970/531/1 1971/530/1
f 1934/567/1 1969/532/1 1970/531/1
f 1933/568/1 1968/533/1 1969/532/1
f 1932/569/1 1967/534/1 1968/533/1
f 1931/570/1 1966/535/1 1967/534/1
f 1930/571/1 1965/536/1 1966/535/1
f 1929/572/1 1964/537/1 1965/536/1
f 1928/573/1 1963/538/1 1964/537/1
f 1927/574/1 1962/539/1 1963/538/1
f 1926/575/1 1961/540/1 1962/539/1
f 1925/576/1 1960/541/1 1961/540/1
f 1924/577/1 1959/542/1 1960/541/1
f 1923/578/1 1958/543/1 1959/542/1
f 1922/579/1 1957/544/1 1958/543/1
f 1921/580/1 1956/545/1 1957/544/1
f 1920/581/1 1955/546/1 1956/545/1
f 1919/582/1 1954/547/1 1955/546/1
f 1918/252/1 1953/254/1 1954/547/1
f 1917/583/1 1952/548/1 17/549/1
f 1916/585/1 1951/550/1 1952/548/1
f 1915/586/1 1950/551/1 1951/550/1
f 1914/587/1 1949/552/1 1950/551/1
f 1913/588/1 1948/553/1 1949/552/1
f 1912/589/1 1947/554/1 1948/553/1
f 1911/590/1 1946/555/1 1947/554/1
f 1910/591/1 1945/556/1 1946/555/1
f 1909/592/1 1944/557/1 1945/556/1
f 1908/593/1 1943/558/1 1944/557/1
f 1907/594/1 1942/559/1 1943/558/1
f 1906/595/1 1941/560/1 1942/559/1
f 1905/596/1 1940/561/1 1941/560/1
f 1904/597/1 1939/562/1 1940/561/1
f 1903/598/1 1938/563/1 1939/562/1
f 1902/599/1 1937/564/1 1938/563/1
f 1901/600/1 1936/565/1 1937/564/1
f 1900/601/1 1935/566/1 1936/565/1
f 1899/602/1 1934/567/1 1935/566/1
f 1898/603/1 1933/568/1 1934/567/1
f 1897/604/1 1932/569/1 1933/568/1
f 1896/605/1 1931/570/1 1932/569/1
f 1895/606/1 1930/571/1 1931/570/1
f 1894/607/1 1929/572/1 1930/571/1
f 1893/608/1 1928/573/1 1929/572/1
f 1892/609/1 1927/574/1 1928/573/1
f 1891/610/1 1926/575/1 1927/574/1
f 1890/611/1 1925/576/1 1926/575/1
f 1889/612/1 1924/577/1 1925/576/1
f 1888/613/1 1923/578/1 1924/577/1
f 1887/614/1 1922/579/1 1923/578/1
f 1886/615/1 1921/580/1 1922/579/1
f 1885/616/1 1920/581/1 1921/580/1
f 1884/617/1 1919/582/1 1920/581/1
f 1883/250/1 1918/252/1 1919/582/1
f 1882/618/1 1917/583/1 18/584/1
f 1881/620/1 1916/585/1 1917/583/1
f 1880/621/1 1915/586/1 1916/585/1
f 1879/622/1 1914/587/1 1915/586/1
f 1878/623/1 1913/588/1 1914/587/1
f 1877/624/1 1912/589/1 1913/588/1
f 1876/625/1 1911/590/1 1912/589/1
f 1875/626/1 1910/591/1 1911/590/1
f 1874/627/1 1909/592/1 1910/591/1
f 1873/628/1 1908/593/1 1909/592/1
f 1872/629/1 1907/594/1 1908/593/1
f 1871/630/1 1906/595/1 1907/594/1
f 1870/631/1 1905/596/1 1906/595/1
f 1869/632/1 1904/597/1 1905/596/1
f 1868/633/1 1903/598/1 1904/597/1
f 1867/634/1 1902/599/1 1903/598/1
f 1866/635/1 1901/600/1 1902/599/1
f 1865/636/1 1900/601/1 1901/600/1
f 1864/637/1 1899/602/1 1900/601/1
f 1863/638/1 1898/603/1 1899/602/1
f 1862/639/1 1897/604/1 1898/603/1
f 1861/640/1 1896/605/1 1897/604/1
f 1860/641/1 1895/606/1 1896/605/1
f 1859/642/1 1894/607/1 1895/606/1
f 1858/643/1 1893/608/1 1894/607/1
f 1857/644/1 1892/609/1 1893/608/1
f 1856/645/1 1891/610/1 1892/609/1
f 1855/646/1 1890/611/1 1891/610/1
f 1854/647/1 1889/612/1 1890/611/1
f 1853/648/1 1888/613/1 1889/612/1
f 1852/649/1 1887/614/1 1888/613/1
f 1851/650/1 1886/615/1 1887/614/1
f 1850/651/1 1885/616/1 1886/615/1
f 1849/652/1 1884/617/1 1885/616/1
f 1848/248/1 1883/250/1 1884/617/1
f 1847/653/1 1882/618/1 19/619/1
f 1846/655/1 1881/620/1 1882/618/1
f 1845/656/1 1880/621/1 1881/620/1
f 1844/657/1 1879/622/1 1880/621/1
f 1843/658/1 1878/623/1 1879/622/1
f 1842/659/1 1877/624/1 1878/623/1
f 1841/660/1 1876/625/1 1877/624/1
f 1840/661/1 1875/626/1 1876/625/1
f 1839/662/1 1874/627/1 1875/626/1
f 1838/663/1 1873/628/1 1874/627/1
f 1837/664/1 1872/629/1 1873/628/1
f 1836/665/1 1871/630/1 1872/629/1
f 1835/666/1 1870/631/1 1871/630/1
f 1834/667/1 1869/632/1 1870/631/1
f 1833/668/1 1868/633/1 1869/632/1
f 1832/669/1 1867/634/1 1868/633/1
f 1831/670/1 1866/635/1 1867/634/1
f 1830/671/1 1865/636/1 1866/635/1
f 1829/672/1 1864/637/1 1865/636/1
f 1828/673/1 1863/638/1 1864/637/1
f 1827/674/1 1862/639/1 1863/638/1
f 1826/675/1 1861/640/1 1862/639/1
f 1825/676/1 1860/641/1 1861/640/1
f 1824/677/1 1859/642/1 1860/641/1
f 1823/678/1 1858/643/1 1859/642/1
f 1822/679/1 1857/644/1 1858/643/1
f 1821/680/1 1856/645/1 1857/644/1
f 1820/681/1 1855/646/1 1856/645/1
f 1819/682/1 1854/647/1 1855/646/1
f 1818/683/1 1853/648/1 1854/647/1
f 1817/684/1 1852/649/1 1853/648/1
f 1816/685/1 1851/650/1 1852/649/1
f 1815/686/1 1850/651/1 1851/650/1
f 1814/687/1 1849/652/1 1850/651/1
f 1813/246/1 1848/248/1 1849/652/1
f 1812/688/1 1847/653/1 20/654/1
f 1811/690/1 1846/655/1 1847/653/1
f 1810/691/1 1845/656/1 1846/655/1
f 1809/692/1 1844/657/1 1845/656/1
f 1808/693/1 1843/658/1 1844/657/1
f 1807/694/1 1842/659/1 1843/658/1
f 1806/695/1 1841/660/1 1842/659/1
f 1805/696/1 1840/661/1 1841/660/1
f 1804/697/1 1839/662/1 1840/661/1
f 1803/698/1 1838/663/1 1839/662/1
f 1802/699/1 1837/664/1 1838/663/1
f 1801/700/1 1836/665/1 1837/664/1
f 1800/701/1 1835/666/1 1836/665/1
f 1799/702/1 1834/667/1 1835/666/1
f 1798/703/1 1833/668/1 1834/667/1
f 1797/704/1 1832/669/1 1833/668/1
f 1796/705/1 1831/670/1 1832/669/1
f 1795/706/1 1830/671/1 1831/670/1
f 1794/707/1 1829/672/1 1830/671/1
f 1793/708/1 1828/673/1 1829/672/1
f 1792/709/1 1827/674/1 1828/673/1
f 1791/710/1 1826/675/1 1827/674/1
f 1790/711/1 1825/676/1 1826/675/1
f 1789/712/1 1824/677/1 1825/676/1
f 1788/713/1 1823/678/1 1824/677/1
f 1787/714/1 1822/679/1 1823/678/1
f 1786/715/1 1821/680/1 1822/679/1
f 1785/716/1 1820/681/1 1821/680/1
f 1784/717/1 1819/682/1 1820/681/1
f 1783/718/1 1818/683/1 1819/682/1
f 1782/719/1 1817/684/1 1818/683/1
f 1781/720/1 1816/685/1 1817/684/1
f 1780/721/1 1815/686/1 1816/685/1
f 1779/722/1 1814/687/1 1815/686/1
f 1778/244/1 1813/246/1 1814/687/1
f 1777/723/1 1812/688/1 21/689/1
f 1776/725/1 1811/690/1 1812/688/1
f 1775/726/1 1810/691/1 1811/690/1
f 1774/727/1 1809/692/1 1810/691/1
f 1773/728/1 1808/693/1 1809/692/1
f 1772/729/1 1807/694/1 1808/693/1
f 1771/730/1 1806/695/1 1807/694/1
f 1770/731/1 1805/696/1 1806/695/1
f 1769/732/1 1804/697/1 1805/696/1
f 1768/733/1 1803/698/1 1804/697/1
f 1767/734/1 1802/699/1 1803/698/1
f 1766/735/1 1801/700/1 1802/699/1
f 1765/736/1 1800/701/1 1801/700/1
f 1764/737/1 1799/702/1 1800/701/1
f 1763/738/1 1798/703/1 1799/702/1
f 1762/739/1 1797/704/1 1798/703/1
f 1761/740/1 1796/705/1 1797/704/1
f 1760/741/1 1795/706/1 1796/705/1
f 1759/742/1 1794/707/1 1795/706/1
f 1758/743/1 1793/708/1 1794/707/1
f 1757/744/1 1792/709/1 1793/708/1
f 1756/745/1 1791/710/1 1792/709/1
f 1755/746/1 1790/711/1 1791/710/1
f 1754/747/1 1789/712/1 1790/711/1
f 1753/748/1 1788/713/1 1789/712/1
f 1752/749/1 1787/714/1 1788/713/1
f 1751/750/1 1786/715/1 1787/714/1
f 1750/751/1 1785/716/1 1786/715/1
f 1749/752/1 1784/717/1 1785/716/1
f 1748/753/1 1783/718/1 1784/717/1
f 1747/754/1 1782/719/1 1783/718/1
f 1746/755/1 1781/720/1 1782/719/1
f 1745/756/1 1780/721/1 1781/720/1
f 1744/757/1 1779/722/1 1780/721/1
f 1743/242/1 1778/244/1 1779/722/1
f 1742/758/1 1777/723/1 22/724/1
f 1741/760/1 1776/725/1 1777/723/1
f 1740/761/1 1775/726/1 1776/725/1
f 1739/762/1 1774/727/1 1775/726/1
f 1738/763/1 1773/728/1 1774/727/1
f 1737/764/1 1772/729/1 1773/728/1
f 1736/765/1 1771/730/1 1772/729/1
f 1735/766/1 1770/731/1 1771/730/1
f 1734/767/1 1769/732/1 1770/731/1
f 1733/768/1 1768/733/1 1769/732/1
f 1732/769/1 1767/734/1 1768/733/1
f 1731/770/1 1766/735/1 1767/734/1
f 1730/771/1 1765/736/1 1766/735/1
f 1729/772/1 1764/737/1 1765/736/1
f 1728/773/1 1763/738/1 1764/737/1
f 1727/774/1 1762/739/1 1763/738/1
f 1726/775/1 1761/740/1 1762/739/1
f 1725/776/1 1760/741/1 1761/740/1
f 1724/777/1 1759/742/1 1760/741/1
f 1723/778/1 1758/743/1 1759/742/1
f 1722/779/1 1757/744/1 1758/743/1
f 1721/780/1 1756/745/1 1757/744/1
f 1720/781/1 1755/746/1 1756/745/1
f 1719/782/1 1754/747/1 1755/746/1
f 1718/783/1 1753/748/1 1754/747/1
f 1717/784/1 1752/749/1 1753/748/1
f 1716/785/1 1751/750/1 1752/749/1
f 1715/786/1 1750/751/1 1751/750/1
f 1714/787/1 1749/752/1 1750/751/1
f 1713/788/1 1748/753/1 1749/752/1
f 1712/789/1 1747/754/1 1748/753/1
f 1711/790/1 1746/755/1 1747/754/1
f 1710/791/1 1745/756/1 1746/755/1
f 1709/792/1 1744/757/1 1745/756/1
f 1708/240/1 1743/242/1 1744/757/1
f 1707/793/1 1742/758/1 23/759/1
f 1706/795/1 1741/760/1 1742/758/1
f 1705/796/1 1740/761/1 1741/760/1
f 1704/797/1 1739/762/1 1740/761/1
f 1703/798/1 1738/763/1 1739/762/1
f 1702/799/1 1737/764/1 1738/763/1
f 1701/800/1 1736/765/1 1737/764/1
f 1700/801/1 1735/766/1 1736/765/1
f 1699/802/1 1734/767/1 1735/766/1
f 1698/803/1 1733/768/1 1734/767/1
f 1697/804/1 1732/769/1 1733/768/1
f 1696/805/1 1731/770/1 1732/769/1
f 1695/806/1 1730/771/1 1731/770/1
f 1694/807/1 1729/772/1 1730/771/1
f 1693/808/1 1728/773/1 1729/772/1
f 1692/809/1 1727/774/1 1728/773/1
f 1691/810/1 1726/775/1 1727/774/1
f 1690/811/1 1725/776/1 1726/775/1
f 1689/812/1 1724/777/1 1725/776/1
f 1688/813/1 1723/778/1 1724/777/1
f 1687/814/1 1722/779/1 1723/778/1
f 1686/815/1 1721/780/1 1722/779/1
f 1685/816/1 1720/781/1 1721/780/1
f 1684/817/1 1719/782/1 1720/781/1
f 1683/818/1 1718/783/1 1719/782/1
f 1682/819/1 1717/784/1 1718/783/1
f 1681/820/1 1716/785/1 1717/784/1
f 1680/821/1 1715/786/1 1716/785/1
f 1679/822/1 1714/787/1 1715/786/1
f 1678/823/1 1713/788/1 1714/787/1
f 1677/824/1 1712/789/1 1713/788/1
f 1676/825/1 1711/790/1 1712/789/1
f 1675/826/1 1710/791/1 1711/790/1
f 1674/827/1 1709/792/1 1710/791/1
f 1673/238/1 1708/240/1 1709/792/1
f 1672/828/1 1707/793/1 24/794/1
f 1671/830/1 1706/795/1 1707/793/1
f 1670/831/1 1705/796/1 1706/795/1
f 1669/832/1 1704/797/1 1705/796/1
f 1668/833/1 1703/798/1 1704/797/1
f 1667/834/1 1702/799/1 1703/798/1
f 1666/835/1 1701/800/1 1702/799/1
f 1665/836/1 1700/801/1 1701/800/1
f 1664/837/1 1699/802/1 1700/801/1
f 1663/838/1 1698/803/1 1699/802/1
f 1662/839/1 1697/804/1 1698/803/1
f 1661/840/1 1696/805/1 1697/804/1
f 1660/841/1 1695/806/1 1696/805/1
f 1659/842/1 1694/807/1 1695/806/1
f 1658/843/1 1693/808/1 1694/807/1
f 1657/844/1 1692/809/1 1693/808/1
f 1656/845/1 1691/810/1 1692/809/1
f 1655/846/1 1690/811/1 1691/810/1
f 1654/847/1 1689/812/1 1690/811/1
f 1653/848/1 1688/813/1 1689/812/1
f 1652/849/1 1687/814/1 1688/813/1
f 1651/850/1 1686/815/1 1687/814/1
f 1650/851/1 1685/816/1 1686/815/1
f 1649/852/1 1684/817/1 1685/816/1
f 1648/853/1 1683/818/1 1684/817/1
f 1647/854/1 1682/819/1 1683/818/1
f 1646/855/1 1681/820/1 1682/819/1
f 1645/856/1 1680/821/1 1681/820/1
f 1644/857/1 1679/822/1 1680/821/1
f 1643/858/1 1678/823/1 1679/822/1
f 1642/859/1 1677/824/1 1678/823/1
f 1641/860/1 1676/825/1 1677/824/1
f 1640/861/1 1675/826/1 1676/825/1
f 1639/862/1 1674/827/1 1675/826/1
f 1638/236/1 1673/238/1 1674/827/1
f 1637/863/1 1672/828/1 25/829/1
f 1636/865/1 1671/830/1 1672/828/1
f 1635/866/1 1670/831/1 1671/830/1
f 1634/867/1 1669/832/1 1670/831/1
f 1633/868/1 1668/833/1 1669/832/1
f 1632/869/1 1667/834/1 1668/833/1
f 1631/870/1 1666/835/1 1667/834/1
f 1630/871/1 1665/836/1 1666/835/1
f 1629/872/1 1664/837/1 1665/836/1
f 1628/873/1 1663/838/1 1664/837/1
f 1627/874/1 1662/839/1 1663/838/1
f 1626/875/1 1661/840/1 1662/839/1
f 1625/876/1 1660/841/1 1661/840/1
f 1624/877/1 1659/842/1 1660/841/1
f 1623/878/1 1658/843/1 1659/842/1
f 1622/879/1 1657/844/1 1658/843/1
f 1621/880/1 1656/845/1 1657/844/1
f 1620/881/1 1655/846/1 1656/845/1
f 1619/882/1 1654/847/1 1655/846/1
f 1618/883/1 1653/848/1 1654/847/1
f 1617/884/1 1652/849/1 1653/848/1
f 1616/885/1 1651/850/1 1652/849/1
f 1615/886/1 1650/851/1 1651/850/1
f 1614/887/1 1649/852/1 1650/851/1
f 1613/888/1 1648/853/1 1649/852/1
f 1612/889/1 1647/854/1 1648/853/1
f 1611/890/1 1646/855/1 1647/854/1
f 1610/891/1 1645/856/1 1646/855/1
f 1609/892/1 1644/857/1 1645/856/1
f 1608/893/1 1643/858/1 1644/857/1
f 1607/894/1 1642/859/1 1643/858/1
f 1606/895/1 1641/860/1 1642/859/1
f 1605/896/1 1640/861/1 1641/860/1
f 1604/897/1 1639/862/1 1640/861/1
f 1603/234/1 1638/236/1 1639/862/1
f 1602/898/1 1637/863/1 26/864/1
f 1601/900/1 1636/865/1 1637/863/1
f 1600/901/1 1635/866/1 1636/865/1
f 1599/902/1 1634/867/1 1635/866/1
f 1598/903/1 1633/868/1 1634/867/1
f 1597/904/1 1632/869/1 1633/868/1
f 1596/905/1 1631/870/1 1632/869/1
f 1595/906/1 1630/871/1 1631/870/1
f 1594/907/1 1629/872/1 1630/871/1
f 1593/908/1 1628/873/1 1629/872/1
f 1592/909/1 1627/874/1 1628/873/1
f 1591/910/1 1626/875/1 1627/874/1
f 1590/911/1 1625/876/1 1626/875/1
f 1589/912/1 1624/877/1 1625/876/1
f 1588/913/1 1623/878/1 1624/877/1
f 1587/914/1 1622/879/1 1623/878/1
f 1586/915/1 1621/880/1 1622/879/1
f 1585/916/1 1620/881/1 1621/880/1
f 1584/917/1 1619/882/1 1620/881/1
f 1583/918/1 1618/883/1 1619/882/1
f 1582/919/1 1617/884/1 1618/883/1
f 1581/920/1 1616/885/1 1617/884/1
f 1580/921/1 1615/886/1 1616/885/1
f 1579/922/1 1614/887/1 1615/886/1
f 1578/923/1 1613/888/1 1614/887/1
f 1577/924/1 1612/889/1 1613/888/1
f 1576/925/1 1611/890/1 1612/889/1
f 1575/926/1 1610/891/1 1611/890/1
f 1574/927/1 1609/892/1 1610/891/1
f 1573/928/1 1608/893/1 1609/892/1
f 1572/929/1 1607/894/1 1608/893/1
f 1571/930/1 1606/895/1 1607/894/1
f 1570/931/1 1605/896/1 1606/895/1
f 1569/932/1 1604/897/1 1605/896/1
f 1568/232/1 1603/234/1 1604/897/1
f 1567/933/1 1602/898/1 52/899/1
f 1566/935/1 1601/900/1 1602/898/1
f 1565/936/1 1600/901/1 1601/900/1
f 1564/937/1 1599/902/1 1600/901/1
f 1563/938/1 1598/903/1 1599/902/1
f 1562/939/1 1597/904/1 1598/903/1
f 1561/940/1 1596/905/1 1597/904/1
f 1560/941/1 1595/906/1 1596/905/1
f 1559/942/1 1594/907/1 1595/906/1
f 1558/943/1 1593/908/1 1594/907/1
f 1557/944/1 1592/909/1 1593/908/1
f 1556/945/1 1591/910/1 1592/909/1
f 1555/946/1 1590/911/1 1591/910/1
f 1554/947/1 1589/912/1 1590/911/1
f 1553/948/1 1588/913/1 1589/912/1
f 1552/949/1 1587/914/1 1588/913/1
f 1551/950/1 1586/915/1 1587/914/1
f 1550/951/1 1585/916/1 1586/915/1
f 1549/952/1 1584/917/1 1585/916/1
f 1548/953/1 1583/918/1 1584/917/1
f 1547/954/1 1582/919/1 1583/918/1
f 1546/955/1 1581/920/1 1582/919/1
f 1545/956/1 1580/921/1 1581/920/1
f 1544/957/1 1579/922/1 1580/921/1
f 1543/958/1 1578/923/1 1579/922/1
f 1542/959/1 1577/924/1 1578/923/1
f 1541/960/1 1576/925/1 1577/924/1
f 1540/961/1 1575/926/1 1576/925/1
f 1539/962/1 1574/927/1 1575/926/1
f 1538/963/1 1573/928/1 1574/927/1
f 1537/964/1 1572/929/1 1573/928/1
f 1536/965/1 1571/930/1 1572/929/1
f 1535/966/1 1570/931/1 1571/930/1
f 1534/967/1 1569/932/1 1570/931/1
f 1533/230/1 1568/232/1 1569/932/1
f 1532/968/1 1567/933/1 97/934/1
f 1531/970/1 1566/935/1 1567/933/1
f 1530/971/1 1565/936/1 1566/935/1
f 1529/972/1 1564/937/1 1565/936/1
f 1528/973/1 1563/938/1 1564/937/1
f 1527/974/1 1562/939/1 1563/938/1
f 1526/975/1 1561/940/1 1562/939/1
f 1525/976/1 1560/941/1 1561/940/1
f 1524/977/1 1559/942/1 1560/941/1
f 1523/978/1 1558/943/1 1559/942/1
f 1522/979/1 1557/944/1 1558/943/1
f 1521/980/1 1556/945/1 1557/944/1
f 1520/981/1 1555/946/1 1556/945/1
f 1519/982/1 1554/947/1 1555/946/1
f 1518/983/1 1553/948/1 1554/947/1
f 1517/984/1 1552/949/1 1553/948/1
f 1516/985/1 1551/950/1 1552/949/1
f 1515/986/1 1550/951/1 1551/950/1
f 1514/987/1 1549/952/1 1550/951/1
f 1513/988/1 1548/953/1 1549/952/1
f 1512/989/1 1547/954/1 1548/953/1
f 1511/990/1 1546/955/1 1547/954/1
f 1510/991/1 1545/956/1 1546/955/1
f 1509/992/1 1544/957/1 1545/956/1
f 1508/993/1 1543/958/1 1544/957/1
f 1507/994/1 1542/959/1 1543/958/1
f 1506/995/1 1541/960/1 1542/959/1
f 1505/996/1 1540/961/1 1541/960/1
f 1504/997/1 1539/962/1 1540/961/1
f 1503/998/1 1538/963/1 1539/962/1
f 1502/999/1 1537/964/1 1538/963/1
f 1501/1000/1 1536/965/1 1537/964/1
f 1500/1001/1 1535/966/1 1536/965/1
f 1499/1002/1 1534/967/1 1535/966/1
f 1498/228/1 1533/230/1 1534/967/1
f 1497/1003/1 1532/968/1 124/969/1
f 1496/1005/1 1531/970/1 1532/968/1
f 1495/1006/1 1530/971/1 1531/970/1
f 1494/1007/1 1529/972/1 1530/971/1
f 1493/1008/1 1528/973/1 1529/972/1
f 1492/1009/1 1527/974/1 1528/973/1
f 1491/1010/1 1526/975/1 1527/974/1
f 1490/1011/1 1525/976/1 1526/975/1
f 1489/1012/1 1524/977/1 1525/976/1
f 1488/1013/1 1523/978/1 1524/977/1
f 1487/1014/1 1522/979/1 1523/978/1
f 1486/1015/1 1521/980/1 1522/979/1
f 1485/1016/1 1520/981/1 1521/980/1
f 1484/1017/1 1519/982/1 1520/981/1
f 1483/1018/1 1518/983/1 1519/982/1
f 1482/1019/1 1517/984/1 1518/983/1
f 1481/1020/1 1516/985/1 1517/984/1
f 1480/1021/1 1515/986/1 1516/985/1
f 1479/1022/1 1514/987/1 1515/986/1
f 1478/1023/1 1513/988/1 1514/987/1
f 1477/1024/1 1512/989/1 1513/988/1
f 1476/1025/1 1511/990/1 1512/989/1
f 1475/1026/1 1510/991/1 1511/990/1
f 1474/1027/1 1509/992/1 1510/991/1
f 1473/1028/1 1508/993/1 1509/992/1
f 1472/1029/1 1507/994/1 1508/993/1
f 1471/1030/1 1506/995/1 1507/994/1
f 1470/1031/1 1505/996/1 1506/995/1
f 1469/1032/1 1504/997/1 1505/996/1
f 1468/1033/1 1503/998/1 1504/997/1
f 1467/1034/1 1502/999/1 1503/998/1
f 1466/1035/1 1501/1000/1 1502/999/1
f 1465/1036/1 1500/1001/1 1501/1000/1
f 1464/1037/1 1499/1002/1 1500/1001/1
f 1463/226/1 1498/228/1 1499/1002/1
f 1462/1038/1 1497/1003/1 131/1004/1
f 1461/1040/1 1496/1005/1 1497/1003/1
f 1460/1041/1 1495/1006/1 1496/1005/1
f 1459/1042/1 1494/1007/1 1495/1006/1
f 1458/1043/1 1493/1008/1 1494/1007/1
f 1457/1044/1 1492/1009/1 1493/1008/1
f 1456/1045/1 1491/1010/1 1492/1009/1
f 1455/1046/1 1490/1011/1 1491/1010/1
f 1454/1047/1 1489/1012/1 1490/1011/1
f 1453/1048/1 1488/1013/1 1489/1012/1
f 1452/1049/1 1487/1014/1 1488/1013/1
f 1451/1050/1 1486/1015/1 1487/1014/1
f 1450/1051/1 1485/1016/1 1486/1015/1
f 1449/1052/1 1484/1017/1 1485/1016/1
f 1448/1053/1 1483/1018/1 1484/1017/1
f 1447/1054/1 1482/1019/1 1483/1018/1
f 1446/1055/1 1481/1020/1 1482/1019/1
f 1445/1056/1 1480/1021/1 1481/1020/1
f 1444/1057/1 1479/1022/1 1480/1021/1
f 1443/1058/1 1478/1023/1 1479/1022/1
f 1442/1059/1 1477/1024/1 1478/1023/1
f 1441/1060/1 1476/1025/1 1477/1024/1
f 1440/1061/1 1475/1026/1 1476/1025/1
f 1439/1062/1 1474/1027/1 1475/1026/1
f 1438/1063/1 1473/1028/1 1474/1027/1
f 1437/1064/1 1472/1029/1 1473/1028/1
f 1436/1065/1 1471/1030/1 1472/1029/1
f 1435/1066/1 1470/1031/1 1471/1030/1
f 1434/1067/1 1469/1032/1 1470/1031/1
f 1433/1068/1 1468/1033/1 1469/1032/1
f 1432/1069/1 1467/1034/1 1468/1033/1
f 1431/1070/1 1466/1035/1 1467/1034/1
f 1430/1071/1 1465/1036/1 1466/1035/1
f 1429/1072/1 1464/1037/1 1465/1036/1
f 1428/224/1 1463/226/1 1464/1037/1
f 1427/1073/1 1462/1038/1 138/1039/1
f 1426/1075/1 1461/1040/1 1462/1038/1
f 1425/1076/1 1460/1041/1 1461/1040/1
f 1424/1077/1 1459/1042/1 1460/1041/1
f 1423/1078/1 1458/1043/1 1459/1042/1
f 1422/1079/1 1457/1044/1 1458/1043/1
f 1421/1080/1 1456/1045/1 1457/1044/1
f 1420/1081/1 1455/1046/1 1456/1045/1
f 1419/1082/1 1454/1047/1 1455/1046/1
f 1418/1083/1 1453/1048/1 1454/1047/1
f 1417/1084/1 1452/1049/1 1453/1048/1
f 1416/1085/1 1451/1050/1 1452/1049/1
f 1415/1086/1 1450/1051/1 1451/1050/1
f 1414/1087/1 1449/1052/1 1450/1051/1
f 1413/1088/1 1448/1053/1 1449/1052/1
f 1412/1089/1 1447/1054/1 1448/1053/1
f 1411/1090/1 1446/1055/1 1447/1054/1
f 1410/1091/1 1445/1056/1 1446/1055/1
f 1409/1092/1 1444/1057/1 1445/1056/1
f 1408/1093/1 1443/1058/1 1444/1057/1
f 1407/1094/1 1442/1059/1 1443/1058/1
f 1406/1095/1 1441/1060/1 1442/1059/1
f 1405/1096/1 1440/1061/1 1441/1060/1
f 1404/1097/1 1439/1062/1 1440/1061/1
f 1403/1098/1 1438/1063/1 1439/1062/1
f 1402/1099/1 1437/1064/1 1438/1063/1
f 1401/1100/1 1436/1065/1 1437/1064/1
f 1400/1101/1 1435/1066/1 1436/1065/1
f 1399/1102/1 1434/1067/1 1435/1066/1
f 1398/1103/1 1433/1068/1 1434/1067/1
f 1397/1104/1 1432/1069/1 1433/1068/1
f 1396/1105/1 1431/1070/1 1432/1069/1
f 1395/1106/1 1430/1071/1 1431/1070/1
f 1394/1107/1 1429/1072/1 1430/1071/1
f 1393/222/1 1428/224/1 1429/1072/1
f 1392/1108/1 1427/1073/1 150/1074/1
f 1391/1110/1 1426/1075/1 1427/1073/1
f 1390/1111/1 1425/1076/1 1426/1075/1
f 1389/1112/1 1424/1077/1 1425/1076/1
f 1388/1113/1 1423/1078/1 1424/1077/1
f 1387/1114/1 1422/1079/1 1423/1078/1
f 1386/1115/1 1421/1080/1 1422/1079/1
f 1385/1116/1 1420/1081/1 1421/1080/1
f 1384/1117/1 1419/1082/1 1420/1081/1
f 1383/1118/1 1418/1083/1 1419/1082/1
f 1382/1119/1 1417/1084/1 1418/1083/1
f 1381/1120/1 1416/1085/1 1417/1084/1
f 1380/1121/1 1415/1086/1 1416/1085/1
f 1379/1122/1 1414/1087/1 1415/1086/1
f 1378/1123/1 1413/1088/1 1414/1087/1
f 1377/1124/1 1412/1089/1 1413/1088/1
f 1376/1125/1 1411/1090/1 1412/1089/1
f 1375/1126/1 1410/1091/1 1411/1090/1
f 1374/1127/1 1409/1092/1 1410/1091/1
f 1373/1128/1 1408/1093/1 1409/1092/1
f 1372/1129/1 1407/1094/1 1408/1093/1
f 1371/1130/1 1406/1095/1 1407/1094/1
f 1370/1131/1 1405/1096/1 1406/1095/1
f 1369/1132/1 1404/1097/1 1405/1096/1
f 1368/1133/1 1403/1098/1 1404/1097/1
f 1367/1134/1 1402/1099/1 1403/1098/1
f 1366/1135/1 1401/1100/1 1402/1099/1
f 1365/1136/1 1400/1101/1 1401/1100/1
f 1364/1137/1 1399/1102/1 1400/1101/1
f 1363/1138/1 1398/1103/1 1399/1102/1
f 1362/1139/1 1397/1104/1 1398/1103/1
f 1361/1140/1 1396/1105/1 1397/1104/1
f 1360/1141/1 1395/1106/1 1396/1105/1
f 1359/1142/1 1394/1107/1 1395/1106/1
f 1358/220/1 1393/222/1 1394/1107/1
f 1357/1143/1 1392/1108/1 157/1109/1
f 1356/1145/1 1391/1110/1 1392/1108/1
f 1355/1146/1 1390/1111/1 1391/1110/1
f 1354/1147/1 1389/1112/1 1390/1111/1
f 1353/1148/1 1388/1113/1 1389/1112/1
f 1352/1149/1 1387/1114/1 1388/1113/1
f 1351/1150/1 1386/1115/1 1387/1114/1
f 1350/1151/1 1385/1116/1 1386/1115/1
f 1349/1152/1 1384/1117/1 1385/1116/1
f 1348/1153/1 1383/1118/1 1384/1117/1
f 1347/1154/1 1382/1119/1 1383/1118/1
f 1346/1155/1 1381/1120/1 1382/1119/1
f 1345/1156/1 1380/1121/1 1381/1120/1
f 1344/1157/1 1379/1122/1 1380/1121/1
f 1343/1158/1 1378/1123/1 1379/1122/1
f 1342/1159/1 1377/1124/1 1378/1123/1
f 1341/1160/1 1376/1125/1 1377/1124/1
f 1340/1161/1 1375/1126/1 1376/1125/1
f 1339/1162/1 1374/1127/1 1375/1126/1
f 1338/1163/1 1373/1128/1 1374/1127/1
f 1337/1164/1 1372/1129/1 1373/1128/1
f 1336/1165/1 1371/1130/1 1372/1129/1
f 1335/1166/1 1370/1131/1 1371/1130/1
f 1334/1167/1 1369/1132/1 1370/1131/1
f 1333/1168/1 1368/1133/1 1369/1132/1
f 1332/1169/1 1367/1134/1 1368/1133/1
f 1331/1170/1 1366/1135/1 1367/1134/1
f 1330/1171/1 1365/1136/1 1366/1135/1
f 1329/1172/1 1364/1137/1 1365/1136/1
f 1328/1173/1 1363/1138/1 1364/1137/1
f 1327/1174/1 1362/1139/1 1363/1138/1
f 1326/1175/1 1361/1140/1 1362/1139/1
f 1325/1176/1 1360/1141/1 1361/1140/1
f 1324/1177/1 1359/1142/1 1360/1141/1
f 1323/218/1 1358/220/1 1359/1142/1
f 1322/1178/1 1357/1143/1 162/1144/1
f 1321/1180/1 1356/1145/1 1357/1143/1
f 1320/1181/1 1355/1146/1 1356/1145/1
f 1319/1182/1 1354/1147/1 1355/1146/1
f 1318/1183/1 1353/1148/1 1354/1147/1
f 1317/1184/1 1352/1149/1 1353/1148/1
f 1316/1185/1 1351/1150/1 1352/1149/1
f 1315/1186/1 1350/1151/1 1351/1150/1
f 1314/1187/1 1349/1152/1 1350/1151/1
f 1313/1188/1 1348/1153/1 1349/1152/1
f 1312/1189/1 1347/1154/1 1348/1153/1
f 1311/1190/1 1346/1155/1 1347/1154/1
f 1310/1191/1 1345/1156/1 1346/1155/1
f 1309/1192/1 1344/1157/1 1345/1156/1
f 1308/1193/1 1343/1158/1 1344/1157/1
f 1307/1194/1 1342/1159/1 1343/1158/1
f 1306/1195/1 1341/1160/1 1342/1159/1
f 1305/1196/1 1340/1161/1 1341/1160/1
f 1304/1197/1 1339/1162/1 1340/1161/1
f 1303/1198/1 1338/1163/1 1339/1162/1
f 1302/1199/1 1337/1164/1 1338/1163/1
f 1301/1200/1 1336/1165/1 1337/1164/1
f 1300/1201/1 1335/1166/1 1336/1165/1
f 1299/1202/1 1334/1167/1 1335/1166/1
f 1298/1203/1 1333/1168/1 1334/1167/1
f 1297/1204/1 1332/1169/1 1333/1168/1
f 1296/1205/1 1331/1170/1 1332/1169/1
f 1295/1206/1 1330/1171/1 1331/1170/1
f 1294/1207/1 1329/1172/1 1330/1171/1
f 1293/1208/1 1328/1173/1 1329/1172/1
f 1292/1209/1 1327/1174/1 1328/1173/1
f 1291/1210/1 1326/1175/1 1327/1174/1
f 1290/1211/1 1325/1176/1 1326/1175/1
f 1289/1212/1 1324/1177/1 1325/1176/1
f 1288/216/1 1323/218/1 1324/1177/1
f 1287/1213/1 1322/1178/1 165/1179/1
f 1286/1215/1 1321/1180/1 1322/1178/1
f 1285/1216/1 1320/1181/1 1321/1180/1
f 1284/1217/1 1319/1182/1 1320/1181/1
f 1283/1218/1 1318/1183/1 1319/1182/1
f 1282/1219/1 1317/1184/1 1318/1183/1
f 1281/1220/1 1316/1185/1 1317/1184/1
f 1280/1221/1 1315/1186/1 1316/1185/1
f 1279/1222/1 1314/1187/1 1315/1186/1
f 1278/1223/1 1313/1188/1 1314/1187/1
f 1277/1224/1 1312/1189/1 1313/1188/1
f 1276/1225/1 1311/1190/1 1312/1189/1
f 1275/1226/1 1310/1191/1 1311/1190/1
f 1274/1227/1 1309/1192/1 1310/1191/1
f 1273/1228/1 1308/1193/1 1309/1192/1
f 1272/1229/1 1307/1194/1 1308/1193/1
f 1271/1230/1 1306/1195/1 1307/1194/1
f 1270/1231/1 1305/1196/1 1306/1195/1
f 1269/1232/1 1304/1197/1 1305/1196/1
f 1268/1233/1 1303/1198/1 1304/1197/1
f 1267/1234/1 1302/1199/1 1303/1198/1
f 1266/1235/1 1301/1200/1 1302/1199/1
f 1265/1236/1 1300/1201/1 1301/1200/1
f 1264/1237/1 1299/1202/1 1300/1201/1
f 1263/1238/1 1298/1203/1 1299/1202/1
f 1262/1239/1 1297/1204/1 1298/1203/1
f 1261/1240/1 1296/1205/1 1297/1204/1
f 1260/1241/1 1295/1206/1 1296/1205/1
f 1259/1242/1 1294/1207/1 1295/1206/1
f 1258/1243/1 1293/1208/1 1294/1207/1
f 1257/1244/1 1292/1209/1 1293/1208/1
f 1256/1245/1 1291/1210/1 1292/1209/1
f 1255/1246/1 1290/1211/1 1291/1210/1
f 1254/1247/1 1289/1212/1 1290/1211/1
f 1253/214/1 1288/216/1 1289/1212/1
f 1252/1248/1 1287/1213/1 169/1214/1
f 1251/1250/1 1286/1215/1 1287/1213/1
f 1250/1251/1 1285/1216/1 1286/1215/1
f 1249/1252/1 1284/1217/1 1285/1216/1
f 1248/1253/1 1283/1218/1 1284/1217/1
f 1247/1254/1 1282/1219/1 1283/1218/1
f 1246/1255/1 1281/1220/1 1282/1219/1
f 1245/1256/1 1280/1221/1 1281/1220/1
f 1244/1257/1 1279/1222/1 1280/1221/1
f 1243/1258/1 1278/1223/1 1279/1222/1
f 1242/1259/1 1277/1224/1 1278/1223/1
f 1241/1260/1 1276/1225/1 1277/1224/1
f 1240/1261/1 1275/1226/1 1276/1225/1
f 1239/1262/1 1274/1227/1 1275/1226/1
f 1238/1263/1 1273/1228/1 1274/1227/1
f 1237/1264/1 1272/1229/1 1273/1228/1
f 1236/1265/1 1271/1230/1 1272/1229/1
f 1235/1266/1 1270/1231/1 1271/1230/1
f 1234/1267/1 1269/1232/1 1270/1231/1
f 1233/1268/1 1268/1233/1 1269/1232/1
f 1232/1269/1 1267/1234/1 1268/1233/1
f 1231/1270/1 1266/1235/1 1267/1234/1
f 1230/1271/1 1265/1236/1 1266/1235/1
f 1229/1272/1 1264/1237/1 1265/1236/1
f 1228/1273/1 1263/1238/1 1264/1237/1
f 1227/1274/1 1262/1239/1 1263/1238/1
f 1226/1275/1 1261/1240/1 1262/1239/1
f 1225/1276/1 1260/1241/1 1261/1240/1
f 1224/1277/1 1259/1242/1 1260/1241/1
f 1223/1278/1 1258/1243/1 1259/1242/1
f 1222/1279/1 1257/1244/1 1258/1243/1
f 1221/1280/1 1256/1245/1 1257/1244/1
f 1220/1281/1 1255/1246/1 1256/1245/1
f 1219/1282/1 1254/1247/1 1255/1246/1
f 1218/212/1 1253/214/1 1254/1247/1
f 1217/1283/1 1252/1248/1 174/1249/1
f 1216/1285/1 1251/1250/1 1252/1248/1
f 1215/1286/1 1250/1251/1 1251/1250/1
f 1214/1287/1 1249/1252/1 1250/1251/1
f 1213/1288/1 1248/1253/1 1249/1252/1
f 1212/1289/1 1247/1254/1 1248/1253/1
f 1211/1290/1 1246/1255/1 1247/1254/1
f 1210/1291/1 1245/1256/1 1246/1255/1
f 1209/1292/1 1244/1257/1 1245/1256/1
f 1208/1293/1 1243/1258/1 1244/1257/1
f 1207/1294/1 1242/1259/1 1243/1258/1
f 1206/1295/1 1241/1260/1 1242/1259/1
f 1205/1296/1 1240/1261/1 1241/1260/1
f 1204/1297/1 1239/1262/1 1240/1261/1
f 1203/1298/1 1238/1263/1 1239/1262/1
f 1202/1299/1 1237/1264/1 1238/1263/1
f 1201/1300/1 1236/1265/1 1237/1264/1
f 1200/1301/1 1235/1266/1 1236/1265/1
f 1199/1302/1 1234/1267/1 1235/1266/1
f 1198/1303/1 1233/1268/1 1234/1267/1
f 1197/1304/1 1232/1269/1 1233/1268/1
f 1196/1305/1 1231/1270/1 1232/1269/1
f 1195/1306/1 1230/1271/1 1231/1270/1
f 1194/1307/1 1229/1272/1 1230/1271/1
f 1193/1308/1 1228/1273/1 1229/1272/1
f 1192/1309/1 1227/1274/1 1228/1273/1
f 1191/1310/1 1226/1275/1 1227/1274/1
f 1190/1311/1 1225/1276/1 1226/1275/1
f 1189/1312/1 1224/1277/1 1225/1276/1
f 1188/1313/1 1223/1278/1 1224/1277/1
f 1187/1314/1 1222/1279/1 1223/1278/1
f 1186/1315/1 1221/1280/1 1222/1279/1
f 1185/1316/1 1220/1281/1 1221/1280/1
f 1184/1317/1 1219/1282/1 1220/1281/1
f 1183/210/1 1218/212/1 1219/1282/1
f 1182/1318/1 1217/1283/1 178/1284/1
f 1181/1320/1 1216/1285/1 1217/1283/1
f 1180/1321/1 1215/1286/1 1216/1285/1
f 1179/1322/1 1214/1287/1 1215/1286/1
f 1178/1323/1 1213/1288/1 1214/1287/1
f 1177/1324/1 1212/1289/1 1213/1288/1
f 1176/1325/1 1211/1290/1 1212/1289/1
f 1175/1326/1 1210/1291/1 1211/1290/1
f 1174/1327/1 1209/1292/1 1210/1291/1
f 1173/1328/1 1208/1293/1 1209/1292/1
f 1172/1329/1 1207/1294/1 1208/1293/1
f 1171/1330/1 1206/1295/1 1207/1294/1
f 1170/1331/1 1205/1296/1 1206/1295/1
f 1169/1332/1 1204/1297/1 1205/1296/1
f 1168/1333/1 1203/1298/1 1204/1297/1
f 1167/1334/1 1202/1299/1 1203/1298/1
f 1166/1335/1 1201/1300/1 1202/1299/1
f 1165/1336/1 1200/1301/1 1201/1300/1
f 1164/1337/1 1199/1302/1 1200/1301/1
f 1163/1338/1 1198/1303/1 1199/1302/1
f 1162/1339/1 1197/1304/1 1198/1303/1
f 1161/1340/1 1196/1305/1 1197/1304/1
f 1160/1341/1 1195/1306/1 1196/1305/1
f 1159/1342/1 1194/1307/1 1195/1306/1
f 1158/1343/1 1193/1308/1 1194/1307/1
f 1157/1344/1 1192/1309/1 1193/1308/1
f 1156/1345/1 1191/1310/1 1192/1309/1
f 1155/1346/1 1190/1311/1 1191/1310/1
f 1154/1347/1 1189/1312/1 1190/1311/1
f 1153/1348/1 1188/1313/1 1189/1312/1
f 1152/1349/1 1187/1314/1 1188/1313/1
f 1151/1350/1 1186/1315/1 1187/1314/1
f 1150/1351/1 1185/1316/1 1186/1315/1
f 1149/1352/1 1184/1317/1 1185/1316/1
f 1148/208/1 1183/210/1 1184/1317/1
f 1147/1353/1 1182/1318/1 181/1319/1
f 1146/1355/1 1181/1320/1 1182/1318/1
f 1145/1356/1 1180/1321/1 1181/1320/1
f 1144/1357/1 1179/1322/1 1180/1321/1
f 1143/1358/1 1178/1323/1 1179/1322/1
f 1142/1359/1 1177/1324/1 1178/1323/1
f 1141/1360/1 1176/1325/1 1177/1324/1
f 1140/1361/1 1175/1326/1 1176/1325/1
f 1139/1362/1 1174/1327/1 1175/1326/1
f 1138/1363/1 1173/1328/1 1174/1327/1
f 1137/1364/1 1172/1329/1 1173/1328/1
f 1136/1365/1 1171/1330/1 1172/1329/1
f 1135/1366/1 1170/1331/1 1171/1330/1
f 1134/1367/1 1169/1332/1 1170/1331/1
f 1133/1368/1 1168/1333/1 1169/1332/1
f 1132/1369/1 1167/1334/1 1168/1333/1
f 1131/1370/1 1166/1335/1 1167/1334/1
f 1130/1371/1 1165/1336/1 1166/1335/1
f 1129/1372/1 1164/1337/1 1165/1336/1
f 1128/1373/1 1163/1338/1 1164/1337/1
f 1127/1374/1 1162/1339/1 1163/1338/1
f 1126/1375/1 1161/1340/1 1162/1339/1
f 1125/1376/1 1160/1341/1 1161/1340/1
f 1124/1377/1 1159/1342/1 1160/1341/1
f 1123/1378/1 1158/1343/1 1159/1342/1
f 1122/1379/1 1157/1344/1 1158/1343/1
f 1121/1380/1 1156/1345/1 1157/1344/1
f 1120/1381/1 1155/1346/1 1156/1345/1
f 1119/1382/1 1154/1347/1 1155/1346/1
f 1118/1383/1 1153/1348/1 1154/1347/1
f 1117/1384/1 1152/1349/1 1153/1348/1
f 1116/1385/1 1151/1350/1 1152/1349/1
f 1115/1386/1 1150/1351/1 1151/1350/1
f 1114/1387/1 1149/1352/1 1150/1351/1
f 1113/206/1 1148/208/1 1149/1352/1
f 1112/1388/1 1147/1353/1 183/1354/1
f 1111/1390/1 1146/1355/1 1147/1353/1
f 1110/1391/1 1145/1356/1 1146/1355/1
f 1109/1392/1 1144/1357/1 1145/1356/1
f 1108/1393/1 1143/1358/1 1144/1357/1
f 1107/1394/1 1142/1359/1 1143/1358/1
f 1106/1395/1 1141/1360/1 1142/1359/1
f 1105/1396/1 1140/1361/1 1141/1360/1
f 1104/1397/1 1139/1362/1 1140/1361/1
f 1103/1398/1 1138/1363/1 1139/1362/1
f 1102/1399/1 1137/1364/1 1138/1363/1
f 1101/1400/1 1136/1365/1 1137/1364/1
f 1100/1401/1 1135/1366/1 1136/1365/1
f 1099/1402/1 1134/1367/1 1135/1366/1
f 1098/1403/1 1133/1368/1 1134/1367/1
f 1097/1404/1 1132/1369/1 1133/1368/1
f 1096/1405/1 1131/1370/1 1132/1369/1
f 1095/1406/1 1130/1371/1 1131/1370/1
f 1094/1407/1 1129/1372/1 1130/1371/1
f 1093/1408/1 1128/1373/1 1129/1372/1
f 1092/1409/1 1127/1374/1 1128/1373/1
f 1091/1410/1 1126/1375/1 1127/1374/1
f 1090/1411/1 1125/1376/1 1126/1375/1
f 1089/1412/1 1124/1377/1 1125/1376/1
f 1088/1413/1 1123/1378/1 1124/1377/1
f 1087/1414/1 1122/1379/1 1123/1378/1
f 1086/1415/1 1121/1380/1 1122/1379/1
f 1085/1416/1 1120/1381/1 1121/1380/1
f 1084/1417/1 1119/1382/1 1120/1381/1
f 1083/1418/1 1118/1383/1 1119/1382/1
f 1082/1419/1 1117/1384/1 1118/1383/1
f 1081/1420/1 1116/1385/1 1117/1384/1
f 1080/1421/1 1115/1386/1 1116/1385/1
f 1079/1422/1 1114/1387/1 1115/1386/1
f 1078/204/1 1113/206/1 1114/1387/1
f 1077/1423/1 1112/1388/1 185/1389/1
f 1076/1425/1 1111/1390/1 1112/1388/1
f 1075/1426/1 1110/1391/1 1111/1390/1
f 1074/1427/1 1109/1392/1 1110/1391/1
f 1073/1428/1 1108/1393/1 1109/1392/1
f 1072/1429/1 1107/1394/1 1108/1393/1
f 1071/1430/1 1106/1395/1 1107/1394/1
f 1070/1431/1 1105/1396/1 1106/1395/1
f 1069/1432/1 1104/1397/1 1105/1396/1
f 1068/1433/1 1103/1398/1 1104/1397/1
f 1067/1434/1 1102/1399/1 1103/1398/1
f 1066/1435/1 1101/1400/1 1102/1399/1
f 1065/1436/1 1100/1401/1 1101/1400/1
f 1064/1437/1 1099/1402/1 1100/1401/1
f 1063/1438/1 1098/1403/1 1099/1402/1
f 1062/1439/1 1097/1404/1 1098/1403/1
f 1061/1440/1 1096/1405/1 1097/1404/1
f 1060/1441/1 1095/1406/1 1096/1405/1
f 1059/1442/1 1094/1407/1 1095/1406/1
f 1058/1443/1 1093/1408/1 1094/1407/1
f 1057/1444/1 1092/1409/1 1093/1408/1
f 1056/1445/1 1091/1410/1 1092/1409/1
f 1055/1446/1 1090/1411/1 1091/1410/1
f 1054/1447/1 1089/1412/1 1090/1411/1
f 1053/1448/1 1088/1413/1 1089/1412/1
f 1052/1449/1 1087/1414/1 1088/1413/1
f 1051/1450/1 1086/1415/1 1087/1414/1
f 1050/1451/1 1085/1416/1 1086/1415/1
f 1049/1452/1 1084/1417/1 1085/1416/1
f 1048/1453/1 1083/1418/1 1084/1417/1
f 1047/1454/1 1082/1419/1 1083/1418/1
f 1046/1455/1 1081/1420/1 1082/1419/1
f 1045/1456/1 1080/1421/1 1081/1420/1
f 1044/1457/1 1079/1422/1 1080/1421/1
f 1043/202/1 1078/204/1 1079/1422/1
f 1042/1458/1 1077/1423/1 187/1424/1
f 1041/1460/1 1076/1425/1 1077/1423/1
f 1040/1461/1 1075/1426/1 1076/1425/1
f 1039/1462/1 1074/1427/1 1075/1426/1
f 1038/1463/1 1073/1428/1 1074/1427/1
f 1037/1464/1 1072/1429/1 1073/1428/1
f 1036/1465/1 1071/1430/1 1072/1429/1
f 1035/1466/1 1070/1431/1 1071/1430/1
f 1034/1467/1 1069/1432/1 1070/1431/1
f 1033/1468/1 1068/1433/1 1069/1432/1
f 1032/1469/1 1067/1434/1 1068/1433/1
f 1031/1470/1 1066/1435/1 1067/1434/1
f 1030/1471/1 1065/1436/1 1066/1435/1
f 1029/1472/1 1064/1437/1 1065/1436/1
f 1028/1473/1 1063/1438/1 1064/1437/1
f 1027/1474/1 1062/1439/1 1063/1438/1
f 1026/1475/1 1061/1440/1 1062/1439/1
f 1025/1476/1 1060/1441/1 1061/1440/1
f 1024/1477/1 1059/1442/1 1060/1441/1
f 1023/1478/1 1058/1443/1 1059/1442/1
f 1022/1479/1 1057/1444/1 1058/1443/1
f 1021/1480/1 1056/1445/1 1057/1444/1
f 1020/1481/1 1055/1446/1 1056/1445/1
f 1019/1482/1 1054/1447/1 1055/1446/1
f 1018/1483/1 1053/1448/1 1054/1447/1
f 1017/1484/1 1052/1449/1 1053/1448/1
f 1016/1485/1 1051/1450/1 1052/1449/1
f 1015/1486/1 1050/1451/1 1051/1450/1
f 1014/1487/1 1049/1452/1 1050/1451/1
f 1013/1488/1 1048/1453/1 1049/1452/1
f 1012/1489/1 1047/1454/1 1048/1453/1
f 1011/1490/1 1046/1455/1 1047/1454/1
f 1010/1491/1 1045/1456/1 1046/1455/1
f 1009/1492/1 1044/1457/1 1045/1456/1
f 1008/199/1 1043/202/1 1044/1457/1
f 305/1493/1 1042/1458/1 190/1459/1
f 305/1493/1 306/1495/1 1041/1460/1
f 306/1495/1 307/1496/1 1040/1461/1
f 307/1496/1 308/1497/1 1039/1462/1
f 308/1497/1 309/1498/1 1038/1463/1
f 309/1498/1 310/1499/1 1037/1464/1
f 310/1499/1 311/1500/1 1036/1465/1
f 311/1500/1 312/1501/1 1035/1466/1
f 312/1501/1 313/1502/1 1034/1467/1
f 313/1502/1 314/1503/1 1033/1468/1
f 314/1503/1 315/1504/1 1032/1469/1
f 315/1504/1 316/1505/1 1031/1470/1
f 316/1505/1 317/1506/1 1030/1471/1
f 317/1506/1 318/1507/1 1029/1472/1
f 318/1507/1 319/1508/1 1028/1473/1
f 319/1508/1 320/1509/1 1027/1474/1
f 320/1509/1 321/1510/1 1026/1475/1
f 321/1510/1 322/1511/1 1025/1476/1
f 322/1511/1 323/1512/1 1024/1477/1
f 323/1512/1 324/1513/1 1023/1478/1
f 324/1513/1 325/1514/1 1022/1479/1
f 325/1514/1 326/1515/1 1021/1480/1
f 326/1515/1 327/1516/1 1020/1481/1
f 327/1516/1 328/1517/1 1019/1482/1
f 328/1517/1 329/1518/1 1018/1483/1
f 329/1518/1 330/1519/1 1017/1484/1
f 330/1519/1 331/1520/1 1016/1485/1
f 331/1520/1 332/1521/1 1015/1486/1
f 332/1521/1 333/1522/1 1014/1487/1
f 333/1522/1 334/1523/1 1013/1488/1
f 334/1523/1 335/1524/1 1012/1489/1
f 335/1524/1 336/1525/1 1011/1490/1
f 336/1525/1 337/1526/1 1010/1491/1
f 337/1526/1 338/1527/1 1009/1492/1
f 338/1527/1 339/200/1 1008/199/1
f 972/1528/3 1007/2627/3 235/11/3
f 2661/1530/3 2662/3161/3 1006/1531/3
f 1006/1531/3 1007/2627/3 2661/1530/3
f 1007/2627/3 972/1528/3 2661/1530/3
f 1006/1531/3 2662/3161/3 2664/1532/3
f 1005/1533/3 2664/1532/3 2665/1534/3
f 1004/1535/3 2665/1534/3 2666/1536/3
f 1003/1537/3 2666/1536/3 2667/1538/3
f 1002/1539/3 2667/1538/3 2668/1540/3
f 1001/1541/3 2668/1540/3 2669/1542/3
f 1000/1543/3 2669/1542/3 2670/1544/3
f 999/1545/3 2670/1544/3 2671/1546/3
f 998/1547/3 2671/1546/3 2672/1548/3
f 997/1549/3 2672/1548/3 2673/1550/3
f 996/1551/3 2673/1550/3 2674/1552/3
f 2676/1555/3 2677/3162/3 994/1556/3
f 994/1556/3 995/1553/3 2675/1554/3
f 995/1553/3 2674/1552/3 2675/1554/3
f 2680/3163/3 2681/3164/3 971/1561/3
f 971/1561/3 993/1558/3 2680/3163/3
f 993/1558/3 994/1556/3 2678/1559/3
f 2680/3163/3 993/1558/3 2679/1557/3
f 994/1556/3 2677/3162/3 2682/3165/3
f 994/1556/3 2682/3165/3 2678/1559/3
f 970/1560/3 992/1563/3 993/1558/3
f 969/1562/3 991/1565/3 992/1563/3
f 968/1564/3 990/2492/3 991/1565/3
f 943/1566/6 2297/2356/6 2295/1567/6
f 966/1569/3 988/2629/3 989/1570/3
f 2529/1573/3 2530/3166/3 987/1574/3
f 987/1574/3 988/2629/3 2529/1573/3
f 988/2629/3 966/1569/3 2529/1573/3
f 987/1574/3 2530/3166/3 2532/1575/3
f 986/1576/3 2532/1575/3 2533/1577/3
f 985/1578/3 2533/1577/3 2534/1579/3
f 984/1580/3 2534/1579/3 2535/1581/3
f 983/1582/3 2535/1581/3 2536/1583/3
f 982/1584/3 2536/1583/3 2537/1585/3
f 981/1586/3 2537/1585/3 2538/1587/3
f 980/1588/3 2538/1587/3 2539/1589/3
f 979/1590/3 2539/1589/3 2540/1591/3
f 978/1592/3 2540/1591/3 2541/1593/3
f 977/1594/3 2541/1593/3 2542/1595/3
f 2547/3167/3 2545/3168/3 975/1597/3
f 975/1597/3 976/1596/3 2544/1598/3
f 976/1596/3 2542/1595/3 2543/3169/3
f 976/1596/3 2543/3169/3 2544/1598/3
f 2546/1599/3 2547/3167/3 975/1597/3
f 2548/1601/3 2549/3170/3 974/1602/3
f 2549/3170/3 965/1603/3 974/1602/3
f 974/1602/3 975/1597/3 2548/1601/3
f 975/1597/3 2545/3168/3 2550/1600/3
f 964/197/3 973/8/3 974/1602/3
f 963/1604/3 972/1528/3 236/154/3
f 972/1528/3 963/1604/3 2683/1605/3
f 2686/3171/3 2685/3172/3 971/1561/3
f 971/1561/3 2681/3164/3 2687/1606/3
f 2684/1607/3 2686/3171/3 971/1561/3
f 2691/1609/3 2688/1625/3 962/1610/3
f 962/1610/3 970/1560/3 2690/1608/3
f 970/1560/3 971/1561/3 2689/3173/3
f 2690/1608/3 970/1560/3 2689/3173/3
f 971/1561/3 2685/3172/3 2689/3173/3
f 961/1611/3 969/1562/3 970/1560/3
f 960/1612/3 968/1564/3 969/1562/3
f 692/1613/5 2266/2682/5 2268/1614/5
f 958/1616/3 966/1569/3 967/1571/3
f 966/1569/3 958/1616/3 2551/1618/3
f 2554/3174/3 2555/1634/3 957/1621/3
f 965/1603/3 2549/3170/3 2556/3175/3
f 965/1603/3 2556/3175/3 2558/3176/3
f 2554/3174/3 957/1621/3 2553/3177/3
f 957/1621/3 965/1603/3 2553/3177/3
f 965/1603/3 2558/3176/3 2557/1619/3
f 2552/1620/3 2553/3177/3 965/1603/3
f 956/196/3 964/197/3 965/1603/3
f 955/1622/3 963/1604/3 237/152/3
f 963/1604/3 955/1622/3 2692/1623/3
f 954/1624/3 962/1610/3 2688/1625/3
f 953/1627/3 961/1611/3 962/1610/3
f 952/1628/3 960/1612/3 961/1611/3
f 967/1571/6 2303/2380/6 2301/1629/6
f 950/1630/3 958/1616/3 959/1617/3
f 958/1616/3 950/1630/3 2559/1632/3
f 949/1633/3 957/1621/3 2555/1634/3
f 948/195/3 956/196/3 957/1621/3
f 947/1636/3 955/1622/3 238/150/3
f 955/1622/3 947/1636/3 2694/1637/3
f 946/1638/3 954/1624/3 2693/1626/3
f 945/1640/3 953/1627/3 954/1624/3
f 944/1641/3 952/1628/3 953/1627/3
f 732/1642/5 2272/2679/5 2274/1643/5
f 942/1645/3 950/1630/3 951/1631/3
f 950/1630/3 942/1645/3 2561/1646/3
f 941/1647/3 949/1633/3 2560/1635/3
f 940/194/3 948/195/3 949/1633/3
f 939/1649/3 947/1636/3 239/148/3
f 947/1636/3 939/1649/3 2696/1650/3
f 938/1651/3 946/1638/3 2695/1639/3
f 937/1653/3 945/1640/3 946/1638/3
f 936/1654/3 944/1641/3 945/1640/3
f 772/1655/5 2278/2676/5 2280/1656/5
f 934/1658/3 942/1645/3 943/1566/3
f 942/1645/3 934/1658/3 2563/1659/3
f 933/1660/3 941/1647/3 2562/1648/3
f 932/193/3 940/194/3 941/1647/3
f 931/1662/3 939/1649/3 240/146/3
f 939/1649/3 931/1662/3 2698/1663/3
f 930/1664/3 938/1651/3 2697/1652/3
f 929/1666/3 937/1653/3 938/1651/3
f 928/1667/3 936/1654/3 937/1653/3
f 844/1668/5 2284/2673/5 2286/1669/5
f 926/1671/3 934/1658/3 935/1568/3
f 934/1658/3 926/1671/3 2565/1673/3
f 925/1674/3 933/1660/3 2564/1661/3
f 924/192/3 932/193/3 933/1660/3
f 923/1676/3 931/1662/3 241/144/3
f 931/1662/3 923/1676/3 2700/1677/3
f 922/1678/3 930/1664/3 2699/1665/3
f 921/1680/3 929/1666/3 930/1664/3
f 920/1681/3 928/1667/3 929/1666/3
f 912/1682/5 2290/2670/5 2292/1683/5
f 918/1684/3 926/1671/3 927/1672/3
f 926/1671/3 918/1684/3 2567/1686/3
f 917/1687/3 925/1674/3 2566/1675/3
f 916/191/3 924/192/3 925/1674/3
f 915/1689/3 923/1676/3 242/142/3
f 923/1676/3 915/1689/3 2702/1690/3
f 914/1691/3 922/1678/3 2701/1679/3
f 913/1693/3 921/1680/3 922/1678/3
f 912/1682/3 920/1681/3 921/1680/3
f 936/1654/5 2296/2667/5 2298/1694/5
f 910/1695/3 918/1684/3 919/1685/3
f 918/1684/3 910/1695/3 2569/1697/3
f 909/1698/3 917/1687/3 2568/1688/3
f 908/190/3 916/191/3 917/1687/3
f 907/1700/3 915/1689/3 243/140/3
f 915/1689/3 907/1700/3 2704/1701/3
f 2712/3178/3 2706/1704/3 906/1703/3
f 905/1705/3 2707/3179/3 2708/3180/3
f 905/1705/3 2708/3180/3 2710/3181/3
f 2712/3178/3 906/1703/3 905/1705/3
f 2713/3182/3 2712/3178/3 905/1705/3
f 905/1705/3 2710/3181/3 2709/3183/3
f 905/1705/3 2709/3183/3 2714/1706/3
f 2711/1707/3 2713/3182/3 905/1705/3
f 2716/3184/3 2707/3179/3 904/1711/3
f 2707/3179/3 905/1705/3 904/1711/3
f 904/1711/3 914/1691/3 2717/1709/3
f 914/1691/3 2703/1692/3 2715/1708/3
f 2717/1709/3 2716/3184/3 904/1711/3
f 903/1710/3 913/1693/3 914/1691/3
f 902/1712/3 912/1682/3 913/1693/3
f 960/1612/5 2302/2665/5 2304/1713/5
f 900/1714/3 910/1695/3 911/1696/3
f 910/1695/3 900/1714/3 2571/1716/3
f 2575/1717/3 2574/3185/3 899/1718/3
f 899/1718/3 2573/3186/3 2572/1719/3
f 2582/3187/3 2573/3186/3 899/1718/3
f 898/1720/3 909/1698/3 2580/3188/3
f 909/1698/3 2570/1699/3 2581/3189/3
f 909/1698/3 2581/3189/3 2580/3188/3
f 2582/3187/3 899/1718/3 2583/3190/3
f 899/1718/3 898/1720/3 2583/3190/3
f 898/1720/3 2580/3188/3 2577/3191/3
f 2578/3192/3 2583/3190/3 898/1720/3
f 2579/1722/3 2578/3192/3 898/1720/3
f 898/1720/3 2577/3191/3 2576/1721/3
f 897/189/3 908/190/3 909/1698/3
f 896/1723/3 907/1700/3 244/138/3
f 2719/1726/3 2704/1701/3 907/1700/3
f 907/1700/3 896/1723/3 2719/1726/3
f 896/1723/3 895/1724/3 2719/1726/3
f 895/1724/3 894/1791/3 2720/1727/3
f 2720/1727/3 894/1791/3 893/1728/3
f 893/1728/3 892/1731/3 2722/1730/3
f 892/1731/3 891/1734/3 2723/1732/3
f 890/1733/3 2724/1736/3 2723/1732/3
f 890/1733/3 889/1737/3 2725/1735/3
f 889/1737/3 888/1739/3 2726/1738/3
f 888/1739/3 887/1741/3 2727/1740/3
f 887/1741/3 886/1743/3 2728/1742/3
f 886/1743/3 885/1745/3 2729/1744/3
f 885/1745/3 884/1802/3 2730/1746/3
f 2731/1748/3 2730/1746/3 884/1802/3
f 884/1802/3 883/1749/3 2731/1748/3
f 883/1749/3 906/1703/3 2732/1747/3
f 906/1703/3 2705/1702/3 2732/1747/3
f 882/1750/3 905/1705/3 906/1703/3
f 881/1751/3 904/1711/3 905/1705/3
f 880/1752/3 903/1710/3 904/1711/3
f 879/1670/3 902/1712/3 903/1710/3
f 506/1753/6 2241/2628/6 2239/1754/6
f 877/1756/3 900/1714/3 901/1715/3
f 2585/1760/3 2571/1716/3 900/1714/3
f 900/1714/3 877/1756/3 2585/1760/3
f 877/1756/3 876/1758/3 2585/1760/3
f 876/1758/3 875/1762/3 2586/1761/3
f 875/1762/3 874/1764/3 2587/1763/3
f 874/1764/3 873/1766/3 2588/1765/3
f 873/1766/3 872/1769/3 2589/1767/3
f 871/1768/3 2590/1771/3 2589/1767/3
f 871/1768/3 870/1772/3 2591/1770/3
f 870/1772/3 869/1774/3 2592/1773/3
f 869/1774/3 868/1776/3 2593/1775/3
f 868/1776/3 867/1778/3 2594/1777/3
f 867/1778/3 866/1780/3 2595/1779/3
f 866/1780/3 865/1784/3 2596/1781/3
f 2597/1783/3 2596/1781/3 865/1784/3
f 865/1784/3 864/1786/3 2598/1782/3
f 864/1786/3 899/1718/3 2574/3185/3
f 2598/1782/3 864/1786/3 2574/3185/3
f 863/1785/3 898/1720/3 899/1718/3
f 862/187/3 897/189/3 898/1720/3
f 861/1787/3 896/1723/3 245/136/3
f 860/1788/3 895/1724/3 896/1723/3
f 859/1789/3 894/1791/3 895/1724/3
f 858/1790/3 893/1728/3 894/1791/3
f 857/1792/3 892/1731/3 893/1728/3
f 856/1793/3 891/1734/3 892/1731/3
f 855/1794/3 890/1733/3 891/1734/3
f 854/1795/3 889/1737/3 890/1733/3
f 853/1796/3 888/1739/3 889/1737/3
f 852/1797/3 887/1741/3 888/1739/3
f 851/1798/3 886/1743/3 887/1741/3
f 850/1799/3 885/1745/3 886/1743/3
f 849/1800/3 884/1802/3 885/1745/3
f 848/1801/3 883/1749/3 884/1802/3
f 847/1803/3 882/1750/3 883/1749/3
f 846/1804/3 881/1751/3 882/1750/3
f 845/1805/3 880/1752/3 881/1751/3
f 844/1668/3 879/1670/3 880/1752/3
f 530/1806/6 2247/2693/6 2245/1807/6
f 842/1809/3 877/1756/3 878/1757/3
f 841/1811/3 876/1758/3 877/1756/3
f 840/1812/3 875/1762/3 876/1758/3
f 839/1813/3 874/1764/3 875/1762/3
f 838/1814/3 873/1766/3 874/1764/3
f 837/1815/3 872/1769/3 873/1766/3
f 836/1816/3 871/1768/3 872/1769/3
f 835/1817/3 870/1772/3 871/1768/3
f 834/1818/3 869/1774/3 870/1772/3
f 833/1819/3 868/1776/3 869/1774/3
f 832/1820/3 867/1778/3 868/1776/3
f 831/1821/3 866/1780/3 867/1778/3
f 830/1822/3 865/1784/3 866/1780/3
f 829/1823/3 864/1786/3 865/1784/3
f 828/1824/3 863/1785/3 864/1786/3
f 827/188/3 862/187/3 863/1785/3
f 794/1825/2 2431/1830/2 2432/1826/2
f 667/186/4 2420/185/4 2419/1827/4
f 793/1829/2 2430/1835/2 2431/1830/2
f 246/134/4 2307/2707/4 2324/1831/4
f 666/1828/4 2419/1827/4 2418/1832/4
f 792/1834/2 2429/1839/2 2430/1835/2
f 665/1833/4 2418/1832/4 2417/1836/4
f 791/1838/2 2428/1846/2 2429/1839/2
f 824/1840/2 2322/1934/2 2309/1841/2
f 861/1787/4 2324/1831/4 2528/1842/4
f 664/1837/4 2417/1836/4 2416/1843/4
f 293/63/6 2318/2247/6 2317/1845/6
f 790/181/2 2427/1849/2 2428/1846/2
f 860/1788/4 2528/1842/4 2527/1847/4
f 292/61/6 2317/1845/6 2316/1848/6
f 291/59/2 2316/1848/2 2427/1849/2
f 663/1844/4 2416/1843/4 2415/1850/4
f 859/1789/4 2527/1847/4 2526/1852/4
f 554/1853/6 2253/2689/6 2251/1854/6
f 662/1851/4 2415/1850/4 2414/1856/4
f 858/1790/4 2526/1852/4 2525/1858/4
f 661/1857/4 2414/1856/4 2413/1859/4
f 857/1792/4 2525/1858/4 2524/1861/4
f 660/1860/4 2413/1859/4 2412/1862/4
f 856/1793/4 2524/1861/4 2523/1864/4
f 659/1863/4 2412/1862/4 2411/1865/4
f 855/1794/4 2523/1864/4 2522/1867/4
f 658/1866/4 2411/1865/4 2410/1868/4
f 854/1795/4 2522/1867/4 2521/1870/4
f 256/114/4 2310/2255/4 2321/1871/4
f 853/1796/4 2521/1870/4 2520/1873/4
f 656/1874/4 2409/2229/4 2408/1875/4
f 636/1877/2 2358/1884/2 2319/1878/2
f 852/1797/4 2520/1873/4 2519/1880/4
f 655/1876/4 2408/1875/4 2407/1881/4
f 635/1883/2 2357/1891/2 2358/1884/2
f 637/1879/2 2319/1878/2 2312/1885/2
f 851/1798/4 2519/1880/4 2518/1886/4
f 283/43/6 2315/2208/6 2314/1887/6
f 654/1882/4 2407/1881/4 2406/1888/4
f 634/1890/2 2356/1897/2 2357/1891/2
f 850/1799/4 2518/1886/4 2517/1892/4
f 282/41/6 2314/1887/6 2313/1893/6
f 653/1889/4 2406/1888/4 2405/1894/4
f 633/1896/2 2355/1902/2 2356/1897/2
f 849/1800/4 2517/1892/4 2516/1898/4
f 652/1895/4 2405/1894/4 2404/1899/4
f 632/1901/2 2354/1907/2 2355/1902/2
f 848/1801/4 2516/1898/4 2515/1903/4
f 651/1900/4 2404/1899/4 2403/1904/4
f 631/1906/2 2353/1915/2 2354/1907/2
f 847/1803/4 2515/1903/4 2514/1908/4
f 650/1905/4 2403/1904/4 2402/1909/4
f 619/1911/6 2259/2685/6 2257/1912/6
f 630/1914/2 2352/1920/2 2353/1915/2
f 846/1804/4 2514/1908/4 2513/1916/4
f 649/1910/4 2402/1909/4 2401/1917/4
f 629/1919/2 2351/1925/2 2352/1920/2
f 845/1805/4 2513/1916/4 2512/1921/4
f 648/1918/4 2401/1917/4 2400/1922/4
f 628/1924/2 2350/1929/2 2351/1925/2
f 647/1923/4 2400/1922/4 2399/1926/4
f 627/1928/2 2349/1936/2 2350/1929/2
f 843/1810/4 2511/2182/4 2510/1930/4
f 646/1927/4 2399/1926/4 2398/1931/4
f 823/1933/2 2460/1941/2 2322/1934/2
f 626/1935/2 2348/2180/2 2349/1936/2
f 842/1809/4 2510/1930/4 2509/1937/4
f 645/1932/4 2398/1931/4 2397/1938/4
f 822/1940/2 2459/2184/2 2460/1941/2
f 789/1942/3 824/1840/3 248/130/3
f 788/1943/3 823/1933/3 824/1840/3
f 787/1944/3 822/1940/3 823/1933/3
f 786/1945/3 821/1947/3 822/1940/3
f 785/1946/3 820/1949/3 821/1947/3
f 784/1948/3 819/1951/3 820/1949/3
f 783/1950/3 818/1953/3 819/1951/3
f 782/1952/3 817/1955/3 818/1953/3
f 781/1954/3 816/1957/3 817/1955/3
f 780/1956/3 815/1959/3 816/1957/3
f 779/1958/3 814/1961/3 815/1959/3
f 778/1960/3 813/1963/3 814/1961/3
f 777/1962/3 812/1965/3 813/1963/3
f 776/1964/3 811/1967/3 812/1965/3
f 775/1966/3 810/1969/3 811/1967/3
f 774/1968/3 809/1971/3 810/1969/3
f 773/1970/3 808/1972/3 809/1971/3
f 772/1655/3 807/1657/3 808/1972/3
f 485/1973/5 2240/2697/5 2242/1974/5
f 770/1976/3 805/1980/3 806/1977/3
f 769/1979/3 804/1982/3 805/1980/3
f 768/1981/3 803/1984/3 804/1982/3
f 767/1983/3 802/1986/3 803/1984/3
f 766/1985/3 801/1988/3 802/1986/3
f 765/1987/3 800/1990/3 801/1988/3
f 764/1989/3 799/1992/3 800/1990/3
f 763/1991/3 798/1994/3 799/1992/3
f 762/1993/3 797/1996/3 798/1994/3
f 761/1995/3 796/169/3 797/1996/3
f 760/1997/3 795/167/3 796/169/3
f 759/1998/3 794/1825/3 795/167/3
f 758/1999/3 793/1829/3 794/1825/3
f 757/2000/3 792/1834/3 793/1829/3
f 756/2001/3 791/1838/3 792/1834/3
f 755/180/3 790/181/3 791/1838/3
f 754/2002/3 789/1942/3 249/128/3
f 2874/3193/3 788/1943/3 2873/2004/3
f 788/1943/3 789/1942/3 2873/2004/3
f 789/1942/3 754/2002/3 2873/2004/3
f 788/1943/3 2874/3193/3 2876/2005/3
f 787/1944/3 2876/2005/3 2877/2006/3
f 786/1945/3 2877/2006/3 2878/2007/3
f 785/1946/3 2878/2007/3 2879/2008/3
f 784/1948/3 2879/2008/3 2880/2009/3
f 783/1950/3 2880/2009/3 2881/2010/3
f 782/1952/3 2881/2010/3 2882/2011/3
f 781/1954/3 2882/2011/3 2883/2012/3
f 780/1956/3 2883/2012/3 2884/2013/3
f 779/1958/3 2884/2013/3 2885/2014/3
f 778/1960/3 2885/2014/3 2886/2015/3
f 2888/3194/3 2889/3195/3 776/1964/3
f 776/1964/3 777/1962/3 2890/2016/3
f 777/1962/3 2886/2015/3 2890/2016/3
f 2887/2017/3 2888/3194/3 776/1964/3
f 2896/3196/3 2895/3197/3 753/2021/3
f 775/1966/3 776/1964/3 2899/3198/3
f 776/1964/3 2889/3195/3 2898/3199/3
f 776/1964/3 2898/3199/3 2899/3198/3
f 2896/3196/3 753/2021/3 2894/3200/3
f 753/2021/3 775/1966/3 2894/3200/3
f 775/1966/3 2899/3198/3 2891/3201/3
f 2897/3202/3 2894/3200/3 775/1966/3
f 2892/2019/3 2897/3202/3 775/1966/3
f 775/1966/3 2891/3201/3 2893/2018/3
f 752/2020/3 774/1968/3 775/1966/3
f 751/2022/3 773/1970/3 774/1968/3
f 750/2023/3 772/1655/3 773/1970/3
f 523/2024/5 2246/2694/5 2248/2025/5
f 748/2027/3 770/1976/3 771/1978/3
f 2601/2029/3 2599/3203/3 769/1979/3
f 770/1976/3 748/2027/3 2601/2029/3
f 748/2027/3 2600/2058/3 2601/2029/3
f 769/1979/3 2599/3203/3 2602/2030/3
f 768/1981/3 2602/2030/3 2603/2031/3
f 767/1983/3 2603/2031/3 2604/2032/3
f 766/1985/3 2604/2032/3 2605/2033/3
f 765/1987/3 2605/2033/3 2606/2034/3
f 764/1989/3 2606/2034/3 2607/2035/3
f 763/1991/3 2607/2035/3 2608/2036/3
f 762/1993/3 2608/2036/3 2609/2037/3
f 761/1995/3 2609/2037/3 2610/2038/3
f 760/1997/3 2610/2038/3 2611/2039/3
f 759/1998/3 2611/2039/3 2612/2040/3
f 2614/3204/3 2615/3205/3 757/2000/3
f 757/2000/3 758/1999/3 2617/2041/3
f 758/1999/3 2612/2040/3 2616/3206/3
f 758/1999/3 2616/3206/3 2617/2041/3
f 2613/2042/3 2614/3204/3 757/2000/3
f 2621/3207/3 2620/2059/3 747/2045/3
f 747/2045/3 756/2001/3 2622/3208/3
f 756/2001/3 757/2000/3 2624/3209/3
f 2619/2043/3 756/2001/3 2624/3209/3
f 757/2000/3 2615/3205/3 2623/3210/3
f 757/2000/3 2623/3210/3 2625/3211/3
f 2622/3208/3 2621/3207/3 747/2045/3
f 2618/2044/3 2622/3208/3 756/2001/3
f 757/2000/3 2625/3211/3 2624/3209/3
f 746/179/3 755/180/3 756/2001/3
f 745/2046/3 754/2002/3 250/126/3
f 754/2002/3 745/2046/3 2900/2047/3
f 2902/2049/3 2901/2065/3 744/2048/3
f 753/2021/3 2895/3197/3 2902/2049/3
f 743/2050/3 752/2020/3 753/2021/3
f 742/2051/3 751/2022/3 752/2020/3
f 741/1644/3 750/2023/3 751/2022/3
f 547/2052/5 2252/2690/5 2254/2053/5
f 739/2055/3 748/2027/3 749/2028/3
f 748/2027/3 739/2055/3 2626/2057/3
f 2628/2060/3 2627/2075/3 738/2061/3
f 738/2061/3 747/2045/3 2628/2060/3
f 737/178/3 746/179/3 747/2045/3
f 736/2062/3 745/2046/3 251/124/3
f 745/2046/3 736/2062/3 2903/2063/3
f 735/2064/3 744/2048/3 2901/2065/3
f 734/2067/3 743/2050/3 744/2048/3
f 733/2068/3 742/2051/3 743/2050/3
f 732/1642/3 741/1644/3 742/2051/3
f 585/2069/5 2258/2686/5 2260/2070/5
f 730/2071/3 739/2055/3 740/2056/3
f 739/2055/3 730/2071/3 2629/2073/3
f 729/2074/3 738/2061/3 2627/2075/3
f 728/177/3 737/178/3 738/2061/3
f 727/2077/3 736/2062/3 252/122/3
f 736/2062/3 727/2077/3 2905/2078/3
f 726/2079/3 735/2064/3 2904/2066/3
f 725/2081/3 734/2067/3 735/2064/3
f 724/2082/3 733/2068/3 734/2067/3
f 723/2083/3 732/1642/3 733/2068/3
f 656/1874/6 2263/2683/6 2261/2084/6
f 721/2086/3 730/2071/3 731/2072/3
f 721/2086/3 2631/2099/3 2629/2073/3
f 720/2088/3 729/2074/3 2630/2076/3
f 719/176/3 728/177/3 729/2074/3
f 718/2090/3 727/2077/3 253/120/3
f 727/2077/3 718/2090/3 2907/2091/3
f 717/2092/3 726/2079/3 2906/2080/3
f 716/2094/3 725/2081/3 726/2079/3
f 715/2095/3 724/2082/3 725/2081/3
f 714/1615/3 723/2083/3 724/2082/3
f 722/2087/6 2269/2680/6 2267/2096/6
f 712/2098/3 721/2086/3 722/2087/3
f 712/2098/3 2633/3212/3 2631/2099/3
f 711/2100/3 720/2088/3 2632/2089/3
f 710/175/3 719/176/3 720/2088/3
f 709/2102/3 718/2090/3 254/118/3
f 2907/2091/3 718/2090/3 2909/2105/3
f 718/2090/3 709/2102/3 2909/2105/3
f 709/2102/3 708/2103/3 2909/2105/3
f 708/2103/3 707/2107/3 2911/2106/3
f 707/2107/3 706/2109/3 2912/2108/3
f 706/2109/3 705/2111/3 2913/2110/3
f 705/2111/3 704/2113/3 2914/2112/3
f 704/2113/3 703/2115/3 2915/2114/3
f 703/2115/3 702/2117/3 2916/2116/3
f 702/2117/3 701/2119/3 2917/2118/3
f 701/2119/3 700/2171/3 2918/2120/3
f 2918/2120/3 700/2171/3 699/2121/3
f 699/2121/3 698/2124/3 2920/2123/3
f 698/2124/3 697/2172/3 2921/2125/3
f 2925/2127/3 2921/2125/3 697/2172/3
f 697/2172/3 696/2128/3 2925/2127/3
f 696/2128/3 2924/3213/3 2923/3214/3
f 696/2128/3 2923/3214/3 2922/2126/3
f 2934/3215/3 2924/3213/3 696/2128/3
f 695/2129/3 717/2092/3 2926/3216/3
f 717/2092/3 2908/2093/3 2926/3216/3
f 2934/3215/3 696/2128/3 2930/3217/3
f 696/2128/3 695/2129/3 2930/3217/3
f 695/2129/3 2926/3216/3 2929/3218/3
f 695/2129/3 2929/3218/3 2928/3219/3
f 2931/3220/3 2930/3217/3 695/2129/3
f 2932/3221/3 2931/3220/3 695/2129/3
f 695/2129/3 2928/3219/3 2927/2130/3
f 2933/2131/3 2932/3221/3 695/2129/3
f 694/2132/3 716/2094/3 717/2092/3
f 693/2133/3 715/2095/3 716/2094/3
f 692/1613/3 714/1615/3 715/2095/3
f 749/2028/6 2275/2677/6 2273/2134/6
f 690/2135/3 712/2098/3 713/2097/3
f 2635/2137/3 2633/3212/3 712/2098/3
f 690/2135/3 689/2138/3 2635/2137/3
f 689/2138/3 2636/2140/3 2635/2137/3
f 689/2138/3 688/2141/3 2637/2139/3
f 688/2141/3 687/2143/3 2638/2142/3
f 687/2143/3 686/2145/3 2639/2144/3
f 686/2145/3 685/2147/3 2640/2146/3
f 685/2147/3 684/2149/3 2641/2148/3
f 684/2149/3 683/2151/3 2642/2150/3
f 683/2151/3 682/2153/3 2643/2152/3
f 682/2153/3 681/2155/3 2644/2154/3
f 681/2155/3 680/2157/3 2645/2156/3
f 680/2157/3 679/2159/3 2646/2158/3
f 679/2159/3 678/2177/3 2647/2160/3
f 2651/3222/3 2647/2160/3 678/2177/3
f 678/2177/3 677/2161/3 2652/2163/3
f 677/2161/3 2648/3223/3 2650/3224/3
f 677/2161/3 2650/3224/3 2649/2162/3
f 2652/2163/3 2651/3222/3 678/2177/3
f 2658/3225/3 2648/3223/3 677/2161/3
f 676/2164/3 711/2100/3 2653/3226/3
f 711/2100/3 2634/2101/3 2657/3227/3
f 711/2100/3 2657/3227/3 2653/3226/3
f 2658/3225/3 677/2161/3 2659/3228/3
f 677/2161/3 676/2164/3 2660/3229/3
f 2659/3228/3 677/2161/3 2660/3229/3
f 676/2164/3 2653/3226/3 2654/3230/3
f 2655/2166/3 2660/3229/3 676/2164/3
f 676/2164/3 2654/3230/3 2656/2165/3
f 675/173/3 710/175/3 711/2100/3
f 674/1872/3 709/2102/3 255/116/3
f 673/2167/3 708/2103/3 709/2102/3
f 672/2168/3 707/2107/3 708/2103/3
f 671/2169/3 706/2109/3 707/2107/3
f 670/2170/3 705/2111/3 706/2109/3
f 669/170/3 704/2113/3 705/2111/3
f 668/172/3 703/2115/3 704/2113/3
f 667/186/3 702/2117/3 703/2115/3
f 666/1828/3 701/2119/3 702/2117/3
f 665/1833/3 700/2171/3 701/2119/3
f 664/1837/3 699/2121/3 700/2171/3
f 663/1844/3 698/2124/3 699/2121/3
f 662/1851/3 697/2172/3 698/2124/3
f 661/1857/3 696/2128/3 697/2172/3
f 660/1860/3 695/2129/3 696/2128/3
f 659/1863/3 694/2132/3 695/2129/3
f 658/1866/3 693/2133/3 694/2132/3
f 657/1869/3 692/1613/3 693/2133/3
f 825/2173/6 2281/2674/6 2279/2174/6
f 655/1876/3 690/2135/3 691/2136/3
f 654/1882/3 689/2138/3 690/2135/3
f 653/1889/3 688/2141/3 689/2138/3
f 652/1895/3 687/2143/3 688/2141/3
f 651/1900/3 686/2145/3 687/2143/3
f 650/1905/3 685/2147/3 686/2145/3
f 649/1910/3 684/2149/3 685/2147/3
f 648/1918/3 683/2151/3 684/2149/3
f 647/1923/3 682/2153/3 683/2151/3
f 646/1927/3 681/2155/3 682/2153/3
f 645/1932/3 680/2157/3 681/2155/3
f 644/1939/3 679/2159/3 680/2157/3
f 643/2175/3 678/2177/3 679/2159/3
f 642/2176/3 677/2161/3 678/2177/3
f 641/2178/3 676/2164/3 677/2161/3
f 640/174/3 675/173/3 676/2164/3
f 625/2179/2 2347/2186/2 2348/2180/2
f 841/1811/4 2509/1937/4 2508/2181/4
f 825/2173/5 2477/2256/5 2511/2182/5
f 644/1939/4 2397/1938/4 2396/2183/4
f 821/1947/2 2458/2191/2 2459/2184/2
f 624/2185/2 2346/2193/2 2347/2186/2
f 840/1812/4 2508/2181/4 2507/2187/4
f 844/1668/6 2512/1921/6 2478/2188/6
f 643/2175/4 2396/2183/4 2395/2190/4
f 820/1949/2 2457/2196/2 2458/2191/2
f 623/2192/2 2345/2198/2 2346/2193/2
f 839/1813/4 2507/2187/4 2506/2194/4
f 642/2176/4 2395/2190/4 2394/2195/4
f 819/1951/2 2456/2201/2 2457/2196/2
f 622/2197/2 2344/2206/2 2345/2198/2
f 838/1814/4 2506/2194/4 2505/2199/4
f 641/2178/4 2394/2195/4 2393/2200/4
f 818/1953/2 2455/2209/2 2456/2201/2
f 391/2202/2 2233/2540/2 2234/2203/2
f 621/2205/2 2343/2210/2 2344/2206/2
f 837/1815/4 2505/2199/4 2504/2207/4
f 640/174/4 2393/2200/4 2315/2208/4
f 817/1955/2 2454/2212/2 2455/2209/2
f 620/184/2 2342/183/2 2343/2210/2
f 836/1816/4 2504/2207/4 2503/2211/4
f 816/1957/2 2453/2214/2 2454/2212/2
f 835/1817/4 2503/2211/4 2502/2213/4
f 815/1959/2 2452/2218/2 2453/2214/2
f 618/2215/2 2340/2220/2 2341/2216/2
f 834/1818/4 2502/2213/4 2501/2217/4
f 814/1961/2 2451/2222/2 2452/2218/2
f 617/2219/2 2339/2224/2 2340/2220/2
f 833/1819/4 2501/2217/4 2500/2221/4
f 813/1963/2 2450/2226/2 2451/2222/2
f 616/2223/2 2338/2228/2 2339/2224/2
f 832/1820/4 2500/2221/4 2499/2225/4
f 812/1965/2 2449/2231/2 2450/2226/2
f 615/2227/2 2337/2233/2 2338/2228/2
f 638/2085/5 2375/2768/5 2409/2229/5
f 831/1821/4 2499/2225/4 2498/2230/4
f 811/1967/2 2448/2236/2 2449/2231/2
f 614/2232/2 2336/2238/2 2337/2233/2
f 657/1869/6 2410/1868/6 2376/2234/6
f 830/1822/4 2498/2230/4 2497/2235/4
f 810/1969/2 2447/2240/2 2448/2236/2
f 613/2237/2 2335/2242/2 2336/2238/2
f 829/1823/4 2497/2235/4 2496/2239/4
f 809/1971/2 2446/2244/2 2447/2240/2
f 612/2241/2 2334/2246/2 2335/2242/2
f 828/1824/4 2496/2239/4 2495/2243/4
f 808/1972/2 2445/2249/2 2446/2244/2
f 611/2245/2 2333/2251/2 2334/2246/2
f 827/188/4 2495/2243/4 2318/2247/4
f 901/1715/6 2287/2671/6 2285/2248/6
f 807/1657/2 2444/2260/2 2445/2249/2
f 610/2250/2 2332/2254/2 2333/2251/2
f 258/110/5 2312/1885/5 2311/2252/5
f 609/2253/2 2331/2259/2 2332/2254/2
f 257/112/5 2311/2252/5 2310/2255/5
f 806/1977/5 2443/2257/5 2477/2256/5
f 805/1980/2 2442/2261/2 2443/2257/2
f 608/2258/2 2330/2263/2 2331/2259/2
f 826/2189/6 2478/2188/6 2444/2260/6
f 804/1982/2 2441/2264/2 2442/2261/2
f 607/2262/2 2329/2266/2 2330/2263/2
f 803/1984/2 2440/2267/2 2441/2264/2
f 606/2265/2 2328/2269/2 2329/2266/2
f 802/1986/2 2439/2270/2 2440/2267/2
f 605/2268/2 2327/2783/2 2328/2269/2
f 801/1988/2 2438/2740/2 2439/2270/2
f 602/2271/3 637/1879/3 258/110/3
f 601/2272/3 636/1877/3 637/1879/3
f 600/2273/3 635/1883/3 636/1877/3
f 599/2274/3 634/1890/3 635/1883/3
f 598/2275/3 633/1896/3 634/1890/3
f 597/2276/3 632/1901/3 633/1896/3
f 596/2277/3 631/1906/3 632/1901/3
f 595/2278/3 630/1914/3 631/1906/3
f 594/2279/3 629/1919/3 630/1914/3
f 593/2280/3 628/1924/3 629/1919/3
f 592/2281/3 627/1928/3 628/1924/3
f 591/2282/3 626/1935/3 627/1928/3
f 590/2283/3 625/2179/3 626/1935/3
f 589/2284/3 624/2185/3 625/2179/3
f 588/2285/3 623/2192/3 624/2185/3
f 587/2286/3 622/2197/3 623/2192/3
f 586/2287/3 621/2205/3 622/2197/3
f 585/2069/3 620/184/3 621/2205/3
f 927/1672/6 2293/2668/6 2291/2288/6
f 583/2289/3 618/2215/3 619/1911/3
f 582/2290/3 617/2219/3 618/2215/3
f 581/2291/3 616/2223/3 617/2219/3
f 580/2292/3 615/2227/3 616/2223/3
f 579/2293/3 614/2232/3 615/2227/3
f 578/2294/3 613/2237/3 614/2232/3
f 577/2295/3 612/2241/3 613/2237/3
f 576/2296/3 611/2245/3 612/2241/3
f 575/2297/3 610/2250/3 611/2245/3
f 574/2298/3 609/2253/3 610/2250/3
f 573/2299/3 608/2258/3 609/2253/3
f 572/2300/3 607/2262/3 608/2258/3
f 571/2301/3 606/2265/3 607/2262/3
f 570/2302/3 605/2268/3 606/2265/3
f 569/2303/3 604/2304/3 605/2268/3
f 568/165/3 603/166/3 604/2304/3
f 567/2305/3 602/2271/3 259/108/3
f 2803/2307/3 2804/3231/3 601/2272/3
f 601/2272/3 602/2271/3 2803/2307/3
f 602/2271/3 567/2305/3 2803/2307/3
f 601/2272/3 2804/3231/3 2806/2308/3
f 600/2273/3 2806/2308/3 2807/2309/3
f 599/2274/3 2807/2309/3 2808/2310/3
f 598/2275/3 2808/2310/3 2809/2311/3
f 597/2276/3 2809/2311/3 2810/2312/3
f 596/2277/3 2810/2312/3 2811/2313/3
f 595/2278/3 2811/2313/3 2812/2314/3
f 594/2279/3 2812/2314/3 2813/2315/3
f 593/2280/3 2813/2315/3 2814/2316/3
f 592/2281/3 2814/2316/3 2815/2317/3
f 591/2282/3 2815/2317/3 2816/2318/3
f 2818/2320/3 2819/3232/3 589/2284/3
f 589/2284/3 590/2283/3 2817/2319/3
f 590/2283/3 2816/2318/3 2817/2319/3
f 2822/3233/3 2823/3234/3 566/2324/3
f 566/2324/3 588/2285/3 2822/3233/3
f 588/2285/3 589/2284/3 2820/2322/3
f 2822/3233/3 588/2285/3 2821/2321/3
f 589/2284/3 2819/3232/3 2824/3235/3
f 589/2284/3 2824/3235/3 2820/2322/3
f 565/2323/3 587/2286/3 588/2285/3
f 564/2325/3 586/2287/3 587/2286/3
f 563/2326/3 585/2069/3 586/2287/3
f 639/182/5 2262/2684/5 2264/2327/5
f 561/2328/3 583/2289/3 584/1913/3
f 2733/2331/3 2734/3236/3 582/2290/3
f 582/2290/3 583/2289/3 2733/2331/3
f 583/2289/3 561/2328/3 2733/2331/3
f 582/2290/3 2734/3236/3 2736/2332/3
f 581/2291/3 2736/2332/3 2737/2333/3
f 580/2292/3 2737/2333/3 2738/2334/3
f 579/2293/3 2738/2334/3 2739/2335/3
f 578/2294/3 2739/2335/3 2740/2336/3
f 577/2295/3 2740/2336/3 2741/2337/3
f 576/2296/3 2741/2337/3 2742/2338/3
f 575/2297/3 2742/2338/3 2743/2339/3
f 574/2298/3 2743/2339/3 2744/2340/3
f 573/2299/3 2744/2340/3 2745/2341/3
f 572/2300/3 2745/2341/3 2746/2342/3
f 2751/3237/3 2749/2345/3 570/2302/3
f 570/2302/3 571/2301/3 2748/2343/3
f 571/2301/3 2746/2342/3 2747/3238/3
f 571/2301/3 2747/3238/3 2748/2343/3
f 2750/2344/3 2751/3237/3 570/2302/3
f 2753/2346/3 2752/3239/3 570/2302/3
f 2752/3239/3 560/2347/3 569/2303/3
f 570/2302/3 2752/3239/3 569/2303/3
f 559/164/3 568/165/3 569/2303/3
f 558/2348/3 567/2305/3 260/106/3
f 567/2305/3 558/2348/3 2825/2349/3
f 2827/3240/3 2826/3241/3 566/2324/3
f 566/2324/3 2823/3234/3 2828/2350/3
f 2829/2351/3 2827/3240/3 566/2324/3
f 2833/2353/3 2830/2365/3 557/2355/3
f 557/2355/3 565/2323/3 2833/2353/3
f 565/2323/3 566/2324/3 2831/3242/3
f 2832/2352/3 565/2323/3 2831/3242/3
f 566/2324/3 2826/3241/3 2831/3242/3
f 556/2354/3 564/2325/3 565/2323/3
f 555/2054/3 563/2326/3 564/2325/3
f 951/1631/6 2299/2666/6 2297/2356/6
f 553/2357/3 561/2328/3 562/2329/3
f 561/2328/3 553/2357/3 2754/2358/3
f 2757/3243/3 2758/2372/3 552/2361/3
f 560/2347/3 2752/3239/3 2759/3244/3
f 560/2347/3 2759/3244/3 2760/3245/3
f 2757/3243/3 552/2361/3 2756/3246/3
f 552/2361/3 560/2347/3 2756/3246/3
f 560/2347/3 2760/3245/3 2761/3247/3
f 560/2347/3 2761/3247/3 2762/2359/3
f 2755/2360/3 2756/3246/3 560/2347/3
f 551/163/3 559/164/3 560/2347/3
f 550/2362/3 558/2348/3 261/104/3
f 558/2348/3 550/2362/3 2834/2363/3
f 549/2364/3 557/2355/3 2830/2365/3
f 548/2367/3 556/2354/3 557/2355/3
f 547/2052/3 555/2054/3 556/2354/3
f 714/1615/5 2268/1614/5 2270/2368/5
f 545/2369/3 553/2357/3 554/1853/3
f 553/2357/3 545/2369/3 2763/2370/3
f 544/2371/3 552/2361/3 2758/2372/3
f 543/162/3 551/163/3 552/2361/3
f 542/2374/3 550/2362/3 262/102/3
f 550/2362/3 542/2374/3 2836/2375/3
f 541/2376/3 549/2364/3 2835/2366/3
f 540/2378/3 548/2367/3 549/2364/3
f 539/2379/3 547/2052/3 548/2367/3
f 989/1570/6 2305/2700/6 2303/2380/6
f 537/2381/3 545/2369/3 546/1855/3
f 545/2369/3 537/2381/3 2765/2383/3
f 536/2384/3 544/2371/3 2764/2373/3
f 535/161/3 543/162/3 544/2371/3
f 534/2386/3 542/2374/3 263/100/3
f 542/2374/3 534/2386/3 2838/2387/3
f 533/2388/3 541/2376/3 2837/2377/3
f 532/2390/3 540/2378/3 541/2376/3
f 531/2026/3 539/2379/3 540/2378/3
f 741/1644/5 2274/1643/5 2276/2391/5
f 529/2392/3 537/2381/3 538/2382/3
f 537/2381/3 529/2392/3 2767/2393/3
f 528/2394/3 536/2384/3 2766/2385/3
f 527/160/3 535/161/3 536/2384/3
f 526/2396/3 534/2386/3 264/98/3
f 534/2386/3 526/2396/3 2840/2397/3
f 525/2398/3 533/2388/3 2839/2389/3
f 524/2400/3 532/2390/3 533/2388/3
f 523/2024/3 531/2026/3 532/2390/3
f 807/1657/5 2280/1656/5 2282/2401/5
f 521/2402/3 529/2392/3 530/1806/3
f 529/2392/3 521/2402/3 2769/2403/3
f 520/2404/3 528/2394/3 2768/2395/3
f 519/159/3 527/160/3 528/2394/3
f 518/2406/3 526/2396/3 265/96/3
f 526/2396/3 518/2406/3 2842/2407/3
f 517/2408/3 525/2398/3 2841/2399/3
f 516/2410/3 524/2400/3 525/2398/3
f 515/2411/3 523/2024/3 524/2400/3
f 879/1670/5 2286/1669/5 2288/2412/5
f 513/2413/3 521/2402/3 522/1808/3
f 521/2402/3 513/2413/3 2771/2415/3
f 512/2416/3 520/2404/3 2770/2405/3
f 511/158/3 519/159/3 520/2404/3
f 510/2418/3 518/2406/3 266/94/3
f 518/2406/3 510/2418/3 2844/2419/3
f 509/2420/3 517/2408/3 2843/2409/3
f 508/2422/3 516/2410/3 517/2408/3
f 507/1975/3 515/2411/3 516/2410/3
f 920/1681/5 2292/1683/5 2294/2423/5
f 505/2424/3 513/2413/3 514/2414/3
f 513/2413/3 505/2424/3 2773/2425/3
f 504/2426/3 512/2416/3 2772/2417/3
f 503/157/3 511/158/3 512/2416/3
f 502/2428/3 510/2418/3 267/92/3
f 2846/2429/3 2844/2419/3 510/2418/3
f 502/2428/3 501/2430/3 2846/2429/3
f 501/2430/3 2847/2432/3 2846/2429/3
f 501/2430/3 500/2433/3 2848/2431/3
f 500/2433/3 499/2435/3 2849/2434/3
f 499/2435/3 498/2437/3 2850/2436/3
f 498/2437/3 497/2439/3 2851/2438/3
f 497/2439/3 496/2441/3 2852/2440/3
f 496/2441/3 495/2443/3 2853/2442/3
f 495/2443/3 494/2445/3 2854/2444/3
f 494/2445/3 493/2447/3 2855/2446/3
f 493/2447/3 492/2449/3 2856/2448/3
f 492/2449/3 491/2451/3 2857/2450/3
f 491/2451/3 490/2486/3 2858/2452/3
f 2861/2453/3 2858/2452/3 490/2486/3
f 489/2454/3 2860/3248/3 2859/2455/3
f 2861/2453/3 490/2486/3 489/2454/3
f 2867/3249/3 2860/3248/3 489/2454/3
f 488/2456/3 2862/3250/3 2863/3251/3
f 488/2456/3 2863/3251/3 2865/3252/3
f 2867/3249/3 489/2454/3 2868/3253/3
f 489/2454/3 488/2456/3 2868/3253/3
f 488/2456/3 2865/3252/3 2864/3254/3
f 488/2456/3 2864/3254/3 2869/2457/3
f 2866/2458/3 2868/3253/3 488/2456/3
f 2871/3255/3 2862/3250/3 487/2462/3
f 2862/3250/3 488/2456/3 487/2462/3
f 487/2462/3 509/2420/3 2871/3255/3
f 2871/3255/3 509/2420/3 2872/2460/3
f 509/2420/3 2845/2421/3 2870/2459/3
f 486/2461/3 508/2422/3 509/2420/3
f 485/1973/3 507/1975/3 508/2422/3
f 944/1641/5 2298/1694/5 2300/2463/5
f 483/2464/3 505/2424/3 506/1753/3
f 505/2424/3 483/2464/3 2775/2465/3
f 2784/3256/3 2776/2468/3 482/2467/3
f 481/2469/3 504/2426/3 2785/3257/3
f 504/2426/3 2774/2427/3 2783/3258/3
f 504/2426/3 2783/3258/3 2785/3257/3
f 2784/3256/3 482/2467/3 2781/3259/3
f 482/2467/3 481/2469/3 2781/3259/3
f 481/2469/3 2785/3257/3 2779/3260/3
f 2780/3261/3 2781/3259/3 481/2469/3
f 2782/2471/3 2780/3261/3 481/2469/3
f 481/2469/3 2779/3260/3 2778/2470/3
f 480/156/3 503/157/3 504/2426/3
f 479/2472/3 502/2428/3 268/90/3
f 478/2473/3 501/2430/3 502/2428/3
f 477/2474/3 500/2433/3 501/2430/3
f 476/2475/3 499/2435/3 500/2433/3
f 475/2476/3 498/2437/3 499/2435/3
f 474/2477/3 497/2439/3 498/2437/3
f 473/2478/3 496/2441/3 497/2439/3
f 472/2479/3 495/2443/3 496/2441/3
f 471/2480/3 494/2445/3 495/2443/3
f 470/2481/3 493/2447/3 494/2445/3
f 469/2482/3 492/2449/3 493/2447/3
f 468/2483/3 491/2451/3 492/2449/3
f 467/2484/3 490/2486/3 491/2451/3
f 466/2485/3 489/2454/3 490/2486/3
f 465/2487/3 488/2456/3 489/2454/3
f 464/2488/3 487/2462/3 488/2456/3
f 463/2489/3 486/2461/3 487/2462/3
f 462/2490/3 485/1973/3 486/2461/3
f 968/1564/5 2304/1713/5 2306/2491/5
f 460/2493/3 483/2464/3 484/1755/3
f 2787/2497/3 2775/2465/3 483/2464/3
f 483/2464/3 460/2493/3 2787/2497/3
f 460/2493/3 459/2495/3 2787/2497/3
f 459/2495/3 458/2499/3 2788/2498/3
f 458/2499/3 457/2501/3 2789/2500/3
f 457/2501/3 456/2503/3 2790/2502/3
f 456/2503/3 455/2506/3 2791/2504/3
f 454/2505/3 2792/2508/3 2791/2504/3
f 454/2505/3 453/2509/3 2793/2507/3
f 453/2509/3 452/2511/3 2794/2510/3
f 452/2511/3 451/2513/3 2795/2512/3
f 451/2513/3 450/2515/3 2796/2514/3
f 450/2515/3 449/2517/3 2797/2516/3
f 449/2517/3 448/2555/3 2798/2518/3
f 2800/3262/3 2798/2518/3 448/2555/3
f 448/2555/3 447/2519/3 2801/2521/3
f 447/2519/3 482/2467/3 2799/3263/3
f 2802/2520/3 447/2519/3 2799/3263/3
f 482/2467/3 2777/2466/3 2799/3263/3
f 2801/2521/3 2800/3262/3 448/2555/3
f 446/2522/3 481/2469/3 482/2467/3
f 445/155/3 480/156/3 481/2469/3
f 409/2523/3 479/2472/3 269/88/3
f 408/2524/3 478/2473/3 479/2472/3
f 407/2525/3 477/2474/3 478/2473/3
f 406/2526/3 476/2475/3 477/2474/3
f 405/2527/3 475/2476/3 476/2475/3
f 404/2528/3 474/2477/3 475/2476/3
f 403/2529/3 473/2478/3 474/2477/3
f 402/2530/3 472/2479/3 473/2478/3
f 401/2531/3 471/2480/3 472/2479/3
f 400/2532/3 470/2481/3 471/2480/3
f 399/2533/3 469/2482/3 470/2481/3
f 398/2534/3 468/2483/3 469/2482/3
f 397/2535/3 467/2484/3 468/2483/3
f 396/2536/3 466/2485/3 467/2484/3
f 395/2537/3 465/2487/3 466/2485/3
f 394/2538/3 464/2488/3 465/2487/3
f 393/2539/3 463/2489/3 464/2488/3
f 392/2204/3 462/2490/3 463/2489/3
f 461/2494/6 2237/2698/6 2233/2540/6
f 390/2541/3 460/2493/3 461/2494/3
f 389/2542/3 459/2495/3 460/2493/3
f 388/2543/3 458/2499/3 459/2495/3
f 387/2544/3 457/2501/3 458/2499/3
f 386/2545/3 456/2503/3 457/2501/3
f 385/2546/3 455/2506/3 456/2503/3
f 384/2547/3 454/2505/3 455/2506/3
f 383/2548/3 453/2509/3 454/2505/3
f 382/2549/3 452/2511/3 453/2509/3
f 381/2550/3 451/2513/3 452/2511/3
f 380/2551/3 450/2515/3 451/2513/3
f 379/2552/3 449/2517/3 450/2515/3
f 378/2553/3 448/2555/3 449/2517/3
f 377/2554/3 447/2519/3 448/2555/3
f 376/2556/3 446/2522/3 447/2519/3
f 375/5/3 445/155/3 446/2522/3
f 444/2557/4 305/2561/4 1/2558/4
f 443/2560/4 306/2563/4 305/2561/4
f 442/2562/4 307/2565/4 306/2563/4
f 441/2564/4 308/2567/4 307/2565/4
f 440/2566/4 309/2569/4 308/2567/4
f 439/2568/4 310/2571/4 309/2569/4
f 438/2570/4 311/2573/4 310/2571/4
f 437/2572/4 312/2575/4 311/2573/4
f 436/2574/4 313/2577/4 312/2575/4
f 435/2576/4 314/2579/4 313/2577/4
f 434/2578/4 315/2581/4 314/2579/4
f 433/2580/4 316/2583/4 315/2581/4
f 432/2582/4 317/2585/4 316/2583/4
f 431/2584/4 318/2587/4 317/2585/4
f 430/2586/4 319/2589/4 318/2587/4
f 429/2588/4 320/2591/4 319/2589/4
f 428/2590/4 321/2593/4 320/2591/4
f 427/2592/4 322/2595/4 321/2593/4
f 426/2594/4 323/2597/4 322/2595/4
f 425/2596/4 324/2599/4 323/2597/4
f 424/2598/4 325/2601/4 324/2599/4
f 423/2600/4 326/2603/4 325/2601/4
f 422/2602/4 327/2605/4 326/2603/4
f 421/2604/4 328/2607/4 327/2605/4
f 420/2606/4 329/2609/4 328/2607/4
f 419/2608/4 330/2611/4 329/2609/4
f 418/2610/4 331/2613/4 330/2611/4
f 417/2612/4 332/2615/4 331/2613/4
f 416/2614/4 333/2617/4 332/2615/4
f 415/2616/4 334/2619/4 333/2617/4
f 414/2618/4 335/2621/4 334/2619/4
f 413/2620/4 336/2623/4 335/2621/4
f 412/2622/4 337/2625/4 336/2623/4
f 411/2624/4 338/2626/4 337/2625/4
f 410/7/4 339/10/4 338/2626/4
f 1007/2627/3 444/2557/3 5/2559/3
f 1006/1531/3 443/2560/3 444/2557/3
f 1005/1533/3 442/2562/3 443/2560/3
f 1004/1535/3 441/2564/3 442/2562/3
f 1003/1537/3 440/2566/3 441/2564/3
f 1002/1539/3 439/2568/3 440/2566/3
f 1001/1541/3 438/2570/3 439/2568/3
f 1000/1543/3 437/2572/3 438/2570/3
f 999/1545/3 436/2574/3 437/2572/3
f 998/1547/3 435/2576/3 436/2574/3
f 997/1549/3 434/2578/3 435/2576/3
f 996/1551/3 433/2580/3 434/2578/3
f 995/1553/3 432/2582/3 433/2580/3
f 994/1556/3 431/2584/3 432/2582/3
f 993/1558/3 430/2586/3 431/2584/3
f 992/1563/3 429/2588/3 430/2586/3
f 991/1565/3 428/2590/3 429/2588/3
f 990/2492/3 427/2592/3 428/2590/3
f 514/2414/6 2243/2695/6 2241/2628/6
f 988/2629/3 425/2596/3 426/2594/3
f 987/1574/3 424/2598/3 425/2596/3
f 986/1576/3 423/2600/3 424/2598/3
f 985/1578/3 422/2602/3 423/2600/3
f 984/1580/3 421/2604/3 422/2602/3
f 983/1582/3 420/2606/3 421/2604/3
f 982/1584/3 419/2608/3 420/2606/3
f 981/1586/3 418/2610/3 419/2608/3
f 980/1588/3 417/2612/3 418/2610/3
f 979/1590/3 416/2614/3 417/2612/3
f 978/1592/3 415/2616/3 416/2614/3
f 977/1594/3 414/2618/3 415/2616/3
f 976/1596/3 413/2620/3 414/2618/3
f 975/1597/3 412/2622/3 413/2620/3
f 974/1602/3 411/2624/3 412/2622/3
f 973/8/3 410/7/3 411/2624/3
f 374/2630/2 409/2523/2 7/85/2
f 373/2632/2 408/2524/2 409/2523/2
f 372/2633/2 407/2525/2 408/2524/2
f 371/2634/2 406/2526/2 407/2525/2
f 370/2635/2 405/2527/2 406/2526/2
f 369/2636/2 404/2528/2 405/2527/2
f 368/2637/2 403/2529/2 404/2528/2
f 367/2638/2 402/2530/2 403/2529/2
f 366/2639/2 401/2531/2 402/2530/2
f 365/2640/2 400/2532/2 401/2531/2
f 364/2641/2 399/2533/2 400/2532/2
f 363/2642/2 398/2534/2 399/2533/2
f 362/2643/2 397/2535/2 398/2534/2
f 361/2644/2 396/2536/2 397/2535/2
f 360/2645/2 395/2537/2 396/2536/2
f 359/2646/2 394/2538/2 395/2537/2
f 358/2647/2 393/2539/2 394/2538/2
f 357/2648/2 392/2204/2 393/2539/2
f 356/2649/2 391/2202/2 392/2204/2
f 355/2650/2 390/2541/2 391/2202/2
f 354/2651/2 389/2542/2 390/2541/2
f 353/2652/2 388/2543/2 389/2542/2
f 352/2653/2 387/2544/2 388/2543/2
f 351/2654/2 386/2545/2 387/2544/2
f 350/2655/2 385/2546/2 386/2545/2
f 349/2656/2 384/2547/2 385/2546/2
f 348/2657/2 383/2548/2 384/2547/2
f 347/2658/2 382/2549/2 383/2548/2
f 346/2659/2 381/2550/2 382/2549/2
f 345/2660/2 380/2551/2 381/2550/2
f 344/2661/2 379/2552/2 380/2551/2
f 343/2662/2 378/2553/2 379/2552/2
f 342/2663/2 377/2554/2 378/2553/2
f 341/2664/2 376/2556/2 377/2554/2
f 340/2/2 375/5/2 376/2556/2
f 2232/272/1 374/2630/1 3/2631/1
f 2231/274/1 373/2632/1 374/2630/1
f 2230/276/1 372/2633/1 373/2632/1
f 2229/278/1 371/2634/1 372/2633/1
f 2228/280/1 370/2635/1 371/2634/1
f 2227/282/1 369/2636/1 370/2635/1
f 2226/284/1 368/2637/1 369/2636/1
f 2225/286/1 367/2638/1 368/2637/1
f 2224/288/1 366/2639/1 367/2638/1
f 2223/290/1 365/2640/1 366/2639/1
f 2222/292/1 364/2641/1 365/2640/1
f 2221/294/1 363/2642/1 364/2641/1
f 2220/296/1 362/2643/1 363/2642/1
f 2219/298/1 361/2644/1 362/2643/1
f 2218/300/1 360/2645/1 361/2644/1
f 2217/302/1 359/2646/1 360/2645/1
f 2216/304/1 358/2647/1 359/2646/1
f 2215/306/1 357/2648/1 358/2647/1
f 2214/308/1 356/2649/1 357/2648/1
f 2213/310/1 355/2650/1 356/2649/1
f 2212/312/1 354/2651/1 355/2650/1
f 2211/314/1 353/2652/1 354/2651/1
f 2210/316/1 352/2653/1 353/2652/1
f 2209/318/1 351/2654/1 352/2653/1
f 2208/320/1 350/2655/1 351/2654/1
f 2207/322/1 349/2656/1 350/2655/1
f 2206/324/1 348/2657/1 349/2656/1
f 2205/326/1 347/2658/1 348/2657/1
f 2204/328/1 346/2659/1 347/2658/1
f 2203/330/1 345/2660/1 346/2659/1
f 2202/332/1 344/2661/1 345/2660/1
f 2201/334/1 343/2662/1 344/2661/1
f 2200/336/1 342/2663/1 343/2662/1
f 2199/337/1 341/2664/1 342/2663/1
f 2198/3/1 340/2/1 341/2664/1
f 2303/2380/3 2305/2700/3 2306/2491/3
f 2301/1629/3 2303/2380/3 2304/1713/3
f 2299/2666/3 2301/1629/3 2302/2665/3
f 2297/2356/3 2299/2666/3 2300/2463/3
f 2295/1567/3 2297/2356/3 2298/1694/3
f 2293/2668/3 2295/1567/3 2296/2667/3
f 2291/2288/3 2293/2668/3 2294/2423/3
f 2289/2669/3 2291/2288/3 2292/1683/3
f 2287/2671/3 2289/2669/3 2290/2670/3
f 2285/2248/3 2287/2671/3 2288/2412/3
f 2283/2672/3 2285/2248/3 2286/1669/3
f 2281/2674/3 2283/2672/3 2284/2673/3
f 2279/2174/3 2281/2674/3 2282/2401/3
f 2277/2675/3 2279/2174/3 2280/1656/3
f 2275/2677/3 2277/2675/3 2278/2676/3
f 2273/2134/3 2275/2677/3 2276/2391/3
f 2271/2678/3 2273/2134/3 2274/1643/3
f 2269/2680/3 2271/2678/3 2272/2679/3
f 2267/2096/3 2269/2680/3 2270/2368/3
f 2265/2681/3 2267/2096/3 2268/1614/3
f 2263/2683/3 2265/2681/3 2266/2682/3
f 2261/2084/3 2263/2683/3 2264/2327/3
f 2259/2685/3 2261/2084/3 2262/2684/3
f 2257/1912/3 2259/2685/3 2260/2070/3
f 2255/2687/3 2257/1912/3 2258/2686/3
f 2253/2689/3 2255/2687/3 2256/2688/3
f 2251/1854/3 2253/2689/3 2254/2053/3
f 2249/2691/3 2251/1854/3 2252/2690/3
f 2247/2693/3 2249/2691/3 2250/2692/3
f 2245/1807/3 2247/2693/3 2248/2025/3
f 2243/2695/3 2245/1807/3 2246/2694/3
f 2241/2628/3 2243/2695/3 2244/2696/3
f 2239/1754/3 2241/2628/3 2242/1974/3
f 2237/2698/3 2239/1754/3 2240/2697/3
f 2233/2540/3 2237/2698/3 2238/2699/3
f 2305/2700/3 2235/2702/3 2236/2701/3
f 919/1685/6 2291/2288/6 2289/2669/6
f 620/184/5 2260/2070/5 2262/2684/5
f 878/1757/6 2285/2248/6 2283/2672/6
f 427/2592/4 2236/2701/4 2235/2702/4
f 806/1977/6 2279/2174/6 2277/2675/6
f 740/2056/6 2273/2134/6 2271/2678/6
f 713/2097/6 2267/2096/6 2265/2681/6
f 638/2085/6 2261/2084/6 2259/2685/6
f 563/2326/5 2256/2688/5 2258/2686/5
f 539/2379/5 2250/2692/5 2252/2690/5
f 515/2411/5 2244/2696/5 2246/2694/5
f 462/2490/5 2238/2699/5 2240/2697/5
f 990/2492/5 2306/2491/5 2236/2701/5
f 584/1913/6 2257/1912/6 2255/2687/6
f 546/1855/6 2251/1854/6 2249/2691/6
f 522/1808/6 2245/1807/6 2243/2695/6
f 484/1755/6 2239/1754/6 2237/2698/6
f 426/2594/6 2235/2702/6 2305/2700/6
f 952/1628/5 2300/2463/5 2302/2665/5
f 928/1667/5 2294/2423/5 2296/2667/5
f 902/1712/5 2288/2412/5 2290/2670/5
f 826/2189/5 2282/2401/5 2284/2673/5
f 750/2023/5 2276/2391/5 2278/2676/5
f 723/2083/5 2270/2368/5 2272/2679/5
f 959/1617/6 2301/1629/6 2299/2666/6
f 657/1869/5 2264/2327/5 2266/2682/5
f 935/1568/6 2295/1567/6 2293/2668/6
f 911/1696/6 2289/2669/6 2287/2671/6
f 843/1810/6 2283/2672/6 2281/2674/6
f 771/1978/6 2277/2675/6 2275/2677/6
f 731/2072/6 2271/2678/6 2269/2680/6
f 691/2136/6 2265/2681/6 2263/2683/6
f 555/2054/5 2254/2053/5 2256/2688/5
f 531/2026/5 2248/2025/5 2250/2692/5
f 507/1975/5 2242/1974/5 2244/2696/5
f 392/2204/5 2234/2203/5 2238/2699/5
f 562/2329/6 2255/2687/6 2253/2689/6
f 538/2382/6 2249/2691/6 2247/2693/6
f 2313/1893/3 2314/1887/3 2359/2703/3
f 2314/1887/3 2315/2208/3 2393/2200/3
f 2316/1848/3 2317/1845/3 2461/2705/3
f 2317/1845/3 2318/2247/3 2495/2243/3
f 2323/2706/3 2324/1831/3 2307/2707/3
f 2494/2709/3 2528/1842/3 2324/1831/3
f 2493/2710/3 2527/1847/3 2528/1842/3
f 2492/2711/3 2526/1852/3 2527/1847/3
f 2491/2712/3 2525/1858/3 2526/1852/3
f 2490/2713/3 2524/1861/3 2525/1858/3
f 2489/2714/3 2523/1864/3 2524/1861/3
f 2488/2715/3 2522/1867/3 2523/1864/3
f 2487/2716/3 2521/1870/3 2522/1867/3
f 2486/2717/3 2520/1873/3 2521/1870/3
f 2485/2718/3 2519/1880/3 2520/1873/3
f 2484/2719/3 2518/1886/3 2519/1880/3
f 2483/2720/3 2517/1892/3 2518/1886/3
f 2482/2721/3 2516/1898/3 2517/1892/3
f 2481/2722/3 2515/1903/3 2516/1898/3
f 2480/2723/3 2514/1908/3 2515/1903/3
f 2479/2724/3 2513/1916/3 2514/1908/3
f 2478/2188/3 2512/1921/3 2513/1916/3
f 2476/2725/3 2510/1930/3 2511/2182/3
f 2475/2726/3 2509/1937/3 2510/1930/3
f 2474/2727/3 2508/2181/3 2509/1937/3
f 2473/2728/3 2507/2187/3 2508/2181/3
f 2472/2729/3 2506/2194/3 2507/2187/3
f 2471/2730/3 2505/2199/3 2506/2194/3
f 2470/2731/3 2504/2207/3 2505/2199/3
f 2469/2732/3 2503/2211/3 2504/2207/3
f 2468/2733/3 2502/2213/3 2503/2211/3
f 2467/2734/3 2501/2217/3 2502/2213/3
f 2466/2735/3 2500/2221/3 2501/2217/3
f 2465/2736/3 2499/2225/3 2500/2221/3
f 2464/2737/3 2498/2230/3 2499/2225/3
f 2463/2738/3 2497/2235/3 2498/2230/3
f 2462/2739/3 2496/2239/3 2497/2235/3
f 2461/2705/3 2495/2243/3 2496/2239/3
f 2322/1934/3 2323/2706/3 2308/2708/3
f 2460/1941/3 2494/2709/3 2323/2706/3
f 2459/2184/3 2493/2710/3 2494/2709/3
f 2458/2191/3 2492/2711/3 2493/2710/3
f 2457/2196/3 2491/2712/3 2492/2711/3
f 2456/2201/3 2490/2713/3 2491/2712/3
f 2455/2209/3 2489/2714/3 2490/2713/3
f 2454/2212/3 2488/2715/3 2489/2714/3
f 2453/2214/3 2487/2716/3 2488/2715/3
f 2452/2218/3 2486/2717/3 2487/2716/3
f 2451/2222/3 2485/2718/3 2486/2717/3
f 2450/2226/3 2484/2719/3 2485/2718/3
f 2449/2231/3 2483/2720/3 2484/2719/3
f 2448/2236/3 2482/2721/3 2483/2720/3
f 2447/2240/3 2481/2722/3 2482/2721/3
f 2446/2244/3 2480/2723/3 2481/2722/3
f 2445/2249/3 2479/2724/3 2480/2723/3
f 2444/2260/3 2478/2188/3 2479/2724/3
f 2442/2261/3 2476/2725/3 2477/2256/3
f 2441/2264/3 2475/2726/3 2476/2725/3
f 2440/2267/3 2474/2727/3 2475/2726/3
f 2439/2270/3 2473/2728/3 2474/2727/3
f 2438/2740/3 2472/2729/3 2473/2728/3
f 2437/2741/3 2471/2730/3 2472/2729/3
f 2436/2742/3 2470/2731/3 2471/2730/3
f 2435/2743/3 2469/2732/3 2470/2731/3
f 2434/2744/3 2468/2733/3 2469/2732/3
f 2433/168/3 2467/2734/3 2468/2733/3
f 2432/1826/3 2466/2735/3 2467/2734/3
f 2431/1830/3 2465/2736/3 2466/2735/3
f 2430/1835/3 2464/2737/3 2465/2736/3
f 2429/1839/3 2463/2738/3 2464/2737/3
f 2428/1846/3 2462/2739/3 2463/2738/3
f 2427/1849/3 2461/2705/3 2462/2739/3
f 2320/2745/3 2321/1871/3 2310/2255/3
f 2392/2746/3 2426/2748/3 2321/1871/3
f 2391/2747/3 2425/2750/3 2426/2748/3
f 2390/2749/3 2424/2752/3 2425/2750/3
f 2389/2751/3 2423/2754/3 2424/2752/3
f 2388/2753/3 2422/2756/3 2423/2754/3
f 2387/2755/3 2421/171/3 2422/2756/3
f 2386/2757/3 2420/185/3 2421/171/3
f 2385/2758/3 2419/1827/3 2420/185/3
f 2384/2759/3 2418/1832/3 2419/1827/3
f 2383/2760/3 2417/1836/3 2418/1832/3
f 2382/2761/3 2416/1843/3 2417/1836/3
f 2381/2762/3 2415/1850/3 2416/1843/3
f 2380/2763/3 2414/1856/3 2415/1850/3
f 2379/2764/3 2413/1859/3 2414/1856/3
f 2378/2765/3 2412/1862/3 2413/1859/3
f 2377/2766/3 2411/1865/3 2412/1862/3
f 2376/2234/3 2410/1868/3 2411/1865/3
f 2374/2767/3 2408/1875/3 2409/2229/3
f 2373/2769/3 2407/1881/3 2408/1875/3
f 2372/2770/3 2406/1888/3 2407/1881/3
f 2371/2771/3 2405/1894/3 2406/1888/3
f 2370/2772/3 2404/1899/3 2405/1894/3
f 2369/2773/3 2403/1904/3 2404/1899/3
f 2368/2774/3 2402/1909/3 2403/1904/3
f 2367/2775/3 2401/1917/3 2402/1909/3
f 2366/2776/3 2400/1922/3 2401/1917/3
f 2365/2777/3 2399/1926/3 2400/1922/3
f 2364/2778/3 2398/1931/3 2399/1926/3
f 2363/2779/3 2397/1938/3 2398/1931/3
f 2362/2780/3 2396/2183/3 2397/1938/3
f 2361/2781/3 2395/2190/3 2396/2183/3
f 2360/2782/3 2394/2195/3 2395/2190/3
f 2359/2703/3 2393/2200/3 2394/2195/3
f 2319/1878/3 2320/2745/3 2311/2252/3
f 2358/1884/3 2392/2746/3 2320/2745/3
f 2357/1891/3 2391/2747/3 2392/2746/3
f 2356/1897/3 2390/2749/3 2391/2747/3
f 2355/1902/3 2389/2751/3 2390/2749/3
f 2354/1907/3 2388/2753/3 2389/2751/3
f 2353/1915/3 2387/2755/3 2388/2753/3
f 2352/1920/3 2386/2757/3 2387/2755/3
f 2351/1925/3 2385/2758/3 2386/2757/3
f 2350/1929/3 2384/2759/3 2385/2758/3
f 2349/1936/3 2383/2760/3 2384/2759/3
f 2348/2180/3 2382/2761/3 2383/2760/3
f 2347/2186/3 2381/2762/3 2382/2761/3
f 2346/2193/3 2380/2763/3 2381/2762/3
f 2345/2198/3 2379/2764/3 2380/2763/3
f 2344/2206/3 2378/2765/3 2379/2764/3
f 2343/2210/3 2377/2766/3 2378/2765/3
f 2342/183/3 2376/2234/3 2377/2766/3
f 2340/2220/3 2374/2767/3 2375/2768/3
f 2339/2224/3 2373/2769/3 2374/2767/3
f 2338/2228/3 2372/2770/3 2373/2769/3
f 2337/2233/3 2371/2771/3 2372/2770/3
f 2336/2238/3 2370/2772/3 2371/2771/3
f 2335/2242/3 2369/2773/3 2370/2772/3
f 2334/2246/3 2368/2774/3 2369/2773/3
f 2333/2251/3 2367/2775/3 2368/2774/3
f 2332/2254/3 2366/2776/3 2367/2775/3
f 2331/2259/3 2365/2777/3 2366/2776/3
f 2330/2263/3 2364/2778/3 2365/2777/3
f 2329/2266/3 2363/2779/3 2364/2778/3
f 2328/2269/3 2362/2780/3 2363/2779/3
f 2327/2783/3 2361/2781/3 2362/2780/3
f 2326/2784/3 2360/2782/3 2361/2781/3
f 2325/2704/3 2359/2703/3 2360/2782/3
f 619/1911/5 2341/2216/5 2375/2768/5
f 247/132/5 2308/2708/5 2307/2707/5
f 670/2170/4 2423/2754/4 2422/2756/4
f 796/169/2 2433/168/2 2434/2744/2
f 248/130/5 2309/1841/5 2308/2708/5
f 671/2169/4 2424/2752/4 2423/2754/4
f 797/1996/2 2434/2744/2 2435/2743/2
f 672/2168/4 2425/2750/4 2424/2752/4
f 798/1994/2 2435/2743/2 2436/2742/2
f 281/39/2 2313/1893/2 2325/2704/2
f 673/2167/4 2426/2748/4 2425/2750/4
f 799/1992/2 2436/2742/2 2437/2741/2
f 603/166/2 2325/2704/2 2326/2784/2
f 674/1872/4 2321/1871/4 2426/2748/4
f 800/1990/2 2437/2741/2 2438/2740/2
f 604/2304/2 2326/2784/2 2327/2783/2
f 133/2785/3 188/2821/3 110/2786/3
f 186/2788/7 189/2791/7 141/2789/7
f 189/2791/8 191/2811/8 148/2792/8
f 148/2792/9 191/2811/9 194/2793/9
f 194/2793/10 196/2796/10 159/2795/10
f 196/2796/11 198/2798/11 164/2797/11
f 198/2798/12 200/2828/12 168/2799/12
f 200/2800/13 202/2803/13 172/2801/13
f 202/2803/14 204/2805/14 175/2804/14
f 204/2805/15 205/2807/15 180/2806/15
f 205/2807/16 208/2809/16 184/2808/16
f 208/2809/17 188/2821/17 133/2785/17
f 141/2789/18 2580/2840/18 2581/2810/18
f 191/2811/63 189/2791/63 2553/2812/63
f 194/2793/20 191/2811/20 2552/2813/20
f 198/2798/71 196/2796/71 2558/2815/71
f 168/2799/22 2583/3264/22 2578/2817/22
f 2555/3265/5 2554/2830/5 186/2788/5
f 186/2788/5 118/2790/5 2564/3266/5
f 118/2790/5 2581/2810/5 2570/3267/5
f 2570/3267/5 2568/3268/5 118/2790/5
f 2568/3268/5 2566/3269/5 118/2790/5
f 118/2790/5 2566/3269/5 2564/3266/5
f 2560/2819/5 2555/3265/5 186/2788/5
f 2564/3266/5 2562/2818/5 186/2788/5
f 159/2795/67 2579/2827/67 2576/2820/67
f 188/2821/24 208/2809/24 2544/2822/24
f 2550/2824/72 2545/3270/72 204/2805/72
f 2545/3270/25 2547/2841/25 204/2805/25
f 2572/2833/26 2573/3271/26 175/2804/26
f 2573/3271/26 2582/2825/26 175/2804/26
f 202/2803/27 200/2800/27 2548/2826/27
f 164/2797/64 2578/2817/64 2579/2827/64
f 2549/2829/29 2548/3272/29 200/2828/29
f 200/2828/29 198/2798/29 2556/2816/29
f 189/2791/30 186/2788/30 2554/2830/30
f 2569/3273/6 2571/3274/6 80/2787/6
f 2571/3274/6 2585/3275/6 80/2787/6
f 2569/3273/6 80/2787/6 2567/3276/6
f 80/2787/6 110/2786/6 2563/2832/6
f 110/2786/6 2529/3277/6 2531/3278/6
f 2551/3279/6 2559/3280/6 110/2786/6
f 2559/3280/6 2561/2831/6 110/2786/6
f 110/2786/6 2531/3278/6 2551/3279/6
f 2567/3276/6 80/2787/6 2565/3281/6
f 2563/2832/6 2565/3281/6 80/2787/6
f 180/2806/31 2575/2845/31 2572/2833/31
f 208/2809/32 205/2807/32 2546/2834/32
f 2595/3282/4 2596/3283/4 133/2785/4
f 2596/3283/4 2597/2839/4 133/2785/4
f 2595/3282/4 133/2785/4 2594/3284/4
f 133/2785/4 80/2787/4 2590/3285/4
f 80/2787/4 2585/3275/4 2584/3286/4
f 2586/3287/4 2587/3288/4 80/2787/4
f 2587/3288/4 2588/2835/4 80/2787/4
f 80/2787/4 2584/3286/4 2586/3287/4
f 2594/3284/4 133/2785/4 2593/3289/4
f 2592/3290/4 2593/3289/4 133/2785/4
f 2592/3290/4 133/2785/4 2591/3291/4
f 2589/2836/4 2590/3285/4 80/2787/4
f 2590/3285/4 2591/3291/4 133/2785/4
f 172/2801/33 2582/2825/33 2583/2837/33
f 2598/2838/34 184/2808/34 133/2785/34
f 148/2792/35 2577/2842/35 2580/2840/35
f 205/2807/36 204/2805/36 2547/2841/36
f 156/2794/37 2576/2820/37 2577/2842/37
f 2530/3292/2 2529/3277/2 110/2786/2
f 110/2786/2 188/2821/2 2536/2843/2
f 188/2821/2 2543/2823/2 2542/3293/2
f 2542/3293/2 2541/3294/2 188/2821/2
f 2541/3294/2 2540/3295/2 188/2821/2
f 188/2821/2 2540/3295/2 2539/3296/2
f 2532/3297/2 2530/3292/2 110/2786/2
f 2535/2844/2 2534/3298/2 110/2786/2
f 2534/3298/2 2533/3299/2 110/2786/2
f 2533/3299/2 2532/3297/2 110/2786/2
f 2539/3296/73 2538/3300/73 188/2821/73
f 2538/3300/2 2537/3301/2 188/2821/2
f 188/2821/2 2537/3301/2 2536/2843/2
f 196/2796/65 194/2793/65 2557/2814/65
f 2598/2838/39 2574/3302/39 184/2808/39
f 2574/3302/39 2575/2845/39 184/2808/39
f 106/2846/3 161/2882/3 65/2847/3
f 160/2849/7 163/2852/7 114/2850/7
f 163/2852/8 166/2854/8 122/2853/8
f 166/2854/9 167/2874/9 127/2855/9
f 127/2855/74 167/2874/74 170/2856/74
f 136/2857/11 170/2856/11 171/2858/11
f 171/2858/12 173/2891/12 143/2860/12
f 173/2861/13 176/2864/13 146/2862/13
f 176/2864/14 177/2866/14 151/2865/14
f 177/2866/15 179/2868/15 153/2867/15
f 179/2868/16 182/2870/16 158/2869/16
f 182/2870/17 161/2882/17 106/2846/17
f 114/2850/40 2653/2903/40 2657/2871/40
f 166/2854/41 163/2852/41 2621/2872/41
f 167/2874/42 166/2854/42 2622/2873/42
f 171/2858/43 170/2856/43 2619/2876/43
f 143/2860/44 2659/3303/44 2660/2878/44
f 2627/2880/5 2628/2893/5 160/2849/5
f 160/2849/5 89/2851/5 2630/2879/5
f 89/2851/5 2657/2871/5 2634/3304/5
f 2634/3304/5 2632/3305/5 89/2851/5
f 2632/3305/5 2630/2879/5 89/2851/5
f 136/2857/45 2655/2890/45 2656/2881/45
f 161/2882/46 182/2870/46 2617/2883/46
f 2615/2886/70 2614/2904/70 177/2866/70
f 177/2866/70 176/2864/70 2623/2885/70
f 2648/2888/75 2658/3306/75 151/2865/75
f 2658/3306/48 146/2862/48 151/2865/48
f 176/2864/49 173/2861/49 2625/2889/49
f 140/2859/50 2660/2878/50 2655/2890/50
f 173/2891/51 171/2858/51 2624/2877/51
f 2620/2894/52 2621/2872/52 163/2852/52
f 163/2852/52 160/2849/52 2628/2893/52
f 2631/3307/6 2633/3308/6 35/2848/6
f 2633/3308/6 2635/3309/6 35/2848/6
f 2631/3307/6 35/2848/6 2629/3310/6
f 35/2848/6 65/2847/6 2629/3310/6
f 65/2847/6 2601/3311/6 2600/2895/6
f 2626/2896/6 2629/3310/6 65/2847/6
f 153/2867/53 2649/2908/53 2650/2887/53
f 182/2870/54 179/2868/54 2613/2897/54
f 2646/3312/4 2647/3313/4 106/2846/4
f 2647/3313/4 2651/2902/4 106/2846/4
f 2646/3312/4 106/2846/4 2645/3314/4
f 106/2846/4 35/2848/4 2641/3315/4
f 35/2848/4 2635/3309/4 2636/3316/4
f 2637/3317/4 2638/3318/4 35/2848/4
f 2638/3318/4 2639/2898/4 35/2848/4
f 35/2848/4 2636/3316/4 2637/3317/4
f 2645/3314/4 106/2846/4 2644/3319/4
f 2643/3320/4 2644/3319/4 106/2846/4
f 2643/3320/4 106/2846/4 2642/3321/4
f 2640/2899/4 2641/3315/4 35/2848/4
f 2641/3315/4 2642/3321/4 106/2846/4
f 146/2862/55 2658/3306/55 2659/2900/55
f 2652/2901/56 158/2869/56 106/2846/56
f 122/2853/57 2654/2905/57 2653/2903/57
f 179/2868/58 177/2866/58 2614/2904/58
f 127/2855/59 2656/2881/59 2654/2905/59
f 2599/3322/2 2601/3311/2 65/2847/2
f 65/2847/2 161/2882/2 2606/2906/2
f 161/2882/2 2616/2884/2 2612/3323/2
f 2612/3323/2 2611/3324/2 161/2882/2
f 2611/3324/2 2610/3325/2 161/2882/2
f 161/2882/2 2610/3325/2 2609/3326/2
f 2602/3327/2 2599/3322/2 65/2847/2
f 2605/2907/2 2604/3328/2 65/2847/2
f 2604/3328/2 2603/3329/2 65/2847/2
f 2603/3329/2 2602/3327/2 65/2847/2
f 2609/3326/2 2608/3330/2 161/2882/2
f 2608/3330/2 2607/3331/2 161/2882/2
f 161/2882/2 2607/3331/2 2606/2906/2
f 170/2856/60 167/2874/60 2618/2875/60
f 158/2869/61 2652/2901/61 2649/2908/61
f 84/2909/3 135/2945/3 48/2910/3
f 134/2912/7 137/2915/7 85/2913/7
f 137/2915/8 139/2935/8 96/2916/8
f 96/2916/76 139/2935/76 142/2917/76
f 142/2917/10 144/2920/10 108/2919/10
f 144/2920/11 145/2922/11 112/2921/11
f 145/2922/12 147/2953/12 115/2923/12
f 147/2924/13 149/2927/13 120/2925/13
f 149/2927/14 152/2929/14 125/2928/14
f 152/2929/15 154/2931/15 129/2930/15
f 154/2931/16 155/2933/16 132/2932/16
f 155/2933/17 135/2945/17 84/2909/17
f 85/2913/18 2717/2965/18 2715/2934/18
f 139/2935/19 137/2915/19 2690/2936/19
f 2685/2938/20 2686/2969/20 142/2917/20
f 142/2917/20 139/2935/20 2689/2937/20
f 145/2922/21 144/2920/21 2684/2939/21
f 115/2923/22 2714/3332/22 2709/2941/22
f 2688/3333/5 2691/2955/5 134/2912/5
f 134/2912/5 70/2914/5 2697/3334/5
f 70/2914/5 2715/2934/5 2703/3335/5
f 2703/3335/5 2701/3336/5 70/2914/5
f 2701/3336/5 2699/3337/5 70/2914/5
f 70/2914/5 2699/3337/5 2697/3334/5
f 2693/2943/5 2688/3333/5 134/2912/5
f 2697/3334/5 2695/2942/5 134/2912/5
f 108/2919/23 2710/2952/23 2708/2944/23
f 135/2945/24 155/2933/24 2676/2946/24
f 152/2929/25 149/2927/25 2679/2948/25
f 125/2928/26 2713/2958/26 2711/2950/26
f 149/2927/27 147/2924/27 2680/2951/27
f 112/2921/64 2709/2941/64 2710/2952/64
f 2681/2954/29 2680/3338/29 147/2953/29
f 147/2953/29 145/2922/29 2687/2940/29
f 137/2915/30 134/2912/30 2691/2955/30
f 2702/3339/6 2704/3340/6 28/2911/6
f 2704/3340/6 2719/3341/6 28/2911/6
f 2702/3339/6 28/2911/6 2700/3342/6
f 28/2911/6 48/2910/6 2696/2957/6
f 48/2910/6 2661/3343/6 2663/3344/6
f 2683/3345/6 2692/3346/6 48/2910/6
f 2692/3346/6 2694/2956/6 48/2910/6
f 48/2910/6 2663/3344/6 2683/3345/6
f 2700/3342/6 28/2911/6 2698/3347/6
f 2696/2957/6 2698/3347/6 28/2911/6
f 129/2930/31 2712/3348/31 2713/2958/31
f 2682/2959/32 2677/3349/32 155/2933/32
f 2677/3349/32 2676/2946/32 155/2933/32
f 2729/3350/4 2730/3351/4 84/2909/4
f 2730/3351/4 2731/2964/4 84/2909/4
f 2729/3350/4 84/2909/4 2728/3352/4
f 84/2909/4 28/2911/4 2725/3353/4
f 28/2911/4 2719/3341/4 2718/3354/4
f 2720/3355/4 2721/3356/4 28/2911/4
f 2721/3356/4 2722/2960/4 28/2911/4
f 28/2911/4 2718/3354/4 2720/3355/4
f 2728/3352/4 84/2909/4 2727/3357/4
f 2726/3358/4 2727/3357/4 84/2909/4
f 2726/3358/4 84/2909/4 2725/3353/4
f 2723/2961/4 2724/3359/4 28/2911/4
f 2724/3359/4 2725/3353/4 28/2911/4
f 120/2925/33 2711/2950/33 2714/2962/33
f 2732/2963/34 132/2932/34 84/2909/34
f 96/2916/35 2716/2966/35 2717/2965/35
f 154/2931/36 152/2929/36 2678/2949/36
f 2708/2944/37 2707/3360/37 104/2918/37
f 2707/3360/37 2716/2966/37 104/2918/37
f 2662/3361/2 2661/3343/2 48/2910/2
f 48/2910/2 135/2945/2 2669/3362/2
f 135/2945/2 2675/2947/2 2674/3363/2
f 2674/3363/2 2673/3364/2 135/2945/2
f 2673/3364/2 2672/3365/2 135/2945/2
f 135/2945/2 2672/3365/2 2671/3366/2
f 2664/3367/2 2662/3361/2 48/2910/2
f 2667/2968/2 2666/3368/2 48/2910/2
f 2666/3368/2 2665/3369/2 48/2910/2
f 2665/3369/2 2664/3367/2 48/2910/2
f 2671/3366/2 2670/3370/2 135/2945/2
f 2670/3370/2 2669/3362/2 135/2945/2
f 2669/3362/2 2668/2967/2 48/2910/2
f 144/2920/65 142/2917/65 2686/2969/65
f 2712/3348/39 129/2930/39 132/2932/39
f 132/2932/39 2732/2963/39 2705/2970/39
f 2706/2971/39 2712/3348/39 132/2932/39
f 56/2972/3 109/3006/3 42/2973/3
f 107/2975/7 111/3018/7 59/2976/7
f 59/2976/8 111/3018/8 113/2978/8
f 113/2978/9 116/2981/9 78/2980/9
f 116/2981/10 117/2983/10 82/2982/10
f 117/2983/11 119/2985/11 87/2984/11
f 119/2985/12 121/3016/12 91/2986/12
f 121/2987/13 123/3014/13 93/2988/13
f 93/2988/14 123/3014/14 126/2990/14
f 100/2991/15 126/2990/15 128/2992/15
f 128/2992/16 130/2995/16 105/2994/16
f 130/2995/17 109/3006/17 56/2972/17
f 59/2976/18 2785/3028/18 2783/2996/18
f 113/2978/63 111/3018/63 2756/2997/63
f 116/2981/20 113/2978/20 2755/2998/20
f 119/2985/71 117/2983/71 2761/3000/71
f 91/2986/22 2781/3371/22 2780/3002/22
f 2758/3372/5 2757/3019/5 107/2975/5
f 107/2975/5 45/2977/5 2768/3373/5
f 45/2977/5 2783/2996/5 2774/3374/5
f 2774/3374/5 2772/3375/5 45/2977/5
f 2772/3375/5 2770/3376/5 45/2977/5
f 45/2977/5 2770/3376/5 2768/3373/5
f 2764/3004/5 2758/3372/5 107/2975/5
f 2768/3373/5 2766/3003/5 107/2975/5
f 82/2982/67 2782/3015/67 2778/3005/67
f 109/3006/24 130/2995/24 2748/3007/24
f 2749/3010/25 2751/3029/25 126/2990/25
f 126/2990/25 123/3014/25 2753/3009/25
f 2777/3012/26 2776/3377/26 100/2991/26
f 2776/3377/26 2784/3378/26 100/2991/26
f 2784/3378/26 93/2988/26 100/2991/26
f 2759/3013/27 2752/3379/27 123/3014/27
f 2752/3379/27 2753/3009/27 123/3014/27
f 87/2984/64 2780/3002/64 2782/3015/64
f 121/3016/29 119/2985/29 2760/3001/29
f 111/3018/30 107/2975/30 2757/3019/30
f 2773/3380/6 2775/3381/6 34/2974/6
f 2775/3381/6 2787/3382/6 34/2974/6
f 2773/3380/6 34/2974/6 2771/3383/6
f 34/2974/6 42/2973/6 2767/3021/6
f 42/2973/6 2733/3384/6 2735/3385/6
f 2754/3386/6 2763/3387/6 42/2973/6
f 2763/3387/6 2765/3020/6 42/2973/6
f 42/2973/6 2735/3385/6 2754/3386/6
f 2771/3383/6 34/2974/6 2769/3388/6
f 2767/3021/6 2769/3388/6 34/2974/6
f 102/2993/31 2802/3033/31 2799/3011/31
f 130/2995/32 128/2992/32 2750/3022/32
f 2797/3389/4 2798/3390/4 56/2972/4
f 2798/3390/4 2800/3027/4 56/2972/4
f 2797/3389/4 56/2972/4 2796/3391/4
f 56/2972/4 34/2974/4 2792/3392/4
f 34/2974/4 2787/3382/4 2786/3393/4
f 2788/3394/4 2789/3395/4 34/2974/4
f 2789/3395/4 2790/3023/4 34/2974/4
f 34/2974/4 2786/3393/4 2788/3394/4
f 2796/3391/4 56/2972/4 2795/3396/4
f 2794/3397/4 2795/3396/4 56/2972/4
f 2794/3397/4 56/2972/4 2793/3398/4
f 2791/3024/4 2792/3392/4 34/2974/4
f 2792/3392/4 2793/3398/4 56/2972/4
f 93/2988/33 2784/3378/33 2781/3025/33
f 2801/3026/34 105/2994/34 56/2972/34
f 71/2979/35 2779/3030/35 2785/3028/35
f 128/2992/36 126/2990/36 2751/3029/36
f 78/2980/37 2778/3005/37 2779/3030/37
f 2734/3399/2 2733/3384/2 42/2973/2
f 42/2973/2 109/3006/2 2740/3031/2
f 109/3006/2 2747/3008/2 2746/3400/2
f 2746/3400/2 2745/3401/2 109/3006/2
f 2745/3401/2 2744/3402/2 109/3006/2
f 109/3006/2 2744/3402/2 2743/3403/2
f 2736/3404/2 2734/3399/2 42/2973/2
f 2739/3032/2 2738/3405/2 42/2973/2
f 2738/3405/2 2737/3406/2 42/2973/2
f 2737/3406/2 2736/3404/2 42/2973/2
f 2743/3403/2 2742/3407/2 109/3006/2
f 2742/3407/2 2741/3408/2 109/3006/2
f 109/3006/2 2741/3408/2 2740/3031/2
f 117/2983/65 116/2981/65 2762/2999/65
f 105/2994/39 2801/3026/39 2802/3033/39
f 39/3034/3 83/3069/3 31/3035/3
f 81/3037/7 86/3040/7 43/3038/7
f 86/3040/8 88/3059/8 49/3041/8
f 49/3041/76 88/3059/76 90/3042/76
f 90/3042/10 92/3045/10 58/3044/10
f 92/3045/11 94/3047/11 62/3046/11
f 94/3047/12 95/3078/12 63/3048/12
f 95/3049/13 98/3052/13 68/3050/13
f 98/3052/14 99/3072/14 73/3053/14
f 73/3053/15 99/3072/15 101/3054/15
f 101/3054/16 103/3057/16 79/3056/16
f 103/3057/17 83/3069/17 39/3034/17
f 43/3038/18 2872/3089/18 2870/3058/18
f 88/3059/63 86/3040/63 2832/3060/63
f 2826/3062/20 2827/3093/20 90/3042/20
f 90/3042/20 88/3059/20 2831/3061/20
f 94/3047/21 92/3045/21 2829/3063/21
f 63/3048/22 2869/3409/22 2864/3065/22
f 2830/3410/5 2833/3079/5 81/3037/5
f 81/3037/5 37/3039/5 2839/3411/5
f 37/3039/5 2870/3058/5 2845/3412/5
f 2845/3412/5 2843/3413/5 37/3039/5
f 2843/3413/5 2841/3414/5 37/3039/5
f 37/3039/5 2841/3414/5 2839/3411/5
f 2835/3067/5 2830/3410/5 81/3037/5
f 2839/3411/5 2837/3066/5 81/3037/5
f 58/3044/23 2865/3077/23 2863/3068/23
f 83/3069/24 103/3057/24 2818/3070/24
f 99/3072/25 98/3052/25 2821/3073/25
f 73/3053/26 2868/3082/26 2866/3075/26
f 98/3052/27 95/3049/27 2822/3076/27
f 62/3046/64 2864/3065/64 2865/3077/64
f 2828/3064/29 2823/3415/29 95/3078/29
f 2823/3415/29 2822/3416/29 95/3078/29
f 86/3040/30 81/3037/30 2833/3079/30
f 2842/3417/6 2844/3418/6 30/3036/6
f 2844/3418/6 2846/3419/6 30/3036/6
f 2842/3417/6 30/3036/6 2840/3420/6
f 30/3036/6 31/3035/6 2838/3081/6
f 31/3035/6 2803/3421/6 2805/3422/6
f 2825/3423/6 2834/3424/6 31/3035/6
f 2834/3424/6 2836/3080/6 31/3035/6
f 31/3035/6 2805/3422/6 2825/3423/6
f 2840/3420/6 30/3036/6 2838/3081/6
f 75/3055/69 2867/3425/69 2868/3082/69
f 2824/3083/32 2819/3426/32 103/3057/32
f 2819/3426/32 2818/3070/32 103/3057/32
f 2857/3427/4 2858/3428/4 39/3034/4
f 2858/3428/4 2861/3088/4 39/3034/4
f 2857/3427/4 39/3034/4 2856/3429/4
f 39/3034/4 30/3036/4 2853/3430/4
f 30/3036/4 2846/3419/4 2847/3431/4
f 2848/3432/4 2849/3433/4 30/3036/4
f 2849/3433/4 2850/3084/4 30/3036/4
f 30/3036/4 2847/3431/4 2848/3432/4
f 2856/3429/4 39/3034/4 2855/3434/4
f 2854/3435/4 2855/3434/4 39/3034/4
f 2854/3435/4 39/3034/4 2853/3430/4
f 2851/3085/4 2852/3436/4 30/3036/4
f 2852/3436/4 2853/3430/4 30/3036/4
f 68/3050/33 2866/3075/33 2869/3086/33
f 2859/3087/34 79/3056/34 39/3034/34
f 49/3041/35 2871/3090/35 2872/3089/35
f 101/3054/36 99/3072/36 2820/3074/36
f 2863/3068/37 2862/3437/37 54/3043/37
f 2862/3437/37 2871/3090/37 54/3043/37
f 2804/3438/2 2803/3421/2 31/3035/2
f 31/3035/2 83/3069/2 2811/3439/2
f 83/3069/2 2817/3071/2 2816/3440/2
f 2816/3440/2 2815/3441/2 83/3069/2
f 2815/3441/2 2814/3442/2 83/3069/2
f 83/3069/2 2814/3442/2 2813/3443/2
f 2806/3444/2 2804/3438/2 31/3035/2
f 2809/3092/2 2808/3445/2 31/3035/2
f 2808/3445/2 2807/3446/2 31/3035/2
f 2807/3446/2 2806/3444/2 31/3035/2
f 2813/3443/2 2812/3447/2 83/3069/2
f 2812/3447/2 2811/3439/2 83/3069/2
f 2811/3439/2 2810/3091/2 31/3035/2
f 92/3045/65 90/3042/65 2827/3093/65
f 2860/3094/39 2867/3425/39 79/3056/39
f 2867/3425/39 75/3055/39 79/3056/39
f 33/3095/3 57/3129/3 29/3096/3
f 55/3098/62 60/3101/62 36/3099/62
f 60/3101/8 61/3103/8 38/3102/8
f 61/3103/9 64/3105/9 40/3104/9
f 64/3105/10 66/3107/10 41/3106/10
f 66/3107/11 67/3109/11 44/3108/11
f 67/3109/12 69/3138/12 46/3110/12
f 69/3111/13 72/3135/13 47/3112/13
f 47/3112/14 72/3135/14 74/3114/14
f 74/3114/15 76/3154/15 51/3116/15
f 51/3116/16 76/3154/16 77/3117/16
f 77/3117/17 57/3129/17 33/3095/17
f 36/3099/40 2929/3152/40 2926/3119/40
f 61/3103/41 60/3101/41 2896/3120/41
f 64/3105/42 61/3103/42 2894/3121/42
f 67/3109/43 66/3107/43 2892/3123/43
f 46/3110/44 2931/3448/44 2932/3125/44
f 2901/3127/5 2902/3140/5 55/3098/5
f 55/3098/5 32/3100/5 2904/3126/5
f 32/3100/5 2926/3119/5 2908/3449/5
f 2908/3449/5 2906/3450/5 32/3100/5
f 2906/3450/5 2904/3126/5 32/3100/5
f 41/3106/45 2933/3137/45 2927/3128/45
f 57/3129/46 77/3117/46 2887/3130/46
f 74/3114/70 72/3135/70 2899/3132/70
f 50/3115/48 2934/3145/48 2930/3134/48
f 72/3135/49 69/3111/49 2891/3136/49
f 44/3108/50 2932/3125/50 2933/3137/50
f 69/3138/51 67/3109/51 2893/3124/51
f 2895/3141/52 2896/3120/52 60/3101/52
f 60/3101/52 55/3098/52 2902/3140/52
f 2907/3451/6 2909/3452/6 27/3097/6
f 27/3097/6 29/3096/6 2903/3142/6
f 29/3096/6 2873/3453/6 2875/3454/6
f 2875/3454/6 2900/3455/6 29/3096/6
f 2900/3455/6 2903/3142/6 29/3096/6
f 2905/3143/6 2907/3451/6 27/3097/6
f 2934/3145/53 50/3115/53 51/3116/53
f 51/3116/53 2923/3158/53 2924/3144/53
f 77/3117/54 76/3154/54 2888/3146/54
f 2921/3456/4 2925/3151/4 33/3095/4
f 33/3095/4 27/3097/4 2916/3147/4
f 27/3097/4 2909/3452/4 2910/3457/4
f 2910/3457/4 2911/3458/4 27/3097/4
f 2911/3458/4 2912/3459/4 27/3097/4
f 27/3097/4 2912/3459/4 2913/3460/4
f 2920/3461/4 2921/3456/4 33/3095/4
f 2917/3148/4 2918/3462/4 33/3095/4
f 2918/3462/4 2919/3463/4 33/3095/4
f 2919/3463/4 2920/3461/4 33/3095/4
f 2913/3460/4 2914/3464/4 27/3097/4
f 2914/3464/4 2915/3465/4 27/3097/4
f 27/3097/4 2915/3465/4 2916/3147/4
f 47/3112/55 2930/3134/55 2931/3149/55
f 2922/3150/56 53/3118/56 33/3095/56
f 38/3102/57 2928/3155/57 2929/3152/57
f 2888/3146/58 76/3154/58 2889/3153/58
f 76/3154/58 74/3114/58 2898/3133/58
f 40/3104/59 2927/3128/59 2928/3155/59
f 2874/3466/2 2873/3453/2 29/3096/2
f 29/3096/2 57/3129/2 2881/3467/2
f 57/3129/2 2890/3131/2 2886/3468/2
f 2886/3468/2 2885/3469/2 57/3129/2
f 2885/3469/2 2884/3470/2 57/3129/2
f 57/3129/2 2884/3470/2 2883/3471/2
f 2876/3472/2 2874/3466/2 29/3096/2
f 2879/3157/2 2878/3473/2 29/3096/2
f 2878/3473/2 2877/3474/2 29/3096/2
f 2877/3474/2 2876/3472/2 29/3096/2
f 2883/3471/2 2882/3475/2 57/3129/2
f 2882/3475/2 2881/3467/2 57/3129/2
f 2881/3467/2 2880/3156/2 29/3096/2
f 66/3107/60 64/3105/60 2897/3122/60
f 53/3118/61 2922/3150/61 2923/3158/61
o 立方体.003
v 2.765635 1.111110 -1.621667
v 2.771125 1.111110 -1.588724
v 2.778625 1.111110 -1.576667
v 2.786125 1.111110 -1.588724
v 2.791615 1.111110 -1.621667
v 2.793625 1.111110 -1.666667
v 2.791615 1.111110 -1.711667
v 2.786125 1.111110 -1.744609
v 2.778625 1.111110 -1.756667
v 2.771125 1.111110 -1.744609
v 2.765635 1.111110 -1.711667
v 2.763624 1.111110 -1.666667
v 2.765635 1.810644 -1.634847
v 2.771125 1.795114 -1.611553
v 2.778625 1.789430 -1.603027
v 2.786125 1.795114 -1.611553
v 2.791615 1.810643 -1.634847
v 2.793625 1.831857 -1.666667
v 2.791615 1.853070 -1.698486
v 2.786125 1.868599 -1.721780
v 2.778625 1.874283 -1.730306
v 2.771125 1.868599 -1.721780
v 2.765635 1.853070 -1.698487
v 2.763624 1.831857 -1.666667
v 2.765635 1.810644 -0.031820
v 2.771125 1.795114 -0.055113
v 2.778625 1.789430 -0.063640
v 2.786125 1.795114 -0.055113
v 2.791615 1.810643 -0.031820
v 2.793625 1.831857 0.000000
v 2.791615 1.853070 0.031820
v 2.786125 1.868599 0.055114
v 2.778625 1.874283 0.063640
v 2.771125 1.868599 0.055114
v 2.765635 1.853070 0.031820
v 2.763624 1.831857 0.000000
v 2.765635 1.111110 -0.045000
v 2.771125 1.111110 -0.077942
v 2.778625 1.111110 -0.090000
v 2.786125 1.111110 -0.077942
v 2.791615 1.111110 -0.045000
v 2.793625 1.111110 0.000000
v 2.791615 1.111110 0.045000
v 2.786125 1.111110 0.077942
v 2.778625 1.111110 0.090000
v 2.771125 1.111110 0.077942
v 2.765635 1.111110 0.045000
v 2.763624 1.111110 0.000000
v 2.765635 1.111110 11.711668
v 2.771125 1.111110 11.744610
v 2.778625 1.111110 11.756667
v 2.786125 1.111110 11.744610
v 2.791615 1.111110 11.711668
v 2.793625 1.111110 11.666668
v 2.791615 1.111110 11.621668
v 2.786125 1.111110 11.588725
v 2.778625 1.111110 11.576668
v 2.771125 1.111110 11.588725
v 2.765635 1.111110 11.621668
v 2.763624 1.111110 11.666668
v 2.765635 1.853070 11.698487
v 2.771125 1.868599 11.721781
v 2.778625 1.874283 11.730308
v 2.786125 1.868599 11.721781
v 2.791615 1.853070 11.698487
v 2.793625 1.831857 11.666668
v 2.791615 1.810644 11.634848
v 2.786125 1.795114 11.611555
v 2.778625 1.789430 11.603028
v 2.771125 1.795114 11.611555
v 2.765635 1.810643 11.634848
v 2.763624 1.831857 11.666668
v 2.765635 1.853070 9.968182
v 2.771125 1.868599 9.944888
v 2.778625 1.874283 9.936361
v 2.786125 1.868599 9.944888
v 2.791615 1.853070 9.968182
v 2.793625 1.831857 10.000001
v 2.791615 1.810644 10.031821
v 2.786125 1.795114 10.055115
v 2.778625 1.789430 10.063641
v 2.771125 1.795114 10.055115
v 2.765635 1.810643 10.031821
v 2.763624 1.831857 10.000001
v 2.765635 1.111110 9.955001
v 2.771125 1.111110 9.922059
v 2.778625 1.111110 9.910002
v 2.786125 1.111110 9.922059
v 2.791615 1.111110 9.955001
v 2.793625 1.111110 10.000001
v 2.791615 1.111110 10.045002
v 2.786125 1.111110 10.077944
v 2.778625 1.111110 10.090001
v 2.771125 1.111110 10.077944
v 2.765635 1.111110 10.045002
v 2.763624 1.111110 10.000001
v 2.765635 1.111110 -21.621662
v 2.771125 1.111110 -21.588722
v 2.778625 1.111110 -21.576662
v 2.786125 1.111110 -21.588722
v 2.791615 1.111110 -21.621662
v 2.793625 1.111110 -21.666662
v 2.791615 1.111110 -21.711662
v 2.786125 1.111110 -21.744604
v 2.778625 1.111110 -21.756664
v 2.771125 1.111110 -21.744606
v 2.765635 1.111110 -21.711662
v 2.763624 1.111110 -21.666662
v 2.765635 1.853070 -21.634842
v 2.771125 1.868599 -21.611549
v 2.778625 1.874283 -21.603024
v 2.786125 1.868599 -21.611549
v 2.791615 1.853070 -21.634842
v 2.793625 1.831857 -21.666662
v 2.791615 1.810644 -21.698483
v 2.786125 1.795114 -21.721777
v 2.778625 1.789430 -21.730303
v 2.771125 1.795114 -21.721777
v 2.765635 1.810643 -21.698483
v 2.763624 1.831857 -21.666662
v 2.765635 1.853070 -23.365150
v 2.771125 1.868599 -23.388445
v 2.778625 1.874283 -23.396971
v 2.786125 1.868599 -23.388445
v 2.791615 1.853070 -23.365150
v 2.793625 1.831857 -23.333330
v 2.791615 1.810644 -23.301510
v 2.786125 1.795114 -23.278215
v 2.778625 1.789430 -23.269690
v 2.771125 1.795114 -23.278215
v 2.765635 1.810643 -23.301510
v 2.763624 1.831857 -23.333330
v 2.765635 1.111110 -23.378330
v 2.771125 1.111110 -23.411272
v 2.778625 1.111110 -23.423330
v 2.786125 1.111110 -23.411272
v 2.791615 1.111110 -23.378330
v 2.793625 1.111110 -23.333330
v 2.791615 1.111110 -23.288330
v 2.786125 1.111110 -23.255388
v 2.778625 1.111110 -23.243330
v 2.771125 1.111110 -23.255386
v 2.765635 1.111110 -23.288330
v 2.763624 1.111110 -23.333330
v 2.765635 1.111110 21.711668
v 2.771125 1.111110 21.744610
v 2.778625 1.111110 21.756668
v 2.786125 1.111110 21.744612
v 2.791615 1.111110 21.711668
v 2.793625 1.111110 21.666668
v 2.791615 1.111110 21.621668
v 2.786125 1.111110 21.588726
v 2.778625 1.111110 21.576668
v 2.771125 1.111110 21.588724
v 2.765635 1.111110 21.621668
v 2.763624 1.111110 21.666668
v 2.765635 1.810644 21.698488
v 2.771125 1.795114 21.721783
v 2.778625 1.789430 21.730309
v 2.786125 1.795114 21.721783
v 2.791615 1.810643 21.698488
v 2.793625 1.831857 21.666668
v 2.791615 1.853070 21.634848
v 2.786125 1.868599 21.611553
v 2.778625 1.874283 21.603027
v 2.771125 1.868599 21.611553
v 2.765635 1.853070 21.634848
v 2.763624 1.831857 21.666668
v 2.765635 1.810644 23.301514
v 2.771125 1.795114 23.278219
v 2.778625 1.789430 23.269693
v 2.786125 1.795114 23.278219
v 2.791615 1.810643 23.301514
v 2.793625 1.831857 23.333334
v 2.791615 1.853070 23.365154
v 2.786125 1.868599 23.388447
v 2.778625 1.874283 23.396973
v 2.771125 1.868599 23.388447
v 2.765635 1.853070 23.365154
v 2.763624 1.831857 23.333334
v 2.765635 1.111110 23.288334
v 2.771125 1.111110 23.255392
v 2.778625 1.111110 23.243334
v 2.786125 1.111110 23.255392
v 2.791615 1.111110 23.288334
v 2.793625 1.111110 23.333334
v 2.791615 1.111110 23.378334
v 2.786125 1.111110 23.411276
v 2.778625 1.111110 23.423334
v 2.771125 1.111110 23.411278
v 2.765635 1.111110 23.378334
v 2.763624 1.111110 23.333334
v 2.765635 1.111110 -11.621664
v 2.771125 1.111110 -11.588722
v 2.778625 1.111110 -11.576664
v 2.786125 1.111110 -11.588722
v 2.791615 1.111110 -11.621664
v 2.793625 1.111110 -11.666664
v 2.791615 1.111110 -11.711664
v 2.786125 1.111110 -11.744606
v 2.778625 1.111110 -11.756664
v 2.771125 1.111110 -11.744606
v 2.765635 1.111110 -11.711664
v 2.763624 1.111110 -11.666664
v 2.765635 1.810644 -11.634844
v 2.771125 1.795114 -11.611551
v 2.778625 1.789430 -11.603024
v 2.786125 1.795114 -11.611551
v 2.791615 1.810643 -11.634844
v 2.793625 1.831857 -11.666664
v 2.791615 1.853070 -11.698484
v 2.786125 1.868599 -11.721777
v 2.778625 1.874283 -11.730304
v 2.771125 1.868599 -11.721777
v 2.765635 1.853070 -11.698484
v 2.763624 1.831857 -11.666664
v 2.765635 1.810644 -10.031817
v 2.771125 1.795114 -10.055111
v 2.778625 1.789430 -10.063638
v 2.786125 1.795114 -10.055111
v 2.791615 1.810643 -10.031817
v 2.793625 1.831857 -9.999998
v 2.791615 1.853070 -9.968178
v 2.786125 1.868599 -9.944884
v 2.778625 1.874283 -9.936357
v 2.771125 1.868599 -9.944884
v 2.765635 1.853070 -9.968178
v 2.763624 1.831857 -9.999998
v 2.765635 1.111110 -10.044998
v 2.771125 1.111110 -10.077940
v 2.778625 1.111110 -10.089997
v 2.786125 1.111110 -10.077940
v 2.791615 1.111110 -10.044998
v 2.793625 1.111110 -9.999998
v 2.791615 1.111110 -9.954997
v 2.786125 1.111110 -9.922055
v 2.778625 1.111110 -9.909998
v 2.771125 1.111110 -9.922055
v 2.765635 1.111110 -9.954997
v 2.763624 1.111110 -9.999998
v 2.765635 1.111110 1.711666
v 2.771125 1.111110 1.744609
v 2.778625 1.111110 1.756666
v 2.786125 1.111110 1.744609
v 2.791615 1.111110 1.711667
v 2.793625 1.111110 1.666667
v 2.791615 1.111110 1.621666
v 2.786125 1.111110 1.588724
v 2.778625 1.111110 1.576666
v 2.771125 1.111110 1.588724
v 2.765635 1.111110 1.621666
v 2.763624 1.111110 1.666666
v 2.765635 1.853070 1.698486
v 2.771125 1.868599 1.721780
v 2.778625 1.874283 1.730306
v 2.786125 1.868599 1.721780
v 2.791615 1.853070 1.698486
v 2.793625 1.831857 1.666667
v 2.791615 1.810644 1.634847
v 2.786125 1.795114 1.611553
v 2.778625 1.789430 1.603027
v 2.771125 1.795114 1.611553
v 2.765635 1.810643 1.634847
v 2.763624 1.831857 1.666667
v 2.765635 1.861857 0.000000
v 2.771125 1.883818 0.000000
v 2.778625 1.891857 0.000000
v 2.786125 1.883818 0.000000
v 2.791615 1.861857 0.000000
v 2.793625 1.831857 0.000000
v 2.791615 1.801857 0.000000
v 2.786125 1.779895 0.000000
v 2.778625 1.771857 0.000000
v 2.771125 1.779895 0.000000
v 2.765635 1.801857 0.000000
v 2.763624 1.831857 0.000000
v 2.765635 1.111110 30.045000
v 2.771125 1.111110 30.077942
v 2.778625 1.111110 30.090000
v 2.786125 1.111110 30.077942
v 2.791615 1.111110 30.045000
v 2.793625 1.111110 30.000000
v 2.791615 1.111110 29.955000
v 2.786125 1.111110 29.922058
v 2.778625 1.111110 29.910000
v 2.771125 1.111110 29.922056
v 2.765635 1.111110 29.955000
v 2.763624 1.111110 30.000000
v 2.765635 1.853070 30.031818
v 2.771125 1.868599 30.055115
v 2.778625 1.874283 30.063641
v 2.786125 1.868599 30.055115
v 2.791615 1.853070 30.031818
v 2.793625 1.831857 30.000000
v 2.791615 1.810644 29.968180
v 2.786125 1.795114 29.944885
v 2.778625 1.789430 29.936359
v 2.771125 1.795114 29.944885
v 2.765635 1.810643 29.968180
v 2.763624 1.831857 30.000000
v 2.765635 1.861857 28.333332
v 2.771125 1.883818 28.333332
v 2.778625 1.891857 28.333332
v 2.786125 1.883818 28.333332
v 2.791615 1.861857 28.333332
v 2.793625 1.831857 28.333332
v 2.791615 1.801857 28.333332
v 2.786125 1.779895 28.333332
v 2.778625 1.771857 28.333332
v 2.771125 1.779895 28.333332
v 2.765635 1.801857 28.333332
v 2.763624 1.831857 28.333332
v 2.765635 1.853070 26.634848
v 2.771125 1.868599 26.611553
v 2.778625 1.874283 26.603027
v 2.786125 1.868599 26.611553
v 2.791615 1.853070 26.634848
v 2.793625 1.831857 26.666666
v 2.791615 1.810644 26.698486
v 2.786125 1.795114 26.721781
v 2.778625 1.789430 26.730307
v 2.771125 1.795114 26.721781
v 2.765635 1.810643 26.698486
v 2.763624 1.831857 26.666666
v 2.765635 1.111110 26.621666
v 2.771125 1.111110 26.588726
v 2.778625 1.111110 26.576666
v 2.786125 1.111110 26.588724
v 2.791615 1.111110 26.621666
v 2.793625 1.111110 26.666666
v 2.791615 1.111110 26.711668
v 2.786125 1.111110 26.744608
v 2.778625 1.111110 26.756668
v 2.771125 1.111110 26.744610
v 2.765635 1.111110 26.711668
v 2.763624 1.111110 26.666666
v 2.791615 1.861857 11.666668
v 2.786125 1.883818 11.666668
v 2.778625 1.891857 11.666668
v 2.771125 1.883818 11.666668
v 2.765635 1.861857 11.666668
v 2.763624 1.831857 11.666668
v 2.765635 1.801857 11.666668
v 2.771125 1.779895 11.666668
v 2.778625 1.771857 11.666668
v 2.786125 1.779895 11.666668
v 2.791615 1.801857 11.666668
v 2.793625 1.831857 11.666668
v 2.791615 1.853070 13.365154
v 2.786125 1.868599 13.388448
v 2.778625 1.874283 13.396975
v 2.771125 1.868599 13.388448
v 2.765635 1.853070 13.365154
v 2.763624 1.831857 13.333334
v 2.765635 1.810644 13.301515
v 2.771125 1.795114 13.278221
v 2.778625 1.789430 13.269694
v 2.786125 1.795114 13.278221
v 2.791615 1.810643 13.301515
v 2.793625 1.831857 13.333334
v 2.791615 1.111110 13.378335
v 2.786125 1.111110 13.411277
v 2.778625 1.111110 13.423334
v 2.771125 1.111110 13.411277
v 2.765635 1.111110 13.378335
v 2.763624 1.111110 13.333334
v 2.765635 1.111110 13.288334
v 2.771125 1.111110 13.255392
v 2.778625 1.111110 13.243335
v 2.786125 1.111110 13.255392
v 2.791615 1.111110 13.288334
v 2.793625 1.111110 13.333334
v 2.791615 1.861857 -21.666662
v 2.786125 1.883818 -21.666662
v 2.778625 1.891857 -21.666662
v 2.771125 1.883818 -21.666662
v 2.765635 1.861857 -21.666662
v 2.763624 1.831857 -21.666662
v 2.765635 1.801857 -21.666662
v 2.771125 1.779895 -21.666662
v 2.778625 1.771857 -21.666662
v 2.786125 1.779895 -21.666662
v 2.791615 1.801857 -21.666662
v 2.793625 1.831857 -21.666662
v 2.791615 1.853070 -19.968178
v 2.786125 1.868599 -19.944883
v 2.778625 1.874283 -19.936357
v 2.771125 1.868599 -19.944883
v 2.765635 1.853070 -19.968178
v 2.763624 1.831857 -19.999996
v 2.765635 1.810644 -20.031816
v 2.771125 1.795114 -20.055111
v 2.778625 1.789430 -20.063637
v 2.786125 1.795114 -20.055111
v 2.791615 1.810643 -20.031816
v 2.793625 1.831857 -19.999996
v 2.791615 1.111110 -19.954996
v 2.786125 1.111110 -19.922056
v 2.778625 1.111110 -19.909996
v 2.771125 1.111110 -19.922054
v 2.765635 1.111110 -19.954996
v 2.763624 1.111110 -19.999996
v 2.765635 1.111110 -20.044998
v 2.771125 1.111110 -20.077938
v 2.778625 1.111110 -20.089998
v 2.786125 1.111110 -20.077940
v 2.791615 1.111110 -20.044998
v 2.793625 1.111110 -19.999996
v 2.765635 1.111110 25.045002
v 2.771125 1.111110 25.077942
v 2.778625 1.111110 25.090002
v 2.786125 1.111110 25.077942
v 2.791615 1.111110 25.045002
v 2.793625 1.111110 25.000002
v 2.791615 1.111110 24.955002
v 2.786125 1.111110 24.922060
v 2.778625 1.111110 24.910000
v 2.771125 1.111110 24.922058
v 2.765635 1.111110 24.955002
v 2.763624 1.111110 25.000002
v 2.765635 1.853070 25.031820
v 2.771125 1.868599 25.055115
v 2.778625 1.874283 25.063641
v 2.786125 1.868599 25.055115
v 2.791615 1.853070 25.031820
v 2.793625 1.831857 25.000002
v 2.791615 1.810644 24.968182
v 2.786125 1.795114 24.944887
v 2.778625 1.789430 24.936361
v 2.771125 1.795114 24.944887
v 2.765635 1.810643 24.968182
v 2.763624 1.831857 25.000002
v 2.765635 1.861857 23.333334
v 2.771125 1.883818 23.333334
v 2.778625 1.891857 23.333334
v 2.786125 1.883818 23.333334
v 2.791615 1.861857 23.333334
v 2.793625 1.831857 23.333334
v 2.791615 1.801857 23.333334
v 2.786125 1.779895 23.333334
v 2.778625 1.771857 23.333334
v 2.771125 1.779895 23.333334
v 2.765635 1.801857 23.333334
v 2.763624 1.831857 23.333334
v 2.765635 1.111110 -8.288331
v 2.771125 1.111110 -8.255388
v 2.778625 1.111110 -8.243331
v 2.786125 1.111110 -8.255388
v 2.791615 1.111110 -8.288331
v 2.793625 1.111110 -8.333331
v 2.791615 1.111110 -8.378331
v 2.786125 1.111110 -8.411273
v 2.778625 1.111110 -8.423330
v 2.771125 1.111110 -8.411273
v 2.765635 1.111110 -8.378331
v 2.763624 1.111110 -8.333331
v 2.765635 1.853070 -8.301511
v 2.771125 1.868599 -8.278218
v 2.778625 1.874283 -8.269691
v 2.786125 1.868599 -8.278218
v 2.791615 1.853070 -8.301511
v 2.793625 1.831857 -8.333331
v 2.791615 1.810644 -8.365151
v 2.786125 1.795114 -8.388444
v 2.778625 1.789430 -8.396971
v 2.771125 1.795114 -8.388444
v 2.765635 1.810643 -8.365151
v 2.763624 1.831857 -8.333331
v 2.765635 1.861857 -9.999998
v 2.771125 1.883818 -9.999998
v 2.778625 1.891857 -9.999998
v 2.786125 1.883818 -9.999998
v 2.791615 1.861857 -9.999998
v 2.793625 1.831857 -9.999998
v 2.791615 1.801857 -9.999998
v 2.786125 1.779895 -9.999998
v 2.778625 1.771857 -9.999998
v 2.771125 1.779895 -9.999998
v 2.765635 1.801857 -9.999998
v 2.763624 1.831857 -9.999998
v 2.791615 1.861857 1.666667
v 2.786125 1.883818 1.666667
v 2.778625 1.891857 1.666667
v 2.771125 1.883818 1.666667
v 2.765635 1.861857 1.666667
v 2.763624 1.831857 1.666667
v 2.765635 1.801857 1.666667
v 2.771125 1.779895 1.666667
v 2.778625 1.771857 1.666667
v 2.786125 1.779895 1.666667
v 2.791615 1.801857 1.666667
v 2.793625 1.831857 1.666667
v 2.791615 1.853070 3.365153
v 2.786125 1.868599 3.388447
v 2.778625 1.874283 3.396973
v 2.771125 1.868599 3.388447
v 2.765635 1.853070 3.365154
v 2.763624 1.831857 3.333333
v 2.765635 1.810644 3.301514
v 2.771125 1.795114 3.278220
v 2.778625 1.789430 3.269694
v 2.786125 1.795114 3.278220
v 2.791615 1.810643 3.301514
v 2.793625 1.831857 3.333333
v 2.791615 1.111110 3.378334
v 2.786125 1.111110 3.411276
v 2.778625 1.111110 3.423334
v 2.771125 1.111110 3.411276
v 2.765635 1.111110 3.378334
v 2.763624 1.111110 3.333333
v 2.765635 1.111110 3.288334
v 2.771125 1.111110 3.255391
v 2.778625 1.111110 3.243334
v 2.786125 1.111110 3.255391
v 2.791615 1.111110 3.288333
v 2.793625 1.111110 3.333333
v 2.765635 1.111110 -29.955000
v 2.771125 1.111110 -29.922058
v 2.778625 1.111110 -29.910000
v 2.786125 1.111110 -29.922058
v 2.791615 1.111110 -29.955000
v 2.793625 1.111110 -30.000000
v 2.791615 1.111110 -30.045000
v 2.786125 1.111110 -30.077942
v 2.778625 1.111110 -30.090000
v 2.771125 1.111110 -30.077942
v 2.765635 1.111110 -30.045000
v 2.763624 1.111110 -30.000000
v 2.765635 1.810644 -29.968180
v 2.771125 1.795114 -29.944885
v 2.778625 1.789430 -29.936359
v 2.786125 1.795114 -29.944885
v 2.791615 1.810643 -29.968180
v 2.793625 1.831857 -30.000000
v 2.791615 1.853070 -30.031818
v 2.786125 1.868599 -30.055115
v 2.778625 1.874283 -30.063641
v 2.771125 1.868599 -30.055115
v 2.765635 1.853070 -30.031818
v 2.763624 1.831857 -30.000000
v 2.765635 1.801857 -28.333332
v 2.771125 1.779895 -28.333332
v 2.778625 1.771857 -28.333332
v 2.786125 1.779895 -28.333332
v 2.791615 1.801857 -28.333332
v 2.793625 1.831857 -28.333332
v 2.791615 1.861857 -28.333332
v 2.786125 1.883818 -28.333332
v 2.778625 1.891857 -28.333332
v 2.771125 1.883818 -28.333332
v 2.765635 1.861857 -28.333332
v 2.763624 1.831857 -28.333332
v 2.765635 1.801857 -26.666664
v 2.771125 1.779895 -26.666664
v 2.778625 1.771857 -26.666664
v 2.786125 1.779895 -26.666664
v 2.791615 1.801857 -26.666664
v 2.793625 1.831857 -26.666664
v 2.791615 1.861857 -26.666664
v 2.786125 1.883818 -26.666664
v 2.778625 1.891857 -26.666664
v 2.771125 1.883818 -26.666664
v 2.765635 1.861857 -26.666664
v 2.763624 1.831857 -26.666664
v 2.765635 1.801857 -24.999998
v 2.771125 1.779895 -24.999998
v 2.778625 1.771857 -24.999998
v 2.786125 1.779895 -24.999998
v 2.791615 1.801857 -24.999998
v 2.793625 1.831857 -24.999998
v 2.791615 1.861857 -24.999998
v 2.786125 1.883818 -24.999998
v 2.778625 1.891857 -24.999998
v 2.771125 1.883818 -24.999998
v 2.765635 1.861857 -24.999998
v 2.763624 1.831857 -24.999998
v 2.765635 1.801857 -23.333330
v 2.771125 1.779895 -23.333330
v 2.778625 1.771857 -23.333330
v 2.786125 1.779895 -23.333330
v 2.791615 1.801857 -23.333330
v 2.793625 1.831857 -23.333330
v 2.791615 1.861857 -23.333330
v 2.786125 1.883818 -23.333330
v 2.778625 1.891857 -23.333330
v 2.771125 1.883818 -23.333330
v 2.765635 1.861857 -23.333330
v 2.763624 1.831857 -23.333330
v 2.791615 1.861857 13.333334
v 2.786125 1.883818 13.333334
v 2.778625 1.891857 13.333334
v 2.771125 1.883818 13.333334
v 2.765635 1.861857 13.333334
v 2.763624 1.831857 13.333334
v 2.765635 1.801857 13.333334
v 2.771125 1.779895 13.333334
v 2.778625 1.771857 13.333334
v 2.786125 1.779895 13.333334
v 2.791615 1.801857 13.333334
v 2.793625 1.831857 13.333334
v 2.791615 1.853070 15.031820
v 2.786125 1.868599 15.055114
v 2.778625 1.874283 15.063640
v 2.771125 1.868599 15.055114
v 2.765635 1.853070 15.031820
v 2.763624 1.831857 15.000000
v 2.765635 1.810644 14.968180
v 2.771125 1.795114 14.944887
v 2.778625 1.789430 14.936360
v 2.786125 1.795114 14.944887
v 2.791615 1.810643 14.968180
v 2.793625 1.831857 15.000000
v 2.791615 1.111110 15.045000
v 2.786125 1.111110 15.077942
v 2.778625 1.111110 15.090000
v 2.771125 1.111110 15.077942
v 2.765635 1.111110 15.045000
v 2.763624 1.111110 15.000000
v 2.765635 1.111110 14.955000
v 2.771125 1.111110 14.922058
v 2.778625 1.111110 14.910000
v 2.786125 1.111110 14.922058
v 2.791615 1.111110 14.955000
v 2.793625 1.111110 15.000000
v 2.791615 1.861857 -19.999996
v 2.786125 1.883818 -19.999996
v 2.778625 1.891857 -19.999996
v 2.771125 1.883818 -19.999996
v 2.765635 1.861857 -19.999996
v 2.763624 1.831857 -19.999996
v 2.765635 1.801857 -19.999996
v 2.771125 1.779895 -19.999996
v 2.778625 1.771857 -19.999996
v 2.786125 1.779895 -19.999996
v 2.791615 1.801857 -19.999996
v 2.793625 1.831857 -19.999996
v 2.791615 1.853070 -18.301512
v 2.786125 1.868599 -18.278217
v 2.778625 1.874283 -18.269691
v 2.771125 1.868599 -18.278217
v 2.765635 1.853070 -18.301512
v 2.763624 1.831857 -18.333332
v 2.765635 1.810644 -18.365150
v 2.771125 1.795114 -18.388445
v 2.778625 1.789430 -18.396971
v 2.786125 1.795114 -18.388445
v 2.791615 1.810643 -18.365150
v 2.793625 1.831857 -18.333332
v 2.791615 1.111110 -18.288330
v 2.786125 1.111110 -18.255390
v 2.778625 1.111110 -18.243330
v 2.771125 1.111110 -18.255390
v 2.765635 1.111110 -18.288330
v 2.763624 1.111110 -18.333332
v 2.765635 1.111110 -18.378332
v 2.771125 1.111110 -18.411272
v 2.778625 1.111110 -18.423332
v 2.786125 1.111110 -18.411274
v 2.791615 1.111110 -18.378332
v 2.793625 1.111110 -18.333332
v 2.765635 1.831857 28.288332
v 2.771125 1.831857 28.255390
v 2.778625 1.831857 28.243332
v 2.786125 1.831857 28.255390
v 2.791615 1.831857 28.288332
v 2.793625 1.831857 28.333332
v 2.791615 1.831857 28.378332
v 2.786125 1.831857 28.411274
v 2.778625 1.831857 28.423332
v 2.771125 1.831857 28.411276
v 2.765635 1.831857 28.378332
v 2.763624 1.831857 28.333332
v 2.765635 1.111110 28.288332
v 2.771125 1.111110 28.255390
v 2.778625 1.111110 28.243332
v 2.786125 1.111110 28.255390
v 2.791615 1.111110 28.288332
v 2.793625 1.111110 28.333332
v 2.791615 1.111110 28.378332
v 2.786125 1.111110 28.411274
v 2.778625 1.111110 28.423332
v 2.771125 1.111110 28.411276
v 2.765635 1.111110 28.378332
v 2.763624 1.111110 28.333332
v 2.791615 1.861857 -8.333331
v 2.786125 1.883818 -8.333331
v 2.778625 1.891857 -8.333331
v 2.771125 1.883818 -8.333331
v 2.765635 1.861857 -8.333331
v 2.763624 1.831857 -8.333331
v 2.765635 1.801857 -8.333331
v 2.771125 1.779895 -8.333331
v 2.778625 1.771857 -8.333331
v 2.786125 1.779895 -8.333331
v 2.791615 1.801857 -8.333331
v 2.793625 1.831857 -8.333331
v 2.791615 1.853070 -6.634845
v 2.786125 1.868599 -6.611551
v 2.778625 1.874283 -6.603025
v 2.771125 1.868599 -6.611551
v 2.765635 1.853070 -6.634845
v 2.763624 1.831857 -6.666665
v 2.765635 1.810644 -6.698484
v 2.771125 1.795114 -6.721778
v 2.778625 1.789430 -6.730304
v 2.786125 1.795114 -6.721778
v 2.791615 1.810643 -6.698484
v 2.793625 1.831857 -6.666665
v 2.791615 1.111110 -6.621665
v 2.786125 1.111110 -6.588722
v 2.778625 1.111110 -6.576664
v 2.771125 1.111110 -6.588722
v 2.765635 1.111110 -6.621665
v 2.763624 1.111110 -6.666665
v 2.765635 1.111110 -6.711664
v 2.771125 1.111110 -6.744607
v 2.778625 1.111110 -6.756665
v 2.786125 1.111110 -6.744607
v 2.791615 1.111110 -6.711664
v 2.793625 1.111110 -6.666665
v 2.791615 1.861857 3.333333
v 2.786125 1.883818 3.333333
v 2.778625 1.891857 3.333333
v 2.771125 1.883818 3.333333
v 2.765635 1.861857 3.333333
v 2.763624 1.831857 3.333333
v 2.765635 1.801857 3.333333
v 2.771125 1.779895 3.333333
v 2.778625 1.771857 3.333333
v 2.786125 1.779895 3.333333
v 2.791615 1.801857 3.333333
v 2.793625 1.831857 3.333333
v 2.791615 1.853070 5.031821
v 2.786125 1.868599 5.055115
v 2.778625 1.874283 5.063641
v 2.771125 1.868599 5.055115
v 2.765635 1.853070 5.031821
v 2.763624 1.831857 5.000001
v 2.765635 1.810644 4.968182
v 2.771125 1.795114 4.944888
v 2.778625 1.789430 4.936362
v 2.786125 1.795114 4.944888
v 2.791615 1.810643 4.968182
v 2.793625 1.831857 5.000001
v 2.791615 1.111110 5.045002
v 2.786125 1.111110 5.077944
v 2.778625 1.111110 5.090002
v 2.771125 1.111110 5.077944
v 2.765635 1.111110 5.045002
v 2.763624 1.111110 5.000001
v 2.765635 1.111110 4.955002
v 2.771125 1.111110 4.922059
v 2.778625 1.111110 4.910001
v 2.786125 1.111110 4.922059
v 2.791615 1.111110 4.955002
v 2.793625 1.111110 5.000001
v 2.765635 1.831857 -28.378332
v 2.771125 1.831857 -28.411274
v 2.778625 1.831857 -28.423332
v 2.786125 1.831857 -28.411274
v 2.791615 1.831857 -28.378332
v 2.793625 1.831857 -28.333332
v 2.791615 1.831857 -28.288332
v 2.786125 1.831857 -28.255390
v 2.778625 1.831857 -28.243332
v 2.771125 1.831857 -28.255390
v 2.765635 1.831857 -28.288332
v 2.763624 1.831857 -28.333332
v 2.765635 1.111110 -28.378332
v 2.771125 1.111110 -28.411274
v 2.778625 1.111110 -28.423332
v 2.786125 1.111110 -28.411274
v 2.791615 1.111110 -28.378332
v 2.793625 1.111110 -28.333332
v 2.791615 1.111110 -28.288332
v 2.786125 1.111110 -28.255390
v 2.778625 1.111110 -28.243332
v 2.771125 1.111110 -28.255390
v 2.765635 1.111110 -28.288332
v 2.763624 1.111110 -28.333332
v 2.765635 1.111110 16.711668
v 2.771125 1.111110 16.744610
v 2.778625 1.111110 16.756668
v 2.786125 1.111110 16.744610
v 2.791615 1.111110 16.711668
v 2.793625 1.111110 16.666668
v 2.791615 1.111110 16.621668
v 2.786125 1.111110 16.588726
v 2.778625 1.111110 16.576668
v 2.771125 1.111110 16.588724
v 2.765635 1.111110 16.621668
v 2.763624 1.111110 16.666668
v 2.765635 1.853070 16.698488
v 2.771125 1.868599 16.721781
v 2.778625 1.874283 16.730307
v 2.786125 1.868599 16.721781
v 2.791615 1.853070 16.698488
v 2.793625 1.831857 16.666668
v 2.791615 1.810644 16.634848
v 2.786125 1.795114 16.611553
v 2.778625 1.789430 16.603027
v 2.771125 1.795114 16.611553
v 2.765635 1.810643 16.634848
v 2.763624 1.831857 16.666668
v 2.765635 1.861857 15.000000
v 2.771125 1.883818 15.000000
v 2.778625 1.891857 15.000000
v 2.786125 1.883818 15.000000
v 2.791615 1.861857 15.000000
v 2.793625 1.831857 15.000000
v 2.791615 1.801857 15.000000
v 2.786125 1.779895 15.000000
v 2.778625 1.771857 15.000000
v 2.771125 1.779895 15.000000
v 2.765635 1.801857 15.000000
v 2.763624 1.831857 15.000000
v 2.765635 1.111110 -16.621664
v 2.771125 1.111110 -16.588722
v 2.778625 1.111110 -16.576664
v 2.786125 1.111110 -16.588722
v 2.791615 1.111110 -16.621664
v 2.793625 1.111110 -16.666664
v 2.791615 1.111110 -16.711664
v 2.786125 1.111110 -16.744606
v 2.778625 1.111110 -16.756664
v 2.771125 1.111110 -16.744608
v 2.765635 1.111110 -16.711664
v 2.763624 1.111110 -16.666664
v 2.765635 1.853070 -16.634844
v 2.771125 1.868599 -16.611549
v 2.778625 1.874283 -16.603024
v 2.786125 1.868599 -16.611549
v 2.791615 1.853070 -16.634844
v 2.793625 1.831857 -16.666664
v 2.791615 1.810644 -16.698484
v 2.786125 1.795114 -16.721779
v 2.778625 1.789430 -16.730305
v 2.771125 1.795114 -16.721779
v 2.765635 1.810643 -16.698484
v 2.763624 1.831857 -16.666664
v 2.765635 1.861857 -18.333332
v 2.771125 1.883818 -18.333332
v 2.778625 1.891857 -18.333332
v 2.786125 1.883818 -18.333332
v 2.791615 1.861857 -18.333332
v 2.793625 1.831857 -18.333332
v 2.791615 1.801857 -18.333332
v 2.786125 1.779895 -18.333332
v 2.778625 1.771857 -18.333332
v 2.771125 1.779895 -18.333332
v 2.765635 1.801857 -18.333332
v 2.763624 1.831857 -18.333332
v 2.791615 1.861857 -6.666665
v 2.786125 1.883818 -6.666665
v 2.778625 1.891857 -6.666665
v 2.771125 1.883818 -6.666665
v 2.765635 1.861857 -6.666665
v 2.763624 1.831857 -6.666665
v 2.765635 1.801857 -6.666665
v 2.771125 1.779895 -6.666665
v 2.778625 1.771857 -6.666665
v 2.786125 1.779895 -6.666665
v 2.791615 1.801857 -6.666665
v 2.793625 1.831857 -6.666665
v 2.791615 1.853070 -4.968178
v 2.786125 1.868599 -4.944884
v 2.778625 1.874283 -4.936358
v 2.771125 1.868599 -4.944884
v 2.765635 1.853070 -4.968178
v 2.763624 1.831857 -4.999998
v 2.765635 1.810644 -5.031818
v 2.771125 1.795114 -5.055111
v 2.778625 1.789430 -5.063637
v 2.786125 1.795114 -5.055111
v 2.791615 1.810643 -5.031818
v 2.793625 1.831857 -4.999998
v 2.791615 1.111110 -4.954998
v 2.786125 1.111110 -4.922056
v 2.778625 1.111110 -4.909998
v 2.771125 1.111110 -4.922056
v 2.765635 1.111110 -4.954998
v 2.763624 1.111110 -4.999998
v 2.765635 1.111110 -5.044998
v 2.771125 1.111110 -5.077940
v 2.778625 1.111110 -5.089998
v 2.786125 1.111110 -5.077940
v 2.791615 1.111110 -5.044998
v 2.793625 1.111110 -4.999998
v 2.765635 1.111110 6.711668
v 2.771125 1.111110 6.744610
v 2.778625 1.111110 6.756668
v 2.786125 1.111110 6.744610
v 2.791615 1.111110 6.711668
v 2.793625 1.111110 6.666668
v 2.791615 1.111110 6.621668
v 2.786125 1.111110 6.588726
v 2.778625 1.111110 6.576668
v 2.771125 1.111110 6.588726
v 2.765635 1.111110 6.621668
v 2.763624 1.111110 6.666668
v 2.765635 1.853070 6.698488
v 2.771125 1.868599 6.721782
v 2.778625 1.874283 6.730308
v 2.786125 1.868599 6.721782
v 2.791615 1.853070 6.698488
v 2.793625 1.831857 6.666668
v 2.791615 1.810644 6.634848
v 2.786125 1.795114 6.611555
v 2.778625 1.789430 6.603029
v 2.771125 1.795114 6.611555
v 2.765635 1.810643 6.634848
v 2.763624 1.831857 6.666668
v 2.765635 1.861857 5.000001
v 2.771125 1.883818 5.000001
v 2.778625 1.891857 5.000001
v 2.786125 1.883818 5.000001
v 2.791615 1.861857 5.000001
v 2.793625 1.831857 5.000001
v 2.791615 1.801857 5.000001
v 2.786125 1.779895 5.000001
v 2.778625 1.771857 5.000001
v 2.771125 1.779895 5.000001
v 2.765635 1.801857 5.000001
v 2.763624 1.831857 5.000001
v 2.765635 1.111110 -26.621664
v 2.771125 1.111110 -26.588724
v 2.778625 1.111110 -26.576664
v 2.786125 1.111110 -26.588724
v 2.791615 1.111110 -26.621664
v 2.793625 1.111110 -26.666664
v 2.791615 1.111110 -26.711666
v 2.786125 1.111110 -26.744606
v 2.778625 1.111110 -26.756666
v 2.771125 1.111110 -26.744608
v 2.765635 1.111110 -26.711666
v 2.763624 1.111110 -26.666664
v 2.765635 1.831857 -26.621664
v 2.771125 1.831857 -26.588724
v 2.778625 1.831857 -26.576664
v 2.786125 1.831857 -26.588724
v 2.791615 1.831857 -26.621664
v 2.793625 1.831857 -26.666664
v 2.791615 1.831857 -26.711666
v 2.786125 1.831857 -26.744606
v 2.778625 1.831857 -26.756666
v 2.771125 1.831857 -26.744608
v 2.765635 1.831857 -26.711666
v 2.763624 1.831857 -26.666664
v 2.791615 1.861857 16.666668
v 2.786125 1.883818 16.666668
v 2.778625 1.891857 16.666668
v 2.771125 1.883818 16.666668
v 2.765635 1.861857 16.666668
v 2.763624 1.831857 16.666668
v 2.765635 1.801857 16.666668
v 2.771125 1.779895 16.666668
v 2.778625 1.771857 16.666668
v 2.786125 1.779895 16.666668
v 2.791615 1.801857 16.666668
v 2.793625 1.831857 16.666668
v 2.791615 1.853070 18.365154
v 2.786125 1.868599 18.388449
v 2.778625 1.874283 18.396975
v 2.771125 1.868599 18.388449
v 2.765635 1.853070 18.365154
v 2.763624 1.831857 18.333336
v 2.765635 1.810644 18.301516
v 2.771125 1.795114 18.278221
v 2.778625 1.789430 18.269695
v 2.786125 1.795114 18.278221
v 2.791615 1.810643 18.301516
v 2.793625 1.831857 18.333336
v 2.791615 1.111110 18.378336
v 2.786125 1.111110 18.411276
v 2.778625 1.111110 18.423336
v 2.771125 1.111110 18.411276
v 2.765635 1.111110 18.378336
v 2.763624 1.111110 18.333336
v 2.765635 1.111110 18.288334
v 2.771125 1.111110 18.255394
v 2.778625 1.111110 18.243334
v 2.786125 1.111110 18.255392
v 2.791615 1.111110 18.288334
v 2.793625 1.111110 18.333336
v 2.791615 1.861857 -16.666664
v 2.786125 1.883818 -16.666664
v 2.778625 1.891857 -16.666664
v 2.771125 1.883818 -16.666664
v 2.765635 1.861857 -16.666664
v 2.763624 1.831857 -16.666664
v 2.765635 1.801857 -16.666664
v 2.771125 1.779895 -16.666664
v 2.778625 1.771857 -16.666664
v 2.786125 1.779895 -16.666664
v 2.791615 1.801857 -16.666664
v 2.793625 1.831857 -16.666664
v 2.791615 1.853070 -14.968178
v 2.786125 1.868599 -14.944884
v 2.778625 1.874283 -14.936357
v 2.771125 1.868599 -14.944884
v 2.765635 1.853070 -14.968178
v 2.763624 1.831857 -14.999997
v 2.765635 1.810644 -15.031816
v 2.771125 1.795114 -15.055111
v 2.778625 1.789430 -15.063637
v 2.786125 1.795114 -15.055111
v 2.791615 1.810643 -15.031816
v 2.793625 1.831857 -14.999997
v 2.791615 1.111110 -14.954997
v 2.786125 1.111110 -14.922055
v 2.778625 1.111110 -14.909998
v 2.771125 1.111110 -14.922055
v 2.765635 1.111110 -14.954997
v 2.763624 1.111110 -14.999997
v 2.765635 1.111110 -15.044996
v 2.771125 1.111110 -15.077940
v 2.778625 1.111110 -15.089997
v 2.786125 1.111110 -15.077940
v 2.791615 1.111110 -15.044996
v 2.793625 1.111110 -14.999997
v 2.765635 1.111110 -3.288333
v 2.771125 1.111110 -3.255390
v 2.778625 1.111110 -3.243333
v 2.786125 1.111110 -3.255390
v 2.791615 1.111110 -3.288333
v 2.793625 1.111110 -3.333333
v 2.791615 1.111110 -3.378333
v 2.786125 1.111110 -3.411275
v 2.778625 1.111110 -3.423333
v 2.771125 1.111110 -3.411275
v 2.765635 1.111110 -3.378333
v 2.763624 1.111110 -3.333333
v 2.765635 1.853070 -3.301513
v 2.771125 1.868599 -3.278219
v 2.778625 1.874283 -3.269693
v 2.786125 1.868599 -3.278219
v 2.791615 1.853070 -3.301513
v 2.793625 1.831857 -3.333333
v 2.791615 1.810644 -3.365152
v 2.786125 1.795114 -3.388446
v 2.778625 1.789430 -3.396972
v 2.771125 1.795114 -3.388446
v 2.765635 1.810643 -3.365153
v 2.763624 1.831857 -3.333333
v 2.765635 1.861857 -4.999998
v 2.771125 1.883818 -4.999998
v 2.778625 1.891857 -4.999998
v 2.786125 1.883818 -4.999998
v 2.791615 1.861857 -4.999998
v 2.793625 1.831857 -4.999998
v 2.791615 1.801857 -4.999998
v 2.786125 1.779895 -4.999998
v 2.778625 1.771857 -4.999998
v 2.771125 1.779895 -4.999998
v 2.765635 1.801857 -4.999998
v 2.763624 1.831857 -4.999998
v 2.791615 1.861857 6.666668
v 2.786125 1.883818 6.666668
v 2.778625 1.891857 6.666668
v 2.771125 1.883818 6.666668
v 2.765635 1.861857 6.666668
v 2.763624 1.831857 6.666668
v 2.765635 1.801857 6.666668
v 2.771125 1.779895 6.666668
v 2.778625 1.771857 6.666668
v 2.786125 1.779895 6.666668
v 2.791615 1.801857 6.666668
v 2.793625 1.831857 6.666668
v 2.791615 1.853070 8.365154
v 2.786125 1.868599 8.388448
v 2.778625 1.874283 8.396975
v 2.771125 1.868599 8.388448
v 2.765635 1.853070 8.365154
v 2.763624 1.831857 8.333335
v 2.765635 1.810644 8.301515
v 2.771125 1.795114 8.278221
v 2.778625 1.789430 8.269694
v 2.786125 1.795114 8.278221
v 2.791615 1.810643 8.301515
v 2.793625 1.831857 8.333335
v 2.791615 1.111110 8.378335
v 2.786125 1.111110 8.411277
v 2.778625 1.111110 8.423334
v 2.771125 1.111110 8.411277
v 2.765635 1.111110 8.378335
v 2.763624 1.111110 8.333335
v 2.765635 1.111110 8.288334
v 2.771125 1.111110 8.255392
v 2.778625 1.111110 8.243335
v 2.786125 1.111110 8.255392
v 2.791615 1.111110 8.288334
v 2.793625 1.111110 8.333335
v 2.765635 1.111110 -24.954998
v 2.771125 1.111110 -24.922056
v 2.778625 1.111110 -24.909996
v 2.786125 1.111110 -24.922056
v 2.791615 1.111110 -24.954998
v 2.793625 1.111110 -24.999998
v 2.791615 1.111110 -25.044998
v 2.786125 1.111110 -25.077938
v 2.778625 1.111110 -25.089998
v 2.771125 1.111110 -25.077940
v 2.765635 1.111110 -25.044998
v 2.763624 1.111110 -24.999998
v 2.765635 1.831857 -24.954998
v 2.771125 1.831857 -24.922056
v 2.778625 1.831857 -24.909996
v 2.786125 1.831857 -24.922056
v 2.791615 1.831857 -24.954998
v 2.793625 1.831857 -24.999998
v 2.791615 1.831857 -25.044998
v 2.786125 1.831857 -25.077938
v 2.778625 1.831857 -25.089998
v 2.771125 1.831857 -25.077940
v 2.765635 1.831857 -25.044998
v 2.763624 1.831857 -24.999998
v 2.765635 1.111110 20.045002
v 2.771125 1.111110 20.077944
v 2.778625 1.111110 20.090004
v 2.786125 1.111110 20.077944
v 2.791615 1.111110 20.045002
v 2.793625 1.111110 20.000002
v 2.791615 1.111110 19.955002
v 2.786125 1.111110 19.922062
v 2.778625 1.111110 19.910002
v 2.771125 1.111110 19.922060
v 2.765635 1.111110 19.955002
v 2.763624 1.111110 20.000002
v 2.765635 1.853070 20.031822
v 2.771125 1.868599 20.055117
v 2.778625 1.874283 20.063643
v 2.786125 1.868599 20.055117
v 2.791615 1.853070 20.031822
v 2.793625 1.831857 20.000002
v 2.791615 1.810644 19.968182
v 2.786125 1.795114 19.944889
v 2.778625 1.789430 19.936363
v 2.771125 1.795114 19.944889
v 2.765635 1.810643 19.968182
v 2.763624 1.831857 20.000002
v 2.765635 1.861857 18.333336
v 2.771125 1.883818 18.333336
v 2.778625 1.891857 18.333336
v 2.786125 1.883818 18.333336
v 2.791615 1.861857 18.333336
v 2.793625 1.831857 18.333336
v 2.791615 1.801857 18.333336
v 2.786125 1.779895 18.333336
v 2.778625 1.771857 18.333336
v 2.771125 1.779895 18.333336
v 2.765635 1.801857 18.333336
v 2.763624 1.831857 18.333336
v 2.791615 1.861857 -14.999997
v 2.786125 1.883818 -14.999997
v 2.778625 1.891857 -14.999997
v 2.771125 1.883818 -14.999997
v 2.765635 1.861857 -14.999997
v 2.763624 1.831857 -14.999997
v 2.765635 1.801857 -14.999997
v 2.771125 1.779895 -14.999997
v 2.778625 1.771857 -14.999997
v 2.786125 1.779895 -14.999997
v 2.791615 1.801857 -14.999997
v 2.793625 1.831857 -14.999997
v 2.791615 1.853070 -13.301511
v 2.786125 1.868599 -13.278217
v 2.778625 1.874283 -13.269691
v 2.771125 1.868599 -13.278217
v 2.765635 1.853070 -13.301511
v 2.763624 1.831857 -13.333331
v 2.765635 1.810644 -13.365150
v 2.771125 1.795114 -13.388444
v 2.778625 1.789430 -13.396971
v 2.786125 1.795114 -13.388444
v 2.791615 1.810643 -13.365150
v 2.793625 1.831857 -13.333331
v 2.791615 1.111110 -13.288330
v 2.786125 1.111110 -13.255388
v 2.778625 1.111110 -13.243331
v 2.771125 1.111110 -13.255388
v 2.765635 1.111110 -13.288330
v 2.763624 1.111110 -13.333331
v 2.765635 1.111110 -13.378331
v 2.771125 1.111110 -13.411273
v 2.778625 1.111110 -13.423330
v 2.786125 1.111110 -13.411273
v 2.791615 1.111110 -13.378331
v 2.793625 1.111110 -13.333331
v 2.791615 1.861857 -13.333331
v 2.786125 1.883818 -13.333331
v 2.778625 1.891857 -13.333331
v 2.771125 1.883818 -13.333331
v 2.765635 1.861857 -13.333331
v 2.763624 1.831857 -13.333331
v 2.765635 1.801857 -13.333331
v 2.771125 1.779895 -13.333331
v 2.778625 1.771857 -13.333331
v 2.786125 1.779895 -13.333331
v 2.791615 1.801857 -13.333331
v 2.793625 1.831857 -13.333331
v 2.791615 1.861857 -11.666664
v 2.786125 1.883818 -11.666664
v 2.778625 1.891857 -11.666664
v 2.771125 1.883818 -11.666664
v 2.765635 1.861857 -11.666664
v 2.763624 1.831857 -11.666664
v 2.765635 1.801857 -11.666664
v 2.771125 1.779895 -11.666664
v 2.778625 1.771857 -11.666664
v 2.786125 1.779895 -11.666664
v 2.791615 1.801857 -11.666664
v 2.793625 1.831857 -11.666664
v 2.791615 1.861857 -3.333333
v 2.786125 1.883818 -3.333333
v 2.778625 1.891857 -3.333333
v 2.771125 1.883818 -3.333333
v 2.765635 1.861857 -3.333333
v 2.763624 1.831857 -3.333333
v 2.765635 1.801857 -3.333333
v 2.771125 1.779895 -3.333333
v 2.778625 1.771857 -3.333333
v 2.786125 1.779895 -3.333333
v 2.791615 1.801857 -3.333333
v 2.793625 1.831857 -3.333333
v 2.791615 1.861857 -1.666667
v 2.786125 1.883818 -1.666667
v 2.778625 1.891857 -1.666667
v 2.771125 1.883818 -1.666667
v 2.765635 1.861857 -1.666667
v 2.763624 1.831857 -1.666667
v 2.765635 1.801857 -1.666667
v 2.771125 1.779895 -1.666667
v 2.778625 1.771857 -1.666667
v 2.786125 1.779895 -1.666667
v 2.791615 1.801857 -1.666667
v 2.793625 1.831857 -1.666667
v 2.791615 1.861857 8.333335
v 2.786125 1.883818 8.333335
v 2.778625 1.891857 8.333335
v 2.771125 1.883818 8.333335
v 2.765635 1.861857 8.333335
v 2.763624 1.831857 8.333335
v 2.765635 1.801857 8.333335
v 2.771125 1.779895 8.333335
v 2.778625 1.771857 8.333335
v 2.786125 1.779895 8.333335
v 2.791615 1.801857 8.333335
v 2.793625 1.831857 8.333335
v 2.791615 1.861857 10.000001
v 2.786125 1.883818 10.000001
v 2.778625 1.891857 10.000001
v 2.771125 1.883818 10.000001
v 2.765635 1.861857 10.000001
v 2.763624 1.831857 10.000001
v 2.765635 1.801857 10.000001
v 2.771125 1.779895 10.000001
v 2.778625 1.771857 10.000001
v 2.786125 1.779895 10.000001
v 2.791615 1.801857 10.000001
v 2.793625 1.831857 10.000001
v 2.791615 1.861857 20.000002
v 2.786125 1.883818 20.000002
v 2.778625 1.891857 20.000002
v 2.771125 1.883818 20.000002
v 2.765635 1.861857 20.000002
v 2.763624 1.831857 20.000002
v 2.765635 1.801857 20.000002
v 2.771125 1.779895 20.000002
v 2.778625 1.771857 20.000002
v 2.786125 1.779895 20.000002
v 2.791615 1.801857 20.000002
v 2.793625 1.831857 20.000002
v 2.791615 1.861857 21.666668
v 2.786125 1.883818 21.666668
v 2.778625 1.891857 21.666668
v 2.771125 1.883818 21.666668
v 2.765635 1.861857 21.666668
v 2.763624 1.831857 21.666668
v 2.765635 1.801857 21.666668
v 2.771125 1.779895 21.666668
v 2.778625 1.771857 21.666668
v 2.786125 1.779895 21.666668
v 2.791615 1.801857 21.666668
v 2.793625 1.831857 21.666668
v 2.791615 1.861857 25.000002
v 2.786125 1.883818 25.000002
v 2.778625 1.891857 25.000002
v 2.771125 1.883818 25.000002
v 2.765635 1.861857 25.000002
v 2.763624 1.831857 25.000002
v 2.765635 1.801857 25.000002
v 2.771125 1.779895 25.000002
v 2.778625 1.771857 25.000002
v 2.786125 1.779895 25.000002
v 2.791615 1.801857 25.000002
v 2.793625 1.831857 25.000002
v 2.791615 1.861857 26.666666
v 2.786125 1.883818 26.666666
v 2.778625 1.891857 26.666666
v 2.771125 1.883818 26.666666
v 2.765635 1.861857 26.666666
v 2.763624 1.831857 26.666666
v 2.765635 1.801857 26.666666
v 2.771125 1.779895 26.666666
v 2.778625 1.771857 26.666666
v 2.786125 1.779895 26.666666
v 2.791615 1.801857 26.666666
v 2.793625 1.831857 26.666666
vt 0.333333 1.000000
vt 0.000000 0.916667
vt 0.000000 1.000000
vt 0.333333 0.083333
vt 0.000000 0.000000
vt 0.000000 0.083333
vt 0.333333 0.166667
vt 0.000000 0.166667
vt 0.000000 0.250000
vt 0.000000 0.333333
vt 0.333333 0.250000
vt 0.000000 0.416667
vt 0.333333 0.333333
vt 0.000000 0.500000
vt 0.333333 0.416667
vt 0.000000 0.583333
vt 0.333333 0.500000
vt 0.000000 0.666667
vt 0.333333 0.583333
vt 0.333333 0.750000
vt 0.000000 0.750000
vt 0.333333 0.833333
vt 0.000000 0.833333
vt 0.333333 0.916667
vt 0.666667 1.000000
vt 0.666667 0.083333
vt 0.333333 0.000000
vt 0.666667 0.250000
vt 0.666667 0.333333
vt 0.666667 0.416667
vt 0.666667 0.500000
vt 0.666667 0.583333
vt 0.333333 0.666667
vt 0.666667 0.750000
vt 0.666667 0.833333
vt 0.666667 0.916667
vt 1.000000 0.916667
vt 1.000000 0.000000
vt 0.666667 0.000000
vt 0.666667 0.166667
vt 1.000000 0.083333
vt 1.000000 0.250000
vt 1.000000 0.333333
vt 1.000000 0.416667
vt 1.000000 0.500000
vt 1.000000 0.583333
vt 1.000000 0.666667
vt 0.666667 0.666667
vt 1.000000 0.750000
vt 1.000000 0.833333
vt 0.000000 1.000000
vt 0.333333 0.916667
vt 0.000000 0.916667
vt 0.000000 0.083333
vt 0.333333 0.000000
vt 0.000000 0.000000
vt 0.000000 0.166667
vt 0.333333 0.083333
vt 0.333333 0.250000
vt 0.000000 0.250000
vt 0.333333 0.333333
vt 0.000000 0.333333
vt 0.333333 0.416667
vt 0.000000 0.416667
vt 0.333333 0.500000
vt 0.000000 0.500000
vt 0.333333 0.583333
vt 0.000000 0.583333
vt 0.333333 0.666667
vt 0.000000 0.666667
vt 0.000000 0.750000
vt 0.000000 0.833333
vt 0.333333 0.750000
vt 0.333333 0.833333
vt 0.666667 1.000000
vt 0.333333 1.000000
vt 0.666667 0.083333
vt 0.666667 0.166667
vt 0.333333 0.166667
vt 0.666667 0.250000
vt 0.666667 0.333333
vt 0.666667 0.416667
vt 0.666667 0.500000
vt 0.666667 0.583333
vt 0.666667 0.666667
vt 0.666667 0.750000
vt 0.666667 0.833333
vt 0.666667 0.916667
vt 1.000000 1.000000
vt 1.000000 0.083333
vt 0.666667 0.000000
vt 1.000000 0.166667
vt 1.000000 0.250000
vt 1.000000 0.333333
vt 1.000000 0.416667
vt 1.000000 0.500000
vt 1.000000 0.583333
vt 1.000000 0.750000
vt 1.000000 0.833333
vt 1.000000 0.916667
vt 0.000000 1.000000
vt 0.333333 0.916667
vt 0.000000 0.916667
vt 0.000000 0.083333
vt 0.333333 0.000000
vt 0.000000 0.000000
vt 0.000000 0.166667
vt 0.333333 0.083333
vt 0.333333 0.250000
vt 0.000000 0.250000
vt 0.333333 0.333333
vt 0.000000 0.333333
vt 0.333333 0.416667
vt 0.000000 0.416667
vt 0.333333 0.500000
vt 0.000000 0.500000
vt 0.333333 0.583333
vt 0.000000 0.583333
vt 0.333333 0.666667
vt 0.000000 0.666667
vt 0.000000 0.750000
vt 0.000000 0.833333
vt 0.333333 0.750000
vt 0.333333 0.833333
vt 0.666667 1.000000
vt 0.333333 1.000000
vt 0.666667 0.083333
vt 0.666667 0.166667
vt 0.333333 0.166667
vt 0.666667 0.333333
vt 0.666667 0.416667
vt 0.666667 0.500000
vt 0.666667 0.583333
vt 0.666667 0.666667
vt 0.666667 0.750000
vt 0.666667 0.833333
vt 0.666667 0.916667
vt 1.000000 1.000000
vt 1.000000 0.083333
vt 0.666667 0.000000
vt 1.000000 0.166667
vt 0.666667 0.250000
vt 1.000000 0.250000
vt 1.000000 0.333333
vt 1.000000 0.416667
vt 1.000000 0.500000
vt 1.000000 0.583333
vt 1.000000 0.750000
vt 1.000000 0.833333
vt 1.000000 0.916667
vt 0.333333 1.000000
vt 0.000000 0.916667
vt 0.000000 1.000000
vt 0.333333 0.083333
vt 0.000000 0.000000
vt 0.000000 0.083333
vt 0.333333 0.166667
vt 0.000000 0.166667
vt 0.000000 0.250000
vt 0.000000 0.333333
vt 0.333333 0.250000
vt 0.000000 0.416667
vt 0.333333 0.333333
vt 0.000000 0.500000
vt 0.333333 0.416667
vt 0.000000 0.583333
vt 0.333333 0.500000
vt 0.000000 0.666667
vt 0.333333 0.583333
vt 0.333333 0.750000
vt 0.000000 0.750000
vt 0.333333 0.833333
vt 0.000000 0.833333
vt 0.333333 0.916667
vt 0.666667 0.916667
vt 0.666667 0.083333
vt 0.333333 0.000000
vt 0.666667 0.166667
vt 0.666667 0.250000
vt 0.666667 0.333333
vt 0.666667 0.416667
vt 0.666667 0.500000
vt 0.666667 0.583333
vt 0.666667 0.666667
vt 0.333333 0.666667
vt 0.666667 0.750000
vt 0.666667 0.833333
vt 0.666667 1.000000
vt 1.000000 0.916667
vt 1.000000 0.000000
vt 0.666667 0.000000
vt 1.000000 0.083333
vt 1.000000 0.250000
vt 1.000000 0.333333
vt 1.000000 0.416667
vt 1.000000 0.500000
vt 1.000000 0.583333
vt 1.000000 0.666667
vt 1.000000 0.750000
vt 1.000000 0.833333
vt 0.333333 1.000000
vt 0.000000 0.916667
vt 0.000000 1.000000
vt 0.333333 0.083333
vt 0.000000 0.000000
vt 0.000000 0.083333
vt 0.333333 0.166667
vt 0.000000 0.166667
vt 0.000000 0.250000
vt 0.000000 0.333333
vt 0.333333 0.250000
vt 0.000000 0.416667
vt 0.333333 0.333333
vt 0.000000 0.500000
vt 0.333333 0.416667
vt 0.000000 0.583333
vt 0.333333 0.500000
vt 0.000000 0.666667
vt 0.333333 0.583333
vt 0.333333 0.750000
vt 0.000000 0.750000
vt 0.333333 0.833333
vt 0.000000 0.833333
vt 0.333333 0.916667
vt 0.666667 1.000000
vt 0.666667 0.083333
vt 0.333333 0.000000
vt 0.666667 0.166667
vt 0.666667 0.250000
vt 0.666667 0.333333
vt 0.666667 0.416667
vt 0.666667 0.500000
vt 0.666667 0.583333
vt 0.666667 0.666667
vt 0.333333 0.666667
vt 0.666667 0.750000
vt 0.666667 0.833333
vt 0.666667 0.916667
vt 1.000000 0.916667
vt 1.000000 0.000000
vt 0.666667 0.000000
vt 1.000000 0.083333
vt 1.000000 0.250000
vt 1.000000 0.333333
vt 1.000000 0.416667
vt 1.000000 0.500000
vt 1.000000 0.583333
vt 1.000000 0.666667
vt 1.000000 0.750000
vt 1.000000 0.833333
vt 0.000000 1.000000
vt 0.500000 0.916667
vt 0.000000 0.916667
vt 0.000000 0.083333
vt 0.500000 0.000000
vt 0.000000 0.000000
vt 0.000000 0.166667
vt 0.500000 0.083333
vt 0.500000 0.250000
vt 0.000000 0.250000
vt 0.500000 0.333333
vt 0.000000 0.333333
vt 0.500000 0.416667
vt 0.000000 0.416667
vt 0.500000 0.500000
vt 0.000000 0.500000
vt 0.500000 0.583333
vt 0.000000 0.583333
vt 0.500000 0.666667
vt 0.000000 0.666667
vt 0.000000 0.750000
vt 0.000000 0.833333
vt 0.500000 0.750000
vt 0.500000 0.833333
vt 1.000000 1.000000
vt 0.500000 1.000000
vt 1.000000 0.083333
vt 1.000000 0.166667
vt 0.500000 0.166667
vt 1.000000 0.250000
vt 1.000000 0.333333
vt 1.000000 0.416667
vt 1.000000 0.500000
vt 1.000000 0.583333
vt 1.000000 0.750000
vt 1.000000 0.833333
vt 1.000000 0.916667
vt 0.000000 1.000000
vt 0.250000 0.916667
vt 0.000000 0.916667
vt 0.000000 0.083333
vt 0.250000 0.000000
vt 0.000000 0.000000
vt 0.000000 0.166667
vt 0.250000 0.083333
vt 0.250000 0.250000
vt 0.000000 0.250000
vt 0.250000 0.333333
vt 0.000000 0.333333
vt 0.250000 0.416667
vt 0.000000 0.416667
vt 0.250000 0.500000
vt 0.000000 0.500000
vt 0.250000 0.583333
vt 0.000000 0.583333
vt 0.250000 0.666667
vt 0.000000 0.666667
vt 0.000000 0.750000
vt 0.000000 0.833333
vt 0.250000 0.750000
vt 0.250000 0.833333
vt 0.500000 1.000000
vt 0.250000 1.000000
vt 0.500000 0.083333
vt 0.500000 0.166667
vt 0.250000 0.166667
vt 0.500000 0.250000
vt 0.500000 0.333333
vt 0.500000 0.416667
vt 0.500000 0.500000
vt 0.500000 0.583333
vt 0.500000 0.750000
vt 0.500000 0.833333
vt 0.500000 0.916667
vt 0.750000 0.916667
vt 0.750000 0.000000
vt 0.500000 0.000000
vt 0.750000 0.083333
vt 0.750000 0.250000
vt 0.750000 0.333333
vt 0.750000 0.416667
vt 0.750000 0.500000
vt 0.750000 0.583333
vt 0.750000 0.666667
vt 0.500000 0.666667
vt 0.750000 0.750000
vt 0.750000 0.833333
vt 1.000000 1.000000
vt 0.750000 1.000000
vt 1.000000 0.083333
vt 1.000000 0.166667
vt 0.750000 0.166667
vt 1.000000 0.250000
vt 1.000000 0.333333
vt 1.000000 0.416667
vt 1.000000 0.500000
vt 1.000000 0.583333
vt 1.000000 0.750000
vt 1.000000 0.833333
vt 1.000000 0.916667
vt 0.000000 1.000000
vt 0.500000 0.916667
vt 0.000000 0.916667
vt 0.000000 0.083333
vt 0.500000 0.000000
vt 0.000000 0.000000
vt 0.000000 0.166667
vt 0.500000 0.083333
vt 0.500000 0.250000
vt 0.000000 0.250000
vt 0.500000 0.333333
vt 0.000000 0.333333
vt 0.500000 0.416667
vt 0.000000 0.416667
vt 0.500000 0.500000
vt 0.000000 0.500000
vt 0.500000 0.583333
vt 0.000000 0.583333
vt 0.500000 0.666667
vt 0.000000 0.666667
vt 0.000000 0.750000
vt 0.000000 0.833333
vt 0.500000 0.750000
vt 0.500000 0.833333
vt 1.000000 1.000000
vt 0.500000 1.000000
vt 1.000000 0.083333
vt 1.000000 0.166667
vt 0.500000 0.166667
vt 1.000000 0.250000
vt 1.000000 0.333333
vt 1.000000 0.416667
vt 1.000000 0.500000
vt 1.000000 0.583333
vt 1.000000 0.750000
vt 1.000000 0.833333
vt 1.000000 0.916667
vt 0.000000 1.000000
vt 0.500000 0.916667
vt 0.000000 0.916667
vt 0.000000 0.083333
vt 0.500000 0.000000
vt 0.000000 0.000000
vt 0.000000 0.166667
vt 0.500000 0.083333
vt 0.500000 0.250000
vt 0.000000 0.250000
vt 0.500000 0.333333
vt 0.000000 0.333333
vt 0.500000 0.416667
vt 0.000000 0.416667
vt 0.500000 0.500000
vt 0.000000 0.500000
vt 0.500000 0.583333
vt 0.000000 0.583333
vt 0.500000 0.666667
vt 0.000000 0.666667
vt 0.000000 0.750000
vt 0.000000 0.833333
vt 0.500000 0.750000
vt 0.500000 0.833333
vt 1.000000 1.000000
vt 0.500000 1.000000
vt 1.000000 0.083333
vt 1.000000 0.166667
vt 0.500000 0.166667
vt 1.000000 0.250000
vt 1.000000 0.333333
vt 1.000000 0.416667
vt 1.000000 0.500000
vt 1.000000 0.583333
vt 1.000000 0.750000
vt 1.000000 0.833333
vt 1.000000 0.916667
vt 0.000000 1.000000
vt 0.500000 0.916667
vt 0.000000 0.916667
vt 0.000000 0.083333
vt 0.500000 0.000000
vt 0.000000 0.000000
vt 0.000000 0.166667
vt 0.500000 0.083333
vt 0.500000 0.250000
vt 0.000000 0.250000
vt 0.500000 0.333333
vt 0.000000 0.333333
vt 0.500000 0.416667
vt 0.000000 0.416667
vt 0.500000 0.500000
vt 0.000000 0.500000
vt 0.500000 0.583333
vt 0.000000 0.583333
vt 0.500000 0.666667
vt 0.000000 0.666667
vt 0.000000 0.750000
vt 0.000000 0.833333
vt 0.500000 0.750000
vt 0.500000 0.833333
vt 1.000000 1.000000
vt 0.500000 1.000000
vt 1.000000 0.083333
vt 1.000000 0.166667
vt 0.500000 0.166667
vt 1.000000 0.250000
vt 1.000000 0.333333
vt 1.000000 0.416667
vt 1.000000 0.500000
vt 1.000000 0.583333
vt 1.000000 0.750000
vt 1.000000 0.833333
vt 1.000000 0.916667
vt 0.000000 1.000000
vt 0.500000 0.916667
vt 0.000000 0.916667
vt 0.000000 0.083333
vt 0.500000 0.000000
vt 0.000000 0.000000
vt 0.000000 0.166667
vt 0.500000 0.083333
vt 0.500000 0.250000
vt 0.000000 0.250000
vt 0.500000 0.333333
vt 0.000000 0.333333
vt 0.500000 0.416667
vt 0.000000 0.416667
vt 0.500000 0.500000
vt 0.000000 0.500000
vt 0.500000 0.583333
vt 0.000000 0.583333
vt 0.500000 0.666667
vt 0.000000 0.666667
vt 0.000000 0.750000
vt 0.000000 0.833333
vt 0.500000 0.750000
vt 0.500000 0.833333
vt 1.000000 1.000000
vt 0.500000 1.000000
vt 1.000000 0.083333
vt 1.000000 0.166667
vt 0.500000 0.166667
vt 1.000000 0.250000
vt 1.000000 0.333333
vt 1.000000 0.416667
vt 1.000000 0.500000
vt 1.000000 0.583333
vt 1.000000 0.750000
vt 1.000000 0.833333
vt 1.000000 0.916667
vt 0.000000 1.000000
vt 0.500000 0.916667
vt 0.000000 0.916667
vt 0.000000 0.083333
vt 0.500000 0.000000
vt 0.000000 0.000000
vt 0.000000 0.166667
vt 0.500000 0.083333
vt 0.500000 0.250000
vt 0.000000 0.250000
vt 0.500000 0.333333
vt 0.000000 0.333333
vt 0.500000 0.416667
vt 0.000000 0.416667
vt 0.500000 0.500000
vt 0.000000 0.500000
vt 0.500000 0.583333
vt 0.000000 0.583333
vt 0.500000 0.666667
vt 0.000000 0.666667
vt 0.000000 0.750000
vt 0.000000 0.833333
vt 0.500000 0.750000
vt 0.500000 0.833333
vt 1.000000 1.000000
vt 0.500000 1.000000
vt 1.000000 0.083333
vt 1.000000 0.166667
vt 0.500000 0.166667
vt 1.000000 0.250000
vt 1.000000 0.333333
vt 1.000000 0.416667
vt 1.000000 0.500000
vt 1.000000 0.583333
vt 1.000000 0.750000
vt 1.000000 0.833333
vt 1.000000 0.916667
vt 0.200000 1.000000
vt 0.000000 0.916667
vt 0.000000 1.000000
vt 0.200000 0.083333
vt 0.000000 0.000000
vt 0.000000 0.083333
vt 0.200000 0.166667
vt 0.000000 0.166667
vt 0.000000 0.250000
vt 0.000000 0.333333
vt 0.200000 0.250000
vt 0.000000 0.416667
vt 0.200000 0.333333
vt 0.000000 0.500000
vt 0.200000 0.416667
vt 0.000000 0.583333
vt 0.200000 0.500000
vt 0.000000 0.666667
vt 0.200000 0.583333
vt 0.200000 0.750000
vt 0.000000 0.750000
vt 0.200000 0.833333
vt 0.000000 0.833333
vt 0.200000 0.916667
vt 0.400000 0.916667
vt 0.400000 0.000000
vt 0.200000 0.000000
vt 0.400000 0.083333
vt 0.400000 0.250000
vt 0.400000 0.333333
vt 0.400000 0.416667
vt 0.400000 0.500000
vt 0.400000 0.583333
vt 0.400000 0.666667
vt 0.200000 0.666667
vt 0.400000 0.750000
vt 0.400000 0.833333
vt 0.600000 1.000000
vt 0.400000 1.000000
vt 0.600000 0.083333
vt 0.600000 0.166667
vt 0.400000 0.166667
vt 0.600000 0.250000
vt 0.600000 0.333333
vt 0.600000 0.416667
vt 0.600000 0.500000
vt 0.600000 0.583333
vt 0.600000 0.666667
vt 0.600000 0.750000
vt 0.600000 0.833333
vt 0.600000 0.916667
vt 0.800000 1.000000
vt 0.800000 0.083333
vt 0.600000 0.000000
vt 0.800000 0.166667
vt 0.800000 0.250000
vt 0.800000 0.333333
vt 0.800000 0.416667
vt 0.800000 0.500000
vt 0.800000 0.583333
vt 0.800000 0.666667
vt 0.800000 0.750000
vt 0.800000 0.833333
vt 0.800000 0.916667
vt 1.000000 1.000000
vt 1.000000 0.083333
vt 0.800000 0.000000
vt 1.000000 0.166667
vt 1.000000 0.250000
vt 1.000000 0.333333
vt 1.000000 0.416667
vt 1.000000 0.500000
vt 1.000000 0.583333
vt 1.000000 0.666667
vt 1.000000 0.750000
vt 1.000000 0.833333
vt 1.000000 0.916667
vt 0.000000 1.000000
vt 0.500000 0.916667
vt 0.000000 0.916667
vt 0.000000 0.083333
vt 0.500000 0.000000
vt 0.000000 0.000000
vt 0.000000 0.166667
vt 0.500000 0.083333
vt 0.500000 0.250000
vt 0.000000 0.250000
vt 0.500000 0.333333
vt 0.000000 0.333333
vt 0.500000 0.416667
vt 0.000000 0.416667
vt 0.500000 0.500000
vt 0.000000 0.500000
vt 0.500000 0.583333
vt 0.000000 0.583333
vt 0.500000 0.666667
vt 0.000000 0.666667
vt 0.000000 0.750000
vt 0.000000 0.833333
vt 0.500000 0.750000
vt 0.500000 0.833333
vt 1.000000 1.000000
vt 0.500000 1.000000
vt 1.000000 0.083333
vt 1.000000 0.166667
vt 0.500000 0.166667
vt 1.000000 0.250000
vt 1.000000 0.333333
vt 1.000000 0.416667
vt 1.000000 0.500000
vt 1.000000 0.583333
vt 1.000000 0.750000
vt 1.000000 0.833333
vt 1.000000 0.916667
vt 0.000000 1.000000
vt 0.500000 0.916667
vt 0.000000 0.916667
vt 0.000000 0.083333
vt 0.500000 0.000000
vt 0.000000 0.000000
vt 0.000000 0.166667
vt 0.500000 0.083333
vt 0.500000 0.250000
vt 0.000000 0.250000
vt 0.500000 0.333333
vt 0.000000 0.333333
vt 0.500000 0.416667
vt 0.000000 0.416667
vt 0.500000 0.500000
vt 0.000000 0.500000
vt 0.500000 0.583333
vt 0.000000 0.583333
vt 0.500000 0.666667
vt 0.000000 0.666667
vt 0.000000 0.750000
vt 0.000000 0.833333
vt 0.500000 0.750000
vt 0.500000 0.833333
vt 1.000000 1.000000
vt 0.500000 1.000000
vt 1.000000 0.083333
vt 1.000000 0.166667
vt 0.500000 0.166667
vt 1.000000 0.250000
vt 1.000000 0.333333
vt 1.000000 0.416667
vt 1.000000 0.500000
vt 1.000000 0.583333
vt 1.000000 0.750000
vt 1.000000 0.833333
vt 1.000000 0.916667
vt 1.000000 1.000000
vt 0.000000 0.916667
vt 0.000000 1.000000
vt 1.000000 0.083333
vt 0.000000 0.000000
vt 0.000000 0.083333
vt 1.000000 0.166667
vt 0.000000 0.166667
vt 1.000000 0.250000
vt 0.000000 0.250000
vt 1.000000 0.333333
vt 0.000000 0.333333
vt 1.000000 0.416667
vt 0.000000 0.416667
vt 1.000000 0.500000
vt 0.000000 0.500000
vt 1.000000 0.583333
vt 0.000000 0.583333
vt 1.000000 0.666667
vt 0.000000 0.666667
vt 1.000000 0.750000
vt 0.000000 0.750000
vt 1.000000 0.833333
vt 0.000000 0.833333
vt 1.000000 0.916667
vt 0.000000 1.000000
vt 0.500000 0.916667
vt 0.000000 0.916667
vt 0.000000 0.083333
vt 0.500000 0.000000
vt 0.000000 0.000000
vt 0.000000 0.166667
vt 0.500000 0.083333
vt 0.500000 0.250000
vt 0.000000 0.250000
vt 0.500000 0.333333
vt 0.000000 0.333333
vt 0.500000 0.416667
vt 0.000000 0.416667
vt 0.500000 0.500000
vt 0.000000 0.500000
vt 0.500000 0.583333
vt 0.000000 0.583333
vt 0.500000 0.666667
vt 0.000000 0.666667
vt 0.000000 0.750000
vt 0.000000 0.833333
vt 0.500000 0.750000
vt 0.500000 0.833333
vt 1.000000 1.000000
vt 0.500000 1.000000
vt 1.000000 0.083333
vt 1.000000 0.166667
vt 0.500000 0.166667
vt 1.000000 0.250000
vt 1.000000 0.333333
vt 1.000000 0.416667
vt 1.000000 0.500000
vt 1.000000 0.583333
vt 1.000000 0.750000
vt 1.000000 0.833333
vt 1.000000 0.916667
vt 0.000000 1.000000
vt 0.500000 0.916667
vt 0.000000 0.916667
vt 0.000000 0.083333
vt 0.500000 0.000000
vt 0.000000 0.000000
vt 0.000000 0.166667
vt 0.500000 0.083333
vt 0.500000 0.250000
vt 0.000000 0.250000
vt 0.500000 0.333333
vt 0.000000 0.333333
vt 0.500000 0.416667
vt 0.000000 0.416667
vt 0.500000 0.500000
vt 0.000000 0.500000
vt 0.500000 0.583333
vt 0.000000 0.583333
vt 0.500000 0.666667
vt 0.000000 0.666667
vt 0.000000 0.750000
vt 0.000000 0.833333
vt 0.500000 0.750000
vt 0.500000 0.833333
vt 1.000000 1.000000
vt 0.500000 1.000000
vt 1.000000 0.083333
vt 1.000000 0.166667
vt 0.500000 0.166667
vt 1.000000 0.250000
vt 1.000000 0.333333
vt 1.000000 0.416667
vt 1.000000 0.500000
vt 1.000000 0.583333
vt 1.000000 0.750000
vt 1.000000 0.833333
vt 1.000000 0.916667
vt 1.000000 1.000000
vt 0.000000 0.916667
vt 0.000000 1.000000
vt 1.000000 0.083333
vt 0.000000 0.000000
vt 0.000000 0.083333
vt 1.000000 0.166667
vt 0.000000 0.166667
vt 1.000000 0.250000
vt 0.000000 0.250000
vt 1.000000 0.333333
vt 0.000000 0.333333
vt 1.000000 0.416667
vt 0.000000 0.416667
vt 1.000000 0.500000
vt 0.000000 0.500000
vt 1.000000 0.583333
vt 0.000000 0.583333
vt 1.000000 0.666667
vt 0.000000 0.666667
vt 1.000000 0.750000
vt 0.000000 0.750000
vt 1.000000 0.833333
vt 0.000000 0.833333
vt 1.000000 0.916667
vt 0.000000 1.000000
vt 0.500000 0.916667
vt 0.000000 0.916667
vt 0.000000 0.083333
vt 0.500000 0.000000
vt 0.000000 0.000000
vt 0.000000 0.166667
vt 0.500000 0.083333
vt 0.500000 0.250000
vt 0.000000 0.250000
vt 0.500000 0.333333
vt 0.000000 0.333333
vt 0.500000 0.416667
vt 0.000000 0.416667
vt 0.500000 0.500000
vt 0.000000 0.500000
vt 0.500000 0.583333
vt 0.000000 0.583333
vt 0.500000 0.666667
vt 0.000000 0.666667
vt 0.000000 0.750000
vt 0.000000 0.833333
vt 0.500000 0.750000
vt 0.500000 0.833333
vt 1.000000 1.000000
vt 0.500000 1.000000
vt 1.000000 0.083333
vt 1.000000 0.166667
vt 0.500000 0.166667
vt 1.000000 0.250000
vt 1.000000 0.333333
vt 1.000000 0.416667
vt 1.000000 0.500000
vt 1.000000 0.583333
vt 1.000000 0.750000
vt 1.000000 0.833333
vt 1.000000 0.916667
vt 0.000000 1.000000
vt 0.500000 0.916667
vt 0.000000 0.916667
vt 0.000000 0.083333
vt 0.500000 0.000000
vt 0.000000 0.000000
vt 0.000000 0.166667
vt 0.500000 0.083333
vt 0.500000 0.250000
vt 0.000000 0.250000
vt 0.500000 0.333333
vt 0.000000 0.333333
vt 0.500000 0.416667
vt 0.000000 0.416667
vt 0.500000 0.500000
vt 0.000000 0.500000
vt 0.500000 0.583333
vt 0.000000 0.583333
vt 0.500000 0.666667
vt 0.000000 0.666667
vt 0.000000 0.750000
vt 0.000000 0.833333
vt 0.500000 0.750000
vt 0.500000 0.833333
vt 1.000000 1.000000
vt 0.500000 1.000000
vt 1.000000 0.083333
vt 1.000000 0.166667
vt 0.500000 0.166667
vt 1.000000 0.250000
vt 1.000000 0.333333
vt 1.000000 0.416667
vt 1.000000 0.500000
vt 1.000000 0.583333
vt 1.000000 0.750000
vt 1.000000 0.833333
vt 1.000000 0.916667
vt 0.000000 1.000000
vt 0.500000 0.916667
vt 0.000000 0.916667
vt 0.000000 0.083333
vt 0.500000 0.000000
vt 0.000000 0.000000
vt 0.000000 0.166667
vt 0.500000 0.083333
vt 0.500000 0.250000
vt 0.000000 0.250000
vt 0.500000 0.333333
vt 0.000000 0.333333
vt 0.500000 0.416667
vt 0.000000 0.416667
vt 0.500000 0.500000
vt 0.000000 0.500000
vt 0.500000 0.583333
vt 0.000000 0.583333
vt 0.500000 0.666667
vt 0.000000 0.666667
vt 0.000000 0.750000
vt 0.000000 0.833333
vt 0.500000 0.750000
vt 0.500000 0.833333
vt 1.000000 1.000000
vt 0.500000 1.000000
vt 1.000000 0.083333
vt 1.000000 0.166667
vt 0.500000 0.166667
vt 1.000000 0.250000
vt 1.000000 0.333333
vt 1.000000 0.416667
vt 1.000000 0.500000
vt 1.000000 0.583333
vt 1.000000 0.750000
vt 1.000000 0.833333
vt 1.000000 0.916667
vt 0.000000 1.000000
vt 0.500000 0.916667
vt 0.000000 0.916667
vt 0.000000 0.083333
vt 0.500000 0.000000
vt 0.000000 0.000000
vt 0.000000 0.166667
vt 0.500000 0.083333
vt 0.500000 0.250000
vt 0.000000 0.250000
vt 0.500000 0.333333
vt 0.000000 0.333333
vt 0.500000 0.416667
vt 0.000000 0.416667
vt 0.500000 0.500000
vt 0.000000 0.500000
vt 0.500000 0.583333
vt 0.000000 0.583333
vt 0.500000 0.666667
vt 0.000000 0.666667
vt 0.000000 0.750000
vt 0.000000 0.833333
vt 0.500000 0.750000
vt 0.500000 0.833333
vt 1.000000 1.000000
vt 0.500000 1.000000
vt 1.000000 0.083333
vt 1.000000 0.166667
vt 0.500000 0.166667
vt 1.000000 0.250000
vt 1.000000 0.333333
vt 1.000000 0.416667
vt 1.000000 0.500000
vt 1.000000 0.583333
vt 1.000000 0.750000
vt 1.000000 0.833333
vt 1.000000 0.916667
vt 1.000000 1.000000
vt 0.000000 0.916667
vt 0.000000 1.000000
vt 1.000000 0.083333
vt 0.000000 0.000000
vt 0.000000 0.083333
vt 1.000000 0.166667
vt 0.000000 0.166667
vt 1.000000 0.250000
vt 0.000000 0.250000
vt 1.000000 0.333333
vt 0.000000 0.333333
vt 1.000000 0.416667
vt 0.000000 0.416667
vt 1.000000 0.500000
vt 0.000000 0.500000
vt 1.000000 0.583333
vt 0.000000 0.583333
vt 1.000000 0.666667
vt 0.000000 0.666667
vt 1.000000 0.750000
vt 0.000000 0.750000
vt 1.000000 0.833333
vt 0.000000 0.833333
vt 1.000000 0.916667
vt 0.000000 1.000000
vt 0.500000 0.916667
vt 0.000000 0.916667
vt 0.000000 0.083333
vt 0.500000 0.000000
vt 0.000000 0.000000
vt 0.000000 0.166667
vt 0.500000 0.083333
vt 0.500000 0.250000
vt 0.000000 0.250000
vt 0.500000 0.333333
vt 0.000000 0.333333
vt 0.500000 0.416667
vt 0.000000 0.416667
vt 0.500000 0.500000
vt 0.000000 0.500000
vt 0.500000 0.583333
vt 0.000000 0.583333
vt 0.500000 0.666667
vt 0.000000 0.666667
vt 0.000000 0.750000
vt 0.000000 0.833333
vt 0.500000 0.750000
vt 0.500000 0.833333
vt 1.000000 1.000000
vt 0.500000 1.000000
vt 1.000000 0.083333
vt 1.000000 0.166667
vt 0.500000 0.166667
vt 1.000000 0.250000
vt 1.000000 0.333333
vt 1.000000 0.416667
vt 1.000000 0.500000
vt 1.000000 0.583333
vt 1.000000 0.750000
vt 1.000000 0.833333
vt 1.000000 0.916667
vt 0.000000 1.000000
vt 0.500000 0.916667
vt 0.000000 0.916667
vt 0.000000 0.083333
vt 0.500000 0.000000
vt 0.000000 0.000000
vt 0.000000 0.166667
vt 0.500000 0.083333
vt 0.500000 0.250000
vt 0.000000 0.250000
vt 0.500000 0.333333
vt 0.000000 0.333333
vt 0.500000 0.416667
vt 0.000000 0.416667
vt 0.500000 0.500000
vt 0.000000 0.500000
vt 0.500000 0.583333
vt 0.000000 0.583333
vt 0.500000 0.666667
vt 0.000000 0.666667
vt 0.000000 0.750000
vt 0.000000 0.833333
vt 0.500000 0.750000
vt 0.500000 0.833333
vt 1.000000 1.000000
vt 0.500000 1.000000
vt 1.000000 0.083333
vt 1.000000 0.166667
vt 0.500000 0.166667
vt 1.000000 0.250000
vt 1.000000 0.333333
vt 1.000000 0.416667
vt 1.000000 0.500000
vt 1.000000 0.583333
vt 1.000000 0.750000
vt 1.000000 0.833333
vt 1.000000 0.916667
vt 0.000000 1.000000
vt 0.500000 0.916667
vt 0.000000 0.916667
vt 0.000000 0.083333
vt 0.500000 0.000000
vt 0.000000 0.000000
vt 0.000000 0.166667
vt 0.500000 0.083333
vt 0.500000 0.250000
vt 0.000000 0.250000
vt 0.500000 0.333333
vt 0.000000 0.333333
vt 0.500000 0.416667
vt 0.000000 0.416667
vt 0.500000 0.500000
vt 0.000000 0.500000
vt 0.500000 0.583333
vt 0.000000 0.583333
vt 0.500000 0.666667
vt 0.000000 0.666667
vt 0.000000 0.750000
vt 0.000000 0.833333
vt 0.500000 0.750000
vt 0.500000 0.833333
vt 1.000000 1.000000
vt 0.500000 1.000000
vt 1.000000 0.083333
vt 1.000000 0.166667
vt 0.500000 0.166667
vt 1.000000 0.250000
vt 1.000000 0.333333
vt 1.000000 0.416667
vt 1.000000 0.500000
vt 1.000000 0.583333
vt 1.000000 0.750000
vt 1.000000 0.833333
vt 1.000000 0.916667
vt 0.000000 1.000000
vt 0.500000 0.916667
vt 0.000000 0.916667
vt 0.000000 0.083333
vt 0.500000 0.000000
vt 0.000000 0.000000
vt 0.000000 0.166667
vt 0.500000 0.083333
vt 0.500000 0.250000
vt 0.000000 0.250000
vt 0.500000 0.333333
vt 0.000000 0.333333
vt 0.500000 0.416667
vt 0.000000 0.416667
vt 0.500000 0.500000
vt 0.000000 0.500000
vt 0.500000 0.583333
vt 0.000000 0.583333
vt 0.500000 0.666667
vt 0.000000 0.666667
vt 0.000000 0.750000
vt 0.000000 0.833333
vt 0.500000 0.750000
vt 0.500000 0.833333
vt 1.000000 1.000000
vt 0.500000 1.000000
vt 1.000000 0.083333
vt 1.000000 0.166667
vt 0.500000 0.166667
vt 1.000000 0.250000
vt 1.000000 0.333333
vt 1.000000 0.416667
vt 1.000000 0.500000
vt 1.000000 0.583333
vt 1.000000 0.750000
vt 1.000000 0.833333
vt 1.000000 0.916667
vt 1.000000 1.000000
vt 0.000000 0.916667
vt 0.000000 1.000000
vt 1.000000 0.083333
vt 0.000000 0.000000
vt 0.000000 0.083333
vt 1.000000 0.166667
vt 0.000000 0.166667
vt 1.000000 0.250000
vt 0.000000 0.250000
vt 1.000000 0.333333
vt 0.000000 0.333333
vt 1.000000 0.416667
vt 0.000000 0.416667
vt 1.000000 0.500000
vt 0.000000 0.500000
vt 1.000000 0.583333
vt 0.000000 0.583333
vt 1.000000 0.666667
vt 0.000000 0.666667
vt 1.000000 0.750000
vt 0.000000 0.750000
vt 1.000000 0.833333
vt 0.000000 0.833333
vt 1.000000 0.916667
vt 0.000000 1.000000
vt 0.500000 0.916667
vt 0.000000 0.916667
vt 0.000000 0.083333
vt 0.500000 0.000000
vt 0.000000 0.000000
vt 0.000000 0.166667
vt 0.500000 0.083333
vt 0.500000 0.250000
vt 0.000000 0.250000
vt 0.500000 0.333333
vt 0.000000 0.333333
vt 0.500000 0.416667
vt 0.000000 0.416667
vt 0.500000 0.500000
vt 0.000000 0.500000
vt 0.500000 0.583333
vt 0.000000 0.583333
vt 0.500000 0.666667
vt 0.000000 0.666667
vt 0.000000 0.750000
vt 0.000000 0.833333
vt 0.500000 0.750000
vt 0.500000 0.833333
vt 1.000000 1.000000
vt 0.500000 1.000000
vt 1.000000 0.083333
vt 1.000000 0.166667
vt 0.500000 0.166667
vt 1.000000 0.250000
vt 1.000000 0.333333
vt 1.000000 0.416667
vt 1.000000 0.500000
vt 1.000000 0.583333
vt 1.000000 0.750000
vt 1.000000 0.833333
vt 1.000000 0.916667
vt 0.000000 1.000000
vt 0.500000 0.916667
vt 0.000000 0.916667
vt 0.000000 0.083333
vt 0.500000 0.000000
vt 0.000000 0.000000
vt 0.000000 0.166667
vt 0.500000 0.083333
vt 0.500000 0.250000
vt 0.000000 0.250000
vt 0.500000 0.333333
vt 0.000000 0.333333
vt 0.500000 0.416667
vt 0.000000 0.416667
vt 0.500000 0.500000
vt 0.000000 0.500000
vt 0.500000 0.583333
vt 0.000000 0.583333
vt 0.500000 0.666667
vt 0.000000 0.666667
vt 0.000000 0.750000
vt 0.000000 0.833333
vt 0.500000 0.750000
vt 0.500000 0.833333
vt 1.000000 1.000000
vt 0.500000 1.000000
vt 1.000000 0.083333
vt 1.000000 0.166667
vt 0.500000 0.166667
vt 1.000000 0.250000
vt 1.000000 0.333333
vt 1.000000 0.416667
vt 1.000000 0.500000
vt 1.000000 0.583333
vt 1.000000 0.750000
vt 1.000000 0.833333
vt 1.000000 0.916667
vt 1.000000 1.000000
vt 0.000000 0.916667
vt 0.000000 1.000000
vt 1.000000 0.083333
vt 0.000000 0.000000
vt 0.000000 0.083333
vt 1.000000 0.166667
vt 0.000000 0.166667
vt 1.000000 0.250000
vt 0.000000 0.250000
vt 1.000000 0.333333
vt 0.000000 0.333333
vt 1.000000 0.416667
vt 0.000000 0.416667
vt 1.000000 0.500000
vt 0.000000 0.500000
vt 1.000000 0.583333
vt 0.000000 0.583333
vt 1.000000 0.666667
vt 0.000000 0.666667
vt 1.000000 0.750000
vt 0.000000 0.750000
vt 1.000000 0.833333
vt 0.000000 0.833333
vt 1.000000 0.916667
vt 1.000000 1.000000
vt 0.000000 0.916667
vt 0.000000 1.000000
vt 1.000000 0.083333
vt 0.000000 0.000000
vt 0.000000 0.083333
vt 1.000000 0.166667
vt 0.000000 0.166667
vt 1.000000 0.250000
vt 0.000000 0.250000
vt 1.000000 0.333333
vt 0.000000 0.333333
vt 1.000000 0.416667
vt 0.000000 0.416667
vt 1.000000 0.500000
vt 0.000000 0.500000
vt 1.000000 0.583333
vt 0.000000 0.583333
vt 1.000000 0.666667
vt 0.000000 0.666667
vt 1.000000 0.750000
vt 0.000000 0.750000
vt 1.000000 0.833333
vt 0.000000 0.833333
vt 1.000000 0.916667
vt 1.000000 1.000000
vt 0.000000 0.916667
vt 0.000000 1.000000
vt 1.000000 0.083333
vt 0.000000 0.000000
vt 0.000000 0.083333
vt 1.000000 0.166667
vt 0.000000 0.166667
vt 1.000000 0.250000
vt 0.000000 0.250000
vt 1.000000 0.333333
vt 0.000000 0.333333
vt 1.000000 0.416667
vt 0.000000 0.416667
vt 1.000000 0.500000
vt 0.000000 0.500000
vt 1.000000 0.583333
vt 0.000000 0.583333
vt 1.000000 0.666667
vt 0.000000 0.666667
vt 1.000000 0.750000
vt 0.000000 0.750000
vt 1.000000 0.833333
vt 0.000000 0.833333
vt 1.000000 0.916667
vt 1.000000 1.000000
vt 0.000000 0.916667
vt 0.000000 1.000000
vt 1.000000 0.083333
vt 0.000000 0.000000
vt 0.000000 0.083333
vt 1.000000 0.166667
vt 0.000000 0.166667
vt 1.000000 0.250000
vt 0.000000 0.250000
vt 1.000000 0.333333
vt 0.000000 0.333333
vt 1.000000 0.416667
vt 0.000000 0.416667
vt 1.000000 0.500000
vt 0.000000 0.500000
vt 1.000000 0.583333
vt 0.000000 0.583333
vt 1.000000 0.666667
vt 0.000000 0.666667
vt 1.000000 0.750000
vt 0.000000 0.750000
vt 1.000000 0.833333
vt 0.000000 0.833333
vt 1.000000 0.916667
vt 1.000000 1.000000
vt 0.000000 0.916667
vt 0.000000 1.000000
vt 1.000000 0.083333
vt 0.000000 0.000000
vt 0.000000 0.083333
vt 1.000000 0.166667
vt 0.000000 0.166667
vt 1.000000 0.250000
vt 0.000000 0.250000
vt 1.000000 0.333333
vt 0.000000 0.333333
vt 1.000000 0.416667
vt 0.000000 0.416667
vt 1.000000 0.500000
vt 0.000000 0.500000
vt 1.000000 0.583333
vt 0.000000 0.583333
vt 1.000000 0.666667
vt 0.000000 0.666667
vt 1.000000 0.750000
vt 0.000000 0.750000
vt 1.000000 0.833333
vt 0.000000 0.833333
vt 1.000000 0.916667
vt 1.000000 1.000000
vt 1.000000 0.166667
vt 1.000000 0.000000
vt 1.000000 0.666667
vt 1.000000 0.000000
vt 1.000000 0.666667
vt 1.000000 1.000000
vt 1.000000 0.166667
vt 1.000000 1.000000
vt 1.000000 0.166667
vt 1.000000 0.000000
vt 1.000000 0.666667
vt 1.000000 0.000000
vt 1.000000 0.666667
vt 1.000000 0.000000
vt 1.000000 0.666667
vt 1.000000 0.000000
vt 1.000000 0.666667
vt 1.000000 0.000000
vt 1.000000 0.666667
vt 1.000000 0.000000
vt 1.000000 0.666667
vt 1.000000 0.000000
vt 1.000000 0.666667
vt 1.000000 0.000000
vt 1.000000 0.000000
vt 1.000000 0.666667
vt 1.000000 0.000000
vt 1.000000 0.666667
vt 1.000000 0.000000
vt 1.000000 0.000000
vt 1.000000 0.666667
vt 1.000000 0.000000
vt 1.000000 0.666667
vt 1.000000 0.000000
vt 1.000000 0.000000
vt 1.000000 0.666667
vt 1.000000 0.000000
vt 1.000000 0.666667
vt 1.000000 0.000000
vt 1.000000 0.666667
vt 1.000000 0.000000
vt 1.000000 0.666667
vt 1.000000 0.000000
vt 1.000000 0.000000
vt 1.000000 0.666667
vt 1.000000 0.000000
vt 1.000000 0.666667
vt 1.000000 0.000000
vt 1.000000 0.666667
vt 1.000000 0.000000
vt 1.000000 0.666667
vt 1.000000 0.000000
vt 1.000000 0.000000
vt 1.000000 0.666667
vt 1.000000 0.000000
vt 1.000000 0.666667
vt 1.000000 0.000000
vt 1.000000 0.000000
vt 1.000000 0.000000
vt 1.000000 0.000000
vt 1.000000 0.000000
vn -0.9990 0.0008 0.0446
vn -0.9864 0.0055 0.1644
vn -0.8490 0.0205 0.5280
vn 0.8489 0.0205 0.5281
vn 0.9864 0.0055 0.1644
vn 0.9990 0.0008 0.0446
vn 0.9990 0.0000 -0.0446
vn 0.9864 0.0029 -0.1644
vn 0.8490 0.0159 -0.5281
vn -0.8490 0.0159 -0.5281
vn -0.9864 0.0029 -0.1644
vn -0.9990 0.0000 -0.0446
vn -0.9955 -0.0944 0.0000
vn -0.9428 -0.3333 0.0000
vn -0.6040 -0.7970 0.0000
vn 0.6040 -0.7970 0.0000
vn 0.9428 -0.3333 0.0000
vn 0.9955 -0.0943 0.0000
vn 0.9955 0.0943 0.0000
vn 0.9428 0.3333 0.0000
vn 0.6040 0.7970 0.0000
vn -0.6040 0.7970 0.0000
vn -0.9428 0.3333 0.0000
vn -0.9955 0.0944 0.0000
vn -0.9980 -0.0000 -0.0631
vn -0.9727 0.0044 -0.2322
vn -0.7432 0.0223 -0.6686
vn 0.7432 0.0223 -0.6687
vn 0.9727 0.0044 -0.2321
vn 0.9980 0.0000 -0.0631
vn 0.9981 0.0011 0.0623
vn 0.9743 0.0068 0.2251
vn 0.7580 0.0225 0.6518
vn -0.7581 0.0225 0.6518
vn -0.9743 0.0068 0.2251
vn -0.9981 0.0011 0.0623
vn -0.9990 0.0000 0.0446
vn -0.9864 0.0029 0.1644
vn -0.8490 0.0159 0.5281
vn 0.8490 0.0159 0.5282
vn 0.9864 0.0029 0.1644
vn 0.9990 0.0000 0.0446
vn 0.9990 0.0008 -0.0446
vn 0.9864 0.0055 -0.1644
vn 0.8490 0.0205 -0.5281
vn -0.8490 0.0205 -0.5280
vn -0.9864 0.0055 -0.1644
vn -0.9990 0.0008 -0.0446
vn -0.9955 0.0943 0.0000
vn 0.9955 0.0944 0.0000
vn -0.9955 -0.0943 0.0000
vn -0.9981 0.0011 -0.0623
vn -0.9743 0.0068 -0.2251
vn -0.7580 0.0225 -0.6518
vn 0.7580 0.0225 -0.6518
vn 0.9743 0.0068 -0.2251
vn 0.9981 0.0011 -0.0623
vn 0.9980 0.0000 0.0631
vn 0.9727 0.0044 0.2322
vn 0.7432 0.0223 0.6687
vn -0.7433 0.0223 0.6686
vn -0.9727 0.0044 0.2322
vn -0.9980 0.0000 0.0631
vn -0.8491 0.0159 0.5280
vn 0.8491 0.0159 0.5280
vn 0.8490 0.0205 -0.5279
vn -0.8491 0.0205 -0.5279
vn 0.9955 -0.0944 0.0000
vn 0.6039 -0.7970 0.0000
vn -0.7579 0.0225 -0.6520
vn 0.7578 0.0225 -0.6521
vn 0.9727 0.0044 0.2321
vn 0.7431 0.0223 0.6688
vn -0.7430 0.0223 0.6689
vn 0.8489 0.0205 0.5282
vn 0.8490 0.0159 -0.5282
vn -0.9428 0.3334 0.0000
vn -0.7433 0.0223 -0.6686
vn 0.7433 0.0223 -0.6686
vn 0.7579 0.0225 0.6520
vn -0.7579 0.0225 0.6520
vn 0.8490 0.0205 0.5281
vn -0.8491 0.0159 -0.5281
vn 0.7580 0.0225 0.6519
vn 0.8490 0.0159 0.5281
vn 0.8489 0.0205 -0.5281
vn -0.9956 0.0936 0.0005
vn -0.9442 0.3295 0.0029
vn -0.6098 0.7925 0.0080
vn 0.6098 0.7925 0.0080
vn 0.9442 0.3294 0.0029
vn 0.9956 0.0936 0.0005
vn 0.9420 -0.3357 0.0018
vn 0.5985 -0.8011 0.0076
vn -0.5985 -0.8011 0.0076
vn -0.9419 -0.3358 0.0018
vn -0.8490 0.0205 -0.5281
vn -0.9442 0.3294 0.0029
vn 0.6097 0.7926 0.0080
vn -0.9420 -0.3357 0.0018
vn -0.9978 0.0669 0.0000
vn -0.9701 0.2425 -0.0013
vn -0.7312 0.6822 -0.0060
vn 0.7311 0.6822 -0.0060
vn 0.9702 0.2425 -0.0013
vn 0.9978 0.0669 0.0000
vn 0.9978 -0.0669 -0.0004
vn 0.9702 -0.2425 -0.0023
vn 0.7311 -0.6822 -0.0075
vn -0.7311 -0.6822 -0.0075
vn -0.9701 -0.2425 -0.0023
vn -0.9978 -0.0669 -0.0004
vn -0.7579 0.0225 -0.6519
vn 0.9980 0.0000 0.0630
vn 0.7430 0.0223 0.6689
vn -0.7429 0.0223 0.6690
vn 0.9702 0.2425 0.0013
vn 0.7311 0.6822 0.0060
vn -0.7312 0.6822 0.0060
vn -0.9701 0.2425 0.0013
vn -0.9978 -0.0669 0.0004
vn -0.9701 -0.2425 0.0023
vn -0.7312 -0.6822 0.0075
vn 0.7311 -0.6822 0.0075
vn 0.9702 -0.2425 0.0023
vn 0.9978 -0.0669 0.0004
vn 0.7581 0.0225 0.6518
vn -0.7582 0.0225 0.6517
vn -0.7434 0.0223 -0.6685
vn -0.7311 -0.6822 0.0075
vn 0.7582 0.0225 0.6517
vn -0.7582 0.0225 0.6516
vn -0.7432 0.0223 -0.6687
vn 0.9980 0.0000 -0.0630
vn -0.8491 0.0205 0.5279
vn 0.8490 0.0205 0.5279
vn 0.8491 0.0159 -0.5280
vn -0.8491 0.0159 -0.5280
vn -0.9420 -0.3357 -0.0018
vn -0.5985 -0.8011 -0.0076
vn 0.5985 -0.8011 -0.0076
vn 0.9420 -0.3357 -0.0018
vn 0.9956 0.0936 -0.0005
vn 0.9442 0.3294 -0.0029
vn 0.6097 0.7926 -0.0080
vn -0.6098 0.7925 -0.0080
vn -0.9442 0.3294 -0.0029
vn -0.9956 0.0936 -0.0005
vn -0.9978 -0.0669 0.0000
vn -0.9701 -0.2425 0.0000
vn -0.7312 -0.6822 0.0000
vn 0.7311 -0.6822 0.0000
vn 0.9702 -0.2425 0.0000
vn 0.9978 -0.0669 0.0000
vn 0.9702 0.2425 0.0000
vn 0.7312 0.6822 0.0000
vn -0.7312 0.6822 0.0000
vn -0.9701 0.2425 0.0000
vn -0.9980 0.0000 -0.0630
vn 0.7579 0.0225 0.6519
vn -0.7580 0.0225 0.6519
vn 0.7431 0.0223 -0.6688
vn -0.9864 0.0000 -0.1644
vn -0.8492 0.0000 -0.5280
vn 0.8491 0.0000 -0.5282
vn 0.9864 0.0000 -0.1644
vn 0.9864 0.0000 0.1644
vn 0.8492 0.0000 0.5281
vn -0.8491 0.0000 0.5282
vn -0.9864 0.0000 0.1644
vn 0.7312 0.6822 0.0060
vn -0.7581 0.0225 0.6517
vn 0.9701 0.2425 0.0013
vn -0.8490 0.0159 0.5282
vn 0.8489 0.0159 0.5283
vn 0.8490 0.0205 -0.5280
vn -0.8489 0.0205 -0.5281
vn -0.8491 0.0159 0.5281
vn -0.8492 0.0000 0.5280
vn 0.8491 0.0000 0.5282
vn 0.8492 0.0000 -0.5281
vn -0.8491 0.0000 -0.5282
vn 0.7582 0.0225 0.6516
vn -0.9727 0.0044 -0.2321
vn 0.7434 0.0223 -0.6685
vn 0.9701 0.2425 0.0000
vn -0.7432 0.0223 0.6687
vn -0.7581 0.0225 -0.6518
vn 0.9428 -0.3332 0.0000
vn 0.7581 0.0225 0.6517
vn -0.8489 0.0205 0.5281
vn 0.7578 0.0225 0.6521
vn -0.7431 0.0223 -0.6689
vn 0.8490 0.0205 0.5280
vn -0.9980 0.0000 0.0630
vn 0.7434 0.0223 0.6685
vn 0.7433 0.0223 0.6686
vn 0.8489 0.0205 -0.5282
vn 0.7430 0.0223 -0.6689
vn -0.9727 0.0044 0.2321
vn -0.7431 0.0223 0.6688
vn 0.7579 0.0225 -0.6520
vn -0.7312 -0.6822 -0.0075
vn 0.7311 0.6822 0.0000
vn 0.6098 0.7926 0.0080
vn 0.9727 0.0044 -0.2322
vn -0.7435 0.0223 -0.6684
vn -0.7434 0.0223 -0.6684
vn -0.7433 0.0223 -0.6685
vn 0.9701 -0.2425 0.0000
usemtl None
s off
f 2947/3476/77 2946/3477/77 2935/3478/77
f 2948/3479/78 2935/3480/78 2936/3481/78
f 2949/3482/79 2936/3481/79 2937/3483/79
f 2938/3484/80 2949/3482/80 2937/3483/80
f 2939/3485/81 2950/3486/81 2938/3484/81
f 2940/3487/82 2951/3488/82 2939/3485/82
f 2941/3489/83 2952/3490/83 2940/3487/83
f 2942/3491/84 2953/3492/84 2941/3489/84
f 2943/3493/85 2954/3494/85 2942/3491/85
f 2956/3495/86 2943/3493/86 2944/3496/86
f 2957/3497/87 2944/3496/87 2945/3498/87
f 2958/3499/88 2945/3498/88 2946/3477/88
f 2959/3500/89 2958/3499/89 2947/3476/89
f 2960/3501/90 2947/3502/90 2948/3479/90
f 2949/3482/91 2960/3501/91 2948/3479/91
f 2962/3503/92 2949/3482/92 2950/3486/92
f 2963/3504/93 2950/3486/93 2951/3488/93
f 2964/3505/94 2951/3488/94 2952/3490/94
f 2965/3506/95 2952/3490/95 2953/3492/95
f 2966/3507/96 2953/3492/96 2954/3494/96
f 2955/3508/97 2966/3507/97 2954/3494/97
f 2968/3509/98 2955/3508/98 2956/3495/98
f 2969/3510/99 2956/3495/99 2957/3497/99
f 2970/3511/100 2957/3497/100 2958/3499/100
f 2959/3500/101 2982/3512/101 2970/3511/101
f 2960/3501/102 2971/3513/102 2959/3514/102
f 2961/3515/103 2972/3516/103 2960/3501/103
f 2974/3517/104 2961/3515/104 2962/3503/104
f 2975/3518/105 2962/3503/105 2963/3504/105
f 2976/3519/106 2963/3504/106 2964/3505/106
f 2977/3520/107 2964/3505/107 2965/3506/107
f 2978/3521/108 2965/3506/108 2966/3507/108
f 2979/3522/109 2966/3507/109 2967/3523/109
f 2968/3509/110 2979/3522/110 2967/3523/110
f 2969/3510/111 2980/3524/111 2968/3509/111
f 2970/3511/112 2981/3525/112 2969/3510/112
f 2983/3526/113 3006/3527/113 2994/3528/113
f 2984/3529/114 2995/3530/114 2983/3531/114
f 2985/3532/115 2996/3533/115 2984/3529/115
f 2998/3534/116 2985/3532/116 2986/3535/116
f 2999/3536/117 2986/3535/117 2987/3537/117
f 3000/3538/118 2987/3537/118 2988/3539/118
f 3001/3540/119 2988/3539/119 2989/3541/119
f 3002/3542/120 2989/3541/120 2990/3543/120
f 3003/3544/121 2990/3543/121 2991/3545/121
f 2992/3546/122 3003/3544/122 2991/3545/122
f 2993/3547/123 3004/3548/123 2992/3546/123
f 2994/3528/124 3005/3549/124 2993/3547/124
f 3007/3550/125 3006/3527/125 2995/3551/125
f 3008/3552/99 2995/3530/99 2996/3533/99
f 3009/3553/98 2996/3533/98 2997/3554/98
f 3010/3555/97 2997/3554/97 2998/3534/97
f 3011/3556/96 2998/3534/96 2999/3536/96
f 3012/3557/126 2999/3536/126 3000/3538/126
f 3013/3558/94 3000/3538/94 3001/3540/94
f 3014/3559/93 3001/3540/93 3002/3542/93
f 3015/3560/92 3002/3542/92 3003/3544/92
f 3016/3561/91 3003/3544/91 3004/3548/91
f 3017/3562/90 3004/3548/90 3005/3549/90
f 3018/3563/127 3005/3549/127 3006/3527/127
f 3019/3564/128 3018/3563/128 3007/3550/128
f 3020/3565/129 3007/3566/129 3008/3552/129
f 3021/3567/130 3008/3552/130 3009/3553/130
f 3010/3555/131 3021/3567/131 3009/3553/131
f 3011/3556/132 3022/3568/132 3010/3555/132
f 3012/3557/133 3023/3569/133 3011/3556/133
f 3013/3558/134 3024/3570/134 3012/3557/134
f 3014/3559/135 3025/3571/135 3013/3558/135
f 3015/3560/136 3026/3572/136 3014/3559/136
f 3028/3573/137 3015/3560/137 3016/3561/137
f 3029/3574/138 3016/3561/138 3017/3562/138
f 3030/3575/139 3017/3562/139 3018/3563/139
f 3031/3576/113 3054/3577/113 3042/3578/113
f 3032/3579/114 3043/3580/114 3031/3581/114
f 3033/3582/140 3044/3583/140 3032/3579/140
f 3046/3584/141 3033/3582/141 3034/3585/141
f 3047/3586/117 3034/3585/117 3035/3587/117
f 3048/3588/118 3035/3587/118 3036/3589/118
f 3049/3590/119 3036/3589/119 3037/3591/119
f 3050/3592/120 3037/3591/120 3038/3593/120
f 3051/3594/142 3038/3593/142 3039/3595/142
f 3040/3596/143 3051/3594/143 3039/3595/143
f 3041/3597/123 3052/3598/123 3040/3596/123
f 3042/3578/124 3053/3599/124 3041/3597/124
f 3055/3600/125 3054/3577/125 3043/3601/125
f 3056/3602/99 3043/3580/99 3044/3583/99
f 3057/3603/98 3044/3583/98 3045/3604/98
f 3046/3584/97 3057/3603/97 3045/3604/97
f 3059/3605/96 3046/3584/96 3047/3586/96
f 3060/3606/95 3047/3586/95 3048/3588/95
f 3061/3607/144 3048/3588/144 3049/3590/144
f 3062/3608/93 3049/3590/93 3050/3592/93
f 3063/3609/145 3050/3592/145 3051/3594/145
f 3064/3610/91 3051/3594/91 3052/3598/91
f 3065/3611/90 3052/3598/90 3053/3599/90
f 3066/3612/127 3053/3599/127 3054/3577/127
f 3067/3613/128 3066/3612/128 3055/3600/128
f 3068/3614/129 3055/3615/129 3056/3602/129
f 3069/3616/146 3056/3602/146 3057/3603/146
f 3058/3617/147 3069/3616/147 3057/3603/147
f 3059/3605/132 3070/3618/132 3058/3617/132
f 3060/3606/133 3071/3619/133 3059/3605/133
f 3061/3607/134 3072/3620/134 3060/3606/134
f 3062/3608/148 3073/3621/148 3061/3607/148
f 3063/3609/149 3074/3622/149 3062/3608/149
f 3076/3623/150 3063/3609/150 3064/3610/150
f 3077/3624/138 3064/3610/138 3065/3611/138
f 3078/3625/139 3065/3611/139 3066/3612/139
f 3091/3626/77 3090/3627/77 3079/3628/77
f 3092/3629/78 3079/3630/78 3080/3631/78
f 3093/3632/79 3080/3631/79 3081/3633/79
f 3082/3634/151 3093/3632/151 3081/3633/151
f 3083/3635/81 3094/3636/81 3082/3634/81
f 3084/3637/82 3095/3638/82 3083/3635/82
f 3085/3639/83 3096/3640/83 3084/3637/83
f 3086/3641/84 3097/3642/84 3085/3639/84
f 3087/3643/152 3098/3644/152 3086/3641/152
f 3100/3645/86 3087/3643/86 3088/3646/86
f 3101/3647/87 3088/3646/87 3089/3648/87
f 3102/3649/88 3089/3648/88 3090/3627/88
f 3091/3626/127 3114/3650/127 3102/3649/127
f 3104/3651/90 3091/3652/90 3092/3629/90
f 3105/3653/91 3092/3629/91 3093/3632/91
f 3106/3654/92 3093/3632/92 3094/3636/92
f 3107/3655/93 3094/3636/93 3095/3638/93
f 3108/3656/94 3095/3638/94 3096/3640/94
f 3109/3657/126 3096/3640/126 3097/3642/126
f 3110/3658/96 3097/3642/96 3098/3644/96
f 3111/3659/97 3098/3644/97 3099/3660/97
f 3112/3661/98 3099/3660/98 3100/3645/98
f 3113/3662/153 3100/3645/153 3101/3647/153
f 3114/3650/100 3101/3647/100 3102/3649/100
f 3103/3663/101 3126/3664/101 3114/3650/101
f 3104/3651/102 3115/3665/102 3103/3666/102
f 3105/3653/154 3116/3667/154 3104/3651/154
f 3118/3668/155 3105/3653/155 3106/3654/155
f 3119/3669/105 3106/3654/105 3107/3655/105
f 3120/3670/106 3107/3655/106 3108/3656/106
f 3121/3671/107 3108/3656/107 3109/3657/107
f 3122/3672/108 3109/3657/108 3110/3658/108
f 3123/3673/156 3110/3658/156 3111/3659/156
f 3112/3661/157 3123/3673/157 3111/3659/157
f 3113/3662/111 3124/3674/111 3112/3661/111
f 3114/3650/112 3125/3675/112 3113/3662/112
f 3139/3676/77 3138/3677/77 3127/3678/77
f 3140/3679/78 3127/3680/78 3128/3681/78
f 3141/3682/79 3128/3681/79 3129/3683/79
f 3130/3684/158 3141/3682/158 3129/3683/158
f 3131/3685/81 3142/3686/81 3130/3684/81
f 3132/3687/82 3143/3688/82 3131/3685/82
f 3133/3689/83 3144/3690/83 3132/3687/83
f 3134/3691/84 3145/3692/84 3133/3689/84
f 3135/3693/85 3146/3694/85 3134/3691/85
f 3148/3695/159 3135/3693/159 3136/3696/159
f 3149/3697/87 3136/3696/87 3137/3698/87
f 3150/3699/88 3137/3698/88 3138/3677/88
f 3151/3700/127 3150/3699/127 3139/3676/127
f 3152/3701/90 3139/3702/90 3140/3679/90
f 3153/3703/91 3140/3679/91 3141/3682/91
f 3154/3704/92 3141/3682/92 3142/3686/92
f 3155/3705/93 3142/3686/93 3143/3688/93
f 3156/3706/94 3143/3688/94 3144/3690/94
f 3157/3707/126 3144/3690/126 3145/3692/126
f 3158/3708/96 3145/3692/96 3146/3694/96
f 3159/3709/97 3146/3694/97 3147/3710/97
f 3160/3711/98 3147/3710/98 3148/3695/98
f 3161/3712/99 3148/3695/99 3149/3697/99
f 3162/3713/100 3149/3697/100 3150/3699/100
f 3151/3700/101 3174/3714/101 3162/3713/101
f 3152/3701/102 3163/3715/102 3151/3716/102
f 3153/3703/154 3164/3717/154 3152/3701/154
f 3166/3718/155 3153/3703/155 3154/3704/155
f 3167/3719/105 3154/3704/105 3155/3705/105
f 3168/3720/106 3155/3705/106 3156/3706/106
f 3169/3721/107 3156/3706/107 3157/3707/107
f 3170/3722/108 3157/3707/108 3158/3708/108
f 3171/3723/160 3158/3708/160 3159/3709/160
f 3160/3711/110 3171/3723/110 3159/3709/110
f 3161/3712/111 3172/3724/111 3160/3711/111
f 3162/3713/112 3173/3725/112 3161/3712/112
f 3175/3726/113 3198/3727/113 3186/3728/113
f 3176/3729/114 3187/3730/114 3175/3731/114
f 3177/3732/115 3188/3733/115 3176/3729/115
f 3190/3734/161 3177/3732/161 3178/3735/161
f 3191/3736/117 3178/3735/117 3179/3737/117
f 3192/3738/118 3179/3737/118 3180/3739/118
f 3193/3740/119 3180/3739/119 3181/3741/119
f 3194/3742/120 3181/3741/120 3182/3743/120
f 3195/3744/162 3182/3743/162 3183/3745/162
f 3184/3746/122 3195/3744/122 3183/3745/122
f 3185/3747/123 3196/3748/123 3184/3746/123
f 3186/3728/124 3197/3749/124 3185/3747/124
f 3199/3750/163 3198/3727/163 3187/3751/163
f 3200/3752/164 3187/3730/164 3188/3733/164
f 3201/3753/165 3188/3733/165 3189/3754/165
f 3190/3734/166 3201/3753/166 3189/3754/166
f 3191/3736/167 3202/3755/167 3190/3734/167
f 3192/3738/168 3203/3756/168 3191/3736/168
f 3193/3740/144 3204/3757/144 3192/3738/144
f 3194/3742/169 3205/3758/169 3193/3740/169
f 3195/3744/170 3206/3759/170 3194/3742/170
f 3208/3760/171 3195/3744/171 3196/3748/171
f 3209/3761/172 3196/3748/172 3197/3749/172
f 3210/3762/127 3197/3749/127 3198/3727/127
f 3211/3763/113 3234/3764/113 3222/3765/113
f 3212/3766/114 3223/3767/114 3211/3768/114
f 3213/3769/140 3224/3770/140 3212/3766/140
f 3226/3771/141 3213/3769/141 3214/3772/141
f 3227/3773/117 3214/3772/117 3215/3774/117
f 3228/3775/118 3215/3774/118 3216/3776/118
f 3229/3777/119 3216/3776/119 3217/3778/119
f 3230/3779/120 3217/3778/120 3218/3780/120
f 3231/3781/142 3218/3780/142 3219/3782/142
f 3220/3783/173 3231/3781/173 3219/3782/173
f 3221/3784/123 3232/3785/123 3220/3783/123
f 3222/3765/124 3233/3786/124 3221/3784/124
f 3235/3787/163 3234/3764/163 3223/3788/163
f 3236/3789/174 3223/3767/174 3224/3770/174
f 3237/3790/165 3224/3770/165 3225/3791/165
f 3226/3771/175 3237/3790/175 3225/3791/175
f 3227/3773/167 3238/3792/167 3226/3771/167
f 3228/3775/168 3239/3793/168 3227/3773/168
f 3229/3777/94 3240/3794/94 3228/3775/94
f 3230/3779/169 3241/3795/169 3229/3777/169
f 3231/3781/170 3242/3796/170 3230/3779/170
f 3244/3797/171 3231/3781/171 3232/3785/171
f 3245/3798/176 3232/3785/176 3233/3786/176
f 3246/3799/127 3233/3786/127 3234/3764/127
f 3235/3787/177 3258/3800/177 3246/3799/177
f 3236/3789/178 3247/3801/178 3235/3802/178
f 3237/3790/179 3248/3803/179 3236/3789/179
f 3250/3804/180 3237/3790/180 3238/3792/180
f 3251/3805/181 3238/3792/181 3239/3793/181
f 3252/3806/182 3239/3793/182 3240/3794/182
f 3253/3807/183 3240/3794/183 3241/3795/183
f 3254/3808/184 3241/3795/184 3242/3796/184
f 3255/3809/185 3242/3796/185 3243/3810/185
f 3244/3797/186 3255/3809/186 3243/3810/186
f 3245/3798/187 3256/3811/187 3244/3797/187
f 3246/3799/188 3257/3812/188 3245/3798/188
f 3259/3813/128 3258/3800/128 3247/3814/128
f 3260/3815/129 3247/3801/129 3248/3803/129
f 3261/3816/189 3248/3803/189 3249/3817/189
f 3250/3804/147 3261/3816/147 3249/3817/147
f 3251/3805/132 3262/3818/132 3250/3804/132
f 3252/3806/133 3263/3819/133 3251/3805/133
f 3253/3807/190 3264/3820/190 3252/3806/190
f 3254/3808/135 3265/3821/135 3253/3807/135
f 3255/3809/191 3266/3822/191 3254/3808/191
f 3268/3823/192 3255/3809/192 3256/3811/192
f 3269/3824/138 3256/3811/138 3257/3812/138
f 3270/3825/139 3257/3812/139 3258/3800/139
f 3271/3826/182 3294/3827/182 3282/3828/182
f 3272/3829/193 3283/3830/193 3271/3831/193
f 3273/3832/194 3284/3833/194 3272/3829/194
f 3286/3834/195 3273/3832/195 3274/3835/195
f 3287/3836/196 3274/3835/196 3275/3837/196
f 3288/3838/177 3275/3837/177 3276/3839/177
f 3289/3840/197 3276/3839/197 3277/3841/197
f 3290/3842/198 3277/3841/198 3278/3843/198
f 3291/3844/199 3278/3843/199 3279/3845/199
f 3280/3846/200 3291/3844/200 3279/3845/200
f 3281/3847/201 3292/3848/201 3280/3846/201
f 3282/3828/202 3293/3849/202 3281/3847/202
f 3295/3850/107 3294/3827/107 3283/3851/107
f 3296/3852/108 3283/3830/108 3284/3833/108
f 3297/3853/203 3284/3833/203 3285/3854/203
f 3286/3834/204 3297/3853/204 3285/3854/204
f 3287/3836/111 3298/3855/111 3286/3834/111
f 3288/3838/112 3299/3856/112 3287/3836/112
f 3289/3840/101 3300/3857/101 3288/3838/101
f 3290/3842/102 3301/3858/102 3289/3840/102
f 3291/3844/205 3302/3859/205 3290/3842/205
f 3304/3860/155 3291/3844/155 3292/3848/155
f 3305/3861/105 3292/3848/105 3293/3849/105
f 3306/3862/106 3293/3849/106 3294/3827/106
f 3307/3863/182 3330/3864/182 3318/3865/182
f 3308/3866/193 3319/3867/193 3307/3868/193
f 3309/3869/194 3320/3870/194 3308/3866/194
f 3322/3871/195 3309/3869/195 3310/3872/195
f 3323/3873/196 3310/3872/196 3311/3874/196
f 3324/3875/177 3311/3874/177 3312/3876/177
f 3325/3877/197 3312/3876/197 3313/3878/197
f 3326/3879/198 3313/3878/198 3314/3880/198
f 3327/3881/206 3314/3880/206 3315/3882/206
f 3316/3883/200 3327/3881/200 3315/3882/200
f 3317/3884/201 3328/3885/201 3316/3883/201
f 3318/3865/202 3329/3886/202 3317/3884/202
f 3331/3887/107 3330/3864/107 3319/3888/107
f 3332/3889/108 3319/3867/108 3320/3870/108
f 3333/3890/207 3320/3870/207 3321/3891/207
f 3322/3871/208 3333/3890/208 3321/3891/208
f 3323/3873/111 3334/3892/111 3322/3871/111
f 3324/3875/112 3335/3893/112 3323/3873/112
f 3325/3877/101 3336/3894/101 3324/3875/101
f 3326/3879/102 3337/3895/102 3325/3877/102
f 3327/3881/209 3338/3896/209 3326/3879/209
f 3340/3897/155 3327/3881/155 3328/3885/155
f 3341/3898/105 3328/3885/105 3329/3886/105
f 3342/3899/210 3329/3886/210 3330/3864/210
f 3343/3900/113 3366/3901/113 3354/3902/113
f 3344/3903/114 3355/3904/114 3343/3905/114
f 3345/3906/140 3356/3907/140 3344/3903/140
f 3358/3908/141 3345/3906/141 3346/3909/141
f 3359/3910/117 3346/3909/117 3347/3911/117
f 3360/3912/118 3347/3911/118 3348/3913/118
f 3361/3914/119 3348/3913/119 3349/3915/119
f 3362/3916/120 3349/3915/120 3350/3917/120
f 3363/3918/142 3350/3917/142 3351/3919/142
f 3352/3920/143 3363/3918/143 3351/3919/143
f 3353/3921/123 3364/3922/123 3352/3920/123
f 3354/3902/124 3365/3923/124 3353/3921/124
f 3367/3924/163 3366/3901/163 3355/3925/163
f 3368/3926/174 3355/3904/174 3356/3907/174
f 3369/3927/165 3356/3907/165 3357/3928/165
f 3358/3908/175 3369/3927/175 3357/3928/175
f 3359/3910/167 3370/3929/167 3358/3908/167
f 3360/3912/168 3371/3930/168 3359/3910/168
f 3361/3914/94 3372/3931/94 3360/3912/94
f 3362/3916/169 3373/3932/169 3361/3914/169
f 3363/3918/170 3374/3933/170 3362/3916/170
f 3376/3934/171 3363/3918/171 3364/3922/171
f 3377/3935/176 3364/3922/176 3365/3923/176
f 3378/3936/127 3365/3923/127 3366/3901/127
f 3379/3937/113 3402/3938/113 3390/3939/113
f 3380/3940/114 3391/3941/114 3379/3942/114
f 3381/3943/115 3392/3944/115 3380/3940/115
f 3394/3945/161 3381/3943/161 3382/3946/161
f 3395/3947/117 3382/3946/117 3383/3948/117
f 3396/3949/118 3383/3948/118 3384/3950/118
f 3397/3951/119 3384/3950/119 3385/3952/119
f 3398/3953/120 3385/3952/120 3386/3954/120
f 3399/3955/121 3386/3954/121 3387/3956/121
f 3388/3957/122 3399/3955/122 3387/3956/122
f 3389/3958/123 3400/3959/123 3388/3957/123
f 3390/3939/124 3401/3960/124 3389/3958/124
f 3403/3961/163 3402/3938/163 3391/3962/163
f 3404/3963/174 3391/3941/174 3392/3944/174
f 3405/3964/165 3392/3944/165 3393/3965/165
f 3394/3945/175 3405/3964/175 3393/3965/175
f 3395/3947/167 3406/3966/167 3394/3945/167
f 3396/3949/168 3407/3967/168 3395/3947/168
f 3397/3951/144 3408/3968/144 3396/3949/144
f 3398/3953/169 3409/3969/169 3397/3951/169
f 3399/3955/170 3410/3970/170 3398/3953/170
f 3412/3971/171 3399/3955/171 3400/3959/171
f 3413/3972/176 3400/3959/176 3401/3960/176
f 3414/3973/127 3401/3960/127 3402/3938/127
f 3415/3974/182 3438/3975/182 3426/3976/182
f 3416/3977/193 3427/3978/193 3415/3979/193
f 3417/3980/194 3428/3981/194 3416/3977/194
f 3430/3982/195 3417/3980/195 3418/3983/195
f 3431/3984/196 3418/3983/196 3419/3985/196
f 3432/3986/177 3419/3985/177 3420/3987/177
f 3433/3988/197 3420/3987/197 3421/3989/197
f 3434/3990/198 3421/3989/198 3422/3991/198
f 3435/3992/199 3422/3991/199 3423/3993/199
f 3424/3994/200 3435/3992/200 3423/3993/200
f 3425/3995/201 3436/3996/201 3424/3994/201
f 3426/3976/202 3437/3997/202 3425/3995/202
f 3439/3998/107 3438/3975/107 3427/3999/107
f 3440/4000/108 3427/3978/108 3428/3981/108
f 3441/4001/109 3428/3981/109 3429/4002/109
f 3430/3982/110 3441/4001/110 3429/4002/110
f 3431/3984/111 3442/4003/111 3430/3982/111
f 3432/3986/112 3443/4004/112 3431/3984/112
f 3433/3988/101 3444/4005/101 3432/3986/101
f 3434/3990/102 3445/4006/102 3433/3988/102
f 3435/3992/209 3446/4007/209 3434/3990/209
f 3448/4008/104 3435/3992/104 3436/3996/104
f 3449/4009/105 3436/3996/105 3437/3997/105
f 3450/4010/106 3437/3997/106 3438/3975/106
f 3463/4011/77 3462/4012/77 3451/4013/77
f 3464/4014/78 3451/4015/78 3452/4016/78
f 3465/4017/211 3452/4016/211 3453/4018/211
f 3454/4019/212 3465/4017/212 3453/4018/212
f 3455/4020/81 3466/4021/81 3454/4019/81
f 3456/4022/82 3467/4023/82 3455/4020/82
f 3457/4024/83 3468/4025/83 3456/4022/83
f 3458/4026/84 3469/4027/84 3457/4024/84
f 3459/4028/213 3470/4029/213 3458/4026/213
f 3472/4030/214 3459/4028/214 3460/4031/214
f 3473/4032/87 3460/4031/87 3461/4033/87
f 3474/4034/88 3461/4033/88 3462/4012/88
f 3463/4011/127 3486/4035/127 3474/4034/127
f 3464/4014/215 3475/4036/215 3463/4037/215
f 3465/4017/216 3476/4038/216 3464/4014/216
f 3478/4039/217 3465/4017/217 3466/4021/217
f 3479/4040/218 3466/4021/218 3467/4023/218
f 3480/4041/94 3467/4023/94 3468/4025/94
f 3481/4042/219 3468/4025/219 3469/4027/219
f 3482/4043/220 3469/4027/220 3470/4029/220
f 3483/4044/221 3470/4029/221 3471/4045/221
f 3472/4030/222 3483/4044/222 3471/4045/222
f 3473/4032/223 3484/4046/223 3472/4030/223
f 3474/4034/224 3485/4047/224 3473/4032/224
f 3487/4048/225 3486/4035/225 3475/4049/225
f 3488/4050/226 3475/4036/226 3476/4038/226
f 3489/4051/227 3476/4038/227 3477/4052/227
f 3490/4053/228 3477/4052/228 3478/4039/228
f 3491/4054/229 3478/4039/229 3479/4040/229
f 3492/4055/230 3479/4040/230 3480/4041/230
f 3493/4056/182 3480/4041/182 3481/4042/182
f 3494/4057/231 3481/4042/231 3482/4043/231
f 3495/4058/232 3482/4043/232 3483/4044/232
f 3496/4059/233 3483/4044/233 3484/4046/233
f 3497/4060/234 3484/4046/234 3485/4047/234
f 3498/4061/177 3485/4047/177 3486/4035/177
f 3499/4062/225 3498/4061/225 3487/4048/225
f 3500/4063/226 3487/4064/226 3488/4050/226
f 3501/4065/227 3488/4050/227 3489/4051/227
f 3502/4066/228 3489/4051/228 3490/4053/228
f 3503/4067/229 3490/4053/229 3491/4054/229
f 3504/4068/230 3491/4054/230 3492/4055/230
f 3505/4069/182 3492/4055/182 3493/4056/182
f 3506/4070/231 3493/4056/231 3494/4057/231
f 3507/4071/232 3494/4057/232 3495/4058/232
f 3508/4072/233 3495/4058/233 3496/4059/233
f 3509/4073/234 3496/4059/234 3497/4060/234
f 3510/4074/177 3497/4060/177 3498/4061/177
f 3511/4075/225 3510/4074/225 3499/4062/225
f 3512/4076/226 3499/4077/226 3500/4063/226
f 3513/4078/227 3500/4063/227 3501/4065/227
f 3514/4079/228 3501/4065/228 3502/4066/228
f 3515/4080/229 3502/4066/229 3503/4067/229
f 3516/4081/230 3503/4067/230 3504/4068/230
f 3517/4082/182 3504/4068/182 3505/4069/182
f 3518/4083/231 3505/4069/231 3506/4070/231
f 3519/4084/232 3506/4070/232 3507/4071/232
f 3520/4085/233 3507/4071/233 3508/4072/233
f 3521/4086/234 3508/4072/234 3509/4073/234
f 3522/4087/177 3509/4073/177 3510/4074/177
f 3523/4088/182 3546/4089/182 3534/4090/182
f 3524/4091/193 3535/4092/193 3523/4093/193
f 3525/4094/194 3536/4095/194 3524/4091/194
f 3538/4096/195 3525/4094/195 3526/4097/195
f 3539/4098/196 3526/4097/196 3527/4099/196
f 3540/4100/177 3527/4099/177 3528/4101/177
f 3541/4102/197 3528/4101/197 3529/4103/197
f 3542/4104/198 3529/4103/198 3530/4105/198
f 3543/4106/199 3530/4105/199 3531/4107/199
f 3532/4108/200 3543/4106/200 3531/4107/200
f 3533/4109/201 3544/4110/201 3532/4108/201
f 3534/4090/202 3545/4111/202 3533/4109/202
f 3547/4112/107 3546/4089/107 3535/4113/107
f 3548/4114/108 3535/4092/108 3536/4095/108
f 3549/4115/109 3536/4095/109 3537/4116/109
f 3538/4096/110 3549/4115/110 3537/4116/110
f 3539/4098/111 3550/4117/111 3538/4096/111
f 3540/4100/112 3551/4118/112 3539/4098/112
f 3541/4102/235 3552/4119/235 3540/4100/235
f 3542/4104/102 3553/4120/102 3541/4102/102
f 3543/4106/154 3554/4121/154 3542/4104/154
f 3556/4122/155 3543/4106/155 3544/4110/155
f 3557/4123/105 3544/4110/105 3545/4111/105
f 3558/4124/106 3545/4111/106 3546/4089/106
f 3559/4125/182 3582/4126/182 3570/4127/182
f 3560/4128/193 3571/4129/193 3559/4130/193
f 3561/4131/194 3572/4132/194 3560/4128/194
f 3574/4133/195 3561/4131/195 3562/4134/195
f 3575/4135/196 3562/4134/196 3563/4136/196
f 3576/4137/177 3563/4136/177 3564/4138/177
f 3577/4139/197 3564/4138/197 3565/4140/197
f 3578/4141/198 3565/4140/198 3566/4142/198
f 3579/4143/206 3566/4142/206 3567/4144/206
f 3568/4145/200 3579/4143/200 3567/4144/200
f 3569/4146/201 3580/4147/201 3568/4145/201
f 3570/4127/202 3581/4148/202 3569/4146/202
f 3583/4149/107 3582/4126/107 3571/4150/107
f 3584/4151/108 3571/4129/108 3572/4132/108
f 3585/4152/236 3572/4132/236 3573/4153/236
f 3574/4133/237 3585/4152/237 3573/4153/237
f 3575/4135/111 3586/4154/111 3574/4133/111
f 3576/4137/112 3587/4155/112 3575/4135/112
f 3577/4139/101 3588/4156/101 3576/4137/101
f 3578/4141/102 3589/4157/102 3577/4139/102
f 3579/4143/154 3590/4158/154 3578/4141/154
f 3592/4159/238 3579/4143/238 3580/4147/238
f 3593/4160/105 3580/4147/105 3581/4148/105
f 3594/4161/106 3581/4148/106 3582/4126/106
f 3607/4162/88 3606/4163/88 3595/4164/88
f 3608/4165/239 3595/4166/239 3596/4167/239
f 3609/4168/240 3596/4167/240 3597/4169/240
f 3610/4170/241 3597/4169/241 3598/4171/241
f 3611/4172/242 3598/4171/242 3599/4173/242
f 3612/4174/83 3599/4173/83 3600/4175/83
f 3613/4176/118 3600/4175/118 3601/4177/118
f 3614/4178/243 3601/4177/243 3602/4179/243
f 3615/4180/244 3602/4179/244 3603/4181/244
f 3616/4182/245 3603/4181/245 3604/4183/245
f 3617/4184/246 3604/4183/246 3605/4185/246
f 3618/4186/113 3605/4185/113 3606/4163/113
f 3619/4187/182 3642/4188/182 3630/4189/182
f 3620/4190/193 3631/4191/193 3619/4192/193
f 3621/4193/247 3632/4194/247 3620/4190/247
f 3634/4195/195 3621/4193/195 3622/4196/195
f 3635/4197/196 3622/4196/196 3623/4198/196
f 3636/4199/177 3623/4198/177 3624/4200/177
f 3637/4201/197 3624/4200/197 3625/4202/197
f 3638/4203/198 3625/4202/198 3626/4204/198
f 3639/4205/199 3626/4204/199 3627/4206/199
f 3628/4207/200 3639/4205/200 3627/4206/200
f 3629/4208/201 3640/4209/201 3628/4207/201
f 3630/4189/202 3641/4210/202 3629/4208/202
f 3643/4211/107 3642/4188/107 3631/4212/107
f 3644/4213/108 3631/4191/108 3632/4194/108
f 3645/4214/109 3632/4194/109 3633/4215/109
f 3634/4195/248 3645/4214/248 3633/4215/248
f 3635/4197/111 3646/4216/111 3634/4195/111
f 3636/4199/112 3647/4217/112 3635/4197/112
f 3637/4201/101 3648/4218/101 3636/4199/101
f 3638/4203/102 3649/4219/102 3637/4201/102
f 3639/4205/209 3650/4220/209 3638/4203/209
f 3652/4221/238 3639/4205/238 3640/4209/238
f 3653/4222/105 3640/4209/105 3641/4210/105
f 3654/4223/106 3641/4210/106 3642/4188/106
f 3655/4224/182 3678/4225/182 3666/4226/182
f 3656/4227/249 3667/4228/249 3655/4229/249
f 3657/4230/194 3668/4231/194 3656/4227/194
f 3670/4232/195 3657/4230/195 3658/4233/195
f 3671/4234/196 3658/4233/196 3659/4235/196
f 3672/4236/177 3659/4235/177 3660/4237/177
f 3673/4238/197 3660/4237/197 3661/4239/197
f 3674/4240/198 3661/4239/198 3662/4241/198
f 3675/4242/199 3662/4241/199 3663/4243/199
f 3664/4244/200 3675/4242/200 3663/4243/200
f 3665/4245/201 3676/4246/201 3664/4244/201
f 3666/4226/202 3677/4247/202 3665/4245/202
f 3679/4248/107 3678/4225/107 3667/4249/107
f 3680/4250/108 3667/4228/108 3668/4231/108
f 3681/4251/109 3668/4231/109 3669/4252/109
f 3670/4232/110 3681/4251/110 3669/4252/110
f 3671/4234/111 3682/4253/111 3670/4232/111
f 3672/4236/112 3683/4254/112 3671/4234/112
f 3673/4238/101 3684/4255/101 3672/4236/101
f 3674/4240/102 3685/4256/102 3673/4238/102
f 3675/4242/209 3686/4257/209 3674/4240/209
f 3688/4258/104 3675/4242/104 3676/4246/104
f 3689/4259/105 3676/4246/105 3677/4247/105
f 3690/4260/106 3677/4247/106 3678/4225/106
f 3703/4261/88 3702/4262/88 3691/4263/88
f 3704/4264/239 3691/4265/239 3692/4266/239
f 3705/4267/240 3692/4266/240 3693/4268/240
f 3706/4269/241 3693/4268/241 3694/4270/241
f 3707/4271/242 3694/4270/242 3695/4272/242
f 3708/4273/83 3695/4272/83 3696/4274/83
f 3709/4275/118 3696/4274/118 3697/4276/118
f 3710/4277/243 3697/4276/243 3698/4278/243
f 3711/4279/244 3698/4278/244 3699/4280/244
f 3712/4281/245 3699/4280/245 3700/4282/245
f 3713/4283/246 3700/4282/246 3701/4284/246
f 3714/4285/113 3701/4284/113 3702/4262/113
f 3715/4286/113 3738/4287/113 3726/4288/113
f 3716/4289/114 3727/4290/114 3715/4291/114
f 3717/4292/250 3728/4293/250 3716/4289/250
f 3730/4294/251 3717/4292/251 3718/4295/251
f 3731/4296/117 3718/4295/117 3719/4297/117
f 3732/4298/118 3719/4297/118 3720/4299/118
f 3733/4300/119 3720/4299/119 3721/4301/119
f 3734/4302/120 3721/4301/120 3722/4303/120
f 3735/4304/252 3722/4303/252 3723/4305/252
f 3724/4306/253 3735/4304/253 3723/4305/253
f 3725/4307/123 3736/4308/123 3724/4306/123
f 3726/4288/124 3737/4309/124 3725/4307/124
f 3739/4310/163 3738/4287/163 3727/4311/163
f 3740/4312/174 3727/4290/174 3728/4293/174
f 3741/4313/165 3728/4293/165 3729/4314/165
f 3730/4294/175 3741/4313/175 3729/4314/175
f 3731/4296/167 3742/4315/167 3730/4294/167
f 3732/4298/168 3743/4316/168 3731/4296/168
f 3733/4300/94 3744/4317/94 3732/4298/94
f 3734/4302/169 3745/4318/169 3733/4300/169
f 3735/4304/170 3746/4319/170 3734/4302/170
f 3748/4320/171 3735/4304/171 3736/4308/171
f 3749/4321/176 3736/4308/176 3737/4309/176
f 3750/4322/127 3737/4309/127 3738/4287/127
f 3751/4323/113 3774/4324/113 3762/4325/113
f 3752/4326/114 3763/4327/114 3751/4328/114
f 3753/4329/254 3764/4330/254 3752/4326/254
f 3766/4331/161 3753/4329/161 3754/4332/161
f 3767/4333/117 3754/4332/117 3755/4334/117
f 3768/4335/118 3755/4334/118 3756/4336/118
f 3769/4337/119 3756/4336/119 3757/4338/119
f 3770/4339/120 3757/4338/120 3758/4340/120
f 3771/4341/252 3758/4340/252 3759/4342/252
f 3760/4343/253 3771/4341/253 3759/4342/253
f 3761/4344/123 3772/4345/123 3760/4343/123
f 3762/4325/124 3773/4346/124 3761/4344/124
f 3775/4347/163 3774/4324/163 3763/4348/163
f 3776/4349/174 3763/4327/174 3764/4330/174
f 3777/4350/165 3764/4330/165 3765/4351/165
f 3766/4331/175 3777/4350/175 3765/4351/175
f 3767/4333/167 3778/4352/167 3766/4331/167
f 3768/4335/168 3779/4353/168 3767/4333/168
f 3769/4337/94 3780/4354/94 3768/4335/94
f 3770/4339/169 3781/4355/169 3769/4337/169
f 3771/4341/170 3782/4356/170 3770/4339/170
f 3784/4357/171 3771/4341/171 3772/4345/171
f 3785/4358/176 3772/4345/176 3773/4346/176
f 3786/4359/127 3773/4346/127 3774/4324/127
f 3787/4360/182 3810/4361/182 3798/4362/182
f 3788/4363/193 3799/4364/193 3787/4365/193
f 3789/4366/247 3800/4367/247 3788/4363/247
f 3802/4368/195 3789/4366/195 3790/4369/195
f 3803/4370/196 3790/4369/196 3791/4371/196
f 3804/4372/177 3791/4371/177 3792/4373/177
f 3805/4374/197 3792/4373/197 3793/4375/197
f 3806/4376/198 3793/4375/198 3794/4377/198
f 3807/4378/199 3794/4377/199 3795/4379/199
f 3796/4380/200 3807/4378/200 3795/4379/200
f 3797/4381/201 3808/4382/201 3796/4380/201
f 3798/4362/202 3809/4383/202 3797/4381/202
f 3811/4384/107 3810/4361/107 3799/4385/107
f 3812/4386/108 3799/4364/108 3800/4367/108
f 3813/4387/109 3800/4367/109 3801/4388/109
f 3802/4368/110 3813/4387/110 3801/4388/110
f 3803/4370/111 3814/4389/111 3802/4368/111
f 3804/4372/112 3815/4390/112 3803/4370/112
f 3805/4374/101 3816/4391/101 3804/4372/101
f 3806/4376/102 3817/4392/102 3805/4374/102
f 3807/4378/209 3818/4393/209 3806/4376/209
f 3820/4394/104 3807/4378/104 3808/4382/104
f 3821/4395/105 3808/4382/105 3809/4383/105
f 3822/4396/106 3809/4383/106 3810/4361/106
f 3823/4397/113 3846/4398/113 3834/4399/113
f 3824/4400/114 3835/4401/114 3823/4402/114
f 3825/4403/115 3836/4404/115 3824/4400/115
f 3838/4405/161 3825/4403/161 3826/4406/161
f 3839/4407/117 3826/4406/117 3827/4408/117
f 3840/4409/118 3827/4408/118 3828/4410/118
f 3841/4411/119 3828/4410/119 3829/4412/119
f 3842/4413/120 3829/4412/120 3830/4414/120
f 3843/4415/162 3830/4414/162 3831/4416/162
f 3832/4417/173 3843/4415/173 3831/4416/173
f 3833/4418/123 3844/4419/123 3832/4417/123
f 3834/4399/124 3845/4420/124 3833/4418/124
f 3847/4421/163 3846/4398/163 3835/4422/163
f 3848/4423/164 3835/4401/164 3836/4404/164
f 3849/4424/165 3836/4404/165 3837/4425/165
f 3838/4405/175 3849/4424/175 3837/4425/175
f 3839/4407/167 3850/4426/167 3838/4405/167
f 3840/4409/168 3851/4427/168 3839/4407/168
f 3841/4411/144 3852/4428/144 3840/4409/144
f 3842/4413/169 3853/4429/169 3841/4411/169
f 3843/4415/170 3854/4430/170 3842/4413/170
f 3856/4431/171 3843/4415/171 3844/4419/171
f 3857/4432/176 3844/4419/176 3845/4420/176
f 3858/4433/127 3845/4420/127 3846/4398/127
f 3871/4434/113 3870/4435/113 3859/4436/113
f 3872/4437/246 3859/4438/246 3860/4439/246
f 3873/4440/255 3860/4439/255 3861/4441/255
f 3874/4442/256 3861/4441/256 3862/4443/256
f 3875/4444/243 3862/4443/243 3863/4445/243
f 3876/4446/118 3863/4445/118 3864/4447/118
f 3877/4448/83 3864/4447/83 3865/4449/83
f 3878/4450/242 3865/4449/242 3866/4451/242
f 3879/4452/257 3866/4451/257 3867/4453/257
f 3880/4454/258 3867/4453/258 3868/4455/258
f 3881/4456/239 3868/4455/239 3869/4457/239
f 3882/4458/88 3869/4457/88 3870/4435/88
f 3883/4459/182 3906/4460/182 3894/4461/182
f 3884/4462/193 3895/4463/193 3883/4464/193
f 3885/4465/194 3896/4466/194 3884/4462/194
f 3898/4467/195 3885/4465/195 3886/4468/195
f 3899/4469/196 3886/4468/196 3887/4470/196
f 3900/4471/177 3887/4470/177 3888/4472/177
f 3901/4473/197 3888/4472/197 3889/4474/197
f 3902/4475/198 3889/4474/198 3890/4476/198
f 3903/4477/199 3890/4476/199 3891/4478/199
f 3892/4479/200 3903/4477/200 3891/4478/200
f 3893/4480/201 3904/4481/201 3892/4479/201
f 3894/4461/202 3905/4482/202 3893/4480/202
f 3907/4483/107 3906/4460/107 3895/4484/107
f 3908/4485/108 3895/4463/108 3896/4466/108
f 3909/4486/259 3896/4466/259 3897/4487/259
f 3898/4467/208 3909/4486/208 3897/4487/208
f 3899/4469/111 3910/4488/111 3898/4467/111
f 3900/4471/112 3911/4489/112 3899/4469/112
f 3901/4473/235 3912/4490/235 3900/4471/235
f 3902/4475/260 3913/4491/260 3901/4473/260
f 3903/4477/154 3914/4492/154 3902/4475/154
f 3916/4493/261 3903/4477/261 3904/4481/261
f 3917/4494/105 3904/4481/105 3905/4482/105
f 3918/4495/210 3905/4482/210 3906/4460/210
f 3919/4496/182 3942/4497/182 3930/4498/182
f 3920/4499/193 3931/4500/193 3919/4501/193
f 3921/4502/194 3932/4503/194 3920/4499/194
f 3934/4504/195 3921/4502/195 3922/4505/195
f 3935/4506/196 3922/4505/196 3923/4507/196
f 3936/4508/177 3923/4507/177 3924/4509/177
f 3937/4510/197 3924/4509/197 3925/4511/197
f 3938/4512/198 3925/4511/198 3926/4513/198
f 3939/4514/199 3926/4513/199 3927/4515/199
f 3928/4516/200 3939/4514/200 3927/4515/200
f 3929/4517/201 3940/4518/201 3928/4516/201
f 3930/4498/202 3941/4519/202 3929/4517/202
f 3943/4520/107 3942/4497/107 3931/4521/107
f 3944/4522/108 3931/4500/108 3932/4503/108
f 3945/4523/109 3932/4503/109 3933/4524/109
f 3934/4504/110 3945/4523/110 3933/4524/110
f 3935/4506/111 3946/4525/111 3934/4504/111
f 3936/4508/112 3947/4526/112 3935/4506/112
f 3937/4510/101 3948/4527/101 3936/4508/101
f 3938/4512/102 3949/4528/102 3937/4510/102
f 3939/4514/154 3950/4529/154 3938/4512/154
f 3952/4530/104 3939/4514/104 3940/4518/104
f 3953/4531/105 3940/4518/105 3941/4519/105
f 3954/4532/106 3941/4519/106 3942/4497/106
f 3955/4533/113 3978/4534/113 3966/4535/113
f 3956/4536/114 3967/4537/114 3955/4538/114
f 3957/4539/115 3968/4540/115 3956/4536/115
f 3970/4541/161 3957/4539/161 3958/4542/161
f 3971/4543/117 3958/4542/117 3959/4544/117
f 3972/4545/118 3959/4544/118 3960/4546/118
f 3973/4547/119 3960/4546/119 3961/4548/119
f 3974/4549/120 3961/4548/120 3962/4550/120
f 3975/4551/162 3962/4550/162 3963/4552/162
f 3964/4553/173 3975/4551/173 3963/4552/173
f 3965/4554/123 3976/4555/123 3964/4553/123
f 3966/4535/124 3977/4556/124 3965/4554/124
f 3979/4557/163 3978/4534/163 3967/4558/163
f 3980/4559/174 3967/4537/174 3968/4540/174
f 3981/4560/165 3968/4540/165 3969/4561/165
f 3970/4541/166 3981/4560/166 3969/4561/166
f 3971/4543/167 3982/4562/167 3970/4541/167
f 3972/4545/168 3983/4563/168 3971/4543/168
f 3973/4547/94 3984/4564/94 3972/4545/94
f 3974/4549/169 3985/4565/169 3973/4547/169
f 3975/4551/170 3986/4566/170 3974/4549/170
f 3988/4567/171 3975/4551/171 3976/4555/171
f 3989/4568/176 3976/4555/176 3977/4556/176
f 3990/4569/127 3977/4556/127 3978/4534/127
f 3991/4570/182 4014/4571/182 4002/4572/182
f 3992/4573/193 4003/4574/193 3991/4575/193
f 3993/4576/194 4004/4577/194 3992/4573/194
f 4006/4578/195 3993/4576/195 3994/4579/195
f 4007/4580/196 3994/4579/196 3995/4581/196
f 4008/4582/177 3995/4581/177 3996/4583/177
f 4009/4584/197 3996/4583/197 3997/4585/197
f 4010/4586/198 3997/4585/198 3998/4587/198
f 4011/4588/199 3998/4587/199 3999/4589/199
f 4000/4590/200 4011/4588/200 3999/4589/200
f 4001/4591/201 4012/4592/201 4000/4590/201
f 4002/4572/202 4013/4593/202 4001/4591/202
f 4015/4594/107 4014/4571/107 4003/4595/107
f 4016/4596/108 4003/4574/108 4004/4577/108
f 4017/4597/160 4004/4577/160 4005/4598/160
f 4006/4578/110 4017/4597/110 4005/4598/110
f 4007/4580/111 4018/4599/111 4006/4578/111
f 4008/4582/112 4019/4600/112 4007/4580/112
f 4009/4584/101 4020/4601/101 4008/4582/101
f 4010/4586/102 4021/4602/102 4009/4584/102
f 4011/4588/154 4022/4603/154 4010/4586/154
f 4024/4604/155 4011/4588/155 4012/4592/155
f 4025/4605/105 4012/4592/105 4013/4593/105
f 4026/4606/106 4013/4593/106 4014/4571/106
f 4039/4607/113 4038/4608/113 4027/4609/113
f 4040/4610/246 4027/4611/246 4028/4612/246
f 4041/4613/255 4028/4612/255 4029/4614/255
f 4042/4615/256 4029/4614/256 4030/4616/256
f 4043/4617/243 4030/4616/243 4031/4618/243
f 4044/4619/118 4031/4618/118 4032/4620/118
f 4045/4621/83 4032/4620/83 4033/4622/83
f 4046/4623/242 4033/4622/242 4034/4624/242
f 4047/4625/241 4034/4624/241 4035/4626/241
f 4048/4627/240 4035/4626/240 4036/4628/240
f 4049/4629/239 4036/4628/239 4037/4630/239
f 4050/4631/88 4037/4630/88 4038/4608/88
f 4051/4632/113 4074/4633/113 4062/4634/113
f 4052/4635/114 4063/4636/114 4051/4637/114
f 4053/4638/254 4064/4639/254 4052/4635/254
f 4066/4640/161 4053/4638/161 4054/4641/161
f 4067/4642/117 4054/4641/117 4055/4643/117
f 4068/4644/118 4055/4643/118 4056/4645/118
f 4069/4646/119 4056/4645/119 4057/4647/119
f 4070/4648/120 4057/4647/120 4058/4649/120
f 4071/4650/162 4058/4649/162 4059/4651/162
f 4060/4652/253 4071/4650/253 4059/4651/253
f 4061/4653/123 4072/4654/123 4060/4652/123
f 4062/4634/124 4073/4655/124 4061/4653/124
f 4075/4656/163 4074/4633/163 4063/4657/163
f 4076/4658/174 4063/4636/174 4064/4639/174
f 4077/4659/165 4064/4639/165 4065/4660/165
f 4066/4640/175 4077/4659/175 4065/4660/175
f 4067/4642/167 4078/4661/167 4066/4640/167
f 4068/4644/168 4079/4662/168 4067/4642/168
f 4069/4646/94 4080/4663/94 4068/4644/94
f 4070/4648/169 4081/4664/169 4069/4646/169
f 4071/4650/170 4082/4665/170 4070/4648/170
f 4084/4666/171 4071/4650/171 4072/4654/171
f 4085/4667/176 4072/4654/176 4073/4655/176
f 4086/4668/127 4073/4655/127 4074/4633/127
f 4087/4669/182 4110/4670/182 4098/4671/182
f 4088/4672/193 4099/4673/193 4087/4674/193
f 4089/4675/194 4100/4676/194 4088/4672/194
f 4102/4677/195 4089/4675/195 4090/4678/195
f 4103/4679/196 4090/4678/196 4091/4680/196
f 4104/4681/177 4091/4680/177 4092/4682/177
f 4105/4683/197 4092/4682/197 4093/4684/197
f 4106/4685/198 4093/4684/198 4094/4686/198
f 4107/4687/199 4094/4686/199 4095/4688/199
f 4096/4689/200 4107/4687/200 4095/4688/200
f 4097/4690/201 4108/4691/201 4096/4689/201
f 4098/4671/202 4109/4692/202 4097/4690/202
f 4111/4693/107 4110/4670/107 4099/4694/107
f 4112/4695/108 4099/4673/108 4100/4676/108
f 4113/4696/203 4100/4676/203 4101/4697/203
f 4102/4677/110 4113/4696/110 4101/4697/110
f 4103/4679/111 4114/4698/111 4102/4677/111
f 4104/4681/112 4115/4699/112 4103/4679/112
f 4105/4683/235 4116/4700/235 4104/4681/235
f 4106/4685/102 4117/4701/102 4105/4683/102
f 4107/4687/209 4118/4702/209 4106/4685/209
f 4120/4703/104 4107/4687/104 4108/4691/104
f 4121/4704/105 4108/4691/105 4109/4692/105
f 4122/4705/106 4109/4692/106 4110/4670/106
f 4135/4706/182 4134/4707/182 4123/4708/182
f 4136/4709/262 4123/4710/262 4124/4711/262
f 4137/4712/232 4124/4711/232 4125/4713/232
f 4138/4714/233 4125/4713/233 4126/4715/233
f 4139/4716/234 4126/4715/234 4127/4717/234
f 4140/4718/177 4127/4717/177 4128/4719/177
f 4141/4720/225 4128/4719/225 4129/4721/225
f 4142/4722/226 4129/4721/226 4130/4723/226
f 4143/4724/227 4130/4723/227 4131/4725/227
f 4144/4726/228 4131/4725/228 4132/4727/228
f 4145/4728/229 4132/4727/229 4133/4729/229
f 4146/4730/230 4133/4729/230 4134/4707/230
f 4159/4731/182 4158/4732/182 4147/4733/182
f 4160/4734/262 4147/4735/262 4148/4736/262
f 4161/4737/232 4148/4736/232 4149/4738/232
f 4162/4739/233 4149/4738/233 4150/4740/233
f 4163/4741/234 4150/4740/234 4151/4742/234
f 4164/4743/177 4151/4742/177 4152/4744/177
f 4165/4745/225 4152/4744/225 4153/4746/225
f 4166/4747/226 4153/4746/226 4154/4748/226
f 4167/4749/227 4154/4748/227 4155/4750/227
f 4168/4751/228 4155/4750/228 4156/4752/228
f 4169/4753/229 4156/4752/229 4157/4754/229
f 4170/4755/230 4157/4754/230 4158/4732/230
f 4183/4756/182 4182/4757/182 4171/4758/182
f 4184/4759/231 4171/4760/231 4172/4761/231
f 4185/4762/232 4172/4761/232 4173/4763/232
f 4186/4764/233 4173/4763/233 4174/4765/233
f 4187/4766/234 4174/4765/234 4175/4767/234
f 4188/4768/177 4175/4767/177 4176/4769/177
f 4189/4770/225 4176/4769/225 4177/4771/225
f 4190/4772/226 4177/4771/226 4178/4773/226
f 4191/4774/227 4178/4773/227 4179/4775/227
f 4192/4776/228 4179/4775/228 4180/4777/228
f 4193/4778/229 4180/4777/229 4181/4779/229
f 4194/4780/230 4181/4779/230 4182/4757/230
f 4207/4781/182 4206/4782/182 4195/4783/182
f 4208/4784/231 4195/4785/231 4196/4786/231
f 4209/4787/232 4196/4786/232 4197/4788/232
f 4210/4789/233 4197/4788/233 4198/4790/233
f 4211/4791/234 4198/4790/234 4199/4792/234
f 4212/4793/177 4199/4792/177 4200/4794/177
f 4213/4795/225 4200/4794/225 4201/4796/225
f 4214/4797/226 4201/4796/226 4202/4798/226
f 4215/4799/227 4202/4798/227 4203/4800/227
f 4216/4801/228 4203/4800/228 4204/4802/228
f 4217/4803/229 4204/4802/229 4205/4804/229
f 4218/4805/230 4205/4804/230 4206/4782/230
f 4231/4806/182 4230/4807/182 4219/4808/182
f 4232/4809/262 4219/4810/262 4220/4811/262
f 4233/4812/232 4220/4811/232 4221/4813/232
f 4234/4814/233 4221/4813/233 4222/4815/233
f 4235/4816/234 4222/4815/234 4223/4817/234
f 4236/4818/177 4223/4817/177 4224/4819/177
f 4237/4820/225 4224/4819/225 4225/4821/225
f 4238/4822/226 4225/4821/226 4226/4823/226
f 4239/4824/227 4226/4823/227 4227/4825/227
f 4240/4826/228 4227/4825/228 4228/4827/228
f 4241/4828/229 4228/4827/229 4229/4829/229
f 4242/4830/230 4229/4829/230 4230/4807/230
f 2947/3476/139 2958/3499/139 2946/3477/139
f 2948/3479/138 2947/3502/138 2935/3480/138
f 2949/3482/263 2948/3479/263 2936/3481/263
f 2938/3484/136 2950/3486/136 2949/3482/136
f 2939/3485/148 2951/3488/148 2950/3486/148
f 2940/3487/134 2952/3490/134 2951/3488/134
f 2941/3489/133 2953/3492/133 2952/3490/133
f 2942/3491/132 2954/3494/132 2953/3492/132
f 2943/3493/131 2955/3508/131 2954/3494/131
f 2956/3495/264 2955/3508/264 2943/3493/264
f 2957/3497/129 2956/3495/129 2944/3496/129
f 2958/3499/128 2957/3497/128 2945/3498/128
f 2959/3500/89 2970/3511/89 2958/3499/89
f 2960/3501/90 2959/3514/90 2947/3502/90
f 2949/3482/91 2961/3515/91 2960/3501/91
f 2962/3503/92 2961/3515/92 2949/3482/92
f 2963/3504/265 2962/3503/265 2950/3486/265
f 2964/3505/94 2963/3504/94 2951/3488/94
f 2965/3506/95 2964/3505/95 2952/3490/95
f 2966/3507/96 2965/3506/96 2953/3492/96
f 2955/3508/97 2967/3523/97 2966/3507/97
f 2968/3509/98 2967/3523/98 2955/3508/98
f 2969/3510/99 2968/3509/99 2956/3495/99
f 2970/3511/100 2969/3510/100 2957/3497/100
f 2959/3500/124 2971/4831/124 2982/3512/124
f 2960/3501/123 2972/3516/123 2971/3513/123
f 2961/3515/122 2973/4832/122 2972/3516/122
f 2974/3517/162 2973/4832/162 2961/3515/162
f 2975/3518/120 2974/3517/120 2962/3503/120
f 2976/3519/119 2975/3518/119 2963/3504/119
f 2977/3520/118 2976/3519/118 2964/3505/118
f 2978/3521/117 2977/3520/117 2965/3506/117
f 2979/3522/161 2978/3521/161 2966/3507/161
f 2968/3509/115 2980/3524/115 2979/3522/115
f 2969/3510/114 2981/3525/114 2980/3524/114
f 2970/3511/113 2982/3512/113 2981/3525/113
f 2983/3526/112 2995/3551/112 3006/3527/112
f 2984/3529/111 2996/3533/111 2995/3530/111
f 2985/3532/204 2997/3554/204 2996/3533/204
f 2998/3534/266 2997/3554/266 2985/3532/266
f 2999/3536/108 2998/3534/108 2986/3535/108
f 3000/3538/107 2999/3536/107 2987/3537/107
f 3001/3540/106 3000/3538/106 2988/3539/106
f 3002/3542/105 3001/3540/105 2989/3541/105
f 3003/3544/104 3002/3542/104 2990/3543/104
f 2992/3546/103 3004/3548/103 3003/3544/103
f 2993/3547/102 3005/3549/102 3004/3548/102
f 2994/3528/101 3006/3527/101 3005/3549/101
f 3007/3550/125 3018/3563/125 3006/3527/125
f 3008/3552/99 3007/3566/99 2995/3530/99
f 3009/3553/98 3008/3552/98 2996/3533/98
f 3010/3555/97 3009/3553/97 2997/3554/97
f 3011/3556/96 3010/3555/96 2998/3534/96
f 3012/3557/126 3011/3556/126 2999/3536/126
f 3013/3558/144 3012/3557/144 3000/3538/144
f 3014/3559/93 3013/3558/93 3001/3540/93
f 3015/3560/92 3014/3559/92 3002/3542/92
f 3016/3561/91 3015/3560/91 3003/3544/91
f 3017/3562/90 3016/3561/90 3004/3548/90
f 3018/3563/127 3017/3562/127 3005/3549/127
f 3019/3564/88 3030/3575/88 3018/3563/88
f 3020/3565/87 3019/4833/87 3007/3566/87
f 3021/3567/159 3020/3565/159 3008/3552/159
f 3010/3555/85 3022/3568/85 3021/3567/85
f 3011/3556/84 3023/3569/84 3022/3568/84
f 3012/3557/83 3024/3570/83 3023/3569/83
f 3013/3558/82 3025/3571/82 3024/3570/82
f 3014/3559/81 3026/3572/81 3025/3571/81
f 3015/3560/151 3027/4834/151 3026/3572/151
f 3028/3573/267 3027/4834/267 3015/3560/267
f 3029/3574/78 3028/3573/78 3016/3561/78
f 3030/3575/77 3029/3574/77 3017/3562/77
f 3031/3576/112 3043/3601/112 3054/3577/112
f 3032/3579/111 3044/3583/111 3043/3580/111
f 3033/3582/157 3045/3604/157 3044/3583/157
f 3046/3584/268 3045/3604/268 3033/3582/268
f 3047/3586/108 3046/3584/108 3034/3585/108
f 3048/3588/107 3047/3586/107 3035/3587/107
f 3049/3590/106 3048/3588/106 3036/3589/106
f 3050/3592/105 3049/3590/105 3037/3591/105
f 3051/3594/238 3050/3592/238 3038/3593/238
f 3040/3596/269 3052/3598/269 3051/3594/269
f 3041/3597/260 3053/3599/260 3052/3598/260
f 3042/3578/101 3054/3577/101 3053/3599/101
f 3055/3600/100 3066/3612/100 3054/3577/100
f 3056/3602/99 3055/3615/99 3043/3580/99
f 3057/3603/98 3056/3602/98 3044/3583/98
f 3046/3584/97 3058/3617/97 3057/3603/97
f 3059/3605/96 3058/3617/96 3046/3584/96
f 3060/3606/126 3059/3605/126 3047/3586/126
f 3061/3607/94 3060/3606/94 3048/3588/94
f 3062/3608/265 3061/3607/265 3049/3590/265
f 3063/3609/92 3062/3608/92 3050/3592/92
f 3064/3610/91 3063/3609/91 3051/3594/91
f 3065/3611/90 3064/3610/90 3052/3598/90
f 3066/3612/127 3065/3611/127 3053/3599/127
f 3067/3613/88 3078/3625/88 3066/3612/88
f 3068/3614/87 3067/4835/87 3055/3615/87
f 3069/3616/214 3068/3614/214 3056/3602/214
f 3058/3617/213 3070/3618/213 3069/3616/213
f 3059/3605/84 3071/3619/84 3070/3618/84
f 3060/3606/83 3072/3620/83 3071/3619/83
f 3061/3607/82 3073/3621/82 3072/3620/82
f 3062/3608/81 3074/3622/81 3073/3621/81
f 3063/3609/270 3075/4836/270 3074/3622/270
f 3076/3623/79 3075/4836/79 3063/3609/79
f 3077/3624/78 3076/3623/78 3064/3610/78
f 3078/3625/77 3077/3624/77 3065/3611/77
f 3091/3626/271 3102/3649/271 3090/3627/271
f 3092/3629/138 3091/3652/138 3079/3630/138
f 3093/3632/263 3092/3629/263 3080/3631/263
f 3082/3634/272 3094/3636/272 3093/3632/272
f 3083/3635/148 3095/3638/148 3094/3636/148
f 3084/3637/190 3096/3640/190 3095/3638/190
f 3085/3639/133 3097/3642/133 3096/3640/133
f 3086/3641/132 3098/3644/132 3097/3642/132
f 3087/3643/131 3099/3660/131 3098/3644/131
f 3100/3645/264 3099/3660/264 3087/3643/264
f 3101/3647/129 3100/3645/129 3088/3646/129
f 3102/3649/128 3101/3647/128 3089/3648/128
f 3091/3626/127 3103/3663/127 3114/3650/127
f 3104/3651/90 3103/3666/90 3091/3652/90
f 3105/3653/91 3104/3651/91 3092/3629/91
f 3106/3654/92 3105/3653/92 3093/3632/92
f 3107/3655/265 3106/3654/265 3094/3636/265
f 3108/3656/144 3107/3655/144 3095/3638/144
f 3109/3657/95 3108/3656/95 3096/3640/95
f 3110/3658/96 3109/3657/96 3097/3642/96
f 3111/3659/97 3110/3658/97 3098/3644/97
f 3112/3661/98 3111/3659/98 3099/3660/98
f 3113/3662/99 3112/3661/99 3100/3645/99
f 3114/3650/125 3113/3662/125 3101/3647/125
f 3103/3663/124 3115/4837/124 3126/3664/124
f 3104/3651/123 3116/3667/123 3115/3665/123
f 3105/3653/173 3117/4838/173 3116/3667/173
f 3118/3668/162 3117/4838/162 3105/3653/162
f 3119/3669/120 3118/3668/120 3106/3654/120
f 3120/3670/119 3119/3669/119 3107/3655/119
f 3121/3671/118 3120/3670/118 3108/3656/118
f 3122/3672/117 3121/3671/117 3109/3657/117
f 3123/3673/141 3122/3672/141 3110/3658/141
f 3112/3661/115 3124/3674/115 3123/3673/115
f 3113/3662/114 3125/3675/114 3124/3674/114
f 3114/3650/113 3126/3664/113 3125/3675/113
f 3139/3676/139 3150/3699/139 3138/3677/139
f 3140/3679/138 3139/3702/138 3127/3680/138
f 3141/3682/137 3140/3679/137 3128/3681/137
f 3130/3684/273 3142/3686/273 3141/3682/273
f 3131/3685/148 3143/3688/148 3142/3686/148
f 3132/3687/134 3144/3690/134 3143/3688/134
f 3133/3689/133 3145/3692/133 3144/3690/133
f 3134/3691/132 3146/3694/132 3145/3692/132
f 3135/3693/131 3147/3710/131 3146/3694/131
f 3148/3695/264 3147/3710/264 3135/3693/264
f 3149/3697/129 3148/3695/129 3136/3696/129
f 3150/3699/128 3149/3697/128 3137/3698/128
f 3151/3700/89 3162/3713/89 3150/3699/89
f 3152/3701/90 3151/3716/90 3139/3702/90
f 3153/3703/91 3152/3701/91 3140/3679/91
f 3154/3704/92 3153/3703/92 3141/3682/92
f 3155/3705/93 3154/3704/93 3142/3686/93
f 3156/3706/94 3155/3705/94 3143/3688/94
f 3157/3707/95 3156/3706/95 3144/3690/95
f 3158/3708/96 3157/3707/96 3145/3692/96
f 3159/3709/97 3158/3708/97 3146/3694/97
f 3160/3711/98 3159/3709/98 3147/3710/98
f 3161/3712/99 3160/3711/99 3148/3695/99
f 3162/3713/125 3161/3712/125 3149/3697/125
f 3151/3700/124 3163/4839/124 3174/3714/124
f 3152/3701/123 3164/3717/123 3163/3715/123
f 3153/3703/253 3165/4840/253 3164/3717/253
f 3166/3718/274 3165/4840/274 3153/3703/274
f 3167/3719/120 3166/3718/120 3154/3704/120
f 3168/3720/119 3167/3719/119 3155/3705/119
f 3169/3721/118 3168/3720/118 3156/3706/118
f 3170/3722/117 3169/3721/117 3157/3707/117
f 3171/3723/161 3170/3722/161 3158/3708/161
f 3160/3711/254 3172/3724/254 3171/3723/254
f 3161/3712/114 3173/3725/114 3172/3724/114
f 3162/3713/113 3174/3714/113 3173/3725/113
f 3175/3726/112 3187/3751/112 3198/3727/112
f 3176/3729/111 3188/3733/111 3187/3730/111
f 3177/3732/110 3189/3754/110 3188/3733/110
f 3190/3734/109 3189/3754/109 3177/3732/109
f 3191/3736/108 3190/3734/108 3178/3735/108
f 3192/3738/107 3191/3736/107 3179/3737/107
f 3193/3740/106 3192/3738/106 3180/3739/106
f 3194/3742/105 3193/3740/105 3181/3741/105
f 3195/3744/104 3194/3742/104 3182/3743/104
f 3184/3746/209 3196/3748/209 3195/3744/209
f 3185/3747/102 3197/3749/102 3196/3748/102
f 3186/3728/101 3198/3727/101 3197/3749/101
f 3199/3750/177 3210/3762/177 3198/3727/177
f 3200/3752/196 3199/4841/196 3187/3730/196
f 3201/3753/195 3200/3752/195 3188/3733/195
f 3190/3734/194 3202/3755/194 3201/3753/194
f 3191/3736/249 3203/3756/249 3202/3755/249
f 3192/3738/182 3204/3757/182 3203/3756/182
f 3193/3740/202 3205/3758/202 3204/3757/202
f 3194/3742/201 3206/3759/201 3205/3758/201
f 3195/3744/200 3207/4842/200 3206/3759/200
f 3208/3760/206 3207/4842/206 3195/3744/206
f 3209/3761/198 3208/3760/198 3196/3748/198
f 3210/3762/197 3209/3761/197 3197/3749/197
f 3211/3763/112 3223/3788/112 3234/3764/112
f 3212/3766/111 3224/3770/111 3223/3767/111
f 3213/3769/157 3225/3791/157 3224/3770/157
f 3226/3771/268 3225/3791/268 3213/3769/268
f 3227/3773/108 3226/3771/108 3214/3772/108
f 3228/3775/107 3227/3773/107 3215/3774/107
f 3229/3777/210 3228/3775/210 3216/3776/210
f 3230/3779/105 3229/3777/105 3217/3778/105
f 3231/3781/275 3230/3779/275 3218/3780/275
f 3220/3783/154 3232/3785/154 3231/3781/154
f 3221/3784/260 3233/3786/260 3232/3785/260
f 3222/3765/235 3234/3764/235 3233/3786/235
f 3235/3787/177 3246/3799/177 3234/3764/177
f 3236/3789/196 3235/3802/196 3223/3767/196
f 3237/3790/195 3236/3789/195 3224/3770/195
f 3226/3771/194 3238/3792/194 3237/3790/194
f 3227/3773/193 3239/3793/193 3238/3792/193
f 3228/3775/182 3240/3794/182 3239/3793/182
f 3229/3777/202 3241/3795/202 3240/3794/202
f 3230/3779/201 3242/3796/201 3241/3795/201
f 3231/3781/200 3243/3810/200 3242/3796/200
f 3244/3797/199 3243/3810/199 3231/3781/199
f 3245/3798/198 3244/3797/198 3232/3785/198
f 3246/3799/197 3245/3798/197 3233/3786/197
f 3235/3787/224 3247/3814/224 3258/3800/224
f 3236/3789/223 3248/3803/223 3247/3801/223
f 3237/3790/222 3249/3817/222 3248/3803/222
f 3250/3804/221 3249/3817/221 3237/3790/221
f 3251/3805/220 3250/3804/220 3238/3792/220
f 3252/3806/219 3251/3805/219 3239/3793/219
f 3253/3807/94 3252/3806/94 3240/3794/94
f 3254/3808/218 3253/3807/218 3241/3795/218
f 3255/3809/217 3254/3808/217 3242/3796/217
f 3244/3797/216 3256/3811/216 3255/3809/216
f 3245/3798/215 3257/3812/215 3256/3811/215
f 3246/3799/127 3258/3800/127 3257/3812/127
f 3259/3813/88 3270/3825/88 3258/3800/88
f 3260/3815/87 3259/4843/87 3247/3801/87
f 3261/3816/214 3260/3815/214 3248/3803/214
f 3250/3804/213 3262/3818/213 3261/3816/213
f 3251/3805/84 3263/3819/84 3262/3818/84
f 3252/3806/83 3264/3820/83 3263/3819/83
f 3253/3807/82 3265/3821/82 3264/3820/82
f 3254/3808/81 3266/3822/81 3265/3821/81
f 3255/3809/212 3267/4844/212 3266/3822/212
f 3268/3823/211 3267/4844/211 3255/3809/211
f 3269/3824/78 3268/3823/78 3256/3811/78
f 3270/3825/77 3269/3824/77 3257/3812/77
f 3271/3826/168 3283/3851/168 3294/3827/168
f 3272/3829/167 3284/3833/167 3283/3830/167
f 3273/3832/175 3285/3854/175 3284/3833/175
f 3286/3834/165 3285/3854/165 3273/3832/165
f 3287/3836/164 3286/3834/164 3274/3835/164
f 3288/3838/163 3287/3836/163 3275/3837/163
f 3289/3840/89 3288/3838/89 3276/3839/89
f 3290/3842/176 3289/3840/176 3277/3841/176
f 3291/3844/171 3290/3842/171 3278/3843/171
f 3280/3846/170 3292/3848/170 3291/3844/170
f 3281/3847/169 3293/3849/169 3292/3848/169
f 3282/3828/94 3294/3827/94 3293/3849/94
f 3295/3850/118 3306/3862/118 3294/3827/118
f 3296/3852/117 3295/4845/117 3283/3830/117
f 3297/3853/116 3296/3852/116 3284/3833/116
f 3286/3834/115 3298/3855/115 3297/3853/115
f 3287/3836/114 3299/3856/114 3298/3855/114
f 3288/3838/113 3300/3857/113 3299/3856/113
f 3289/3840/124 3301/3858/124 3300/3857/124
f 3290/3842/123 3302/3859/123 3301/3858/123
f 3291/3844/253 3303/4846/253 3302/3859/253
f 3304/3860/274 3303/4846/274 3291/3844/274
f 3305/3861/120 3304/3860/120 3292/3848/120
f 3306/3862/119 3305/3861/119 3293/3849/119
f 3307/3863/168 3319/3888/168 3330/3864/168
f 3308/3866/167 3320/3870/167 3319/3867/167
f 3309/3869/175 3321/3891/175 3320/3870/175
f 3322/3871/165 3321/3891/165 3309/3869/165
f 3323/3873/174 3322/3871/174 3310/3872/174
f 3324/3875/163 3323/3873/163 3311/3874/163
f 3325/3877/127 3324/3875/127 3312/3876/127
f 3326/3879/176 3325/3877/176 3313/3878/176
f 3327/3881/171 3326/3879/171 3314/3880/171
f 3316/3883/170 3328/3885/170 3327/3881/170
f 3317/3884/169 3329/3886/169 3328/3885/169
f 3318/3865/94 3330/3864/94 3329/3886/94
f 3331/3887/118 3342/3899/118 3330/3864/118
f 3332/3889/117 3331/4847/117 3319/3867/117
f 3333/3890/161 3332/3889/161 3320/3870/161
f 3322/3871/115 3334/3892/115 3333/3890/115
f 3323/3873/114 3335/3893/114 3334/3892/114
f 3324/3875/113 3336/3894/113 3335/3893/113
f 3325/3877/124 3337/3895/124 3336/3894/124
f 3326/3879/123 3338/3896/123 3337/3895/123
f 3327/3881/173 3339/4848/173 3338/3896/173
f 3340/3897/274 3339/4848/274 3327/3881/274
f 3341/3898/120 3340/3897/120 3328/3885/120
f 3342/3899/119 3341/3898/119 3329/3886/119
f 3343/3900/112 3355/3925/112 3366/3901/112
f 3344/3903/111 3356/3907/111 3355/3904/111
f 3345/3906/237 3357/3928/237 3356/3907/237
f 3358/3908/268 3357/3928/268 3345/3906/268
f 3359/3910/108 3358/3908/108 3346/3909/108
f 3360/3912/107 3359/3910/107 3347/3911/107
f 3361/3914/106 3360/3912/106 3348/3913/106
f 3362/3916/105 3361/3914/105 3349/3915/105
f 3363/3918/275 3362/3916/275 3350/3917/275
f 3352/3920/209 3364/3922/209 3363/3918/209
f 3353/3921/102 3365/3923/102 3364/3922/102
f 3354/3902/101 3366/3901/101 3365/3923/101
f 3367/3924/177 3378/3936/177 3366/3901/177
f 3368/3926/196 3367/4849/196 3355/3904/196
f 3369/3927/195 3368/3926/195 3356/3907/195
f 3358/3908/194 3370/3929/194 3369/3927/194
f 3359/3910/193 3371/3930/193 3370/3929/193
f 3360/3912/182 3372/3931/182 3371/3930/182
f 3361/3914/202 3373/3932/202 3372/3931/202
f 3362/3916/201 3374/3933/201 3373/3932/201
f 3363/3918/200 3375/4850/200 3374/3933/200
f 3376/3934/199 3375/4850/199 3363/3918/199
f 3377/3935/198 3376/3934/198 3364/3922/198
f 3378/3936/197 3377/3935/197 3365/3923/197
f 3379/3937/112 3391/3962/112 3402/3938/112
f 3380/3940/111 3392/3944/111 3391/3941/111
f 3381/3943/110 3393/3965/110 3392/3944/110
f 3394/3945/203 3393/3965/203 3381/3943/203
f 3395/3947/108 3394/3945/108 3382/3946/108
f 3396/3949/107 3395/3947/107 3383/3948/107
f 3397/3951/106 3396/3949/106 3384/3950/106
f 3398/3953/105 3397/3951/105 3385/3952/105
f 3399/3955/104 3398/3953/104 3386/3954/104
f 3388/3957/103 3400/3959/103 3399/3955/103
f 3389/3958/102 3401/3960/102 3400/3959/102
f 3390/3939/101 3402/3938/101 3401/3960/101
f 3403/3961/177 3414/3973/177 3402/3938/177
f 3404/3963/196 3403/4851/196 3391/3941/196
f 3405/3964/195 3404/3963/195 3392/3944/195
f 3394/3945/194 3406/3966/194 3405/3964/194
f 3395/3947/249 3407/3967/249 3406/3966/249
f 3396/3949/182 3408/3968/182 3407/3967/182
f 3397/3951/202 3409/3969/202 3408/3968/202
f 3398/3953/201 3410/3970/201 3409/3969/201
f 3399/3955/200 3411/4852/200 3410/3970/200
f 3412/3971/199 3411/4852/199 3399/3955/199
f 3413/3972/198 3412/3971/198 3400/3959/198
f 3414/3973/197 3413/3972/197 3401/3960/197
f 3415/3974/168 3427/3999/168 3438/3975/168
f 3416/3977/167 3428/3981/167 3427/3978/167
f 3417/3980/175 3429/4002/175 3428/3981/175
f 3430/3982/165 3429/4002/165 3417/3980/165
f 3431/3984/174 3430/3982/174 3418/3983/174
f 3432/3986/163 3431/3984/163 3419/3985/163
f 3433/3988/127 3432/3986/127 3420/3987/127
f 3434/3990/176 3433/3988/176 3421/3989/176
f 3435/3992/171 3434/3990/171 3422/3991/171
f 3424/3994/170 3436/3996/170 3435/3992/170
f 3425/3995/169 3437/3997/169 3436/3996/169
f 3426/3976/144 3438/3975/144 3437/3997/144
f 3439/3998/118 3450/4010/118 3438/3975/118
f 3440/4000/117 3439/4853/117 3427/3978/117
f 3441/4001/161 3440/4000/161 3428/3981/161
f 3430/3982/115 3442/4003/115 3441/4001/115
f 3431/3984/114 3443/4004/114 3442/4003/114
f 3432/3986/113 3444/4005/113 3443/4004/113
f 3433/3988/124 3445/4006/124 3444/4005/124
f 3434/3990/123 3446/4007/123 3445/4006/123
f 3435/3992/122 3447/4854/122 3446/4007/122
f 3448/4008/121 3447/4854/121 3435/3992/121
f 3449/4009/120 3448/4008/120 3436/3996/120
f 3450/4010/119 3449/4009/119 3437/3997/119
f 3463/4011/271 3474/4034/271 3462/4012/271
f 3464/4014/276 3463/4037/276 3451/4015/276
f 3465/4017/277 3464/4014/277 3452/4016/277
f 3454/4019/191 3466/4021/191 3465/4017/191
f 3455/4020/148 3467/4023/148 3466/4021/148
f 3456/4022/190 3468/4025/190 3467/4023/190
f 3457/4024/133 3469/4027/133 3468/4025/133
f 3458/4026/132 3470/4029/132 3469/4027/132
f 3459/4028/278 3471/4045/278 3470/4029/278
f 3472/4030/146 3471/4045/146 3459/4028/146
f 3473/4032/129 3472/4030/129 3460/4031/129
f 3474/4034/128 3473/4032/128 3461/4033/128
f 3463/4011/188 3475/4049/188 3486/4035/188
f 3464/4014/187 3476/4038/187 3475/4036/187
f 3465/4017/279 3477/4052/279 3476/4038/279
f 3478/4039/185 3477/4052/185 3465/4017/185
f 3479/4040/184 3478/4039/184 3466/4021/184
f 3480/4041/183 3479/4040/183 3467/4023/183
f 3481/4042/182 3480/4041/182 3468/4025/182
f 3482/4043/181 3481/4042/181 3469/4027/181
f 3483/4044/180 3482/4043/180 3470/4029/180
f 3472/4030/179 3484/4046/179 3483/4044/179
f 3473/4032/178 3485/4047/178 3484/4046/178
f 3474/4034/177 3486/4035/177 3485/4047/177
f 3487/4048/225 3498/4061/225 3486/4035/225
f 3488/4050/226 3487/4064/226 3475/4036/226
f 3489/4051/227 3488/4050/227 3476/4038/227
f 3490/4053/228 3489/4051/228 3477/4052/228
f 3491/4054/229 3490/4053/229 3478/4039/229
f 3492/4055/230 3491/4054/230 3479/4040/230
f 3493/4056/182 3492/4055/182 3480/4041/182
f 3494/4057/231 3493/4056/231 3481/4042/231
f 3495/4058/280 3494/4057/280 3482/4043/280
f 3496/4059/233 3495/4058/233 3483/4044/233
f 3497/4060/234 3496/4059/234 3484/4046/234
f 3498/4061/177 3497/4060/177 3485/4047/177
f 3499/4062/225 3510/4074/225 3498/4061/225
f 3500/4063/226 3499/4077/226 3487/4064/226
f 3501/4065/227 3500/4063/227 3488/4050/227
f 3502/4066/228 3501/4065/228 3489/4051/228
f 3503/4067/229 3502/4066/229 3490/4053/229
f 3504/4068/230 3503/4067/230 3491/4054/230
f 3505/4069/182 3504/4068/182 3492/4055/182
f 3506/4070/231 3505/4069/231 3493/4056/231
f 3507/4071/280 3506/4070/280 3494/4057/280
f 3508/4072/233 3507/4071/233 3495/4058/233
f 3509/4073/234 3508/4072/234 3496/4059/234
f 3510/4074/177 3509/4073/177 3497/4060/177
f 3511/4075/225 3522/4087/225 3510/4074/225
f 3512/4076/226 3511/4855/226 3499/4077/226
f 3513/4078/227 3512/4076/227 3500/4063/227
f 3514/4079/228 3513/4078/228 3501/4065/228
f 3515/4080/229 3514/4079/229 3502/4066/229
f 3516/4081/230 3515/4080/230 3503/4067/230
f 3517/4082/182 3516/4081/182 3504/4068/182
f 3518/4083/231 3517/4082/231 3505/4069/231
f 3519/4084/280 3518/4083/280 3506/4070/280
f 3520/4085/233 3519/4084/233 3507/4071/233
f 3521/4086/234 3520/4085/234 3508/4072/234
f 3522/4087/177 3521/4086/177 3509/4073/177
f 3523/4088/168 3535/4113/168 3546/4089/168
f 3524/4091/167 3536/4095/167 3535/4092/167
f 3525/4094/281 3537/4116/281 3536/4095/281
f 3538/4096/165 3537/4116/165 3525/4094/165
f 3539/4098/164 3538/4096/164 3526/4097/164
f 3540/4100/163 3539/4098/163 3527/4099/163
f 3541/4102/127 3540/4100/127 3528/4101/127
f 3542/4104/176 3541/4102/176 3529/4103/176
f 3543/4106/171 3542/4104/171 3530/4105/171
f 3532/4108/170 3544/4110/170 3543/4106/170
f 3533/4109/169 3545/4111/169 3544/4110/169
f 3534/4090/94 3546/4089/94 3545/4111/94
f 3547/4112/118 3558/4124/118 3546/4089/118
f 3548/4114/117 3547/4856/117 3535/4092/117
f 3549/4115/161 3548/4114/161 3536/4095/161
f 3538/4096/254 3550/4117/254 3549/4115/254
f 3539/4098/114 3551/4118/114 3550/4117/114
f 3540/4100/113 3552/4119/113 3551/4118/113
f 3541/4102/124 3553/4120/124 3552/4119/124
f 3542/4104/123 3554/4121/123 3553/4120/123
f 3543/4106/122 3555/4857/122 3554/4121/122
f 3556/4122/252 3555/4857/252 3543/4106/252
f 3557/4123/120 3556/4122/120 3544/4110/120
f 3558/4124/119 3557/4123/119 3545/4111/119
f 3559/4125/168 3571/4150/168 3582/4126/168
f 3560/4128/167 3572/4132/167 3571/4129/167
f 3561/4131/175 3573/4153/175 3572/4132/175
f 3574/4133/165 3573/4153/165 3561/4131/165
f 3575/4135/174 3574/4133/174 3562/4134/174
f 3576/4137/163 3575/4135/163 3563/4136/163
f 3577/4139/127 3576/4137/127 3564/4138/127
f 3578/4141/176 3577/4139/176 3565/4140/176
f 3579/4143/171 3578/4141/171 3566/4142/171
f 3568/4145/170 3580/4147/170 3579/4143/170
f 3569/4146/169 3581/4148/169 3580/4147/169
f 3570/4127/94 3582/4126/94 3581/4148/94
f 3583/4149/118 3594/4161/118 3582/4126/118
f 3584/4151/117 3583/4858/117 3571/4129/117
f 3585/4152/141 3584/4151/141 3572/4132/141
f 3574/4133/140 3586/4154/140 3585/4152/140
f 3575/4135/114 3587/4155/114 3586/4154/114
f 3576/4137/113 3588/4156/113 3587/4155/113
f 3577/4139/124 3589/4157/124 3588/4156/124
f 3578/4141/123 3590/4158/123 3589/4157/123
f 3579/4143/122 3591/4859/122 3590/4158/122
f 3592/4159/252 3591/4859/252 3579/4143/252
f 3593/4160/120 3592/4159/120 3580/4147/120
f 3594/4161/119 3593/4160/119 3581/4148/119
f 3607/4162/88 3618/4186/88 3606/4163/88
f 3608/4165/239 3607/4860/239 3595/4166/239
f 3609/4168/258 3608/4165/258 3596/4167/258
f 3610/4170/257 3609/4168/257 3597/4169/257
f 3611/4172/242 3610/4170/242 3598/4171/242
f 3612/4174/83 3611/4172/83 3599/4173/83
f 3613/4176/118 3612/4174/118 3600/4175/118
f 3614/4178/243 3613/4176/243 3601/4177/243
f 3615/4180/256 3614/4178/256 3602/4179/256
f 3616/4182/245 3615/4180/245 3603/4181/245
f 3617/4184/246 3616/4182/246 3604/4183/246
f 3618/4186/113 3617/4184/113 3605/4185/113
f 3619/4187/168 3631/4212/168 3642/4188/168
f 3620/4190/167 3632/4194/167 3631/4191/167
f 3621/4193/175 3633/4215/175 3632/4194/175
f 3634/4195/165 3633/4215/165 3621/4193/165
f 3635/4197/164 3634/4195/164 3622/4196/164
f 3636/4199/163 3635/4197/163 3623/4198/163
f 3637/4201/127 3636/4199/127 3624/4200/127
f 3638/4203/176 3637/4201/176 3625/4202/176
f 3639/4205/171 3638/4203/171 3626/4204/171
f 3628/4207/170 3640/4209/170 3639/4205/170
f 3629/4208/169 3641/4210/169 3640/4209/169
f 3630/4189/144 3642/4188/144 3641/4210/144
f 3643/4211/118 3654/4223/118 3642/4188/118
f 3644/4213/117 3643/4861/117 3631/4191/117
f 3645/4214/161 3644/4213/161 3632/4194/161
f 3634/4195/115 3646/4216/115 3645/4214/115
f 3635/4197/114 3647/4217/114 3646/4216/114
f 3636/4199/113 3648/4218/113 3647/4217/113
f 3637/4201/124 3649/4219/124 3648/4218/124
f 3638/4203/123 3650/4220/123 3649/4219/123
f 3639/4205/122 3651/4862/122 3650/4220/122
f 3652/4221/121 3651/4862/121 3639/4205/121
f 3653/4222/120 3652/4221/120 3640/4209/120
f 3654/4223/119 3653/4222/119 3641/4210/119
f 3655/4224/168 3667/4249/168 3678/4225/168
f 3656/4227/167 3668/4231/167 3667/4228/167
f 3657/4230/175 3669/4252/175 3668/4231/175
f 3670/4232/165 3669/4252/165 3657/4230/165
f 3671/4234/164 3670/4232/164 3658/4233/164
f 3672/4236/163 3671/4234/163 3659/4235/163
f 3673/4238/127 3672/4236/127 3660/4237/127
f 3674/4240/176 3673/4238/176 3661/4239/176
f 3675/4242/171 3674/4240/171 3662/4241/171
f 3664/4244/170 3676/4246/170 3675/4242/170
f 3665/4245/169 3677/4247/169 3676/4246/169
f 3666/4226/144 3678/4225/144 3677/4247/144
f 3679/4248/118 3690/4260/118 3678/4225/118
f 3680/4250/117 3679/4863/117 3667/4228/117
f 3681/4251/161 3680/4250/161 3668/4231/161
f 3670/4232/115 3682/4253/115 3681/4251/115
f 3671/4234/114 3683/4254/114 3682/4253/114
f 3672/4236/113 3684/4255/113 3683/4254/113
f 3673/4238/124 3685/4256/124 3684/4255/124
f 3674/4240/123 3686/4257/123 3685/4256/123
f 3675/4242/122 3687/4864/122 3686/4257/122
f 3688/4258/121 3687/4864/121 3675/4242/121
f 3689/4259/120 3688/4258/120 3676/4246/120
f 3690/4260/119 3689/4259/119 3677/4247/119
f 3703/4261/88 3714/4285/88 3702/4262/88
f 3704/4264/239 3703/4865/239 3691/4265/239
f 3705/4267/258 3704/4264/258 3692/4266/258
f 3706/4269/257 3705/4267/257 3693/4268/257
f 3707/4271/242 3706/4269/242 3694/4270/242
f 3708/4273/83 3707/4271/83 3695/4272/83
f 3709/4275/118 3708/4273/118 3696/4274/118
f 3710/4277/243 3709/4275/243 3697/4276/243
f 3711/4279/256 3710/4277/256 3698/4278/256
f 3712/4281/255 3711/4279/255 3699/4280/255
f 3713/4283/246 3712/4281/246 3700/4282/246
f 3714/4285/113 3713/4283/113 3701/4284/113
f 3715/4286/112 3727/4311/112 3738/4287/112
f 3716/4289/111 3728/4293/111 3727/4290/111
f 3717/4292/208 3729/4314/208 3728/4293/208
f 3730/4294/259 3729/4314/259 3717/4292/259
f 3731/4296/108 3730/4294/108 3718/4295/108
f 3732/4298/107 3731/4296/107 3719/4297/107
f 3733/4300/210 3732/4298/210 3720/4299/210
f 3734/4302/282 3733/4300/282 3721/4301/282
f 3735/4304/238 3734/4302/238 3722/4303/238
f 3724/4306/283 3736/4308/283 3735/4304/283
f 3725/4307/102 3737/4309/102 3736/4308/102
f 3726/4288/235 3738/4287/235 3737/4309/235
f 3739/4310/177 3750/4322/177 3738/4287/177
f 3740/4312/196 3739/4866/196 3727/4290/196
f 3741/4313/195 3740/4312/195 3728/4293/195
f 3730/4294/194 3742/4315/194 3741/4313/194
f 3731/4296/193 3743/4316/193 3742/4315/193
f 3732/4298/182 3744/4317/182 3743/4316/182
f 3733/4300/202 3745/4318/202 3744/4317/202
f 3734/4302/201 3746/4319/201 3745/4318/201
f 3735/4304/200 3747/4867/200 3746/4319/200
f 3748/4320/199 3747/4867/199 3735/4304/199
f 3749/4321/198 3748/4320/198 3736/4308/198
f 3750/4322/197 3749/4321/197 3737/4309/197
f 3751/4323/112 3763/4348/112 3774/4324/112
f 3752/4326/111 3764/4330/111 3763/4327/111
f 3753/4329/237 3765/4351/237 3764/4330/237
f 3766/4331/109 3765/4351/109 3753/4329/109
f 3767/4333/108 3766/4331/108 3754/4332/108
f 3768/4335/107 3767/4333/107 3755/4334/107
f 3769/4337/210 3768/4335/210 3756/4336/210
f 3770/4339/105 3769/4337/105 3757/4338/105
f 3771/4341/238 3770/4339/238 3758/4340/238
f 3760/4343/284 3772/4345/284 3771/4341/284
f 3761/4344/102 3773/4346/102 3772/4345/102
f 3762/4325/235 3774/4324/235 3773/4346/235
f 3775/4347/177 3786/4359/177 3774/4324/177
f 3776/4349/196 3775/4868/196 3763/4327/196
f 3777/4350/195 3776/4349/195 3764/4330/195
f 3766/4331/194 3778/4352/194 3777/4350/194
f 3767/4333/193 3779/4353/193 3778/4352/193
f 3768/4335/182 3780/4354/182 3779/4353/182
f 3769/4337/202 3781/4355/202 3780/4354/202
f 3770/4339/201 3782/4356/201 3781/4355/201
f 3771/4341/200 3783/4869/200 3782/4356/200
f 3784/4357/199 3783/4869/199 3771/4341/199
f 3785/4358/198 3784/4357/198 3772/4345/198
f 3786/4359/197 3785/4358/197 3773/4346/197
f 3787/4360/168 3799/4385/168 3810/4361/168
f 3788/4363/167 3800/4367/167 3799/4364/167
f 3789/4366/175 3801/4388/175 3800/4367/175
f 3802/4368/165 3801/4388/165 3789/4366/165
f 3803/4370/164 3802/4368/164 3790/4369/164
f 3804/4372/163 3803/4370/163 3791/4371/163
f 3805/4374/127 3804/4372/127 3792/4373/127
f 3806/4376/176 3805/4374/176 3793/4375/176
f 3807/4378/171 3806/4376/171 3794/4377/171
f 3796/4380/170 3808/4382/170 3807/4378/170
f 3797/4381/169 3809/4383/169 3808/4382/169
f 3798/4362/144 3810/4361/144 3809/4383/144
f 3811/4384/118 3822/4396/118 3810/4361/118
f 3812/4386/117 3811/4870/117 3799/4364/117
f 3813/4387/161 3812/4386/161 3800/4367/161
f 3802/4368/115 3814/4389/115 3813/4387/115
f 3803/4370/114 3815/4390/114 3814/4389/114
f 3804/4372/113 3816/4391/113 3815/4390/113
f 3805/4374/124 3817/4392/124 3816/4391/124
f 3806/4376/123 3818/4393/123 3817/4392/123
f 3807/4378/122 3819/4871/122 3818/4393/122
f 3820/4394/162 3819/4871/162 3807/4378/162
f 3821/4395/120 3820/4394/120 3808/4382/120
f 3822/4396/119 3821/4395/119 3809/4383/119
f 3823/4397/112 3835/4422/112 3846/4398/112
f 3824/4400/111 3836/4404/111 3835/4401/111
f 3825/4403/110 3837/4425/110 3836/4404/110
f 3838/4405/109 3837/4425/109 3825/4403/109
f 3839/4407/108 3838/4405/108 3826/4406/108
f 3840/4409/107 3839/4407/107 3827/4408/107
f 3841/4411/106 3840/4409/106 3828/4410/106
f 3842/4413/105 3841/4411/105 3829/4412/105
f 3843/4415/238 3842/4413/238 3830/4414/238
f 3832/4417/209 3844/4419/209 3843/4415/209
f 3833/4418/102 3845/4420/102 3844/4419/102
f 3834/4399/101 3846/4398/101 3845/4420/101
f 3847/4421/177 3858/4433/177 3846/4398/177
f 3848/4423/196 3847/4872/196 3835/4401/196
f 3849/4424/195 3848/4423/195 3836/4404/195
f 3838/4405/247 3850/4426/247 3849/4424/247
f 3839/4407/193 3851/4427/193 3850/4426/193
f 3840/4409/182 3852/4428/182 3851/4427/182
f 3841/4411/202 3853/4429/202 3852/4428/202
f 3842/4413/201 3854/4430/201 3853/4429/201
f 3843/4415/200 3855/4873/200 3854/4430/200
f 3856/4431/199 3855/4873/199 3843/4415/199
f 3857/4432/198 3856/4431/198 3844/4419/198
f 3858/4433/197 3857/4432/197 3845/4420/197
f 3871/4434/113 3882/4458/113 3870/4435/113
f 3872/4437/246 3871/4874/246 3859/4438/246
f 3873/4440/245 3872/4437/245 3860/4439/245
f 3874/4442/244 3873/4440/244 3861/4441/244
f 3875/4444/243 3874/4442/243 3862/4443/243
f 3876/4446/118 3875/4444/118 3863/4445/118
f 3877/4448/83 3876/4446/83 3864/4447/83
f 3878/4450/242 3877/4448/242 3865/4449/242
f 3879/4452/257 3878/4450/257 3866/4451/257
f 3880/4454/240 3879/4452/240 3867/4453/240
f 3881/4456/239 3880/4454/239 3868/4455/239
f 3882/4458/88 3881/4456/88 3869/4457/88
f 3883/4459/168 3895/4484/168 3906/4460/168
f 3884/4462/167 3896/4466/167 3895/4463/167
f 3885/4465/281 3897/4487/281 3896/4466/281
f 3898/4467/165 3897/4487/165 3885/4465/165
f 3899/4469/174 3898/4467/174 3886/4468/174
f 3900/4471/163 3899/4469/163 3887/4470/163
f 3901/4473/127 3900/4471/127 3888/4472/127
f 3902/4475/176 3901/4473/176 3889/4474/176
f 3903/4477/171 3902/4475/171 3890/4476/171
f 3892/4479/170 3904/4481/170 3903/4477/170
f 3893/4480/169 3905/4482/169 3904/4481/169
f 3894/4461/94 3906/4460/94 3905/4482/94
f 3907/4483/118 3918/4495/118 3906/4460/118
f 3908/4485/117 3907/4875/117 3895/4463/117
f 3909/4486/116 3908/4485/116 3896/4466/116
f 3898/4467/115 3910/4488/115 3909/4486/115
f 3899/4469/114 3911/4489/114 3910/4488/114
f 3900/4471/113 3912/4490/113 3911/4489/113
f 3901/4473/124 3913/4491/124 3912/4490/124
f 3902/4475/123 3914/4492/123 3913/4491/123
f 3903/4477/173 3915/4876/173 3914/4492/173
f 3916/4493/274 3915/4876/274 3903/4477/274
f 3917/4494/120 3916/4493/120 3904/4481/120
f 3918/4495/119 3917/4494/119 3905/4482/119
f 3919/4496/168 3931/4521/168 3942/4497/168
f 3920/4499/167 3932/4503/167 3931/4500/167
f 3921/4502/175 3933/4524/175 3932/4503/175
f 3934/4504/165 3933/4524/165 3921/4502/165
f 3935/4506/164 3934/4504/164 3922/4505/164
f 3936/4508/163 3935/4506/163 3923/4507/163
f 3937/4510/127 3936/4508/127 3924/4509/127
f 3938/4512/176 3937/4510/176 3925/4511/176
f 3939/4514/171 3938/4512/171 3926/4513/171
f 3928/4516/170 3940/4518/170 3939/4514/170
f 3929/4517/169 3941/4519/169 3940/4518/169
f 3930/4498/94 3942/4497/94 3941/4519/94
f 3943/4520/118 3954/4532/118 3942/4497/118
f 3944/4522/117 3943/4877/117 3931/4500/117
f 3945/4523/161 3944/4522/161 3932/4503/161
f 3934/4504/254 3946/4525/254 3945/4523/254
f 3935/4506/114 3947/4526/114 3946/4525/114
f 3936/4508/113 3948/4527/113 3947/4526/113
f 3937/4510/124 3949/4528/124 3948/4527/124
f 3938/4512/123 3950/4529/123 3949/4528/123
f 3939/4514/173 3951/4878/173 3950/4529/173
f 3952/4530/162 3951/4878/162 3939/4514/162
f 3953/4531/120 3952/4530/120 3940/4518/120
f 3954/4532/119 3953/4531/119 3941/4519/119
f 3955/4533/112 3967/4558/112 3978/4534/112
f 3956/4536/111 3968/4540/111 3967/4537/111
f 3957/4539/110 3969/4561/110 3968/4540/110
f 3970/4541/109 3969/4561/109 3957/4539/109
f 3971/4543/108 3970/4541/108 3958/4542/108
f 3972/4545/107 3971/4543/107 3959/4544/107
f 3973/4547/106 3972/4545/106 3960/4546/106
f 3974/4549/105 3973/4547/105 3961/4548/105
f 3975/4551/104 3974/4549/104 3962/4550/104
f 3964/4553/209 3976/4555/209 3975/4551/209
f 3965/4554/102 3977/4556/102 3976/4555/102
f 3966/4535/101 3978/4534/101 3977/4556/101
f 3979/4557/177 3990/4569/177 3978/4534/177
f 3980/4559/196 3979/4879/196 3967/4537/196
f 3981/4560/195 3980/4559/195 3968/4540/195
f 3970/4541/194 3982/4562/194 3981/4560/194
f 3971/4543/249 3983/4563/249 3982/4562/249
f 3972/4545/182 3984/4564/182 3983/4563/182
f 3973/4547/202 3985/4565/202 3984/4564/202
f 3974/4549/201 3986/4566/201 3985/4565/201
f 3975/4551/200 3987/4880/200 3986/4566/200
f 3988/4567/199 3987/4880/199 3975/4551/199
f 3989/4568/198 3988/4567/198 3976/4555/198
f 3990/4569/197 3989/4568/197 3977/4556/197
f 3991/4570/168 4003/4595/168 4014/4571/168
f 3992/4573/167 4004/4577/167 4003/4574/167
f 3993/4576/175 4005/4598/175 4004/4577/175
f 4006/4578/165 4005/4598/165 3993/4576/165
f 4007/4580/164 4006/4578/164 3994/4579/164
f 4008/4582/163 4007/4580/163 3995/4581/163
f 4009/4584/127 4008/4582/127 3996/4583/127
f 4010/4586/176 4009/4584/176 3997/4585/176
f 4011/4588/171 4010/4586/171 3998/4587/171
f 4000/4590/170 4012/4592/170 4011/4588/170
f 4001/4591/169 4013/4593/169 4012/4592/169
f 4002/4572/144 4014/4571/144 4013/4593/144
f 4015/4594/118 4026/4606/118 4014/4571/118
f 4016/4596/117 4015/4881/117 4003/4574/117
f 4017/4597/161 4016/4596/161 4004/4577/161
f 4006/4578/254 4018/4599/254 4017/4597/254
f 4007/4580/114 4019/4600/114 4018/4599/114
f 4008/4582/113 4020/4601/113 4019/4600/113
f 4009/4584/124 4021/4602/124 4020/4601/124
f 4010/4586/123 4022/4603/123 4021/4602/123
f 4011/4588/173 4023/4882/173 4022/4603/173
f 4024/4604/162 4023/4882/162 4011/4588/162
f 4025/4605/120 4024/4604/120 4012/4592/120
f 4026/4606/119 4025/4605/119 4013/4593/119
f 4039/4607/113 4050/4631/113 4038/4608/113
f 4040/4610/246 4039/4883/246 4027/4611/246
f 4041/4613/245 4040/4610/245 4028/4612/245
f 4042/4615/244 4041/4613/244 4029/4614/244
f 4043/4617/243 4042/4615/243 4030/4616/243
f 4044/4619/118 4043/4617/118 4031/4618/118
f 4045/4621/83 4044/4619/83 4032/4620/83
f 4046/4623/242 4045/4621/242 4033/4622/242
f 4047/4625/257 4046/4623/257 4034/4624/257
f 4048/4627/258 4047/4625/258 4035/4626/258
f 4049/4629/239 4048/4627/239 4036/4628/239
f 4050/4631/88 4049/4629/88 4037/4630/88
f 4051/4632/112 4063/4657/112 4074/4633/112
f 4052/4635/111 4064/4639/111 4063/4636/111
f 4053/4638/208 4065/4660/208 4064/4639/208
f 4066/4640/259 4065/4660/259 4053/4638/259
f 4067/4642/108 4066/4640/108 4054/4641/108
f 4068/4644/107 4067/4642/107 4055/4643/107
f 4069/4646/106 4068/4644/106 4056/4645/106
f 4070/4648/282 4069/4646/282 4057/4647/282
f 4071/4650/238 4070/4648/238 4058/4649/238
f 4060/4652/285 4072/4654/285 4071/4650/285
f 4061/4653/102 4073/4655/102 4072/4654/102
f 4062/4634/101 4074/4633/101 4073/4655/101
f 4075/4656/177 4086/4668/177 4074/4633/177
f 4076/4658/196 4075/4884/196 4063/4636/196
f 4077/4659/195 4076/4658/195 4064/4639/195
f 4066/4640/194 4078/4661/194 4077/4659/194
f 4067/4642/193 4079/4662/193 4078/4661/193
f 4068/4644/182 4080/4663/182 4079/4662/182
f 4069/4646/202 4081/4664/202 4080/4663/202
f 4070/4648/201 4082/4665/201 4081/4664/201
f 4071/4650/200 4083/4885/200 4082/4665/200
f 4084/4666/199 4083/4885/199 4071/4650/199
f 4085/4667/198 4084/4666/198 4072/4654/198
f 4086/4668/197 4085/4667/197 4073/4655/197
f 4087/4669/168 4099/4694/168 4110/4670/168
f 4088/4672/167 4100/4676/167 4099/4673/167
f 4089/4675/175 4101/4697/175 4100/4676/175
f 4102/4677/165 4101/4697/165 4089/4675/165
f 4103/4679/164 4102/4677/164 4090/4678/164
f 4104/4681/163 4103/4679/163 4091/4680/163
f 4105/4683/89 4104/4681/89 4092/4682/89
f 4106/4685/176 4105/4683/176 4093/4684/176
f 4107/4687/171 4106/4685/171 4094/4686/171
f 4096/4689/170 4108/4691/170 4107/4687/170
f 4097/4690/169 4109/4692/169 4108/4691/169
f 4098/4671/94 4110/4670/94 4109/4692/94
f 4111/4693/118 4122/4705/118 4110/4670/118
f 4112/4695/117 4111/4886/117 4099/4673/117
f 4113/4696/116 4112/4695/116 4100/4676/116
f 4102/4677/115 4114/4698/115 4113/4696/115
f 4103/4679/114 4115/4699/114 4114/4698/114
f 4104/4681/113 4116/4700/113 4115/4699/113
f 4105/4683/124 4117/4701/124 4116/4700/124
f 4106/4685/123 4118/4702/123 4117/4701/123
f 4107/4687/173 4119/4887/173 4118/4702/173
f 4120/4703/162 4119/4887/162 4107/4687/162
f 4121/4704/120 4120/4703/120 4108/4691/120
f 4122/4705/119 4121/4704/119 4109/4692/119
f 4135/4706/182 4146/4730/182 4134/4707/182
f 4136/4709/231 4135/4888/231 4123/4710/231
f 4137/4712/232 4136/4709/232 4124/4711/232
f 4138/4714/233 4137/4712/233 4125/4713/233
f 4139/4716/234 4138/4714/234 4126/4715/234
f 4140/4718/177 4139/4716/177 4127/4717/177
f 4141/4720/225 4140/4718/225 4128/4719/225
f 4142/4722/226 4141/4720/226 4129/4721/226
f 4143/4724/227 4142/4722/227 4130/4723/227
f 4144/4726/228 4143/4724/228 4131/4725/228
f 4145/4728/286 4144/4726/286 4132/4727/286
f 4146/4730/230 4145/4728/230 4133/4729/230
f 4159/4731/182 4170/4755/182 4158/4732/182
f 4160/4734/231 4159/4889/231 4147/4735/231
f 4161/4737/232 4160/4734/232 4148/4736/232
f 4162/4739/233 4161/4737/233 4149/4738/233
f 4163/4741/234 4162/4739/234 4150/4740/234
f 4164/4743/177 4163/4741/177 4151/4742/177
f 4165/4745/225 4164/4743/225 4152/4744/225
f 4166/4747/226 4165/4745/226 4153/4746/226
f 4167/4749/227 4166/4747/227 4154/4748/227
f 4168/4751/228 4167/4749/228 4155/4750/228
f 4169/4753/286 4168/4751/286 4156/4752/286
f 4170/4755/230 4169/4753/230 4157/4754/230
f 4183/4756/182 4194/4780/182 4182/4757/182
f 4184/4759/231 4183/4890/231 4171/4760/231
f 4185/4762/280 4184/4759/280 4172/4761/280
f 4186/4764/233 4185/4762/233 4173/4763/233
f 4187/4766/234 4186/4764/234 4174/4765/234
f 4188/4768/177 4187/4766/177 4175/4767/177
f 4189/4770/225 4188/4768/225 4176/4769/225
f 4190/4772/226 4189/4770/226 4177/4771/226
f 4191/4774/227 4190/4772/227 4178/4773/227
f 4192/4776/228 4191/4774/228 4179/4775/228
f 4193/4778/229 4192/4776/229 4180/4777/229
f 4194/4780/230 4193/4778/230 4181/4779/230
f 4207/4781/182 4218/4805/182 4206/4782/182
f 4208/4784/231 4207/4891/231 4195/4785/231
f 4209/4787/280 4208/4784/280 4196/4786/280
f 4210/4789/233 4209/4787/233 4197/4788/233
f 4211/4791/234 4210/4789/234 4198/4790/234
f 4212/4793/177 4211/4791/177 4199/4792/177
f 4213/4795/225 4212/4793/225 4200/4794/225
f 4214/4797/226 4213/4795/226 4201/4796/226
f 4215/4799/227 4214/4797/227 4202/4798/227
f 4216/4801/228 4215/4799/228 4203/4800/228
f 4217/4803/229 4216/4801/229 4204/4802/229
f 4218/4805/230 4217/4803/230 4205/4804/230
f 4231/4806/182 4242/4830/182 4230/4807/182
f 4232/4809/231 4231/4892/231 4219/4810/231
f 4233/4812/232 4232/4809/232 4220/4811/232
f 4234/4814/233 4233/4812/233 4221/4813/233
f 4235/4816/234 4234/4814/234 4222/4815/234
f 4236/4818/177 4235/4816/177 4223/4817/177
f 4237/4820/225 4236/4818/225 4224/4819/225
f 4238/4822/226 4237/4820/226 4225/4821/226
f 4239/4824/227 4238/4822/227 4226/4823/227
f 4240/4826/228 4239/4824/228 4227/4825/228
f 4241/4828/286 4240/4826/286 4228/4827/286
f 4242/4830/230 4241/4828/230 4229/4829/230
