# Blender v3.1.2 OBJ File: ''
# www.blender.org
mtllib SteamSkyBrock.mtl
o 平面
v -1.000000 -0.037500 1.000000
v -1.000000 0.037500 1.000000
v 1.000000 -0.037500 1.000000
v 1.000000 0.037500 1.000000
v -1.000000 -0.037500 -1.000000
v -1.000000 0.037500 -1.000000
v 1.000000 -0.037500 -1.000000
v 1.000000 0.037500 -1.000000
v -1.000000 -0.037500 -0.875000
v -1.000000 0.037500 -0.875000
v -1.000000 -0.037500 -0.750000
v -1.000000 0.037500 -0.750000
v -1.000000 -0.037500 -0.625000
v -1.000000 0.037500 -0.625000
v -1.000000 -0.037500 -0.500000
v -1.000000 0.037500 -0.500000
v -1.000000 -0.037500 -0.375000
v -1.000000 0.037500 -0.375000
v -1.000000 -0.037500 -0.250000
v -1.000000 0.037500 -0.250000
v -1.000000 -0.037500 -0.125000
v -1.000000 0.037500 -0.125000
v -1.000000 -0.037500 0.000000
v -1.000000 0.037500 0.000000
v -1.000000 -0.037500 0.125000
v -1.000000 0.037500 0.125000
v -1.000000 -0.037500 0.250000
v -1.000000 0.037500 0.250000
v -1.000000 -0.037500 0.375000
v -1.000000 0.037500 0.375000
v -1.000000 -0.037500 0.500000
v -1.000000 0.037500 0.500000
v -1.000000 -0.037500 0.625000
v -1.000000 0.037500 0.625000
v -1.000000 -0.037500 0.750000
v -1.000000 0.037500 0.750000
v -1.000000 -0.037500 0.875000
v -1.000000 0.037500 0.875000
v 1.000000 -0.037500 0.875000
v 1.000000 0.037500 0.875000
v 1.000000 -0.037500 0.750000
v 1.000000 0.037500 0.750000
v 1.000000 -0.037500 0.625000
v 1.000000 0.037500 0.625000
v 1.000000 -0.037500 0.500000
v 1.000000 0.037500 0.500000
v 1.000000 -0.037500 0.375000
v 1.000000 0.037500 0.375000
v 1.000000 -0.037500 0.250000
v 1.000000 0.037500 0.250000
v 1.000000 -0.037500 0.125000
v 1.000000 0.037500 0.125000
v 1.000000 -0.037500 0.000000
v 1.000000 0.037500 0.000000
v 1.000000 -0.037500 -0.125000
v 1.000000 0.037500 -0.125000
v 1.000000 -0.037500 -0.250000
v 1.000000 0.037500 -0.250000
v 1.000000 -0.037500 -0.375000
v 1.000000 0.037500 -0.375000
v 1.000000 -0.037500 -0.500000
v 1.000000 0.037500 -0.500000
v 1.000000 -0.037500 -0.625000
v 1.000000 0.037500 -0.625000
v 1.000000 -0.037500 -0.750000
v 1.000000 0.037500 -0.750000
v 1.000000 -0.037500 -0.875000
v 1.000000 0.037500 -0.875000
v -0.875000 -0.037500 1.000000
v -0.875000 0.037500 1.000000
v -0.750000 -0.037500 1.000000
v -0.750000 0.037500 1.000000
v -0.625000 -0.037500 1.000000
v -0.625000 0.037500 1.000000
v -0.500000 -0.037500 1.000000
v -0.500000 0.037500 1.000000
v -0.375000 -0.037500 1.000000
v -0.375000 0.037500 1.000000
v -0.250000 -0.037500 1.000000
v -0.250000 0.037500 1.000000
v -0.125000 -0.037500 1.000000
v -0.125000 0.037500 1.000000
v 0.000000 -0.037500 1.000000
v 0.000000 0.037500 1.000000
v 0.125000 -0.037500 1.000000
v 0.125000 0.037500 1.000000
v 0.250000 -0.037500 1.000000
v 0.250000 0.037500 1.000000
v 0.375000 -0.037500 1.000000
v 0.375000 0.037500 1.000000
v 0.500000 -0.037500 1.000000
v 0.500000 0.037500 1.000000
v 0.625000 -0.037500 1.000000
v 0.625000 0.037500 1.000000
v 0.750000 -0.037500 1.000000
v 0.750000 0.037500 1.000000
v 0.875000 -0.037500 1.000000
v 0.875000 0.037500 1.000000
v 0.875000 -0.037500 -1.000000
v 0.875000 0.037500 -1.000000
v 0.750000 -0.037500 -1.000000
v 0.750000 0.037500 -1.000000
v 0.625000 -0.037500 -1.000000
v 0.625000 0.037500 -1.000000
v 0.500000 -0.037500 -1.000000
v 0.500000 0.037500 -1.000000
v 0.375000 -0.037500 -1.000000
v 0.375000 0.037500 -1.000000
v 0.250000 -0.037500 -1.000000
v 0.250000 0.037500 -1.000000
v 0.125000 -0.037500 -1.000000
v 0.125000 0.037500 -1.000000
v 0.000000 -0.037500 -1.000000
v 0.000000 0.037500 -1.000000
v -0.125000 -0.037500 -1.000000
v -0.125000 0.037500 -1.000000
v -0.250000 -0.037500 -1.000000
v -0.250000 0.037500 -1.000000
v -0.375000 -0.037500 -1.000000
v -0.375000 0.037500 -1.000000
v -0.500000 -0.037500 -1.000000
v -0.500000 0.037500 -1.000000
v -0.625000 -0.037500 -1.000000
v -0.625000 0.037500 -1.000000
v -0.750000 -0.037500 -1.000000
v -0.750000 0.037500 -1.000000
v -0.875000 -0.037500 -1.000000
v -0.875000 0.037500 -1.000000
v 0.875000 -0.037500 0.875000
v 0.875000 0.037500 0.875000
v 0.750000 -0.037500 0.875000
v 0.750000 0.037500 0.875000
v 0.625000 -0.037500 0.875000
v 0.625000 0.037500 0.875000
v 0.500000 -0.037500 0.875000
v 0.500000 0.037500 0.875000
v 0.375000 -0.037500 0.875000
v 0.375000 0.037500 0.875000
v 0.250000 -0.037500 0.875000
v 0.250000 0.037500 0.875000
v 0.125000 -0.037500 0.875000
v 0.125000 0.037500 0.875000
v 0.000000 -0.037500 0.875000
v 0.000000 0.037500 0.875000
v -0.125000 -0.037500 0.875000
v -0.125000 0.037500 0.875000
v -0.250000 -0.037500 0.875000
v -0.250000 0.037500 0.875000
v -0.375000 -0.037500 0.875000
v -0.375000 0.037500 0.875000
v -0.500000 -0.037500 0.875000
v -0.500000 0.037500 0.875000
v -0.625000 -0.037500 0.875000
v -0.625000 0.037500 0.875000
v -0.750000 -0.037500 0.875000
v -0.750000 0.037500 0.875000
v -0.875000 -0.037500 0.875000
v -0.875000 0.037500 0.875000
v 0.875000 -0.037500 0.750000
v 0.875000 0.037500 0.750000
v 0.750000 -0.037500 0.750000
v 0.750000 0.037500 0.750000
v 0.625000 -0.037500 0.750000
v 0.625000 0.037500 0.750000
v 0.500000 -0.037500 0.750000
v 0.500000 0.037500 0.750000
v 0.375000 -0.037500 0.750000
v 0.375000 0.037500 0.750000
v 0.250000 -0.037500 0.750000
v 0.250000 0.037500 0.750000
v 0.125000 -0.037500 0.750000
v 0.125000 0.037500 0.750000
v 0.000000 -0.037500 0.750000
v 0.000000 0.037500 0.750000
v -0.125000 -0.037500 0.750000
v -0.125000 0.037500 0.750000
v -0.250000 -0.037500 0.750000
v -0.250000 0.037500 0.750000
v -0.375000 -0.037500 0.750000
v -0.375000 0.037500 0.750000
v -0.500000 -0.037500 0.750000
v -0.500000 0.037500 0.750000
v -0.625000 -0.037500 0.750000
v -0.625000 0.037500 0.750000
v -0.750000 -0.037500 0.750000
v -0.750000 0.037500 0.750000
v -0.875000 -0.037500 0.750000
v -0.875000 0.037500 0.750000
v 0.875000 -0.037500 0.625000
v 0.875000 0.037500 0.625000
v 0.750000 -0.037500 0.625000
v 0.750000 0.037500 0.625000
v 0.625000 -0.037500 0.625000
v 0.625000 0.037500 0.625000
v 0.500000 -0.037500 0.625000
v 0.500000 0.037500 0.625000
v 0.375000 -0.037500 0.625000
v 0.375000 0.037500 0.625000
v 0.250000 -0.037500 0.625000
v 0.250000 0.037500 0.625000
v 0.125000 -0.037500 0.625000
v 0.125000 0.037500 0.625000
v 0.000000 -0.037500 0.625000
v 0.000000 0.037500 0.625000
v -0.125000 -0.037500 0.625000
v -0.125000 0.037500 0.625000
v -0.250000 -0.037500 0.625000
v -0.250000 0.037500 0.625000
v -0.375000 -0.037500 0.625000
v -0.375000 0.037500 0.625000
v -0.500000 -0.037500 0.625000
v -0.500000 0.037500 0.625000
v -0.625000 -0.037500 0.625000
v -0.625000 0.037500 0.625000
v -0.750000 -0.037500 0.625000
v -0.750000 0.037500 0.625000
v -0.875000 -0.037500 0.625000
v -0.875000 0.037500 0.625000
v 0.875000 -0.037500 0.500000
v 0.875000 0.037500 0.500000
v 0.750000 -0.037500 0.500000
v 0.750000 0.037500 0.500000
v 0.625000 -0.037500 0.500000
v 0.625000 0.037500 0.500000
v 0.500000 -0.037500 0.500000
v 0.500000 0.037500 0.500000
v 0.375000 -0.037500 0.500000
v 0.375000 0.037500 0.500000
v 0.250000 -0.037500 0.500000
v 0.250000 0.037500 0.500000
v 0.125000 -0.037500 0.500000
v 0.125000 0.037500 0.500000
v 0.000000 -0.037500 0.500000
v 0.000000 0.037500 0.500000
v -0.125000 -0.037500 0.500000
v -0.125000 0.037500 0.500000
v -0.250000 -0.037500 0.500000
v -0.250000 0.037500 0.500000
v -0.375000 -0.037500 0.500000
v -0.375000 0.037500 0.500000
v -0.500000 -0.037500 0.500000
v -0.500000 0.037500 0.500000
v -0.625000 -0.037500 0.500000
v -0.625000 0.037500 0.500000
v -0.750000 -0.037500 0.500000
v -0.750000 0.037500 0.500000
v -0.875000 -0.037500 0.500000
v -0.875000 0.037500 0.500000
v 0.875000 -0.037500 0.375000
v 0.875000 0.037500 0.375000
v 0.750000 -0.037500 0.375000
v 0.750000 0.037500 0.375000
v 0.625000 -0.037500 0.375000
v 0.625000 0.037500 0.375000
v 0.500000 -0.037500 0.375000
v 0.500000 0.037500 0.375000
v 0.375000 -0.037500 0.375000
v 0.375000 0.037500 0.375000
v 0.250000 -0.037500 0.375000
v 0.250000 0.037500 0.375000
v 0.125000 -0.037500 0.375000
v 0.125000 0.037500 0.375000
v 0.000000 -0.037500 0.375000
v 0.000000 0.037500 0.375000
v -0.125000 -0.037500 0.375000
v -0.125000 0.037500 0.375000
v -0.250000 -0.037500 0.375000
v -0.250000 0.037500 0.375000
v -0.375000 -0.037500 0.375000
v -0.375000 0.037500 0.375000
v -0.500000 -0.037500 0.375000
v -0.500000 0.037500 0.375000
v -0.625000 -0.037500 0.375000
v -0.625000 0.037500 0.375000
v -0.750000 -0.037500 0.375000
v -0.750000 0.037500 0.375000
v -0.875000 -0.037500 0.375000
v -0.875000 0.037500 0.375000
v 0.875000 -0.037500 0.250000
v 0.875000 0.037500 0.250000
v 0.750000 -0.037500 0.250000
v 0.750000 0.037500 0.250000
v 0.625000 -0.037500 0.250000
v 0.625000 0.037500 0.250000
v 0.500000 -0.037500 0.250000
v 0.500000 0.037500 0.250000
v 0.375000 -0.037500 0.250000
v 0.375000 0.037500 0.250000
v 0.250000 -0.037500 0.250000
v 0.250000 0.037500 0.250000
v 0.125000 -0.037500 0.250000
v 0.125000 0.037500 0.250000
v 0.000000 -0.037500 0.250000
v 0.000000 0.037500 0.250000
v -0.125000 -0.037500 0.250000
v -0.125000 0.037500 0.250000
v -0.250000 -0.037500 0.250000
v -0.250000 0.037500 0.250000
v -0.375000 -0.037500 0.250000
v -0.375000 0.037500 0.250000
v -0.500000 -0.037500 0.250000
v -0.500000 0.037500 0.250000
v -0.625000 -0.037500 0.250000
v -0.625000 0.037500 0.250000
v -0.750000 -0.037500 0.250000
v -0.750000 0.037500 0.250000
v -0.875000 -0.037500 0.250000
v -0.875000 0.037500 0.250000
v 0.875000 -0.037500 0.125000
v 0.875000 0.037500 0.125000
v 0.750000 -0.037500 0.125000
v 0.750000 0.037500 0.125000
v 0.625000 -0.037500 0.125000
v 0.625000 0.037500 0.125000
v 0.500000 -0.037500 0.125000
v 0.500000 0.037500 0.125000
v 0.375000 -0.037500 0.125000
v 0.375000 0.037500 0.125000
v 0.250000 -0.037500 0.125000
v 0.250000 0.037500 0.125000
v 0.125000 -0.037500 0.125000
v 0.125000 0.037500 0.125000
v 0.000000 -0.037500 0.125000
v 0.000000 0.037500 0.125000
v -0.125000 -0.037500 0.125000
v -0.125000 0.037500 0.125000
v -0.250000 -0.037500 0.125000
v -0.250000 0.037500 0.125000
v -0.375000 -0.037500 0.125000
v -0.375000 0.037500 0.125000
v -0.500000 -0.037500 0.125000
v -0.500000 0.037500 0.125000
v -0.625000 -0.037500 0.125000
v -0.625000 0.037500 0.125000
v -0.750000 -0.037500 0.125000
v -0.750000 0.037500 0.125000
v -0.875000 -0.037500 0.125000
v -0.875000 0.037500 0.125000
v 0.875000 -0.037500 0.000000
v 0.875000 0.037500 0.000000
v 0.750000 -0.037500 0.000000
v 0.750000 0.037500 0.000000
v 0.625000 -0.037500 0.000000
v 0.625000 0.037500 0.000000
v 0.500000 -0.037500 0.000000
v 0.500000 0.037500 0.000000
v 0.375000 -0.037500 0.000000
v 0.375000 0.037500 0.000000
v 0.250000 -0.037500 0.000000
v 0.250000 0.037500 0.000000
v 0.125000 -0.037500 0.000000
v 0.125000 0.037500 0.000000
v 0.000000 -0.037500 0.000000
v 0.000000 0.037500 0.000000
v -0.125000 -0.037500 0.000000
v -0.125000 0.037500 0.000000
v -0.250000 -0.037500 0.000000
v -0.250000 0.037500 0.000000
v -0.375000 -0.037500 0.000000
v -0.375000 0.037500 0.000000
v -0.500000 -0.037500 0.000000
v -0.500000 0.037500 0.000000
v -0.625000 -0.037500 0.000000
v -0.625000 0.037500 0.000000
v -0.750000 -0.037500 0.000000
v -0.750000 0.037500 0.000000
v -0.875000 -0.037500 0.000000
v -0.875000 0.037500 0.000000
v 0.875000 -0.037500 -0.125000
v 0.875000 0.037500 -0.125000
v 0.750000 -0.037500 -0.125000
v 0.750000 0.037500 -0.125000
v 0.625000 -0.037500 -0.125000
v 0.625000 0.037500 -0.125000
v 0.500000 -0.037500 -0.125000
v 0.500000 0.037500 -0.125000
v 0.375000 -0.037500 -0.125000
v 0.375000 0.037500 -0.125000
v 0.250000 -0.037500 -0.125000
v 0.250000 0.037500 -0.125000
v 0.125000 -0.037500 -0.125000
v 0.125000 0.037500 -0.125000
v 0.000000 -0.037500 -0.125000
v 0.000000 0.037500 -0.125000
v -0.125000 -0.037500 -0.125000
v -0.125000 0.037500 -0.125000
v -0.250000 -0.037500 -0.125000
v -0.250000 0.037500 -0.125000
v -0.375000 -0.037500 -0.125000
v -0.375000 0.037500 -0.125000
v -0.500000 -0.037500 -0.125000
v -0.500000 0.037500 -0.125000
v -0.625000 -0.037500 -0.125000
v -0.625000 0.037500 -0.125000
v -0.750000 -0.037500 -0.125000
v -0.750000 0.037500 -0.125000
v -0.875000 -0.037500 -0.125000
v -0.875000 0.037500 -0.125000
v 0.875000 -0.037500 -0.250000
v 0.875000 0.037500 -0.250000
v 0.750000 -0.037500 -0.250000
v 0.750000 0.037500 -0.250000
v 0.625000 -0.037500 -0.250000
v 0.625000 0.037500 -0.250000
v 0.500000 -0.037500 -0.250000
v 0.500000 0.037500 -0.250000
v 0.375000 -0.037500 -0.250000
v 0.375000 0.037500 -0.250000
v 0.250000 -0.037500 -0.250000
v 0.250000 0.037500 -0.250000
v 0.125000 -0.037500 -0.250000
v 0.125000 0.037500 -0.250000
v 0.000000 -0.037500 -0.250000
v 0.000000 0.037500 -0.250000
v -0.125000 -0.037500 -0.250000
v -0.125000 0.037500 -0.250000
v -0.250000 -0.037500 -0.250000
v -0.250000 0.037500 -0.250000
v -0.375000 -0.037500 -0.250000
v -0.375000 0.037500 -0.250000
v -0.500000 -0.037500 -0.250000
v -0.500000 0.037500 -0.250000
v -0.625000 -0.037500 -0.250000
v -0.625000 0.037500 -0.250000
v -0.750000 -0.037500 -0.250000
v -0.750000 0.037500 -0.250000
v -0.875000 -0.037500 -0.250000
v -0.875000 0.037500 -0.250000
v 0.875000 -0.037500 -0.375000
v 0.875000 0.037500 -0.375000
v 0.750000 -0.037500 -0.375000
v 0.750000 0.037500 -0.375000
v 0.625000 -0.037500 -0.375000
v 0.625000 0.037500 -0.375000
v 0.500000 -0.037500 -0.375000
v 0.500000 0.037500 -0.375000
v 0.375000 -0.037500 -0.375000
v 0.375000 0.037500 -0.375000
v 0.250000 -0.037500 -0.375000
v 0.250000 0.037500 -0.375000
v 0.125000 -0.037500 -0.375000
v 0.125000 0.037500 -0.375000
v 0.000000 -0.037500 -0.375000
v 0.000000 0.037500 -0.375000
v -0.125000 -0.037500 -0.375000
v -0.125000 0.037500 -0.375000
v -0.250000 -0.037500 -0.375000
v -0.250000 0.037500 -0.375000
v -0.375000 -0.037500 -0.375000
v -0.375000 0.037500 -0.375000
v -0.500000 -0.037500 -0.375000
v -0.500000 0.037500 -0.375000
v -0.625000 -0.037500 -0.375000
v -0.625000 0.037500 -0.375000
v -0.750000 -0.037500 -0.375000
v -0.750000 0.037500 -0.375000
v -0.875000 -0.037500 -0.375000
v -0.875000 0.037500 -0.375000
v 0.875000 -0.037500 -0.500000
v 0.875000 0.037500 -0.500000
v 0.750000 -0.037500 -0.500000
v 0.750000 0.037500 -0.500000
v 0.625000 -0.037500 -0.500000
v 0.625000 0.037500 -0.500000
v 0.500000 -0.037500 -0.500000
v 0.500000 0.037500 -0.500000
v 0.375000 -0.037500 -0.500000
v 0.375000 0.037500 -0.500000
v 0.250000 -0.037500 -0.500000
v 0.250000 0.037500 -0.500000
v 0.125000 -0.037500 -0.500000
v 0.125000 0.037500 -0.500000
v 0.000000 -0.037500 -0.500000
v 0.000000 0.037500 -0.500000
v -0.125000 -0.037500 -0.500000
v -0.125000 0.037500 -0.500000
v -0.250000 -0.037500 -0.500000
v -0.250000 0.037500 -0.500000
v -0.375000 -0.037500 -0.500000
v -0.375000 0.037500 -0.500000
v -0.500000 -0.037500 -0.500000
v -0.500000 0.037500 -0.500000
v -0.625000 -0.037500 -0.500000
v -0.625000 0.037500 -0.500000
v -0.750000 -0.037500 -0.500000
v -0.750000 0.037500 -0.500000
v -0.875000 -0.037500 -0.500000
v -0.875000 0.037500 -0.500000
v 0.875000 -0.037500 -0.625000
v 0.875000 0.037500 -0.625000
v 0.750000 -0.037500 -0.625000
v 0.750000 0.037500 -0.625000
v 0.625000 -0.037500 -0.625000
v 0.625000 0.037500 -0.625000
v 0.500000 -0.037500 -0.625000
v 0.500000 0.037500 -0.625000
v 0.375000 -0.037500 -0.625000
v 0.375000 0.037500 -0.625000
v 0.250000 -0.037500 -0.625000
v 0.250000 0.037500 -0.625000
v 0.125000 -0.037500 -0.625000
v 0.125000 0.037500 -0.625000
v 0.000000 -0.037500 -0.625000
v 0.000000 0.037500 -0.625000
v -0.125000 -0.037500 -0.625000
v -0.125000 0.037500 -0.625000
v -0.250000 -0.037500 -0.625000
v -0.250000 0.037500 -0.625000
v -0.375000 -0.037500 -0.625000
v -0.375000 0.037500 -0.625000
v -0.500000 -0.037500 -0.625000
v -0.500000 0.037500 -0.625000
v -0.625000 -0.037500 -0.625000
v -0.625000 0.037500 -0.625000
v -0.750000 -0.037500 -0.625000
v -0.750000 0.037500 -0.625000
v -0.875000 -0.037500 -0.625000
v -0.875000 0.037500 -0.625000
v 0.875000 -0.037500 -0.750000
v 0.875000 0.037500 -0.750000
v 0.750000 -0.037500 -0.750000
v 0.750000 0.037500 -0.750000
v 0.625000 -0.037500 -0.750000
v 0.625000 0.037500 -0.750000
v 0.500000 -0.037500 -0.750000
v 0.500000 0.037500 -0.750000
v 0.375000 -0.037500 -0.750000
v 0.375000 0.037500 -0.750000
v 0.250000 -0.037500 -0.750000
v 0.250000 0.037500 -0.750000
v 0.125000 -0.037500 -0.750000
v 0.125000 0.037500 -0.750000
v 0.000000 -0.037500 -0.750000
v 0.000000 0.037500 -0.750000
v -0.125000 -0.037500 -0.750000
v -0.125000 0.037500 -0.750000
v -0.250000 -0.037500 -0.750000
v -0.250000 0.037500 -0.750000
v -0.375000 -0.037500 -0.750000
v -0.375000 0.037500 -0.750000
v -0.500000 -0.037500 -0.750000
v -0.500000 0.037500 -0.750000
v -0.625000 -0.037500 -0.750000
v -0.625000 0.037500 -0.750000
v -0.750000 -0.037500 -0.750000
v -0.750000 0.037500 -0.750000
v -0.875000 -0.037500 -0.750000
v -0.875000 0.037500 -0.750000
v 0.875000 -0.037500 -0.875000
v 0.875000 0.037500 -0.875000
v 0.750000 -0.037500 -0.875000
v 0.750000 0.037500 -0.875000
v 0.625000 -0.037500 -0.875000
v 0.625000 0.037500 -0.875000
v 0.500000 -0.037500 -0.875000
v 0.500000 0.037500 -0.875000
v 0.375000 -0.037500 -0.875000
v 0.375000 0.037500 -0.875000
v 0.250000 -0.037500 -0.875000
v 0.250000 0.037500 -0.875000
v 0.125000 -0.037500 -0.875000
v 0.125000 0.037500 -0.875000
v 0.000000 -0.037500 -0.875000
v 0.000000 0.037500 -0.875000
v -0.125000 -0.037500 -0.875000
v -0.125000 0.037500 -0.875000
v -0.250000 -0.037500 -0.875000
v -0.250000 0.037500 -0.875000
v -0.375000 -0.037500 -0.875000
v -0.375000 0.037500 -0.875000
v -0.500000 -0.037500 -0.875000
v -0.500000 0.037500 -0.875000
v -0.625000 -0.037500 -0.875000
v -0.625000 0.037500 -0.875000
v -0.750000 -0.037500 -0.875000
v -0.750000 0.037500 -0.875000
v -0.875000 -0.037500 -0.875000
v -0.875000 0.037500 -0.875000
v 0.912500 0.000000 -0.912500
v 0.962500 0.000000 -0.912500
v 0.962500 0.000000 -0.962500
v 0.912500 0.000000 -0.962500
v 0.912500 0.000000 0.962500
v 0.962500 0.000000 0.962500
v 0.962500 0.000000 0.912500
v 0.912500 0.000000 0.912500
v 0.912500 0.000000 0.837500
v 0.962500 0.000000 0.837500
v 0.962500 0.000000 0.787500
v 0.912500 0.000000 0.787500
v 0.912500 0.000000 0.712500
v 0.962500 0.000000 0.712500
v 0.962500 0.000000 0.662500
v 0.912500 0.000000 0.662500
v 0.912500 0.000000 0.587500
v 0.962500 0.000000 0.587500
v 0.962500 0.000000 0.537500
v 0.912500 0.000000 0.537500
v 0.912500 0.000000 0.462500
v 0.962500 0.000000 0.462500
v 0.962500 0.000000 0.412500
v 0.912500 0.000000 0.412500
v 0.912500 0.000000 0.337500
v 0.962500 0.000000 0.337500
v 0.962500 0.000000 0.287500
v 0.912500 0.000000 0.287500
v 0.912500 0.000000 0.212500
v 0.962500 0.000000 0.212500
v 0.962500 0.000000 0.162500
v 0.912500 0.000000 0.162500
v 0.912500 0.000000 0.087500
v 0.962500 0.000000 0.087500
v 0.962500 0.000000 0.037500
v 0.912500 0.000000 0.037500
v 0.912500 0.000000 -0.037500
v 0.962500 0.000000 -0.037500
v 0.962500 0.000000 -0.087500
v 0.912500 0.000000 -0.087500
v 0.912500 0.000000 -0.162500
v 0.962500 0.000000 -0.162500
v 0.962500 0.000000 -0.212500
v 0.912500 0.000000 -0.212500
v 0.912500 0.000000 -0.287500
v 0.962500 0.000000 -0.287500
v 0.962500 0.000000 -0.337500
v 0.912500 0.000000 -0.337500
v 0.912500 0.000000 -0.412500
v 0.962500 0.000000 -0.412500
v 0.962500 0.000000 -0.462500
v 0.912500 0.000000 -0.462500
v 0.912500 0.000000 -0.537500
v 0.962500 0.000000 -0.537500
v 0.962500 0.000000 -0.587500
v 0.912500 0.000000 -0.587500
v 0.912500 0.000000 -0.662500
v 0.962500 0.000000 -0.662500
v 0.962500 0.000000 -0.712500
v 0.912500 0.000000 -0.712500
v 0.912500 0.000000 -0.787500
v 0.962500 0.000000 -0.787500
v 0.962500 0.000000 -0.837500
v 0.912500 0.000000 -0.837500
v -0.962500 0.000000 -0.787500
v -0.912500 0.000000 -0.787500
v -0.912500 0.000000 -0.837500
v -0.962500 0.000000 -0.837500
v -0.837500 0.000000 -0.787500
v -0.787500 0.000000 -0.787500
v -0.787500 0.000000 -0.837500
v -0.837500 0.000000 -0.837500
v -0.712500 0.000000 -0.787500
v -0.662500 0.000000 -0.787500
v -0.662500 0.000000 -0.837500
v -0.712500 0.000000 -0.837500
v -0.587500 0.000000 -0.787500
v -0.537500 0.000000 -0.787500
v -0.537500 0.000000 -0.837500
v -0.587500 0.000000 -0.837500
v -0.462500 0.000000 -0.787500
v -0.412500 0.000000 -0.787500
v -0.412500 0.000000 -0.837500
v -0.462500 0.000000 -0.837500
v -0.337500 0.000000 -0.787500
v -0.287500 0.000000 -0.787500
v -0.287500 0.000000 -0.837500
v -0.337500 0.000000 -0.837500
v -0.212500 0.000000 -0.787500
v -0.162500 0.000000 -0.787500
v -0.162500 0.000000 -0.837500
v -0.212500 0.000000 -0.837500
v -0.087500 0.000000 -0.787500
v -0.037500 0.000000 -0.787500
v -0.037500 0.000000 -0.837500
v -0.087500 0.000000 -0.837500
v 0.037500 0.000000 -0.787500
v 0.087500 0.000000 -0.787500
v 0.087500 0.000000 -0.837500
v 0.037500 0.000000 -0.837500
v 0.162500 0.000000 -0.787500
v 0.212500 0.000000 -0.787500
v 0.212500 0.000000 -0.837500
v 0.162500 0.000000 -0.837500
v 0.287500 0.000000 -0.787500
v 0.337500 0.000000 -0.787500
v 0.337500 0.000000 -0.837500
v 0.287500 0.000000 -0.837500
v 0.412500 0.000000 -0.787500
v 0.462500 0.000000 -0.787500
v 0.462500 0.000000 -0.837500
v 0.412500 0.000000 -0.837500
v 0.537500 0.000000 -0.787500
v 0.587500 0.000000 -0.787500
v 0.587500 0.000000 -0.837500
v 0.537500 0.000000 -0.837500
v 0.662500 0.000000 -0.787500
v 0.712500 0.000000 -0.787500
v 0.712500 0.000000 -0.837500
v 0.662500 0.000000 -0.837500
v 0.787500 0.000000 -0.787500
v 0.837500 0.000000 -0.787500
v 0.837500 0.000000 -0.837500
v 0.787500 0.000000 -0.837500
v -0.962500 0.000000 -0.662500
v -0.912500 0.000000 -0.662500
v -0.912500 0.000000 -0.712500
v -0.962500 0.000000 -0.712500
v -0.837500 0.000000 -0.662500
v -0.787500 0.000000 -0.662500
v -0.787500 0.000000 -0.712500
v -0.837500 0.000000 -0.712500
v -0.712500 0.000000 -0.662500
v -0.662500 0.000000 -0.662500
v -0.662500 0.000000 -0.712500
v -0.712500 0.000000 -0.712500
v -0.587500 0.000000 -0.662500
v -0.537500 0.000000 -0.662500
v -0.537500 0.000000 -0.712500
v -0.587500 0.000000 -0.712500
v -0.462500 0.000000 -0.662500
v -0.412500 0.000000 -0.662500
v -0.412500 0.000000 -0.712500
v -0.462500 0.000000 -0.712500
v -0.337500 0.000000 -0.662500
v -0.287500 0.000000 -0.662500
v -0.287500 0.000000 -0.712500
v -0.337500 0.000000 -0.712500
v -0.212500 0.000000 -0.662500
v -0.162500 0.000000 -0.662500
v -0.162500 0.000000 -0.712500
v -0.212500 0.000000 -0.712500
v -0.087500 0.000000 -0.662500
v -0.037500 0.000000 -0.662500
v -0.037500 0.000000 -0.712500
v -0.087500 0.000000 -0.712500
v 0.037500 0.000000 -0.662500
v 0.087500 0.000000 -0.662500
v 0.087500 0.000000 -0.712500
v 0.037500 0.000000 -0.712500
v 0.162500 0.000000 -0.662500
v 0.212500 0.000000 -0.662500
v 0.212500 0.000000 -0.712500
v 0.162500 0.000000 -0.712500
v 0.287500 0.000000 -0.662500
v 0.337500 0.000000 -0.662500
v 0.337500 0.000000 -0.712500
v 0.287500 0.000000 -0.712500
v 0.412500 0.000000 -0.662500
v 0.462500 0.000000 -0.662500
v 0.462500 0.000000 -0.712500
v 0.412500 0.000000 -0.712500
v 0.537500 0.000000 -0.662500
v 0.587500 0.000000 -0.662500
v 0.587500 0.000000 -0.712500
v 0.537500 0.000000 -0.712500
v 0.662500 0.000000 -0.662500
v 0.712500 0.000000 -0.662500
v 0.712500 0.000000 -0.712500
v 0.662500 0.000000 -0.712500
v 0.787500 0.000000 -0.662500
v 0.837500 0.000000 -0.662500
v 0.837500 0.000000 -0.712500
v 0.787500 0.000000 -0.712500
v -0.962500 0.000000 -0.537500
v -0.912500 0.000000 -0.537500
v -0.912500 0.000000 -0.587500
v -0.962500 0.000000 -0.587500
v -0.837500 0.000000 -0.537500
v -0.787500 0.000000 -0.537500
v -0.787500 0.000000 -0.587500
v -0.837500 0.000000 -0.587500
v -0.712500 0.000000 -0.537500
v -0.662500 0.000000 -0.537500
v -0.662500 0.000000 -0.587500
v -0.712500 0.000000 -0.587500
v -0.587500 0.000000 -0.537500
v -0.537500 0.000000 -0.537500
v -0.537500 0.000000 -0.587500
v -0.587500 0.000000 -0.587500
v -0.462500 0.000000 -0.537500
v -0.412500 0.000000 -0.537500
v -0.412500 0.000000 -0.587500
v -0.462500 0.000000 -0.587500
v -0.337500 0.000000 -0.537500
v -0.287500 0.000000 -0.537500
v -0.287500 0.000000 -0.587500
v -0.337500 0.000000 -0.587500
v -0.212500 0.000000 -0.537500
v -0.162500 0.000000 -0.537500
v -0.162500 0.000000 -0.587500
v -0.212500 0.000000 -0.587500
v -0.087500 0.000000 -0.537500
v -0.037500 0.000000 -0.537500
v -0.037500 0.000000 -0.587500
v -0.087500 0.000000 -0.587500
v 0.037500 0.000000 -0.537500
v 0.087500 0.000000 -0.537500
v 0.087500 0.000000 -0.587500
v 0.037500 0.000000 -0.587500
v 0.162500 0.000000 -0.537500
v 0.212500 0.000000 -0.537500
v 0.212500 0.000000 -0.587500
v 0.162500 0.000000 -0.587500
v 0.287500 0.000000 -0.537500
v 0.337500 0.000000 -0.537500
v 0.337500 0.000000 -0.587500
v 0.287500 0.000000 -0.587500
v 0.412500 0.000000 -0.537500
v 0.462500 0.000000 -0.537500
v 0.462500 0.000000 -0.587500
v 0.412500 0.000000 -0.587500
v 0.537500 0.000000 -0.537500
v 0.587500 0.000000 -0.537500
v 0.587500 0.000000 -0.587500
v 0.537500 0.000000 -0.587500
v 0.662500 0.000000 -0.537500
v 0.712500 0.000000 -0.537500
v 0.712500 0.000000 -0.587500
v 0.662500 0.000000 -0.587500
v 0.787500 0.000000 -0.537500
v 0.837500 0.000000 -0.537500
v 0.837500 0.000000 -0.587500
v 0.787500 0.000000 -0.587500
v -0.962500 0.000000 -0.412500
v -0.912500 0.000000 -0.412500
v -0.912500 0.000000 -0.462500
v -0.962500 0.000000 -0.462500
v -0.837500 0.000000 -0.412500
v -0.787500 0.000000 -0.412500
v -0.787500 0.000000 -0.462500
v -0.837500 0.000000 -0.462500
v -0.712500 0.000000 -0.412500
v -0.662500 0.000000 -0.412500
v -0.662500 0.000000 -0.462500
v -0.712500 0.000000 -0.462500
v -0.587500 0.000000 -0.412500
v -0.537500 0.000000 -0.412500
v -0.537500 0.000000 -0.462500
v -0.587500 0.000000 -0.462500
v -0.462500 0.000000 -0.412500
v -0.412500 0.000000 -0.412500
v -0.412500 0.000000 -0.462500
v -0.462500 0.000000 -0.462500
v -0.337500 0.000000 -0.412500
v -0.287500 0.000000 -0.412500
v -0.287500 0.000000 -0.462500
v -0.337500 0.000000 -0.462500
v -0.212500 0.000000 -0.412500
v -0.162500 0.000000 -0.412500
v -0.162500 0.000000 -0.462500
v -0.212500 0.000000 -0.462500
v -0.087500 0.000000 -0.412500
v -0.037500 0.000000 -0.412500
v -0.037500 0.000000 -0.462500
v -0.087500 0.000000 -0.462500
v 0.037500 0.000000 -0.412500
v 0.087500 0.000000 -0.412500
v 0.087500 0.000000 -0.462500
v 0.037500 0.000000 -0.462500
v 0.162500 0.000000 -0.412500
v 0.212500 0.000000 -0.412500
v 0.212500 0.000000 -0.462500
v 0.162500 0.000000 -0.462500
v 0.287500 0.000000 -0.412500
v 0.337500 0.000000 -0.412500
v 0.337500 0.000000 -0.462500
v 0.287500 0.000000 -0.462500
v 0.412500 0.000000 -0.412500
v 0.462500 0.000000 -0.412500
v 0.462500 0.000000 -0.462500
v 0.412500 0.000000 -0.462500
v 0.537500 0.000000 -0.412500
v 0.587500 0.000000 -0.412500
v 0.587500 0.000000 -0.462500
v 0.537500 0.000000 -0.462500
v 0.662500 0.000000 -0.412500
v 0.712500 0.000000 -0.412500
v 0.712500 0.000000 -0.462500
v 0.662500 0.000000 -0.462500
v 0.787500 0.000000 -0.412500
v 0.837500 0.000000 -0.412500
v 0.837500 0.000000 -0.462500
v 0.787500 0.000000 -0.462500
v -0.962500 0.000000 -0.287500
v -0.912500 0.000000 -0.287500
v -0.912500 0.000000 -0.337500
v -0.962500 0.000000 -0.337500
v -0.837500 0.000000 -0.287500
v -0.787500 0.000000 -0.287500
v -0.787500 0.000000 -0.337500
v -0.837500 0.000000 -0.337500
v -0.712500 0.000000 -0.287500
v -0.662500 0.000000 -0.287500
v -0.662500 0.000000 -0.337500
v -0.712500 0.000000 -0.337500
v -0.587500 0.000000 -0.287500
v -0.537500 0.000000 -0.287500
v -0.537500 0.000000 -0.337500
v -0.587500 0.000000 -0.337500
v -0.462500 0.000000 -0.287500
v -0.412500 0.000000 -0.287500
v -0.412500 0.000000 -0.337500
v -0.462500 0.000000 -0.337500
v -0.337500 0.000000 -0.287500
v -0.287500 0.000000 -0.287500
v -0.287500 0.000000 -0.337500
v -0.337500 0.000000 -0.337500
v -0.212500 0.000000 -0.287500
v -0.162500 0.000000 -0.287500
v -0.162500 0.000000 -0.337500
v -0.212500 0.000000 -0.337500
v -0.087500 0.000000 -0.287500
v -0.037500 0.000000 -0.287500
v -0.037500 0.000000 -0.337500
v -0.087500 0.000000 -0.337500
v 0.037500 0.000000 -0.287500
v 0.087500 0.000000 -0.287500
v 0.087500 0.000000 -0.337500
v 0.037500 0.000000 -0.337500
v 0.162500 0.000000 -0.287500
v 0.212500 0.000000 -0.287500
v 0.212500 0.000000 -0.337500
v 0.162500 0.000000 -0.337500
v 0.287500 0.000000 -0.287500
v 0.337500 0.000000 -0.287500
v 0.337500 0.000000 -0.337500
v 0.287500 0.000000 -0.337500
v 0.412500 0.000000 -0.287500
v 0.462500 0.000000 -0.287500
v 0.462500 0.000000 -0.337500
v 0.412500 0.000000 -0.337500
v 0.537500 0.000000 -0.287500
v 0.587500 0.000000 -0.287500
v 0.587500 0.000000 -0.337500
v 0.537500 0.000000 -0.337500
v 0.662500 0.000000 -0.287500
v 0.712500 0.000000 -0.287500
v 0.712500 0.000000 -0.337500
v 0.662500 0.000000 -0.337500
v 0.787500 0.000000 -0.287500
v 0.837500 0.000000 -0.287500
v 0.837500 0.000000 -0.337500
v 0.787500 0.000000 -0.337500
v -0.962500 0.000000 -0.162500
v -0.912500 0.000000 -0.162500
v -0.912500 0.000000 -0.212500
v -0.962500 0.000000 -0.212500
v -0.837500 0.000000 -0.162500
v -0.787500 0.000000 -0.162500
v -0.787500 0.000000 -0.212500
v -0.837500 0.000000 -0.212500
v -0.712500 0.000000 -0.162500
v -0.662500 0.000000 -0.162500
v -0.662500 0.000000 -0.212500
v -0.712500 0.000000 -0.212500
v -0.587500 0.000000 -0.162500
v -0.537500 0.000000 -0.162500
v -0.537500 0.000000 -0.212500
v -0.587500 0.000000 -0.212500
v -0.462500 0.000000 -0.162500
v -0.412500 0.000000 -0.162500
v -0.412500 0.000000 -0.212500
v -0.462500 0.000000 -0.212500
v -0.337500 0.000000 -0.162500
v -0.287500 0.000000 -0.162500
v -0.287500 0.000000 -0.212500
v -0.337500 0.000000 -0.212500
v -0.212500 0.000000 -0.162500
v -0.162500 0.000000 -0.162500
v -0.162500 0.000000 -0.212500
v -0.212500 0.000000 -0.212500
v -0.087500 0.000000 -0.162500
v -0.037500 0.000000 -0.162500
v -0.037500 0.000000 -0.212500
v -0.087500 0.000000 -0.212500
v 0.037500 0.000000 -0.162500
v 0.087500 0.000000 -0.162500
v 0.087500 0.000000 -0.212500
v 0.037500 0.000000 -0.212500
v 0.162500 0.000000 -0.162500
v 0.212500 0.000000 -0.162500
v 0.212500 0.000000 -0.212500
v 0.162500 0.000000 -0.212500
v 0.287500 0.000000 -0.162500
v 0.337500 0.000000 -0.162500
v 0.337500 0.000000 -0.212500
v 0.287500 0.000000 -0.212500
v 0.412500 0.000000 -0.162500
v 0.462500 0.000000 -0.162500
v 0.462500 0.000000 -0.212500
v 0.412500 0.000000 -0.212500
v 0.537500 0.000000 -0.162500
v 0.587500 0.000000 -0.162500
v 0.587500 0.000000 -0.212500
v 0.537500 0.000000 -0.212500
v 0.662500 0.000000 -0.162500
v 0.712500 0.000000 -0.162500
v 0.712500 0.000000 -0.212500
v 0.662500 0.000000 -0.212500
v 0.787500 0.000000 -0.162500
v 0.837500 0.000000 -0.162500
v 0.837500 0.000000 -0.212500
v 0.787500 0.000000 -0.212500
v -0.962500 0.000000 -0.037500
v -0.912500 0.000000 -0.037500
v -0.912500 0.000000 -0.087500
v -0.962500 0.000000 -0.087500
v -0.837500 0.000000 -0.037500
v -0.787500 0.000000 -0.037500
v -0.787500 0.000000 -0.087500
v -0.837500 0.000000 -0.087500
v -0.712500 0.000000 -0.037500
v -0.662500 0.000000 -0.037500
v -0.662500 0.000000 -0.087500
v -0.712500 0.000000 -0.087500
v -0.587500 0.000000 -0.037500
v -0.537500 0.000000 -0.037500
v -0.537500 0.000000 -0.087500
v -0.587500 0.000000 -0.087500
v -0.462500 0.000000 -0.037500
v -0.412500 0.000000 -0.037500
v -0.412500 0.000000 -0.087500
v -0.462500 0.000000 -0.087500
v -0.337500 0.000000 -0.037500
v -0.287500 0.000000 -0.037500
v -0.287500 0.000000 -0.087500
v -0.337500 0.000000 -0.087500
v -0.212500 0.000000 -0.037500
v -0.162500 0.000000 -0.037500
v -0.162500 0.000000 -0.087500
v -0.212500 0.000000 -0.087500
v -0.087500 0.000000 -0.037500
v -0.037500 0.000000 -0.037500
v -0.037500 0.000000 -0.087500
v -0.087500 0.000000 -0.087500
v 0.037500 0.000000 -0.037500
v 0.087500 0.000000 -0.037500
v 0.087500 0.000000 -0.087500
v 0.037500 0.000000 -0.087500
v 0.162500 0.000000 -0.037500
v 0.212500 0.000000 -0.037500
v 0.212500 0.000000 -0.087500
v 0.162500 0.000000 -0.087500
v 0.287500 0.000000 -0.037500
v 0.337500 0.000000 -0.037500
v 0.337500 0.000000 -0.087500
v 0.287500 0.000000 -0.087500
v 0.412500 0.000000 -0.037500
v 0.462500 0.000000 -0.037500
v 0.462500 0.000000 -0.087500
v 0.412500 0.000000 -0.087500
v 0.537500 0.000000 -0.037500
v 0.587500 0.000000 -0.037500
v 0.587500 0.000000 -0.087500
v 0.537500 0.000000 -0.087500
v 0.662500 0.000000 -0.037500
v 0.712500 0.000000 -0.037500
v 0.712500 0.000000 -0.087500
v 0.662500 0.000000 -0.087500
v 0.787500 0.000000 -0.037500
v 0.837500 0.000000 -0.037500
v 0.837500 0.000000 -0.087500
v 0.787500 0.000000 -0.087500
v -0.962500 0.000000 0.087500
v -0.912500 0.000000 0.087500
v -0.912500 0.000000 0.037500
v -0.962500 0.000000 0.037500
v -0.837500 0.000000 0.087500
v -0.787500 0.000000 0.087500
v -0.787500 0.000000 0.037500
v -0.837500 0.000000 0.037500
v -0.712500 0.000000 0.087500
v -0.662500 0.000000 0.087500
v -0.662500 0.000000 0.037500
v -0.712500 0.000000 0.037500
v -0.587500 0.000000 0.087500
v -0.537500 0.000000 0.087500
v -0.537500 0.000000 0.037500
v -0.587500 0.000000 0.037500
v -0.462500 0.000000 0.087500
v -0.412500 0.000000 0.087500
v -0.412500 0.000000 0.037500
v -0.462500 0.000000 0.037500
v -0.337500 0.000000 0.087500
v -0.287500 0.000000 0.087500
v -0.287500 0.000000 0.037500
v -0.337500 0.000000 0.037500
v -0.212500 0.000000 0.087500
v -0.162500 0.000000 0.087500
v -0.162500 0.000000 0.037500
v -0.212500 0.000000 0.037500
v -0.087500 0.000000 0.087500
v -0.037500 0.000000 0.087500
v -0.037500 0.000000 0.037500
v -0.087500 0.000000 0.037500
v 0.037500 0.000000 0.087500
v 0.087500 0.000000 0.087500
v 0.087500 0.000000 0.037500
v 0.037500 0.000000 0.037500
v 0.162500 0.000000 0.087500
v 0.212500 0.000000 0.087500
v 0.212500 0.000000 0.037500
v 0.162500 0.000000 0.037500
v 0.287500 0.000000 0.087500
v 0.337500 0.000000 0.087500
v 0.337500 0.000000 0.037500
v 0.287500 0.000000 0.037500
v 0.412500 0.000000 0.087500
v 0.462500 0.000000 0.087500
v 0.462500 0.000000 0.037500
v 0.412500 0.000000 0.037500
v 0.537500 0.000000 0.087500
v 0.587500 0.000000 0.087500
v 0.587500 0.000000 0.037500
v 0.537500 0.000000 0.037500
v 0.662500 0.000000 0.087500
v 0.712500 0.000000 0.087500
v 0.712500 0.000000 0.037500
v 0.662500 0.000000 0.037500
v 0.787500 0.000000 0.087500
v 0.837500 0.000000 0.087500
v 0.837500 0.000000 0.037500
v 0.787500 0.000000 0.037500
v -0.962500 0.000000 0.212500
v -0.912500 0.000000 0.212500
v -0.912500 0.000000 0.162500
v -0.962500 0.000000 0.162500
v -0.837500 0.000000 0.212500
v -0.787500 0.000000 0.212500
v -0.787500 0.000000 0.162500
v -0.837500 0.000000 0.162500
v -0.712500 0.000000 0.212500
v -0.662500 0.000000 0.212500
v -0.662500 0.000000 0.162500
v -0.712500 0.000000 0.162500
v -0.587500 0.000000 0.212500
v -0.537500 0.000000 0.212500
v -0.537500 0.000000 0.162500
v -0.587500 0.000000 0.162500
v -0.462500 0.000000 0.212500
v -0.412500 0.000000 0.212500
v -0.412500 0.000000 0.162500
v -0.462500 0.000000 0.162500
v -0.337500 0.000000 0.212500
v -0.287500 0.000000 0.212500
v -0.287500 0.000000 0.162500
v -0.337500 0.000000 0.162500
v -0.212500 0.000000 0.212500
v -0.162500 0.000000 0.212500
v -0.162500 0.000000 0.162500
v -0.212500 0.000000 0.162500
v -0.087500 0.000000 0.212500
v -0.037500 0.000000 0.212500
v -0.037500 0.000000 0.162500
v -0.087500 0.000000 0.162500
v 0.037500 0.000000 0.212500
v 0.087500 0.000000 0.212500
v 0.087500 0.000000 0.162500
v 0.037500 0.000000 0.162500
v 0.162500 0.000000 0.212500
v 0.212500 0.000000 0.212500
v 0.212500 0.000000 0.162500
v 0.162500 0.000000 0.162500
v 0.287500 0.000000 0.212500
v 0.337500 0.000000 0.212500
v 0.337500 0.000000 0.162500
v 0.287500 0.000000 0.162500
v 0.412500 0.000000 0.212500
v 0.462500 0.000000 0.212500
v 0.462500 0.000000 0.162500
v 0.412500 0.000000 0.162500
v 0.537500 0.000000 0.212500
v 0.587500 0.000000 0.212500
v 0.587500 0.000000 0.162500
v 0.537500 0.000000 0.162500
v 0.662500 0.000000 0.212500
v 0.712500 0.000000 0.212500
v 0.712500 0.000000 0.162500
v 0.662500 0.000000 0.162500
v 0.787500 0.000000 0.212500
v 0.837500 0.000000 0.212500
v 0.837500 0.000000 0.162500
v 0.787500 0.000000 0.162500
v -0.962500 0.000000 0.337500
v -0.912500 0.000000 0.337500
v -0.912500 0.000000 0.287500
v -0.962500 0.000000 0.287500
v -0.837500 0.000000 0.337500
v -0.787500 0.000000 0.337500
v -0.787500 0.000000 0.287500
v -0.837500 0.000000 0.287500
v -0.712500 0.000000 0.337500
v -0.662500 0.000000 0.337500
v -0.662500 0.000000 0.287500
v -0.712500 0.000000 0.287500
v -0.587500 0.000000 0.337500
v -0.537500 0.000000 0.337500
v -0.537500 0.000000 0.287500
v -0.587500 0.000000 0.287500
v -0.462500 0.000000 0.337500
v -0.412500 0.000000 0.337500
v -0.412500 0.000000 0.287500
v -0.462500 0.000000 0.287500
v -0.337500 0.000000 0.337500
v -0.287500 0.000000 0.337500
v -0.287500 0.000000 0.287500
v -0.337500 0.000000 0.287500
v -0.212500 0.000000 0.337500
v -0.162500 0.000000 0.337500
v -0.162500 0.000000 0.287500
v -0.212500 0.000000 0.287500
v -0.087500 0.000000 0.337500
v -0.037500 0.000000 0.337500
v -0.037500 0.000000 0.287500
v -0.087500 0.000000 0.287500
v 0.037500 0.000000 0.337500
v 0.087500 0.000000 0.337500
v 0.087500 0.000000 0.287500
v 0.037500 0.000000 0.287500
v 0.162500 0.000000 0.337500
v 0.212500 0.000000 0.337500
v 0.212500 0.000000 0.287500
v 0.162500 0.000000 0.287500
v 0.287500 0.000000 0.337500
v 0.337500 0.000000 0.337500
v 0.337500 0.000000 0.287500
v 0.287500 0.000000 0.287500
v 0.412500 0.000000 0.337500
v 0.462500 0.000000 0.337500
v 0.462500 0.000000 0.287500
v 0.412500 0.000000 0.287500
v 0.537500 0.000000 0.337500
v 0.587500 0.000000 0.337500
v 0.587500 0.000000 0.287500
v 0.537500 0.000000 0.287500
v 0.662500 0.000000 0.337500
v 0.712500 0.000000 0.337500
v 0.712500 0.000000 0.287500
v 0.662500 0.000000 0.287500
v 0.787500 0.000000 0.337500
v 0.837500 0.000000 0.337500
v 0.837500 0.000000 0.287500
v 0.787500 0.000000 0.287500
v -0.962500 0.000000 0.462500
v -0.912500 0.000000 0.462500
v -0.912500 0.000000 0.412500
v -0.962500 0.000000 0.412500
v -0.837500 0.000000 0.462500
v -0.787500 0.000000 0.462500
v -0.787500 0.000000 0.412500
v -0.837500 0.000000 0.412500
v -0.712500 0.000000 0.462500
v -0.662500 0.000000 0.462500
v -0.662500 0.000000 0.412500
v -0.712500 0.000000 0.412500
v -0.587500 0.000000 0.462500
v -0.537500 0.000000 0.462500
v -0.537500 0.000000 0.412500
v -0.587500 0.000000 0.412500
v -0.462500 0.000000 0.462500
v -0.412500 0.000000 0.462500
v -0.412500 0.000000 0.412500
v -0.462500 0.000000 0.412500
v -0.337500 0.000000 0.462500
v -0.287500 0.000000 0.462500
v -0.287500 0.000000 0.412500
v -0.337500 0.000000 0.412500
v -0.212500 0.000000 0.462500
v -0.162500 0.000000 0.462500
v -0.162500 0.000000 0.412500
v -0.212500 0.000000 0.412500
v -0.087500 0.000000 0.462500
v -0.037500 0.000000 0.462500
v -0.037500 0.000000 0.412500
v -0.087500 0.000000 0.412500
v 0.037500 0.000000 0.462500
v 0.087500 0.000000 0.462500
v 0.087500 0.000000 0.412500
v 0.037500 0.000000 0.412500
v 0.162500 0.000000 0.462500
v 0.212500 0.000000 0.462500
v 0.212500 0.000000 0.412500
v 0.162500 0.000000 0.412500
v 0.287500 0.000000 0.462500
v 0.337500 0.000000 0.462500
v 0.337500 0.000000 0.412500
v 0.287500 0.000000 0.412500
v 0.412500 0.000000 0.462500
v 0.462500 0.000000 0.462500
v 0.462500 0.000000 0.412500
v 0.412500 0.000000 0.412500
v 0.537500 0.000000 0.462500
v 0.587500 0.000000 0.462500
v 0.587500 0.000000 0.412500
v 0.537500 0.000000 0.412500
v 0.662500 0.000000 0.462500
v 0.712500 0.000000 0.462500
v 0.712500 0.000000 0.412500
v 0.662500 0.000000 0.412500
v 0.787500 0.000000 0.462500
v 0.837500 0.000000 0.462500
v 0.837500 0.000000 0.412500
v 0.787500 0.000000 0.412500
v -0.962500 0.000000 0.587500
v -0.912500 0.000000 0.587500
v -0.912500 0.000000 0.537500
v -0.962500 0.000000 0.537500
v -0.837500 0.000000 0.587500
v -0.787500 0.000000 0.587500
v -0.787500 0.000000 0.537500
v -0.837500 0.000000 0.537500
v -0.712500 0.000000 0.587500
v -0.662500 0.000000 0.587500
v -0.662500 0.000000 0.537500
v -0.712500 0.000000 0.537500
v -0.587500 0.000000 0.587500
v -0.537500 0.000000 0.587500
v -0.537500 0.000000 0.537500
v -0.587500 0.000000 0.537500
v -0.462500 0.000000 0.587500
v -0.412500 0.000000 0.587500
v -0.412500 0.000000 0.537500
v -0.462500 0.000000 0.537500
v -0.337500 0.000000 0.587500
v -0.287500 0.000000 0.587500
v -0.287500 0.000000 0.537500
v -0.337500 0.000000 0.537500
v -0.212500 0.000000 0.587500
v -0.162500 0.000000 0.587500
v -0.162500 0.000000 0.537500
v -0.212500 0.000000 0.537500
v -0.087500 0.000000 0.587500
v -0.037500 0.000000 0.587500
v -0.037500 0.000000 0.537500
v -0.087500 0.000000 0.537500
v 0.037500 0.000000 0.587500
v 0.087500 0.000000 0.587500
v 0.087500 0.000000 0.537500
v 0.037500 0.000000 0.537500
v 0.162500 0.000000 0.587500
v 0.212500 0.000000 0.587500
v 0.212500 0.000000 0.537500
v 0.162500 0.000000 0.537500
v 0.287500 0.000000 0.587500
v 0.337500 0.000000 0.587500
v 0.337500 0.000000 0.537500
v 0.287500 0.000000 0.537500
v 0.412500 0.000000 0.587500
v 0.462500 0.000000 0.587500
v 0.462500 0.000000 0.537500
v 0.412500 0.000000 0.537500
v 0.537500 0.000000 0.587500
v 0.587500 0.000000 0.587500
v 0.587500 0.000000 0.537500
v 0.537500 0.000000 0.537500
v 0.662500 0.000000 0.587500
v 0.712500 0.000000 0.587500
v 0.712500 0.000000 0.537500
v 0.662500 0.000000 0.537500
v 0.787500 0.000000 0.587500
v 0.837500 0.000000 0.587500
v 0.837500 0.000000 0.537500
v 0.787500 0.000000 0.537500
v -0.962500 0.000000 0.712500
v -0.912500 0.000000 0.712500
v -0.912500 0.000000 0.662500
v -0.962500 0.000000 0.662500
v -0.837500 0.000000 0.712500
v -0.787500 0.000000 0.712500
v -0.787500 0.000000 0.662500
v -0.837500 0.000000 0.662500
v -0.712500 0.000000 0.712500
v -0.662500 0.000000 0.712500
v -0.662500 0.000000 0.662500
v -0.712500 0.000000 0.662500
v -0.587500 0.000000 0.712500
v -0.537500 0.000000 0.712500
v -0.537500 0.000000 0.662500
v -0.587500 0.000000 0.662500
v -0.462500 0.000000 0.712500
v -0.412500 0.000000 0.712500
v -0.412500 0.000000 0.662500
v -0.462500 0.000000 0.662500
v -0.337500 0.000000 0.712500
v -0.287500 0.000000 0.712500
v -0.287500 0.000000 0.662500
v -0.337500 0.000000 0.662500
v -0.212500 0.000000 0.712500
v -0.162500 0.000000 0.712500
v -0.162500 0.000000 0.662500
v -0.212500 0.000000 0.662500
v -0.087500 0.000000 0.712500
v -0.037500 0.000000 0.712500
v -0.037500 0.000000 0.662500
v -0.087500 0.000000 0.662500
v 0.037500 0.000000 0.712500
v 0.087500 0.000000 0.712500
v 0.087500 0.000000 0.662500
v 0.037500 0.000000 0.662500
v 0.162500 0.000000 0.712500
v 0.212500 0.000000 0.712500
v 0.212500 0.000000 0.662500
v 0.162500 0.000000 0.662500
v 0.287500 0.000000 0.712500
v 0.337500 0.000000 0.712500
v 0.337500 0.000000 0.662500
v 0.287500 0.000000 0.662500
v 0.412500 0.000000 0.712500
v 0.462500 0.000000 0.712500
v 0.462500 0.000000 0.662500
v 0.412500 0.000000 0.662500
v 0.537500 0.000000 0.712500
v 0.587500 0.000000 0.712500
v 0.587500 0.000000 0.662500
v 0.537500 0.000000 0.662500
v 0.662500 0.000000 0.712500
v 0.712500 0.000000 0.712500
v 0.712500 0.000000 0.662500
v 0.662500 0.000000 0.662500
v 0.787500 0.000000 0.712500
v 0.837500 0.000000 0.712500
v 0.837500 0.000000 0.662500
v 0.787500 0.000000 0.662500
v -0.962500 0.000000 0.837500
v -0.912500 0.000000 0.837500
v -0.912500 0.000000 0.787500
v -0.962500 0.000000 0.787500
v -0.837500 0.000000 0.837500
v -0.787500 0.000000 0.837500
v -0.787500 0.000000 0.787500
v -0.837500 0.000000 0.787500
v -0.712500 0.000000 0.837500
v -0.662500 0.000000 0.837500
v -0.662500 0.000000 0.787500
v -0.712500 0.000000 0.787500
v -0.587500 0.000000 0.837500
v -0.537500 0.000000 0.837500
v -0.537500 0.000000 0.787500
v -0.587500 0.000000 0.787500
v -0.462500 0.000000 0.837500
v -0.412500 0.000000 0.837500
v -0.412500 0.000000 0.787500
v -0.462500 0.000000 0.787500
v -0.337500 0.000000 0.837500
v -0.287500 0.000000 0.837500
v -0.287500 0.000000 0.787500
v -0.337500 0.000000 0.787500
v -0.212500 0.000000 0.837500
v -0.162500 0.000000 0.837500
v -0.162500 0.000000 0.787500
v -0.212500 0.000000 0.787500
v -0.087500 0.000000 0.837500
v -0.037500 0.000000 0.837500
v -0.037500 0.000000 0.787500
v -0.087500 0.000000 0.787500
v 0.037500 0.000000 0.837500
v 0.087500 0.000000 0.837500
v 0.087500 0.000000 0.787500
v 0.037500 0.000000 0.787500
v 0.162500 0.000000 0.837500
v 0.212500 0.000000 0.837500
v 0.212500 0.000000 0.787500
v 0.162500 0.000000 0.787500
v 0.287500 0.000000 0.837500
v 0.337500 0.000000 0.837500
v 0.337500 0.000000 0.787500
v 0.287500 0.000000 0.787500
v 0.412500 0.000000 0.837500
v 0.462500 0.000000 0.837500
v 0.462500 0.000000 0.787500
v 0.412500 0.000000 0.787500
v 0.537500 0.000000 0.837500
v 0.587500 0.000000 0.837500
v 0.587500 0.000000 0.787500
v 0.537500 0.000000 0.787500
v 0.662500 0.000000 0.837500
v 0.712500 0.000000 0.837500
v 0.712500 0.000000 0.787500
v 0.662500 0.000000 0.787500
v 0.787500 0.000000 0.837500
v 0.837500 0.000000 0.837500
v 0.837500 0.000000 0.787500
v 0.787500 0.000000 0.787500
v -0.962500 0.000000 0.962500
v -0.912500 0.000000 0.962500
v -0.912500 0.000000 0.912500
v -0.962500 0.000000 0.912500
v -0.837500 0.000000 0.962500
v -0.787500 0.000000 0.962500
v -0.787500 0.000000 0.912500
v -0.837500 0.000000 0.912500
v -0.712500 0.000000 0.962500
v -0.662500 0.000000 0.962500
v -0.662500 0.000000 0.912500
v -0.712500 0.000000 0.912500
v -0.587500 0.000000 0.962500
v -0.537500 0.000000 0.962500
v -0.537500 0.000000 0.912500
v -0.587500 0.000000 0.912500
v -0.462500 0.000000 0.962500
v -0.412500 0.000000 0.962500
v -0.412500 0.000000 0.912500
v -0.462500 0.000000 0.912500
v -0.337500 0.000000 0.962500
v -0.287500 0.000000 0.962500
v -0.287500 0.000000 0.912500
v -0.337500 0.000000 0.912500
v -0.212500 0.000000 0.962500
v -0.162500 0.000000 0.962500
v -0.162500 0.000000 0.912500
v -0.212500 0.000000 0.912500
v -0.087500 0.000000 0.962500
v -0.037500 0.000000 0.962500
v -0.037500 0.000000 0.912500
v -0.087500 0.000000 0.912500
v 0.037500 0.000000 0.962500
v 0.087500 0.000000 0.962500
v 0.087500 0.000000 0.912500
v 0.037500 0.000000 0.912500
v 0.162500 0.000000 0.962500
v 0.212500 0.000000 0.962500
v 0.212500 0.000000 0.912500
v 0.162500 0.000000 0.912500
v 0.287500 0.000000 0.962500
v 0.337500 0.000000 0.962500
v 0.337500 0.000000 0.912500
v 0.287500 0.000000 0.912500
v 0.412500 0.000000 0.962500
v 0.462500 0.000000 0.962500
v 0.462500 0.000000 0.912500
v 0.412500 0.000000 0.912500
v 0.537500 0.000000 0.962500
v 0.587500 0.000000 0.962500
v 0.587500 0.000000 0.912500
v 0.537500 0.000000 0.912500
v 0.662500 0.000000 0.962500
v 0.712500 0.000000 0.962500
v 0.712500 0.000000 0.912500
v 0.662500 0.000000 0.912500
v 0.787500 0.000000 0.962500
v 0.837500 0.000000 0.962500
v 0.837500 0.000000 0.912500
v 0.787500 0.000000 0.912500
v -0.962500 0.000000 -0.912500
v -0.912500 0.000000 -0.912500
v -0.912500 0.000000 -0.962500
v -0.962500 0.000000 -0.962500
v -0.837500 0.000000 -0.912500
v -0.787500 0.000000 -0.912500
v -0.787500 0.000000 -0.962500
v -0.837500 0.000000 -0.962500
v -0.712500 0.000000 -0.912500
v -0.662500 0.000000 -0.912500
v -0.662500 0.000000 -0.962500
v -0.712500 0.000000 -0.962500
v -0.587500 0.000000 -0.912500
v -0.537500 0.000000 -0.912500
v -0.537500 0.000000 -0.962500
v -0.587500 0.000000 -0.962500
v -0.462500 0.000000 -0.912500
v -0.412500 0.000000 -0.912500
v -0.412500 0.000000 -0.962500
v -0.462500 0.000000 -0.962500
v -0.337500 0.000000 -0.912500
v -0.287500 0.000000 -0.912500
v -0.287500 0.000000 -0.962500
v -0.337500 0.000000 -0.962500
v -0.212500 0.000000 -0.912500
v -0.162500 0.000000 -0.912500
v -0.162500 0.000000 -0.962500
v -0.212500 0.000000 -0.962500
v -0.087500 0.000000 -0.912500
v -0.037500 0.000000 -0.912500
v -0.037500 0.000000 -0.962500
v -0.087500 0.000000 -0.962500
v 0.037500 0.000000 -0.912500
v 0.087500 0.000000 -0.912500
v 0.087500 0.000000 -0.962500
v 0.037500 0.000000 -0.962500
v 0.162500 0.000000 -0.912500
v 0.212500 0.000000 -0.912500
v 0.212500 0.000000 -0.962500
v 0.162500 0.000000 -0.962500
v 0.287500 0.000000 -0.912500
v 0.337500 0.000000 -0.912500
v 0.337500 0.000000 -0.962500
v 0.287500 0.000000 -0.962500
v 0.412500 0.000000 -0.912500
v 0.462500 0.000000 -0.912500
v 0.462500 0.000000 -0.962500
v 0.412500 0.000000 -0.962500
v 0.537500 0.000000 -0.912500
v 0.587500 0.000000 -0.912500
v 0.587500 0.000000 -0.962500
v 0.537500 0.000000 -0.962500
v 0.662500 0.000000 -0.912500
v 0.712500 0.000000 -0.912500
v 0.712500 0.000000 -0.962500
v 0.662500 0.000000 -0.962500
v 0.787500 0.000000 -0.912500
v 0.837500 0.000000 -0.912500
v 0.837500 0.000000 -0.962500
v 0.787500 0.000000 -0.962500
vt 1.000000 0.937500
vt 0.937500 0.937500
vt 0.937500 0.937500
vt 1.000000 0.937500
vt 1.000000 1.000000
vt 1.000000 0.937500
vt 1.000000 1.000000
vt 0.937500 1.000000
vt 1.000000 1.000000
vt 0.937500 1.000000
vt 0.937500 1.000000
vt 0.937500 0.937500
vt 1.000000 0.000000
vt 0.937500 0.000000
vt 0.937500 0.000000
vt 1.000000 0.000000
vt 1.000000 0.062500
vt 1.000000 0.000000
vt 1.000000 0.062500
vt 0.937500 0.062500
vt 1.000000 0.062500
vt 0.937500 0.062500
vt 0.937500 0.062500
vt 0.937500 0.000000
vt 1.000000 0.062500
vt 0.937500 0.062500
vt 1.000000 0.125000
vt 1.000000 0.125000
vt 0.937500 0.125000
vt 1.000000 0.125000
vt 0.937500 0.125000
vt 0.937500 0.125000
vt 1.000000 0.125000
vt 0.937500 0.125000
vt 1.000000 0.187500
vt 1.000000 0.187500
vt 0.937500 0.187500
vt 1.000000 0.187500
vt 0.937500 0.187500
vt 0.937500 0.187500
vt 1.000000 0.187500
vt 0.937500 0.187500
vt 1.000000 0.250000
vt 1.000000 0.250000
vt 0.937500 0.250000
vt 1.000000 0.250000
vt 0.937500 0.250000
vt 0.937500 0.250000
vt 1.000000 0.250000
vt 0.937500 0.250000
vt 1.000000 0.312500
vt 1.000000 0.312500
vt 0.937500 0.312500
vt 1.000000 0.312500
vt 0.937500 0.312500
vt 0.937500 0.312500
vt 1.000000 0.312500
vt 0.937500 0.312500
vt 1.000000 0.375000
vt 1.000000 0.375000
vt 0.937500 0.375000
vt 1.000000 0.375000
vt 0.937500 0.375000
vt 0.937500 0.375000
vt 1.000000 0.375000
vt 0.937500 0.375000
vt 1.000000 0.437500
vt 1.000000 0.437500
vt 0.937500 0.437500
vt 1.000000 0.437500
vt 0.937500 0.437500
vt 0.937500 0.437500
vt 1.000000 0.437500
vt 0.937500 0.437500
vt 1.000000 0.500000
vt 1.000000 0.500000
vt 0.937500 0.500000
vt 1.000000 0.500000
vt 0.937500 0.500000
vt 0.937500 0.500000
vt 1.000000 0.500000
vt 0.937500 0.500000
vt 1.000000 0.562500
vt 1.000000 0.562500
vt 0.937500 0.562500
vt 1.000000 0.562500
vt 0.937500 0.562500
vt 0.937500 0.562500
vt 1.000000 0.562500
vt 0.937500 0.562500
vt 1.000000 0.625000
vt 1.000000 0.625000
vt 0.937500 0.625000
vt 1.000000 0.625000
vt 0.937500 0.625000
vt 0.937500 0.625000
vt 1.000000 0.625000
vt 0.937500 0.625000
vt 1.000000 0.687500
vt 1.000000 0.687500
vt 0.937500 0.687500
vt 1.000000 0.687500
vt 0.937500 0.687500
vt 0.937500 0.687500
vt 1.000000 0.687500
vt 0.937500 0.687500
vt 1.000000 0.750000
vt 1.000000 0.750000
vt 0.937500 0.750000
vt 1.000000 0.750000
vt 0.937500 0.750000
vt 0.937500 0.750000
vt 1.000000 0.750000
vt 0.937500 0.750000
vt 1.000000 0.812500
vt 1.000000 0.812500
vt 0.937500 0.812500
vt 1.000000 0.812500
vt 0.937500 0.812500
vt 0.937500 0.812500
vt 1.000000 0.812500
vt 0.937500 0.812500
vt 1.000000 0.875000
vt 1.000000 0.875000
vt 0.937500 0.875000
vt 1.000000 0.875000
vt 0.937500 0.875000
vt 0.937500 0.875000
vt 1.000000 0.875000
vt 0.937500 0.875000
vt 1.000000 0.937500
vt 0.937500 0.937500
vt 0.062500 0.875000
vt 0.000000 0.875000
vt 0.000000 0.875000
vt 0.062500 0.875000
vt 0.062500 0.937500
vt 0.062500 0.875000
vt 0.062500 0.937500
vt 0.000000 0.937500
vt 0.062500 0.937500
vt 0.000000 0.937500
vt 0.000000 0.937500
vt 0.000000 0.875000
vt 0.125000 0.875000
vt 0.062500 0.875000
vt 0.125000 0.875000
vt 0.125000 0.937500
vt 0.125000 0.875000
vt 0.125000 0.937500
vt 0.062500 0.937500
vt 0.125000 0.937500
vt 0.187500 0.875000
vt 0.125000 0.875000
vt 0.187500 0.875000
vt 0.187500 0.937500
vt 0.187500 0.875000
vt 0.187500 0.937500
vt 0.125000 0.937500
vt 0.187500 0.937500
vt 0.250000 0.875000
vt 0.187500 0.875000
vt 0.250000 0.875000
vt 0.250000 0.937500
vt 0.250000 0.875000
vt 0.250000 0.937500
vt 0.187500 0.937500
vt 0.250000 0.937500
vt 0.312500 0.875000
vt 0.250000 0.875000
vt 0.312500 0.875000
vt 0.312500 0.937500
vt 0.312500 0.875000
vt 0.312500 0.937500
vt 0.250000 0.937500
vt 0.312500 0.937500
vt 0.375000 0.875000
vt 0.312500 0.875000
vt 0.375000 0.875000
vt 0.375000 0.937500
vt 0.375000 0.875000
vt 0.375000 0.937500
vt 0.312500 0.937500
vt 0.375000 0.937500
vt 0.437500 0.875000
vt 0.375000 0.875000
vt 0.437500 0.875000
vt 0.437500 0.937500
vt 0.437500 0.875000
vt 0.437500 0.937500
vt 0.375000 0.937500
vt 0.437500 0.937500
vt 0.500000 0.875000
vt 0.437500 0.875000
vt 0.500000 0.875000
vt 0.500000 0.937500
vt 0.500000 0.875000
vt 0.500000 0.937500
vt 0.437500 0.937500
vt 0.500000 0.937500
vt 0.562500 0.875000
vt 0.500000 0.875000
vt 0.562500 0.875000
vt 0.562500 0.937500
vt 0.562500 0.875000
vt 0.562500 0.937500
vt 0.562500 0.937500
vt 0.500000 0.937500
vt 0.625000 0.875000
vt 0.562500 0.875000
vt 0.625000 0.875000
vt 0.625000 0.937500
vt 0.625000 0.875000
vt 0.625000 0.937500
vt 0.562500 0.937500
vt 0.625000 0.937500
vt 0.687500 0.875000
vt 0.625000 0.875000
vt 0.687500 0.875000
vt 0.687500 0.937500
vt 0.687500 0.875000
vt 0.687500 0.937500
vt 0.625000 0.937500
vt 0.687500 0.937500
vt 0.750000 0.875000
vt 0.687500 0.875000
vt 0.750000 0.875000
vt 0.750000 0.937500
vt 0.750000 0.875000
vt 0.750000 0.937500
vt 0.687500 0.937500
vt 0.750000 0.937500
vt 0.812500 0.875000
vt 0.750000 0.875000
vt 0.812500 0.875000
vt 0.812500 0.937500
vt 0.812500 0.875000
vt 0.812500 0.937500
vt 0.812500 0.937500
vt 0.750000 0.937500
vt 0.875000 0.875000
vt 0.812500 0.875000
vt 0.875000 0.875000
vt 0.875000 0.937500
vt 0.875000 0.875000
vt 0.875000 0.937500
vt 0.812500 0.937500
vt 0.875000 0.937500
vt 0.937500 0.875000
vt 0.875000 0.875000
vt 0.937500 0.937500
vt 0.875000 0.937500
vt 0.062500 0.812500
vt 0.000000 0.812500
vt 0.000000 0.812500
vt 0.062500 0.812500
vt 0.062500 0.875000
vt 0.062500 0.812500
vt 0.000000 0.875000
vt 0.000000 0.812500
vt 0.125000 0.812500
vt 0.062500 0.812500
vt 0.125000 0.812500
vt 0.125000 0.875000
vt 0.125000 0.812500
vt 0.062500 0.875000
vt 0.187500 0.812500
vt 0.125000 0.812500
vt 0.187500 0.812500
vt 0.187500 0.875000
vt 0.187500 0.812500
vt 0.125000 0.875000
vt 0.187500 0.812500
vt 0.250000 0.812500
vt 0.250000 0.812500
vt 0.250000 0.812500
vt 0.250000 0.875000
vt 0.187500 0.875000
vt 0.312500 0.812500
vt 0.250000 0.812500
vt 0.312500 0.812500
vt 0.312500 0.875000
vt 0.312500 0.812500
vt 0.250000 0.875000
vt 0.312500 0.812500
vt 0.375000 0.812500
vt 0.375000 0.812500
vt 0.375000 0.812500
vt 0.375000 0.875000
vt 0.312500 0.875000
vt 0.437500 0.812500
vt 0.375000 0.812500
vt 0.437500 0.812500
vt 0.437500 0.875000
vt 0.437500 0.812500
vt 0.375000 0.875000
vt 0.500000 0.812500
vt 0.437500 0.812500
vt 0.500000 0.812500
vt 0.500000 0.875000
vt 0.500000 0.812500
vt 0.437500 0.875000
vt 0.562500 0.812500
vt 0.500000 0.812500
vt 0.562500 0.812500
vt 0.562500 0.875000
vt 0.562500 0.812500
vt 0.500000 0.875000
vt 0.625000 0.812500
vt 0.562500 0.812500
vt 0.625000 0.812500
vt 0.625000 0.875000
vt 0.625000 0.812500
vt 0.562500 0.875000
vt 0.687500 0.812500
vt 0.625000 0.812500
vt 0.687500 0.812500
vt 0.687500 0.875000
vt 0.687500 0.812500
vt 0.625000 0.875000
vt 0.750000 0.812500
vt 0.687500 0.812500
vt 0.750000 0.812500
vt 0.750000 0.875000
vt 0.750000 0.812500
vt 0.687500 0.875000
vt 0.812500 0.812500
vt 0.750000 0.812500
vt 0.812500 0.812500
vt 0.812500 0.875000
vt 0.812500 0.812500
vt 0.750000 0.875000
vt 0.875000 0.812500
vt 0.812500 0.812500
vt 0.875000 0.812500
vt 0.875000 0.875000
vt 0.875000 0.812500
vt 0.812500 0.875000
vt 0.937500 0.812500
vt 0.875000 0.812500
vt 0.937500 0.875000
vt 0.875000 0.875000
vt 0.062500 0.750000
vt 0.000000 0.750000
vt 0.000000 0.750000
vt 0.062500 0.750000
vt 0.062500 0.812500
vt 0.062500 0.750000
vt 0.000000 0.812500
vt 0.000000 0.750000
vt 0.125000 0.750000
vt 0.062500 0.750000
vt 0.125000 0.750000
vt 0.125000 0.812500
vt 0.125000 0.750000
vt 0.062500 0.812500
vt 0.187500 0.750000
vt 0.125000 0.750000
vt 0.187500 0.750000
vt 0.187500 0.812500
vt 0.187500 0.750000
vt 0.125000 0.812500
vt 0.187500 0.750000
vt 0.250000 0.750000
vt 0.250000 0.750000
vt 0.250000 0.750000
vt 0.250000 0.812500
vt 0.187500 0.812500
vt 0.312500 0.750000
vt 0.250000 0.750000
vt 0.312500 0.750000
vt 0.312500 0.812500
vt 0.312500 0.750000
vt 0.250000 0.812500
vt 0.312500 0.750000
vt 0.375000 0.750000
vt 0.375000 0.750000
vt 0.375000 0.750000
vt 0.375000 0.812500
vt 0.312500 0.812500
vt 0.437500 0.750000
vt 0.375000 0.750000
vt 0.437500 0.750000
vt 0.437500 0.812500
vt 0.437500 0.750000
vt 0.375000 0.812500
vt 0.500000 0.750000
vt 0.437500 0.750000
vt 0.500000 0.750000
vt 0.500000 0.812500
vt 0.500000 0.750000
vt 0.437500 0.812500
vt 0.562500 0.750000
vt 0.500000 0.750000
vt 0.562500 0.750000
vt 0.562500 0.812500
vt 0.562500 0.750000
vt 0.500000 0.812500
vt 0.625000 0.750000
vt 0.562500 0.750000
vt 0.625000 0.750000
vt 0.625000 0.812500
vt 0.625000 0.750000
vt 0.562500 0.812500
vt 0.687500 0.750000
vt 0.625000 0.750000
vt 0.687500 0.750000
vt 0.687500 0.812500
vt 0.687500 0.750000
vt 0.625000 0.812500
vt 0.750000 0.750000
vt 0.687500 0.750000
vt 0.750000 0.750000
vt 0.750000 0.812500
vt 0.750000 0.750000
vt 0.687500 0.812500
vt 0.812500 0.750000
vt 0.750000 0.750000
vt 0.812500 0.750000
vt 0.812500 0.812500
vt 0.812500 0.750000
vt 0.750000 0.812500
vt 0.875000 0.750000
vt 0.812500 0.750000
vt 0.875000 0.750000
vt 0.875000 0.812500
vt 0.875000 0.750000
vt 0.812500 0.812500
vt 0.937500 0.750000
vt 0.875000 0.750000
vt 0.937500 0.812500
vt 0.875000 0.812500
vt 0.062500 0.687500
vt 0.000000 0.687500
vt 0.000000 0.687500
vt 0.062500 0.687500
vt 0.062500 0.750000
vt 0.062500 0.687500
vt 0.000000 0.750000
vt 0.000000 0.687500
vt 0.125000 0.687500
vt 0.062500 0.687500
vt 0.125000 0.687500
vt 0.125000 0.750000
vt 0.125000 0.687500
vt 0.062500 0.750000
vt 0.187500 0.687500
vt 0.125000 0.687500
vt 0.187500 0.687500
vt 0.187500 0.750000
vt 0.187500 0.687500
vt 0.125000 0.750000
vt 0.187500 0.687500
vt 0.250000 0.687500
vt 0.250000 0.687500
vt 0.250000 0.687500
vt 0.250000 0.750000
vt 0.187500 0.750000
vt 0.312500 0.687500
vt 0.250000 0.687500
vt 0.312500 0.687500
vt 0.312500 0.750000
vt 0.312500 0.687500
vt 0.250000 0.750000
vt 0.375000 0.687500
vt 0.312500 0.687500
vt 0.375000 0.687500
vt 0.375000 0.750000
vt 0.375000 0.687500
vt 0.312500 0.750000
vt 0.437500 0.687500
vt 0.375000 0.687500
vt 0.437500 0.687500
vt 0.437500 0.750000
vt 0.437500 0.687500
vt 0.375000 0.750000
vt 0.437500 0.687500
vt 0.500000 0.687500
vt 0.500000 0.687500
vt 0.500000 0.687500
vt 0.500000 0.750000
vt 0.437500 0.750000
vt 0.562500 0.687500
vt 0.500000 0.687500
vt 0.562500 0.687500
vt 0.562500 0.750000
vt 0.562500 0.687500
vt 0.500000 0.750000
vt 0.625000 0.687500
vt 0.562500 0.687500
vt 0.625000 0.687500
vt 0.625000 0.750000
vt 0.625000 0.687500
vt 0.562500 0.750000
vt 0.687500 0.687500
vt 0.625000 0.687500
vt 0.687500 0.687500
vt 0.687500 0.750000
vt 0.687500 0.687500
vt 0.625000 0.750000
vt 0.750000 0.687500
vt 0.687500 0.687500
vt 0.750000 0.687500
vt 0.750000 0.750000
vt 0.750000 0.687500
vt 0.687500 0.750000
vt 0.812500 0.687500
vt 0.750000 0.687500
vt 0.812500 0.687500
vt 0.812500 0.750000
vt 0.812500 0.687500
vt 0.750000 0.750000
vt 0.875000 0.687500
vt 0.812500 0.687500
vt 0.875000 0.687500
vt 0.875000 0.750000
vt 0.875000 0.687500
vt 0.812500 0.750000
vt 0.937500 0.687500
vt 0.875000 0.687500
vt 0.937500 0.750000
vt 0.875000 0.750000
vt 0.062500 0.625000
vt 0.000000 0.625000
vt 0.000000 0.625000
vt 0.062500 0.625000
vt 0.062500 0.687500
vt 0.062500 0.625000
vt 0.000000 0.687500
vt 0.000000 0.625000
vt 0.125000 0.625000
vt 0.062500 0.625000
vt 0.125000 0.625000
vt 0.125000 0.687500
vt 0.125000 0.625000
vt 0.062500 0.687500
vt 0.187500 0.625000
vt 0.125000 0.625000
vt 0.187500 0.625000
vt 0.187500 0.687500
vt 0.187500 0.625000
vt 0.125000 0.687500
vt 0.187500 0.625000
vt 0.250000 0.625000
vt 0.250000 0.625000
vt 0.250000 0.625000
vt 0.250000 0.687500
vt 0.187500 0.687500
vt 0.312500 0.625000
vt 0.250000 0.625000
vt 0.312500 0.625000
vt 0.312500 0.687500
vt 0.312500 0.625000
vt 0.250000 0.687500
vt 0.312500 0.625000
vt 0.375000 0.625000
vt 0.375000 0.625000
vt 0.375000 0.625000
vt 0.375000 0.687500
vt 0.312500 0.687500
vt 0.437500 0.625000
vt 0.375000 0.625000
vt 0.437500 0.625000
vt 0.437500 0.687500
vt 0.437500 0.625000
vt 0.375000 0.687500
vt 0.500000 0.625000
vt 0.437500 0.625000
vt 0.500000 0.625000
vt 0.500000 0.687500
vt 0.500000 0.625000
vt 0.437500 0.687500
vt 0.562500 0.625000
vt 0.500000 0.625000
vt 0.562500 0.625000
vt 0.562500 0.687500
vt 0.562500 0.625000
vt 0.500000 0.687500
vt 0.625000 0.625000
vt 0.562500 0.625000
vt 0.625000 0.625000
vt 0.625000 0.687500
vt 0.625000 0.625000
vt 0.562500 0.687500
vt 0.687500 0.625000
vt 0.625000 0.625000
vt 0.687500 0.625000
vt 0.687500 0.687500
vt 0.687500 0.625000
vt 0.625000 0.687500
vt 0.750000 0.625000
vt 0.687500 0.625000
vt 0.750000 0.625000
vt 0.750000 0.687500
vt 0.750000 0.625000
vt 0.687500 0.687500
vt 0.812500 0.625000
vt 0.750000 0.625000
vt 0.812500 0.625000
vt 0.812500 0.687500
vt 0.812500 0.625000
vt 0.750000 0.687500
vt 0.875000 0.625000
vt 0.812500 0.625000
vt 0.875000 0.625000
vt 0.875000 0.687500
vt 0.875000 0.625000
vt 0.812500 0.687500
vt 0.937500 0.625000
vt 0.875000 0.625000
vt 0.937500 0.687500
vt 0.875000 0.687500
vt 0.062500 0.562500
vt 0.000000 0.562500
vt 0.000000 0.562500
vt 0.062500 0.562500
vt 0.062500 0.625000
vt 0.062500 0.562500
vt 0.000000 0.625000
vt 0.000000 0.562500
vt 0.125000 0.562500
vt 0.062500 0.562500
vt 0.125000 0.562500
vt 0.125000 0.625000
vt 0.125000 0.562500
vt 0.062500 0.625000
vt 0.187500 0.562500
vt 0.125000 0.562500
vt 0.187500 0.562500
vt 0.187500 0.625000
vt 0.187500 0.562500
vt 0.125000 0.625000
vt 0.187500 0.562500
vt 0.250000 0.562500
vt 0.250000 0.562500
vt 0.250000 0.562500
vt 0.250000 0.625000
vt 0.187500 0.625000
vt 0.312500 0.562500
vt 0.250000 0.562500
vt 0.312500 0.562500
vt 0.312500 0.625000
vt 0.312500 0.562500
vt 0.250000 0.625000
vt 0.312500 0.562500
vt 0.375000 0.562500
vt 0.375000 0.562500
vt 0.375000 0.562500
vt 0.375000 0.625000
vt 0.312500 0.625000
vt 0.437500 0.562500
vt 0.375000 0.562500
vt 0.437500 0.562500
vt 0.437500 0.562500
vt 0.437500 0.625000
vt 0.375000 0.625000
vt 0.500000 0.562500
vt 0.437500 0.562500
vt 0.500000 0.562500
vt 0.500000 0.625000
vt 0.500000 0.562500
vt 0.437500 0.625000
vt 0.562500 0.562500
vt 0.500000 0.562500
vt 0.562500 0.562500
vt 0.562500 0.625000
vt 0.562500 0.562500
vt 0.500000 0.625000
vt 0.562500 0.562500
vt 0.625000 0.562500
vt 0.625000 0.562500
vt 0.625000 0.562500
vt 0.625000 0.625000
vt 0.562500 0.625000
vt 0.687500 0.562500
vt 0.625000 0.562500
vt 0.687500 0.562500
vt 0.687500 0.625000
vt 0.687500 0.562500
vt 0.625000 0.625000
vt 0.750000 0.562500
vt 0.687500 0.562500
vt 0.750000 0.562500
vt 0.750000 0.625000
vt 0.750000 0.562500
vt 0.687500 0.625000
vt 0.812500 0.562500
vt 0.750000 0.562500
vt 0.812500 0.562500
vt 0.812500 0.625000
vt 0.812500 0.562500
vt 0.750000 0.625000
vt 0.875000 0.562500
vt 0.812500 0.562500
vt 0.875000 0.562500
vt 0.875000 0.625000
vt 0.875000 0.562500
vt 0.812500 0.625000
vt 0.937500 0.562500
vt 0.875000 0.562500
vt 0.937500 0.625000
vt 0.875000 0.625000
vt 0.062500 0.500000
vt 0.000000 0.500000
vt 0.000000 0.500000
vt 0.062500 0.500000
vt 0.062500 0.562500
vt 0.062500 0.500000
vt 0.000000 0.562500
vt 0.000000 0.500000
vt 0.125000 0.500000
vt 0.062500 0.500000
vt 0.125000 0.500000
vt 0.125000 0.562500
vt 0.125000 0.500000
vt 0.062500 0.562500
vt 0.187500 0.500000
vt 0.125000 0.500000
vt 0.187500 0.500000
vt 0.187500 0.562500
vt 0.187500 0.500000
vt 0.125000 0.562500
vt 0.250000 0.500000
vt 0.187500 0.500000
vt 0.250000 0.500000
vt 0.250000 0.562500
vt 0.250000 0.500000
vt 0.187500 0.562500
vt 0.312500 0.500000
vt 0.250000 0.500000
vt 0.312500 0.500000
vt 0.312500 0.562500
vt 0.312500 0.500000
vt 0.250000 0.562500
vt 0.312500 0.500000
vt 0.375000 0.500000
vt 0.375000 0.500000
vt 0.375000 0.500000
vt 0.375000 0.562500
vt 0.312500 0.562500
vt 0.437500 0.500000
vt 0.375000 0.500000
vt 0.437500 0.500000
vt 0.437500 0.562500
vt 0.437500 0.500000
vt 0.375000 0.562500
vt 0.500000 0.500000
vt 0.437500 0.500000
vt 0.500000 0.500000
vt 0.500000 0.562500
vt 0.500000 0.500000
vt 0.437500 0.562500
vt 0.562500 0.500000
vt 0.500000 0.500000
vt 0.562500 0.500000
vt 0.562500 0.562500
vt 0.562500 0.500000
vt 0.500000 0.562500
vt 0.625000 0.500000
vt 0.562500 0.500000
vt 0.625000 0.500000
vt 0.625000 0.562500
vt 0.625000 0.500000
vt 0.562500 0.562500
vt 0.687500 0.500000
vt 0.625000 0.500000
vt 0.687500 0.500000
vt 0.687500 0.562500
vt 0.687500 0.500000
vt 0.625000 0.562500
vt 0.750000 0.500000
vt 0.687500 0.500000
vt 0.750000 0.500000
vt 0.750000 0.562500
vt 0.750000 0.500000
vt 0.687500 0.562500
vt 0.812500 0.500000
vt 0.750000 0.500000
vt 0.812500 0.500000
vt 0.812500 0.562500
vt 0.812500 0.500000
vt 0.750000 0.562500
vt 0.875000 0.500000
vt 0.812500 0.500000
vt 0.875000 0.500000
vt 0.875000 0.562500
vt 0.875000 0.500000
vt 0.812500 0.562500
vt 0.937500 0.500000
vt 0.875000 0.500000
vt 0.937500 0.562500
vt 0.875000 0.562500
vt 0.062500 0.437500
vt 0.000000 0.437500
vt 0.000000 0.437500
vt 0.062500 0.437500
vt 0.062500 0.500000
vt 0.062500 0.437500
vt 0.000000 0.500000
vt 0.000000 0.437500
vt 0.125000 0.437500
vt 0.062500 0.437500
vt 0.125000 0.437500
vt 0.125000 0.500000
vt 0.125000 0.437500
vt 0.062500 0.500000
vt 0.187500 0.437500
vt 0.125000 0.437500
vt 0.187500 0.437500
vt 0.187500 0.500000
vt 0.187500 0.437500
vt 0.125000 0.500000
vt 0.250000 0.437500
vt 0.187500 0.437500
vt 0.250000 0.437500
vt 0.250000 0.500000
vt 0.250000 0.437500
vt 0.187500 0.500000
vt 0.312500 0.437500
vt 0.250000 0.437500
vt 0.312500 0.437500
vt 0.312500 0.437500
vt 0.312500 0.500000
vt 0.250000 0.500000
vt 0.312500 0.437500
vt 0.375000 0.437500
vt 0.375000 0.437500
vt 0.375000 0.437500
vt 0.375000 0.500000
vt 0.312500 0.500000
vt 0.437500 0.437500
vt 0.375000 0.437500
vt 0.437500 0.437500
vt 0.437500 0.500000
vt 0.437500 0.437500
vt 0.375000 0.500000
vt 0.500000 0.437500
vt 0.437500 0.437500
vt 0.500000 0.437500
vt 0.500000 0.500000
vt 0.500000 0.437500
vt 0.437500 0.500000
vt 0.562500 0.437500
vt 0.500000 0.437500
vt 0.562500 0.437500
vt 0.562500 0.500000
vt 0.562500 0.437500
vt 0.500000 0.500000
vt 0.625000 0.437500
vt 0.562500 0.437500
vt 0.625000 0.437500
vt 0.625000 0.500000
vt 0.625000 0.437500
vt 0.562500 0.500000
vt 0.687500 0.437500
vt 0.625000 0.437500
vt 0.687500 0.437500
vt 0.687500 0.437500
vt 0.687500 0.500000
vt 0.625000 0.500000
vt 0.750000 0.437500
vt 0.687500 0.437500
vt 0.750000 0.437500
vt 0.750000 0.437500
vt 0.750000 0.500000
vt 0.687500 0.500000
vt 0.812500 0.437500
vt 0.750000 0.437500
vt 0.812500 0.437500
vt 0.812500 0.500000
vt 0.812500 0.437500
vt 0.750000 0.500000
vt 0.875000 0.437500
vt 0.812500 0.437500
vt 0.875000 0.437500
vt 0.875000 0.437500
vt 0.875000 0.500000
vt 0.812500 0.500000
vt 0.937500 0.437500
vt 0.875000 0.437500
vt 0.937500 0.500000
vt 0.875000 0.500000
vt 0.062500 0.375000
vt 0.000000 0.375000
vt 0.000000 0.375000
vt 0.062500 0.375000
vt 0.062500 0.437500
vt 0.062500 0.375000
vt 0.000000 0.437500
vt 0.000000 0.375000
vt 0.125000 0.375000
vt 0.062500 0.375000
vt 0.125000 0.375000
vt 0.125000 0.437500
vt 0.125000 0.375000
vt 0.062500 0.437500
vt 0.187500 0.375000
vt 0.125000 0.375000
vt 0.187500 0.375000
vt 0.187500 0.437500
vt 0.187500 0.375000
vt 0.125000 0.437500
vt 0.187500 0.375000
vt 0.250000 0.375000
vt 0.250000 0.375000
vt 0.250000 0.375000
vt 0.250000 0.437500
vt 0.187500 0.437500
vt 0.312500 0.375000
vt 0.250000 0.375000
vt 0.312500 0.375000
vt 0.312500 0.437500
vt 0.312500 0.375000
vt 0.250000 0.437500
vt 0.312500 0.375000
vt 0.375000 0.375000
vt 0.375000 0.375000
vt 0.375000 0.375000
vt 0.375000 0.437500
vt 0.312500 0.437500
vt 0.437500 0.375000
vt 0.375000 0.375000
vt 0.437500 0.375000
vt 0.437500 0.437500
vt 0.437500 0.375000
vt 0.375000 0.437500
vt 0.500000 0.375000
vt 0.437500 0.375000
vt 0.500000 0.375000
vt 0.500000 0.437500
vt 0.500000 0.375000
vt 0.437500 0.437500
vt 0.562500 0.375000
vt 0.500000 0.375000
vt 0.562500 0.375000
vt 0.562500 0.437500
vt 0.562500 0.375000
vt 0.500000 0.437500
vt 0.625000 0.375000
vt 0.562500 0.375000
vt 0.625000 0.375000
vt 0.625000 0.437500
vt 0.625000 0.375000
vt 0.562500 0.437500
vt 0.687500 0.375000
vt 0.625000 0.375000
vt 0.687500 0.375000
vt 0.687500 0.437500
vt 0.687500 0.375000
vt 0.625000 0.437500
vt 0.750000 0.375000
vt 0.687500 0.375000
vt 0.750000 0.375000
vt 0.750000 0.437500
vt 0.750000 0.375000
vt 0.687500 0.437500
vt 0.812500 0.375000
vt 0.750000 0.375000
vt 0.812500 0.375000
vt 0.812500 0.437500
vt 0.812500 0.375000
vt 0.750000 0.437500
vt 0.875000 0.375000
vt 0.812500 0.375000
vt 0.875000 0.375000
vt 0.875000 0.437500
vt 0.875000 0.375000
vt 0.812500 0.437500
vt 0.937500 0.375000
vt 0.875000 0.375000
vt 0.937500 0.437500
vt 0.875000 0.437500
vt 0.062500 0.312500
vt 0.000000 0.312500
vt 0.000000 0.312500
vt 0.062500 0.312500
vt 0.062500 0.312500
vt 0.062500 0.375000
vt 0.000000 0.375000
vt 0.000000 0.312500
vt 0.125000 0.312500
vt 0.062500 0.312500
vt 0.125000 0.312500
vt 0.125000 0.375000
vt 0.125000 0.312500
vt 0.062500 0.375000
vt 0.187500 0.312500
vt 0.125000 0.312500
vt 0.187500 0.312500
vt 0.187500 0.312500
vt 0.187500 0.375000
vt 0.125000 0.375000
vt 0.187500 0.312500
vt 0.250000 0.312500
vt 0.250000 0.312500
vt 0.250000 0.312500
vt 0.250000 0.375000
vt 0.187500 0.375000
vt 0.312500 0.312500
vt 0.250000 0.312500
vt 0.312500 0.312500
vt 0.312500 0.375000
vt 0.312500 0.312500
vt 0.250000 0.375000
vt 0.375000 0.312500
vt 0.312500 0.312500
vt 0.375000 0.312500
vt 0.375000 0.312500
vt 0.375000 0.375000
vt 0.312500 0.375000
vt 0.437500 0.312500
vt 0.375000 0.312500
vt 0.437500 0.312500
vt 0.437500 0.312500
vt 0.437500 0.375000
vt 0.375000 0.375000
vt 0.437500 0.312500
vt 0.500000 0.312500
vt 0.500000 0.312500
vt 0.500000 0.312500
vt 0.500000 0.375000
vt 0.437500 0.375000
vt 0.562500 0.312500
vt 0.500000 0.312500
vt 0.562500 0.312500
vt 0.562500 0.312500
vt 0.562500 0.375000
vt 0.500000 0.375000
vt 0.625000 0.312500
vt 0.562500 0.312500
vt 0.625000 0.312500
vt 0.625000 0.312500
vt 0.625000 0.375000
vt 0.562500 0.375000
vt 0.687500 0.312500
vt 0.625000 0.312500
vt 0.687500 0.312500
vt 0.687500 0.375000
vt 0.687500 0.312500
vt 0.625000 0.375000
vt 0.750000 0.312500
vt 0.687500 0.312500
vt 0.750000 0.312500
vt 0.750000 0.375000
vt 0.750000 0.312500
vt 0.687500 0.375000
vt 0.812500 0.312500
vt 0.750000 0.312500
vt 0.812500 0.312500
vt 0.812500 0.312500
vt 0.812500 0.375000
vt 0.750000 0.375000
vt 0.875000 0.312500
vt 0.812500 0.312500
vt 0.875000 0.312500
vt 0.875000 0.312500
vt 0.875000 0.375000
vt 0.812500 0.375000
vt 0.937500 0.312500
vt 0.875000 0.312500
vt 0.937500 0.375000
vt 0.875000 0.375000
vt 0.062500 0.250000
vt 0.000000 0.250000
vt 0.000000 0.250000
vt 0.062500 0.250000
vt 0.062500 0.312500
vt 0.062500 0.250000
vt 0.000000 0.312500
vt 0.000000 0.250000
vt 0.125000 0.250000
vt 0.062500 0.250000
vt 0.125000 0.250000
vt 0.125000 0.312500
vt 0.125000 0.250000
vt 0.062500 0.312500
vt 0.187500 0.250000
vt 0.125000 0.250000
vt 0.187500 0.250000
vt 0.187500 0.312500
vt 0.187500 0.250000
vt 0.125000 0.312500
vt 0.187500 0.250000
vt 0.250000 0.250000
vt 0.250000 0.250000
vt 0.250000 0.250000
vt 0.250000 0.312500
vt 0.187500 0.312500
vt 0.312500 0.250000
vt 0.250000 0.250000
vt 0.312500 0.250000
vt 0.312500 0.312500
vt 0.312500 0.250000
vt 0.250000 0.312500
vt 0.375000 0.250000
vt 0.312500 0.250000
vt 0.375000 0.250000
vt 0.375000 0.312500
vt 0.375000 0.250000
vt 0.312500 0.312500
vt 0.437500 0.250000
vt 0.375000 0.250000
vt 0.437500 0.250000
vt 0.437500 0.312500
vt 0.437500 0.250000
vt 0.375000 0.312500
vt 0.437500 0.250000
vt 0.500000 0.250000
vt 0.500000 0.250000
vt 0.500000 0.250000
vt 0.500000 0.312500
vt 0.437500 0.312500
vt 0.562500 0.250000
vt 0.500000 0.250000
vt 0.562500 0.250000
vt 0.562500 0.312500
vt 0.562500 0.250000
vt 0.500000 0.312500
vt 0.625000 0.250000
vt 0.562500 0.250000
vt 0.625000 0.250000
vt 0.625000 0.312500
vt 0.625000 0.250000
vt 0.562500 0.312500
vt 0.687500 0.250000
vt 0.625000 0.250000
vt 0.687500 0.250000
vt 0.687500 0.312500
vt 0.687500 0.250000
vt 0.625000 0.312500
vt 0.750000 0.250000
vt 0.687500 0.250000
vt 0.750000 0.250000
vt 0.750000 0.312500
vt 0.750000 0.250000
vt 0.687500 0.312500
vt 0.812500 0.250000
vt 0.750000 0.250000
vt 0.812500 0.250000
vt 0.812500 0.312500
vt 0.812500 0.250000
vt 0.750000 0.312500
vt 0.875000 0.250000
vt 0.812500 0.250000
vt 0.875000 0.250000
vt 0.875000 0.312500
vt 0.875000 0.250000
vt 0.812500 0.312500
vt 0.937500 0.250000
vt 0.875000 0.250000
vt 0.937500 0.312500
vt 0.875000 0.312500
vt 0.062500 0.187500
vt 0.000000 0.187500
vt 0.000000 0.187500
vt 0.062500 0.187500
vt 0.062500 0.250000
vt 0.062500 0.187500
vt 0.000000 0.250000
vt 0.000000 0.187500
vt 0.125000 0.187500
vt 0.062500 0.187500
vt 0.125000 0.187500
vt 0.125000 0.250000
vt 0.125000 0.187500
vt 0.062500 0.250000
vt 0.187500 0.187500
vt 0.125000 0.187500
vt 0.187500 0.187500
vt 0.187500 0.187500
vt 0.187500 0.250000
vt 0.125000 0.250000
vt 0.250000 0.187500
vt 0.187500 0.187500
vt 0.250000 0.187500
vt 0.250000 0.187500
vt 0.250000 0.250000
vt 0.187500 0.250000
vt 0.312500 0.187500
vt 0.250000 0.187500
vt 0.312500 0.187500
vt 0.312500 0.187500
vt 0.312500 0.250000
vt 0.250000 0.250000
vt 0.312500 0.187500
vt 0.375000 0.187500
vt 0.375000 0.187500
vt 0.375000 0.187500
vt 0.375000 0.250000
vt 0.312500 0.250000
vt 0.437500 0.187500
vt 0.375000 0.187500
vt 0.437500 0.187500
vt 0.437500 0.187500
vt 0.437500 0.250000
vt 0.375000 0.250000
vt 0.500000 0.187500
vt 0.437500 0.187500
vt 0.500000 0.187500
vt 0.500000 0.250000
vt 0.500000 0.187500
vt 0.437500 0.250000
vt 0.562500 0.187500
vt 0.500000 0.187500
vt 0.562500 0.187500
vt 0.562500 0.250000
vt 0.562500 0.187500
vt 0.500000 0.250000
vt 0.625000 0.187500
vt 0.562500 0.187500
vt 0.625000 0.187500
vt 0.625000 0.187500
vt 0.625000 0.250000
vt 0.562500 0.250000
vt 0.687500 0.187500
vt 0.625000 0.187500
vt 0.687500 0.187500
vt 0.687500 0.187500
vt 0.687500 0.250000
vt 0.625000 0.250000
vt 0.750000 0.187500
vt 0.687500 0.187500
vt 0.750000 0.187500
vt 0.750000 0.187500
vt 0.750000 0.250000
vt 0.687500 0.250000
vt 0.812500 0.187500
vt 0.750000 0.187500
vt 0.812500 0.187500
vt 0.812500 0.250000
vt 0.812500 0.187500
vt 0.750000 0.250000
vt 0.875000 0.187500
vt 0.812500 0.187500
vt 0.875000 0.187500
vt 0.875000 0.187500
vt 0.875000 0.250000
vt 0.812500 0.250000
vt 0.937500 0.187500
vt 0.875000 0.187500
vt 0.937500 0.250000
vt 0.875000 0.250000
vt 0.062500 0.125000
vt 0.000000 0.125000
vt 0.000000 0.125000
vt 0.062500 0.125000
vt 0.062500 0.187500
vt 0.062500 0.125000
vt 0.000000 0.187500
vt 0.000000 0.125000
vt 0.125000 0.125000
vt 0.062500 0.125000
vt 0.125000 0.125000
vt 0.125000 0.187500
vt 0.125000 0.125000
vt 0.062500 0.187500
vt 0.187500 0.125000
vt 0.125000 0.125000
vt 0.187500 0.125000
vt 0.187500 0.187500
vt 0.187500 0.125000
vt 0.125000 0.187500
vt 0.187500 0.125000
vt 0.250000 0.125000
vt 0.250000 0.125000
vt 0.250000 0.125000
vt 0.250000 0.187500
vt 0.187500 0.187500
vt 0.312500 0.125000
vt 0.250000 0.125000
vt 0.312500 0.125000
vt 0.312500 0.187500
vt 0.312500 0.125000
vt 0.250000 0.187500
vt 0.312500 0.125000
vt 0.375000 0.125000
vt 0.375000 0.125000
vt 0.375000 0.125000
vt 0.375000 0.187500
vt 0.312500 0.187500
vt 0.437500 0.125000
vt 0.375000 0.125000
vt 0.437500 0.125000
vt 0.437500 0.187500
vt 0.437500 0.125000
vt 0.375000 0.187500
vt 0.437500 0.125000
vt 0.500000 0.125000
vt 0.500000 0.125000
vt 0.500000 0.125000
vt 0.500000 0.187500
vt 0.437500 0.187500
vt 0.562500 0.125000
vt 0.500000 0.125000
vt 0.562500 0.125000
vt 0.562500 0.187500
vt 0.562500 0.125000
vt 0.500000 0.187500
vt 0.625000 0.125000
vt 0.562500 0.125000
vt 0.625000 0.125000
vt 0.625000 0.187500
vt 0.625000 0.125000
vt 0.562500 0.187500
vt 0.687500 0.125000
vt 0.625000 0.125000
vt 0.687500 0.125000
vt 0.687500 0.187500
vt 0.687500 0.125000
vt 0.625000 0.187500
vt 0.750000 0.125000
vt 0.687500 0.125000
vt 0.750000 0.125000
vt 0.750000 0.187500
vt 0.750000 0.125000
vt 0.687500 0.187500
vt 0.812500 0.125000
vt 0.750000 0.125000
vt 0.812500 0.125000
vt 0.812500 0.187500
vt 0.812500 0.125000
vt 0.750000 0.187500
vt 0.875000 0.125000
vt 0.812500 0.125000
vt 0.875000 0.125000
vt 0.875000 0.187500
vt 0.875000 0.125000
vt 0.812500 0.187500
vt 0.937500 0.125000
vt 0.875000 0.125000
vt 0.937500 0.187500
vt 0.875000 0.187500
vt 0.062500 0.062500
vt 0.000000 0.062500
vt 0.000000 0.062500
vt 0.062500 0.062500
vt 0.062500 0.125000
vt 0.062500 0.062500
vt 0.000000 0.125000
vt 0.000000 0.062500
vt 0.125000 0.062500
vt 0.062500 0.062500
vt 0.125000 0.062500
vt 0.125000 0.125000
vt 0.125000 0.062500
vt 0.062500 0.125000
vt 0.187500 0.062500
vt 0.125000 0.062500
vt 0.187500 0.062500
vt 0.187500 0.125000
vt 0.187500 0.062500
vt 0.125000 0.125000
vt 0.187500 0.062500
vt 0.250000 0.062500
vt 0.250000 0.062500
vt 0.250000 0.062500
vt 0.250000 0.125000
vt 0.187500 0.125000
vt 0.312500 0.062500
vt 0.250000 0.062500
vt 0.312500 0.062500
vt 0.312500 0.125000
vt 0.312500 0.062500
vt 0.250000 0.125000
vt 0.375000 0.062500
vt 0.312500 0.062500
vt 0.375000 0.062500
vt 0.375000 0.125000
vt 0.375000 0.062500
vt 0.312500 0.125000
vt 0.437500 0.062500
vt 0.375000 0.062500
vt 0.437500 0.062500
vt 0.437500 0.125000
vt 0.437500 0.062500
vt 0.375000 0.125000
vt 0.437500 0.062500
vt 0.500000 0.062500
vt 0.500000 0.062500
vt 0.500000 0.062500
vt 0.500000 0.125000
vt 0.437500 0.125000
vt 0.562500 0.062500
vt 0.500000 0.062500
vt 0.562500 0.062500
vt 0.562500 0.125000
vt 0.562500 0.062500
vt 0.500000 0.125000
vt 0.625000 0.062500
vt 0.562500 0.062500
vt 0.625000 0.062500
vt 0.625000 0.125000
vt 0.625000 0.062500
vt 0.562500 0.125000
vt 0.687500 0.062500
vt 0.625000 0.062500
vt 0.687500 0.062500
vt 0.687500 0.125000
vt 0.687500 0.062500
vt 0.625000 0.125000
vt 0.750000 0.062500
vt 0.687500 0.062500
vt 0.750000 0.062500
vt 0.750000 0.125000
vt 0.750000 0.062500
vt 0.687500 0.125000
vt 0.812500 0.062500
vt 0.750000 0.062500
vt 0.812500 0.062500
vt 0.812500 0.125000
vt 0.812500 0.062500
vt 0.750000 0.125000
vt 0.875000 0.062500
vt 0.812500 0.062500
vt 0.875000 0.062500
vt 0.875000 0.125000
vt 0.875000 0.062500
vt 0.812500 0.125000
vt 0.937500 0.062500
vt 0.875000 0.062500
vt 0.937500 0.125000
vt 0.875000 0.125000
vt 0.062500 0.000000
vt 0.000000 0.000000
vt 0.000000 0.000000
vt 0.062500 0.000000
vt 0.062500 0.062500
vt 0.062500 0.000000
vt 0.000000 0.062500
vt 0.000000 0.000000
vt 0.125000 0.000000
vt 0.062500 0.000000
vt 0.125000 0.000000
vt 0.125000 0.062500
vt 0.125000 0.000000
vt 0.062500 0.062500
vt 0.187500 0.000000
vt 0.125000 0.000000
vt 0.187500 0.000000
vt 0.187500 0.062500
vt 0.187500 0.000000
vt 0.125000 0.062500
vt 0.250000 0.000000
vt 0.187500 0.000000
vt 0.250000 0.000000
vt 0.250000 0.062500
vt 0.250000 0.000000
vt 0.187500 0.062500
vt 0.312500 0.000000
vt 0.250000 0.000000
vt 0.312500 0.000000
vt 0.312500 0.062500
vt 0.312500 0.000000
vt 0.250000 0.062500
vt 0.375000 0.000000
vt 0.312500 0.000000
vt 0.375000 0.000000
vt 0.375000 0.062500
vt 0.375000 0.000000
vt 0.312500 0.062500
vt 0.437500 0.000000
vt 0.375000 0.000000
vt 0.437500 0.000000
vt 0.437500 0.062500
vt 0.437500 0.000000
vt 0.375000 0.062500
vt 0.500000 0.000000
vt 0.437500 0.000000
vt 0.500000 0.000000
vt 0.500000 0.062500
vt 0.500000 0.000000
vt 0.437500 0.062500
vt 0.562500 0.000000
vt 0.500000 0.000000
vt 0.562500 0.000000
vt 0.562500 0.062500
vt 0.562500 0.000000
vt 0.500000 0.062500
vt 0.625000 0.000000
vt 0.562500 0.000000
vt 0.625000 0.000000
vt 0.625000 0.062500
vt 0.625000 0.000000
vt 0.562500 0.062500
vt 0.687500 0.000000
vt 0.625000 0.000000
vt 0.687500 0.000000
vt 0.687500 0.062500
vt 0.687500 0.000000
vt 0.625000 0.062500
vt 0.750000 0.000000
vt 0.687500 0.000000
vt 0.750000 0.000000
vt 0.750000 0.062500
vt 0.750000 0.000000
vt 0.687500 0.062500
vt 0.812500 0.000000
vt 0.750000 0.000000
vt 0.812500 0.000000
vt 0.812500 0.062500
vt 0.812500 0.000000
vt 0.750000 0.062500
vt 0.875000 0.000000
vt 0.812500 0.000000
vt 0.875000 0.000000
vt 0.875000 0.062500
vt 0.875000 0.000000
vt 0.812500 0.062500
vt 0.937500 0.000000
vt 0.875000 0.000000
vt 0.937500 0.062500
vt 0.875000 0.062500
vt 0.062500 0.937500
vt 0.000000 0.937500
vt 0.062500 1.000000
vt 0.062500 1.000000
vt 0.000000 1.000000
vt 0.062500 1.000000
vt 0.000000 1.000000
vt 0.000000 1.000000
vt 0.125000 0.937500
vt 0.062500 0.937500
vt 0.125000 1.000000
vt 0.125000 1.000000
vt 0.062500 1.000000
vt 0.125000 1.000000
vt 0.187500 0.937500
vt 0.125000 0.937500
vt 0.187500 1.000000
vt 0.187500 1.000000
vt 0.125000 1.000000
vt 0.187500 1.000000
vt 0.250000 0.937500
vt 0.187500 0.937500
vt 0.250000 1.000000
vt 0.250000 1.000000
vt 0.187500 1.000000
vt 0.250000 1.000000
vt 0.312500 0.937500
vt 0.250000 0.937500
vt 0.312500 1.000000
vt 0.312500 1.000000
vt 0.250000 1.000000
vt 0.312500 1.000000
vt 0.312500 0.937500
vt 0.375000 0.937500
vt 0.375000 1.000000
vt 0.375000 1.000000
vt 0.312500 1.000000
vt 0.375000 1.000000
vt 0.437500 0.937500
vt 0.375000 0.937500
vt 0.437500 1.000000
vt 0.437500 1.000000
vt 0.375000 1.000000
vt 0.437500 1.000000
vt 0.500000 0.937500
vt 0.437500 0.937500
vt 0.500000 1.000000
vt 0.500000 1.000000
vt 0.437500 1.000000
vt 0.500000 1.000000
vt 0.562500 0.937500
vt 0.500000 0.937500
vt 0.562500 1.000000
vt 0.562500 1.000000
vt 0.500000 1.000000
vt 0.562500 1.000000
vt 0.625000 0.937500
vt 0.562500 0.937500
vt 0.625000 1.000000
vt 0.625000 1.000000
vt 0.562500 1.000000
vt 0.625000 1.000000
vt 0.687500 0.937500
vt 0.625000 0.937500
vt 0.687500 1.000000
vt 0.687500 1.000000
vt 0.625000 1.000000
vt 0.687500 1.000000
vt 0.750000 0.937500
vt 0.687500 0.937500
vt 0.750000 1.000000
vt 0.750000 1.000000
vt 0.687500 1.000000
vt 0.750000 1.000000
vt 0.812500 0.937500
vt 0.750000 0.937500
vt 0.812500 1.000000
vt 0.812500 1.000000
vt 0.750000 1.000000
vt 0.812500 1.000000
vt 0.875000 0.937500
vt 0.812500 0.937500
vt 0.875000 1.000000
vt 0.875000 1.000000
vt 0.812500 1.000000
vt 0.875000 1.000000
vt 0.937500 0.937500
vt 0.875000 0.937500
vt 0.937500 1.000000
vt 0.875000 1.000000
vn 0.0000 -0.7071 -0.7071
vn 0.0000 0.7071 -0.7071
vn -0.7071 -0.7071 0.0000
vn -0.7071 0.7071 0.0000
vn 0.0000 -0.7071 0.7071
vn 0.0000 0.7071 0.7071
vn 0.7071 -0.7071 0.0000
vn 0.7071 0.7071 0.0000
usemtl None
s off
f 580/1/1 549/2/1 579/3/1
f 579/3/2 68/4/2 580/1/2
f 581/5/3 67/6/3 580/1/3
f 580/1/4 8/7/4 581/5/4
f 582/8/5 7/9/5 581/5/5
f 581/5/6 100/10/6 582/8/6
f 579/3/7 99/11/7 582/8/7
f 582/8/8 550/12/8 579/3/8
f 584/13/1 97/14/1 583/15/1
f 583/15/2 4/16/2 584/13/2
f 585/17/3 3/18/3 584/13/3
f 584/13/4 40/19/4 585/17/4
f 586/20/5 39/21/5 585/17/5
f 585/17/6 130/22/6 586/20/6
f 583/15/7 129/23/7 586/20/7
f 586/20/8 98/24/8 583/15/8
f 588/25/1 129/23/1 587/26/1
f 587/26/2 40/19/2 588/25/2
f 589/27/3 39/21/3 588/25/3
f 588/25/4 42/28/4 589/27/4
f 590/29/5 41/30/5 589/27/5
f 589/27/6 160/31/6 590/29/6
f 587/26/7 159/32/7 590/29/7
f 590/29/8 130/22/8 587/26/8
f 592/33/1 159/32/1 591/34/1
f 591/34/2 42/28/2 592/33/2
f 593/35/3 41/30/3 592/33/3
f 592/33/4 44/36/4 593/35/4
f 594/37/5 43/38/5 593/35/5
f 593/35/6 190/39/6 594/37/6
f 591/34/7 189/40/7 594/37/7
f 594/37/8 160/31/8 591/34/8
f 596/41/1 189/40/1 595/42/1
f 595/42/2 44/36/2 596/41/2
f 597/43/3 43/38/3 596/41/3
f 596/41/4 46/44/4 597/43/4
f 598/45/5 45/46/5 597/43/5
f 597/43/6 220/47/6 598/45/6
f 595/42/7 219/48/7 598/45/7
f 598/45/8 190/39/8 595/42/8
f 600/49/1 219/48/1 599/50/1
f 599/50/2 46/44/2 600/49/2
f 601/51/3 45/46/3 600/49/3
f 600/49/4 48/52/4 601/51/4
f 602/53/5 47/54/5 601/51/5
f 601/51/6 250/55/6 602/53/6
f 599/50/7 249/56/7 602/53/7
f 602/53/8 220/47/8 599/50/8
f 604/57/1 249/56/1 603/58/1
f 603/58/2 48/52/2 604/57/2
f 605/59/3 47/54/3 604/57/3
f 604/57/4 50/60/4 605/59/4
f 606/61/5 49/62/5 605/59/5
f 605/59/6 280/63/6 606/61/6
f 603/58/7 279/64/7 606/61/7
f 603/58/8 280/63/8 250/55/8
f 608/65/1 279/64/1 607/66/1
f 607/66/2 50/60/2 608/65/2
f 609/67/3 49/62/3 608/65/3
f 608/65/4 52/68/4 609/67/4
f 610/69/5 51/70/5 609/67/5
f 609/67/6 310/71/6 610/69/6
f 607/66/7 309/72/7 610/69/7
f 610/69/8 280/63/8 607/66/8
f 612/73/1 309/72/1 611/74/1
f 611/74/2 52/68/2 612/73/2
f 613/75/3 51/70/3 612/73/3
f 612/73/4 54/76/4 613/75/4
f 614/77/5 53/78/5 613/75/5
f 613/75/6 340/79/6 614/77/6
f 611/74/7 339/80/7 614/77/7
f 614/77/8 310/71/8 611/74/8
f 616/81/1 339/80/1 615/82/1
f 615/82/2 54/76/2 616/81/2
f 617/83/3 53/78/3 616/81/3
f 616/81/4 56/84/4 617/83/4
f 618/85/5 55/86/5 617/83/5
f 617/83/6 370/87/6 618/85/6
f 615/82/7 369/88/7 618/85/7
f 618/85/8 340/79/8 615/82/8
f 620/89/1 369/88/1 619/90/1
f 619/90/2 56/84/2 620/89/2
f 621/91/3 55/86/3 620/89/3
f 620/89/4 58/92/4 621/91/4
f 622/93/5 57/94/5 621/91/5
f 621/91/6 400/95/6 622/93/6
f 619/90/7 399/96/7 622/93/7
f 622/93/8 370/87/8 619/90/8
f 624/97/1 399/96/1 623/98/1
f 623/98/2 58/92/2 624/97/2
f 625/99/3 57/94/3 624/97/3
f 624/97/4 60/100/4 625/99/4
f 626/101/5 59/102/5 625/99/5
f 625/99/6 430/103/6 626/101/6
f 626/101/7 399/96/7 429/104/7
f 626/101/8 400/95/8 623/98/8
f 628/105/1 429/104/1 627/106/1
f 627/106/2 60/100/2 628/105/2
f 629/107/3 59/102/3 628/105/3
f 628/105/4 62/108/4 629/107/4
f 630/109/5 61/110/5 629/107/5
f 629/107/6 460/111/6 630/109/6
f 627/106/7 459/112/7 630/109/7
f 630/109/8 430/103/8 627/106/8
f 632/113/1 459/112/1 631/114/1
f 631/114/2 62/108/2 632/113/2
f 633/115/3 61/110/3 632/113/3
f 632/113/4 64/116/4 633/115/4
f 634/117/5 63/118/5 633/115/5
f 633/115/6 490/119/6 634/117/6
f 631/114/7 489/120/7 634/117/7
f 634/117/8 460/111/8 631/114/8
f 636/121/1 489/120/1 635/122/1
f 635/122/2 64/116/2 636/121/2
f 637/123/3 63/118/3 636/121/3
f 636/121/4 66/124/4 637/123/4
f 638/125/5 65/126/5 637/123/5
f 637/123/6 520/127/6 638/125/6
f 635/122/7 519/128/7 638/125/7
f 638/125/8 490/119/8 635/122/8
f 640/129/1 519/128/1 639/130/1
f 639/130/2 66/124/2 640/129/2
f 641/131/3 65/126/3 640/129/3
f 640/129/4 68/4/4 641/131/4
f 642/132/5 67/6/5 641/131/5
f 641/131/6 550/12/6 642/132/6
f 639/130/7 549/2/7 642/132/7
f 642/132/8 520/127/8 639/130/8
f 644/133/1 11/134/1 643/135/1
f 643/135/2 548/136/2 644/133/2
f 645/137/3 547/138/3 644/133/3
f 644/133/4 578/139/4 645/137/4
f 646/140/5 577/141/5 645/137/5
f 645/137/6 10/142/6 646/140/6
f 643/135/7 9/143/7 646/140/7
f 646/140/8 12/144/8 643/135/8
f 648/145/1 547/138/1 647/146/1
f 647/146/2 546/147/2 648/145/2
f 649/148/3 545/149/3 648/145/3
f 648/145/4 576/150/4 649/148/4
f 650/151/5 575/152/5 649/148/5
f 649/148/6 578/139/6 650/151/6
f 647/146/7 577/141/7 650/151/7
f 650/151/8 548/136/8 647/146/8
f 652/153/1 545/149/1 651/154/1
f 651/154/2 544/155/2 652/153/2
f 653/156/3 543/157/3 652/153/3
f 652/153/4 574/158/4 653/156/4
f 654/159/5 573/160/5 653/156/5
f 653/156/6 576/150/6 654/159/6
f 651/154/7 575/152/7 654/159/7
f 654/159/8 546/147/8 651/154/8
f 656/161/1 543/157/1 655/162/1
f 655/162/2 542/163/2 656/161/2
f 657/164/3 541/165/3 656/161/3
f 656/161/4 572/166/4 657/164/4
f 658/167/5 571/168/5 657/164/5
f 658/167/6 572/166/6 574/158/6
f 655/162/7 573/160/7 658/167/7
f 658/167/8 544/155/8 655/162/8
f 660/169/1 541/165/1 659/170/1
f 659/170/2 540/171/2 660/169/2
f 661/172/3 539/173/3 660/169/3
f 660/169/4 570/174/4 661/172/4
f 662/175/5 569/176/5 661/172/5
f 661/172/6 572/166/6 662/175/6
f 659/170/7 571/168/7 662/175/7
f 662/175/8 542/163/8 659/170/8
f 664/177/1 539/173/1 663/178/1
f 663/178/2 538/179/2 664/177/2
f 665/180/3 537/181/3 664/177/3
f 664/177/4 568/182/4 665/180/4
f 666/183/5 567/184/5 665/180/5
f 665/180/6 570/174/6 666/183/6
f 663/178/7 569/176/7 666/183/7
f 666/183/8 540/171/8 663/178/8
f 668/185/1 537/181/1 667/186/1
f 667/186/2 536/187/2 668/185/2
f 669/188/3 535/189/3 668/185/3
f 668/185/4 566/190/4 669/188/4
f 670/191/5 565/192/5 669/188/5
f 669/188/6 568/182/6 670/191/6
f 667/186/7 567/184/7 670/191/7
f 670/191/8 538/179/8 667/186/8
f 672/193/1 535/189/1 671/194/1
f 671/194/2 534/195/2 672/193/2
f 673/196/3 533/197/3 672/193/3
f 672/193/4 564/198/4 673/196/4
f 674/199/5 563/200/5 673/196/5
f 674/199/6 564/198/6 566/190/6
f 671/194/7 565/192/7 674/199/7
f 674/199/8 536/187/8 671/194/8
f 676/201/1 533/197/1 675/202/1
f 675/202/2 532/203/2 676/201/2
f 677/204/3 531/205/3 676/201/3
f 676/201/4 562/206/4 677/204/4
f 677/204/5 563/200/5 561/207/5
f 677/204/6 564/198/6 678/208/6
f 675/202/7 563/200/7 678/208/7
f 678/208/8 534/195/8 675/202/8
f 680/209/1 531/205/1 679/210/1
f 679/210/2 530/211/2 680/209/2
f 681/212/3 529/213/3 680/209/3
f 680/209/4 560/214/4 681/212/4
f 682/215/5 559/216/5 681/212/5
f 681/212/6 562/206/6 682/215/6
f 679/210/7 561/207/7 682/215/7
f 682/215/8 532/203/8 679/210/8
f 684/217/1 529/213/1 683/218/1
f 683/218/2 528/219/2 684/217/2
f 685/220/3 527/221/3 684/217/3
f 684/217/4 558/222/4 685/220/4
f 686/223/5 557/224/5 685/220/5
f 685/220/6 560/214/6 686/223/6
f 683/218/7 559/216/7 686/223/7
f 686/223/8 530/211/8 683/218/8
f 688/225/1 527/221/1 687/226/1
f 687/226/2 526/227/2 688/225/2
f 689/228/3 525/229/3 688/225/3
f 688/225/4 556/230/4 689/228/4
f 690/231/5 555/232/5 689/228/5
f 689/228/6 558/222/6 690/231/6
f 687/226/7 557/224/7 690/231/7
f 690/231/8 528/219/8 687/226/8
f 692/233/1 525/229/1 691/234/1
f 691/234/2 524/235/2 692/233/2
f 693/236/3 523/237/3 692/233/3
f 692/233/4 554/238/4 693/236/4
f 693/236/5 555/232/5 553/239/5
f 693/236/6 556/230/6 694/240/6
f 691/234/7 555/232/7 694/240/7
f 694/240/8 526/227/8 691/234/8
f 696/241/1 523/237/1 695/242/1
f 695/242/2 522/243/2 696/241/2
f 697/244/3 521/245/3 696/241/3
f 696/241/4 552/246/4 697/244/4
f 698/247/5 551/248/5 697/244/5
f 697/244/6 554/238/6 698/247/6
f 695/242/7 553/239/7 698/247/7
f 698/247/8 524/235/8 695/242/8
f 700/249/1 521/245/1 699/250/1
f 699/250/2 520/127/2 700/249/2
f 701/251/3 519/128/3 700/249/3
f 700/249/4 550/12/4 701/251/4
f 702/252/5 549/2/5 701/251/5
f 701/251/6 552/246/6 702/252/6
f 699/250/7 551/248/7 702/252/7
f 702/252/8 522/243/8 699/250/8
f 704/253/1 13/254/1 703/255/1
f 703/255/2 518/256/2 704/253/2
f 705/257/3 517/258/3 704/253/3
f 704/253/4 548/136/4 705/257/4
f 706/259/5 547/138/5 705/257/5
f 705/257/6 12/144/6 706/259/6
f 703/255/7 11/134/7 706/259/7
f 706/259/8 14/260/8 703/255/8
f 708/261/1 517/258/1 707/262/1
f 707/262/2 516/263/2 708/261/2
f 709/264/3 515/265/3 708/261/3
f 708/261/4 546/147/4 709/264/4
f 710/266/5 545/149/5 709/264/5
f 709/264/6 548/136/6 710/266/6
f 707/262/7 547/138/7 710/266/7
f 710/266/8 518/256/8 707/262/8
f 712/267/1 515/265/1 711/268/1
f 711/268/2 514/269/2 712/267/2
f 713/270/3 513/271/3 712/267/3
f 712/267/4 544/155/4 713/270/4
f 714/272/5 543/157/5 713/270/5
f 713/270/6 546/147/6 714/272/6
f 711/268/7 545/149/7 714/272/7
f 714/272/8 516/263/8 711/268/8
f 715/273/1 511/274/1 513/271/1
f 715/273/2 512/275/2 716/276/2
f 717/277/3 511/274/3 716/276/3
f 716/276/4 542/163/4 717/277/4
f 718/278/5 541/165/5 717/277/5
f 718/278/6 542/163/6 544/155/6
f 715/273/7 543/157/7 718/278/7
f 718/278/8 514/269/8 715/273/8
f 720/279/1 511/274/1 719/280/1
f 719/280/2 510/281/2 720/279/2
f 721/282/3 509/283/3 720/279/3
f 720/279/4 540/171/4 721/282/4
f 722/284/5 539/173/5 721/282/5
f 721/282/6 542/163/6 722/284/6
f 719/280/7 541/165/7 722/284/7
f 722/284/8 512/275/8 719/280/8
f 723/285/1 507/286/1 509/283/1
f 723/285/2 508/287/2 724/288/2
f 725/289/3 507/286/3 724/288/3
f 724/288/4 538/179/4 725/289/4
f 726/290/5 537/181/5 725/289/5
f 726/290/6 538/179/6 540/171/6
f 723/285/7 539/173/7 726/290/7
f 726/290/8 510/281/8 723/285/8
f 728/291/1 507/286/1 727/292/1
f 727/292/2 506/293/2 728/291/2
f 729/294/3 505/295/3 728/291/3
f 728/291/4 536/187/4 729/294/4
f 730/296/5 535/189/5 729/294/5
f 729/294/6 538/179/6 730/296/6
f 727/292/7 537/181/7 730/296/7
f 730/296/8 508/287/8 727/292/8
f 732/297/1 505/295/1 731/298/1
f 731/298/2 504/299/2 732/297/2
f 733/300/3 503/301/3 732/297/3
f 732/297/4 534/195/4 733/300/4
f 734/302/5 533/197/5 733/300/5
f 734/302/6 534/195/6 536/187/6
f 731/298/7 535/189/7 734/302/7
f 734/302/8 506/293/8 731/298/8
f 736/303/1 503/301/1 735/304/1
f 735/304/2 502/305/2 736/303/2
f 737/306/3 501/307/3 736/303/3
f 736/303/4 532/203/4 737/306/4
f 737/306/5 533/197/5 531/205/5
f 737/306/6 534/195/6 738/308/6
f 735/304/7 533/197/7 738/308/7
f 738/308/8 504/299/8 735/304/8
f 740/309/1 501/307/1 739/310/1
f 739/310/2 500/311/2 740/309/2
f 741/312/3 499/313/3 740/309/3
f 740/309/4 530/211/4 741/312/4
f 742/314/5 529/213/5 741/312/5
f 741/312/6 532/203/6 742/314/6
f 739/310/7 531/205/7 742/314/7
f 742/314/8 502/305/8 739/310/8
f 744/315/1 499/313/1 743/316/1
f 744/315/2 500/311/2 498/317/2
f 745/318/3 497/319/3 744/315/3
f 744/315/4 528/219/4 745/318/4
f 745/318/5 529/213/5 527/221/5
f 745/318/6 530/211/6 746/320/6
f 743/316/7 529/213/7 746/320/7
f 746/320/8 500/311/8 743/316/8
f 748/321/1 497/319/1 747/322/1
f 747/322/2 496/323/2 748/321/2
f 749/324/3 495/325/3 748/321/3
f 748/321/4 526/227/4 749/324/4
f 750/326/5 525/229/5 749/324/5
f 749/324/6 528/219/6 750/326/6
f 747/322/7 527/221/7 750/326/7
f 750/326/8 498/317/8 747/322/8
f 752/327/1 495/325/1 751/328/1
f 752/327/2 496/323/2 494/329/2
f 753/330/3 493/331/3 752/327/3
f 752/327/4 524/235/4 753/330/4
f 753/330/5 525/229/5 523/237/5
f 753/330/6 526/227/6 754/332/6
f 751/328/7 525/229/7 754/332/7
f 754/332/8 496/323/8 751/328/8
f 756/333/1 493/331/1 755/334/1
f 755/334/2 492/335/2 756/333/2
f 757/336/3 491/337/3 756/333/3
f 756/333/4 522/243/4 757/336/4
f 758/338/5 521/245/5 757/336/5
f 757/336/6 524/235/6 758/338/6
f 755/334/7 523/237/7 758/338/7
f 758/338/8 494/329/8 755/334/8
f 760/339/1 491/337/1 759/340/1
f 759/340/2 490/119/2 760/339/2
f 761/341/3 489/120/3 760/339/3
f 760/339/4 520/127/4 761/341/4
f 762/342/5 519/128/5 761/341/5
f 761/341/6 522/243/6 762/342/6
f 759/340/7 521/245/7 762/342/7
f 762/342/8 492/335/8 759/340/8
f 764/343/1 15/344/1 763/345/1
f 763/345/2 488/346/2 764/343/2
f 765/347/3 487/348/3 764/343/3
f 764/343/4 518/256/4 765/347/4
f 766/349/5 517/258/5 765/347/5
f 765/347/6 14/260/6 766/349/6
f 763/345/7 13/254/7 766/349/7
f 766/349/8 16/350/8 763/345/8
f 768/351/1 487/348/1 767/352/1
f 767/352/2 486/353/2 768/351/2
f 769/354/3 485/355/3 768/351/3
f 768/351/4 516/263/4 769/354/4
f 770/356/5 515/265/5 769/354/5
f 769/354/6 518/256/6 770/356/6
f 770/356/7 487/348/7 517/258/7
f 770/356/8 488/346/8 767/352/8
f 772/357/1 485/355/1 771/358/1
f 771/358/2 484/359/2 772/357/2
f 773/360/3 483/361/3 772/357/3
f 773/360/4 484/359/4 514/269/4
f 774/362/5 513/271/5 773/360/5
f 773/360/6 516/263/6 774/362/6
f 774/362/7 485/355/7 515/265/7
f 774/362/8 486/353/8 771/358/8
f 775/363/1 481/364/1 483/361/1
f 775/363/2 482/365/2 776/366/2
f 777/367/3 481/364/3 776/366/3
f 777/367/4 482/365/4 512/275/4
f 778/368/5 511/274/5 777/367/5
f 777/367/6 514/269/6 778/368/6
f 775/363/7 513/271/7 778/368/7
f 778/368/8 484/359/8 775/363/8
f 780/369/1 481/364/1 779/370/1
f 779/370/2 480/371/2 780/369/2
f 781/372/3 479/373/3 780/369/3
f 781/372/4 480/371/4 510/281/4
f 782/374/5 509/283/5 781/372/5
f 781/372/6 512/275/6 782/374/6
f 782/374/7 481/364/7 511/274/7
f 782/374/8 482/365/8 779/370/8
f 783/375/1 477/376/1 479/373/1
f 783/375/2 478/377/2 784/378/2
f 785/379/3 477/376/3 784/378/3
f 785/379/4 478/377/4 508/287/4
f 786/380/5 507/286/5 785/379/5
f 786/380/6 508/287/6 510/281/6
f 786/380/7 479/373/7 509/283/7
f 786/380/8 480/371/8 783/375/8
f 788/381/1 477/376/1 787/382/1
f 787/382/2 476/383/2 788/381/2
f 789/384/3 475/385/3 788/381/3
f 789/384/4 476/383/4 506/293/4
f 790/386/5 505/295/5 789/384/5
f 789/384/6 508/287/6 790/386/6
f 790/386/7 477/376/7 507/286/7
f 790/386/8 478/377/8 787/382/8
f 792/387/1 475/385/1 791/388/1
f 791/388/2 474/389/2 792/387/2
f 793/390/3 473/391/3 792/387/3
f 792/387/4 504/299/4 793/390/4
f 794/392/5 503/301/5 793/390/5
f 793/390/6 506/293/6 794/392/6
f 791/388/7 505/295/7 794/392/7
f 794/392/8 476/383/8 791/388/8
f 796/393/1 473/391/1 795/394/1
f 795/394/2 472/395/2 796/393/2
f 797/396/3 471/397/3 796/393/3
f 796/393/4 502/305/4 797/396/4
f 798/398/5 501/307/5 797/396/5
f 797/396/6 504/299/6 798/398/6
f 795/394/7 503/301/7 798/398/7
f 798/398/8 474/389/8 795/394/8
f 800/399/1 471/397/1 799/400/1
f 799/400/2 470/401/2 800/399/2
f 801/402/3 469/403/3 800/399/3
f 801/402/4 470/401/4 500/311/4
f 802/404/5 499/313/5 801/402/5
f 801/402/6 502/305/6 802/404/6
f 802/404/7 471/397/7 501/307/7
f 802/404/8 472/395/8 799/400/8
f 804/405/1 469/403/1 803/406/1
f 804/405/2 470/401/2 468/407/2
f 805/408/3 467/409/3 804/405/3
f 805/408/4 468/407/4 498/317/4
f 805/408/5 499/313/5 497/319/5
f 805/408/6 500/311/6 806/410/6
f 806/410/7 469/403/7 499/313/7
f 806/410/8 470/401/8 803/406/8
f 808/411/1 467/409/1 807/412/1
f 807/412/2 466/413/2 808/411/2
f 809/414/3 465/415/3 808/411/3
f 809/414/4 466/413/4 496/323/4
f 810/416/5 495/325/5 809/414/5
f 809/414/6 498/317/6 810/416/6
f 810/416/7 467/409/7 497/319/7
f 810/416/8 468/407/8 807/412/8
f 812/417/1 465/415/1 811/418/1
f 812/417/2 466/413/2 464/419/2
f 813/420/3 463/421/3 812/417/3
f 812/417/4 494/329/4 813/420/4
f 814/422/5 493/331/5 813/420/5
f 813/420/6 496/323/6 814/422/6
f 814/422/7 465/415/7 495/325/7
f 814/422/8 466/413/8 811/418/8
f 816/423/1 463/421/1 815/424/1
f 815/424/2 462/425/2 816/423/2
f 817/426/3 461/427/3 816/423/3
f 817/426/4 462/425/4 492/335/4
f 818/428/5 491/337/5 817/426/5
f 817/426/6 494/329/6 818/428/6
f 818/428/7 463/421/7 493/331/7
f 818/428/8 464/419/8 815/424/8
f 820/429/1 461/427/1 819/430/1
f 819/430/2 460/111/2 820/429/2
f 821/431/3 459/112/3 820/429/3
f 821/431/4 460/111/4 490/119/4
f 822/432/5 489/120/5 821/431/5
f 821/431/6 492/335/6 822/432/6
f 819/430/7 491/337/7 822/432/7
f 822/432/8 462/425/8 819/430/8
f 824/433/1 17/434/1 823/435/1
f 823/435/2 458/436/2 824/433/2
f 825/437/3 457/438/3 824/433/3
f 824/433/4 488/346/4 825/437/4
f 826/439/5 487/348/5 825/437/5
f 825/437/6 16/350/6 826/439/6
f 823/435/7 15/344/7 826/439/7
f 826/439/8 18/440/8 823/435/8
f 828/441/1 457/438/1 827/442/1
f 827/442/2 456/443/2 828/441/2
f 829/444/3 455/445/3 828/441/3
f 828/441/4 486/353/4 829/444/4
f 830/446/5 485/355/5 829/444/5
f 829/444/6 488/346/6 830/446/6
f 827/442/7 487/348/7 830/446/7
f 830/446/8 458/436/8 827/442/8
f 832/447/1 455/445/1 831/448/1
f 831/448/2 454/449/2 832/447/2
f 833/450/3 453/451/3 832/447/3
f 832/447/4 484/359/4 833/450/4
f 834/452/5 483/361/5 833/450/5
f 833/450/6 486/353/6 834/452/6
f 831/448/7 485/355/7 834/452/7
f 834/452/8 456/443/8 831/448/8
f 835/453/1 451/454/1 453/451/1
f 835/453/2 452/455/2 836/456/2
f 837/457/3 451/454/3 836/456/3
f 836/456/4 482/365/4 837/457/4
f 838/458/5 481/364/5 837/457/5
f 838/458/6 482/365/6 484/359/6
f 835/453/7 483/361/7 838/458/7
f 838/458/8 454/449/8 835/453/8
f 840/459/1 451/454/1 839/460/1
f 839/460/2 450/461/2 840/459/2
f 841/462/3 449/463/3 840/459/3
f 840/459/4 480/371/4 841/462/4
f 842/464/5 479/373/5 841/462/5
f 841/462/6 482/365/6 842/464/6
f 839/460/7 481/364/7 842/464/7
f 842/464/8 452/455/8 839/460/8
f 844/465/1 449/463/1 843/466/1
f 843/466/2 448/467/2 844/465/2
f 845/468/3 447/469/3 844/465/3
f 844/465/4 478/377/4 845/468/4
f 846/470/5 477/376/5 845/468/5
f 845/468/6 480/371/6 846/470/6
f 843/466/7 479/373/7 846/470/7
f 846/470/8 450/461/8 843/466/8
f 848/471/1 447/469/1 847/472/1
f 847/472/2 446/473/2 848/471/2
f 849/474/3 445/475/3 848/471/3
f 848/471/4 476/383/4 849/474/4
f 850/476/5 475/385/5 849/474/5
f 849/474/6 478/377/6 850/476/6
f 847/472/7 477/376/7 850/476/7
f 850/476/8 448/467/8 847/472/8
f 851/477/1 443/478/1 445/475/1
f 851/477/2 444/479/2 852/480/2
f 853/481/3 443/478/3 852/480/3
f 852/480/4 474/389/4 853/481/4
f 854/482/5 473/391/5 853/481/5
f 854/482/6 474/389/6 476/383/6
f 851/477/7 475/385/7 854/482/7
f 854/482/8 446/473/8 851/477/8
f 856/483/1 443/478/1 855/484/1
f 856/483/2 444/479/2 442/485/2
f 857/486/3 441/487/3 856/483/3
f 856/483/4 472/395/4 857/486/4
f 857/486/5 473/391/5 471/397/5
f 857/486/6 474/389/6 858/488/6
f 855/484/7 473/391/7 858/488/7
f 858/488/8 444/479/8 855/484/8
f 860/489/1 441/487/1 859/490/1
f 859/490/2 440/491/2 860/489/2
f 861/492/3 439/493/3 860/489/3
f 860/489/4 470/401/4 861/492/4
f 862/494/5 469/403/5 861/492/5
f 861/492/6 472/395/6 862/494/6
f 859/490/7 471/397/7 862/494/7
f 862/494/8 442/485/8 859/490/8
f 864/495/1 439/493/1 863/496/1
f 863/496/2 438/497/2 864/495/2
f 865/498/3 437/499/3 864/495/3
f 864/495/4 468/407/4 865/498/4
f 866/500/5 467/409/5 865/498/5
f 865/498/6 470/401/6 866/500/6
f 863/496/7 469/403/7 866/500/7
f 866/500/8 440/491/8 863/496/8
f 868/501/1 437/499/1 867/502/1
f 867/502/2 436/503/2 868/501/2
f 869/504/3 435/505/3 868/501/3
f 868/501/4 466/413/4 869/504/4
f 870/506/5 465/415/5 869/504/5
f 869/504/6 468/407/6 870/506/6
f 867/502/7 467/409/7 870/506/7
f 870/506/8 438/497/8 867/502/8
f 872/507/1 435/505/1 871/508/1
f 872/507/2 436/503/2 434/509/2
f 873/510/3 433/511/3 872/507/3
f 872/507/4 464/419/4 873/510/4
f 873/510/5 465/415/5 463/421/5
f 873/510/6 466/413/6 874/512/6
f 871/508/7 465/415/7 874/512/7
f 874/512/8 436/503/8 871/508/8
f 876/513/1 433/511/1 875/514/1
f 875/514/2 432/515/2 876/513/2
f 877/516/3 431/517/3 876/513/3
f 876/513/4 462/425/4 877/516/4
f 878/518/5 461/427/5 877/516/5
f 877/516/6 464/419/6 878/518/6
f 875/514/7 463/421/7 878/518/7
f 878/518/8 434/509/8 875/514/8
f 880/519/1 431/517/1 879/520/1
f 879/520/2 430/103/2 880/519/2
f 881/521/3 429/104/3 880/519/3
f 880/519/4 460/111/4 881/521/4
f 882/522/5 459/112/5 881/521/5
f 881/521/6 462/425/6 882/522/6
f 879/520/7 461/427/7 882/522/7
f 882/522/8 432/515/8 879/520/8
f 884/523/1 19/524/1 883/525/1
f 883/525/2 428/526/2 884/523/2
f 885/527/3 427/528/3 884/523/3
f 885/527/4 428/526/4 458/436/4
f 886/529/5 457/438/5 885/527/5
f 885/527/6 18/440/6 886/529/6
f 883/525/7 17/434/7 886/529/7
f 886/529/8 20/530/8 883/525/8
f 888/531/1 427/528/1 887/532/1
f 887/532/2 426/533/2 888/531/2
f 889/534/3 425/535/3 888/531/3
f 888/531/4 456/443/4 889/534/4
f 890/536/5 455/445/5 889/534/5
f 889/534/6 458/436/6 890/536/6
f 887/532/7 457/438/7 890/536/7
f 890/536/8 428/526/8 887/532/8
f 892/537/1 425/535/1 891/538/1
f 891/538/2 424/539/2 892/537/2
f 893/540/3 423/541/3 892/537/3
f 893/540/4 424/539/4 454/449/4
f 894/542/5 453/451/5 893/540/5
f 893/540/6 456/443/6 894/542/6
f 894/542/7 425/535/7 455/445/7
f 894/542/8 426/533/8 891/538/8
f 895/543/1 421/544/1 423/541/1
f 895/543/2 422/545/2 896/546/2
f 897/547/3 421/544/3 896/546/3
f 897/547/4 422/545/4 452/455/4
f 898/548/5 451/454/5 897/547/5
f 898/548/6 452/455/6 454/449/6
f 898/548/7 423/541/7 453/451/7
f 898/548/8 424/539/8 895/543/8
f 900/549/1 421/544/1 899/550/1
f 899/550/2 420/551/2 900/549/2
f 901/552/3 419/553/3 900/549/3
f 900/549/4 450/461/4 901/552/4
f 902/554/5 449/463/5 901/552/5
f 901/552/6 452/455/6 902/554/6
f 899/550/7 451/454/7 902/554/7
f 902/554/8 422/545/8 899/550/8
f 903/555/1 417/556/1 419/553/1
f 903/555/2 418/557/2 904/558/2
f 905/559/3 417/556/3 904/558/3
f 905/559/4 418/557/4 448/467/4
f 906/560/5 447/469/5 905/559/5
f 905/559/6 450/461/6 906/560/6
f 903/555/7 449/463/7 906/560/7
f 906/560/8 420/551/8 903/555/8
f 908/561/1 417/556/1 907/562/1
f 907/562/2 416/563/2 908/561/2
f 909/564/3 415/565/3 908/561/3
f 909/564/4 416/563/4 446/473/4
f 910/566/5 445/475/5 909/564/5
f 909/564/6 448/467/6 910/566/6
f 910/566/7 417/556/7 447/469/7
f 910/566/8 418/557/8 907/562/8
f 912/567/1 415/565/1 911/568/1
f 911/568/2 414/569/2 912/567/2
f 913/570/3 413/571/3 912/567/3
f 913/570/4 414/569/4 444/479/4
f 914/572/5 443/478/5 913/570/5
f 914/572/6 444/479/6 446/473/6
f 914/572/7 415/565/7 445/475/7
f 914/572/8 416/563/8 911/568/8
f 916/573/1 413/571/1 915/574/1
f 915/574/2 412/575/2 916/573/2
f 917/576/3 411/577/3 916/573/3
f 917/576/4 412/575/4 442/485/4
f 917/576/5 443/478/5 441/487/5
f 917/576/6 444/479/6 918/578/6
f 918/578/7 413/571/7 443/478/7
f 918/578/8 414/569/8 915/574/8
f 920/579/1 411/577/1 919/580/1
f 919/580/2 410/581/2 920/579/2
f 921/582/3 409/583/3 920/579/3
f 921/582/4 410/581/4 440/491/4
f 922/584/5 439/493/5 921/582/5
f 921/582/6 442/485/6 922/584/6
f 922/584/7 411/577/7 441/487/7
f 922/584/8 412/575/8 919/580/8
f 924/585/1 409/583/1 923/586/1
f 924/585/2 410/581/2 408/587/2
f 925/588/3 407/589/3 924/585/3
f 924/585/4 438/497/4 925/588/4
f 926/590/5 437/499/5 925/588/5
f 925/588/6 440/491/6 926/590/6
f 926/590/7 409/583/7 439/493/7
f 926/590/8 410/581/8 923/586/8
f 928/591/1 407/589/1 927/592/1
f 927/592/2 406/593/2 928/591/2
f 929/594/3 405/595/3 928/591/3
f 928/591/4 436/503/4 929/594/4
f 930/596/5 435/505/5 929/594/5
f 929/594/6 438/497/6 930/596/6
f 927/592/7 437/499/7 930/596/7
f 930/596/8 408/587/8 927/592/8
f 932/597/1 405/595/1 931/598/1
f 932/597/2 406/593/2 404/599/2
f 933/600/3 403/601/3 932/597/3
f 933/600/4 404/599/4 434/509/4
f 933/600/5 435/505/5 433/511/5
f 933/600/6 436/503/6 934/602/6
f 934/602/7 405/595/7 435/505/7
f 934/602/8 406/593/8 931/598/8
f 936/603/1 403/601/1 935/604/1
f 935/604/2 402/605/2 936/603/2
f 937/606/3 401/607/3 936/603/3
f 937/606/4 402/605/4 432/515/4
f 938/608/5 431/517/5 937/606/5
f 937/606/6 434/509/6 938/608/6
f 938/608/7 403/601/7 433/511/7
f 938/608/8 404/599/8 935/604/8
f 940/609/1 401/607/1 939/610/1
f 939/610/2 400/95/2 940/609/2
f 941/611/3 399/96/3 940/609/3
f 940/609/4 430/103/4 941/611/4
f 942/612/5 429/104/5 941/611/5
f 941/611/6 432/515/6 942/612/6
f 939/610/7 431/517/7 942/612/7
f 942/612/8 402/605/8 939/610/8
f 944/613/1 21/614/1 943/615/1
f 943/615/2 398/616/2 944/613/2
f 945/617/3 397/618/3 944/613/3
f 944/613/4 428/526/4 945/617/4
f 946/619/5 427/528/5 945/617/5
f 945/617/6 20/530/6 946/619/6
f 943/615/7 19/524/7 946/619/7
f 946/619/8 22/620/8 943/615/8
f 948/621/1 397/618/1 947/622/1
f 947/622/2 396/623/2 948/621/2
f 949/624/3 395/625/3 948/621/3
f 948/621/4 426/533/4 949/624/4
f 950/626/5 425/535/5 949/624/5
f 949/624/6 428/526/6 950/626/6
f 947/622/7 427/528/7 950/626/7
f 950/626/8 398/616/8 947/622/8
f 952/627/1 395/625/1 951/628/1
f 951/628/2 394/629/2 952/627/2
f 953/630/3 393/631/3 952/627/3
f 952/627/4 424/539/4 953/630/4
f 954/632/5 423/541/5 953/630/5
f 953/630/6 426/533/6 954/632/6
f 951/628/7 425/535/7 954/632/7
f 954/632/8 396/623/8 951/628/8
f 955/633/1 391/634/1 393/631/1
f 955/633/2 392/635/2 956/636/2
f 957/637/3 391/634/3 956/636/3
f 956/636/4 422/545/4 957/637/4
f 958/638/5 421/544/5 957/637/5
f 958/638/6 422/545/6 424/539/6
f 955/633/7 423/541/7 958/638/7
f 958/638/8 394/629/8 955/633/8
f 960/639/1 391/634/1 959/640/1
f 959/640/2 390/641/2 960/639/2
f 961/642/3 389/643/3 960/639/3
f 960/639/4 420/551/4 961/642/4
f 962/644/5 419/553/5 961/642/5
f 961/642/6 422/545/6 962/644/6
f 959/640/7 421/544/7 962/644/7
f 962/644/8 392/635/8 959/640/8
f 963/645/1 387/646/1 389/643/1
f 963/645/2 388/647/2 964/648/2
f 965/649/3 387/646/3 964/648/3
f 964/648/4 418/557/4 965/649/4
f 966/650/5 417/556/5 965/649/5
f 966/650/6 418/557/6 420/551/6
f 963/645/7 419/553/7 966/650/7
f 966/650/8 390/641/8 963/645/8
f 968/651/1 387/646/1 967/652/1
f 968/651/2 388/647/2 386/653/2
f 968/651/3 415/565/3 385/654/3
f 968/651/4 416/563/4 969/655/4
f 970/656/5 415/565/5 969/655/5
f 969/655/6 418/557/6 970/656/6
f 967/652/7 417/556/7 970/656/7
f 970/656/8 388/647/8 967/652/8
f 972/657/1 385/654/1 971/658/1
f 971/658/2 384/659/2 972/657/2
f 973/660/3 383/661/3 972/657/3
f 972/657/4 414/569/4 973/660/4
f 974/662/5 413/571/5 973/660/5
f 973/660/6 416/563/6 974/662/6
f 971/658/7 415/565/7 974/662/7
f 974/662/8 386/653/8 971/658/8
f 976/663/1 383/661/1 975/664/1
f 975/664/2 382/665/2 976/663/2
f 977/666/3 381/667/3 976/663/3
f 976/663/4 412/575/4 977/666/4
f 978/668/5 411/577/5 977/666/5
f 977/666/6 414/569/6 978/668/6
f 975/664/7 413/571/7 978/668/7
f 978/668/8 384/659/8 975/664/8
f 979/669/1 379/670/1 381/667/1
f 979/669/2 380/671/2 980/672/2
f 981/673/3 379/670/3 980/672/3
f 980/672/4 410/581/4 981/673/4
f 982/674/5 409/583/5 981/673/5
f 981/673/6 412/575/6 982/674/6
f 979/669/7 411/577/7 982/674/7
f 979/669/8 412/575/8 382/665/8
f 984/675/1 379/670/1 983/676/1
f 984/675/2 380/671/2 378/677/2
f 985/678/3 377/679/3 984/675/3
f 984/675/4 408/587/4 985/678/4
f 985/678/5 409/583/5 407/589/5
f 985/678/6 410/581/6 986/680/6
f 983/676/7 409/583/7 986/680/7
f 986/680/8 380/671/8 983/676/8
f 988/681/1 377/679/1 987/682/1
f 987/682/2 376/683/2 988/681/2
f 989/684/3 375/685/3 988/681/3
f 988/681/4 406/593/4 989/684/4
f 990/686/5 405/595/5 989/684/5
f 989/684/6 408/587/6 990/686/6
f 987/682/7 407/589/7 990/686/7
f 990/686/8 378/677/8 987/682/8
f 992/687/1 375/685/1 991/688/1
f 992/687/2 376/683/2 374/689/2
f 993/690/3 373/691/3 992/687/3
f 992/687/4 404/599/4 993/690/4
f 993/690/5 405/595/5 403/601/5
f 993/690/6 406/593/6 994/692/6
f 991/688/7 405/595/7 994/692/7
f 994/692/8 376/683/8 991/688/8
f 996/693/1 373/691/1 995/694/1
f 995/694/2 372/695/2 996/693/2
f 997/696/3 371/697/3 996/693/3
f 996/693/4 402/605/4 997/696/4
f 998/698/5 401/607/5 997/696/5
f 997/696/6 404/599/6 998/698/6
f 995/694/7 403/601/7 998/698/7
f 998/698/8 374/689/8 995/694/8
f 1000/699/1 371/697/1 999/700/1
f 999/700/2 370/87/2 1000/699/2
f 1001/701/3 369/88/3 1000/699/3
f 1000/699/4 400/95/4 1001/701/4
f 1002/702/5 399/96/5 1001/701/5
f 1001/701/6 402/605/6 1002/702/6
f 999/700/7 401/607/7 1002/702/7
f 1002/702/8 372/695/8 999/700/8
f 1004/703/1 23/704/1 1003/705/1
f 1003/705/2 368/706/2 1004/703/2
f 1005/707/3 367/708/3 1004/703/3
f 1004/703/4 398/616/4 1005/707/4
f 1006/709/5 397/618/5 1005/707/5
f 1005/707/6 22/620/6 1006/709/6
f 1003/705/7 21/614/7 1006/709/7
f 1006/709/8 24/710/8 1003/705/8
f 1008/711/1 367/708/1 1007/712/1
f 1007/712/2 366/713/2 1008/711/2
f 1009/714/3 365/715/3 1008/711/3
f 1008/711/4 396/623/4 1009/714/4
f 1010/716/5 395/625/5 1009/714/5
f 1009/714/6 398/616/6 1010/716/6
f 1010/716/7 367/708/7 397/618/7
f 1010/716/8 368/706/8 1007/712/8
f 1012/717/1 365/715/1 1011/718/1
f 1011/718/2 364/719/2 1012/717/2
f 1013/720/3 363/721/3 1012/717/3
f 1012/717/4 394/629/4 1013/720/4
f 1014/722/5 393/631/5 1013/720/5
f 1013/720/6 396/623/6 1014/722/6
f 1014/722/7 365/715/7 395/625/7
f 1014/722/8 366/713/8 1011/718/8
f 1016/723/1 363/721/1 1015/724/1
f 1015/724/2 362/725/2 1016/723/2
f 1017/726/3 361/727/3 1016/723/3
f 1016/723/4 392/635/4 1017/726/4
f 1018/728/5 391/634/5 1017/726/5
f 1017/726/6 394/629/6 1018/728/6
f 1015/724/7 393/631/7 1018/728/7
f 1018/728/8 364/719/8 1015/724/8
f 1020/729/1 361/727/1 1019/730/1
f 1019/730/2 360/731/2 1020/729/2
f 1021/732/3 359/733/3 1020/729/3
f 1021/732/4 360/731/4 390/641/4
f 1022/734/5 389/643/5 1021/732/5
f 1021/732/6 392/635/6 1022/734/6
f 1022/734/7 361/727/7 391/634/7
f 1022/734/8 362/725/8 1019/730/8
f 1023/735/1 357/736/1 359/733/1
f 1023/735/2 358/737/2 1024/738/2
f 1025/739/3 357/736/3 1024/738/3
f 1024/738/4 388/647/4 1025/739/4
f 1026/740/5 387/646/5 1025/739/5
f 1026/740/6 388/647/6 390/641/6
f 1026/740/7 359/733/7 389/643/7
f 1026/740/8 360/731/8 1023/735/8
f 1028/741/1 357/736/1 1027/742/1
f 1027/742/2 356/743/2 1028/741/2
f 1029/744/3 355/745/3 1028/741/3
f 1028/741/4 386/653/4 1029/744/4
f 1030/746/5 385/654/5 1029/744/5
f 1029/744/6 388/647/6 1030/746/6
f 1027/742/7 387/646/7 1030/746/7
f 1030/746/8 358/737/8 1027/742/8
f 1032/747/1 355/745/1 1031/748/1
f 1031/748/2 354/749/2 1032/747/2
f 1033/750/3 353/751/3 1032/747/3
f 1032/747/4 384/659/4 1033/750/4
f 1034/752/5 383/661/5 1033/750/5
f 1033/750/6 386/653/6 1034/752/6
f 1031/748/7 385/654/7 1034/752/7
f 1034/752/8 356/743/8 1031/748/8
f 1036/753/1 353/751/1 1035/754/1
f 1035/754/2 352/755/2 1036/753/2
f 1037/756/3 351/757/3 1036/753/3
f 1036/753/4 382/665/4 1037/756/4
f 1038/758/5 381/667/5 1037/756/5
f 1037/756/6 384/659/6 1038/758/6
f 1035/754/7 383/661/7 1038/758/7
f 1038/758/8 354/749/8 1035/754/8
f 1040/759/1 351/757/1 1039/760/1
f 1039/760/2 350/761/2 1040/759/2
f 1041/762/3 349/763/3 1040/759/3
f 1040/759/4 380/671/4 1041/762/4
f 1042/764/5 379/670/5 1041/762/5
f 1041/762/6 382/665/6 1042/764/6
f 1039/760/7 381/667/7 1042/764/7
f 1042/764/8 352/755/8 1039/760/8
f 1044/765/1 349/763/1 1043/766/1
f 1044/765/2 350/761/2 348/767/2
f 1045/768/3 347/769/3 1044/765/3
f 1045/768/4 348/767/4 378/677/4
f 1045/768/5 379/670/5 377/679/5
f 1045/768/6 380/671/6 1046/770/6
f 1043/766/7 379/670/7 1046/770/7
f 1046/770/8 350/761/8 1043/766/8
f 1048/771/1 347/769/1 1047/772/1
f 1047/772/2 346/773/2 1048/771/2
f 1049/774/3 345/775/3 1048/771/3
f 1049/774/4 346/773/4 376/683/4
f 1050/776/5 375/685/5 1049/774/5
f 1049/774/6 378/677/6 1050/776/6
f 1050/776/7 347/769/7 377/679/7
f 1050/776/8 348/767/8 1047/772/8
f 1052/777/1 345/775/1 1051/778/1
f 1051/778/2 344/779/2 1052/777/2
f 1053/780/3 343/781/3 1052/777/3
f 1052/777/4 374/689/4 1053/780/4
f 1054/782/5 373/691/5 1053/780/5
f 1053/780/6 376/683/6 1054/782/6
f 1051/778/7 375/685/7 1054/782/7
f 1054/782/8 346/773/8 1051/778/8
f 1056/783/1 343/781/1 1055/784/1
f 1055/784/2 342/785/2 1056/783/2
f 1057/786/3 341/787/3 1056/783/3
f 1057/786/4 342/785/4 372/695/4
f 1058/788/5 371/697/5 1057/786/5
f 1057/786/6 374/689/6 1058/788/6
f 1055/784/7 373/691/7 1058/788/7
f 1058/788/8 344/779/8 1055/784/8
f 1060/789/1 341/787/1 1059/790/1
f 1059/790/2 340/79/2 1060/789/2
f 1061/791/3 339/80/3 1060/789/3
f 1061/791/4 340/79/4 370/87/4
f 1062/792/5 369/88/5 1061/791/5
f 1061/791/6 372/695/6 1062/792/6
f 1059/790/7 371/697/7 1062/792/7
f 1062/792/8 342/785/8 1059/790/8
f 1064/793/1 25/794/1 1063/795/1
f 1063/795/2 338/796/2 1064/793/2
f 1065/797/3 337/798/3 1064/793/3
f 1064/793/4 368/706/4 1065/797/4
f 1066/799/5 367/708/5 1065/797/5
f 1065/797/6 24/710/6 1066/799/6
f 1063/795/7 23/704/7 1066/799/7
f 1066/799/8 26/800/8 1063/795/8
f 1068/801/1 337/798/1 1067/802/1
f 1067/802/2 336/803/2 1068/801/2
f 1069/804/3 335/805/3 1068/801/3
f 1068/801/4 366/713/4 1069/804/4
f 1070/806/5 365/715/5 1069/804/5
f 1069/804/6 368/706/6 1070/806/6
f 1067/802/7 367/708/7 1070/806/7
f 1067/802/8 368/706/8 338/796/8
f 1072/807/1 335/805/1 1071/808/1
f 1071/808/2 334/809/2 1072/807/2
f 1073/810/3 333/811/3 1072/807/3
f 1072/807/4 364/719/4 1073/810/4
f 1074/812/5 363/721/5 1073/810/5
f 1073/810/6 366/713/6 1074/812/6
f 1071/808/7 365/715/7 1074/812/7
f 1071/808/8 366/713/8 336/803/8
f 1076/813/1 333/811/1 1075/814/1
f 1075/814/2 332/815/2 1076/813/2
f 1077/816/3 331/817/3 1076/813/3
f 1076/813/4 362/725/4 1077/816/4
f 1078/818/5 361/727/5 1077/816/5
f 1077/816/6 364/719/6 1078/818/6
f 1075/814/7 363/721/7 1078/818/7
f 1078/818/8 334/809/8 1075/814/8
f 1080/819/1 331/817/1 1079/820/1
f 1079/820/2 330/821/2 1080/819/2
f 1080/819/3 359/733/3 329/822/3
f 1080/819/4 360/731/4 1081/823/4
f 1082/824/5 359/733/5 1081/823/5
f 1081/823/6 362/725/6 1082/824/6
f 1079/820/7 361/727/7 1082/824/7
f 1079/820/8 362/725/8 332/815/8
f 1083/825/1 327/826/1 329/822/1
f 1083/825/2 328/827/2 1084/828/2
f 1085/829/3 327/826/3 1084/828/3
f 1084/828/4 358/737/4 1085/829/4
f 1086/830/5 357/736/5 1085/829/5
f 1086/830/6 358/737/6 360/731/6
f 1083/825/7 359/733/7 1086/830/7
f 1083/825/8 360/731/8 330/821/8
f 1088/831/1 327/826/1 1087/832/1
f 1087/832/2 326/833/2 1088/831/2
f 1089/834/3 325/835/3 1088/831/3
f 1088/831/4 356/743/4 1089/834/4
f 1090/836/5 355/745/5 1089/834/5
f 1089/834/6 358/737/6 1090/836/6
f 1087/832/7 357/736/7 1090/836/7
f 1090/836/8 328/827/8 1087/832/8
f 1092/837/1 325/835/1 1091/838/1
f 1091/838/2 324/839/2 1092/837/2
f 1093/840/3 323/841/3 1092/837/3
f 1092/837/4 354/749/4 1093/840/4
f 1094/842/5 353/751/5 1093/840/5
f 1093/840/6 356/743/6 1094/842/6
f 1091/838/7 355/745/7 1094/842/7
f 1094/842/8 326/833/8 1091/838/8
f 1096/843/1 323/841/1 1095/844/1
f 1095/844/2 322/845/2 1096/843/2
f 1097/846/3 321/847/3 1096/843/3
f 1096/843/4 352/755/4 1097/846/4
f 1098/848/5 351/757/5 1097/846/5
f 1097/846/6 354/749/6 1098/848/6
f 1095/844/7 353/751/7 1098/848/7
f 1098/848/8 324/839/8 1095/844/8
f 1100/849/1 321/847/1 1099/850/1
f 1099/850/2 320/851/2 1100/849/2
f 1101/852/3 319/853/3 1100/849/3
f 1100/849/4 350/761/4 1101/852/4
f 1102/854/5 349/763/5 1101/852/5
f 1101/852/6 352/755/6 1102/854/6
f 1099/850/7 351/757/7 1102/854/7
f 1102/854/8 322/845/8 1099/850/8
f 1104/855/1 319/853/1 1103/856/1
f 1104/855/2 320/851/2 318/857/2
f 1104/855/3 347/769/3 317/858/3
f 1104/855/4 348/767/4 1105/859/4
f 1105/859/5 349/763/5 347/769/5
f 1105/859/6 350/761/6 1106/860/6
f 1103/856/7 349/763/7 1106/860/7
f 1106/860/8 320/851/8 1103/856/8
f 1108/861/1 317/858/1 1107/862/1
f 1107/862/2 316/863/2 1108/861/2
f 1108/861/3 345/775/3 315/864/3
f 1108/861/4 346/773/4 1109/865/4
f 1110/866/5 345/775/5 1109/865/5
f 1109/865/6 348/767/6 1110/866/6
f 1107/862/7 347/769/7 1110/866/7
f 1107/862/8 348/767/8 318/857/8
f 1112/867/1 315/864/1 1111/868/1
f 1111/868/2 314/869/2 1112/867/2
f 1113/870/3 313/871/3 1112/867/3
f 1112/867/4 344/779/4 1113/870/4
f 1114/872/5 343/781/5 1113/870/5
f 1113/870/6 346/773/6 1114/872/6
f 1111/868/7 345/775/7 1114/872/7
f 1114/872/8 316/863/8 1111/868/8
f 1116/873/1 313/871/1 1115/874/1
f 1115/874/2 312/875/2 1116/873/2
f 1116/873/3 341/787/3 311/876/3
f 1116/873/4 342/785/4 1117/877/4
f 1118/878/5 341/787/5 1117/877/5
f 1117/877/6 344/779/6 1118/878/6
f 1115/874/7 343/781/7 1118/878/7
f 1118/878/8 314/869/8 1115/874/8
f 1120/879/1 311/876/1 1119/880/1
f 1119/880/2 310/71/2 1120/879/2
f 1120/879/3 339/80/3 309/72/3
f 1120/879/4 340/79/4 1121/881/4
f 1122/882/5 339/80/5 1121/881/5
f 1121/881/6 342/785/6 1122/882/6
f 1119/880/7 341/787/7 1122/882/7
f 1122/882/8 312/875/8 1119/880/8
f 1124/883/1 27/884/1 1123/885/1
f 1123/885/2 308/886/2 1124/883/2
f 1125/887/3 307/888/3 1124/883/3
f 1124/883/4 338/796/4 1125/887/4
f 1126/889/5 337/798/5 1125/887/5
f 1125/887/6 26/800/6 1126/889/6
f 1123/885/7 25/794/7 1126/889/7
f 1126/889/8 28/890/8 1123/885/8
f 1128/891/1 307/888/1 1127/892/1
f 1127/892/2 306/893/2 1128/891/2
f 1129/894/3 305/895/3 1128/891/3
f 1128/891/4 336/803/4 1129/894/4
f 1130/896/5 335/805/5 1129/894/5
f 1129/894/6 338/796/6 1130/896/6
f 1127/892/7 337/798/7 1130/896/7
f 1130/896/8 308/886/8 1127/892/8
f 1132/897/1 305/895/1 1131/898/1
f 1131/898/2 304/899/2 1132/897/2
f 1133/900/3 303/901/3 1132/897/3
f 1132/897/4 334/809/4 1133/900/4
f 1134/902/5 333/811/5 1133/900/5
f 1133/900/6 336/803/6 1134/902/6
f 1131/898/7 335/805/7 1134/902/7
f 1134/902/8 306/893/8 1131/898/8
f 1135/903/1 301/904/1 303/901/1
f 1135/903/2 302/905/2 1136/906/2
f 1137/907/3 301/904/3 1136/906/3
f 1136/906/4 332/815/4 1137/907/4
f 1138/908/5 331/817/5 1137/907/5
f 1138/908/6 332/815/6 334/809/6
f 1135/903/7 333/811/7 1138/908/7
f 1138/908/8 304/899/8 1135/903/8
f 1140/909/1 301/904/1 1139/910/1
f 1139/910/2 300/911/2 1140/909/2
f 1141/912/3 299/913/3 1140/909/3
f 1140/909/4 330/821/4 1141/912/4
f 1142/914/5 329/822/5 1141/912/5
f 1141/912/6 332/815/6 1142/914/6
f 1139/910/7 331/817/7 1142/914/7
f 1142/914/8 302/905/8 1139/910/8
f 1143/915/1 297/916/1 299/913/1
f 1143/915/2 298/917/2 1144/918/2
f 1145/919/3 297/916/3 1144/918/3
f 1144/918/4 328/827/4 1145/919/4
f 1146/920/5 327/826/5 1145/919/5
f 1146/920/6 328/827/6 330/821/6
f 1143/915/7 329/822/7 1146/920/7
f 1146/920/8 300/911/8 1143/915/8
f 1148/921/1 297/916/1 1147/922/1
f 1147/922/2 296/923/2 1148/921/2
f 1149/924/3 295/925/3 1148/921/3
f 1149/924/4 296/923/4 326/833/4
f 1149/924/5 327/826/5 325/835/5
f 1149/924/6 328/827/6 1150/926/6
f 1147/922/7 327/826/7 1150/926/7
f 1150/926/8 298/917/8 1147/922/8
f 1152/927/1 295/925/1 1151/928/1
f 1151/928/2 294/929/2 1152/927/2
f 1153/930/3 293/931/3 1152/927/3
f 1152/927/4 324/839/4 1153/930/4
f 1154/932/5 323/841/5 1153/930/5
f 1153/930/6 326/833/6 1154/932/6
f 1151/928/7 325/835/7 1154/932/7
f 1154/932/8 296/923/8 1151/928/8
f 1156/933/1 293/931/1 1155/934/1
f 1155/934/2 292/935/2 1156/933/2
f 1157/936/3 291/937/3 1156/933/3
f 1156/933/4 322/845/4 1157/936/4
f 1158/938/5 321/847/5 1157/936/5
f 1157/936/6 324/839/6 1158/938/6
f 1155/934/7 323/841/7 1158/938/7
f 1158/938/8 294/929/8 1155/934/8
f 1160/939/1 291/937/1 1159/940/1
f 1159/940/2 290/941/2 1160/939/2
f 1161/942/3 289/943/3 1160/939/3
f 1160/939/4 320/851/4 1161/942/4
f 1162/944/5 319/853/5 1161/942/5
f 1162/944/6 320/851/6 322/845/6
f 1162/944/7 291/937/7 321/847/7
f 1162/944/8 292/935/8 1159/940/8
f 1164/945/1 289/943/1 1163/946/1
f 1164/945/2 290/941/2 288/947/2
f 1165/948/3 287/949/3 1164/945/3
f 1164/945/4 318/857/4 1165/948/4
f 1165/948/5 319/853/5 317/858/5
f 1165/948/6 320/851/6 1166/950/6
f 1163/946/7 319/853/7 1166/950/7
f 1166/950/8 290/941/8 1163/946/8
f 1168/951/1 287/949/1 1167/952/1
f 1167/952/2 286/953/2 1168/951/2
f 1169/954/3 285/955/3 1168/951/3
f 1168/951/4 316/863/4 1169/954/4
f 1170/956/5 315/864/5 1169/954/5
f 1169/954/6 318/857/6 1170/956/6
f 1167/952/7 317/858/7 1170/956/7
f 1170/956/8 288/947/8 1167/952/8
f 1172/957/1 285/955/1 1171/958/1
f 1172/957/2 286/953/2 284/959/2
f 1173/960/3 283/961/3 1172/957/3
f 1172/957/4 314/869/4 1173/960/4
f 1173/960/5 315/864/5 313/871/5
f 1173/960/6 316/863/6 1174/962/6
f 1171/958/7 315/864/7 1174/962/7
f 1174/962/8 286/953/8 1171/958/8
f 1176/963/1 283/961/1 1175/964/1
f 1175/964/2 282/965/2 1176/963/2
f 1177/966/3 281/967/3 1176/963/3
f 1176/963/4 312/875/4 1177/966/4
f 1178/968/5 311/876/5 1177/966/5
f 1177/966/6 314/869/6 1178/968/6
f 1175/964/7 313/871/7 1178/968/7
f 1178/968/8 284/959/8 1175/964/8
f 1180/969/1 281/967/1 1179/970/1
f 1179/970/2 280/63/2 1180/969/2
f 1181/971/3 279/64/3 1180/969/3
f 1180/969/4 310/71/4 1181/971/4
f 1182/972/5 309/72/5 1181/971/5
f 1181/971/6 312/875/6 1182/972/6
f 1179/970/7 311/876/7 1182/972/7
f 1182/972/8 282/965/8 1179/970/8
f 1184/973/1 29/974/1 1183/975/1
f 1183/975/2 278/976/2 1184/973/2
f 1184/973/3 307/888/3 277/977/3
f 1184/973/4 308/886/4 1185/978/4
f 1186/979/5 307/888/5 1185/978/5
f 1185/978/6 28/890/6 1186/979/6
f 1183/975/7 27/884/7 1186/979/7
f 1186/979/8 30/980/8 1183/975/8
f 1188/981/1 277/977/1 1187/982/1
f 1187/982/2 276/983/2 1188/981/2
f 1189/984/3 275/985/3 1188/981/3
f 1188/981/4 306/893/4 1189/984/4
f 1190/986/5 305/895/5 1189/984/5
f 1189/984/6 308/886/6 1190/986/6
f 1187/982/7 307/888/7 1190/986/7
f 1190/986/8 278/976/8 1187/982/8
f 1192/987/1 275/985/1 1191/988/1
f 1191/988/2 274/989/2 1192/987/2
f 1192/987/3 303/901/3 273/990/3
f 1192/987/4 304/899/4 1193/991/4
f 1194/992/5 303/901/5 1193/991/5
f 1193/991/6 306/893/6 1194/992/6
f 1191/988/7 305/895/7 1194/992/7
f 1191/988/8 306/893/8 276/983/8
f 1195/993/1 271/994/1 273/990/1
f 1195/993/2 272/995/2 1196/996/2
f 1196/996/3 301/904/3 271/994/3
f 1196/996/4 302/905/4 1197/997/4
f 1198/998/5 301/904/5 1197/997/5
f 1198/998/6 302/905/6 304/899/6
f 1195/993/7 303/901/7 1198/998/7
f 1195/993/8 304/899/8 274/989/8
f 1200/999/1 271/994/1 1199/1000/1
f 1199/1000/2 270/1001/2 1200/999/2
f 1201/1002/3 269/1003/3 1200/999/3
f 1200/999/4 300/911/4 1201/1002/4
f 1202/1004/5 299/913/5 1201/1002/5
f 1201/1002/6 302/905/6 1202/1004/6
f 1199/1000/7 301/904/7 1202/1004/7
f 1202/1004/8 272/995/8 1199/1000/8
f 1204/1005/1 269/1003/1 1203/1006/1
f 1203/1006/2 268/1007/2 1204/1005/2
f 1204/1005/3 297/916/3 267/1008/3
f 1204/1005/4 298/917/4 1205/1009/4
f 1206/1010/5 297/916/5 1205/1009/5
f 1206/1010/6 298/917/6 300/911/6
f 1203/1006/7 299/913/7 1206/1010/7
f 1206/1010/8 270/1001/8 1203/1006/8
f 1208/1011/1 267/1008/1 1207/1012/1
f 1207/1012/2 266/1013/2 1208/1011/2
f 1208/1011/3 295/925/3 265/1014/3
f 1208/1011/4 296/923/4 1209/1015/4
f 1210/1016/5 295/925/5 1209/1015/5
f 1209/1015/6 298/917/6 1210/1016/6
f 1207/1012/7 297/916/7 1210/1016/7
f 1207/1012/8 298/917/8 268/1007/8
f 1211/1017/1 263/1018/1 265/1014/1
f 1211/1017/2 264/1019/2 1212/1020/2
f 1212/1020/3 293/931/3 263/1018/3
f 1212/1020/4 294/929/4 1213/1021/4
f 1214/1022/5 293/931/5 1213/1021/5
f 1213/1021/6 296/923/6 1214/1022/6
f 1211/1017/7 295/925/7 1214/1022/7
f 1211/1017/8 296/923/8 266/1013/8
f 1216/1023/1 263/1018/1 1215/1024/1
f 1216/1023/2 264/1019/2 262/1025/2
f 1216/1023/3 291/937/3 261/1026/3
f 1216/1023/4 292/935/4 1217/1027/4
f 1218/1028/5 291/937/5 1217/1027/5
f 1217/1027/6 294/929/6 1218/1028/6
f 1215/1024/7 293/931/7 1218/1028/7
f 1215/1024/8 294/929/8 264/1019/8
f 1220/1029/1 261/1026/1 1219/1030/1
f 1219/1030/2 260/1031/2 1220/1029/2
f 1220/1029/3 289/943/3 259/1032/3
f 1220/1029/4 290/941/4 1221/1033/4
f 1222/1034/5 289/943/5 1221/1033/5
f 1221/1033/6 292/935/6 1222/1034/6
f 1219/1030/7 291/937/7 1222/1034/7
f 1219/1030/8 292/935/8 262/1025/8
f 1224/1035/1 259/1032/1 1223/1036/1
f 1223/1036/2 258/1037/2 1224/1035/2
f 1225/1038/3 257/1039/3 1224/1035/3
f 1224/1035/4 288/947/4 1225/1038/4
f 1225/1038/5 289/943/5 287/949/5
f 1225/1038/6 290/941/6 1226/1040/6
f 1223/1036/7 289/943/7 1226/1040/7
f 1223/1036/8 290/941/8 260/1031/8
f 1228/1041/1 257/1039/1 1227/1042/1
f 1227/1042/2 256/1043/2 1228/1041/2
f 1229/1044/3 255/1045/3 1228/1041/3
f 1228/1041/4 286/953/4 1229/1044/4
f 1230/1046/5 285/955/5 1229/1044/5
f 1229/1044/6 288/947/6 1230/1046/6
f 1227/1042/7 287/949/7 1230/1046/7
f 1230/1046/8 258/1037/8 1227/1042/8
f 1232/1047/1 255/1045/1 1231/1048/1
f 1232/1047/2 256/1043/2 254/1049/2
f 1232/1047/3 283/961/3 253/1050/3
f 1232/1047/4 284/959/4 1233/1051/4
f 1233/1051/5 285/955/5 283/961/5
f 1233/1051/6 286/953/6 1234/1052/6
f 1231/1048/7 285/955/7 1234/1052/7
f 1231/1048/8 286/953/8 256/1043/8
f 1236/1053/1 253/1050/1 1235/1054/1
f 1235/1054/2 252/1055/2 1236/1053/2
f 1236/1053/3 281/967/3 251/1056/3
f 1236/1053/4 282/965/4 1237/1057/4
f 1238/1058/5 281/967/5 1237/1057/5
f 1237/1057/6 284/959/6 1238/1058/6
f 1235/1054/7 283/961/7 1238/1058/7
f 1235/1054/8 284/959/8 254/1049/8
f 1240/1059/1 251/1056/1 1239/1060/1
f 1239/1060/2 250/55/2 1240/1059/2
f 1241/1061/3 249/56/3 1240/1059/3
f 1240/1059/4 280/63/4 1241/1061/4
f 1242/1062/5 279/64/5 1241/1061/5
f 1241/1061/6 282/965/6 1242/1062/6
f 1239/1060/7 281/967/7 1242/1062/7
f 1242/1062/8 252/1055/8 1239/1060/8
f 1244/1063/1 31/1064/1 1243/1065/1
f 1243/1065/2 248/1066/2 1244/1063/2
f 1245/1067/3 247/1068/3 1244/1063/3
f 1244/1063/4 278/976/4 1245/1067/4
f 1246/1069/5 277/977/5 1245/1067/5
f 1245/1067/6 30/980/6 1246/1069/6
f 1243/1065/7 29/974/7 1246/1069/7
f 1246/1069/8 32/1070/8 1243/1065/8
f 1248/1071/1 247/1068/1 1247/1072/1
f 1247/1072/2 246/1073/2 1248/1071/2
f 1249/1074/3 245/1075/3 1248/1071/3
f 1248/1071/4 276/983/4 1249/1074/4
f 1250/1076/5 275/985/5 1249/1074/5
f 1249/1074/6 278/976/6 1250/1076/6
f 1247/1072/7 277/977/7 1250/1076/7
f 1250/1076/8 248/1066/8 1247/1072/8
f 1252/1077/1 245/1075/1 1251/1078/1
f 1251/1078/2 244/1079/2 1252/1077/2
f 1253/1080/3 243/1081/3 1252/1077/3
f 1252/1077/4 274/989/4 1253/1080/4
f 1254/1082/5 273/990/5 1253/1080/5
f 1253/1080/6 276/983/6 1254/1082/6
f 1251/1078/7 275/985/7 1254/1082/7
f 1254/1082/8 246/1073/8 1251/1078/8
f 1255/1083/1 241/1084/1 243/1081/1
f 1255/1083/2 242/1085/2 1256/1086/2
f 1257/1087/3 241/1084/3 1256/1086/3
f 1256/1086/4 272/995/4 1257/1087/4
f 1258/1088/5 271/994/5 1257/1087/5
f 1258/1088/6 272/995/6 274/989/6
f 1255/1083/7 273/990/7 1258/1088/7
f 1258/1088/8 244/1079/8 1255/1083/8
f 1260/1089/1 241/1084/1 1259/1090/1
f 1259/1090/2 240/1091/2 1260/1089/2
f 1261/1092/3 239/1093/3 1260/1089/3
f 1260/1089/4 270/1001/4 1261/1092/4
f 1262/1094/5 269/1003/5 1261/1092/5
f 1261/1092/6 272/995/6 1262/1094/6
f 1259/1090/7 271/994/7 1262/1094/7
f 1262/1094/8 242/1085/8 1259/1090/8
f 1264/1095/1 239/1093/1 1263/1096/1
f 1263/1096/2 238/1097/2 1264/1095/2
f 1265/1098/3 237/1099/3 1264/1095/3
f 1264/1095/4 268/1007/4 1265/1098/4
f 1266/1100/5 267/1008/5 1265/1098/5
f 1265/1098/6 270/1001/6 1266/1100/6
f 1263/1096/7 269/1003/7 1266/1100/7
f 1266/1100/8 240/1091/8 1263/1096/8
f 1268/1101/1 237/1099/1 1267/1102/1
f 1267/1102/2 236/1103/2 1268/1101/2
f 1269/1104/3 235/1105/3 1268/1101/3
f 1268/1101/4 266/1013/4 1269/1104/4
f 1270/1106/5 265/1014/5 1269/1104/5
f 1269/1104/6 268/1007/6 1270/1106/6
f 1267/1102/7 267/1008/7 1270/1106/7
f 1270/1106/8 238/1097/8 1267/1102/8
f 1271/1107/1 233/1108/1 235/1105/1
f 1271/1107/2 234/1109/2 1272/1110/2
f 1273/1111/3 233/1108/3 1272/1110/3
f 1272/1110/4 264/1019/4 1273/1111/4
f 1274/1112/5 263/1018/5 1273/1111/5
f 1274/1112/6 264/1019/6 266/1013/6
f 1271/1107/7 265/1014/7 1274/1112/7
f 1274/1112/8 236/1103/8 1271/1107/8
f 1276/1113/1 233/1108/1 1275/1114/1
f 1276/1113/2 234/1109/2 232/1115/2
f 1277/1116/3 231/1117/3 1276/1113/3
f 1276/1113/4 262/1025/4 1277/1116/4
f 1277/1116/5 263/1018/5 261/1026/5
f 1277/1116/6 264/1019/6 1278/1118/6
f 1275/1114/7 263/1018/7 1278/1118/7
f 1278/1118/8 234/1109/8 1275/1114/8
f 1280/1119/1 231/1117/1 1279/1120/1
f 1279/1120/2 230/1121/2 1280/1119/2
f 1281/1122/3 229/1123/3 1280/1119/3
f 1280/1119/4 260/1031/4 1281/1122/4
f 1282/1124/5 259/1032/5 1281/1122/5
f 1281/1122/6 262/1025/6 1282/1124/6
f 1279/1120/7 261/1026/7 1282/1124/7
f 1282/1124/8 232/1115/8 1279/1120/8
f 1284/1125/1 229/1123/1 1283/1126/1
f 1283/1126/2 228/1127/2 1284/1125/2
f 1285/1128/3 227/1129/3 1284/1125/3
f 1284/1125/4 258/1037/4 1285/1128/4
f 1286/1130/5 257/1039/5 1285/1128/5
f 1285/1128/6 260/1031/6 1286/1130/6
f 1283/1126/7 259/1032/7 1286/1130/7
f 1286/1130/8 230/1121/8 1283/1126/8
f 1288/1131/1 227/1129/1 1287/1132/1
f 1287/1132/2 226/1133/2 1288/1131/2
f 1289/1134/3 225/1135/3 1288/1131/3
f 1288/1131/4 256/1043/4 1289/1134/4
f 1290/1136/5 255/1045/5 1289/1134/5
f 1289/1134/6 258/1037/6 1290/1136/6
f 1287/1132/7 257/1039/7 1290/1136/7
f 1290/1136/8 228/1127/8 1287/1132/8
f 1292/1137/1 225/1135/1 1291/1138/1
f 1292/1137/2 226/1133/2 224/1139/2
f 1293/1140/3 223/1141/3 1292/1137/3
f 1292/1137/4 254/1049/4 1293/1140/4
f 1293/1140/5 255/1045/5 253/1050/5
f 1293/1140/6 256/1043/6 1294/1142/6
f 1291/1138/7 255/1045/7 1294/1142/7
f 1294/1142/8 226/1133/8 1291/1138/8
f 1296/1143/1 223/1141/1 1295/1144/1
f 1295/1144/2 222/1145/2 1296/1143/2
f 1297/1146/3 221/1147/3 1296/1143/3
f 1296/1143/4 252/1055/4 1297/1146/4
f 1298/1148/5 251/1056/5 1297/1146/5
f 1297/1146/6 254/1049/6 1298/1148/6
f 1295/1144/7 253/1050/7 1298/1148/7
f 1298/1148/8 224/1139/8 1295/1144/8
f 1300/1149/1 221/1147/1 1299/1150/1
f 1299/1150/2 220/47/2 1300/1149/2
f 1301/1151/3 219/48/3 1300/1149/3
f 1300/1149/4 250/55/4 1301/1151/4
f 1302/1152/5 249/56/5 1301/1151/5
f 1301/1151/6 252/1055/6 1302/1152/6
f 1299/1150/7 251/1056/7 1302/1152/7
f 1302/1152/8 222/1145/8 1299/1150/8
f 1304/1153/1 33/1154/1 1303/1155/1
f 1303/1155/2 218/1156/2 1304/1153/2
f 1305/1157/3 217/1158/3 1304/1153/3
f 1304/1153/4 248/1066/4 1305/1157/4
f 1306/1159/5 247/1068/5 1305/1157/5
f 1305/1157/6 32/1070/6 1306/1159/6
f 1303/1155/7 31/1064/7 1306/1159/7
f 1306/1159/8 34/1160/8 1303/1155/8
f 1308/1161/1 217/1158/1 1307/1162/1
f 1307/1162/2 216/1163/2 1308/1161/2
f 1309/1164/3 215/1165/3 1308/1161/3
f 1308/1161/4 246/1073/4 1309/1164/4
f 1310/1166/5 245/1075/5 1309/1164/5
f 1309/1164/6 248/1066/6 1310/1166/6
f 1307/1162/7 247/1068/7 1310/1166/7
f 1307/1162/8 248/1066/8 218/1156/8
f 1312/1167/1 215/1165/1 1311/1168/1
f 1311/1168/2 214/1169/2 1312/1167/2
f 1312/1167/3 243/1081/3 213/1170/3
f 1312/1167/4 244/1079/4 1313/1171/4
f 1314/1172/5 243/1081/5 1313/1171/5
f 1313/1171/6 246/1073/6 1314/1172/6
f 1311/1168/7 245/1075/7 1314/1172/7
f 1311/1168/8 246/1073/8 216/1163/8
f 1316/1173/1 213/1170/1 1315/1174/1
f 1315/1174/2 212/1175/2 1316/1173/2
f 1316/1173/3 241/1084/3 211/1176/3
f 1316/1173/4 242/1085/4 1317/1177/4
f 1318/1178/5 241/1084/5 1317/1177/5
f 1318/1178/6 242/1085/6 244/1079/6
f 1315/1174/7 243/1081/7 1318/1178/7
f 1318/1178/8 214/1169/8 1315/1174/8
f 1320/1179/1 211/1176/1 1319/1180/1
f 1319/1180/2 210/1181/2 1320/1179/2
f 1320/1179/3 239/1093/3 209/1182/3
f 1320/1179/4 240/1091/4 1321/1183/4
f 1322/1184/5 239/1093/5 1321/1183/5
f 1321/1183/6 242/1085/6 1322/1184/6
f 1319/1180/7 241/1084/7 1322/1184/7
f 1319/1180/8 242/1085/8 212/1175/8
f 1323/1185/1 207/1186/1 209/1182/1
f 1323/1185/2 208/1187/2 1324/1188/2
f 1324/1188/3 237/1099/3 207/1186/3
f 1324/1188/4 238/1097/4 1325/1189/4
f 1326/1190/5 237/1099/5 1325/1189/5
f 1326/1190/6 238/1097/6 240/1091/6
f 1323/1185/7 239/1093/7 1326/1190/7
f 1323/1185/8 240/1091/8 210/1181/8
f 1328/1191/1 207/1186/1 1327/1192/1
f 1327/1192/2 206/1193/2 1328/1191/2
f 1328/1191/3 235/1105/3 205/1194/3
f 1328/1191/4 236/1103/4 1329/1195/4
f 1330/1196/5 235/1105/5 1329/1195/5
f 1329/1195/6 238/1097/6 1330/1196/6
f 1327/1192/7 237/1099/7 1330/1196/7
f 1327/1192/8 238/1097/8 208/1187/8
f 1332/1197/1 205/1194/1 1331/1198/1
f 1331/1198/2 204/1199/2 1332/1197/2
f 1333/1200/3 203/1201/3 1332/1197/3
f 1332/1197/4 234/1109/4 1333/1200/4
f 1334/1202/5 233/1108/5 1333/1200/5
f 1333/1200/6 236/1103/6 1334/1202/6
f 1331/1198/7 235/1105/7 1334/1202/7
f 1334/1202/8 206/1193/8 1331/1198/8
f 1336/1203/1 203/1201/1 1335/1204/1
f 1335/1204/2 202/1205/2 1336/1203/2
f 1337/1206/3 201/1207/3 1336/1203/3
f 1336/1203/4 232/1115/4 1337/1206/4
f 1338/1208/5 231/1117/5 1337/1206/5
f 1337/1206/6 234/1109/6 1338/1208/6
f 1335/1204/7 233/1108/7 1338/1208/7
f 1338/1208/8 204/1199/8 1335/1204/8
f 1340/1209/1 201/1207/1 1339/1210/1
f 1339/1210/2 200/1211/2 1340/1209/2
f 1340/1209/3 229/1123/3 199/1212/3
f 1340/1209/4 230/1121/4 1341/1213/4
f 1342/1214/5 229/1123/5 1341/1213/5
f 1341/1213/6 232/1115/6 1342/1214/6
f 1339/1210/7 231/1117/7 1342/1214/7
f 1339/1210/8 232/1115/8 202/1205/8
f 1344/1215/1 199/1212/1 1343/1216/1
f 1344/1215/2 200/1211/2 198/1217/2
f 1344/1215/3 227/1129/3 197/1218/3
f 1344/1215/4 228/1127/4 1345/1219/4
f 1345/1219/5 229/1123/5 227/1129/5
f 1345/1219/6 230/1121/6 1346/1220/6
f 1343/1216/7 229/1123/7 1346/1220/7
f 1343/1216/8 230/1121/8 200/1211/8
f 1348/1221/1 197/1218/1 1347/1222/1
f 1347/1222/2 196/1223/2 1348/1221/2
f 1348/1221/3 225/1135/3 195/1224/3
f 1348/1221/4 226/1133/4 1349/1225/4
f 1350/1226/5 225/1135/5 1349/1225/5
f 1349/1225/6 228/1127/6 1350/1226/6
f 1347/1222/7 227/1129/7 1350/1226/7
f 1347/1222/8 228/1127/8 198/1217/8
f 1352/1227/1 195/1224/1 1351/1228/1
f 1351/1228/2 194/1229/2 1352/1227/2
f 1353/1230/3 193/1231/3 1352/1227/3
f 1352/1227/4 224/1139/4 1353/1230/4
f 1353/1230/5 225/1135/5 223/1141/5
f 1353/1230/6 226/1133/6 1354/1232/6
f 1351/1228/7 225/1135/7 1354/1232/7
f 1351/1228/8 226/1133/8 196/1223/8
f 1356/1233/1 193/1231/1 1355/1234/1
f 1355/1234/2 192/1235/2 1356/1233/2
f 1356/1233/3 221/1147/3 191/1236/3
f 1356/1233/4 222/1145/4 1357/1237/4
f 1358/1238/5 221/1147/5 1357/1237/5
f 1357/1237/6 224/1139/6 1358/1238/6
f 1355/1234/7 223/1141/7 1358/1238/7
f 1355/1234/8 224/1139/8 194/1229/8
f 1360/1239/1 191/1236/1 1359/1240/1
f 1359/1240/2 190/39/2 1360/1239/2
f 1360/1239/3 219/48/3 189/40/3
f 1360/1239/4 220/47/4 1361/1241/4
f 1362/1242/5 219/48/5 1361/1241/5
f 1361/1241/6 222/1145/6 1362/1242/6
f 1359/1240/7 221/1147/7 1362/1242/7
f 1362/1242/8 192/1235/8 1359/1240/8
f 1364/1243/1 35/1244/1 1363/1245/1
f 1363/1245/2 188/1246/2 1364/1243/2
f 1365/1247/3 187/1248/3 1364/1243/3
f 1364/1243/4 218/1156/4 1365/1247/4
f 1366/1249/5 217/1158/5 1365/1247/5
f 1365/1247/6 34/1160/6 1366/1249/6
f 1363/1245/7 33/1154/7 1366/1249/7
f 1366/1249/8 36/1250/8 1363/1245/8
f 1368/1251/1 187/1248/1 1367/1252/1
f 1367/1252/2 186/1253/2 1368/1251/2
f 1369/1254/3 185/1255/3 1368/1251/3
f 1368/1251/4 216/1163/4 1369/1254/4
f 1370/1256/5 215/1165/5 1369/1254/5
f 1369/1254/6 218/1156/6 1370/1256/6
f 1367/1252/7 217/1158/7 1370/1256/7
f 1370/1256/8 188/1246/8 1367/1252/8
f 1372/1257/1 185/1255/1 1371/1258/1
f 1371/1258/2 184/1259/2 1372/1257/2
f 1373/1260/3 183/1261/3 1372/1257/3
f 1372/1257/4 214/1169/4 1373/1260/4
f 1374/1262/5 213/1170/5 1373/1260/5
f 1373/1260/6 216/1163/6 1374/1262/6
f 1371/1258/7 215/1165/7 1374/1262/7
f 1374/1262/8 186/1253/8 1371/1258/8
f 1375/1263/1 181/1264/1 183/1261/1
f 1375/1263/2 182/1265/2 1376/1266/2
f 1377/1267/3 181/1264/3 1376/1266/3
f 1376/1266/4 212/1175/4 1377/1267/4
f 1378/1268/5 211/1176/5 1377/1267/5
f 1378/1268/6 212/1175/6 214/1169/6
f 1375/1263/7 213/1170/7 1378/1268/7
f 1378/1268/8 184/1259/8 1375/1263/8
f 1380/1269/1 181/1264/1 1379/1270/1
f 1379/1270/2 180/1271/2 1380/1269/2
f 1381/1272/3 179/1273/3 1380/1269/3
f 1380/1269/4 210/1181/4 1381/1272/4
f 1382/1274/5 209/1182/5 1381/1272/5
f 1381/1272/6 212/1175/6 1382/1274/6
f 1379/1270/7 211/1176/7 1382/1274/7
f 1382/1274/8 182/1265/8 1379/1270/8
f 1383/1275/1 177/1276/1 179/1273/1
f 1383/1275/2 178/1277/2 1384/1278/2
f 1385/1279/3 177/1276/3 1384/1278/3
f 1384/1278/4 208/1187/4 1385/1279/4
f 1386/1280/5 207/1186/5 1385/1279/5
f 1386/1280/6 208/1187/6 210/1181/6
f 1383/1275/7 209/1182/7 1386/1280/7
f 1386/1280/8 180/1271/8 1383/1275/8
f 1388/1281/1 177/1276/1 1387/1282/1
f 1387/1282/2 176/1283/2 1388/1281/2
f 1389/1284/3 175/1285/3 1388/1281/3
f 1388/1281/4 206/1193/4 1389/1284/4
f 1390/1286/5 205/1194/5 1389/1284/5
f 1389/1284/6 208/1187/6 1390/1286/6
f 1387/1282/7 207/1186/7 1390/1286/7
f 1390/1286/8 178/1277/8 1387/1282/8
f 1391/1287/1 173/1288/1 175/1285/1
f 1391/1287/2 174/1289/2 1392/1290/2
f 1393/1291/3 173/1288/3 1392/1290/3
f 1392/1290/4 204/1199/4 1393/1291/4
f 1394/1292/5 203/1201/5 1393/1291/5
f 1393/1291/6 206/1193/6 1394/1292/6
f 1391/1287/7 205/1194/7 1394/1292/7
f 1394/1292/8 176/1283/8 1391/1287/8
f 1396/1293/1 173/1288/1 1395/1294/1
f 1396/1293/2 174/1289/2 172/1295/2
f 1397/1296/3 171/1297/3 1396/1293/3
f 1396/1293/4 202/1205/4 1397/1296/4
f 1398/1298/5 201/1207/5 1397/1296/5
f 1397/1296/6 204/1199/6 1398/1298/6
f 1395/1294/7 203/1201/7 1398/1298/7
f 1398/1298/8 174/1289/8 1395/1294/8
f 1400/1299/1 171/1297/1 1399/1300/1
f 1399/1300/2 170/1301/2 1400/1299/2
f 1401/1302/3 169/1303/3 1400/1299/3
f 1400/1299/4 200/1211/4 1401/1302/4
f 1402/1304/5 199/1212/5 1401/1302/5
f 1401/1302/6 202/1205/6 1402/1304/6
f 1399/1300/7 201/1207/7 1402/1304/7
f 1402/1304/8 172/1295/8 1399/1300/8
f 1404/1305/1 169/1303/1 1403/1306/1
f 1404/1305/2 170/1301/2 168/1307/2
f 1405/1308/3 167/1309/3 1404/1305/3
f 1404/1305/4 198/1217/4 1405/1308/4
f 1405/1308/5 199/1212/5 197/1218/5
f 1405/1308/6 200/1211/6 1406/1310/6
f 1403/1306/7 199/1212/7 1406/1310/7
f 1406/1310/8 170/1301/8 1403/1306/8
f 1408/1311/1 167/1309/1 1407/1312/1
f 1407/1312/2 166/1313/2 1408/1311/2
f 1409/1314/3 165/1315/3 1408/1311/3
f 1408/1311/4 196/1223/4 1409/1314/4
f 1410/1316/5 195/1224/5 1409/1314/5
f 1409/1314/6 198/1217/6 1410/1316/6
f 1407/1312/7 197/1218/7 1410/1316/7
f 1410/1316/8 168/1307/8 1407/1312/8
f 1412/1317/1 165/1315/1 1411/1318/1
f 1412/1317/2 166/1313/2 164/1319/2
f 1413/1320/3 163/1321/3 1412/1317/3
f 1412/1317/4 194/1229/4 1413/1320/4
f 1413/1320/5 195/1224/5 193/1231/5
f 1413/1320/6 196/1223/6 1414/1322/6
f 1411/1318/7 195/1224/7 1414/1322/7
f 1414/1322/8 166/1313/8 1411/1318/8
f 1416/1323/1 163/1321/1 1415/1324/1
f 1415/1324/2 162/1325/2 1416/1323/2
f 1417/1326/3 161/1327/3 1416/1323/3
f 1416/1323/4 192/1235/4 1417/1326/4
f 1418/1328/5 191/1236/5 1417/1326/5
f 1417/1326/6 194/1229/6 1418/1328/6
f 1415/1324/7 193/1231/7 1418/1328/7
f 1418/1328/8 164/1319/8 1415/1324/8
f 1420/1329/1 161/1327/1 1419/1330/1
f 1419/1330/2 160/31/2 1420/1329/2
f 1421/1331/3 159/32/3 1420/1329/3
f 1420/1329/4 190/39/4 1421/1331/4
f 1422/1332/5 189/40/5 1421/1331/5
f 1421/1331/6 192/1235/6 1422/1332/6
f 1419/1330/7 191/1236/7 1422/1332/7
f 1422/1332/8 162/1325/8 1419/1330/8
f 1424/1333/1 37/1334/1 1423/1335/1
f 1423/1335/2 158/1336/2 1424/1333/2
f 1425/1337/3 157/1338/3 1424/1333/3
f 1424/1333/4 188/1246/4 1425/1337/4
f 1426/1339/5 187/1248/5 1425/1337/5
f 1425/1337/6 36/1250/6 1426/1339/6
f 1423/1335/7 35/1244/7 1426/1339/7
f 1426/1339/8 38/1340/8 1423/1335/8
f 1428/1341/1 157/1338/1 1427/1342/1
f 1427/1342/2 156/1343/2 1428/1341/2
f 1429/1344/3 155/1345/3 1428/1341/3
f 1428/1341/4 186/1253/4 1429/1344/4
f 1430/1346/5 185/1255/5 1429/1344/5
f 1429/1344/6 188/1246/6 1430/1346/6
f 1427/1342/7 187/1248/7 1430/1346/7
f 1430/1346/8 158/1336/8 1427/1342/8
f 1432/1347/1 155/1345/1 1431/1348/1
f 1431/1348/2 154/1349/2 1432/1347/2
f 1433/1350/3 153/1351/3 1432/1347/3
f 1432/1347/4 184/1259/4 1433/1350/4
f 1434/1352/5 183/1261/5 1433/1350/5
f 1433/1350/6 186/1253/6 1434/1352/6
f 1431/1348/7 185/1255/7 1434/1352/7
f 1434/1352/8 156/1343/8 1431/1348/8
f 1435/1353/1 151/1354/1 153/1351/1
f 1435/1353/2 152/1355/2 1436/1356/2
f 1437/1357/3 151/1354/3 1436/1356/3
f 1436/1356/4 182/1265/4 1437/1357/4
f 1438/1358/5 181/1264/5 1437/1357/5
f 1437/1357/6 184/1259/6 1438/1358/6
f 1435/1353/7 183/1261/7 1438/1358/7
f 1438/1358/8 154/1349/8 1435/1353/8
f 1440/1359/1 151/1354/1 1439/1360/1
f 1439/1360/2 150/1361/2 1440/1359/2
f 1441/1362/3 149/1363/3 1440/1359/3
f 1440/1359/4 180/1271/4 1441/1362/4
f 1442/1364/5 179/1273/5 1441/1362/5
f 1441/1362/6 182/1265/6 1442/1364/6
f 1439/1360/7 181/1264/7 1442/1364/7
f 1442/1364/8 152/1355/8 1439/1360/8
f 1444/1365/1 149/1363/1 1443/1366/1
f 1443/1366/2 148/1367/2 1444/1365/2
f 1445/1368/3 147/1369/3 1444/1365/3
f 1444/1365/4 178/1277/4 1445/1368/4
f 1446/1370/5 177/1276/5 1445/1368/5
f 1445/1368/6 180/1271/6 1446/1370/6
f 1443/1366/7 179/1273/7 1446/1370/7
f 1446/1370/8 150/1361/8 1443/1366/8
f 1448/1371/1 147/1369/1 1447/1372/1
f 1447/1372/2 146/1373/2 1448/1371/2
f 1449/1374/3 145/1375/3 1448/1371/3
f 1448/1371/4 176/1283/4 1449/1374/4
f 1450/1376/5 175/1285/5 1449/1374/5
f 1449/1374/6 178/1277/6 1450/1376/6
f 1447/1372/7 177/1276/7 1450/1376/7
f 1450/1376/8 148/1367/8 1447/1372/8
f 1451/1377/1 143/1378/1 145/1375/1
f 1451/1377/2 144/1379/2 1452/1380/2
f 1453/1381/3 143/1378/3 1452/1380/3
f 1452/1380/4 174/1289/4 1453/1381/4
f 1454/1382/5 173/1288/5 1453/1381/5
f 1453/1381/6 176/1283/6 1454/1382/6
f 1451/1377/7 175/1285/7 1454/1382/7
f 1454/1382/8 146/1373/8 1451/1377/8
f 1456/1383/1 143/1378/1 1455/1384/1
f 1456/1383/2 144/1379/2 142/1385/2
f 1457/1386/3 141/1387/3 1456/1383/3
f 1456/1383/4 172/1295/4 1457/1386/4
f 1458/1388/5 171/1297/5 1457/1386/5
f 1457/1386/6 174/1289/6 1458/1388/6
f 1455/1384/7 173/1288/7 1458/1388/7
f 1458/1388/8 144/1379/8 1455/1384/8
f 1460/1389/1 141/1387/1 1459/1390/1
f 1459/1390/2 140/1391/2 1460/1389/2
f 1461/1392/3 139/1393/3 1460/1389/3
f 1460/1389/4 170/1301/4 1461/1392/4
f 1462/1394/5 169/1303/5 1461/1392/5
f 1461/1392/6 172/1295/6 1462/1394/6
f 1459/1390/7 171/1297/7 1462/1394/7
f 1462/1394/8 142/1385/8 1459/1390/8
f 1464/1395/1 139/1393/1 1463/1396/1
f 1463/1396/2 138/1397/2 1464/1395/2
f 1465/1398/3 137/1399/3 1464/1395/3
f 1464/1395/4 168/1307/4 1465/1398/4
f 1466/1400/5 167/1309/5 1465/1398/5
f 1465/1398/6 170/1301/6 1466/1400/6
f 1463/1396/7 169/1303/7 1466/1400/7
f 1466/1400/8 140/1391/8 1463/1396/8
f 1468/1401/1 137/1399/1 1467/1402/1
f 1467/1402/2 136/1403/2 1468/1401/2
f 1469/1404/3 135/1405/3 1468/1401/3
f 1468/1401/4 166/1313/4 1469/1404/4
f 1470/1406/5 165/1315/5 1469/1404/5
f 1469/1404/6 168/1307/6 1470/1406/6
f 1467/1402/7 167/1309/7 1470/1406/7
f 1470/1406/8 138/1397/8 1467/1402/8
f 1472/1407/1 135/1405/1 1471/1408/1
f 1472/1407/2 136/1403/2 134/1409/2
f 1473/1410/3 133/1411/3 1472/1407/3
f 1472/1407/4 164/1319/4 1473/1410/4
f 1474/1412/5 163/1321/5 1473/1410/5
f 1473/1410/6 166/1313/6 1474/1412/6
f 1471/1408/7 165/1315/7 1474/1412/7
f 1474/1412/8 136/1403/8 1471/1408/8
f 1476/1413/1 133/1411/1 1475/1414/1
f 1475/1414/2 132/1415/2 1476/1413/2
f 1477/1416/3 131/1417/3 1476/1413/3
f 1476/1413/4 162/1325/4 1477/1416/4
f 1478/1418/5 161/1327/5 1477/1416/5
f 1477/1416/6 164/1319/6 1478/1418/6
f 1475/1414/7 163/1321/7 1478/1418/7
f 1478/1418/8 134/1409/8 1475/1414/8
f 1480/1419/1 131/1417/1 1479/1420/1
f 1479/1420/2 130/22/2 1480/1419/2
f 1481/1421/3 129/23/3 1480/1419/3
f 1480/1419/4 160/31/4 1481/1421/4
f 1482/1422/5 159/32/5 1481/1421/5
f 1481/1421/6 162/1325/6 1482/1422/6
f 1479/1420/7 161/1327/7 1482/1422/7
f 1482/1422/8 132/1415/8 1479/1420/8
f 1484/1423/1 1/1424/1 1483/1425/1
f 1483/1425/2 70/1426/2 1484/1423/2
f 1485/1427/3 69/1428/3 1484/1423/3
f 1484/1423/4 158/1336/4 1485/1427/4
f 1486/1429/5 157/1338/5 1485/1427/5
f 1485/1427/6 38/1340/6 1486/1429/6
f 1483/1425/7 37/1334/7 1486/1429/7
f 1486/1429/8 2/1430/8 1483/1425/8
f 1488/1431/1 69/1428/1 1487/1432/1
f 1487/1432/2 72/1433/2 1488/1431/2
f 1489/1434/3 71/1435/3 1488/1431/3
f 1488/1431/4 156/1343/4 1489/1434/4
f 1490/1436/5 155/1345/5 1489/1434/5
f 1489/1434/6 158/1336/6 1490/1436/6
f 1487/1432/7 157/1338/7 1490/1436/7
f 1490/1436/8 70/1426/8 1487/1432/8
f 1492/1437/1 71/1435/1 1491/1438/1
f 1491/1438/2 74/1439/2 1492/1437/2
f 1493/1440/3 73/1441/3 1492/1437/3
f 1492/1437/4 154/1349/4 1493/1440/4
f 1494/1442/5 153/1351/5 1493/1440/5
f 1493/1440/6 156/1343/6 1494/1442/6
f 1491/1438/7 155/1345/7 1494/1442/7
f 1494/1442/8 72/1433/8 1491/1438/8
f 1496/1443/1 73/1441/1 1495/1444/1
f 1495/1444/2 76/1445/2 1496/1443/2
f 1497/1446/3 75/1447/3 1496/1443/3
f 1496/1443/4 152/1355/4 1497/1446/4
f 1498/1448/5 151/1354/5 1497/1446/5
f 1497/1446/6 154/1349/6 1498/1448/6
f 1495/1444/7 153/1351/7 1498/1448/7
f 1498/1448/8 74/1439/8 1495/1444/8
f 1500/1449/1 75/1447/1 1499/1450/1
f 1499/1450/2 78/1451/2 1500/1449/2
f 1501/1452/3 77/1453/3 1500/1449/3
f 1500/1449/4 150/1361/4 1501/1452/4
f 1502/1454/5 149/1363/5 1501/1452/5
f 1501/1452/6 152/1355/6 1502/1454/6
f 1499/1450/7 151/1354/7 1502/1454/7
f 1502/1454/8 76/1445/8 1499/1450/8
f 1504/1455/1 77/1453/1 1503/1456/1
f 1503/1456/2 80/1457/2 1504/1455/2
f 1505/1458/3 79/1459/3 1504/1455/3
f 1504/1455/4 148/1367/4 1505/1458/4
f 1506/1460/5 147/1369/5 1505/1458/5
f 1506/1460/6 148/1367/6 150/1361/6
f 1503/1456/7 149/1363/7 1506/1460/7
f 1506/1460/8 78/1451/8 1503/1456/8
f 1508/1461/1 79/1459/1 1507/1462/1
f 1507/1462/2 82/1463/2 1508/1461/2
f 1509/1464/3 81/1465/3 1508/1461/3
f 1508/1461/4 146/1373/4 1509/1464/4
f 1510/1466/5 145/1375/5 1509/1464/5
f 1509/1464/6 148/1367/6 1510/1466/6
f 1507/1462/7 147/1369/7 1510/1466/7
f 1510/1466/8 80/1457/8 1507/1462/8
f 1512/1467/1 81/1465/1 1511/1468/1
f 1511/1468/2 84/1469/2 1512/1467/2
f 1513/1470/3 83/1471/3 1512/1467/3
f 1512/1467/4 144/1379/4 1513/1470/4
f 1514/1472/5 143/1378/5 1513/1470/5
f 1513/1470/6 146/1373/6 1514/1472/6
f 1511/1468/7 145/1375/7 1514/1472/7
f 1514/1472/8 82/1463/8 1511/1468/8
f 1516/1473/1 83/1471/1 1515/1474/1
f 1515/1474/2 86/1475/2 1516/1473/2
f 1517/1476/3 85/1477/3 1516/1473/3
f 1516/1473/4 142/1385/4 1517/1476/4
f 1518/1478/5 141/1387/5 1517/1476/5
f 1517/1476/6 144/1379/6 1518/1478/6
f 1515/1474/7 143/1378/7 1518/1478/7
f 1518/1478/8 84/1469/8 1515/1474/8
f 1520/1479/1 85/1477/1 1519/1480/1
f 1519/1480/2 88/1481/2 1520/1479/2
f 1521/1482/3 87/1483/3 1520/1479/3
f 1520/1479/4 140/1391/4 1521/1482/4
f 1522/1484/5 139/1393/5 1521/1482/5
f 1521/1482/6 142/1385/6 1522/1484/6
f 1519/1480/7 141/1387/7 1522/1484/7
f 1522/1484/8 86/1475/8 1519/1480/8
f 1524/1485/1 87/1483/1 1523/1486/1
f 1523/1486/2 90/1487/2 1524/1485/2
f 1525/1488/3 89/1489/3 1524/1485/3
f 1524/1485/4 138/1397/4 1525/1488/4
f 1525/1488/5 139/1393/5 137/1399/5
f 1525/1488/6 140/1391/6 1526/1490/6
f 1523/1486/7 139/1393/7 1526/1490/7
f 1526/1490/8 88/1481/8 1523/1486/8
f 1528/1491/1 89/1489/1 1527/1492/1
f 1527/1492/2 92/1493/2 1528/1491/2
f 1529/1494/3 91/1495/3 1528/1491/3
f 1528/1491/4 136/1403/4 1529/1494/4
f 1530/1496/5 135/1405/5 1529/1494/5
f 1529/1494/6 138/1397/6 1530/1496/6
f 1527/1492/7 137/1399/7 1530/1496/7
f 1530/1496/8 90/1487/8 1527/1492/8
f 1532/1497/1 91/1495/1 1531/1498/1
f 1531/1498/2 94/1499/2 1532/1497/2
f 1533/1500/3 93/1501/3 1532/1497/3
f 1532/1497/4 134/1409/4 1533/1500/4
f 1534/1502/5 133/1411/5 1533/1500/5
f 1533/1500/6 136/1403/6 1534/1502/6
f 1531/1498/7 135/1405/7 1534/1502/7
f 1534/1502/8 92/1493/8 1531/1498/8
f 1536/1503/1 93/1501/1 1535/1504/1
f 1535/1504/2 96/1505/2 1536/1503/2
f 1537/1506/3 95/1507/3 1536/1503/3
f 1536/1503/4 132/1415/4 1537/1506/4
f 1538/1508/5 131/1417/5 1537/1506/5
f 1537/1506/6 134/1409/6 1538/1508/6
f 1535/1504/7 133/1411/7 1538/1508/7
f 1538/1508/8 94/1499/8 1535/1504/8
f 1540/1509/1 95/1507/1 1539/1510/1
f 1539/1510/2 98/24/2 1540/1509/2
f 1541/1511/3 97/14/3 1540/1509/3
f 1540/1509/4 130/22/4 1541/1511/4
f 1542/1512/5 129/23/5 1541/1511/5
f 1541/1511/6 132/1415/6 1542/1512/6
f 1539/1510/7 131/1417/7 1542/1512/7
f 1542/1512/8 96/1505/8 1539/1510/8
f 1544/1513/1 9/143/1 1543/1514/1
f 1543/1514/2 578/139/2 1544/1513/2
f 1545/1515/3 577/141/3 1544/1513/3
f 1544/1513/4 128/1516/4 1545/1515/4
f 1546/1517/5 127/1518/5 1545/1515/5
f 1545/1515/6 6/1519/6 1546/1517/6
f 1543/1514/7 5/1520/7 1546/1517/7
f 1546/1517/8 10/142/8 1543/1514/8
f 1548/1521/1 577/141/1 1547/1522/1
f 1547/1522/2 576/150/2 1548/1521/2
f 1549/1523/3 575/152/3 1548/1521/3
f 1548/1521/4 126/1524/4 1549/1523/4
f 1550/1525/5 125/1526/5 1549/1523/5
f 1549/1523/6 128/1516/6 1550/1525/6
f 1547/1522/7 127/1518/7 1550/1525/7
f 1550/1525/8 578/139/8 1547/1522/8
f 1552/1527/1 575/152/1 1551/1528/1
f 1551/1528/2 574/158/2 1552/1527/2
f 1553/1529/3 573/160/3 1552/1527/3
f 1552/1527/4 124/1530/4 1553/1529/4
f 1554/1531/5 123/1532/5 1553/1529/5
f 1553/1529/6 126/1524/6 1554/1531/6
f 1551/1528/7 125/1526/7 1554/1531/7
f 1554/1531/8 576/150/8 1551/1528/8
f 1556/1533/1 573/160/1 1555/1534/1
f 1555/1534/2 572/166/2 1556/1533/2
f 1557/1535/3 571/168/3 1556/1533/3
f 1556/1533/4 122/1536/4 1557/1535/4
f 1558/1537/5 121/1538/5 1557/1535/5
f 1557/1535/6 124/1530/6 1558/1537/6
f 1555/1534/7 123/1532/7 1558/1537/7
f 1558/1537/8 574/158/8 1555/1534/8
f 1560/1539/1 571/168/1 1559/1540/1
f 1559/1540/2 570/174/2 1560/1539/2
f 1561/1541/3 569/176/3 1560/1539/3
f 1560/1539/4 120/1542/4 1561/1541/4
f 1562/1543/5 119/1544/5 1561/1541/5
f 1561/1541/6 122/1536/6 1562/1543/6
f 1559/1540/7 121/1538/7 1562/1543/7
f 1562/1543/8 572/166/8 1559/1540/8
f 1563/1545/1 567/184/1 569/176/1
f 1563/1545/2 568/182/2 1564/1546/2
f 1565/1547/3 567/184/3 1564/1546/3
f 1564/1546/4 118/1548/4 1565/1547/4
f 1566/1549/5 117/1550/5 1565/1547/5
f 1565/1547/6 120/1542/6 1566/1549/6
f 1563/1545/7 119/1544/7 1566/1549/7
f 1566/1549/8 570/174/8 1563/1545/8
f 1568/1551/1 567/184/1 1567/1552/1
f 1567/1552/2 566/190/2 1568/1551/2
f 1569/1553/3 565/192/3 1568/1551/3
f 1568/1551/4 116/1554/4 1569/1553/4
f 1570/1555/5 115/1556/5 1569/1553/5
f 1569/1553/6 118/1548/6 1570/1555/6
f 1567/1552/7 117/1550/7 1570/1555/7
f 1570/1555/8 568/182/8 1567/1552/8
f 1572/1557/1 565/192/1 1571/1558/1
f 1571/1558/2 564/198/2 1572/1557/2
f 1573/1559/3 563/200/3 1572/1557/3
f 1572/1557/4 114/1560/4 1573/1559/4
f 1574/1561/5 113/1562/5 1573/1559/5
f 1573/1559/6 116/1554/6 1574/1561/6
f 1571/1558/7 115/1556/7 1574/1561/7
f 1574/1561/8 566/190/8 1571/1558/8
f 1576/1563/1 563/200/1 1575/1564/1
f 1575/1564/2 562/206/2 1576/1563/2
f 1577/1565/3 561/207/3 1576/1563/3
f 1576/1563/4 112/1566/4 1577/1565/4
f 1578/1567/5 111/1568/5 1577/1565/5
f 1577/1565/6 114/1560/6 1578/1567/6
f 1575/1564/7 113/1562/7 1578/1567/7
f 1578/1567/8 564/198/8 1575/1564/8
f 1580/1569/1 561/207/1 1579/1570/1
f 1579/1570/2 560/214/2 1580/1569/2
f 1581/1571/3 559/216/3 1580/1569/3
f 1580/1569/4 110/1572/4 1581/1571/4
f 1582/1573/5 109/1574/5 1581/1571/5
f 1581/1571/6 112/1566/6 1582/1573/6
f 1579/1570/7 111/1568/7 1582/1573/7
f 1582/1573/8 562/206/8 1579/1570/8
f 1584/1575/1 559/216/1 1583/1576/1
f 1584/1575/2 560/214/2 558/222/2
f 1585/1577/3 557/224/3 1584/1575/3
f 1584/1575/4 108/1578/4 1585/1577/4
f 1586/1579/5 107/1580/5 1585/1577/5
f 1585/1577/6 110/1572/6 1586/1579/6
f 1583/1576/7 109/1574/7 1586/1579/7
f 1586/1579/8 560/214/8 1583/1576/8
f 1588/1581/1 557/224/1 1587/1582/1
f 1587/1582/2 556/230/2 1588/1581/2
f 1589/1583/3 555/232/3 1588/1581/3
f 1588/1581/4 106/1584/4 1589/1583/4
f 1590/1585/5 105/1586/5 1589/1583/5
f 1589/1583/6 108/1578/6 1590/1585/6
f 1587/1582/7 107/1580/7 1590/1585/7
f 1590/1585/8 558/222/8 1587/1582/8
f 1592/1587/1 555/232/1 1591/1588/1
f 1591/1588/2 554/238/2 1592/1587/2
f 1593/1589/3 553/239/3 1592/1587/3
f 1592/1587/4 104/1590/4 1593/1589/4
f 1594/1591/5 103/1592/5 1593/1589/5
f 1593/1589/6 106/1584/6 1594/1591/6
f 1591/1588/7 105/1586/7 1594/1591/7
f 1594/1591/8 556/230/8 1591/1588/8
f 1596/1593/1 553/239/1 1595/1594/1
f 1595/1594/2 552/246/2 1596/1593/2
f 1597/1595/3 551/248/3 1596/1593/3
f 1596/1593/4 102/1596/4 1597/1595/4
f 1598/1597/5 101/1598/5 1597/1595/5
f 1597/1595/6 104/1590/6 1598/1597/6
f 1595/1594/7 103/1592/7 1598/1597/7
f 1598/1597/8 554/238/8 1595/1594/8
f 1600/1599/1 551/248/1 1599/1600/1
f 1599/1600/2 550/12/2 1600/1599/2
f 1601/1601/3 549/2/3 1600/1599/3
f 1600/1599/4 100/10/4 1601/1601/4
f 1602/1602/5 99/11/5 1601/1601/5
f 1601/1601/6 102/1596/6 1602/1602/6
f 1599/1600/7 101/1598/7 1602/1602/7
f 1602/1602/8 552/246/8 1599/1600/8
f 580/1/1 67/6/1 549/2/1
f 579/3/2 550/12/2 68/4/2
f 581/5/3 7/9/3 67/6/3
f 580/1/4 68/4/4 8/7/4
f 582/8/5 99/11/5 7/9/5
f 581/5/6 8/7/6 100/10/6
f 579/3/7 549/2/7 99/11/7
f 582/8/8 100/10/8 550/12/8
f 584/13/1 3/18/1 97/14/1
f 583/15/2 98/24/2 4/16/2
f 585/17/3 39/21/3 3/18/3
f 584/13/4 4/16/4 40/19/4
f 586/20/5 129/23/5 39/21/5
f 585/17/6 40/19/6 130/22/6
f 583/15/7 97/14/7 129/23/7
f 586/20/8 130/22/8 98/24/8
f 588/25/1 39/21/1 129/23/1
f 587/26/2 130/22/2 40/19/2
f 589/27/3 41/30/3 39/21/3
f 588/25/4 40/19/4 42/28/4
f 590/29/5 159/32/5 41/30/5
f 589/27/6 42/28/6 160/31/6
f 587/26/7 129/23/7 159/32/7
f 590/29/8 160/31/8 130/22/8
f 592/33/1 41/30/1 159/32/1
f 591/34/2 160/31/2 42/28/2
f 593/35/3 43/38/3 41/30/3
f 592/33/4 42/28/4 44/36/4
f 594/37/5 189/40/5 43/38/5
f 593/35/6 44/36/6 190/39/6
f 591/34/7 159/32/7 189/40/7
f 594/37/8 190/39/8 160/31/8
f 596/41/1 43/38/1 189/40/1
f 595/42/2 190/39/2 44/36/2
f 597/43/3 45/46/3 43/38/3
f 596/41/4 44/36/4 46/44/4
f 598/45/5 219/48/5 45/46/5
f 597/43/6 46/44/6 220/47/6
f 595/42/7 189/40/7 219/48/7
f 598/45/8 220/47/8 190/39/8
f 600/49/1 45/46/1 219/48/1
f 599/50/2 220/47/2 46/44/2
f 601/51/3 47/54/3 45/46/3
f 600/49/4 46/44/4 48/52/4
f 602/53/5 249/56/5 47/54/5
f 601/51/6 48/52/6 250/55/6
f 599/50/7 219/48/7 249/56/7
f 602/53/8 250/55/8 220/47/8
f 604/57/1 47/54/1 249/56/1
f 603/58/2 250/55/2 48/52/2
f 605/59/3 49/62/3 47/54/3
f 604/57/4 48/52/4 50/60/4
f 606/61/5 279/64/5 49/62/5
f 605/59/6 50/60/6 280/63/6
f 603/58/7 249/56/7 279/64/7
f 603/58/8 606/61/8 280/63/8
f 608/65/1 49/62/1 279/64/1
f 607/66/2 280/63/2 50/60/2
f 609/67/3 51/70/3 49/62/3
f 608/65/4 50/60/4 52/68/4
f 610/69/5 309/72/5 51/70/5
f 609/67/6 52/68/6 310/71/6
f 607/66/7 279/64/7 309/72/7
f 610/69/8 310/71/8 280/63/8
f 612/73/1 51/70/1 309/72/1
f 611/74/2 310/71/2 52/68/2
f 613/75/3 53/78/3 51/70/3
f 612/73/4 52/68/4 54/76/4
f 614/77/5 339/80/5 53/78/5
f 613/75/6 54/76/6 340/79/6
f 611/74/7 309/72/7 339/80/7
f 614/77/8 340/79/8 310/71/8
f 616/81/1 53/78/1 339/80/1
f 615/82/2 340/79/2 54/76/2
f 617/83/3 55/86/3 53/78/3
f 616/81/4 54/76/4 56/84/4
f 618/85/5 369/88/5 55/86/5
f 617/83/6 56/84/6 370/87/6
f 615/82/7 339/80/7 369/88/7
f 618/85/8 370/87/8 340/79/8
f 620/89/1 55/86/1 369/88/1
f 619/90/2 370/87/2 56/84/2
f 621/91/3 57/94/3 55/86/3
f 620/89/4 56/84/4 58/92/4
f 622/93/5 399/96/5 57/94/5
f 621/91/6 58/92/6 400/95/6
f 619/90/7 369/88/7 399/96/7
f 622/93/8 400/95/8 370/87/8
f 624/97/1 57/94/1 399/96/1
f 623/98/2 400/95/2 58/92/2
f 625/99/3 59/102/3 57/94/3
f 624/97/4 58/92/4 60/100/4
f 626/101/5 429/104/5 59/102/5
f 625/99/6 60/100/6 430/103/6
f 626/101/7 623/98/7 399/96/7
f 626/101/8 430/103/8 400/95/8
f 628/105/1 59/102/1 429/104/1
f 627/106/2 430/103/2 60/100/2
f 629/107/3 61/110/3 59/102/3
f 628/105/4 60/100/4 62/108/4
f 630/109/5 459/112/5 61/110/5
f 629/107/6 62/108/6 460/111/6
f 627/106/7 429/104/7 459/112/7
f 630/109/8 460/111/8 430/103/8
f 632/113/1 61/110/1 459/112/1
f 631/114/2 460/111/2 62/108/2
f 633/115/3 63/118/3 61/110/3
f 632/113/4 62/108/4 64/116/4
f 634/117/5 489/120/5 63/118/5
f 633/115/6 64/116/6 490/119/6
f 631/114/7 459/112/7 489/120/7
f 634/117/8 490/119/8 460/111/8
f 636/121/1 63/118/1 489/120/1
f 635/122/2 490/119/2 64/116/2
f 637/123/3 65/126/3 63/118/3
f 636/121/4 64/116/4 66/124/4
f 638/125/5 519/128/5 65/126/5
f 637/123/6 66/124/6 520/127/6
f 635/122/7 489/120/7 519/128/7
f 638/125/8 520/127/8 490/119/8
f 640/129/1 65/126/1 519/128/1
f 639/130/2 520/127/2 66/124/2
f 641/131/3 67/6/3 65/126/3
f 640/129/4 66/124/4 68/4/4
f 642/132/5 549/2/5 67/6/5
f 641/131/6 68/4/6 550/12/6
f 639/130/7 519/128/7 549/2/7
f 642/132/8 550/12/8 520/127/8
f 644/133/1 547/138/1 11/134/1
f 643/135/2 12/144/2 548/136/2
f 645/137/3 577/141/3 547/138/3
f 644/133/4 548/136/4 578/139/4
f 646/140/5 9/143/5 577/141/5
f 645/137/6 578/139/6 10/142/6
f 643/135/7 11/134/7 9/143/7
f 646/140/8 10/142/8 12/144/8
f 648/145/1 545/149/1 547/138/1
f 647/146/2 548/136/2 546/147/2
f 649/148/3 575/152/3 545/149/3
f 648/145/4 546/147/4 576/150/4
f 650/151/5 577/141/5 575/152/5
f 649/148/6 576/150/6 578/139/6
f 647/146/7 547/138/7 577/141/7
f 650/151/8 578/139/8 548/136/8
f 652/153/1 543/157/1 545/149/1
f 651/154/2 546/147/2 544/155/2
f 653/156/3 573/160/3 543/157/3
f 652/153/4 544/155/4 574/158/4
f 654/159/5 575/152/5 573/160/5
f 653/156/6 574/158/6 576/150/6
f 651/154/7 545/149/7 575/152/7
f 654/159/8 576/150/8 546/147/8
f 656/161/1 541/165/1 543/157/1
f 655/162/2 544/155/2 542/163/2
f 657/164/3 571/168/3 541/165/3
f 656/161/4 542/163/4 572/166/4
f 658/167/5 573/160/5 571/168/5
f 658/167/6 657/164/6 572/166/6
f 655/162/7 543/157/7 573/160/7
f 658/167/8 574/158/8 544/155/8
f 660/169/1 539/173/1 541/165/1
f 659/170/2 542/163/2 540/171/2
f 661/172/3 569/176/3 539/173/3
f 660/169/4 540/171/4 570/174/4
f 662/175/5 571/168/5 569/176/5
f 661/172/6 570/174/6 572/166/6
f 659/170/7 541/165/7 571/168/7
f 662/175/8 572/166/8 542/163/8
f 664/177/1 537/181/1 539/173/1
f 663/178/2 540/171/2 538/179/2
f 665/180/3 567/184/3 537/181/3
f 664/177/4 538/179/4 568/182/4
f 666/183/5 569/176/5 567/184/5
f 665/180/6 568/182/6 570/174/6
f 663/178/7 539/173/7 569/176/7
f 666/183/8 570/174/8 540/171/8
f 668/185/1 535/189/1 537/181/1
f 667/186/2 538/179/2 536/187/2
f 669/188/3 565/192/3 535/189/3
f 668/185/4 536/187/4 566/190/4
f 670/191/5 567/184/5 565/192/5
f 669/188/6 566/190/6 568/182/6
f 667/186/7 537/181/7 567/184/7
f 670/191/8 568/182/8 538/179/8
f 672/193/1 533/197/1 535/189/1
f 671/194/2 536/187/2 534/195/2
f 673/196/3 563/200/3 533/197/3
f 672/193/4 534/195/4 564/198/4
f 674/199/5 565/192/5 563/200/5
f 674/199/6 673/196/6 564/198/6
f 671/194/7 535/189/7 565/192/7
f 674/199/8 566/190/8 536/187/8
f 676/201/1 531/205/1 533/197/1
f 675/202/2 534/195/2 532/203/2
f 677/204/3 561/207/3 531/205/3
f 676/201/4 532/203/4 562/206/4
f 677/204/5 678/208/5 563/200/5
f 677/204/6 562/206/6 564/198/6
f 675/202/7 533/197/7 563/200/7
f 678/208/8 564/198/8 534/195/8
f 680/209/1 529/213/1 531/205/1
f 679/210/2 532/203/2 530/211/2
f 681/212/3 559/216/3 529/213/3
f 680/209/4 530/211/4 560/214/4
f 682/215/5 561/207/5 559/216/5
f 681/212/6 560/214/6 562/206/6
f 679/210/7 531/205/7 561/207/7
f 682/215/8 562/206/8 532/203/8
f 684/217/1 527/221/1 529/213/1
f 683/218/2 530/211/2 528/219/2
f 685/220/3 557/224/3 527/221/3
f 684/217/4 528/219/4 558/222/4
f 686/223/5 559/216/5 557/224/5
f 685/220/6 558/222/6 560/214/6
f 683/218/7 529/213/7 559/216/7
f 686/223/8 560/214/8 530/211/8
f 688/225/1 525/229/1 527/221/1
f 687/226/2 528/219/2 526/227/2
f 689/228/3 555/232/3 525/229/3
f 688/225/4 526/227/4 556/230/4
f 690/231/5 557/224/5 555/232/5
f 689/228/6 556/230/6 558/222/6
f 687/226/7 527/221/7 557/224/7
f 690/231/8 558/222/8 528/219/8
f 692/233/1 523/237/1 525/229/1
f 691/234/2 526/227/2 524/235/2
f 693/236/3 553/239/3 523/237/3
f 692/233/4 524/235/4 554/238/4
f 693/236/5 694/240/5 555/232/5
f 693/236/6 554/238/6 556/230/6
f 691/234/7 525/229/7 555/232/7
f 694/240/8 556/230/8 526/227/8
f 696/241/1 521/245/1 523/237/1
f 695/242/2 524/235/2 522/243/2
f 697/244/3 551/248/3 521/245/3
f 696/241/4 522/243/4 552/246/4
f 698/247/5 553/239/5 551/248/5
f 697/244/6 552/246/6 554/238/6
f 695/242/7 523/237/7 553/239/7
f 698/247/8 554/238/8 524/235/8
f 700/249/1 519/128/1 521/245/1
f 699/250/2 522/243/2 520/127/2
f 701/251/3 549/2/3 519/128/3
f 700/249/4 520/127/4 550/12/4
f 702/252/5 551/248/5 549/2/5
f 701/251/6 550/12/6 552/246/6
f 699/250/7 521/245/7 551/248/7
f 702/252/8 552/246/8 522/243/8
f 704/253/1 517/258/1 13/254/1
f 703/255/2 14/260/2 518/256/2
f 705/257/3 547/138/3 517/258/3
f 704/253/4 518/256/4 548/136/4
f 706/259/5 11/134/5 547/138/5
f 705/257/6 548/136/6 12/144/6
f 703/255/7 13/254/7 11/134/7
f 706/259/8 12/144/8 14/260/8
f 708/261/1 515/265/1 517/258/1
f 707/262/2 518/256/2 516/263/2
f 709/264/3 545/149/3 515/265/3
f 708/261/4 516/263/4 546/147/4
f 710/266/5 547/138/5 545/149/5
f 709/264/6 546/147/6 548/136/6
f 707/262/7 517/258/7 547/138/7
f 710/266/8 548/136/8 518/256/8
f 712/267/1 513/271/1 515/265/1
f 711/268/2 516/263/2 514/269/2
f 713/270/3 543/157/3 513/271/3
f 712/267/4 514/269/4 544/155/4
f 714/272/5 545/149/5 543/157/5
f 713/270/6 544/155/6 546/147/6
f 711/268/7 515/265/7 545/149/7
f 714/272/8 546/147/8 516/263/8
f 715/273/1 716/276/1 511/274/1
f 715/273/2 514/269/2 512/275/2
f 717/277/3 541/165/3 511/274/3
f 716/276/4 512/275/4 542/163/4
f 718/278/5 543/157/5 541/165/5
f 718/278/6 717/277/6 542/163/6
f 715/273/7 513/271/7 543/157/7
f 718/278/8 544/155/8 514/269/8
f 720/279/1 509/283/1 511/274/1
f 719/280/2 512/275/2 510/281/2
f 721/282/3 539/173/3 509/283/3
f 720/279/4 510/281/4 540/171/4
f 722/284/5 541/165/5 539/173/5
f 721/282/6 540/171/6 542/163/6
f 719/280/7 511/274/7 541/165/7
f 722/284/8 542/163/8 512/275/8
f 723/285/1 724/288/1 507/286/1
f 723/285/2 510/281/2 508/287/2
f 725/289/3 537/181/3 507/286/3
f 724/288/4 508/287/4 538/179/4
f 726/290/5 539/173/5 537/181/5
f 726/290/6 725/289/6 538/179/6
f 723/285/7 509/283/7 539/173/7
f 726/290/8 540/171/8 510/281/8
f 728/291/1 505/295/1 507/286/1
f 727/292/2 508/287/2 506/293/2
f 729/294/3 535/189/3 505/295/3
f 728/291/4 506/293/4 536/187/4
f 730/296/5 537/181/5 535/189/5
f 729/294/6 536/187/6 538/179/6
f 727/292/7 507/286/7 537/181/7
f 730/296/8 538/179/8 508/287/8
f 732/297/1 503/301/1 505/295/1
f 731/298/2 506/293/2 504/299/2
f 733/300/3 533/197/3 503/301/3
f 732/297/4 504/299/4 534/195/4
f 734/302/5 535/189/5 533/197/5
f 734/302/6 733/300/6 534/195/6
f 731/298/7 505/295/7 535/189/7
f 734/302/8 536/187/8 506/293/8
f 736/303/1 501/307/1 503/301/1
f 735/304/2 504/299/2 502/305/2
f 737/306/3 531/205/3 501/307/3
f 736/303/4 502/305/4 532/203/4
f 737/306/5 738/308/5 533/197/5
f 737/306/6 532/203/6 534/195/6
f 735/304/7 503/301/7 533/197/7
f 738/308/8 534/195/8 504/299/8
f 740/309/1 499/313/1 501/307/1
f 739/310/2 502/305/2 500/311/2
f 741/312/3 529/213/3 499/313/3
f 740/309/4 500/311/4 530/211/4
f 742/314/5 531/205/5 529/213/5
f 741/312/6 530/211/6 532/203/6
f 739/310/7 501/307/7 531/205/7
f 742/314/8 532/203/8 502/305/8
f 744/315/1 497/319/1 499/313/1
f 744/315/2 743/316/2 500/311/2
f 745/318/3 527/221/3 497/319/3
f 744/315/4 498/317/4 528/219/4
f 745/318/5 746/320/5 529/213/5
f 745/318/6 528/219/6 530/211/6
f 743/316/7 499/313/7 529/213/7
f 746/320/8 530/211/8 500/311/8
f 748/321/1 495/325/1 497/319/1
f 747/322/2 498/317/2 496/323/2
f 749/324/3 525/229/3 495/325/3
f 748/321/4 496/323/4 526/227/4
f 750/326/5 527/221/5 525/229/5
f 749/324/6 526/227/6 528/219/6
f 747/322/7 497/319/7 527/221/7
f 750/326/8 528/219/8 498/317/8
f 752/327/1 493/331/1 495/325/1
f 752/327/2 751/328/2 496/323/2
f 753/330/3 523/237/3 493/331/3
f 752/327/4 494/329/4 524/235/4
f 753/330/5 754/332/5 525/229/5
f 753/330/6 524/235/6 526/227/6
f 751/328/7 495/325/7 525/229/7
f 754/332/8 526/227/8 496/323/8
f 756/333/1 491/337/1 493/331/1
f 755/334/2 494/329/2 492/335/2
f 757/336/3 521/245/3 491/337/3
f 756/333/4 492/335/4 522/243/4
f 758/338/5 523/237/5 521/245/5
f 757/336/6 522/243/6 524/235/6
f 755/334/7 493/331/7 523/237/7
f 758/338/8 524/235/8 494/329/8
f 760/339/1 489/120/1 491/337/1
f 759/340/2 492/335/2 490/119/2
f 761/341/3 519/128/3 489/120/3
f 760/339/4 490/119/4 520/127/4
f 762/342/5 521/245/5 519/128/5
f 761/341/6 520/127/6 522/243/6
f 759/340/7 491/337/7 521/245/7
f 762/342/8 522/243/8 492/335/8
f 764/343/1 487/348/1 15/344/1
f 763/345/2 16/350/2 488/346/2
f 765/347/3 517/258/3 487/348/3
f 764/343/4 488/346/4 518/256/4
f 766/349/5 13/254/5 517/258/5
f 765/347/6 518/256/6 14/260/6
f 763/345/7 15/344/7 13/254/7
f 766/349/8 14/260/8 16/350/8
f 768/351/1 485/355/1 487/348/1
f 767/352/2 488/346/2 486/353/2
f 769/354/3 515/265/3 485/355/3
f 768/351/4 486/353/4 516/263/4
f 770/356/5 517/258/5 515/265/5
f 769/354/6 516/263/6 518/256/6
f 770/356/7 767/352/7 487/348/7
f 770/356/8 518/256/8 488/346/8
f 772/357/1 483/361/1 485/355/1
f 771/358/2 486/353/2 484/359/2
f 773/360/3 513/271/3 483/361/3
f 773/360/4 772/357/4 484/359/4
f 774/362/5 515/265/5 513/271/5
f 773/360/6 514/269/6 516/263/6
f 774/362/7 771/358/7 485/355/7
f 774/362/8 516/263/8 486/353/8
f 775/363/1 776/366/1 481/364/1
f 775/363/2 484/359/2 482/365/2
f 777/367/3 511/274/3 481/364/3
f 777/367/4 776/366/4 482/365/4
f 778/368/5 513/271/5 511/274/5
f 777/367/6 512/275/6 514/269/6
f 775/363/7 483/361/7 513/271/7
f 778/368/8 514/269/8 484/359/8
f 780/369/1 479/373/1 481/364/1
f 779/370/2 482/365/2 480/371/2
f 781/372/3 509/283/3 479/373/3
f 781/372/4 780/369/4 480/371/4
f 782/374/5 511/274/5 509/283/5
f 781/372/6 510/281/6 512/275/6
f 782/374/7 779/370/7 481/364/7
f 782/374/8 512/275/8 482/365/8
f 783/375/1 784/378/1 477/376/1
f 783/375/2 480/371/2 478/377/2
f 785/379/3 507/286/3 477/376/3
f 785/379/4 784/378/4 478/377/4
f 786/380/5 509/283/5 507/286/5
f 786/380/6 785/379/6 508/287/6
f 786/380/7 783/375/7 479/373/7
f 786/380/8 510/281/8 480/371/8
f 788/381/1 475/385/1 477/376/1
f 787/382/2 478/377/2 476/383/2
f 789/384/3 505/295/3 475/385/3
f 789/384/4 788/381/4 476/383/4
f 790/386/5 507/286/5 505/295/5
f 789/384/6 506/293/6 508/287/6
f 790/386/7 787/382/7 477/376/7
f 790/386/8 508/287/8 478/377/8
f 792/387/1 473/391/1 475/385/1
f 791/388/2 476/383/2 474/389/2
f 793/390/3 503/301/3 473/391/3
f 792/387/4 474/389/4 504/299/4
f 794/392/5 505/295/5 503/301/5
f 793/390/6 504/299/6 506/293/6
f 791/388/7 475/385/7 505/295/7
f 794/392/8 506/293/8 476/383/8
f 796/393/1 471/397/1 473/391/1
f 795/394/2 474/389/2 472/395/2
f 797/396/3 501/307/3 471/397/3
f 796/393/4 472/395/4 502/305/4
f 798/398/5 503/301/5 501/307/5
f 797/396/6 502/305/6 504/299/6
f 795/394/7 473/391/7 503/301/7
f 798/398/8 504/299/8 474/389/8
f 800/399/1 469/403/1 471/397/1
f 799/400/2 472/395/2 470/401/2
f 801/402/3 499/313/3 469/403/3
f 801/402/4 800/399/4 470/401/4
f 802/404/5 501/307/5 499/313/5
f 801/402/6 500/311/6 502/305/6
f 802/404/7 799/400/7 471/397/7
f 802/404/8 502/305/8 472/395/8
f 804/405/1 467/409/1 469/403/1
f 804/405/2 803/406/2 470/401/2
f 805/408/3 497/319/3 467/409/3
f 805/408/4 804/405/4 468/407/4
f 805/408/5 806/410/5 499/313/5
f 805/408/6 498/317/6 500/311/6
f 806/410/7 803/406/7 469/403/7
f 806/410/8 500/311/8 470/401/8
f 808/411/1 465/415/1 467/409/1
f 807/412/2 468/407/2 466/413/2
f 809/414/3 495/325/3 465/415/3
f 809/414/4 808/411/4 466/413/4
f 810/416/5 497/319/5 495/325/5
f 809/414/6 496/323/6 498/317/6
f 810/416/7 807/412/7 467/409/7
f 810/416/8 498/317/8 468/407/8
f 812/417/1 463/421/1 465/415/1
f 812/417/2 811/418/2 466/413/2
f 813/420/3 493/331/3 463/421/3
f 812/417/4 464/419/4 494/329/4
f 814/422/5 495/325/5 493/331/5
f 813/420/6 494/329/6 496/323/6
f 814/422/7 811/418/7 465/415/7
f 814/422/8 496/323/8 466/413/8
f 816/423/1 461/427/1 463/421/1
f 815/424/2 464/419/2 462/425/2
f 817/426/3 491/337/3 461/427/3
f 817/426/4 816/423/4 462/425/4
f 818/428/5 493/331/5 491/337/5
f 817/426/6 492/335/6 494/329/6
f 818/428/7 815/424/7 463/421/7
f 818/428/8 494/329/8 464/419/8
f 820/429/1 459/112/1 461/427/1
f 819/430/2 462/425/2 460/111/2
f 821/431/3 489/120/3 459/112/3
f 821/431/4 820/429/4 460/111/4
f 822/432/5 491/337/5 489/120/5
f 821/431/6 490/119/6 492/335/6
f 819/430/7 461/427/7 491/337/7
f 822/432/8 492/335/8 462/425/8
f 824/433/1 457/438/1 17/434/1
f 823/435/2 18/440/2 458/436/2
f 825/437/3 487/348/3 457/438/3
f 824/433/4 458/436/4 488/346/4
f 826/439/5 15/344/5 487/348/5
f 825/437/6 488/346/6 16/350/6
f 823/435/7 17/434/7 15/344/7
f 826/439/8 16/350/8 18/440/8
f 828/441/1 455/445/1 457/438/1
f 827/442/2 458/436/2 456/443/2
f 829/444/3 485/355/3 455/445/3
f 828/441/4 456/443/4 486/353/4
f 830/446/5 487/348/5 485/355/5
f 829/444/6 486/353/6 488/346/6
f 827/442/7 457/438/7 487/348/7
f 830/446/8 488/346/8 458/436/8
f 832/447/1 453/451/1 455/445/1
f 831/448/2 456/443/2 454/449/2
f 833/450/3 483/361/3 453/451/3
f 832/447/4 454/449/4 484/359/4
f 834/452/5 485/355/5 483/361/5
f 833/450/6 484/359/6 486/353/6
f 831/448/7 455/445/7 485/355/7
f 834/452/8 486/353/8 456/443/8
f 835/453/1 836/456/1 451/454/1
f 835/453/2 454/449/2 452/455/2
f 837/457/3 481/364/3 451/454/3
f 836/456/4 452/455/4 482/365/4
f 838/458/5 483/361/5 481/364/5
f 838/458/6 837/457/6 482/365/6
f 835/453/7 453/451/7 483/361/7
f 838/458/8 484/359/8 454/449/8
f 840/459/1 449/463/1 451/454/1
f 839/460/2 452/455/2 450/461/2
f 841/462/3 479/373/3 449/463/3
f 840/459/4 450/461/4 480/371/4
f 842/464/5 481/364/5 479/373/5
f 841/462/6 480/371/6 482/365/6
f 839/460/7 451/454/7 481/364/7
f 842/464/8 482/365/8 452/455/8
f 844/465/1 447/469/1 449/463/1
f 843/466/2 450/461/2 448/467/2
f 845/468/3 477/376/3 447/469/3
f 844/465/4 448/467/4 478/377/4
f 846/470/5 479/373/5 477/376/5
f 845/468/6 478/377/6 480/371/6
f 843/466/7 449/463/7 479/373/7
f 846/470/8 480/371/8 450/461/8
f 848/471/1 445/475/1 447/469/1
f 847/472/2 448/467/2 446/473/2
f 849/474/3 475/385/3 445/475/3
f 848/471/4 446/473/4 476/383/4
f 850/476/5 477/376/5 475/385/5
f 849/474/6 476/383/6 478/377/6
f 847/472/7 447/469/7 477/376/7
f 850/476/8 478/377/8 448/467/8
f 851/477/1 852/480/1 443/478/1
f 851/477/2 446/473/2 444/479/2
f 853/481/3 473/391/3 443/478/3
f 852/480/4 444/479/4 474/389/4
f 854/482/5 475/385/5 473/391/5
f 854/482/6 853/481/6 474/389/6
f 851/477/7 445/475/7 475/385/7
f 854/482/8 476/383/8 446/473/8
f 856/483/1 441/487/1 443/478/1
f 856/483/2 855/484/2 444/479/2
f 857/486/3 471/397/3 441/487/3
f 856/483/4 442/485/4 472/395/4
f 857/486/5 858/488/5 473/391/5
f 857/486/6 472/395/6 474/389/6
f 855/484/7 443/478/7 473/391/7
f 858/488/8 474/389/8 444/479/8
f 860/489/1 439/493/1 441/487/1
f 859/490/2 442/485/2 440/491/2
f 861/492/3 469/403/3 439/493/3
f 860/489/4 440/491/4 470/401/4
f 862/494/5 471/397/5 469/403/5
f 861/492/6 470/401/6 472/395/6
f 859/490/7 441/487/7 471/397/7
f 862/494/8 472/395/8 442/485/8
f 864/495/1 437/499/1 439/493/1
f 863/496/2 440/491/2 438/497/2
f 865/498/3 467/409/3 437/499/3
f 864/495/4 438/497/4 468/407/4
f 866/500/5 469/403/5 467/409/5
f 865/498/6 468/407/6 470/401/6
f 863/496/7 439/493/7 469/403/7
f 866/500/8 470/401/8 440/491/8
f 868/501/1 435/505/1 437/499/1
f 867/502/2 438/497/2 436/503/2
f 869/504/3 465/415/3 435/505/3
f 868/501/4 436/503/4 466/413/4
f 870/506/5 467/409/5 465/415/5
f 869/504/6 466/413/6 468/407/6
f 867/502/7 437/499/7 467/409/7
f 870/506/8 468/407/8 438/497/8
f 872/507/1 433/511/1 435/505/1
f 872/507/2 871/508/2 436/503/2
f 873/510/3 463/421/3 433/511/3
f 872/507/4 434/509/4 464/419/4
f 873/510/5 874/512/5 465/415/5
f 873/510/6 464/419/6 466/413/6
f 871/508/7 435/505/7 465/415/7
f 874/512/8 466/413/8 436/503/8
f 876/513/1 431/517/1 433/511/1
f 875/514/2 434/509/2 432/515/2
f 877/516/3 461/427/3 431/517/3
f 876/513/4 432/515/4 462/425/4
f 878/518/5 463/421/5 461/427/5
f 877/516/6 462/425/6 464/419/6
f 875/514/7 433/511/7 463/421/7
f 878/518/8 464/419/8 434/509/8
f 880/519/1 429/104/1 431/517/1
f 879/520/2 432/515/2 430/103/2
f 881/521/3 459/112/3 429/104/3
f 880/519/4 430/103/4 460/111/4
f 882/522/5 461/427/5 459/112/5
f 881/521/6 460/111/6 462/425/6
f 879/520/7 431/517/7 461/427/7
f 882/522/8 462/425/8 432/515/8
f 884/523/1 427/528/1 19/524/1
f 883/525/2 20/530/2 428/526/2
f 885/527/3 457/438/3 427/528/3
f 885/527/4 884/523/4 428/526/4
f 886/529/5 17/434/5 457/438/5
f 885/527/6 458/436/6 18/440/6
f 883/525/7 19/524/7 17/434/7
f 886/529/8 18/440/8 20/530/8
f 888/531/1 425/535/1 427/528/1
f 887/532/2 428/526/2 426/533/2
f 889/534/3 455/445/3 425/535/3
f 888/531/4 426/533/4 456/443/4
f 890/536/5 457/438/5 455/445/5
f 889/534/6 456/443/6 458/436/6
f 887/532/7 427/528/7 457/438/7
f 890/536/8 458/436/8 428/526/8
f 892/537/1 423/541/1 425/535/1
f 891/538/2 426/533/2 424/539/2
f 893/540/3 453/451/3 423/541/3
f 893/540/4 892/537/4 424/539/4
f 894/542/5 455/445/5 453/451/5
f 893/540/6 454/449/6 456/443/6
f 894/542/7 891/538/7 425/535/7
f 894/542/8 456/443/8 426/533/8
f 895/543/1 896/546/1 421/544/1
f 895/543/2 424/539/2 422/545/2
f 897/547/3 451/454/3 421/544/3
f 897/547/4 896/546/4 422/545/4
f 898/548/5 453/451/5 451/454/5
f 898/548/6 897/547/6 452/455/6
f 898/548/7 895/543/7 423/541/7
f 898/548/8 454/449/8 424/539/8
f 900/549/1 419/553/1 421/544/1
f 899/550/2 422/545/2 420/551/2
f 901/552/3 449/463/3 419/553/3
f 900/549/4 420/551/4 450/461/4
f 902/554/5 451/454/5 449/463/5
f 901/552/6 450/461/6 452/455/6
f 899/550/7 421/544/7 451/454/7
f 902/554/8 452/455/8 422/545/8
f 903/555/1 904/558/1 417/556/1
f 903/555/2 420/551/2 418/557/2
f 905/559/3 447/469/3 417/556/3
f 905/559/4 904/558/4 418/557/4
f 906/560/5 449/463/5 447/469/5
f 905/559/6 448/467/6 450/461/6
f 903/555/7 419/553/7 449/463/7
f 906/560/8 450/461/8 420/551/8
f 908/561/1 415/565/1 417/556/1
f 907/562/2 418/557/2 416/563/2
f 909/564/3 445/475/3 415/565/3
f 909/564/4 908/561/4 416/563/4
f 910/566/5 447/469/5 445/475/5
f 909/564/6 446/473/6 448/467/6
f 910/566/7 907/562/7 417/556/7
f 910/566/8 448/467/8 418/557/8
f 912/567/1 413/571/1 415/565/1
f 911/568/2 416/563/2 414/569/2
f 913/570/3 443/478/3 413/571/3
f 913/570/4 912/567/4 414/569/4
f 914/572/5 445/475/5 443/478/5
f 914/572/6 913/570/6 444/479/6
f 914/572/7 911/568/7 415/565/7
f 914/572/8 446/473/8 416/563/8
f 916/573/1 411/577/1 413/571/1
f 915/574/2 414/569/2 412/575/2
f 917/576/3 441/487/3 411/577/3
f 917/576/4 916/573/4 412/575/4
f 917/576/5 918/578/5 443/478/5
f 917/576/6 442/485/6 444/479/6
f 918/578/7 915/574/7 413/571/7
f 918/578/8 444/479/8 414/569/8
f 920/579/1 409/583/1 411/577/1
f 919/580/2 412/575/2 410/581/2
f 921/582/3 439/493/3 409/583/3
f 921/582/4 920/579/4 410/581/4
f 922/584/5 441/487/5 439/493/5
f 921/582/6 440/491/6 442/485/6
f 922/584/7 919/580/7 411/577/7
f 922/584/8 442/485/8 412/575/8
f 924/585/1 407/589/1 409/583/1
f 924/585/2 923/586/2 410/581/2
f 925/588/3 437/499/3 407/589/3
f 924/585/4 408/587/4 438/497/4
f 926/590/5 439/493/5 437/499/5
f 925/588/6 438/497/6 440/491/6
f 926/590/7 923/586/7 409/583/7
f 926/590/8 440/491/8 410/581/8
f 928/591/1 405/595/1 407/589/1
f 927/592/2 408/587/2 406/593/2
f 929/594/3 435/505/3 405/595/3
f 928/591/4 406/593/4 436/503/4
f 930/596/5 437/499/5 435/505/5
f 929/594/6 436/503/6 438/497/6
f 927/592/7 407/589/7 437/499/7
f 930/596/8 438/497/8 408/587/8
f 932/597/1 403/601/1 405/595/1
f 932/597/2 931/598/2 406/593/2
f 933/600/3 433/511/3 403/601/3
f 933/600/4 932/597/4 404/599/4
f 933/600/5 934/602/5 435/505/5
f 933/600/6 434/509/6 436/503/6
f 934/602/7 931/598/7 405/595/7
f 934/602/8 436/503/8 406/593/8
f 936/603/1 401/607/1 403/601/1
f 935/604/2 404/599/2 402/605/2
f 937/606/3 431/517/3 401/607/3
f 937/606/4 936/603/4 402/605/4
f 938/608/5 433/511/5 431/517/5
f 937/606/6 432/515/6 434/509/6
f 938/608/7 935/604/7 403/601/7
f 938/608/8 434/509/8 404/599/8
f 940/609/1 399/96/1 401/607/1
f 939/610/2 402/605/2 400/95/2
f 941/611/3 429/104/3 399/96/3
f 940/609/4 400/95/4 430/103/4
f 942/612/5 431/517/5 429/104/5
f 941/611/6 430/103/6 432/515/6
f 939/610/7 401/607/7 431/517/7
f 942/612/8 432/515/8 402/605/8
f 944/613/1 397/618/1 21/614/1
f 943/615/2 22/620/2 398/616/2
f 945/617/3 427/528/3 397/618/3
f 944/613/4 398/616/4 428/526/4
f 946/619/5 19/524/5 427/528/5
f 945/617/6 428/526/6 20/530/6
f 943/615/7 21/614/7 19/524/7
f 946/619/8 20/530/8 22/620/8
f 948/621/1 395/625/1 397/618/1
f 947/622/2 398/616/2 396/623/2
f 949/624/3 425/535/3 395/625/3
f 948/621/4 396/623/4 426/533/4
f 950/626/5 427/528/5 425/535/5
f 949/624/6 426/533/6 428/526/6
f 947/622/7 397/618/7 427/528/7
f 950/626/8 428/526/8 398/616/8
f 952/627/1 393/631/1 395/625/1
f 951/628/2 396/623/2 394/629/2
f 953/630/3 423/541/3 393/631/3
f 952/627/4 394/629/4 424/539/4
f 954/632/5 425/535/5 423/541/5
f 953/630/6 424/539/6 426/533/6
f 951/628/7 395/625/7 425/535/7
f 954/632/8 426/533/8 396/623/8
f 955/633/1 956/636/1 391/634/1
f 955/633/2 394/629/2 392/635/2
f 957/637/3 421/544/3 391/634/3
f 956/636/4 392/635/4 422/545/4
f 958/638/5 423/541/5 421/544/5
f 958/638/6 957/637/6 422/545/6
f 955/633/7 393/631/7 423/541/7
f 958/638/8 424/539/8 394/629/8
f 960/639/1 389/643/1 391/634/1
f 959/640/2 392/635/2 390/641/2
f 961/642/3 419/553/3 389/643/3
f 960/639/4 390/641/4 420/551/4
f 962/644/5 421/544/5 419/553/5
f 961/642/6 420/551/6 422/545/6
f 959/640/7 391/634/7 421/544/7
f 962/644/8 422/545/8 392/635/8
f 963/645/1 964/648/1 387/646/1
f 963/645/2 390/641/2 388/647/2
f 965/649/3 417/556/3 387/646/3
f 964/648/4 388/647/4 418/557/4
f 966/650/5 419/553/5 417/556/5
f 966/650/6 965/649/6 418/557/6
f 963/645/7 389/643/7 419/553/7
f 966/650/8 420/551/8 390/641/8
f 968/651/1 385/654/1 387/646/1
f 968/651/2 967/652/2 388/647/2
f 968/651/3 969/655/3 415/565/3
f 968/651/4 386/653/4 416/563/4
f 970/656/5 417/556/5 415/565/5
f 969/655/6 416/563/6 418/557/6
f 967/652/7 387/646/7 417/556/7
f 970/656/8 418/557/8 388/647/8
f 972/657/1 383/661/1 385/654/1
f 971/658/2 386/653/2 384/659/2
f 973/660/3 413/571/3 383/661/3
f 972/657/4 384/659/4 414/569/4
f 974/662/5 415/565/5 413/571/5
f 973/660/6 414/569/6 416/563/6
f 971/658/7 385/654/7 415/565/7
f 974/662/8 416/563/8 386/653/8
f 976/663/1 381/667/1 383/661/1
f 975/664/2 384/659/2 382/665/2
f 977/666/3 411/577/3 381/667/3
f 976/663/4 382/665/4 412/575/4
f 978/668/5 413/571/5 411/577/5
f 977/666/6 412/575/6 414/569/6
f 975/664/7 383/661/7 413/571/7
f 978/668/8 414/569/8 384/659/8
f 979/669/1 980/672/1 379/670/1
f 979/669/2 382/665/2 380/671/2
f 981/673/3 409/583/3 379/670/3
f 980/672/4 380/671/4 410/581/4
f 982/674/5 411/577/5 409/583/5
f 981/673/6 410/581/6 412/575/6
f 979/669/7 381/667/7 411/577/7
f 979/669/8 982/674/8 412/575/8
f 984/675/1 377/679/1 379/670/1
f 984/675/2 983/676/2 380/671/2
f 985/678/3 407/589/3 377/679/3
f 984/675/4 378/677/4 408/587/4
f 985/678/5 986/680/5 409/583/5
f 985/678/6 408/587/6 410/581/6
f 983/676/7 379/670/7 409/583/7
f 986/680/8 410/581/8 380/671/8
f 988/681/1 375/685/1 377/679/1
f 987/682/2 378/677/2 376/683/2
f 989/684/3 405/595/3 375/685/3
f 988/681/4 376/683/4 406/593/4
f 990/686/5 407/589/5 405/595/5
f 989/684/6 406/593/6 408/587/6
f 987/682/7 377/679/7 407/589/7
f 990/686/8 408/587/8 378/677/8
f 992/687/1 373/691/1 375/685/1
f 992/687/2 991/688/2 376/683/2
f 993/690/3 403/601/3 373/691/3
f 992/687/4 374/689/4 404/599/4
f 993/690/5 994/692/5 405/595/5
f 993/690/6 404/599/6 406/593/6
f 991/688/7 375/685/7 405/595/7
f 994/692/8 406/593/8 376/683/8
f 996/693/1 371/697/1 373/691/1
f 995/694/2 374/689/2 372/695/2
f 997/696/3 401/607/3 371/697/3
f 996/693/4 372/695/4 402/605/4
f 998/698/5 403/601/5 401/607/5
f 997/696/6 402/605/6 404/599/6
f 995/694/7 373/691/7 403/601/7
f 998/698/8 404/599/8 374/689/8
f 1000/699/1 369/88/1 371/697/1
f 999/700/2 372/695/2 370/87/2
f 1001/701/3 399/96/3 369/88/3
f 1000/699/4 370/87/4 400/95/4
f 1002/702/5 401/607/5 399/96/5
f 1001/701/6 400/95/6 402/605/6
f 999/700/7 371/697/7 401/607/7
f 1002/702/8 402/605/8 372/695/8
f 1004/703/1 367/708/1 23/704/1
f 1003/705/2 24/710/2 368/706/2
f 1005/707/3 397/618/3 367/708/3
f 1004/703/4 368/706/4 398/616/4
f 1006/709/5 21/614/5 397/618/5
f 1005/707/6 398/616/6 22/620/6
f 1003/705/7 23/704/7 21/614/7
f 1006/709/8 22/620/8 24/710/8
f 1008/711/1 365/715/1 367/708/1
f 1007/712/2 368/706/2 366/713/2
f 1009/714/3 395/625/3 365/715/3
f 1008/711/4 366/713/4 396/623/4
f 1010/716/5 397/618/5 395/625/5
f 1009/714/6 396/623/6 398/616/6
f 1010/716/7 1007/712/7 367/708/7
f 1010/716/8 398/616/8 368/706/8
f 1012/717/1 363/721/1 365/715/1
f 1011/718/2 366/713/2 364/719/2
f 1013/720/3 393/631/3 363/721/3
f 1012/717/4 364/719/4 394/629/4
f 1014/722/5 395/625/5 393/631/5
f 1013/720/6 394/629/6 396/623/6
f 1014/722/7 1011/718/7 365/715/7
f 1014/722/8 396/623/8 366/713/8
f 1016/723/1 361/727/1 363/721/1
f 1015/724/2 364/719/2 362/725/2
f 1017/726/3 391/634/3 361/727/3
f 1016/723/4 362/725/4 392/635/4
f 1018/728/5 393/631/5 391/634/5
f 1017/726/6 392/635/6 394/629/6
f 1015/724/7 363/721/7 393/631/7
f 1018/728/8 394/629/8 364/719/8
f 1020/729/1 359/733/1 361/727/1
f 1019/730/2 362/725/2 360/731/2
f 1021/732/3 389/643/3 359/733/3
f 1021/732/4 1020/729/4 360/731/4
f 1022/734/5 391/634/5 389/643/5
f 1021/732/6 390/641/6 392/635/6
f 1022/734/7 1019/730/7 361/727/7
f 1022/734/8 392/635/8 362/725/8
f 1023/735/1 1024/738/1 357/736/1
f 1023/735/2 360/731/2 358/737/2
f 1025/739/3 387/646/3 357/736/3
f 1024/738/4 358/737/4 388/647/4
f 1026/740/5 389/643/5 387/646/5
f 1026/740/6 1025/739/6 388/647/6
f 1026/740/7 1023/735/7 359/733/7
f 1026/740/8 390/641/8 360/731/8
f 1028/741/1 355/745/1 357/736/1
f 1027/742/2 358/737/2 356/743/2
f 1029/744/3 385/654/3 355/745/3
f 1028/741/4 356/743/4 386/653/4
f 1030/746/5 387/646/5 385/654/5
f 1029/744/6 386/653/6 388/647/6
f 1027/742/7 357/736/7 387/646/7
f 1030/746/8 388/647/8 358/737/8
f 1032/747/1 353/751/1 355/745/1
f 1031/748/2 356/743/2 354/749/2
f 1033/750/3 383/661/3 353/751/3
f 1032/747/4 354/749/4 384/659/4
f 1034/752/5 385/654/5 383/661/5
f 1033/750/6 384/659/6 386/653/6
f 1031/748/7 355/745/7 385/654/7
f 1034/752/8 386/653/8 356/743/8
f 1036/753/1 351/757/1 353/751/1
f 1035/754/2 354/749/2 352/755/2
f 1037/756/3 381/667/3 351/757/3
f 1036/753/4 352/755/4 382/665/4
f 1038/758/5 383/661/5 381/667/5
f 1037/756/6 382/665/6 384/659/6
f 1035/754/7 353/751/7 383/661/7
f 1038/758/8 384/659/8 354/749/8
f 1040/759/1 349/763/1 351/757/1
f 1039/760/2 352/755/2 350/761/2
f 1041/762/3 379/670/3 349/763/3
f 1040/759/4 350/761/4 380/671/4
f 1042/764/5 381/667/5 379/670/5
f 1041/762/6 380/671/6 382/665/6
f 1039/760/7 351/757/7 381/667/7
f 1042/764/8 382/665/8 352/755/8
f 1044/765/1 347/769/1 349/763/1
f 1044/765/2 1043/766/2 350/761/2
f 1045/768/3 377/679/3 347/769/3
f 1045/768/4 1044/765/4 348/767/4
f 1045/768/5 1046/770/5 379/670/5
f 1045/768/6 378/677/6 380/671/6
f 1043/766/7 349/763/7 379/670/7
f 1046/770/8 380/671/8 350/761/8
f 1048/771/1 345/775/1 347/769/1
f 1047/772/2 348/767/2 346/773/2
f 1049/774/3 375/685/3 345/775/3
f 1049/774/4 1048/771/4 346/773/4
f 1050/776/5 377/679/5 375/685/5
f 1049/774/6 376/683/6 378/677/6
f 1050/776/7 1047/772/7 347/769/7
f 1050/776/8 378/677/8 348/767/8
f 1052/777/1 343/781/1 345/775/1
f 1051/778/2 346/773/2 344/779/2
f 1053/780/3 373/691/3 343/781/3
f 1052/777/4 344/779/4 374/689/4
f 1054/782/5 375/685/5 373/691/5
f 1053/780/6 374/689/6 376/683/6
f 1051/778/7 345/775/7 375/685/7
f 1054/782/8 376/683/8 346/773/8
f 1056/783/1 341/787/1 343/781/1
f 1055/784/2 344/779/2 342/785/2
f 1057/786/3 371/697/3 341/787/3
f 1057/786/4 1056/783/4 342/785/4
f 1058/788/5 373/691/5 371/697/5
f 1057/786/6 372/695/6 374/689/6
f 1055/784/7 343/781/7 373/691/7
f 1058/788/8 374/689/8 344/779/8
f 1060/789/1 339/80/1 341/787/1
f 1059/790/2 342/785/2 340/79/2
f 1061/791/3 369/88/3 339/80/3
f 1061/791/4 1060/789/4 340/79/4
f 1062/792/5 371/697/5 369/88/5
f 1061/791/6 370/87/6 372/695/6
f 1059/790/7 341/787/7 371/697/7
f 1062/792/8 372/695/8 342/785/8
f 1064/793/1 337/798/1 25/794/1
f 1063/795/2 26/800/2 338/796/2
f 1065/797/3 367/708/3 337/798/3
f 1064/793/4 338/796/4 368/706/4
f 1066/799/5 23/704/5 367/708/5
f 1065/797/6 368/706/6 24/710/6
f 1063/795/7 25/794/7 23/704/7
f 1066/799/8 24/710/8 26/800/8
f 1068/801/1 335/805/1 337/798/1
f 1067/802/2 338/796/2 336/803/2
f 1069/804/3 365/715/3 335/805/3
f 1068/801/4 336/803/4 366/713/4
f 1070/806/5 367/708/5 365/715/5
f 1069/804/6 366/713/6 368/706/6
f 1067/802/7 337/798/7 367/708/7
f 1067/802/8 1070/806/8 368/706/8
f 1072/807/1 333/811/1 335/805/1
f 1071/808/2 336/803/2 334/809/2
f 1073/810/3 363/721/3 333/811/3
f 1072/807/4 334/809/4 364/719/4
f 1074/812/5 365/715/5 363/721/5
f 1073/810/6 364/719/6 366/713/6
f 1071/808/7 335/805/7 365/715/7
f 1071/808/8 1074/812/8 366/713/8
f 1076/813/1 331/817/1 333/811/1
f 1075/814/2 334/809/2 332/815/2
f 1077/816/3 361/727/3 331/817/3
f 1076/813/4 332/815/4 362/725/4
f 1078/818/5 363/721/5 361/727/5
f 1077/816/6 362/725/6 364/719/6
f 1075/814/7 333/811/7 363/721/7
f 1078/818/8 364/719/8 334/809/8
f 1080/819/1 329/822/1 331/817/1
f 1079/820/2 332/815/2 330/821/2
f 1080/819/3 1081/823/3 359/733/3
f 1080/819/4 330/821/4 360/731/4
f 1082/824/5 361/727/5 359/733/5
f 1081/823/6 360/731/6 362/725/6
f 1079/820/7 331/817/7 361/727/7
f 1079/820/8 1082/824/8 362/725/8
f 1083/825/1 1084/828/1 327/826/1
f 1083/825/2 330/821/2 328/827/2
f 1085/829/3 357/736/3 327/826/3
f 1084/828/4 328/827/4 358/737/4
f 1086/830/5 359/733/5 357/736/5
f 1086/830/6 1085/829/6 358/737/6
f 1083/825/7 329/822/7 359/733/7
f 1083/825/8 1086/830/8 360/731/8
f 1088/831/1 325/835/1 327/826/1
f 1087/832/2 328/827/2 326/833/2
f 1089/834/3 355/745/3 325/835/3
f 1088/831/4 326/833/4 356/743/4
f 1090/836/5 357/736/5 355/745/5
f 1089/834/6 356/743/6 358/737/6
f 1087/832/7 327/826/7 357/736/7
f 1090/836/8 358/737/8 328/827/8
f 1092/837/1 323/841/1 325/835/1
f 1091/838/2 326/833/2 324/839/2
f 1093/840/3 353/751/3 323/841/3
f 1092/837/4 324/839/4 354/749/4
f 1094/842/5 355/745/5 353/751/5
f 1093/840/6 354/749/6 356/743/6
f 1091/838/7 325/835/7 355/745/7
f 1094/842/8 356/743/8 326/833/8
f 1096/843/1 321/847/1 323/841/1
f 1095/844/2 324/839/2 322/845/2
f 1097/846/3 351/757/3 321/847/3
f 1096/843/4 322/845/4 352/755/4
f 1098/848/5 353/751/5 351/757/5
f 1097/846/6 352/755/6 354/749/6
f 1095/844/7 323/841/7 353/751/7
f 1098/848/8 354/749/8 324/839/8
f 1100/849/1 319/853/1 321/847/1
f 1099/850/2 322/845/2 320/851/2
f 1101/852/3 349/763/3 319/853/3
f 1100/849/4 320/851/4 350/761/4
f 1102/854/5 351/757/5 349/763/5
f 1101/852/6 350/761/6 352/755/6
f 1099/850/7 321/847/7 351/757/7
f 1102/854/8 352/755/8 322/845/8
f 1104/855/1 317/858/1 319/853/1
f 1104/855/2 1103/856/2 320/851/2
f 1104/855/3 1105/859/3 347/769/3
f 1104/855/4 318/857/4 348/767/4
f 1105/859/5 1106/860/5 349/763/5
f 1105/859/6 348/767/6 350/761/6
f 1103/856/7 319/853/7 349/763/7
f 1106/860/8 350/761/8 320/851/8
f 1108/861/1 315/864/1 317/858/1
f 1107/862/2 318/857/2 316/863/2
f 1108/861/3 1109/865/3 345/775/3
f 1108/861/4 316/863/4 346/773/4
f 1110/866/5 347/769/5 345/775/5
f 1109/865/6 346/773/6 348/767/6
f 1107/862/7 317/858/7 347/769/7
f 1107/862/8 1110/866/8 348/767/8
f 1112/867/1 313/871/1 315/864/1
f 1111/868/2 316/863/2 314/869/2
f 1113/870/3 343/781/3 313/871/3
f 1112/867/4 314/869/4 344/779/4
f 1114/872/5 345/775/5 343/781/5
f 1113/870/6 344/779/6 346/773/6
f 1111/868/7 315/864/7 345/775/7
f 1114/872/8 346/773/8 316/863/8
f 1116/873/1 311/876/1 313/871/1
f 1115/874/2 314/869/2 312/875/2
f 1116/873/3 1117/877/3 341/787/3
f 1116/873/4 312/875/4 342/785/4
f 1118/878/5 343/781/5 341/787/5
f 1117/877/6 342/785/6 344/779/6
f 1115/874/7 313/871/7 343/781/7
f 1118/878/8 344/779/8 314/869/8
f 1120/879/1 309/72/1 311/876/1
f 1119/880/2 312/875/2 310/71/2
f 1120/879/3 1121/881/3 339/80/3
f 1120/879/4 310/71/4 340/79/4
f 1122/882/5 341/787/5 339/80/5
f 1121/881/6 340/79/6 342/785/6
f 1119/880/7 311/876/7 341/787/7
f 1122/882/8 342/785/8 312/875/8
f 1124/883/1 307/888/1 27/884/1
f 1123/885/2 28/890/2 308/886/2
f 1125/887/3 337/798/3 307/888/3
f 1124/883/4 308/886/4 338/796/4
f 1126/889/5 25/794/5 337/798/5
f 1125/887/6 338/796/6 26/800/6
f 1123/885/7 27/884/7 25/794/7
f 1126/889/8 26/800/8 28/890/8
f 1128/891/1 305/895/1 307/888/1
f 1127/892/2 308/886/2 306/893/2
f 1129/894/3 335/805/3 305/895/3
f 1128/891/4 306/893/4 336/803/4
f 1130/896/5 337/798/5 335/805/5
f 1129/894/6 336/803/6 338/796/6
f 1127/892/7 307/888/7 337/798/7
f 1130/896/8 338/796/8 308/886/8
f 1132/897/1 303/901/1 305/895/1
f 1131/898/2 306/893/2 304/899/2
f 1133/900/3 333/811/3 303/901/3
f 1132/897/4 304/899/4 334/809/4
f 1134/902/5 335/805/5 333/811/5
f 1133/900/6 334/809/6 336/803/6
f 1131/898/7 305/895/7 335/805/7
f 1134/902/8 336/803/8 306/893/8
f 1135/903/1 1136/906/1 301/904/1
f 1135/903/2 304/899/2 302/905/2
f 1137/907/3 331/817/3 301/904/3
f 1136/906/4 302/905/4 332/815/4
f 1138/908/5 333/811/5 331/817/5
f 1138/908/6 1137/907/6 332/815/6
f 1135/903/7 303/901/7 333/811/7
f 1138/908/8 334/809/8 304/899/8
f 1140/909/1 299/913/1 301/904/1
f 1139/910/2 302/905/2 300/911/2
f 1141/912/3 329/822/3 299/913/3
f 1140/909/4 300/911/4 330/821/4
f 1142/914/5 331/817/5 329/822/5
f 1141/912/6 330/821/6 332/815/6
f 1139/910/7 301/904/7 331/817/7
f 1142/914/8 332/815/8 302/905/8
f 1143/915/1 1144/918/1 297/916/1
f 1143/915/2 300/911/2 298/917/2
f 1145/919/3 327/826/3 297/916/3
f 1144/918/4 298/917/4 328/827/4
f 1146/920/5 329/822/5 327/826/5
f 1146/920/6 1145/919/6 328/827/6
f 1143/915/7 299/913/7 329/822/7
f 1146/920/8 330/821/8 300/911/8
f 1148/921/1 295/925/1 297/916/1
f 1147/922/2 298/917/2 296/923/2
f 1149/924/3 325/835/3 295/925/3
f 1149/924/4 1148/921/4 296/923/4
f 1149/924/5 1150/926/5 327/826/5
f 1149/924/6 326/833/6 328/827/6
f 1147/922/7 297/916/7 327/826/7
f 1150/926/8 328/827/8 298/917/8
f 1152/927/1 293/931/1 295/925/1
f 1151/928/2 296/923/2 294/929/2
f 1153/930/3 323/841/3 293/931/3
f 1152/927/4 294/929/4 324/839/4
f 1154/932/5 325/835/5 323/841/5
f 1153/930/6 324/839/6 326/833/6
f 1151/928/7 295/925/7 325/835/7
f 1154/932/8 326/833/8 296/923/8
f 1156/933/1 291/937/1 293/931/1
f 1155/934/2 294/929/2 292/935/2
f 1157/936/3 321/847/3 291/937/3
f 1156/933/4 292/935/4 322/845/4
f 1158/938/5 323/841/5 321/847/5
f 1157/936/6 322/845/6 324/839/6
f 1155/934/7 293/931/7 323/841/7
f 1158/938/8 324/839/8 294/929/8
f 1160/939/1 289/943/1 291/937/1
f 1159/940/2 292/935/2 290/941/2
f 1161/942/3 319/853/3 289/943/3
f 1160/939/4 290/941/4 320/851/4
f 1162/944/5 321/847/5 319/853/5
f 1162/944/6 1161/942/6 320/851/6
f 1162/944/7 1159/940/7 291/937/7
f 1162/944/8 322/845/8 292/935/8
f 1164/945/1 287/949/1 289/943/1
f 1164/945/2 1163/946/2 290/941/2
f 1165/948/3 317/858/3 287/949/3
f 1164/945/4 288/947/4 318/857/4
f 1165/948/5 1166/950/5 319/853/5
f 1165/948/6 318/857/6 320/851/6
f 1163/946/7 289/943/7 319/853/7
f 1166/950/8 320/851/8 290/941/8
f 1168/951/1 285/955/1 287/949/1
f 1167/952/2 288/947/2 286/953/2
f 1169/954/3 315/864/3 285/955/3
f 1168/951/4 286/953/4 316/863/4
f 1170/956/5 317/858/5 315/864/5
f 1169/954/6 316/863/6 318/857/6
f 1167/952/7 287/949/7 317/858/7
f 1170/956/8 318/857/8 288/947/8
f 1172/957/1 283/961/1 285/955/1
f 1172/957/2 1171/958/2 286/953/2
f 1173/960/3 313/871/3 283/961/3
f 1172/957/4 284/959/4 314/869/4
f 1173/960/5 1174/962/5 315/864/5
f 1173/960/6 314/869/6 316/863/6
f 1171/958/7 285/955/7 315/864/7
f 1174/962/8 316/863/8 286/953/8
f 1176/963/1 281/967/1 283/961/1
f 1175/964/2 284/959/2 282/965/2
f 1177/966/3 311/876/3 281/967/3
f 1176/963/4 282/965/4 312/875/4
f 1178/968/5 313/871/5 311/876/5
f 1177/966/6 312/875/6 314/869/6
f 1175/964/7 283/961/7 313/871/7
f 1178/968/8 314/869/8 284/959/8
f 1180/969/1 279/64/1 281/967/1
f 1179/970/2 282/965/2 280/63/2
f 1181/971/3 309/72/3 279/64/3
f 1180/969/4 280/63/4 310/71/4
f 1182/972/5 311/876/5 309/72/5
f 1181/971/6 310/71/6 312/875/6
f 1179/970/7 281/967/7 311/876/7
f 1182/972/8 312/875/8 282/965/8
f 1184/973/1 277/977/1 29/974/1
f 1183/975/2 30/980/2 278/976/2
f 1184/973/3 1185/978/3 307/888/3
f 1184/973/4 278/976/4 308/886/4
f 1186/979/5 27/884/5 307/888/5
f 1185/978/6 308/886/6 28/890/6
f 1183/975/7 29/974/7 27/884/7
f 1186/979/8 28/890/8 30/980/8
f 1188/981/1 275/985/1 277/977/1
f 1187/982/2 278/976/2 276/983/2
f 1189/984/3 305/895/3 275/985/3
f 1188/981/4 276/983/4 306/893/4
f 1190/986/5 307/888/5 305/895/5
f 1189/984/6 306/893/6 308/886/6
f 1187/982/7 277/977/7 307/888/7
f 1190/986/8 308/886/8 278/976/8
f 1192/987/1 273/990/1 275/985/1
f 1191/988/2 276/983/2 274/989/2
f 1192/987/3 1193/991/3 303/901/3
f 1192/987/4 274/989/4 304/899/4
f 1194/992/5 305/895/5 303/901/5
f 1193/991/6 304/899/6 306/893/6
f 1191/988/7 275/985/7 305/895/7
f 1191/988/8 1194/992/8 306/893/8
f 1195/993/1 1196/996/1 271/994/1
f 1195/993/2 274/989/2 272/995/2
f 1196/996/3 1197/997/3 301/904/3
f 1196/996/4 272/995/4 302/905/4
f 1198/998/5 303/901/5 301/904/5
f 1198/998/6 1197/997/6 302/905/6
f 1195/993/7 273/990/7 303/901/7
f 1195/993/8 1198/998/8 304/899/8
f 1200/999/1 269/1003/1 271/994/1
f 1199/1000/2 272/995/2 270/1001/2
f 1201/1002/3 299/913/3 269/1003/3
f 1200/999/4 270/1001/4 300/911/4
f 1202/1004/5 301/904/5 299/913/5
f 1201/1002/6 300/911/6 302/905/6
f 1199/1000/7 271/994/7 301/904/7
f 1202/1004/8 302/905/8 272/995/8
f 1204/1005/1 267/1008/1 269/1003/1
f 1203/1006/2 270/1001/2 268/1007/2
f 1204/1005/3 1205/1009/3 297/916/3
f 1204/1005/4 268/1007/4 298/917/4
f 1206/1010/5 299/913/5 297/916/5
f 1206/1010/6 1205/1009/6 298/917/6
f 1203/1006/7 269/1003/7 299/913/7
f 1206/1010/8 300/911/8 270/1001/8
f 1208/1011/1 265/1014/1 267/1008/1
f 1207/1012/2 268/1007/2 266/1013/2
f 1208/1011/3 1209/1015/3 295/925/3
f 1208/1011/4 266/1013/4 296/923/4
f 1210/1016/5 297/916/5 295/925/5
f 1209/1015/6 296/923/6 298/917/6
f 1207/1012/7 267/1008/7 297/916/7
f 1207/1012/8 1210/1016/8 298/917/8
f 1211/1017/1 1212/1020/1 263/1018/1
f 1211/1017/2 266/1013/2 264/1019/2
f 1212/1020/3 1213/1021/3 293/931/3
f 1212/1020/4 264/1019/4 294/929/4
f 1214/1022/5 295/925/5 293/931/5
f 1213/1021/6 294/929/6 296/923/6
f 1211/1017/7 265/1014/7 295/925/7
f 1211/1017/8 1214/1022/8 296/923/8
f 1216/1023/1 261/1026/1 263/1018/1
f 1216/1023/2 1215/1024/2 264/1019/2
f 1216/1023/3 1217/1027/3 291/937/3
f 1216/1023/4 262/1025/4 292/935/4
f 1218/1028/5 293/931/5 291/937/5
f 1217/1027/6 292/935/6 294/929/6
f 1215/1024/7 263/1018/7 293/931/7
f 1215/1024/8 1218/1028/8 294/929/8
f 1220/1029/1 259/1032/1 261/1026/1
f 1219/1030/2 262/1025/2 260/1031/2
f 1220/1029/3 1221/1033/3 289/943/3
f 1220/1029/4 260/1031/4 290/941/4
f 1222/1034/5 291/937/5 289/943/5
f 1221/1033/6 290/941/6 292/935/6
f 1219/1030/7 261/1026/7 291/937/7
f 1219/1030/8 1222/1034/8 292/935/8
f 1224/1035/1 257/1039/1 259/1032/1
f 1223/1036/2 260/1031/2 258/1037/2
f 1225/1038/3 287/949/3 257/1039/3
f 1224/1035/4 258/1037/4 288/947/4
f 1225/1038/5 1226/1040/5 289/943/5
f 1225/1038/6 288/947/6 290/941/6
f 1223/1036/7 259/1032/7 289/943/7
f 1223/1036/8 1226/1040/8 290/941/8
f 1228/1041/1 255/1045/1 257/1039/1
f 1227/1042/2 258/1037/2 256/1043/2
f 1229/1044/3 285/955/3 255/1045/3
f 1228/1041/4 256/1043/4 286/953/4
f 1230/1046/5 287/949/5 285/955/5
f 1229/1044/6 286/953/6 288/947/6
f 1227/1042/7 257/1039/7 287/949/7
f 1230/1046/8 288/947/8 258/1037/8
f 1232/1047/1 253/1050/1 255/1045/1
f 1232/1047/2 1231/1048/2 256/1043/2
f 1232/1047/3 1233/1051/3 283/961/3
f 1232/1047/4 254/1049/4 284/959/4
f 1233/1051/5 1234/1052/5 285/955/5
f 1233/1051/6 284/959/6 286/953/6
f 1231/1048/7 255/1045/7 285/955/7
f 1231/1048/8 1234/1052/8 286/953/8
f 1236/1053/1 251/1056/1 253/1050/1
f 1235/1054/2 254/1049/2 252/1055/2
f 1236/1053/3 1237/1057/3 281/967/3
f 1236/1053/4 252/1055/4 282/965/4
f 1238/1058/5 283/961/5 281/967/5
f 1237/1057/6 282/965/6 284/959/6
f 1235/1054/7 253/1050/7 283/961/7
f 1235/1054/8 1238/1058/8 284/959/8
f 1240/1059/1 249/56/1 251/1056/1
f 1239/1060/2 252/1055/2 250/55/2
f 1241/1061/3 279/64/3 249/56/3
f 1240/1059/4 250/55/4 280/63/4
f 1242/1062/5 281/967/5 279/64/5
f 1241/1061/6 280/63/6 282/965/6
f 1239/1060/7 251/1056/7 281/967/7
f 1242/1062/8 282/965/8 252/1055/8
f 1244/1063/1 247/1068/1 31/1064/1
f 1243/1065/2 32/1070/2 248/1066/2
f 1245/1067/3 277/977/3 247/1068/3
f 1244/1063/4 248/1066/4 278/976/4
f 1246/1069/5 29/974/5 277/977/5
f 1245/1067/6 278/976/6 30/980/6
f 1243/1065/7 31/1064/7 29/974/7
f 1246/1069/8 30/980/8 32/1070/8
f 1248/1071/1 245/1075/1 247/1068/1
f 1247/1072/2 248/1066/2 246/1073/2
f 1249/1074/3 275/985/3 245/1075/3
f 1248/1071/4 246/1073/4 276/983/4
f 1250/1076/5 277/977/5 275/985/5
f 1249/1074/6 276/983/6 278/976/6
f 1247/1072/7 247/1068/7 277/977/7
f 1250/1076/8 278/976/8 248/1066/8
f 1252/1077/1 243/1081/1 245/1075/1
f 1251/1078/2 246/1073/2 244/1079/2
f 1253/1080/3 273/990/3 243/1081/3
f 1252/1077/4 244/1079/4 274/989/4
f 1254/1082/5 275/985/5 273/990/5
f 1253/1080/6 274/989/6 276/983/6
f 1251/1078/7 245/1075/7 275/985/7
f 1254/1082/8 276/983/8 246/1073/8
f 1255/1083/1 1256/1086/1 241/1084/1
f 1255/1083/2 244/1079/2 242/1085/2
f 1257/1087/3 271/994/3 241/1084/3
f 1256/1086/4 242/1085/4 272/995/4
f 1258/1088/5 273/990/5 271/994/5
f 1258/1088/6 1257/1087/6 272/995/6
f 1255/1083/7 243/1081/7 273/990/7
f 1258/1088/8 274/989/8 244/1079/8
f 1260/1089/1 239/1093/1 241/1084/1
f 1259/1090/2 242/1085/2 240/1091/2
f 1261/1092/3 269/1003/3 239/1093/3
f 1260/1089/4 240/1091/4 270/1001/4
f 1262/1094/5 271/994/5 269/1003/5
f 1261/1092/6 270/1001/6 272/995/6
f 1259/1090/7 241/1084/7 271/994/7
f 1262/1094/8 272/995/8 242/1085/8
f 1264/1095/1 237/1099/1 239/1093/1
f 1263/1096/2 240/1091/2 238/1097/2
f 1265/1098/3 267/1008/3 237/1099/3
f 1264/1095/4 238/1097/4 268/1007/4
f 1266/1100/5 269/1003/5 267/1008/5
f 1265/1098/6 268/1007/6 270/1001/6
f 1263/1096/7 239/1093/7 269/1003/7
f 1266/1100/8 270/1001/8 240/1091/8
f 1268/1101/1 235/1105/1 237/1099/1
f 1267/1102/2 238/1097/2 236/1103/2
f 1269/1104/3 265/1014/3 235/1105/3
f 1268/1101/4 236/1103/4 266/1013/4
f 1270/1106/5 267/1008/5 265/1014/5
f 1269/1104/6 266/1013/6 268/1007/6
f 1267/1102/7 237/1099/7 267/1008/7
f 1270/1106/8 268/1007/8 238/1097/8
f 1271/1107/1 1272/1110/1 233/1108/1
f 1271/1107/2 236/1103/2 234/1109/2
f 1273/1111/3 263/1018/3 233/1108/3
f 1272/1110/4 234/1109/4 264/1019/4
f 1274/1112/5 265/1014/5 263/1018/5
f 1274/1112/6 1273/1111/6 264/1019/6
f 1271/1107/7 235/1105/7 265/1014/7
f 1274/1112/8 266/1013/8 236/1103/8
f 1276/1113/1 231/1117/1 233/1108/1
f 1276/1113/2 1275/1114/2 234/1109/2
f 1277/1116/3 261/1026/3 231/1117/3
f 1276/1113/4 232/1115/4 262/1025/4
f 1277/1116/5 1278/1118/5 263/1018/5
f 1277/1116/6 262/1025/6 264/1019/6
f 1275/1114/7 233/1108/7 263/1018/7
f 1278/1118/8 264/1019/8 234/1109/8
f 1280/1119/1 229/1123/1 231/1117/1
f 1279/1120/2 232/1115/2 230/1121/2
f 1281/1122/3 259/1032/3 229/1123/3
f 1280/1119/4 230/1121/4 260/1031/4
f 1282/1124/5 261/1026/5 259/1032/5
f 1281/1122/6 260/1031/6 262/1025/6
f 1279/1120/7 231/1117/7 261/1026/7
f 1282/1124/8 262/1025/8 232/1115/8
f 1284/1125/1 227/1129/1 229/1123/1
f 1283/1126/2 230/1121/2 228/1127/2
f 1285/1128/3 257/1039/3 227/1129/3
f 1284/1125/4 228/1127/4 258/1037/4
f 1286/1130/5 259/1032/5 257/1039/5
f 1285/1128/6 258/1037/6 260/1031/6
f 1283/1126/7 229/1123/7 259/1032/7
f 1286/1130/8 260/1031/8 230/1121/8
f 1288/1131/1 225/1135/1 227/1129/1
f 1287/1132/2 228/1127/2 226/1133/2
f 1289/1134/3 255/1045/3 225/1135/3
f 1288/1131/4 226/1133/4 256/1043/4
f 1290/1136/5 257/1039/5 255/1045/5
f 1289/1134/6 256/1043/6 258/1037/6
f 1287/1132/7 227/1129/7 257/1039/7
f 1290/1136/8 258/1037/8 228/1127/8
f 1292/1137/1 223/1141/1 225/1135/1
f 1292/1137/2 1291/1138/2 226/1133/2
f 1293/1140/3 253/1050/3 223/1141/3
f 1292/1137/4 224/1139/4 254/1049/4
f 1293/1140/5 1294/1142/5 255/1045/5
f 1293/1140/6 254/1049/6 256/1043/6
f 1291/1138/7 225/1135/7 255/1045/7
f 1294/1142/8 256/1043/8 226/1133/8
f 1296/1143/1 221/1147/1 223/1141/1
f 1295/1144/2 224/1139/2 222/1145/2
f 1297/1146/3 251/1056/3 221/1147/3
f 1296/1143/4 222/1145/4 252/1055/4
f 1298/1148/5 253/1050/5 251/1056/5
f 1297/1146/6 252/1055/6 254/1049/6
f 1295/1144/7 223/1141/7 253/1050/7
f 1298/1148/8 254/1049/8 224/1139/8
f 1300/1149/1 219/48/1 221/1147/1
f 1299/1150/2 222/1145/2 220/47/2
f 1301/1151/3 249/56/3 219/48/3
f 1300/1149/4 220/47/4 250/55/4
f 1302/1152/5 251/1056/5 249/56/5
f 1301/1151/6 250/55/6 252/1055/6
f 1299/1150/7 221/1147/7 251/1056/7
f 1302/1152/8 252/1055/8 222/1145/8
f 1304/1153/1 217/1158/1 33/1154/1
f 1303/1155/2 34/1160/2 218/1156/2
f 1305/1157/3 247/1068/3 217/1158/3
f 1304/1153/4 218/1156/4 248/1066/4
f 1306/1159/5 31/1064/5 247/1068/5
f 1305/1157/6 248/1066/6 32/1070/6
f 1303/1155/7 33/1154/7 31/1064/7
f 1306/1159/8 32/1070/8 34/1160/8
f 1308/1161/1 215/1165/1 217/1158/1
f 1307/1162/2 218/1156/2 216/1163/2
f 1309/1164/3 245/1075/3 215/1165/3
f 1308/1161/4 216/1163/4 246/1073/4
f 1310/1166/5 247/1068/5 245/1075/5
f 1309/1164/6 246/1073/6 248/1066/6
f 1307/1162/7 217/1158/7 247/1068/7
f 1307/1162/8 1310/1166/8 248/1066/8
f 1312/1167/1 213/1170/1 215/1165/1
f 1311/1168/2 216/1163/2 214/1169/2
f 1312/1167/3 1313/1171/3 243/1081/3
f 1312/1167/4 214/1169/4 244/1079/4
f 1314/1172/5 245/1075/5 243/1081/5
f 1313/1171/6 244/1079/6 246/1073/6
f 1311/1168/7 215/1165/7 245/1075/7
f 1311/1168/8 1314/1172/8 246/1073/8
f 1316/1173/1 211/1176/1 213/1170/1
f 1315/1174/2 214/1169/2 212/1175/2
f 1316/1173/3 1317/1177/3 241/1084/3
f 1316/1173/4 212/1175/4 242/1085/4
f 1318/1178/5 243/1081/5 241/1084/5
f 1318/1178/6 1317/1177/6 242/1085/6
f 1315/1174/7 213/1170/7 243/1081/7
f 1318/1178/8 244/1079/8 214/1169/8
f 1320/1179/1 209/1182/1 211/1176/1
f 1319/1180/2 212/1175/2 210/1181/2
f 1320/1179/3 1321/1183/3 239/1093/3
f 1320/1179/4 210/1181/4 240/1091/4
f 1322/1184/5 241/1084/5 239/1093/5
f 1321/1183/6 240/1091/6 242/1085/6
f 1319/1180/7 211/1176/7 241/1084/7
f 1319/1180/8 1322/1184/8 242/1085/8
f 1323/1185/1 1324/1188/1 207/1186/1
f 1323/1185/2 210/1181/2 208/1187/2
f 1324/1188/3 1325/1189/3 237/1099/3
f 1324/1188/4 208/1187/4 238/1097/4
f 1326/1190/5 239/1093/5 237/1099/5
f 1326/1190/6 1325/1189/6 238/1097/6
f 1323/1185/7 209/1182/7 239/1093/7
f 1323/1185/8 1326/1190/8 240/1091/8
f 1328/1191/1 205/1194/1 207/1186/1
f 1327/1192/2 208/1187/2 206/1193/2
f 1328/1191/3 1329/1195/3 235/1105/3
f 1328/1191/4 206/1193/4 236/1103/4
f 1330/1196/5 237/1099/5 235/1105/5
f 1329/1195/6 236/1103/6 238/1097/6
f 1327/1192/7 207/1186/7 237/1099/7
f 1327/1192/8 1330/1196/8 238/1097/8
f 1332/1197/1 203/1201/1 205/1194/1
f 1331/1198/2 206/1193/2 204/1199/2
f 1333/1200/3 233/1108/3 203/1201/3
f 1332/1197/4 204/1199/4 234/1109/4
f 1334/1202/5 235/1105/5 233/1108/5
f 1333/1200/6 234/1109/6 236/1103/6
f 1331/1198/7 205/1194/7 235/1105/7
f 1334/1202/8 236/1103/8 206/1193/8
f 1336/1203/1 201/1207/1 203/1201/1
f 1335/1204/2 204/1199/2 202/1205/2
f 1337/1206/3 231/1117/3 201/1207/3
f 1336/1203/4 202/1205/4 232/1115/4
f 1338/1208/5 233/1108/5 231/1117/5
f 1337/1206/6 232/1115/6 234/1109/6
f 1335/1204/7 203/1201/7 233/1108/7
f 1338/1208/8 234/1109/8 204/1199/8
f 1340/1209/1 199/1212/1 201/1207/1
f 1339/1210/2 202/1205/2 200/1211/2
f 1340/1209/3 1341/1213/3 229/1123/3
f 1340/1209/4 200/1211/4 230/1121/4
f 1342/1214/5 231/1117/5 229/1123/5
f 1341/1213/6 230/1121/6 232/1115/6
f 1339/1210/7 201/1207/7 231/1117/7
f 1339/1210/8 1342/1214/8 232/1115/8
f 1344/1215/1 197/1218/1 199/1212/1
f 1344/1215/2 1343/1216/2 200/1211/2
f 1344/1215/3 1345/1219/3 227/1129/3
f 1344/1215/4 198/1217/4 228/1127/4
f 1345/1219/5 1346/1220/5 229/1123/5
f 1345/1219/6 228/1127/6 230/1121/6
f 1343/1216/7 199/1212/7 229/1123/7
f 1343/1216/8 1346/1220/8 230/1121/8
f 1348/1221/1 195/1224/1 197/1218/1
f 1347/1222/2 198/1217/2 196/1223/2
f 1348/1221/3 1349/1225/3 225/1135/3
f 1348/1221/4 196/1223/4 226/1133/4
f 1350/1226/5 227/1129/5 225/1135/5
f 1349/1225/6 226/1133/6 228/1127/6
f 1347/1222/7 197/1218/7 227/1129/7
f 1347/1222/8 1350/1226/8 228/1127/8
f 1352/1227/1 193/1231/1 195/1224/1
f 1351/1228/2 196/1223/2 194/1229/2
f 1353/1230/3 223/1141/3 193/1231/3
f 1352/1227/4 194/1229/4 224/1139/4
f 1353/1230/5 1354/1232/5 225/1135/5
f 1353/1230/6 224/1139/6 226/1133/6
f 1351/1228/7 195/1224/7 225/1135/7
f 1351/1228/8 1354/1232/8 226/1133/8
f 1356/1233/1 191/1236/1 193/1231/1
f 1355/1234/2 194/1229/2 192/1235/2
f 1356/1233/3 1357/1237/3 221/1147/3
f 1356/1233/4 192/1235/4 222/1145/4
f 1358/1238/5 223/1141/5 221/1147/5
f 1357/1237/6 222/1145/6 224/1139/6
f 1355/1234/7 193/1231/7 223/1141/7
f 1355/1234/8 1358/1238/8 224/1139/8
f 1360/1239/1 189/40/1 191/1236/1
f 1359/1240/2 192/1235/2 190/39/2
f 1360/1239/3 1361/1241/3 219/48/3
f 1360/1239/4 190/39/4 220/47/4
f 1362/1242/5 221/1147/5 219/48/5
f 1361/1241/6 220/47/6 222/1145/6
f 1359/1240/7 191/1236/7 221/1147/7
f 1362/1242/8 222/1145/8 192/1235/8
f 1364/1243/1 187/1248/1 35/1244/1
f 1363/1245/2 36/1250/2 188/1246/2
f 1365/1247/3 217/1158/3 187/1248/3
f 1364/1243/4 188/1246/4 218/1156/4
f 1366/1249/5 33/1154/5 217/1158/5
f 1365/1247/6 218/1156/6 34/1160/6
f 1363/1245/7 35/1244/7 33/1154/7
f 1366/1249/8 34/1160/8 36/1250/8
f 1368/1251/1 185/1255/1 187/1248/1
f 1367/1252/2 188/1246/2 186/1253/2
f 1369/1254/3 215/1165/3 185/1255/3
f 1368/1251/4 186/1253/4 216/1163/4
f 1370/1256/5 217/1158/5 215/1165/5
f 1369/1254/6 216/1163/6 218/1156/6
f 1367/1252/7 187/1248/7 217/1158/7
f 1370/1256/8 218/1156/8 188/1246/8
f 1372/1257/1 183/1261/1 185/1255/1
f 1371/1258/2 186/1253/2 184/1259/2
f 1373/1260/3 213/1170/3 183/1261/3
f 1372/1257/4 184/1259/4 214/1169/4
f 1374/1262/5 215/1165/5 213/1170/5
f 1373/1260/6 214/1169/6 216/1163/6
f 1371/1258/7 185/1255/7 215/1165/7
f 1374/1262/8 216/1163/8 186/1253/8
f 1375/1263/1 1376/1266/1 181/1264/1
f 1375/1263/2 184/1259/2 182/1265/2
f 1377/1267/3 211/1176/3 181/1264/3
f 1376/1266/4 182/1265/4 212/1175/4
f 1378/1268/5 213/1170/5 211/1176/5
f 1378/1268/6 1377/1267/6 212/1175/6
f 1375/1263/7 183/1261/7 213/1170/7
f 1378/1268/8 214/1169/8 184/1259/8
f 1380/1269/1 179/1273/1 181/1264/1
f 1379/1270/2 182/1265/2 180/1271/2
f 1381/1272/3 209/1182/3 179/1273/3
f 1380/1269/4 180/1271/4 210/1181/4
f 1382/1274/5 211/1176/5 209/1182/5
f 1381/1272/6 210/1181/6 212/1175/6
f 1379/1270/7 181/1264/7 211/1176/7
f 1382/1274/8 212/1175/8 182/1265/8
f 1383/1275/1 1384/1278/1 177/1276/1
f 1383/1275/2 180/1271/2 178/1277/2
f 1385/1279/3 207/1186/3 177/1276/3
f 1384/1278/4 178/1277/4 208/1187/4
f 1386/1280/5 209/1182/5 207/1186/5
f 1386/1280/6 1385/1279/6 208/1187/6
f 1383/1275/7 179/1273/7 209/1182/7
f 1386/1280/8 210/1181/8 180/1271/8
f 1388/1281/1 175/1285/1 177/1276/1
f 1387/1282/2 178/1277/2 176/1283/2
f 1389/1284/3 205/1194/3 175/1285/3
f 1388/1281/4 176/1283/4 206/1193/4
f 1390/1286/5 207/1186/5 205/1194/5
f 1389/1284/6 206/1193/6 208/1187/6
f 1387/1282/7 177/1276/7 207/1186/7
f 1390/1286/8 208/1187/8 178/1277/8
f 1391/1287/1 1392/1290/1 173/1288/1
f 1391/1287/2 176/1283/2 174/1289/2
f 1393/1291/3 203/1201/3 173/1288/3
f 1392/1290/4 174/1289/4 204/1199/4
f 1394/1292/5 205/1194/5 203/1201/5
f 1393/1291/6 204/1199/6 206/1193/6
f 1391/1287/7 175/1285/7 205/1194/7
f 1394/1292/8 206/1193/8 176/1283/8
f 1396/1293/1 171/1297/1 173/1288/1
f 1396/1293/2 1395/1294/2 174/1289/2
f 1397/1296/3 201/1207/3 171/1297/3
f 1396/1293/4 172/1295/4 202/1205/4
f 1398/1298/5 203/1201/5 201/1207/5
f 1397/1296/6 202/1205/6 204/1199/6
f 1395/1294/7 173/1288/7 203/1201/7
f 1398/1298/8 204/1199/8 174/1289/8
f 1400/1299/1 169/1303/1 171/1297/1
f 1399/1300/2 172/1295/2 170/1301/2
f 1401/1302/3 199/1212/3 169/1303/3
f 1400/1299/4 170/1301/4 200/1211/4
f 1402/1304/5 201/1207/5 199/1212/5
f 1401/1302/6 200/1211/6 202/1205/6
f 1399/1300/7 171/1297/7 201/1207/7
f 1402/1304/8 202/1205/8 172/1295/8
f 1404/1305/1 167/1309/1 169/1303/1
f 1404/1305/2 1403/1306/2 170/1301/2
f 1405/1308/3 197/1218/3 167/1309/3
f 1404/1305/4 168/1307/4 198/1217/4
f 1405/1308/5 1406/1310/5 199/1212/5
f 1405/1308/6 198/1217/6 200/1211/6
f 1403/1306/7 169/1303/7 199/1212/7
f 1406/1310/8 200/1211/8 170/1301/8
f 1408/1311/1 165/1315/1 167/1309/1
f 1407/1312/2 168/1307/2 166/1313/2
f 1409/1314/3 195/1224/3 165/1315/3
f 1408/1311/4 166/1313/4 196/1223/4
f 1410/1316/5 197/1218/5 195/1224/5
f 1409/1314/6 196/1223/6 198/1217/6
f 1407/1312/7 167/1309/7 197/1218/7
f 1410/1316/8 198/1217/8 168/1307/8
f 1412/1317/1 163/1321/1 165/1315/1
f 1412/1317/2 1411/1318/2 166/1313/2
f 1413/1320/3 193/1231/3 163/1321/3
f 1412/1317/4 164/1319/4 194/1229/4
f 1413/1320/5 1414/1322/5 195/1224/5
f 1413/1320/6 194/1229/6 196/1223/6
f 1411/1318/7 165/1315/7 195/1224/7
f 1414/1322/8 196/1223/8 166/1313/8
f 1416/1323/1 161/1327/1 163/1321/1
f 1415/1324/2 164/1319/2 162/1325/2
f 1417/1326/3 191/1236/3 161/1327/3
f 1416/1323/4 162/1325/4 192/1235/4
f 1418/1328/5 193/1231/5 191/1236/5
f 1417/1326/6 192/1235/6 194/1229/6
f 1415/1324/7 163/1321/7 193/1231/7
f 1418/1328/8 194/1229/8 164/1319/8
f 1420/1329/1 159/32/1 161/1327/1
f 1419/1330/2 162/1325/2 160/31/2
f 1421/1331/3 189/40/3 159/32/3
f 1420/1329/4 160/31/4 190/39/4
f 1422/1332/5 191/1236/5 189/40/5
f 1421/1331/6 190/39/6 192/1235/6
f 1419/1330/7 161/1327/7 191/1236/7
f 1422/1332/8 192/1235/8 162/1325/8
f 1424/1333/1 157/1338/1 37/1334/1
f 1423/1335/2 38/1340/2 158/1336/2
f 1425/1337/3 187/1248/3 157/1338/3
f 1424/1333/4 158/1336/4 188/1246/4
f 1426/1339/5 35/1244/5 187/1248/5
f 1425/1337/6 188/1246/6 36/1250/6
f 1423/1335/7 37/1334/7 35/1244/7
f 1426/1339/8 36/1250/8 38/1340/8
f 1428/1341/1 155/1345/1 157/1338/1
f 1427/1342/2 158/1336/2 156/1343/2
f 1429/1344/3 185/1255/3 155/1345/3
f 1428/1341/4 156/1343/4 186/1253/4
f 1430/1346/5 187/1248/5 185/1255/5
f 1429/1344/6 186/1253/6 188/1246/6
f 1427/1342/7 157/1338/7 187/1248/7
f 1430/1346/8 188/1246/8 158/1336/8
f 1432/1347/1 153/1351/1 155/1345/1
f 1431/1348/2 156/1343/2 154/1349/2
f 1433/1350/3 183/1261/3 153/1351/3
f 1432/1347/4 154/1349/4 184/1259/4
f 1434/1352/5 185/1255/5 183/1261/5
f 1433/1350/6 184/1259/6 186/1253/6
f 1431/1348/7 155/1345/7 185/1255/7
f 1434/1352/8 186/1253/8 156/1343/8
f 1435/1353/1 1436/1356/1 151/1354/1
f 1435/1353/2 154/1349/2 152/1355/2
f 1437/1357/3 181/1264/3 151/1354/3
f 1436/1356/4 152/1355/4 182/1265/4
f 1438/1358/5 183/1261/5 181/1264/5
f 1437/1357/6 182/1265/6 184/1259/6
f 1435/1353/7 153/1351/7 183/1261/7
f 1438/1358/8 184/1259/8 154/1349/8
f 1440/1359/1 149/1363/1 151/1354/1
f 1439/1360/2 152/1355/2 150/1361/2
f 1441/1362/3 179/1273/3 149/1363/3
f 1440/1359/4 150/1361/4 180/1271/4
f 1442/1364/5 181/1264/5 179/1273/5
f 1441/1362/6 180/1271/6 182/1265/6
f 1439/1360/7 151/1354/7 181/1264/7
f 1442/1364/8 182/1265/8 152/1355/8
f 1444/1365/1 147/1369/1 149/1363/1
f 1443/1366/2 150/1361/2 148/1367/2
f 1445/1368/3 177/1276/3 147/1369/3
f 1444/1365/4 148/1367/4 178/1277/4
f 1446/1370/5 179/1273/5 177/1276/5
f 1445/1368/6 178/1277/6 180/1271/6
f 1443/1366/7 149/1363/7 179/1273/7
f 1446/1370/8 180/1271/8 150/1361/8
f 1448/1371/1 145/1375/1 147/1369/1
f 1447/1372/2 148/1367/2 146/1373/2
f 1449/1374/3 175/1285/3 145/1375/3
f 1448/1371/4 146/1373/4 176/1283/4
f 1450/1376/5 177/1276/5 175/1285/5
f 1449/1374/6 176/1283/6 178/1277/6
f 1447/1372/7 147/1369/7 177/1276/7
f 1450/1376/8 178/1277/8 148/1367/8
f 1451/1377/1 1452/1380/1 143/1378/1
f 1451/1377/2 146/1373/2 144/1379/2
f 1453/1381/3 173/1288/3 143/1378/3
f 1452/1380/4 144/1379/4 174/1289/4
f 1454/1382/5 175/1285/5 173/1288/5
f 1453/1381/6 174/1289/6 176/1283/6
f 1451/1377/7 145/1375/7 175/1285/7
f 1454/1382/8 176/1283/8 146/1373/8
f 1456/1383/1 141/1387/1 143/1378/1
f 1456/1383/2 1455/1384/2 144/1379/2
f 1457/1386/3 171/1297/3 141/1387/3
f 1456/1383/4 142/1385/4 172/1295/4
f 1458/1388/5 173/1288/5 171/1297/5
f 1457/1386/6 172/1295/6 174/1289/6
f 1455/1384/7 143/1378/7 173/1288/7
f 1458/1388/8 174/1289/8 144/1379/8
f 1460/1389/1 139/1393/1 141/1387/1
f 1459/1390/2 142/1385/2 140/1391/2
f 1461/1392/3 169/1303/3 139/1393/3
f 1460/1389/4 140/1391/4 170/1301/4
f 1462/1394/5 171/1297/5 169/1303/5
f 1461/1392/6 170/1301/6 172/1295/6
f 1459/1390/7 141/1387/7 171/1297/7
f 1462/1394/8 172/1295/8 142/1385/8
f 1464/1395/1 137/1399/1 139/1393/1
f 1463/1396/2 140/1391/2 138/1397/2
f 1465/1398/3 167/1309/3 137/1399/3
f 1464/1395/4 138/1397/4 168/1307/4
f 1466/1400/5 169/1303/5 167/1309/5
f 1465/1398/6 168/1307/6 170/1301/6
f 1463/1396/7 139/1393/7 169/1303/7
f 1466/1400/8 170/1301/8 140/1391/8
f 1468/1401/1 135/1405/1 137/1399/1
f 1467/1402/2 138/1397/2 136/1403/2
f 1469/1404/3 165/1315/3 135/1405/3
f 1468/1401/4 136/1403/4 166/1313/4
f 1470/1406/5 167/1309/5 165/1315/5
f 1469/1404/6 166/1313/6 168/1307/6
f 1467/1402/7 137/1399/7 167/1309/7
f 1470/1406/8 168/1307/8 138/1397/8
f 1472/1407/1 133/1411/1 135/1405/1
f 1472/1407/2 1471/1408/2 136/1403/2
f 1473/1410/3 163/1321/3 133/1411/3
f 1472/1407/4 134/1409/4 164/1319/4
f 1474/1412/5 165/1315/5 163/1321/5
f 1473/1410/6 164/1319/6 166/1313/6
f 1471/1408/7 135/1405/7 165/1315/7
f 1474/1412/8 166/1313/8 136/1403/8
f 1476/1413/1 131/1417/1 133/1411/1
f 1475/1414/2 134/1409/2 132/1415/2
f 1477/1416/3 161/1327/3 131/1417/3
f 1476/1413/4 132/1415/4 162/1325/4
f 1478/1418/5 163/1321/5 161/1327/5
f 1477/1416/6 162/1325/6 164/1319/6
f 1475/1414/7 133/1411/7 163/1321/7
f 1478/1418/8 164/1319/8 134/1409/8
f 1480/1419/1 129/23/1 131/1417/1
f 1479/1420/2 132/1415/2 130/22/2
f 1481/1421/3 159/32/3 129/23/3
f 1480/1419/4 130/22/4 160/31/4
f 1482/1422/5 161/1327/5 159/32/5
f 1481/1421/6 160/31/6 162/1325/6
f 1479/1420/7 131/1417/7 161/1327/7
f 1482/1422/8 162/1325/8 132/1415/8
f 1484/1423/1 69/1428/1 1/1424/1
f 1483/1425/2 2/1430/2 70/1426/2
f 1485/1427/3 157/1338/3 69/1428/3
f 1484/1423/4 70/1426/4 158/1336/4
f 1486/1429/5 37/1334/5 157/1338/5
f 1485/1427/6 158/1336/6 38/1340/6
f 1483/1425/7 1/1424/7 37/1334/7
f 1486/1429/8 38/1340/8 2/1430/8
f 1488/1431/1 71/1435/1 69/1428/1
f 1487/1432/2 70/1426/2 72/1433/2
f 1489/1434/3 155/1345/3 71/1435/3
f 1488/1431/4 72/1433/4 156/1343/4
f 1490/1436/5 157/1338/5 155/1345/5
f 1489/1434/6 156/1343/6 158/1336/6
f 1487/1432/7 69/1428/7 157/1338/7
f 1490/1436/8 158/1336/8 70/1426/8
f 1492/1437/1 73/1441/1 71/1435/1
f 1491/1438/2 72/1433/2 74/1439/2
f 1493/1440/3 153/1351/3 73/1441/3
f 1492/1437/4 74/1439/4 154/1349/4
f 1494/1442/5 155/1345/5 153/1351/5
f 1493/1440/6 154/1349/6 156/1343/6
f 1491/1438/7 71/1435/7 155/1345/7
f 1494/1442/8 156/1343/8 72/1433/8
f 1496/1443/1 75/1447/1 73/1441/1
f 1495/1444/2 74/1439/2 76/1445/2
f 1497/1446/3 151/1354/3 75/1447/3
f 1496/1443/4 76/1445/4 152/1355/4
f 1498/1448/5 153/1351/5 151/1354/5
f 1497/1446/6 152/1355/6 154/1349/6
f 1495/1444/7 73/1441/7 153/1351/7
f 1498/1448/8 154/1349/8 74/1439/8
f 1500/1449/1 77/1453/1 75/1447/1
f 1499/1450/2 76/1445/2 78/1451/2
f 1501/1452/3 149/1363/3 77/1453/3
f 1500/1449/4 78/1451/4 150/1361/4
f 1502/1454/5 151/1354/5 149/1363/5
f 1501/1452/6 150/1361/6 152/1355/6
f 1499/1450/7 75/1447/7 151/1354/7
f 1502/1454/8 152/1355/8 76/1445/8
f 1504/1455/1 79/1459/1 77/1453/1
f 1503/1456/2 78/1451/2 80/1457/2
f 1505/1458/3 147/1369/3 79/1459/3
f 1504/1455/4 80/1457/4 148/1367/4
f 1506/1460/5 149/1363/5 147/1369/5
f 1506/1460/6 1505/1458/6 148/1367/6
f 1503/1456/7 77/1453/7 149/1363/7
f 1506/1460/8 150/1361/8 78/1451/8
f 1508/1461/1 81/1465/1 79/1459/1
f 1507/1462/2 80/1457/2 82/1463/2
f 1509/1464/3 145/1375/3 81/1465/3
f 1508/1461/4 82/1463/4 146/1373/4
f 1510/1466/5 147/1369/5 145/1375/5
f 1509/1464/6 146/1373/6 148/1367/6
f 1507/1462/7 79/1459/7 147/1369/7
f 1510/1466/8 148/1367/8 80/1457/8
f 1512/1467/1 83/1471/1 81/1465/1
f 1511/1468/2 82/1463/2 84/1469/2
f 1513/1470/3 143/1378/3 83/1471/3
f 1512/1467/4 84/1469/4 144/1379/4
f 1514/1472/5 145/1375/5 143/1378/5
f 1513/1470/6 144/1379/6 146/1373/6
f 1511/1468/7 81/1465/7 145/1375/7
f 1514/1472/8 146/1373/8 82/1463/8
f 1516/1473/1 85/1477/1 83/1471/1
f 1515/1474/2 84/1469/2 86/1475/2
f 1517/1476/3 141/1387/3 85/1477/3
f 1516/1473/4 86/1475/4 142/1385/4
f 1518/1478/5 143/1378/5 141/1387/5
f 1517/1476/6 142/1385/6 144/1379/6
f 1515/1474/7 83/1471/7 143/1378/7
f 1518/1478/8 144/1379/8 84/1469/8
f 1520/1479/1 87/1483/1 85/1477/1
f 1519/1480/2 86/1475/2 88/1481/2
f 1521/1482/3 139/1393/3 87/1483/3
f 1520/1479/4 88/1481/4 140/1391/4
f 1522/1484/5 141/1387/5 139/1393/5
f 1521/1482/6 140/1391/6 142/1385/6
f 1519/1480/7 85/1477/7 141/1387/7
f 1522/1484/8 142/1385/8 86/1475/8
f 1524/1485/1 89/1489/1 87/1483/1
f 1523/1486/2 88/1481/2 90/1487/2
f 1525/1488/3 137/1399/3 89/1489/3
f 1524/1485/4 90/1487/4 138/1397/4
f 1525/1488/5 1526/1490/5 139/1393/5
f 1525/1488/6 138/1397/6 140/1391/6
f 1523/1486/7 87/1483/7 139/1393/7
f 1526/1490/8 140/1391/8 88/1481/8
f 1528/1491/1 91/1495/1 89/1489/1
f 1527/1492/2 90/1487/2 92/1493/2
f 1529/1494/3 135/1405/3 91/1495/3
f 1528/1491/4 92/1493/4 136/1403/4
f 1530/1496/5 137/1399/5 135/1405/5
f 1529/1494/6 136/1403/6 138/1397/6
f 1527/1492/7 89/1489/7 137/1399/7
f 1530/1496/8 138/1397/8 90/1487/8
f 1532/1497/1 93/1501/1 91/1495/1
f 1531/1498/2 92/1493/2 94/1499/2
f 1533/1500/3 133/1411/3 93/1501/3
f 1532/1497/4 94/1499/4 134/1409/4
f 1534/1502/5 135/1405/5 133/1411/5
f 1533/1500/6 134/1409/6 136/1403/6
f 1531/1498/7 91/1495/7 135/1405/7
f 1534/1502/8 136/1403/8 92/1493/8
f 1536/1503/1 95/1507/1 93/1501/1
f 1535/1504/2 94/1499/2 96/1505/2
f 1537/1506/3 131/1417/3 95/1507/3
f 1536/1503/4 96/1505/4 132/1415/4
f 1538/1508/5 133/1411/5 131/1417/5
f 1537/1506/6 132/1415/6 134/1409/6
f 1535/1504/7 93/1501/7 133/1411/7
f 1538/1508/8 134/1409/8 94/1499/8
f 1540/1509/1 97/14/1 95/1507/1
f 1539/1510/2 96/1505/2 98/24/2
f 1541/1511/3 129/23/3 97/14/3
f 1540/1509/4 98/24/4 130/22/4
f 1542/1512/5 131/1417/5 129/23/5
f 1541/1511/6 130/22/6 132/1415/6
f 1539/1510/7 95/1507/7 131/1417/7
f 1542/1512/8 132/1415/8 96/1505/8
f 1544/1513/1 577/141/1 9/143/1
f 1543/1514/2 10/142/2 578/139/2
f 1545/1515/3 127/1518/3 577/141/3
f 1544/1513/4 578/139/4 128/1516/4
f 1546/1517/5 5/1520/5 127/1518/5
f 1545/1515/6 128/1516/6 6/1519/6
f 1543/1514/7 9/143/7 5/1520/7
f 1546/1517/8 6/1519/8 10/142/8
f 1548/1521/1 575/152/1 577/141/1
f 1547/1522/2 578/139/2 576/150/2
f 1549/1523/3 125/1526/3 575/152/3
f 1548/1521/4 576/150/4 126/1524/4
f 1550/1525/5 127/1518/5 125/1526/5
f 1549/1523/6 126/1524/6 128/1516/6
f 1547/1522/7 577/141/7 127/1518/7
f 1550/1525/8 128/1516/8 578/139/8
f 1552/1527/1 573/160/1 575/152/1
f 1551/1528/2 576/150/2 574/158/2
f 1553/1529/3 123/1532/3 573/160/3
f 1552/1527/4 574/158/4 124/1530/4
f 1554/1531/5 125/1526/5 123/1532/5
f 1553/1529/6 124/1530/6 126/1524/6
f 1551/1528/7 575/152/7 125/1526/7
f 1554/1531/8 126/1524/8 576/150/8
f 1556/1533/1 571/168/1 573/160/1
f 1555/1534/2 574/158/2 572/166/2
f 1557/1535/3 121/1538/3 571/168/3
f 1556/1533/4 572/166/4 122/1536/4
f 1558/1537/5 123/1532/5 121/1538/5
f 1557/1535/6 122/1536/6 124/1530/6
f 1555/1534/7 573/160/7 123/1532/7
f 1558/1537/8 124/1530/8 574/158/8
f 1560/1539/1 569/176/1 571/168/1
f 1559/1540/2 572/166/2 570/174/2
f 1561/1541/3 119/1544/3 569/176/3
f 1560/1539/4 570/174/4 120/1542/4
f 1562/1543/5 121/1538/5 119/1544/5
f 1561/1541/6 120/1542/6 122/1536/6
f 1559/1540/7 571/168/7 121/1538/7
f 1562/1543/8 122/1536/8 572/166/8
f 1563/1545/1 1564/1546/1 567/184/1
f 1563/1545/2 570/174/2 568/182/2
f 1565/1547/3 117/1550/3 567/184/3
f 1564/1546/4 568/182/4 118/1548/4
f 1566/1549/5 119/1544/5 117/1550/5
f 1565/1547/6 118/1548/6 120/1542/6
f 1563/1545/7 569/176/7 119/1544/7
f 1566/1549/8 120/1542/8 570/174/8
f 1568/1551/1 565/192/1 567/184/1
f 1567/1552/2 568/182/2 566/190/2
f 1569/1553/3 115/1556/3 565/192/3
f 1568/1551/4 566/190/4 116/1554/4
f 1570/1555/5 117/1550/5 115/1556/5
f 1569/1553/6 116/1554/6 118/1548/6
f 1567/1552/7 567/184/7 117/1550/7
f 1570/1555/8 118/1548/8 568/182/8
f 1572/1557/1 563/200/1 565/192/1
f 1571/1558/2 566/190/2 564/198/2
f 1573/1559/3 113/1562/3 563/200/3
f 1572/1557/4 564/198/4 114/1560/4
f 1574/1561/5 115/1556/5 113/1562/5
f 1573/1559/6 114/1560/6 116/1554/6
f 1571/1558/7 565/192/7 115/1556/7
f 1574/1561/8 116/1554/8 566/190/8
f 1576/1563/1 561/207/1 563/200/1
f 1575/1564/2 564/198/2 562/206/2
f 1577/1565/3 111/1568/3 561/207/3
f 1576/1563/4 562/206/4 112/1566/4
f 1578/1567/5 113/1562/5 111/1568/5
f 1577/1565/6 112/1566/6 114/1560/6
f 1575/1564/7 563/200/7 113/1562/7
f 1578/1567/8 114/1560/8 564/198/8
f 1580/1569/1 559/216/1 561/207/1
f 1579/1570/2 562/206/2 560/214/2
f 1581/1571/3 109/1574/3 559/216/3
f 1580/1569/4 560/214/4 110/1572/4
f 1582/1573/5 111/1568/5 109/1574/5
f 1581/1571/6 110/1572/6 112/1566/6
f 1579/1570/7 561/207/7 111/1568/7
f 1582/1573/8 112/1566/8 562/206/8
f 1584/1575/1 557/224/1 559/216/1
f 1584/1575/2 1583/1576/2 560/214/2
f 1585/1577/3 107/1580/3 557/224/3
f 1584/1575/4 558/222/4 108/1578/4
f 1586/1579/5 109/1574/5 107/1580/5
f 1585/1577/6 108/1578/6 110/1572/6
f 1583/1576/7 559/216/7 109/1574/7
f 1586/1579/8 110/1572/8 560/214/8
f 1588/1581/1 555/232/1 557/224/1
f 1587/1582/2 558/222/2 556/230/2
f 1589/1583/3 105/1586/3 555/232/3
f 1588/1581/4 556/230/4 106/1584/4
f 1590/1585/5 107/1580/5 105/1586/5
f 1589/1583/6 106/1584/6 108/1578/6
f 1587/1582/7 557/224/7 107/1580/7
f 1590/1585/8 108/1578/8 558/222/8
f 1592/1587/1 553/239/1 555/232/1
f 1591/1588/2 556/230/2 554/238/2
f 1593/1589/3 103/1592/3 553/239/3
f 1592/1587/4 554/238/4 104/1590/4
f 1594/1591/5 105/1586/5 103/1592/5
f 1593/1589/6 104/1590/6 106/1584/6
f 1591/1588/7 555/232/7 105/1586/7
f 1594/1591/8 106/1584/8 556/230/8
f 1596/1593/1 551/248/1 553/239/1
f 1595/1594/2 554/238/2 552/246/2
f 1597/1595/3 101/1598/3 551/248/3
f 1596/1593/4 552/246/4 102/1596/4
f 1598/1597/5 103/1592/5 101/1598/5
f 1597/1595/6 102/1596/6 104/1590/6
f 1595/1594/7 553/239/7 103/1592/7
f 1598/1597/8 104/1590/8 554/238/8
f 1600/1599/1 549/2/1 551/248/1
f 1599/1600/2 552/246/2 550/12/2
f 1601/1601/3 99/11/3 549/2/3
f 1600/1599/4 550/12/4 100/10/4
f 1602/1602/5 101/1598/5 99/11/5
f 1601/1601/6 100/10/6 102/1596/6
f 1599/1600/7 551/248/7 101/1598/7
f 1602/1602/8 102/1596/8 552/246/8
o 立方体_立方体.002
v -1.103179 -0.039204 1.101423
v -1.103179 0.039204 1.101423
v -1.103179 -0.039204 -1.101423
v -1.103179 0.039204 -1.101423
v 1.103179 -0.039204 1.101423
v 1.103179 0.039204 1.101423
v 1.103179 -0.039204 -1.101423
v 1.103179 0.039204 -1.101423
v -1.000000 -0.039204 -1.000000
v 1.000000 -0.039204 -1.000000
v -1.000000 -0.039204 1.000000
v 1.000000 -0.039204 1.000000
v 1.000000 0.039204 -1.000000
v -1.000000 0.039204 -1.000000
v -1.000000 0.039204 1.000000
v 1.000000 0.039204 1.000000
vt 0.625000 0.000000
vt 0.375000 0.250000
vt 0.375000 0.000000
vt 0.625000 0.250000
vt 0.375000 0.500000
vt 0.625000 0.500000
vt 0.375000 0.750000
vt 0.625000 0.750000
vt 0.375000 1.000000
vt 0.125000 0.500000
vt 0.136691 0.511510
vt 0.125000 0.750000
vt 0.363309 0.738490
vt 0.875000 0.750000
vt 0.636691 0.738490
vt 0.863309 0.738490
vt 0.875000 0.500000
vt 0.636691 0.511510
vt 0.495100 0.000000
vt 0.504900 0.250000
vt 0.504900 0.000000
vt 0.495100 0.250000
vt 0.504900 0.500000
vt 0.495100 0.750000
vt 0.495100 0.500000
vt 0.495100 1.000000
vt 0.504900 0.750000
vt 0.625000 1.000000
vt 0.136691 0.738490
vt 0.363309 0.511510
vt 0.863309 0.511510
vt 0.504900 1.000000
vn -1.0000 0.0000 0.0000
vn 0.0000 0.0000 -1.0000
vn 1.0000 0.0000 0.0000
vn 0.0000 0.0000 1.0000
vn 0.0000 -1.0000 -0.0000
vn 0.0000 1.0000 -0.0000
usemtl None
s off
f 1604/1603/9 1605/1604/9 1603/1605/9
f 1606/1606/10 1609/1607/10 1605/1604/10
f 1610/1608/11 1607/1609/11 1609/1607/11
f 1608/1610/12 1603/1611/12 1607/1609/12
f 1605/1612/13 1609/1607/13 1611/1613/13
f 1603/1614/13 1614/1615/13 1607/1609/13
f 1604/1616/14 1618/1617/14 1617/1618/14
f 1610/1608/14 1606/1619/14 1615/1620/14
f 1613/1621/11 1616/1622/11 1617/1623/11
f 1611/1624/12 1615/1625/12 1616/1622/12
f 1614/1626/9 1615/1625/9 1612/1627/9
f 1613/1628/10 1618/1629/10 1614/1626/10
f 1604/1603/9 1606/1606/9 1605/1604/9
f 1606/1606/10 1610/1608/10 1609/1607/10
f 1610/1608/11 1608/1610/11 1607/1609/11
f 1608/1610/12 1604/1630/12 1603/1611/12
f 1611/1613/13 1613/1631/13 1603/1614/13
f 1609/1607/13 1607/1609/13 1614/1615/13
f 1609/1607/13 1614/1615/13 1612/1632/13
f 1611/1613/13 1603/1614/13 1605/1612/13
f 1609/1607/13 1612/1632/13 1611/1613/13
f 1603/1614/13 1613/1631/13 1614/1615/13
f 1604/1616/14 1608/1610/14 1618/1617/14
f 1615/1620/14 1618/1617/14 1608/1610/14
f 1606/1619/14 1604/1616/14 1617/1618/14
f 1606/1619/14 1617/1618/14 1616/1633/14
f 1615/1620/14 1608/1610/14 1610/1608/14
f 1606/1619/14 1616/1633/14 1615/1620/14
f 1613/1621/11 1611/1624/11 1616/1622/11
f 1611/1624/12 1612/1627/12 1615/1625/12
f 1614/1626/9 1618/1629/9 1615/1625/9
f 1613/1628/10 1617/1634/10 1618/1629/10
o 円柱
v -1.060000 -0.070309 -1.120309
v -1.060000 0.070309 -1.120309
v -1.046283 -0.070309 -1.118958
v -1.046283 0.070309 -1.118958
v -1.033094 -0.070309 -1.114957
v -1.033094 0.070309 -1.114957
v -1.020939 -0.070309 -1.108460
v -1.020939 0.070309 -1.108460
v -1.010284 -0.070309 -1.099716
v -1.010284 0.070309 -1.099716
v -1.001540 -0.070309 -1.089061
v -1.001540 0.070309 -1.089061
v -0.995043 -0.070309 -1.076906
v -0.995043 0.070309 -1.076906
v -0.991042 -0.070309 -1.063717
v -0.991042 0.070309 -1.063717
v -0.989691 -0.070309 -1.050000
v -0.989691 0.070309 -1.050000
v -0.991042 -0.070309 -1.036283
v -0.991042 0.070309 -1.036283
v -0.995043 -0.070309 -1.023094
v -0.995043 0.070309 -1.023094
v -1.001540 -0.070309 -1.010939
v -1.001540 0.070309 -1.010939
v -1.010284 -0.070309 -1.000284
v -1.010284 0.070309 -1.000284
v -1.020939 -0.070309 -0.991540
v -1.020939 0.070309 -0.991540
v -1.033094 -0.070309 -0.985043
v -1.033094 0.070309 -0.985043
v -1.046283 -0.070309 -0.981042
v -1.046283 0.070309 -0.981042
v -1.060000 -0.070309 -0.979691
v -1.060000 0.070309 -0.979691
v -1.073717 -0.070309 -0.981042
v -1.073717 0.070309 -0.981042
v -1.086906 -0.070309 -0.985043
v -1.086906 0.070309 -0.985043
v -1.099061 -0.070309 -0.991540
v -1.099061 0.070309 -0.991540
v -1.109716 -0.070309 -1.000284
v -1.109716 0.070309 -1.000284
v -1.118460 -0.070309 -1.010938
v -1.118460 0.070309 -1.010938
v -1.124957 -0.070309 -1.023094
v -1.124957 0.070309 -1.023094
v -1.128958 -0.070309 -1.036283
v -1.128958 0.070309 -1.036283
v -1.130309 -0.070309 -1.050000
v -1.130309 0.070309 -1.050000
v -1.128958 -0.070309 -1.063717
v -1.128958 0.070309 -1.063717
v -1.124957 -0.070309 -1.076906
v -1.124957 0.070309 -1.076906
v -1.118460 -0.070309 -1.089061
v -1.118460 0.070309 -1.089061
v -1.109716 -0.070309 -1.099716
v -1.109716 0.070309 -1.099716
v -1.099061 -0.070309 -1.108460
v -1.099061 0.070309 -1.108460
v -1.086906 -0.070309 -1.114957
v -1.086906 0.070309 -1.114957
v -1.073717 -0.070309 -1.118958
v -1.073717 0.070309 -1.118958
vt 1.000000 1.000000
vt 0.968750 0.500000
vt 1.000000 0.500000
vt 0.968750 1.000000
vt 0.937500 0.500000
vt 0.937500 1.000000
vt 0.906250 0.500000
vt 0.906250 1.000000
vt 0.875000 0.500000
vt 0.875000 1.000000
vt 0.843750 0.500000
vt 0.843750 1.000000
vt 0.812500 0.500000
vt 0.812500 1.000000
vt 0.781250 0.500000
vt 0.781250 1.000000
vt 0.750000 0.500000
vt 0.750000 1.000000
vt 0.718750 0.500000
vt 0.718750 1.000000
vt 0.687500 0.500000
vt 0.687500 1.000000
vt 0.656250 0.500000
vt 0.656250 1.000000
vt 0.625000 0.500000
vt 0.625000 1.000000
vt 0.593750 0.500000
vt 0.593750 1.000000
vt 0.562500 0.500000
vt 0.562500 1.000000
vt 0.531250 0.500000
vt 0.531250 1.000000
vt 0.500000 0.500000
vt 0.500000 1.000000
vt 0.468750 0.500000
vt 0.468750 1.000000
vt 0.437500 0.500000
vt 0.437500 1.000000
vt 0.406250 0.500000
vt 0.406250 1.000000
vt 0.375000 0.500000
vt 0.375000 1.000000
vt 0.343750 0.500000
vt 0.343750 1.000000
vt 0.312500 0.500000
vt 0.312500 1.000000
vt 0.281250 0.500000
vt 0.281250 1.000000
vt 0.250000 0.500000
vt 0.250000 1.000000
vt 0.218750 0.500000
vt 0.218750 1.000000
vt 0.187500 0.500000
vt 0.187500 1.000000
vt 0.156250 0.500000
vt 0.156250 1.000000
vt 0.125000 0.500000
vt 0.125000 1.000000
vt 0.093750 0.500000
vt 0.093750 1.000000
vt 0.062500 0.500000
vt 0.028269 0.341844
vt 0.158156 0.028269
vt 0.471731 0.158156
vt 0.062500 1.000000
vt 0.031250 0.500000
vt 0.031250 1.000000
vt 0.000000 0.500000
vt 0.985388 0.296822
vt 0.796822 0.014612
vt 0.514612 0.203178
vt 0.341844 0.471731
vt 0.296822 0.485388
vt 0.158156 0.471731
vt 0.250000 0.490000
vt 0.203178 0.485388
vt 0.116663 0.449553
vt 0.080294 0.419706
vt 0.050447 0.383337
vt 0.014612 0.296822
vt 0.010000 0.250000
vt 0.014612 0.203178
vt 0.028269 0.158156
vt 0.050447 0.116663
vt 0.080294 0.080294
vt 0.116663 0.050447
vt 0.203178 0.014612
vt 0.250000 0.010000
vt 0.296822 0.014612
vt 0.341844 0.028269
vt 0.383337 0.050447
vt 0.419706 0.080294
vt 0.449553 0.116663
vt 0.485388 0.203178
vt 0.490000 0.250000
vt 0.485388 0.296822
vt 0.471731 0.341844
vt 0.449553 0.383337
vt 0.419706 0.419706
vt 0.383337 0.449553
vt 0.000000 1.000000
vt 0.703178 0.485388
vt 0.750000 0.490000
vt 0.796822 0.485388
vt 0.841844 0.471731
vt 0.883337 0.449553
vt 0.919706 0.419706
vt 0.949553 0.383337
vt 0.971731 0.341844
vt 0.990000 0.250000
vt 0.985388 0.203178
vt 0.971731 0.158156
vt 0.949553 0.116663
vt 0.919706 0.080294
vt 0.883337 0.050447
vt 0.841844 0.028269
vt 0.750000 0.010000
vt 0.703178 0.014612
vt 0.658156 0.028269
vt 0.616663 0.050447
vt 0.580294 0.080294
vt 0.550447 0.116663
vt 0.528269 0.158156
vt 0.510000 0.250000
vt 0.514612 0.296822
vt 0.528269 0.341844
vt 0.550447 0.383337
vt 0.580294 0.419706
vt 0.616663 0.449553
vt 0.658156 0.471731
vn 0.0980 0.0000 -0.9952
vn 0.2903 0.0000 -0.9569
vn 0.4714 0.0000 -0.8819
vn 0.6344 0.0000 -0.7730
vn 0.7730 0.0000 -0.6344
vn 0.8819 0.0000 -0.4714
vn 0.9569 0.0000 -0.2903
vn 0.9952 0.0000 -0.0980
vn 0.9952 0.0000 0.0980
vn 0.9569 0.0000 0.2903
vn 0.8819 0.0000 0.4714
vn 0.7730 0.0000 0.6344
vn 0.6344 0.0000 0.7730
vn 0.4714 0.0000 0.8819
vn 0.2903 0.0000 0.9569
vn 0.0980 0.0000 0.9952
vn -0.0980 0.0000 0.9952
vn -0.2903 0.0000 0.9569
vn -0.4714 0.0000 0.8819
vn -0.6344 0.0000 0.7730
vn -0.7730 0.0000 0.6344
vn -0.8819 0.0000 0.4714
vn -0.9569 0.0000 0.2903
vn -0.9952 0.0000 0.0980
vn -0.9952 0.0000 -0.0980
vn -0.9569 0.0000 -0.2903
vn -0.8819 0.0000 -0.4714
vn -0.7730 0.0000 -0.6344
vn -0.6344 0.0000 -0.7730
vn -0.4714 0.0000 -0.8819
vn 0.0000 1.0000 0.0000
vn -0.2903 0.0000 -0.9569
vn -0.0980 0.0000 -0.9952
vn 0.0000 -1.0000 0.0000
usemtl None
s off
f 1620/1635/15 1621/1636/15 1619/1637/15
f 1622/1638/16 1623/1639/16 1621/1636/16
f 1624/1640/17 1625/1641/17 1623/1639/17
f 1626/1642/18 1627/1643/18 1625/1641/18
f 1628/1644/19 1629/1645/19 1627/1643/19
f 1630/1646/20 1631/1647/20 1629/1645/20
f 1632/1648/21 1633/1649/21 1631/1647/21
f 1634/1650/22 1635/1651/22 1633/1649/22
f 1636/1652/23 1637/1653/23 1635/1651/23
f 1638/1654/24 1639/1655/24 1637/1653/24
f 1640/1656/25 1641/1657/25 1639/1655/25
f 1642/1658/26 1643/1659/26 1641/1657/26
f 1644/1660/27 1645/1661/27 1643/1659/27
f 1646/1662/28 1647/1663/28 1645/1661/28
f 1648/1664/29 1649/1665/29 1647/1663/29
f 1650/1666/30 1651/1667/30 1649/1665/30
f 1652/1668/31 1653/1669/31 1651/1667/31
f 1654/1670/32 1655/1671/32 1653/1669/32
f 1656/1672/33 1657/1673/33 1655/1671/33
f 1658/1674/34 1659/1675/34 1657/1673/34
f 1660/1676/35 1661/1677/35 1659/1675/35
f 1662/1678/36 1663/1679/36 1661/1677/36
f 1664/1680/37 1665/1681/37 1663/1679/37
f 1666/1682/38 1667/1683/38 1665/1681/38
f 1668/1684/39 1669/1685/39 1667/1683/39
f 1670/1686/40 1671/1687/40 1669/1685/40
f 1672/1688/41 1673/1689/41 1671/1687/41
f 1674/1690/42 1675/1691/42 1673/1689/42
f 1676/1692/43 1677/1693/43 1675/1691/43
f 1678/1694/44 1679/1695/44 1677/1693/44
f 1672/1696/45 1656/1697/45 1640/1698/45
f 1680/1699/46 1681/1700/46 1679/1695/46
f 1682/1701/47 1619/1702/47 1681/1700/47
f 1633/1703/48 1649/1704/48 1665/1705/48
f 1620/1635/15 1622/1638/15 1621/1636/15
f 1622/1638/16 1624/1640/16 1623/1639/16
f 1624/1640/17 1626/1642/17 1625/1641/17
f 1626/1642/18 1628/1644/18 1627/1643/18
f 1628/1644/19 1630/1646/19 1629/1645/19
f 1630/1646/20 1632/1648/20 1631/1647/20
f 1632/1648/21 1634/1650/21 1633/1649/21
f 1634/1650/22 1636/1652/22 1635/1651/22
f 1636/1652/23 1638/1654/23 1637/1653/23
f 1638/1654/24 1640/1656/24 1639/1655/24
f 1640/1656/25 1642/1658/25 1641/1657/25
f 1642/1658/26 1644/1660/26 1643/1659/26
f 1644/1660/27 1646/1662/27 1645/1661/27
f 1646/1662/28 1648/1664/28 1647/1663/28
f 1648/1664/29 1650/1666/29 1649/1665/29
f 1650/1666/30 1652/1668/30 1651/1667/30
f 1652/1668/31 1654/1670/31 1653/1669/31
f 1654/1670/32 1656/1672/32 1655/1671/32
f 1656/1672/33 1658/1674/33 1657/1673/33
f 1658/1674/34 1660/1676/34 1659/1675/34
f 1660/1676/35 1662/1678/35 1661/1677/35
f 1662/1678/36 1664/1680/36 1663/1679/36
f 1664/1680/37 1666/1682/37 1665/1681/37
f 1666/1682/38 1668/1684/38 1667/1683/38
f 1668/1684/39 1670/1686/39 1669/1685/39
f 1670/1686/40 1672/1688/40 1671/1687/40
f 1672/1688/41 1674/1690/41 1673/1689/41
f 1674/1690/42 1676/1692/42 1675/1691/42
f 1676/1692/43 1678/1694/43 1677/1693/43
f 1678/1694/44 1680/1699/44 1679/1695/44
f 1624/1706/45 1622/1707/45 1680/1708/45
f 1622/1707/45 1620/1709/45 1680/1708/45
f 1620/1709/45 1682/1710/45 1680/1708/45
f 1680/1708/45 1678/1711/45 1676/1712/45
f 1676/1712/45 1674/1713/45 1680/1708/45
f 1674/1713/45 1672/1696/45 1680/1708/45
f 1672/1696/45 1670/1714/45 1668/1715/45
f 1668/1715/45 1666/1716/45 1664/1717/45
f 1664/1717/45 1662/1718/45 1660/1719/45
f 1660/1719/45 1658/1720/45 1656/1697/45
f 1656/1697/45 1654/1721/45 1652/1722/45
f 1652/1722/45 1650/1723/45 1648/1724/45
f 1648/1724/45 1646/1725/45 1644/1726/45
f 1644/1726/45 1642/1727/45 1640/1698/45
f 1640/1698/45 1638/1728/45 1636/1729/45
f 1636/1729/45 1634/1730/45 1632/1731/45
f 1632/1731/45 1630/1732/45 1628/1733/45
f 1628/1733/45 1626/1734/45 1624/1706/45
f 1672/1696/45 1668/1715/45 1656/1697/45
f 1668/1715/45 1664/1717/45 1656/1697/45
f 1664/1717/45 1660/1719/45 1656/1697/45
f 1656/1697/45 1652/1722/45 1648/1724/45
f 1648/1724/45 1644/1726/45 1656/1697/45
f 1644/1726/45 1640/1698/45 1656/1697/45
f 1640/1698/45 1636/1729/45 1624/1706/45
f 1636/1729/45 1632/1731/45 1624/1706/45
f 1632/1731/45 1628/1733/45 1624/1706/45
f 1624/1706/45 1680/1708/45 1672/1696/45
f 1624/1706/45 1672/1696/45 1640/1698/45
f 1680/1699/46 1682/1701/46 1681/1700/46
f 1682/1701/47 1620/1735/47 1619/1702/47
f 1681/1736/48 1619/1737/48 1621/1738/48
f 1621/1738/48 1623/1739/48 1625/1740/48
f 1625/1740/48 1627/1741/48 1629/1742/48
f 1629/1742/48 1631/1743/48 1633/1703/48
f 1633/1703/48 1635/1744/48 1637/1745/48
f 1637/1745/48 1639/1746/48 1641/1747/48
f 1641/1747/48 1643/1748/48 1645/1749/48
f 1645/1749/48 1647/1750/48 1649/1704/48
f 1649/1704/48 1651/1751/48 1653/1752/48
f 1653/1752/48 1655/1753/48 1657/1754/48
f 1657/1754/48 1659/1755/48 1661/1756/48
f 1661/1756/48 1663/1757/48 1665/1705/48
f 1665/1705/48 1667/1758/48 1669/1759/48
f 1669/1759/48 1671/1760/48 1665/1705/48
f 1671/1760/48 1673/1761/48 1665/1705/48
f 1673/1761/48 1675/1762/48 1677/1763/48
f 1677/1763/48 1679/1764/48 1673/1761/48
f 1679/1764/48 1681/1736/48 1673/1761/48
f 1681/1736/48 1621/1738/48 1633/1703/48
f 1621/1738/48 1625/1740/48 1633/1703/48
f 1625/1740/48 1629/1742/48 1633/1703/48
f 1633/1703/48 1637/1745/48 1641/1747/48
f 1641/1747/48 1645/1749/48 1633/1703/48
f 1645/1749/48 1649/1704/48 1633/1703/48
f 1649/1704/48 1653/1752/48 1665/1705/48
f 1653/1752/48 1657/1754/48 1665/1705/48
f 1657/1754/48 1661/1756/48 1665/1705/48
f 1665/1705/48 1673/1761/48 1681/1736/48
f 1681/1736/48 1633/1703/48 1665/1705/48
o 円柱.001
v -1.050000 -0.070309 0.989691
v -1.050000 0.070309 0.989691
v -1.036283 -0.070309 0.991042
v -1.036283 0.070309 0.991042
v -1.023094 -0.070309 0.995043
v -1.023094 0.070309 0.995043
v -1.010939 -0.070309 1.001540
v -1.010939 0.070309 1.001540
v -1.000284 -0.070309 1.010284
v -1.000284 0.070309 1.010284
v -0.991540 -0.070309 1.020939
v -0.991540 0.070309 1.020939
v -0.985043 -0.070309 1.033094
v -0.985043 0.070309 1.033094
v -0.981042 -0.070309 1.046283
v -0.981042 0.070309 1.046283
v -0.979691 -0.070309 1.060000
v -0.979691 0.070309 1.060000
v -0.981042 -0.070309 1.073717
v -0.981042 0.070309 1.073717
v -0.985043 -0.070309 1.086906
v -0.985043 0.070309 1.086906
v -0.991540 -0.070309 1.099061
v -0.991540 0.070309 1.099061
v -1.000284 -0.070309 1.109716
v -1.000284 0.070309 1.109716
v -1.010939 -0.070309 1.118460
v -1.010939 0.070309 1.118460
v -1.023094 -0.070309 1.124957
v -1.023094 0.070309 1.124957
v -1.036283 -0.070309 1.128958
v -1.036283 0.070309 1.128958
v -1.050000 -0.070309 1.130309
v -1.050000 0.070309 1.130309
v -1.063717 -0.070309 1.128958
v -1.063717 0.070309 1.128958
v -1.076906 -0.070309 1.124957
v -1.076906 0.070309 1.124957
v -1.089061 -0.070309 1.118460
v -1.089061 0.070309 1.118460
v -1.099716 -0.070309 1.109716
v -1.099716 0.070309 1.109716
v -1.108460 -0.070309 1.099061
v -1.108460 0.070309 1.099061
v -1.114957 -0.070309 1.086906
v -1.114957 0.070309 1.086906
v -1.118958 -0.070309 1.073717
v -1.118958 0.070309 1.073717
v -1.120309 -0.070309 1.060000
v -1.120309 0.070309 1.060000
v -1.118958 -0.070309 1.046283
v -1.118958 0.070309 1.046283
v -1.114957 -0.070309 1.033094
v -1.114957 0.070309 1.033094
v -1.108460 -0.070309 1.020939
v -1.108460 0.070309 1.020939
v -1.099716 -0.070309 1.010284
v -1.099716 0.070309 1.010284
v -1.089061 -0.070309 1.001540
v -1.089061 0.070309 1.001540
v -1.076906 -0.070309 0.995043
v -1.076906 0.070309 0.995043
v -1.063717 -0.070309 0.991042
v -1.063717 0.070309 0.991042
vt 1.000000 1.000000
vt 0.968750 0.500000
vt 1.000000 0.500000
vt 0.968750 1.000000
vt 0.937500 0.500000
vt 0.937500 1.000000
vt 0.906250 0.500000
vt 0.906250 1.000000
vt 0.875000 0.500000
vt 0.875000 1.000000
vt 0.843750 0.500000
vt 0.843750 1.000000
vt 0.812500 0.500000
vt 0.812500 1.000000
vt 0.781250 0.500000
vt 0.781250 1.000000
vt 0.750000 0.500000
vt 0.750000 1.000000
vt 0.718750 0.500000
vt 0.718750 1.000000
vt 0.687500 0.500000
vt 0.687500 1.000000
vt 0.656250 0.500000
vt 0.656250 1.000000
vt 0.625000 0.500000
vt 0.625000 1.000000
vt 0.593750 0.500000
vt 0.593750 1.000000
vt 0.562500 0.500000
vt 0.562500 1.000000
vt 0.531250 0.500000
vt 0.531250 1.000000
vt 0.500000 0.500000
vt 0.500000 1.000000
vt 0.468750 0.500000
vt 0.468750 1.000000
vt 0.437500 0.500000
vt 0.437500 1.000000
vt 0.406250 0.500000
vt 0.406250 1.000000
vt 0.375000 0.500000
vt 0.375000 1.000000
vt 0.343750 0.500000
vt 0.343750 1.000000
vt 0.312500 0.500000
vt 0.312500 1.000000
vt 0.281250 0.500000
vt 0.281250 1.000000
vt 0.250000 0.500000
vt 0.250000 1.000000
vt 0.218750 0.500000
vt 0.218750 1.000000
vt 0.187500 0.500000
vt 0.187500 1.000000
vt 0.156250 0.500000
vt 0.156250 1.000000
vt 0.125000 0.500000
vt 0.125000 1.000000
vt 0.093750 0.500000
vt 0.093750 1.000000
vt 0.062500 0.500000
vt 0.028269 0.341844
vt 0.158156 0.028269
vt 0.471731 0.158156
vt 0.062500 1.000000
vt 0.031250 0.500000
vt 0.031250 1.000000
vt 0.000000 0.500000
vt 0.985388 0.296822
vt 0.796822 0.014612
vt 0.514612 0.203178
vt 0.341844 0.471731
vt 0.296822 0.485388
vt 0.158156 0.471731
vt 0.250000 0.490000
vt 0.203178 0.485388
vt 0.116663 0.449553
vt 0.080294 0.419706
vt 0.050447 0.383337
vt 0.014612 0.296822
vt 0.010000 0.250000
vt 0.014612 0.203178
vt 0.028269 0.158156
vt 0.050447 0.116663
vt 0.080294 0.080294
vt 0.116663 0.050447
vt 0.203178 0.014612
vt 0.250000 0.010000
vt 0.296822 0.014612
vt 0.341844 0.028269
vt 0.383337 0.050447
vt 0.419706 0.080294
vt 0.449553 0.116663
vt 0.485388 0.203178
vt 0.490000 0.250000
vt 0.485388 0.296822
vt 0.471731 0.341844
vt 0.449553 0.383337
vt 0.419706 0.419706
vt 0.383337 0.449553
vt 0.000000 1.000000
vt 0.703178 0.485388
vt 0.750000 0.490000
vt 0.796822 0.485388
vt 0.841844 0.471731
vt 0.883337 0.449553
vt 0.919706 0.419706
vt 0.949553 0.383337
vt 0.971731 0.341844
vt 0.990000 0.250000
vt 0.985388 0.203178
vt 0.971731 0.158156
vt 0.949553 0.116663
vt 0.919706 0.080294
vt 0.883337 0.050447
vt 0.841844 0.028269
vt 0.750000 0.010000
vt 0.703178 0.014612
vt 0.658156 0.028269
vt 0.616663 0.050447
vt 0.580294 0.080294
vt 0.550447 0.116663
vt 0.528269 0.158156
vt 0.510000 0.250000
vt 0.514612 0.296822
vt 0.528269 0.341844
vt 0.550447 0.383337
vt 0.580294 0.419706
vt 0.616663 0.449553
vt 0.658156 0.471731
vn 0.0980 0.0000 -0.9952
vn 0.2903 0.0000 -0.9569
vn 0.4714 0.0000 -0.8819
vn 0.6344 0.0000 -0.7730
vn 0.7730 0.0000 -0.6344
vn 0.8819 0.0000 -0.4714
vn 0.9569 0.0000 -0.2903
vn 0.9952 0.0000 -0.0980
vn 0.9952 0.0000 0.0980
vn 0.9569 0.0000 0.2903
vn 0.8819 0.0000 0.4714
vn 0.7730 0.0000 0.6344
vn 0.6344 0.0000 0.7730
vn 0.4714 0.0000 0.8819
vn 0.2903 0.0000 0.9569
vn 0.0980 0.0000 0.9952
vn -0.0980 0.0000 0.9952
vn -0.2903 0.0000 0.9569
vn -0.4714 0.0000 0.8819
vn -0.6344 0.0000 0.7730
vn -0.7730 0.0000 0.6344
vn -0.8819 0.0000 0.4714
vn -0.9569 0.0000 0.2903
vn -0.9952 0.0000 0.0980
vn -0.9952 0.0000 -0.0980
vn -0.9569 0.0000 -0.2903
vn -0.8819 0.0000 -0.4714
vn -0.7730 0.0000 -0.6344
vn -0.6344 0.0000 -0.7730
vn -0.4714 0.0000 -0.8819
vn 0.0000 1.0000 0.0000
vn -0.2903 0.0000 -0.9569
vn -0.0980 0.0000 -0.9952
vn 0.0000 -1.0000 0.0000
usemtl None
s off
f 1684/1765/49 1685/1766/49 1683/1767/49
f 1686/1768/50 1687/1769/50 1685/1766/50
f 1688/1770/51 1689/1771/51 1687/1769/51
f 1690/1772/52 1691/1773/52 1689/1771/52
f 1692/1774/53 1693/1775/53 1691/1773/53
f 1694/1776/54 1695/1777/54 1693/1775/54
f 1696/1778/55 1697/1779/55 1695/1777/55
f 1698/1780/56 1699/1781/56 1697/1779/56
f 1700/1782/57 1701/1783/57 1699/1781/57
f 1702/1784/58 1703/1785/58 1701/1783/58
f 1704/1786/59 1705/1787/59 1703/1785/59
f 1706/1788/60 1707/1789/60 1705/1787/60
f 1708/1790/61 1709/1791/61 1707/1789/61
f 1710/1792/62 1711/1793/62 1709/1791/62
f 1712/1794/63 1713/1795/63 1711/1793/63
f 1714/1796/64 1715/1797/64 1713/1795/64
f 1716/1798/65 1717/1799/65 1715/1797/65
f 1718/1800/66 1719/1801/66 1717/1799/66
f 1720/1802/67 1721/1803/67 1719/1801/67
f 1722/1804/68 1723/1805/68 1721/1803/68
f 1724/1806/69 1725/1807/69 1723/1805/69
f 1726/1808/70 1727/1809/70 1725/1807/70
f 1728/1810/71 1729/1811/71 1727/1809/71
f 1730/1812/72 1731/1813/72 1729/1811/72
f 1732/1814/73 1733/1815/73 1731/1813/73
f 1734/1816/74 1735/1817/74 1733/1815/74
f 1736/1818/75 1737/1819/75 1735/1817/75
f 1738/1820/76 1739/1821/76 1737/1819/76
f 1740/1822/77 1741/1823/77 1739/1821/77
f 1742/1824/78 1743/1825/78 1741/1823/78
f 1736/1826/79 1720/1827/79 1704/1828/79
f 1744/1829/80 1745/1830/80 1743/1825/80
f 1746/1831/81 1683/1832/81 1745/1830/81
f 1697/1833/82 1713/1834/82 1729/1835/82
f 1684/1765/49 1686/1768/49 1685/1766/49
f 1686/1768/50 1688/1770/50 1687/1769/50
f 1688/1770/51 1690/1772/51 1689/1771/51
f 1690/1772/52 1692/1774/52 1691/1773/52
f 1692/1774/53 1694/1776/53 1693/1775/53
f 1694/1776/54 1696/1778/54 1695/1777/54
f 1696/1778/55 1698/1780/55 1697/1779/55
f 1698/1780/56 1700/1782/56 1699/1781/56
f 1700/1782/57 1702/1784/57 1701/1783/57
f 1702/1784/58 1704/1786/58 1703/1785/58
f 1704/1786/59 1706/1788/59 1705/1787/59
f 1706/1788/60 1708/1790/60 1707/1789/60
f 1708/1790/61 1710/1792/61 1709/1791/61
f 1710/1792/62 1712/1794/62 1711/1793/62
f 1712/1794/63 1714/1796/63 1713/1795/63
f 1714/1796/64 1716/1798/64 1715/1797/64
f 1716/1798/65 1718/1800/65 1717/1799/65
f 1718/1800/66 1720/1802/66 1719/1801/66
f 1720/1802/67 1722/1804/67 1721/1803/67
f 1722/1804/68 1724/1806/68 1723/1805/68
f 1724/1806/69 1726/1808/69 1725/1807/69
f 1726/1808/70 1728/1810/70 1727/1809/70
f 1728/1810/71 1730/1812/71 1729/1811/71
f 1730/1812/72 1732/1814/72 1731/1813/72
f 1732/1814/73 1734/1816/73 1733/1815/73
f 1734/1816/74 1736/1818/74 1735/1817/74
f 1736/1818/75 1738/1820/75 1737/1819/75
f 1738/1820/76 1740/1822/76 1739/1821/76
f 1740/1822/77 1742/1824/77 1741/1823/77
f 1742/1824/78 1744/1829/78 1743/1825/78
f 1688/1836/79 1686/1837/79 1744/1838/79
f 1686/1837/79 1684/1839/79 1744/1838/79
f 1684/1839/79 1746/1840/79 1744/1838/79
f 1744/1838/79 1742/1841/79 1740/1842/79
f 1740/1842/79 1738/1843/79 1744/1838/79
f 1738/1843/79 1736/1826/79 1744/1838/79
f 1736/1826/79 1734/1844/79 1732/1845/79
f 1732/1845/79 1730/1846/79 1728/1847/79
f 1728/1847/79 1726/1848/79 1724/1849/79
f 1724/1849/79 1722/1850/79 1720/1827/79
f 1720/1827/79 1718/1851/79 1716/1852/79
f 1716/1852/79 1714/1853/79 1712/1854/79
f 1712/1854/79 1710/1855/79 1708/1856/79
f 1708/1856/79 1706/1857/79 1704/1828/79
f 1704/1828/79 1702/1858/79 1700/1859/79
f 1700/1859/79 1698/1860/79 1696/1861/79
f 1696/1861/79 1694/1862/79 1692/1863/79
f 1692/1863/79 1690/1864/79 1688/1836/79
f 1736/1826/79 1732/1845/79 1720/1827/79
f 1732/1845/79 1728/1847/79 1720/1827/79
f 1728/1847/79 1724/1849/79 1720/1827/79
f 1720/1827/79 1716/1852/79 1712/1854/79
f 1712/1854/79 1708/1856/79 1720/1827/79
f 1708/1856/79 1704/1828/79 1720/1827/79
f 1704/1828/79 1700/1859/79 1688/1836/79
f 1700/1859/79 1696/1861/79 1688/1836/79
f 1696/1861/79 1692/1863/79 1688/1836/79
f 1688/1836/79 1744/1838/79 1736/1826/79
f 1688/1836/79 1736/1826/79 1704/1828/79
f 1744/1829/80 1746/1831/80 1745/1830/80
f 1746/1831/81 1684/1865/81 1683/1832/81
f 1745/1866/82 1683/1867/82 1685/1868/82
f 1685/1868/82 1687/1869/82 1689/1870/82
f 1689/1870/82 1691/1871/82 1693/1872/82
f 1693/1872/82 1695/1873/82 1697/1833/82
f 1697/1833/82 1699/1874/82 1701/1875/82
f 1701/1875/82 1703/1876/82 1705/1877/82
f 1705/1877/82 1707/1878/82 1709/1879/82
f 1709/1879/82 1711/1880/82 1713/1834/82
f 1713/1834/82 1715/1881/82 1717/1882/82
f 1717/1882/82 1719/1883/82 1721/1884/82
f 1721/1884/82 1723/1885/82 1725/1886/82
f 1725/1886/82 1727/1887/82 1729/1835/82
f 1729/1835/82 1731/1888/82 1733/1889/82
f 1733/1889/82 1735/1890/82 1729/1835/82
f 1735/1890/82 1737/1891/82 1729/1835/82
f 1737/1891/82 1739/1892/82 1741/1893/82
f 1741/1893/82 1743/1894/82 1737/1891/82
f 1743/1894/82 1745/1866/82 1737/1891/82
f 1745/1866/82 1685/1868/82 1697/1833/82
f 1685/1868/82 1689/1870/82 1697/1833/82
f 1689/1870/82 1693/1872/82 1697/1833/82
f 1697/1833/82 1701/1875/82 1705/1877/82
f 1705/1877/82 1709/1879/82 1697/1833/82
f 1709/1879/82 1713/1834/82 1697/1833/82
f 1713/1834/82 1717/1882/82 1729/1835/82
f 1717/1882/82 1721/1884/82 1729/1835/82
f 1721/1884/82 1725/1886/82 1729/1835/82
f 1729/1835/82 1737/1891/82 1745/1866/82
f 1745/1866/82 1697/1833/82 1729/1835/82
o 円柱.002
v 1.060000 -0.070309 -1.120309
v 1.060000 0.070309 -1.120309
v 1.073717 -0.070309 -1.118958
v 1.073717 0.070309 -1.118958
v 1.086906 -0.070309 -1.114957
v 1.086906 0.070309 -1.114957
v 1.099061 -0.070309 -1.108460
v 1.099061 0.070309 -1.108460
v 1.109716 -0.070309 -1.099716
v 1.109716 0.070309 -1.099716
v 1.118460 -0.070309 -1.089061
v 1.118460 0.070309 -1.089061
v 1.124957 -0.070309 -1.076906
v 1.124957 0.070309 -1.076906
v 1.128958 -0.070309 -1.063717
v 1.128958 0.070309 -1.063717
v 1.130309 -0.070309 -1.050000
v 1.130309 0.070309 -1.050000
v 1.128958 -0.070309 -1.036283
v 1.128958 0.070309 -1.036283
v 1.124957 -0.070309 -1.023094
v 1.124957 0.070309 -1.023094
v 1.118460 -0.070309 -1.010939
v 1.118460 0.070309 -1.010939
v 1.109716 -0.070309 -1.000284
v 1.109716 0.070309 -1.000284
v 1.099061 -0.070309 -0.991540
v 1.099061 0.070309 -0.991540
v 1.086906 -0.070309 -0.985043
v 1.086906 0.070309 -0.985043
v 1.073717 -0.070309 -0.981042
v 1.073717 0.070309 -0.981042
v 1.060000 -0.070309 -0.979691
v 1.060000 0.070309 -0.979691
v 1.046283 -0.070309 -0.981042
v 1.046283 0.070309 -0.981042
v 1.033094 -0.070309 -0.985043
v 1.033094 0.070309 -0.985043
v 1.020939 -0.070309 -0.991540
v 1.020939 0.070309 -0.991540
v 1.010284 -0.070309 -1.000284
v 1.010284 0.070309 -1.000284
v 1.001540 -0.070309 -1.010938
v 1.001540 0.070309 -1.010938
v 0.995043 -0.070309 -1.023094
v 0.995043 0.070309 -1.023094
v 0.991042 -0.070309 -1.036283
v 0.991042 0.070309 -1.036283
v 0.989691 -0.070309 -1.050000
v 0.989691 0.070309 -1.050000
v 0.991042 -0.070309 -1.063717
v 0.991042 0.070309 -1.063717
v 0.995043 -0.070309 -1.076906
v 0.995043 0.070309 -1.076906
v 1.001540 -0.070309 -1.089061
v 1.001540 0.070309 -1.089061
v 1.010284 -0.070309 -1.099716
v 1.010284 0.070309 -1.099716
v 1.020939 -0.070309 -1.108460
v 1.020939 0.070309 -1.108460
v 1.033094 -0.070309 -1.114957
v 1.033094 0.070309 -1.114957
v 1.046283 -0.070309 -1.118958
v 1.046283 0.070309 -1.118958
vt 1.000000 1.000000
vt 0.968750 0.500000
vt 1.000000 0.500000
vt 0.968750 1.000000
vt 0.937500 0.500000
vt 0.937500 1.000000
vt 0.906250 0.500000
vt 0.906250 1.000000
vt 0.875000 0.500000
vt 0.875000 1.000000
vt 0.843750 0.500000
vt 0.843750 1.000000
vt 0.812500 0.500000
vt 0.812500 1.000000
vt 0.781250 0.500000
vt 0.781250 1.000000
vt 0.750000 0.500000
vt 0.750000 1.000000
vt 0.718750 0.500000
vt 0.718750 1.000000
vt 0.687500 0.500000
vt 0.687500 1.000000
vt 0.656250 0.500000
vt 0.656250 1.000000
vt 0.625000 0.500000
vt 0.625000 1.000000
vt 0.593750 0.500000
vt 0.593750 1.000000
vt 0.562500 0.500000
vt 0.562500 1.000000
vt 0.531250 0.500000
vt 0.531250 1.000000
vt 0.500000 0.500000
vt 0.500000 1.000000
vt 0.468750 0.500000
vt 0.468750 1.000000
vt 0.437500 0.500000
vt 0.437500 1.000000
vt 0.406250 0.500000
vt 0.406250 1.000000
vt 0.375000 0.500000
vt 0.375000 1.000000
vt 0.343750 0.500000
vt 0.343750 1.000000
vt 0.312500 0.500000
vt 0.312500 1.000000
vt 0.281250 0.500000
vt 0.281250 1.000000
vt 0.250000 0.500000
vt 0.250000 1.000000
vt 0.218750 0.500000
vt 0.218750 1.000000
vt 0.187500 0.500000
vt 0.187500 1.000000
vt 0.156250 0.500000
vt 0.156250 1.000000
vt 0.125000 0.500000
vt 0.125000 1.000000
vt 0.093750 0.500000
vt 0.093750 1.000000
vt 0.062500 0.500000
vt 0.028269 0.341844
vt 0.158156 0.028269
vt 0.471731 0.158156
vt 0.062500 1.000000
vt 0.031250 0.500000
vt 0.031250 1.000000
vt 0.000000 0.500000
vt 0.985388 0.296822
vt 0.796822 0.014612
vt 0.514612 0.203178
vt 0.341844 0.471731
vt 0.296822 0.485388
vt 0.158156 0.471731
vt 0.250000 0.490000
vt 0.203178 0.485388
vt 0.116663 0.449553
vt 0.080294 0.419706
vt 0.050447 0.383337
vt 0.014612 0.296822
vt 0.010000 0.250000
vt 0.014612 0.203178
vt 0.028269 0.158156
vt 0.050447 0.116663
vt 0.080294 0.080294
vt 0.116663 0.050447
vt 0.203178 0.014612
vt 0.250000 0.010000
vt 0.296822 0.014612
vt 0.341844 0.028269
vt 0.383337 0.050447
vt 0.419706 0.080294
vt 0.449553 0.116663
vt 0.485388 0.203178
vt 0.490000 0.250000
vt 0.485388 0.296822
vt 0.471731 0.341844
vt 0.449553 0.383337
vt 0.419706 0.419706
vt 0.383337 0.449553
vt 0.000000 1.000000
vt 0.703178 0.485388
vt 0.750000 0.490000
vt 0.796822 0.485388
vt 0.841844 0.471731
vt 0.883337 0.449553
vt 0.919706 0.419706
vt 0.949553 0.383337
vt 0.971731 0.341844
vt 0.990000 0.250000
vt 0.985388 0.203178
vt 0.971731 0.158156
vt 0.949553 0.116663
vt 0.919706 0.080294
vt 0.883337 0.050447
vt 0.841844 0.028269
vt 0.750000 0.010000
vt 0.703178 0.014612
vt 0.658156 0.028269
vt 0.616663 0.050447
vt 0.580294 0.080294
vt 0.550447 0.116663
vt 0.528269 0.158156
vt 0.510000 0.250000
vt 0.514612 0.296822
vt 0.528269 0.341844
vt 0.550447 0.383337
vt 0.580294 0.419706
vt 0.616663 0.449553
vt 0.658156 0.471731
vn 0.0980 0.0000 -0.9952
vn 0.2903 0.0000 -0.9569
vn 0.4714 0.0000 -0.8819
vn 0.6344 0.0000 -0.7730
vn 0.7730 0.0000 -0.6344
vn 0.8819 0.0000 -0.4714
vn 0.9569 0.0000 -0.2903
vn 0.9952 0.0000 -0.0980
vn 0.9952 0.0000 0.0980
vn 0.9569 0.0000 0.2903
vn 0.8819 0.0000 0.4714
vn 0.7730 0.0000 0.6344
vn 0.6344 0.0000 0.7730
vn 0.4714 0.0000 0.8819
vn 0.2903 0.0000 0.9569
vn 0.0980 0.0000 0.9952
vn -0.0980 0.0000 0.9952
vn -0.2903 0.0000 0.9569
vn -0.4714 0.0000 0.8819
vn -0.6344 0.0000 0.7730
vn -0.7730 0.0000 0.6344
vn -0.8819 0.0000 0.4714
vn -0.9569 0.0000 0.2903
vn -0.9952 0.0000 0.0980
vn -0.9952 0.0000 -0.0980
vn -0.9569 0.0000 -0.2903
vn -0.8819 0.0000 -0.4714
vn -0.7730 0.0000 -0.6344
vn -0.6344 0.0000 -0.7730
vn -0.4714 0.0000 -0.8819
vn 0.0000 1.0000 0.0000
vn -0.2903 0.0000 -0.9569
vn -0.0980 0.0000 -0.9952
vn 0.0000 -1.0000 0.0000
usemtl None
s off
f 1748/1895/83 1749/1896/83 1747/1897/83
f 1750/1898/84 1751/1899/84 1749/1896/84
f 1752/1900/85 1753/1901/85 1751/1899/85
f 1754/1902/86 1755/1903/86 1753/1901/86
f 1756/1904/87 1757/1905/87 1755/1903/87
f 1758/1906/88 1759/1907/88 1757/1905/88
f 1760/1908/89 1761/1909/89 1759/1907/89
f 1762/1910/90 1763/1911/90 1761/1909/90
f 1764/1912/91 1765/1913/91 1763/1911/91
f 1766/1914/92 1767/1915/92 1765/1913/92
f 1768/1916/93 1769/1917/93 1767/1915/93
f 1770/1918/94 1771/1919/94 1769/1917/94
f 1772/1920/95 1773/1921/95 1771/1919/95
f 1774/1922/96 1775/1923/96 1773/1921/96
f 1776/1924/97 1777/1925/97 1775/1923/97
f 1778/1926/98 1779/1927/98 1777/1925/98
f 1780/1928/99 1781/1929/99 1779/1927/99
f 1782/1930/100 1783/1931/100 1781/1929/100
f 1784/1932/101 1785/1933/101 1783/1931/101
f 1786/1934/102 1787/1935/102 1785/1933/102
f 1788/1936/103 1789/1937/103 1787/1935/103
f 1790/1938/104 1791/1939/104 1789/1937/104
f 1792/1940/105 1793/1941/105 1791/1939/105
f 1794/1942/106 1795/1943/106 1793/1941/106
f 1796/1944/107 1797/1945/107 1795/1943/107
f 1798/1946/108 1799/1947/108 1797/1945/108
f 1800/1948/109 1801/1949/109 1799/1947/109
f 1802/1950/110 1803/1951/110 1801/1949/110
f 1804/1952/111 1805/1953/111 1803/1951/111
f 1806/1954/112 1807/1955/112 1805/1953/112
f 1800/1956/113 1784/1957/113 1768/1958/113
f 1808/1959/114 1809/1960/114 1807/1955/114
f 1810/1961/115 1747/1962/115 1809/1960/115
f 1761/1963/116 1777/1964/116 1793/1965/116
f 1748/1895/83 1750/1898/83 1749/1896/83
f 1750/1898/84 1752/1900/84 1751/1899/84
f 1752/1900/85 1754/1902/85 1753/1901/85
f 1754/1902/86 1756/1904/86 1755/1903/86
f 1756/1904/87 1758/1906/87 1757/1905/87
f 1758/1906/88 1760/1908/88 1759/1907/88
f 1760/1908/89 1762/1910/89 1761/1909/89
f 1762/1910/90 1764/1912/90 1763/1911/90
f 1764/1912/91 1766/1914/91 1765/1913/91
f 1766/1914/92 1768/1916/92 1767/1915/92
f 1768/1916/93 1770/1918/93 1769/1917/93
f 1770/1918/94 1772/1920/94 1771/1919/94
f 1772/1920/95 1774/1922/95 1773/1921/95
f 1774/1922/96 1776/1924/96 1775/1923/96
f 1776/1924/97 1778/1926/97 1777/1925/97
f 1778/1926/98 1780/1928/98 1779/1927/98
f 1780/1928/99 1782/1930/99 1781/1929/99
f 1782/1930/100 1784/1932/100 1783/1931/100
f 1784/1932/101 1786/1934/101 1785/1933/101
f 1786/1934/102 1788/1936/102 1787/1935/102
f 1788/1936/103 1790/1938/103 1789/1937/103
f 1790/1938/104 1792/1940/104 1791/1939/104
f 1792/1940/105 1794/1942/105 1793/1941/105
f 1794/1942/106 1796/1944/106 1795/1943/106
f 1796/1944/107 1798/1946/107 1797/1945/107
f 1798/1946/108 1800/1948/108 1799/1947/108
f 1800/1948/109 1802/1950/109 1801/1949/109
f 1802/1950/110 1804/1952/110 1803/1951/110
f 1804/1952/111 1806/1954/111 1805/1953/111
f 1806/1954/112 1808/1959/112 1807/1955/112
f 1752/1966/113 1750/1967/113 1808/1968/113
f 1750/1967/113 1748/1969/113 1808/1968/113
f 1748/1969/113 1810/1970/113 1808/1968/113
f 1808/1968/113 1806/1971/113 1804/1972/113
f 1804/1972/113 1802/1973/113 1808/1968/113
f 1802/1973/113 1800/1956/113 1808/1968/113
f 1800/1956/113 1798/1974/113 1796/1975/113
f 1796/1975/113 1794/1976/113 1792/1977/113
f 1792/1977/113 1790/1978/113 1788/1979/113
f 1788/1979/113 1786/1980/113 1784/1957/113
f 1784/1957/113 1782/1981/113 1780/1982/113
f 1780/1982/113 1778/1983/113 1776/1984/113
f 1776/1984/113 1774/1985/113 1772/1986/113
f 1772/1986/113 1770/1987/113 1768/1958/113
f 1768/1958/113 1766/1988/113 1764/1989/113
f 1764/1989/113 1762/1990/113 1760/1991/113
f 1760/1991/113 1758/1992/113 1756/1993/113
f 1756/1993/113 1754/1994/113 1752/1966/113
f 1800/1956/113 1796/1975/113 1784/1957/113
f 1796/1975/113 1792/1977/113 1784/1957/113
f 1792/1977/113 1788/1979/113 1784/1957/113
f 1784/1957/113 1780/1982/113 1776/1984/113
f 1776/1984/113 1772/1986/113 1784/1957/113
f 1772/1986/113 1768/1958/113 1784/1957/113
f 1768/1958/113 1764/1989/113 1752/1966/113
f 1764/1989/113 1760/1991/113 1752/1966/113
f 1760/1991/113 1756/1993/113 1752/1966/113
f 1752/1966/113 1808/1968/113 1800/1956/113
f 1752/1966/113 1800/1956/113 1768/1958/113
f 1808/1959/114 1810/1961/114 1809/1960/114
f 1810/1961/115 1748/1995/115 1747/1962/115
f 1809/1996/116 1747/1997/116 1749/1998/116
f 1749/1998/116 1751/1999/116 1753/2000/116
f 1753/2000/116 1755/2001/116 1757/2002/116
f 1757/2002/116 1759/2003/116 1761/1963/116
f 1761/1963/116 1763/2004/116 1765/2005/116
f 1765/2005/116 1767/2006/116 1769/2007/116
f 1769/2007/116 1771/2008/116 1773/2009/116
f 1773/2009/116 1775/2010/116 1777/1964/116
f 1777/1964/116 1779/2011/116 1781/2012/116
f 1781/2012/116 1783/2013/116 1785/2014/116
f 1785/2014/116 1787/2015/116 1789/2016/116
f 1789/2016/116 1791/2017/116 1793/1965/116
f 1793/1965/116 1795/2018/116 1797/2019/116
f 1797/2019/116 1799/2020/116 1793/1965/116
f 1799/2020/116 1801/2021/116 1793/1965/116
f 1801/2021/116 1803/2022/116 1805/2023/116
f 1805/2023/116 1807/2024/116 1801/2021/116
f 1807/2024/116 1809/1996/116 1801/2021/116
f 1809/1996/116 1749/1998/116 1761/1963/116
f 1749/1998/116 1753/2000/116 1761/1963/116
f 1753/2000/116 1757/2002/116 1761/1963/116
f 1761/1963/116 1765/2005/116 1769/2007/116
f 1769/2007/116 1773/2009/116 1761/1963/116
f 1773/2009/116 1777/1964/116 1761/1963/116
f 1777/1964/116 1781/2012/116 1793/1965/116
f 1781/2012/116 1785/2014/116 1793/1965/116
f 1785/2014/116 1789/2016/116 1793/1965/116
f 1793/1965/116 1801/2021/116 1809/1996/116
f 1809/1996/116 1761/1963/116 1793/1965/116
o 円柱.003_円柱.005
v 1.050000 -0.070309 0.989691
v 1.050000 0.070309 0.989691
v 1.063717 -0.070309 0.991042
v 1.063717 0.070309 0.991042
v 1.076906 -0.070309 0.995043
v 1.076906 0.070309 0.995043
v 1.089061 -0.070309 1.001540
v 1.089061 0.070309 1.001540
v 1.099716 -0.070309 1.010284
v 1.099716 0.070309 1.010284
v 1.108460 -0.070309 1.020939
v 1.108460 0.070309 1.020939
v 1.114957 -0.070309 1.033094
v 1.114957 0.070309 1.033094
v 1.118958 -0.070309 1.046283
v 1.118958 0.070309 1.046283
v 1.120309 -0.070309 1.060000
v 1.120309 0.070309 1.060000
v 1.118958 -0.070309 1.073717
v 1.118958 0.070309 1.073717
v 1.114957 -0.070309 1.086906
v 1.114957 0.070309 1.086906
v 1.108460 -0.070309 1.099061
v 1.108460 0.070309 1.099061
v 1.099716 -0.070309 1.109716
v 1.099716 0.070309 1.109716
v 1.089061 -0.070309 1.118460
v 1.089061 0.070309 1.118460
v 1.076906 -0.070309 1.124957
v 1.076906 0.070309 1.124957
v 1.063717 -0.070309 1.128958
v 1.063717 0.070309 1.128958
v 1.050000 -0.070309 1.130309
v 1.050000 0.070309 1.130309
v 1.036283 -0.070309 1.128958
v 1.036283 0.070309 1.128958
v 1.023094 -0.070309 1.124957
v 1.023094 0.070309 1.124957
v 1.010939 -0.070309 1.118460
v 1.010939 0.070309 1.118460
v 1.000284 -0.070309 1.109716
v 1.000284 0.070309 1.109716
v 0.991540 -0.070309 1.099061
v 0.991540 0.070309 1.099061
v 0.985043 -0.070309 1.086906
v 0.985043 0.070309 1.086906
v 0.981042 -0.070309 1.073717
v 0.981042 0.070309 1.073717
v 0.979691 -0.070309 1.060000
v 0.979691 0.070309 1.060000
v 0.981042 -0.070309 1.046283
v 0.981042 0.070309 1.046283
v 0.985043 -0.070309 1.033094
v 0.985043 0.070309 1.033094
v 0.991540 -0.070309 1.020939
v 0.991540 0.070309 1.020939
v 1.000284 -0.070309 1.010284
v 1.000284 0.070309 1.010284
v 1.010939 -0.070309 1.001540
v 1.010939 0.070309 1.001540
v 1.023094 -0.070309 0.995043
v 1.023094 0.070309 0.995043
v 1.036283 -0.070309 0.991042
v 1.036283 0.070309 0.991042
vt 1.000000 1.000000
vt 0.968750 0.500000
vt 1.000000 0.500000
vt 0.968750 1.000000
vt 0.937500 0.500000
vt 0.937500 1.000000
vt 0.906250 0.500000
vt 0.906250 1.000000
vt 0.875000 0.500000
vt 0.875000 1.000000
vt 0.843750 0.500000
vt 0.843750 1.000000
vt 0.812500 0.500000
vt 0.812500 1.000000
vt 0.781250 0.500000
vt 0.781250 1.000000
vt 0.750000 0.500000
vt 0.750000 1.000000
vt 0.718750 0.500000
vt 0.718750 1.000000
vt 0.687500 0.500000
vt 0.687500 1.000000
vt 0.656250 0.500000
vt 0.656250 1.000000
vt 0.625000 0.500000
vt 0.625000 1.000000
vt 0.593750 0.500000
vt 0.593750 1.000000
vt 0.562500 0.500000
vt 0.562500 1.000000
vt 0.531250 0.500000
vt 0.531250 1.000000
vt 0.500000 0.500000
vt 0.500000 1.000000
vt 0.468750 0.500000
vt 0.468750 1.000000
vt 0.437500 0.500000
vt 0.437500 1.000000
vt 0.406250 0.500000
vt 0.406250 1.000000
vt 0.375000 0.500000
vt 0.375000 1.000000
vt 0.343750 0.500000
vt 0.343750 1.000000
vt 0.312500 0.500000
vt 0.312500 1.000000
vt 0.281250 0.500000
vt 0.281250 1.000000
vt 0.250000 0.500000
vt 0.250000 1.000000
vt 0.218750 0.500000
vt 0.218750 1.000000
vt 0.187500 0.500000
vt 0.187500 1.000000
vt 0.156250 0.500000
vt 0.156250 1.000000
vt 0.125000 0.500000
vt 0.125000 1.000000
vt 0.093750 0.500000
vt 0.093750 1.000000
vt 0.062500 0.500000
vt 0.028269 0.341844
vt 0.158156 0.028269
vt 0.471731 0.158156
vt 0.062500 1.000000
vt 0.031250 0.500000
vt 0.031250 1.000000
vt 0.000000 0.500000
vt 0.985388 0.296822
vt 0.796822 0.014612
vt 0.514612 0.203178
vt 0.341844 0.471731
vt 0.296822 0.485388
vt 0.158156 0.471731
vt 0.250000 0.490000
vt 0.203178 0.485388
vt 0.116663 0.449553
vt 0.080294 0.419706
vt 0.050447 0.383337
vt 0.014612 0.296822
vt 0.010000 0.250000
vt 0.014612 0.203178
vt 0.028269 0.158156
vt 0.050447 0.116663
vt 0.080294 0.080294
vt 0.116663 0.050447
vt 0.203178 0.014612
vt 0.250000 0.010000
vt 0.296822 0.014612
vt 0.341844 0.028269
vt 0.383337 0.050447
vt 0.419706 0.080294
vt 0.449553 0.116663
vt 0.485388 0.203178
vt 0.490000 0.250000
vt 0.485388 0.296822
vt 0.471731 0.341844
vt 0.449553 0.383337
vt 0.419706 0.419706
vt 0.383337 0.449553
vt 0.000000 1.000000
vt 0.703178 0.485388
vt 0.750000 0.490000
vt 0.796822 0.485388
vt 0.841844 0.471731
vt 0.883337 0.449553
vt 0.919706 0.419706
vt 0.949553 0.383337
vt 0.971731 0.341844
vt 0.990000 0.250000
vt 0.985388 0.203178
vt 0.971731 0.158156
vt 0.949553 0.116663
vt 0.919706 0.080294
vt 0.883337 0.050447
vt 0.841844 0.028269
vt 0.750000 0.010000
vt 0.703178 0.014612
vt 0.658156 0.028269
vt 0.616663 0.050447
vt 0.580294 0.080294
vt 0.550447 0.116663
vt 0.528269 0.158156
vt 0.510000 0.250000
vt 0.514612 0.296822
vt 0.528269 0.341844
vt 0.550447 0.383337
vt 0.580294 0.419706
vt 0.616663 0.449553
vt 0.658156 0.471731
vn 0.0980 0.0000 -0.9952
vn 0.2903 0.0000 -0.9569
vn 0.4714 0.0000 -0.8819
vn 0.6344 0.0000 -0.7730
vn 0.7730 0.0000 -0.6344
vn 0.8819 0.0000 -0.4714
vn 0.9569 0.0000 -0.2903
vn 0.9952 0.0000 -0.0980
vn 0.9952 0.0000 0.0980
vn 0.9569 0.0000 0.2903
vn 0.8819 0.0000 0.4714
vn 0.7730 0.0000 0.6344
vn 0.6344 0.0000 0.7730
vn 0.4714 0.0000 0.8819
vn 0.2903 0.0000 0.9569
vn 0.0980 0.0000 0.9952
vn -0.0980 0.0000 0.9952
vn -0.2903 0.0000 0.9569
vn -0.4714 0.0000 0.8819
vn -0.6344 0.0000 0.7730
vn -0.7730 0.0000 0.6344
vn -0.8819 0.0000 0.4714
vn -0.9569 0.0000 0.2903
vn -0.9952 0.0000 0.0980
vn -0.9952 0.0000 -0.0980
vn -0.9569 0.0000 -0.2903
vn -0.8819 0.0000 -0.4714
vn -0.7730 0.0000 -0.6344
vn -0.6344 0.0000 -0.7730
vn -0.4714 0.0000 -0.8819
vn 0.0000 1.0000 0.0000
vn -0.2903 0.0000 -0.9569
vn -0.0980 0.0000 -0.9952
vn 0.0000 -1.0000 0.0000
usemtl None
s off
f 1812/2025/117 1813/2026/117 1811/2027/117
f 1814/2028/118 1815/2029/118 1813/2026/118
f 1816/2030/119 1817/2031/119 1815/2029/119
f 1818/2032/120 1819/2033/120 1817/2031/120
f 1820/2034/121 1821/2035/121 1819/2033/121
f 1822/2036/122 1823/2037/122 1821/2035/122
f 1824/2038/123 1825/2039/123 1823/2037/123
f 1826/2040/124 1827/2041/124 1825/2039/124
f 1828/2042/125 1829/2043/125 1827/2041/125
f 1830/2044/126 1831/2045/126 1829/2043/126
f 1832/2046/127 1833/2047/127 1831/2045/127
f 1834/2048/128 1835/2049/128 1833/2047/128
f 1836/2050/129 1837/2051/129 1835/2049/129
f 1838/2052/130 1839/2053/130 1837/2051/130
f 1840/2054/131 1841/2055/131 1839/2053/131
f 1842/2056/132 1843/2057/132 1841/2055/132
f 1844/2058/133 1845/2059/133 1843/2057/133
f 1846/2060/134 1847/2061/134 1845/2059/134
f 1848/2062/135 1849/2063/135 1847/2061/135
f 1850/2064/136 1851/2065/136 1849/2063/136
f 1852/2066/137 1853/2067/137 1851/2065/137
f 1854/2068/138 1855/2069/138 1853/2067/138
f 1856/2070/139 1857/2071/139 1855/2069/139
f 1858/2072/140 1859/2073/140 1857/2071/140
f 1860/2074/141 1861/2075/141 1859/2073/141
f 1862/2076/142 1863/2077/142 1861/2075/142
f 1864/2078/143 1865/2079/143 1863/2077/143
f 1866/2080/144 1867/2081/144 1865/2079/144
f 1868/2082/145 1869/2083/145 1867/2081/145
f 1870/2084/146 1871/2085/146 1869/2083/146
f 1864/2086/147 1848/2087/147 1832/2088/147
f 1872/2089/148 1873/2090/148 1871/2085/148
f 1874/2091/149 1811/2092/149 1873/2090/149
f 1825/2093/150 1841/2094/150 1857/2095/150
f 1812/2025/117 1814/2028/117 1813/2026/117
f 1814/2028/118 1816/2030/118 1815/2029/118
f 1816/2030/119 1818/2032/119 1817/2031/119
f 1818/2032/120 1820/2034/120 1819/2033/120
f 1820/2034/121 1822/2036/121 1821/2035/121
f 1822/2036/122 1824/2038/122 1823/2037/122
f 1824/2038/123 1826/2040/123 1825/2039/123
f 1826/2040/124 1828/2042/124 1827/2041/124
f 1828/2042/125 1830/2044/125 1829/2043/125
f 1830/2044/126 1832/2046/126 1831/2045/126
f 1832/2046/127 1834/2048/127 1833/2047/127
f 1834/2048/128 1836/2050/128 1835/2049/128
f 1836/2050/129 1838/2052/129 1837/2051/129
f 1838/2052/130 1840/2054/130 1839/2053/130
f 1840/2054/131 1842/2056/131 1841/2055/131
f 1842/2056/132 1844/2058/132 1843/2057/132
f 1844/2058/133 1846/2060/133 1845/2059/133
f 1846/2060/134 1848/2062/134 1847/2061/134
f 1848/2062/135 1850/2064/135 1849/2063/135
f 1850/2064/136 1852/2066/136 1851/2065/136
f 1852/2066/137 1854/2068/137 1853/2067/137
f 1854/2068/138 1856/2070/138 1855/2069/138
f 1856/2070/139 1858/2072/139 1857/2071/139
f 1858/2072/140 1860/2074/140 1859/2073/140
f 1860/2074/141 1862/2076/141 1861/2075/141
f 1862/2076/142 1864/2078/142 1863/2077/142
f 1864/2078/143 1866/2080/143 1865/2079/143
f 1866/2080/144 1868/2082/144 1867/2081/144
f 1868/2082/145 1870/2084/145 1869/2083/145
f 1870/2084/146 1872/2089/146 1871/2085/146
f 1816/2096/147 1814/2097/147 1872/2098/147
f 1814/2097/147 1812/2099/147 1872/2098/147
f 1812/2099/147 1874/2100/147 1872/2098/147
f 1872/2098/147 1870/2101/147 1868/2102/147
f 1868/2102/147 1866/2103/147 1872/2098/147
f 1866/2103/147 1864/2086/147 1872/2098/147
f 1864/2086/147 1862/2104/147 1860/2105/147
f 1860/2105/147 1858/2106/147 1856/2107/147
f 1856/2107/147 1854/2108/147 1852/2109/147
f 1852/2109/147 1850/2110/147 1848/2087/147
f 1848/2087/147 1846/2111/147 1844/2112/147
f 1844/2112/147 1842/2113/147 1840/2114/147
f 1840/2114/147 1838/2115/147 1836/2116/147
f 1836/2116/147 1834/2117/147 1832/2088/147
f 1832/2088/147 1830/2118/147 1828/2119/147
f 1828/2119/147 1826/2120/147 1824/2121/147
f 1824/2121/147 1822/2122/147 1820/2123/147
f 1820/2123/147 1818/2124/147 1816/2096/147
f 1864/2086/147 1860/2105/147 1848/2087/147
f 1860/2105/147 1856/2107/147 1848/2087/147
f 1856/2107/147 1852/2109/147 1848/2087/147
f 1848/2087/147 1844/2112/147 1840/2114/147
f 1840/2114/147 1836/2116/147 1848/2087/147
f 1836/2116/147 1832/2088/147 1848/2087/147
f 1832/2088/147 1828/2119/147 1816/2096/147
f 1828/2119/147 1824/2121/147 1816/2096/147
f 1824/2121/147 1820/2123/147 1816/2096/147
f 1816/2096/147 1872/2098/147 1864/2086/147
f 1816/2096/147 1864/2086/147 1832/2088/147
f 1872/2089/148 1874/2091/148 1873/2090/148
f 1874/2091/149 1812/2125/149 1811/2092/149
f 1873/2126/150 1811/2127/150 1813/2128/150
f 1813/2128/150 1815/2129/150 1817/2130/150
f 1817/2130/150 1819/2131/150 1821/2132/150
f 1821/2132/150 1823/2133/150 1825/2093/150
f 1825/2093/150 1827/2134/150 1829/2135/150
f 1829/2135/150 1831/2136/150 1833/2137/150
f 1833/2137/150 1835/2138/150 1837/2139/150
f 1837/2139/150 1839/2140/150 1841/2094/150
f 1841/2094/150 1843/2141/150 1845/2142/150
f 1845/2142/150 1847/2143/150 1849/2144/150
f 1849/2144/150 1851/2145/150 1853/2146/150
f 1853/2146/150 1855/2147/150 1857/2095/150
f 1857/2095/150 1859/2148/150 1861/2149/150
f 1861/2149/150 1863/2150/150 1857/2095/150
f 1863/2150/150 1865/2151/150 1857/2095/150
f 1865/2151/150 1867/2152/150 1869/2153/150
f 1869/2153/150 1871/2154/150 1865/2151/150
f 1871/2154/150 1873/2126/150 1865/2151/150
f 1873/2126/150 1813/2128/150 1825/2093/150
f 1813/2128/150 1817/2130/150 1825/2093/150
f 1817/2130/150 1821/2132/150 1825/2093/150
f 1825/2093/150 1829/2135/150 1833/2137/150
f 1833/2137/150 1837/2139/150 1825/2093/150
f 1837/2139/150 1841/2094/150 1825/2093/150
f 1841/2094/150 1845/2142/150 1857/2095/150
f 1845/2142/150 1849/2144/150 1857/2095/150
f 1849/2144/150 1853/2146/150 1857/2095/150
f 1857/2095/150 1865/2151/150 1873/2126/150
f 1873/2126/150 1825/2093/150 1857/2095/150
