# Blender v3.1.2 OBJ File: 'SteamSmokePipe.blend'
# www.blender.org
mtllib SteamSmokePipe.mtl
o 円柱.001
v 0.322671 1.397347 -1.622178
v 0.321957 1.401007 -1.618588
v 0.320982 1.402347 -1.613684
v 0.320006 1.401007 -1.608780
v 0.319292 1.397347 -1.605190
v 0.319031 1.392347 -1.603876
v 0.319292 1.387347 -1.605190
v 0.320006 1.383687 -1.608780
v 0.320982 1.382347 -1.613684
v 0.321957 1.383687 -1.618588
v 0.322671 1.387347 -1.622178
v 0.322933 1.392347 -1.623492
v 0.632942 1.397347 -1.528058
v 0.631542 1.401007 -1.524676
v 0.629628 1.402347 -1.520057
v 0.627715 1.401007 -1.515437
v 0.626314 1.397347 -1.512056
v 0.625801 1.392347 -1.510818
v 0.626314 1.387347 -1.512056
v 0.627715 1.383687 -1.515437
v 0.629628 1.382347 -1.520057
v 0.631542 1.383687 -1.524676
v 0.632942 1.387347 -1.528058
v 0.633455 1.392347 -1.529296
v 0.918890 1.397347 -1.375216
v 0.916856 1.401007 -1.372172
v 0.914078 1.402347 -1.368015
v 0.911301 1.401007 -1.363858
v 0.909267 1.397347 -1.360814
v 0.908523 1.392347 -1.359700
v 0.909267 1.387347 -1.360814
v 0.911301 1.383687 -1.363858
v 0.914078 1.382347 -1.368015
v 0.916856 1.383687 -1.372172
v 0.918890 1.387347 -1.375216
v 0.919634 1.392347 -1.376330
v 1.169525 1.397347 -1.169525
v 1.166937 1.401007 -1.166937
v 1.163401 1.402347 -1.163401
v 1.159866 1.401007 -1.159866
v 1.157278 1.397347 -1.157277
v 1.156330 1.392347 -1.156330
v 1.157277 1.387347 -1.157277
v 1.159866 1.383687 -1.159866
v 1.163401 1.382347 -1.163401
v 1.166937 1.383687 -1.166937
v 1.169525 1.387347 -1.169525
v 1.170472 1.392347 -1.170472
v 1.375216 1.397347 -0.918890
v 1.372172 1.401007 -0.916856
v 1.368015 1.402347 -0.914078
v 1.363858 1.401007 -0.911301
v 1.360814 1.397347 -0.909267
v 1.359700 1.392347 -0.908523
v 1.360814 1.387347 -0.909267
v 1.363858 1.383687 -0.911301
v 1.368015 1.382347 -0.914078
v 1.372172 1.383687 -0.916856
v 1.375216 1.387347 -0.918890
v 1.376330 1.392347 -0.919634
v 1.528058 1.397347 -0.632942
v 1.524676 1.401007 -0.631542
v 1.520057 1.402347 -0.629628
v 1.515438 1.401007 -0.627715
v 1.512056 1.397347 -0.626314
v 1.510818 1.392347 -0.625801
v 1.512056 1.387347 -0.626314
v 1.515438 1.383687 -0.627715
v 1.520057 1.382347 -0.629628
v 1.524676 1.383687 -0.631542
v 1.528058 1.387347 -0.632942
v 1.529296 1.392347 -0.633455
v 1.622178 1.397347 -0.322671
v 1.618588 1.401007 -0.321957
v 1.613684 1.402347 -0.320982
v 1.608780 1.401007 -0.320006
v 1.605190 1.397347 -0.319292
v 1.603876 1.392347 -0.319031
v 1.605190 1.387347 -0.319292
v 1.608780 1.383687 -0.320006
v 1.613684 1.382347 -0.320982
v 1.618588 1.383687 -0.321957
v 1.622178 1.387347 -0.322671
v 1.623492 1.392347 -0.322933
v 1.653958 1.397347 0.000000
v 1.650298 1.401007 0.000000
v 1.645298 1.402347 0.000000
v 1.640298 1.401007 0.000000
v 1.636638 1.397347 0.000000
v 1.635298 1.392347 0.000000
v 1.636637 1.387347 0.000000
v 1.640298 1.383687 0.000000
v 1.645298 1.382347 0.000000
v 1.650298 1.383687 0.000000
v 1.653958 1.387347 0.000000
v 1.655298 1.392347 0.000000
v 1.622178 1.397347 0.322671
v 1.618588 1.401007 0.321957
v 1.613684 1.402347 0.320982
v 1.608780 1.401007 0.320006
v 1.605190 1.397347 0.319292
v 1.603876 1.392347 0.319031
v 1.605190 1.387347 0.319292
v 1.608780 1.383687 0.320006
v 1.613684 1.382347 0.320982
v 1.618588 1.383687 0.321957
v 1.622178 1.387347 0.322671
v 1.623492 1.392347 0.322933
v 1.528058 1.397347 0.632942
v 1.524676 1.401007 0.631541
v 1.520057 1.402347 0.629628
v 1.515438 1.401007 0.627715
v 1.512056 1.397347 0.626314
v 1.510818 1.392347 0.625801
v 1.512056 1.387347 0.626314
v 1.515438 1.383687 0.627715
v 1.520057 1.382347 0.629628
v 1.524676 1.383687 0.631541
v 1.528058 1.387347 0.632942
v 1.529296 1.392347 0.633455
v 1.375216 1.397347 0.918890
v 1.372172 1.401007 0.916856
v 1.368015 1.402347 0.914078
v 1.363858 1.401007 0.911300
v 1.360814 1.397347 0.909267
v 1.359700 1.392347 0.908523
v 1.360814 1.387347 0.909267
v 1.363858 1.383687 0.911300
v 1.368015 1.382347 0.914078
v 1.372172 1.383687 0.916856
v 1.375216 1.387347 0.918890
v 1.376330 1.392347 0.919634
v 1.169525 1.397347 1.169525
v 1.166937 1.401007 1.166937
v 1.163401 1.402347 1.163401
v 1.159866 1.401007 1.159866
v 1.157277 1.397347 1.157278
v 1.156330 1.392347 1.156330
v 1.157277 1.387347 1.157277
v 1.159866 1.383687 1.159866
v 1.163401 1.382347 1.163401
v 1.166937 1.383687 1.166937
v 1.169525 1.387347 1.169525
v 1.170472 1.392347 1.170472
v 0.918890 1.397347 1.375216
v 0.916856 1.401007 1.372172
v 0.914078 1.402347 1.368015
v 0.911300 1.401007 1.363858
v 0.909267 1.397347 1.360814
v 0.908523 1.392347 1.359700
v 0.909267 1.387347 1.360814
v 0.911300 1.383687 1.363858
v 0.914078 1.382347 1.368015
v 0.916856 1.383687 1.372172
v 0.918890 1.387347 1.375216
v 0.919634 1.392347 1.376330
v 0.632942 1.397347 1.528058
v 0.631542 1.401007 1.524676
v 0.629628 1.402347 1.520057
v 0.627715 1.401007 1.515437
v 0.626314 1.397347 1.512056
v 0.625801 1.392347 1.510818
v 0.626314 1.387347 1.512056
v 0.627715 1.383687 1.515437
v 0.629628 1.382347 1.520057
v 0.631542 1.383687 1.524676
v 0.632942 1.387347 1.528058
v 0.633455 1.392347 1.529296
v 0.322671 1.397347 1.622178
v 0.321957 1.401007 1.618588
v 0.320982 1.402347 1.613684
v 0.320006 1.401007 1.608780
v 0.319292 1.397347 1.605190
v 0.319031 1.392347 1.603876
v 0.319292 1.387347 1.605190
v 0.320006 1.383687 1.608780
v 0.320982 1.382347 1.613684
v 0.321957 1.383687 1.618588
v 0.322671 1.387347 1.622178
v 0.322932 1.392347 1.623492
v -0.000000 1.397347 1.653958
v -0.000000 1.401007 1.650298
v -0.000000 1.402347 1.645298
v -0.000000 1.401007 1.640298
v -0.000000 1.397347 1.636638
v -0.000000 1.392347 1.635298
v -0.000000 1.387347 1.636637
v -0.000000 1.383687 1.640298
v -0.000000 1.382347 1.645298
v -0.000000 1.383687 1.650298
v -0.000000 1.387347 1.653958
v -0.000000 1.392347 1.655298
v -0.322671 1.397347 1.622178
v -0.321957 1.401007 1.618588
v -0.320982 1.402347 1.613684
v -0.320006 1.401007 1.608780
v -0.319292 1.397347 1.605190
v -0.319031 1.392347 1.603876
v -0.319292 1.387347 1.605190
v -0.320006 1.383687 1.608780
v -0.320982 1.382347 1.613684
v -0.321957 1.383687 1.618588
v -0.322671 1.387347 1.622178
v -0.322933 1.392347 1.623492
v -0.632942 1.397347 1.528058
v -0.631542 1.401007 1.524676
v -0.629628 1.402347 1.520057
v -0.627715 1.401007 1.515437
v -0.626314 1.397347 1.512056
v -0.625801 1.392347 1.510818
v -0.626314 1.387347 1.512056
v -0.627715 1.383687 1.515437
v -0.629628 1.382347 1.520057
v -0.631542 1.383687 1.524676
v -0.632942 1.387347 1.528058
v -0.633455 1.392347 1.529296
v -0.918890 1.397347 1.375216
v -0.916856 1.401007 1.372172
v -0.914079 1.402347 1.368015
v -0.911301 1.401007 1.363858
v -0.909267 1.397347 1.360814
v -0.908523 1.392347 1.359700
v -0.909267 1.387347 1.360814
v -0.911301 1.383687 1.363858
v -0.914079 1.382347 1.368015
v -0.916856 1.383687 1.372172
v -0.918890 1.387347 1.375216
v -0.919634 1.392347 1.376330
v -1.169525 1.397347 1.169525
v -1.166937 1.401007 1.166937
v -1.163401 1.402347 1.163401
v -1.159866 1.401007 1.159866
v -1.157277 1.397347 1.157277
v -1.156330 1.392347 1.156330
v -1.157277 1.387347 1.157277
v -1.159866 1.383687 1.159866
v -1.163401 1.382347 1.163401
v -1.166937 1.383687 1.166937
v -1.169525 1.387347 1.169525
v -1.170472 1.392347 1.170472
v -1.375216 1.397347 0.918890
v -1.372172 1.401007 0.916857
v -1.368015 1.402347 0.914079
v -1.363858 1.401007 0.911301
v -1.360814 1.397347 0.909267
v -1.359700 1.392347 0.908523
v -1.360814 1.387347 0.909267
v -1.363858 1.383687 0.911301
v -1.368015 1.382347 0.914079
v -1.372172 1.383687 0.916857
v -1.375216 1.387347 0.918890
v -1.376330 1.392347 0.919634
v -1.528058 1.397347 0.632942
v -1.524676 1.401007 0.631542
v -1.520057 1.402347 0.629628
v -1.515437 1.401007 0.627715
v -1.512056 1.397347 0.626314
v -1.510818 1.392347 0.625802
v -1.512056 1.387347 0.626314
v -1.515437 1.383687 0.627715
v -1.520057 1.382347 0.629628
v -1.524676 1.383687 0.631542
v -1.528058 1.387347 0.632942
v -1.529296 1.392347 0.633455
v -1.622178 1.397347 0.322671
v -1.618588 1.401007 0.321957
v -1.613684 1.402347 0.320982
v -1.608780 1.401007 0.320006
v -1.605190 1.397347 0.319292
v -1.603876 1.392347 0.319031
v -1.605190 1.387347 0.319292
v -1.608780 1.383687 0.320006
v -1.613684 1.382347 0.320982
v -1.618588 1.383687 0.321957
v -1.622178 1.387347 0.322671
v -1.623492 1.392347 0.322933
v -1.653958 1.397347 -0.000000
v -1.650298 1.401007 -0.000000
v -1.645298 1.402347 -0.000000
v -1.640298 1.401007 -0.000000
v -1.636638 1.397347 -0.000000
v -1.635298 1.392347 -0.000000
v -1.636638 1.387347 -0.000000
v -1.640298 1.383687 -0.000000
v -1.645298 1.382347 -0.000000
v -1.650298 1.383687 -0.000000
v -1.653958 1.387347 -0.000000
v -1.655298 1.392347 -0.000000
v -1.622178 1.397347 -0.322671
v -1.618588 1.401007 -0.321957
v -1.613684 1.402347 -0.320982
v -1.608780 1.401007 -0.320006
v -1.605190 1.397347 -0.319292
v -1.603876 1.392347 -0.319031
v -1.605190 1.387347 -0.319292
v -1.608780 1.383687 -0.320006
v -1.613684 1.382347 -0.320982
v -1.618588 1.383687 -0.321957
v -1.622178 1.387347 -0.322671
v -1.623492 1.392347 -0.322933
v -1.528058 1.397347 -0.632943
v -1.524676 1.401007 -0.631542
v -1.520057 1.402347 -0.629629
v -1.515437 1.401007 -0.627715
v -1.512056 1.397347 -0.626314
v -1.510818 1.392347 -0.625802
v -1.512056 1.387347 -0.626314
v -1.515437 1.383687 -0.627715
v -1.520057 1.382347 -0.629629
v -1.524676 1.383687 -0.631542
v -1.528058 1.387347 -0.632943
v -1.529296 1.392347 -0.633455
v -1.375216 1.397347 -0.918890
v -1.372173 1.401007 -0.916856
v -1.368015 1.402347 -0.914078
v -1.363858 1.401007 -0.911300
v -1.360815 1.397347 -0.909267
v -1.359701 1.392347 -0.908522
v -1.360815 1.387347 -0.909267
v -1.363858 1.383687 -0.911300
v -1.368015 1.382347 -0.914078
v -1.372173 1.383687 -0.916856
v -1.375216 1.387347 -0.918890
v -1.376330 1.392347 -0.919634
v -1.169525 1.397347 -1.169525
v -1.166937 1.401007 -1.166937
v -1.163401 1.402347 -1.163401
v -1.159866 1.401007 -1.159866
v -1.157278 1.397347 -1.157277
v -1.156330 1.392347 -1.156330
v -1.157278 1.387347 -1.157277
v -1.159866 1.383687 -1.159866
v -1.163401 1.382347 -1.163401
v -1.166937 1.383687 -1.166937
v -1.169525 1.387347 -1.169525
v -1.170472 1.392347 -1.170472
v -0.918890 1.397347 -1.375216
v -0.916856 1.401007 -1.372172
v -0.914079 1.402347 -1.368015
v -0.911301 1.401007 -1.363858
v -0.909267 1.397347 -1.360814
v -0.908523 1.392347 -1.359700
v -0.909267 1.387347 -1.360814
v -0.911301 1.383687 -1.363858
v -0.914079 1.382347 -1.368015
v -0.916856 1.383687 -1.372172
v -0.918890 1.387347 -1.375216
v -0.919634 1.392347 -1.376330
v -0.632942 1.397347 -1.528058
v -0.631542 1.401007 -1.524676
v -0.629628 1.402347 -1.520057
v -0.627715 1.401007 -1.515438
v -0.626314 1.397347 -1.512056
v -0.625801 1.392347 -1.510818
v -0.626314 1.387347 -1.512056
v -0.627715 1.383687 -1.515438
v -0.629628 1.382347 -1.520057
v -0.631542 1.383687 -1.524676
v -0.632942 1.387347 -1.528058
v -0.633455 1.392347 -1.529296
v -0.322671 1.397347 -1.622178
v -0.321957 1.401007 -1.618588
v -0.320982 1.402347 -1.613684
v -0.320006 1.401007 -1.608780
v -0.319292 1.397347 -1.605190
v -0.319031 1.392347 -1.603876
v -0.319292 1.387347 -1.605190
v -0.320006 1.383687 -1.608780
v -0.320982 1.382347 -1.613684
v -0.321957 1.383687 -1.618588
v -0.322671 1.387347 -1.622178
v -0.322932 1.392347 -1.623492
v -0.000000 1.397347 -1.653958
v -0.000000 1.401007 -1.650298
v -0.000000 1.402347 -1.645298
v -0.000000 1.401007 -1.640298
v -0.000000 1.397347 -1.636638
v -0.000000 1.392347 -1.635298
v -0.000000 1.387347 -1.636637
v -0.000000 1.383687 -1.640298
v -0.000000 1.382347 -1.645298
v -0.000000 1.383687 -1.650298
v -0.000000 1.387347 -1.653958
v -0.000000 1.392347 -1.655298
v -0.318312 1.395882 -1.622649
v -0.315377 1.398471 -1.619260
v -0.313945 1.399418 -1.614377
v -0.314397 1.398471 -1.609308
v -0.316614 1.395882 -1.605412
v -0.320001 1.392347 -1.603732
v -0.323651 1.388811 -1.604719
v -0.326586 1.386223 -1.608108
v -0.328019 1.385276 -1.612991
v -0.327566 1.386223 -1.618060
v -0.325349 1.388811 -1.621956
v -0.321962 1.392347 -1.623636
v -0.004367 1.395882 -1.653570
v -0.006584 1.398471 -1.649673
v -0.007037 1.399418 -1.644605
v -0.005604 1.398471 -1.639722
v -0.002670 1.395882 -1.636333
v 0.000980 1.392347 -1.635346
v 0.004367 1.388811 -1.637026
v 0.006584 1.386223 -1.640922
v 0.007037 1.385276 -1.645991
v 0.005604 1.386223 -1.650874
v 0.002670 1.388811 -1.654263
v -0.000980 1.392347 -1.655250
v -0.004367 1.704449 -1.653570
v -0.006584 1.701861 -1.649673
v -0.007037 1.700913 -1.644605
v -0.005604 1.701861 -1.639722
v -0.002670 1.704449 -1.636333
v 0.000980 1.707984 -1.635346
v 0.004367 1.711520 -1.637026
v 0.006584 1.714108 -1.640922
v 0.007037 1.715055 -1.645991
v 0.005604 1.714108 -1.650874
v 0.002670 1.711520 -1.654263
v -0.000980 1.707984 -1.655250
v -0.318312 1.704449 -1.622649
v -0.315377 1.701861 -1.619260
v -0.313945 1.700913 -1.614377
v -0.314397 1.701861 -1.609308
v -0.316614 1.704449 -1.605412
v -0.320001 1.707984 -1.603732
v -0.323651 1.711520 -1.604719
v -0.326586 1.714108 -1.608108
v -0.328019 1.715055 -1.612991
v -0.327566 1.714108 -1.618060
v -0.325349 1.711520 -1.621956
v -0.321962 1.707984 -1.623636
v -0.635525 1.711520 -1.527318
v -0.636940 1.714108 -1.523064
v -0.636395 1.715055 -1.518004
v -0.634037 1.714108 -1.513495
v -0.630498 1.711520 -1.510743
v -0.626725 1.707984 -1.510488
v -0.623731 1.704449 -1.512796
v -0.622317 1.701861 -1.517050
v -0.622862 1.700913 -1.522110
v -0.625220 1.701861 -1.526619
v -0.628759 1.704449 -1.529371
v -0.632531 1.707984 -1.529626
v -0.320112 1.711520 -1.622998
v -0.316573 1.714108 -1.620246
v -0.314215 1.715055 -1.615737
v -0.313670 1.714108 -1.610677
v -0.315084 1.711520 -1.606423
v -0.318079 1.707984 -1.604115
v -0.321851 1.704449 -1.604370
v -0.325390 1.701861 -1.607122
v -0.327748 1.700913 -1.611631
v -0.328293 1.701861 -1.616691
v -0.326879 1.704449 -1.620945
v -0.323884 1.707984 -1.623253
v -0.320112 1.388811 -1.622998
v -0.316573 1.386223 -1.620246
v -0.314215 1.385276 -1.615737
v -0.313670 1.386223 -1.610677
v -0.315084 1.388811 -1.606423
v -0.318079 1.392347 -1.604115
v -0.321851 1.395882 -1.604370
v -0.325390 1.398471 -1.607122
v -0.327748 1.399418 -1.611631
v -0.328293 1.398471 -1.616691
v -0.326879 1.395882 -1.620945
v -0.323884 1.392347 -1.623253
v -0.635525 1.388811 -1.527318
v -0.636940 1.386223 -1.523064
v -0.636395 1.385276 -1.518004
v -0.634037 1.386223 -1.513495
v -0.630498 1.388811 -1.510743
v -0.626725 1.392347 -1.510488
v -0.623731 1.395882 -1.512796
v -0.622317 1.398471 -1.517050
v -0.622862 1.399418 -1.522110
v -0.625220 1.398471 -1.526619
v -0.628759 1.395882 -1.529371
v -0.632531 1.392347 -1.529626
v -0.000000 1.712984 -1.636638
v -0.000000 1.716645 -1.640298
v -0.000000 1.717984 -1.645298
v -0.000000 1.716645 -1.650298
v -0.000000 1.712984 -1.653958
v -0.000000 1.707984 -1.655298
v -0.000000 1.702984 -1.653958
v -0.000000 1.699324 -1.650298
v -0.000000 1.697984 -1.645298
v -0.000000 1.699324 -1.640298
v -0.000000 1.702984 -1.636638
v -0.000000 1.707984 -1.635298
v -0.319292 1.712984 -1.605190
v -0.320006 1.716645 -1.608780
v -0.320982 1.717984 -1.613684
v -0.321957 1.716645 -1.618588
v -0.322671 1.712984 -1.622178
v -0.322932 1.707984 -1.623492
v -0.322671 1.702984 -1.622178
v -0.321957 1.699324 -1.618588
v -0.320982 1.697984 -1.613684
v -0.320006 1.699324 -1.608780
v -0.319292 1.702984 -1.605190
v -0.319031 1.707984 -1.603876
v -0.626314 1.712984 -1.512056
v -0.627715 1.716645 -1.515438
v -0.629628 1.717984 -1.520057
v -0.631542 1.716645 -1.524676
v -0.632942 1.712984 -1.528058
v -0.633455 1.707984 -1.529296
v -0.632942 1.702984 -1.528058
v -0.631542 1.699324 -1.524676
v -0.629628 1.697984 -1.520057
v -0.627715 1.699324 -1.515438
v -0.626314 1.702984 -1.512056
v -0.625801 1.707984 -1.510818
v -0.909267 1.712984 -1.360814
v -0.911301 1.716645 -1.363858
v -0.914079 1.717984 -1.368015
v -0.916856 1.716645 -1.372172
v -0.918890 1.712984 -1.375216
v -0.919634 1.707984 -1.376330
v -0.918890 1.702984 -1.375216
v -0.916856 1.699324 -1.372172
v -0.914079 1.697984 -1.368015
v -0.911301 1.699324 -1.363858
v -0.909267 1.702984 -1.360814
v -0.908523 1.707984 -1.359700
v -1.157278 1.712984 -1.157277
v -1.159866 1.716645 -1.159866
v -1.163401 1.717984 -1.163401
v -1.166937 1.716645 -1.166937
v -1.169525 1.712984 -1.169525
v -1.170472 1.707984 -1.170472
v -1.169525 1.702984 -1.169525
v -1.166937 1.699324 -1.166937
v -1.163401 1.697984 -1.163401
v -1.159866 1.699324 -1.159866
v -1.157278 1.702984 -1.157277
v -1.156330 1.707984 -1.156330
v -1.360815 1.712984 -0.909267
v -1.363858 1.716645 -0.911300
v -1.368015 1.717984 -0.914078
v -1.372173 1.716645 -0.916856
v -1.375216 1.712984 -0.918890
v -1.376330 1.707984 -0.919634
v -1.375216 1.702984 -0.918890
v -1.372173 1.699324 -0.916856
v -1.368015 1.697984 -0.914078
v -1.363858 1.699324 -0.911300
v -1.360815 1.702984 -0.909267
v -1.359701 1.707984 -0.908522
v -1.512056 1.712984 -0.626314
v -1.515437 1.716645 -0.627715
v -1.520057 1.717984 -0.629629
v -1.524676 1.716645 -0.631542
v -1.528058 1.712984 -0.632943
v -1.529296 1.707984 -0.633455
v -1.528058 1.702984 -0.632943
v -1.524676 1.699324 -0.631542
v -1.520057 1.697984 -0.629629
v -1.515437 1.699324 -0.627715
v -1.512056 1.702984 -0.626314
v -1.510818 1.707984 -0.625802
v -1.605190 1.712984 -0.319292
v -1.608780 1.716645 -0.320006
v -1.613684 1.717984 -0.320982
v -1.618588 1.716645 -0.321957
v -1.622178 1.712984 -0.322671
v -1.623492 1.707984 -0.322933
v -1.622178 1.702984 -0.322671
v -1.618588 1.699324 -0.321957
v -1.613684 1.697984 -0.320982
v -1.608780 1.699324 -0.320006
v -1.605190 1.702984 -0.319292
v -1.603876 1.707984 -0.319031
v -1.636638 1.712984 -0.000000
v -1.640298 1.716645 -0.000000
v -1.645298 1.717984 -0.000000
v -1.650298 1.716645 -0.000000
v -1.653958 1.712984 -0.000000
v -1.655298 1.707984 -0.000000
v -1.653958 1.702984 -0.000000
v -1.650298 1.699324 -0.000000
v -1.645298 1.697984 -0.000000
v -1.640298 1.699324 -0.000000
v -1.636638 1.702984 -0.000000
v -1.635298 1.707984 -0.000000
v -1.605190 1.712984 0.319292
v -1.608780 1.716645 0.320006
v -1.613684 1.717984 0.320982
v -1.618588 1.716645 0.321957
v -1.622178 1.712984 0.322671
v -1.623492 1.707984 0.322933
v -1.622178 1.702984 0.322671
v -1.618588 1.699324 0.321957
v -1.613684 1.697984 0.320982
v -1.608780 1.699324 0.320006
v -1.605190 1.702984 0.319292
v -1.603876 1.707984 0.319031
v -1.512056 1.712984 0.626314
v -1.515437 1.716645 0.627715
v -1.520057 1.717984 0.629628
v -1.524676 1.716645 0.631542
v -1.528058 1.712984 0.632942
v -1.529296 1.707984 0.633455
v -1.528058 1.702984 0.632942
v -1.524676 1.699324 0.631542
v -1.520057 1.697984 0.629628
v -1.515437 1.699324 0.627715
v -1.512056 1.702984 0.626314
v -1.510818 1.707984 0.625802
v -1.360814 1.712984 0.909267
v -1.363858 1.716645 0.911301
v -1.368015 1.717984 0.914079
v -1.372172 1.716645 0.916857
v -1.375216 1.712984 0.918890
v -1.376330 1.707984 0.919634
v -1.375216 1.702984 0.918890
v -1.372172 1.699324 0.916857
v -1.368015 1.697984 0.914079
v -1.363858 1.699324 0.911301
v -1.360814 1.702984 0.909267
v -1.359700 1.707984 0.908523
v -1.157277 1.712984 1.157277
v -1.159866 1.716645 1.159866
v -1.163401 1.717984 1.163401
v -1.166937 1.716645 1.166937
v -1.169525 1.712984 1.169525
v -1.170472 1.707984 1.170472
v -1.169525 1.702984 1.169525
v -1.166937 1.699324 1.166937
v -1.163401 1.697984 1.163401
v -1.159866 1.699324 1.159866
v -1.157277 1.702984 1.157278
v -1.156330 1.707984 1.156330
v -0.909267 1.712984 1.360814
v -0.911301 1.716645 1.363858
v -0.914079 1.717984 1.368015
v -0.916856 1.716645 1.372172
v -0.918890 1.712984 1.375216
v -0.919634 1.707984 1.376330
v -0.918890 1.702984 1.375216
v -0.916856 1.699324 1.372172
v -0.914079 1.697984 1.368015
v -0.911301 1.699324 1.363858
v -0.909267 1.702984 1.360814
v -0.908523 1.707984 1.359700
v -0.626314 1.712984 1.512056
v -0.627715 1.716645 1.515437
v -0.629628 1.717984 1.520057
v -0.631542 1.716645 1.524676
v -0.632942 1.712984 1.528058
v -0.633455 1.707984 1.529296
v -0.632942 1.702984 1.528058
v -0.631542 1.699324 1.524676
v -0.629628 1.697984 1.520057
v -0.627715 1.699324 1.515437
v -0.626314 1.702984 1.512056
v -0.625801 1.707984 1.510818
v -0.319292 1.712984 1.605190
v -0.320006 1.716645 1.608780
v -0.320982 1.717984 1.613684
v -0.321957 1.716645 1.618588
v -0.322671 1.712984 1.622178
v -0.322933 1.707984 1.623492
v -0.322671 1.702984 1.622178
v -0.321957 1.699324 1.618588
v -0.320982 1.697984 1.613684
v -0.320006 1.699324 1.608780
v -0.319292 1.702984 1.605190
v -0.319031 1.707984 1.603876
v -0.000000 1.712984 1.636638
v -0.000000 1.716645 1.640298
v -0.000000 1.717984 1.645298
v -0.000000 1.716645 1.650298
v -0.000000 1.712984 1.653958
v -0.000000 1.707984 1.655298
v -0.000000 1.702984 1.653958
v -0.000000 1.699324 1.650298
v -0.000000 1.697984 1.645298
v -0.000000 1.699324 1.640298
v -0.000000 1.702984 1.636638
v -0.000000 1.707984 1.635298
v 0.319292 1.712984 1.605190
v 0.320006 1.716645 1.608780
v 0.320982 1.717984 1.613684
v 0.321957 1.716645 1.618588
v 0.322671 1.712984 1.622178
v 0.322932 1.707984 1.623492
v 0.322671 1.702984 1.622178
v 0.321957 1.699324 1.618588
v 0.320982 1.697984 1.613684
v 0.320006 1.699324 1.608780
v 0.319292 1.702984 1.605190
v 0.319031 1.707984 1.603876
v 0.626314 1.712984 1.512056
v 0.627715 1.716645 1.515437
v 0.629628 1.717984 1.520057
v 0.631542 1.716645 1.524676
v 0.632942 1.712984 1.528058
v 0.633455 1.707984 1.529296
v 0.632942 1.702984 1.528058
v 0.631542 1.699324 1.524676
v 0.629628 1.697984 1.520057
v 0.627715 1.699324 1.515437
v 0.626314 1.702984 1.512056
v 0.625801 1.707984 1.510818
v 0.909267 1.712984 1.360814
v 0.911300 1.716645 1.363858
v 0.914078 1.717984 1.368015
v 0.916856 1.716645 1.372172
v 0.918890 1.712984 1.375216
v 0.919634 1.707984 1.376330
v 0.918890 1.702984 1.375216
v 0.916856 1.699324 1.372172
v 0.914078 1.697984 1.368015
v 0.911300 1.699324 1.363858
v 0.909267 1.702984 1.360814
v 0.908523 1.707984 1.359700
v 1.157277 1.712984 1.157277
v 1.159866 1.716645 1.159866
v 1.163401 1.717984 1.163401
v 1.166937 1.716645 1.166937
v 1.169525 1.712984 1.169525
v 1.170472 1.707984 1.170472
v 1.169525 1.702984 1.169525
v 1.166937 1.699324 1.166937
v 1.163401 1.697984 1.163401
v 1.159866 1.699324 1.159866
v 1.157277 1.702984 1.157278
v 1.156330 1.707984 1.156330
v 1.360814 1.712984 0.909267
v 1.363858 1.716645 0.911300
v 1.368015 1.717984 0.914078
v 1.372172 1.716645 0.916856
v 1.375216 1.712984 0.918890
v 1.376330 1.707984 0.919634
v 1.375216 1.702984 0.918890
v 1.372172 1.699324 0.916856
v 1.368015 1.697984 0.914078
v 1.363858 1.699324 0.911300
v 1.360814 1.702984 0.909267
v 1.359700 1.707984 0.908523
v 1.512056 1.712984 0.626314
v 1.515438 1.716645 0.627715
v 1.520057 1.717984 0.629628
v 1.524676 1.716645 0.631541
v 1.528058 1.712984 0.632942
v 1.529296 1.707984 0.633455
v 1.528058 1.702984 0.632942
v 1.524676 1.699324 0.631541
v 1.520057 1.697984 0.629628
v 1.515438 1.699324 0.627715
v 1.512056 1.702984 0.626314
v 1.510818 1.707984 0.625801
v 1.605190 1.712984 0.319292
v 1.608780 1.716645 0.320006
v 1.613684 1.717984 0.320982
v 1.618588 1.716645 0.321957
v 1.622178 1.712984 0.322671
v 1.623492 1.707984 0.322933
v 1.622178 1.702984 0.322671
v 1.618588 1.699324 0.321957
v 1.613684 1.697984 0.320982
v 1.608780 1.699324 0.320006
v 1.605190 1.702984 0.319292
v 1.603876 1.707984 0.319031
v 1.636637 1.712984 0.000000
v 1.640298 1.716645 0.000000
v 1.645298 1.717984 0.000000
v 1.650298 1.716645 0.000000
v 1.653958 1.712984 0.000000
v 1.655298 1.707984 0.000000
v 1.653958 1.702984 0.000000
v 1.650298 1.699324 0.000000
v 1.645298 1.697984 0.000000
v 1.640298 1.699324 0.000000
v 1.636638 1.702984 0.000000
v 1.635298 1.707984 0.000000
v 1.605190 1.712984 -0.319292
v 1.608780 1.716645 -0.320006
v 1.613684 1.717984 -0.320982
v 1.618588 1.716645 -0.321957
v 1.622178 1.712984 -0.322671
v 1.623492 1.707984 -0.322933
v 1.622178 1.702984 -0.322671
v 1.618588 1.699324 -0.321957
v 1.613684 1.697984 -0.320982
v 1.608780 1.699324 -0.320006
v 1.605190 1.702984 -0.319292
v 1.603876 1.707984 -0.319031
v 1.512056 1.712984 -0.626314
v 1.515438 1.716645 -0.627715
v 1.520057 1.717984 -0.629628
v 1.524676 1.716645 -0.631542
v 1.528058 1.712984 -0.632942
v 1.529296 1.707984 -0.633455
v 1.528058 1.702984 -0.632942
v 1.524676 1.699324 -0.631542
v 1.520057 1.697984 -0.629628
v 1.515438 1.699324 -0.627715
v 1.512056 1.702984 -0.626314
v 1.510818 1.707984 -0.625801
v 1.360814 1.712984 -0.909267
v 1.363858 1.716645 -0.911301
v 1.368015 1.717984 -0.914078
v 1.372172 1.716645 -0.916856
v 1.375216 1.712984 -0.918890
v 1.376330 1.707984 -0.919634
v 1.375216 1.702984 -0.918890
v 1.372172 1.699324 -0.916856
v 1.368015 1.697984 -0.914078
v 1.363858 1.699324 -0.911301
v 1.360814 1.702984 -0.909267
v 1.359700 1.707984 -0.908523
v 1.157277 1.712984 -1.157277
v 1.159866 1.716645 -1.159866
v 1.163401 1.717984 -1.163401
v 1.166937 1.716645 -1.166937
v 1.169525 1.712984 -1.169525
v 1.170472 1.707984 -1.170472
v 1.169525 1.702984 -1.169525
v 1.166937 1.699324 -1.166937
v 1.163401 1.697984 -1.163401
v 1.159866 1.699324 -1.159866
v 1.157277 1.702984 -1.157278
v 1.156330 1.707984 -1.156330
v 0.909267 1.712984 -1.360814
v 0.911301 1.716645 -1.363858
v 0.914078 1.717984 -1.368015
v 0.916856 1.716645 -1.372172
v 0.918890 1.712984 -1.375216
v 0.919634 1.707984 -1.376330
v 0.918890 1.702984 -1.375216
v 0.916856 1.699324 -1.372172
v 0.914078 1.697984 -1.368015
v 0.911301 1.699324 -1.363858
v 0.909267 1.702984 -1.360814
v 0.908523 1.707984 -1.359700
v 0.626314 1.712984 -1.512056
v 0.627715 1.716645 -1.515437
v 0.629628 1.717984 -1.520057
v 0.631542 1.716645 -1.524676
v 0.632942 1.712984 -1.528058
v 0.633455 1.707984 -1.529296
v 0.632942 1.702984 -1.528058
v 0.631542 1.699324 -1.524676
v 0.629628 1.697984 -1.520057
v 0.627715 1.699324 -1.515437
v 0.626314 1.702984 -1.512056
v 0.625801 1.707984 -1.510818
v 0.319292 1.712984 -1.605190
v 0.320006 1.716645 -1.608780
v 0.320982 1.717984 -1.613684
v 0.321957 1.716645 -1.618588
v 0.322671 1.712984 -1.622178
v 0.322933 1.707984 -1.623492
v 0.322671 1.702984 -1.622178
v 0.321957 1.699324 -1.618588
v 0.320982 1.697984 -1.613684
v 0.320006 1.699324 -1.608780
v 0.319292 1.702984 -1.605190
v 0.319031 1.707984 -1.603876
v -0.921279 1.711520 -1.373986
v -0.921836 1.714108 -1.369538
v -0.920315 1.715055 -1.364682
v -0.917122 1.714108 -1.360719
v -0.913114 1.711520 -1.358711
v -0.909365 1.707984 -1.359196
v -0.906878 1.704449 -1.362044
v -0.906321 1.701861 -1.366492
v -0.907842 1.700913 -1.371348
v -0.911035 1.701861 -1.375311
v -0.915043 1.704449 -1.377319
v -0.918793 1.707984 -1.376834
v -0.630593 1.711520 -1.529361
v -0.626585 1.714108 -1.527353
v -0.623392 1.715055 -1.523390
v -0.621871 1.714108 -1.518534
v -0.622428 1.711520 -1.514086
v -0.624914 1.707984 -1.511238
v -0.628664 1.704449 -1.510753
v -0.632672 1.701861 -1.512761
v -0.635864 1.700913 -1.516724
v -0.637386 1.701861 -1.521580
v -0.636829 1.704449 -1.526028
v -0.634342 1.707984 -1.528876
v -0.630593 1.388811 -1.529361
v -0.626585 1.386223 -1.527353
v -0.623392 1.385276 -1.523390
v -0.621871 1.386223 -1.518534
v -0.622428 1.388811 -1.514086
v -0.624914 1.392347 -1.511238
v -0.628664 1.395882 -1.510753
v -0.632672 1.398471 -1.512761
v -0.635864 1.399418 -1.516724
v -0.637386 1.398471 -1.521580
v -0.636829 1.395882 -1.526028
v -0.634342 1.392347 -1.528876
v -0.921279 1.388811 -1.373986
v -0.921836 1.386223 -1.369538
v -0.920315 1.385276 -1.364682
v -0.917122 1.386223 -1.360719
v -0.913114 1.388811 -1.358711
v -0.909365 1.392347 -1.359196
v -0.906878 1.395882 -1.362044
v -0.906321 1.398471 -1.366492
v -0.907842 1.399418 -1.371348
v -0.911035 1.398471 -1.375311
v -0.915043 1.395882 -1.377319
v -0.918793 1.392347 -1.376834
v -1.171628 1.711520 -1.167853
v -1.171307 1.714108 -1.163381
v -1.168867 1.715055 -1.158915
v -1.164963 1.714108 -1.155651
v -1.160640 1.711520 -1.154464
v -1.157057 1.707984 -1.155671
v -1.155174 1.704449 -1.158950
v -1.155496 1.701861 -1.163421
v -1.157935 1.700913 -1.167887
v -1.161840 1.701861 -1.171151
v -1.166162 1.704449 -1.172338
v -1.169745 1.707984 -1.171131
v -0.916840 1.711520 -1.376952
v -0.912517 1.714108 -1.375765
v -0.908613 1.715055 -1.372501
v -0.906173 1.714108 -1.368035
v -0.905852 1.711520 -1.363564
v -0.907735 1.707984 -1.360285
v -0.911318 1.704449 -1.359078
v -0.915640 1.701861 -1.360265
v -0.919545 1.700913 -1.363529
v -0.921984 1.701861 -1.367995
v -0.922306 1.704449 -1.372467
v -0.920423 1.707984 -1.375745
v -0.916840 1.388811 -1.376952
v -0.912517 1.386223 -1.375765
v -0.908613 1.385276 -1.372501
v -0.906173 1.386223 -1.368035
v -0.905852 1.388811 -1.363564
v -0.907735 1.392347 -1.360285
v -0.911318 1.395882 -1.359078
v -0.915640 1.398471 -1.360265
v -0.919545 1.399418 -1.363529
v -0.921984 1.398471 -1.367995
v -0.922306 1.395882 -1.372467
v -0.920423 1.392347 -1.375745
v -1.171628 1.388811 -1.167853
v -1.171307 1.386223 -1.163381
v -1.168867 1.385276 -1.158915
v -1.164963 1.386223 -1.155651
v -1.160640 1.388811 -1.154464
v -1.157057 1.392347 -1.155671
v -1.155174 1.395882 -1.158950
v -1.155496 1.398471 -1.163421
v -1.157935 1.399418 -1.167887
v -1.161840 1.398471 -1.171151
v -1.166162 1.395882 -1.172338
v -1.169745 1.392347 -1.171131
v -1.376953 1.711520 -0.916839
v -1.375765 1.714108 -0.912516
v -1.372501 1.715055 -0.908612
v -1.368035 1.714108 -0.906173
v -1.363564 1.711520 -0.905851
v -1.360285 1.707984 -0.907734
v -1.359078 1.704449 -0.911317
v -1.360265 1.701861 -0.915640
v -1.363529 1.700913 -0.919544
v -1.367996 1.701861 -0.921984
v -1.372467 1.704449 -0.922305
v -1.375745 1.707984 -0.920422
v -1.167853 1.711520 -1.171628
v -1.163382 1.714108 -1.171307
v -1.158916 1.715055 -1.168867
v -1.155651 1.714108 -1.164963
v -1.154464 1.711520 -1.160640
v -1.155671 1.707984 -1.157057
v -1.158950 1.704449 -1.155174
v -1.163421 1.701861 -1.155495
v -1.167887 1.700913 -1.157935
v -1.171151 1.701861 -1.161839
v -1.172339 1.704449 -1.166162
v -1.171131 1.707984 -1.169745
v -1.167853 1.388811 -1.171628
v -1.163382 1.386223 -1.171307
v -1.158916 1.385276 -1.168867
v -1.155651 1.386223 -1.164963
v -1.154464 1.388811 -1.160640
v -1.155671 1.392347 -1.157057
v -1.158950 1.395882 -1.155174
v -1.163421 1.398471 -1.155495
v -1.167887 1.399418 -1.157935
v -1.171151 1.398471 -1.161839
v -1.172339 1.395882 -1.166162
v -1.171131 1.392347 -1.169745
v -1.376953 1.388811 -0.916839
v -1.375765 1.386223 -0.912516
v -1.372501 1.385276 -0.908612
v -1.368035 1.386223 -0.906173
v -1.363564 1.388811 -0.905851
v -1.360285 1.392347 -0.907734
v -1.359078 1.395882 -0.911317
v -1.360265 1.398471 -0.915640
v -1.363529 1.399418 -0.919544
v -1.367996 1.398471 -0.921984
v -1.372467 1.395882 -0.922305
v -1.375745 1.392347 -0.920422
v -1.529361 1.711520 -0.630593
v -1.527353 1.714108 -0.626585
v -1.523390 1.715055 -0.623392
v -1.518534 1.714108 -0.621871
v -1.514086 1.711520 -0.622428
v -1.511238 1.707984 -0.624915
v -1.510752 1.704449 -0.628664
v -1.512760 1.701861 -0.632672
v -1.516723 1.700913 -0.635865
v -1.521580 1.701861 -0.637386
v -1.526028 1.704449 -0.636829
v -1.528876 1.707984 -0.634342
v -1.373986 1.711520 -0.921279
v -1.369538 1.714108 -0.921836
v -1.364682 1.715055 -0.920314
v -1.360719 1.714108 -0.917122
v -1.358711 1.711520 -0.913114
v -1.359196 1.707984 -0.909364
v -1.362044 1.704449 -0.906878
v -1.366492 1.701861 -0.906321
v -1.371349 1.700913 -0.907842
v -1.375312 1.701861 -0.911035
v -1.377320 1.704449 -0.915043
v -1.376835 1.707984 -0.918792
v -1.373986 1.388811 -0.921279
v -1.369538 1.386223 -0.921836
v -1.364682 1.385276 -0.920314
v -1.360719 1.386223 -0.917122
v -1.358711 1.388811 -0.913114
v -1.359196 1.392347 -0.909364
v -1.362044 1.395882 -0.906878
v -1.366492 1.398471 -0.906321
v -1.371349 1.399418 -0.907842
v -1.375312 1.398471 -0.911035
v -1.377320 1.395882 -0.915043
v -1.376835 1.392347 -0.918792
v -1.529361 1.388811 -0.630593
v -1.527353 1.386223 -0.626585
v -1.523390 1.385276 -0.623392
v -1.518534 1.386223 -0.621871
v -1.514086 1.388811 -0.622428
v -1.511238 1.392347 -0.624915
v -1.510752 1.395882 -0.628664
v -1.512760 1.398471 -0.632672
v -1.516723 1.399418 -0.635865
v -1.521580 1.398471 -0.637386
v -1.526028 1.395882 -0.636829
v -1.528876 1.392347 -0.634342
v -1.622998 1.711520 -0.320112
v -1.620246 1.714108 -0.316573
v -1.615736 1.715055 -0.314215
v -1.610677 1.714108 -0.313670
v -1.606423 1.711520 -0.315085
v -1.604114 1.707984 -0.318079
v -1.604370 1.704449 -0.321851
v -1.607121 1.701861 -0.325390
v -1.611631 1.700913 -0.327748
v -1.616691 1.701861 -0.328293
v -1.620945 1.704449 -0.326879
v -1.623253 1.707984 -0.323885
v -1.527318 1.711520 -0.635526
v -1.523064 1.714108 -0.636940
v -1.518004 1.715055 -0.636395
v -1.513494 1.714108 -0.634037
v -1.510743 1.711520 -0.630498
v -1.510487 1.707984 -0.626726
v -1.512796 1.704449 -0.623731
v -1.517050 1.701861 -0.622317
v -1.522109 1.700913 -0.622862
v -1.526619 1.701861 -0.625220
v -1.529370 1.704449 -0.628759
v -1.529626 1.707984 -0.632531
v -1.527318 1.388811 -0.635526
v -1.523064 1.386223 -0.636940
v -1.518004 1.385276 -0.636395
v -1.513494 1.386223 -0.634037
v -1.510743 1.388811 -0.630498
v -1.510487 1.392347 -0.626726
v -1.512796 1.395882 -0.623731
v -1.517050 1.398471 -0.622317
v -1.522109 1.399418 -0.622862
v -1.526619 1.398471 -0.625220
v -1.529370 1.395882 -0.628759
v -1.529626 1.392347 -0.632531
v -1.622998 1.388811 -0.320112
v -1.620246 1.386223 -0.316573
v -1.615736 1.385276 -0.314215
v -1.610677 1.386223 -0.313670
v -1.606423 1.388811 -0.315085
v -1.604114 1.392347 -0.318079
v -1.604370 1.395882 -0.321851
v -1.607121 1.398471 -0.325390
v -1.611631 1.399418 -0.327748
v -1.616691 1.398471 -0.328293
v -1.620945 1.395882 -0.326879
v -1.623253 1.392347 -0.323885
v -1.654263 1.711520 0.002670
v -1.650874 1.714108 0.005604
v -1.645991 1.715055 0.007037
v -1.640922 1.714108 0.006584
v -1.637026 1.711520 0.004367
v -1.635346 1.707984 0.000980
v -1.636333 1.704449 -0.002670
v -1.639722 1.701861 -0.005604
v -1.644605 1.700913 -0.007037
v -1.649674 1.701861 -0.006584
v -1.653570 1.704449 -0.004367
v -1.655250 1.707984 -0.000980
v -1.621956 1.711520 -0.325349
v -1.618060 1.714108 -0.327566
v -1.612991 1.715055 -0.328019
v -1.608108 1.714108 -0.326586
v -1.604719 1.711520 -0.323651
v -1.603732 1.707984 -0.320002
v -1.605412 1.704449 -0.316614
v -1.609308 1.701861 -0.314398
v -1.614377 1.700913 -0.313945
v -1.619260 1.701861 -0.315378
v -1.622649 1.704449 -0.318312
v -1.623636 1.707984 -0.321962
v -1.621956 1.388811 -0.325349
v -1.618060 1.386223 -0.327566
v -1.612991 1.385276 -0.328019
v -1.608108 1.386223 -0.326586
v -1.604719 1.388811 -0.323651
v -1.603732 1.392347 -0.320002
v -1.605412 1.395882 -0.316614
v -1.609308 1.398471 -0.314398
v -1.614377 1.399418 -0.313945
v -1.619260 1.398471 -0.315378
v -1.622649 1.395882 -0.318312
v -1.623636 1.392347 -0.321962
v -1.654263 1.388811 0.002670
v -1.650874 1.386223 0.005604
v -1.645991 1.385276 0.007037
v -1.640922 1.386223 0.006584
v -1.637026 1.388811 0.004367
v -1.635346 1.392347 0.000980
v -1.636333 1.395882 -0.002670
v -1.639722 1.398471 -0.005604
v -1.644605 1.399418 -0.007037
v -1.649674 1.398471 -0.006584
v -1.653570 1.395882 -0.004367
v -1.655250 1.392347 -0.000980
v -1.621956 1.711520 0.325349
v -1.618060 1.714108 0.327566
v -1.612991 1.715055 0.328019
v -1.608108 1.714108 0.326586
v -1.604719 1.711520 0.323651
v -1.603732 1.707984 0.320002
v -1.605412 1.704449 0.316614
v -1.609308 1.701861 0.314397
v -1.614377 1.700913 0.313945
v -1.619260 1.701861 0.315378
v -1.622649 1.704449 0.318312
v -1.623636 1.707984 0.321962
v -1.654263 1.711520 -0.002670
v -1.650874 1.714108 -0.005604
v -1.645991 1.715055 -0.007037
v -1.640922 1.714108 -0.006584
v -1.637026 1.711520 -0.004367
v -1.635346 1.707984 -0.000980
v -1.636333 1.704449 0.002670
v -1.639722 1.701861 0.005604
v -1.644605 1.700913 0.007037
v -1.649674 1.701861 0.006584
v -1.653570 1.704449 0.004367
v -1.655250 1.707984 0.000980
v -1.654263 1.388811 -0.002670
v -1.650874 1.386223 -0.005604
v -1.645991 1.385276 -0.007037
v -1.640922 1.386223 -0.006584
v -1.637026 1.388811 -0.004367
v -1.635346 1.392347 -0.000980
v -1.636333 1.395882 0.002670
v -1.639722 1.398471 0.005604
v -1.644605 1.399418 0.007037
v -1.649674 1.398471 0.006584
v -1.653570 1.395882 0.004367
v -1.655250 1.392347 0.000980
v -1.621956 1.388811 0.325349
v -1.618060 1.386223 0.327566
v -1.612991 1.385276 0.328019
v -1.608108 1.386223 0.326586
v -1.604719 1.388811 0.323651
v -1.603732 1.392347 0.320002
v -1.605412 1.395882 0.316614
v -1.609308 1.398471 0.314397
v -1.614377 1.399418 0.313945
v -1.619260 1.398471 0.315378
v -1.622649 1.395882 0.318312
v -1.623636 1.392347 0.321962
v -1.527318 1.711520 0.635526
v -1.523064 1.714108 0.636940
v -1.518004 1.715055 0.636395
v -1.513494 1.714108 0.634037
v -1.510743 1.711520 0.630498
v -1.510487 1.707984 0.626725
v -1.512796 1.704449 0.623731
v -1.517050 1.701861 0.622317
v -1.522110 1.700913 0.622862
v -1.526619 1.701861 0.625220
v -1.529371 1.704449 0.628759
v -1.529626 1.707984 0.632531
v -1.622998 1.711520 0.320112
v -1.620246 1.714108 0.316573
v -1.615736 1.715055 0.314215
v -1.610677 1.714108 0.313670
v -1.606423 1.711520 0.315085
v -1.604114 1.707984 0.318079
v -1.604370 1.704449 0.321851
v -1.607121 1.701861 0.325390
v -1.611631 1.700913 0.327748
v -1.616691 1.701861 0.328293
v -1.620945 1.704449 0.326879
v -1.623253 1.707984 0.323885
v -1.622998 1.388811 0.320112
v -1.620246 1.386223 0.316573
v -1.615736 1.385276 0.314215
v -1.610677 1.386223 0.313670
v -1.606423 1.388811 0.315085
v -1.604114 1.392347 0.318079
v -1.604370 1.395882 0.321851
v -1.607121 1.398471 0.325390
v -1.611631 1.399418 0.327748
v -1.616691 1.398471 0.328293
v -1.620945 1.395882 0.326879
v -1.623253 1.392347 0.323885
v -1.527318 1.388811 0.635526
v -1.523064 1.386223 0.636940
v -1.518004 1.385276 0.636395
v -1.513494 1.386223 0.634037
v -1.510743 1.388811 0.630498
v -1.510487 1.392347 0.626725
v -1.512796 1.395882 0.623731
v -1.517050 1.398471 0.622317
v -1.522110 1.399418 0.622862
v -1.526619 1.398471 0.625220
v -1.529371 1.395882 0.628759
v -1.529626 1.392347 0.632531
v -1.373986 1.711520 0.921279
v -1.369538 1.714108 0.921836
v -1.364681 1.715055 0.920315
v -1.360718 1.714108 0.917122
v -1.358711 1.711520 0.913114
v -1.359196 1.707984 0.909365
v -1.362044 1.704449 0.906878
v -1.366492 1.701861 0.906321
v -1.371348 1.700913 0.907843
v -1.375311 1.701861 0.911035
v -1.377319 1.704449 0.915043
v -1.376834 1.707984 0.918793
v -1.529361 1.711520 0.630593
v -1.527353 1.714108 0.626585
v -1.523390 1.715055 0.623392
v -1.518534 1.714108 0.621871
v -1.514086 1.711520 0.622428
v -1.511238 1.707984 0.624914
v -1.510753 1.704449 0.628664
v -1.512761 1.701861 0.632672
v -1.516724 1.700913 0.635864
v -1.521580 1.701861 0.637386
v -1.526028 1.704449 0.636829
v -1.528876 1.707984 0.634342
v -1.529361 1.388811 0.630593
v -1.527353 1.386223 0.626585
v -1.523390 1.385276 0.623392
v -1.518534 1.386223 0.621871
v -1.514086 1.388811 0.622428
v -1.511238 1.392347 0.624914
v -1.510753 1.395882 0.628664
v -1.512761 1.398471 0.632672
v -1.516724 1.399418 0.635864
v -1.521580 1.398471 0.637386
v -1.526028 1.395882 0.636829
v -1.528876 1.392347 0.634342
v -1.373986 1.388811 0.921279
v -1.369538 1.386223 0.921836
v -1.364681 1.385276 0.920315
v -1.360718 1.386223 0.917122
v -1.358711 1.388811 0.913114
v -1.359196 1.392347 0.909365
v -1.362044 1.395882 0.906878
v -1.366492 1.398471 0.906321
v -1.371348 1.399418 0.907843
v -1.375311 1.398471 0.911035
v -1.377319 1.395882 0.915043
v -1.376834 1.392347 0.918793
v -1.167853 1.711520 1.171628
v -1.163381 1.714108 1.171307
v -1.158915 1.715055 1.168867
v -1.155651 1.714108 1.164963
v -1.154464 1.711520 1.160640
v -1.155671 1.707984 1.157057
v -1.158950 1.704449 1.155174
v -1.163421 1.701861 1.155496
v -1.167887 1.700913 1.157935
v -1.171151 1.701861 1.161839
v -1.172338 1.704449 1.166162
v -1.171131 1.707984 1.169745
v -1.376952 1.711520 0.916840
v -1.375765 1.714108 0.912517
v -1.372501 1.715055 0.908613
v -1.368035 1.714108 0.906173
v -1.363563 1.711520 0.905852
v -1.360285 1.707984 0.907735
v -1.359077 1.704449 0.911318
v -1.360265 1.701861 0.915640
v -1.363529 1.700913 0.919545
v -1.367995 1.701861 0.921984
v -1.372466 1.704449 0.922306
v -1.375745 1.707984 0.920423
v -1.376952 1.388811 0.916840
v -1.375765 1.386223 0.912517
v -1.372501 1.385276 0.908613
v -1.368035 1.386223 0.906173
v -1.363563 1.388811 0.905852
v -1.360285 1.392347 0.907735
v -1.359077 1.395882 0.911318
v -1.360265 1.398471 0.915640
v -1.363529 1.399418 0.919545
v -1.367995 1.398471 0.921984
v -1.372466 1.395882 0.922306
v -1.375745 1.392347 0.920423
v -1.167853 1.388811 1.171628
v -1.163381 1.386223 1.171307
v -1.158915 1.385276 1.168867
v -1.155651 1.386223 1.164963
v -1.154464 1.388811 1.160640
v -1.155671 1.392347 1.157057
v -1.158950 1.395882 1.155174
v -1.163421 1.398471 1.155496
v -1.167887 1.399418 1.157935
v -1.171151 1.398471 1.161839
v -1.172338 1.395882 1.166162
v -1.171131 1.392347 1.169745
v -0.916840 1.711520 1.376952
v -0.912517 1.714108 1.375765
v -0.908613 1.715055 1.372501
v -0.906173 1.714108 1.368035
v -0.905852 1.711520 1.363563
v -0.907735 1.707984 1.360285
v -0.911318 1.704449 1.359078
v -0.915640 1.701861 1.360265
v -0.919545 1.700913 1.363529
v -0.921984 1.701861 1.367995
v -0.922306 1.704449 1.372466
v -0.920423 1.707984 1.375745
v -1.171628 1.711520 1.167853
v -1.171307 1.714108 1.163381
v -1.168867 1.715055 1.158915
v -1.164963 1.714108 1.155651
v -1.160640 1.711520 1.154464
v -1.157057 1.707984 1.155671
v -1.155174 1.704449 1.158950
v -1.155495 1.701861 1.163421
v -1.157935 1.700913 1.167887
v -1.161839 1.701861 1.171151
v -1.166162 1.704449 1.172339
v -1.169745 1.707984 1.171131
v -1.171628 1.388811 1.167853
v -1.171307 1.386223 1.163381
v -1.168867 1.385276 1.158915
v -1.164963 1.386223 1.155651
v -1.160640 1.388811 1.154464
v -1.157057 1.392347 1.155671
v -1.155174 1.395882 1.158950
v -1.155495 1.398471 1.163421
v -1.157935 1.399418 1.167887
v -1.161839 1.398471 1.171151
v -1.166162 1.395882 1.172339
v -1.169745 1.392347 1.171131
v -0.916840 1.388811 1.376952
v -0.912517 1.386223 1.375765
v -0.908613 1.385276 1.372501
v -0.906173 1.386223 1.368035
v -0.905852 1.388811 1.363563
v -0.907735 1.392347 1.360285
v -0.911318 1.395882 1.359078
v -0.915640 1.398471 1.360265
v -0.919545 1.399418 1.363529
v -0.921984 1.398471 1.367995
v -0.922306 1.395882 1.372466
v -0.920423 1.392347 1.375745
v -0.630593 1.711520 1.529361
v -0.626585 1.714108 1.527353
v -0.623392 1.715055 1.523390
v -0.621871 1.714108 1.518534
v -0.622428 1.711520 1.514086
v -0.624914 1.707984 1.511238
v -0.628664 1.704449 1.510753
v -0.632672 1.701861 1.512761
v -0.635864 1.700913 1.516724
v -0.637386 1.701861 1.521580
v -0.636829 1.704449 1.526028
v -0.634342 1.707984 1.528876
v -0.921279 1.711520 1.373986
v -0.921836 1.714108 1.369538
v -0.920315 1.715055 1.364682
v -0.917122 1.714108 1.360719
v -0.913114 1.711520 1.358711
v -0.909365 1.707984 1.359196
v -0.906878 1.704449 1.362044
v -0.906321 1.701861 1.366492
v -0.907842 1.700913 1.371348
v -0.911035 1.701861 1.375311
v -0.915043 1.704449 1.377319
v -0.918793 1.707984 1.376834
v -0.921279 1.388811 1.373986
v -0.921836 1.386223 1.369538
v -0.920315 1.385276 1.364682
v -0.917122 1.386223 1.360719
v -0.913114 1.388811 1.358711
v -0.909365 1.392347 1.359196
v -0.906878 1.395882 1.362044
v -0.906321 1.398471 1.366492
v -0.907842 1.399418 1.371348
v -0.911035 1.398471 1.375311
v -0.915043 1.395882 1.377319
v -0.918793 1.392347 1.376834
v -0.630593 1.388811 1.529361
v -0.626585 1.386223 1.527353
v -0.623392 1.385276 1.523390
v -0.621871 1.386223 1.518534
v -0.622428 1.388811 1.514086
v -0.624914 1.392347 1.511238
v -0.628664 1.395882 1.510753
v -0.632672 1.398471 1.512761
v -0.635864 1.399418 1.516724
v -0.637386 1.398471 1.521580
v -0.636829 1.395882 1.526028
v -0.634342 1.392347 1.528876
v -0.320112 1.711520 1.622998
v -0.316573 1.714108 1.620246
v -0.314215 1.715055 1.615737
v -0.313670 1.714108 1.610677
v -0.315084 1.711520 1.606423
v -0.318079 1.707984 1.604115
v -0.321851 1.704449 1.604370
v -0.325390 1.701861 1.607122
v -0.327748 1.700913 1.611631
v -0.328293 1.701861 1.616691
v -0.326879 1.704449 1.620945
v -0.323884 1.707984 1.623253
v -0.635525 1.711520 1.527318
v -0.636940 1.714108 1.523064
v -0.636395 1.715055 1.518004
v -0.634037 1.714108 1.513494
v -0.630498 1.711520 1.510743
v -0.626725 1.707984 1.510487
v -0.623731 1.704449 1.512796
v -0.622317 1.701861 1.517050
v -0.622862 1.700913 1.522110
v -0.625220 1.701861 1.526619
v -0.628759 1.704449 1.529371
v -0.632531 1.707984 1.529626
v -0.635525 1.388811 1.527318
v -0.636940 1.386223 1.523064
v -0.636395 1.385276 1.518004
v -0.634037 1.386223 1.513494
v -0.630498 1.388811 1.510743
v -0.626725 1.392347 1.510487
v -0.623731 1.395882 1.512796
v -0.622317 1.398471 1.517050
v -0.622862 1.399418 1.522110
v -0.625220 1.398471 1.526619
v -0.628759 1.395882 1.529371
v -0.632531 1.392347 1.529626
v -0.320112 1.388811 1.622998
v -0.316573 1.386223 1.620246
v -0.314215 1.385276 1.615737
v -0.313670 1.386223 1.610677
v -0.315084 1.388811 1.606423
v -0.318079 1.392347 1.604115
v -0.321851 1.395882 1.604370
v -0.325390 1.398471 1.607122
v -0.327748 1.399418 1.611631
v -0.328293 1.398471 1.616691
v -0.326879 1.395882 1.620945
v -0.323884 1.392347 1.623253
v 0.002669 1.711520 1.654263
v 0.005604 1.714108 1.650874
v 0.007037 1.715055 1.645991
v 0.006584 1.714108 1.640922
v 0.004367 1.711520 1.637026
v 0.000980 1.707984 1.635346
v -0.002670 1.704449 1.636333
v -0.005604 1.701861 1.639722
v -0.007037 1.700913 1.644605
v -0.006585 1.701861 1.649673
v -0.004368 1.704449 1.653570
v -0.000980 1.707984 1.655250
v -0.325349 1.711520 1.621956
v -0.327566 1.714108 1.618060
v -0.328019 1.715055 1.612991
v -0.326586 1.714108 1.608108
v -0.323651 1.711520 1.604719
v -0.320001 1.707984 1.603732
v -0.316614 1.704449 1.605412
v -0.314397 1.701861 1.609308
v -0.313945 1.700913 1.614377
v -0.315377 1.701861 1.619260
v -0.318312 1.704449 1.622649
v -0.321962 1.707984 1.623636
v -0.325349 1.388811 1.621956
v -0.327566 1.386223 1.618060
v -0.328019 1.385276 1.612991
v -0.326586 1.386223 1.608108
v -0.323651 1.388811 1.604719
v -0.320001 1.392347 1.603732
v -0.316614 1.395882 1.605412
v -0.314397 1.398471 1.609308
v -0.313945 1.399418 1.614377
v -0.315377 1.398471 1.619260
v -0.318312 1.395882 1.622649
v -0.321962 1.392347 1.623636
v 0.002669 1.388811 1.654263
v 0.005604 1.386223 1.650874
v 0.007037 1.385276 1.645991
v 0.006584 1.386223 1.640922
v 0.004367 1.388811 1.637026
v 0.000980 1.392347 1.635346
v -0.002670 1.395882 1.636333
v -0.005604 1.398471 1.639722
v -0.007037 1.399418 1.644605
v -0.006585 1.398471 1.649673
v -0.004368 1.395882 1.653570
v -0.000980 1.392347 1.655250
v 0.325349 1.711520 1.621956
v 0.327566 1.714108 1.618060
v 0.328019 1.715055 1.612991
v 0.326586 1.714108 1.608108
v 0.323651 1.711520 1.604719
v 0.320001 1.707984 1.603732
v 0.316614 1.704449 1.605412
v 0.314397 1.701861 1.609308
v 0.313945 1.700913 1.614377
v 0.315377 1.701861 1.619260
v 0.318312 1.704449 1.622649
v 0.321962 1.707984 1.623636
v -0.002670 1.711520 1.654263
v -0.005604 1.714108 1.650874
v -0.007037 1.715055 1.645991
v -0.006585 1.714108 1.640922
v -0.004368 1.711520 1.637026
v -0.000980 1.707984 1.635346
v 0.002669 1.704449 1.636333
v 0.005604 1.701861 1.639722
v 0.007037 1.700913 1.644605
v 0.006584 1.701861 1.649673
v 0.004367 1.704449 1.653570
v 0.000980 1.707984 1.655250
v -0.002670 1.388811 1.654263
v -0.005604 1.386223 1.650874
v -0.007037 1.385276 1.645991
v -0.006585 1.386223 1.640922
v -0.004368 1.388811 1.637026
v -0.000980 1.392347 1.635346
v 0.002669 1.395882 1.636333
v 0.005604 1.398471 1.639722
v 0.007037 1.399418 1.644605
v 0.006584 1.398471 1.649673
v 0.004367 1.395882 1.653570
v 0.000980 1.392347 1.655250
v 0.325349 1.388811 1.621956
v 0.327566 1.386223 1.618060
v 0.328019 1.385276 1.612991
v 0.326586 1.386223 1.608108
v 0.323651 1.388811 1.604719
v 0.320001 1.392347 1.603732
v 0.316614 1.395882 1.605412
v 0.314397 1.398471 1.609308
v 0.313945 1.399418 1.614377
v 0.315377 1.398471 1.619260
v 0.318312 1.395882 1.622649
v 0.321962 1.392347 1.623636
v 0.635525 1.711520 1.527318
v 0.636940 1.714108 1.523064
v 0.636395 1.715055 1.518004
v 0.634037 1.714108 1.513494
v 0.630498 1.711520 1.510743
v 0.626725 1.707984 1.510487
v 0.623731 1.704449 1.512796
v 0.622317 1.701861 1.517050
v 0.622862 1.700913 1.522110
v 0.625220 1.701861 1.526619
v 0.628759 1.704449 1.529371
v 0.632531 1.707984 1.529626
v 0.320112 1.711520 1.622998
v 0.316573 1.714108 1.620246
v 0.314215 1.715055 1.615737
v 0.313670 1.714108 1.610677
v 0.315084 1.711520 1.606423
v 0.318079 1.707984 1.604115
v 0.321851 1.704449 1.604370
v 0.325390 1.701861 1.607122
v 0.327748 1.700913 1.611631
v 0.328293 1.701861 1.616691
v 0.326879 1.704449 1.620945
v 0.323884 1.707984 1.623253
v 0.320112 1.388811 1.622998
v 0.316573 1.386223 1.620246
v 0.314215 1.385276 1.615737
v 0.313670 1.386223 1.610677
v 0.315084 1.388811 1.606423
v 0.318079 1.392347 1.604115
v 0.321851 1.395882 1.604370
v 0.325390 1.398471 1.607122
v 0.327748 1.399418 1.611631
v 0.328293 1.398471 1.616691
v 0.326879 1.395882 1.620945
v 0.323884 1.392347 1.623253
v 0.635525 1.388811 1.527318
v 0.636940 1.386223 1.523064
v 0.636395 1.385276 1.518004
v 0.634037 1.386223 1.513494
v 0.630498 1.388811 1.510743
v 0.626725 1.392347 1.510487
v 0.623731 1.395882 1.512796
v 0.622317 1.398471 1.517050
v 0.622862 1.399418 1.522110
v 0.625220 1.398471 1.526619
v 0.628759 1.395882 1.529371
v 0.632531 1.392347 1.529626
v 0.921279 1.711520 1.373986
v 0.921836 1.714108 1.369538
v 0.920314 1.715055 1.364682
v 0.917122 1.714108 1.360719
v 0.913114 1.711520 1.358711
v 0.909364 1.707984 1.359196
v 0.906878 1.704449 1.362044
v 0.906321 1.701861 1.366492
v 0.907842 1.700913 1.371348
v 0.911035 1.701861 1.375311
v 0.915043 1.704449 1.377319
v 0.918792 1.707984 1.376834
v 0.630593 1.711520 1.529361
v 0.626585 1.714108 1.527353
v 0.623392 1.715055 1.523390
v 0.621871 1.714108 1.518534
v 0.622428 1.711520 1.514086
v 0.624914 1.707984 1.511238
v 0.628664 1.704449 1.510753
v 0.632672 1.701861 1.512761
v 0.635864 1.700913 1.516724
v 0.637386 1.701861 1.521580
v 0.636829 1.704449 1.526028
v 0.634342 1.707984 1.528876
v 0.630593 1.388811 1.529361
v 0.626585 1.386223 1.527353
v 0.623392 1.385276 1.523390
v 0.621871 1.386223 1.518534
v 0.622428 1.388811 1.514086
v 0.624914 1.392347 1.511238
v 0.628664 1.395882 1.510753
v 0.632672 1.398471 1.512761
v 0.635864 1.399418 1.516724
v 0.637386 1.398471 1.521580
v 0.636829 1.395882 1.526028
v 0.634342 1.392347 1.528876
v 0.921279 1.388811 1.373986
v 0.921836 1.386223 1.369538
v 0.920314 1.385276 1.364682
v 0.917122 1.386223 1.360719
v 0.913114 1.388811 1.358711
v 0.909364 1.392347 1.359196
v 0.906878 1.395882 1.362044
v 0.906321 1.398471 1.366492
v 0.907842 1.399418 1.371348
v 0.911035 1.398471 1.375311
v 0.915043 1.395882 1.377319
v 0.918792 1.392347 1.376834
v 1.171628 1.711520 1.167853
v 1.171307 1.714108 1.163381
v 1.168867 1.715055 1.158915
v 1.164963 1.714108 1.155651
v 1.160640 1.711520 1.154464
v 1.157057 1.707984 1.155671
v 1.155174 1.704449 1.158950
v 1.155496 1.701861 1.163421
v 1.157935 1.700913 1.167887
v 1.161839 1.701861 1.171151
v 1.166162 1.704449 1.172339
v 1.169745 1.707984 1.171131
v 0.916839 1.711520 1.376953
v 0.912517 1.714108 1.375765
v 0.908612 1.715055 1.372501
v 0.906173 1.714108 1.368035
v 0.905851 1.711520 1.363564
v 0.907734 1.707984 1.360285
v 0.911317 1.704449 1.359078
v 0.915640 1.701861 1.360265
v 0.919544 1.700913 1.363529
v 0.921984 1.701861 1.367995
v 0.922305 1.704449 1.372467
v 0.920422 1.707984 1.375745
v 0.916839 1.388811 1.376953
v 0.912517 1.386223 1.375765
v 0.908612 1.385276 1.372501
v 0.906173 1.386223 1.368035
v 0.905851 1.388811 1.363564
v 0.907734 1.392347 1.360285
v 0.911317 1.395882 1.359078
v 0.915640 1.398471 1.360265
v 0.919544 1.399418 1.363529
v 0.921984 1.398471 1.367995
v 0.922305 1.395882 1.372467
v 0.920422 1.392347 1.375745
v 1.171628 1.388811 1.167853
v 1.171307 1.386223 1.163381
v 1.168867 1.385276 1.158915
v 1.164963 1.386223 1.155651
v 1.160640 1.388811 1.154464
v 1.157057 1.392347 1.155671
v 1.155174 1.395882 1.158950
v 1.155496 1.398471 1.163421
v 1.157935 1.399418 1.167887
v 1.161839 1.398471 1.171151
v 1.166162 1.395882 1.172339
v 1.169745 1.392347 1.171131
v 1.376953 1.711520 0.916839
v 1.375765 1.714108 0.912517
v 1.372501 1.715055 0.908612
v 1.368035 1.714108 0.906173
v 1.363564 1.711520 0.905851
v 1.360285 1.707984 0.907734
v 1.359078 1.704449 0.911317
v 1.360265 1.701861 0.915640
v 1.363529 1.700913 0.919544
v 1.367995 1.701861 0.921984
v 1.372467 1.704449 0.922305
v 1.375745 1.707984 0.920422
v 1.167853 1.711520 1.171628
v 1.163381 1.714108 1.171307
v 1.158915 1.715055 1.168867
v 1.155651 1.714108 1.164963
v 1.154464 1.711520 1.160640
v 1.155671 1.707984 1.157057
v 1.158950 1.704449 1.155174
v 1.163421 1.701861 1.155496
v 1.167887 1.700913 1.157935
v 1.171151 1.701861 1.161839
v 1.172339 1.704449 1.166162
v 1.171131 1.707984 1.169745
v 1.167853 1.388811 1.171628
v 1.163381 1.386223 1.171307
v 1.158915 1.385276 1.168867
v 1.155651 1.386223 1.164963
v 1.154464 1.388811 1.160640
v 1.155671 1.392347 1.157057
v 1.158950 1.395882 1.155174
v 1.163421 1.398471 1.155496
v 1.167887 1.399418 1.157935
v 1.171151 1.398471 1.161839
v 1.172339 1.395882 1.166162
v 1.171131 1.392347 1.169745
v 1.376953 1.388811 0.916839
v 1.375765 1.386223 0.912517
v 1.372501 1.385276 0.908612
v 1.368035 1.386223 0.906173
v 1.363564 1.388811 0.905851
v 1.360285 1.392347 0.907734
v 1.359078 1.395882 0.911317
v 1.360265 1.398471 0.915640
v 1.363529 1.399418 0.919544
v 1.367995 1.398471 0.921984
v 1.372467 1.395882 0.922305
v 1.375745 1.392347 0.920422
v 1.529361 1.711520 0.630592
v 1.527353 1.714108 0.626584
v 1.523390 1.715055 0.623392
v 1.518534 1.714108 0.621870
v 1.514086 1.711520 0.622428
v 1.511238 1.707984 0.624914
v 1.510753 1.704449 0.628664
v 1.512761 1.701861 0.632672
v 1.516724 1.700913 0.635864
v 1.521580 1.701861 0.637386
v 1.526028 1.704449 0.636829
v 1.528876 1.707984 0.634342
v 1.373986 1.711520 0.921279
v 1.369538 1.714108 0.921836
v 1.364682 1.715055 0.920314
v 1.360719 1.714108 0.917122
v 1.358711 1.711520 0.913114
v 1.359196 1.707984 0.909364
v 1.362044 1.704449 0.906878
v 1.366492 1.701861 0.906321
v 1.371348 1.700913 0.907842
v 1.375311 1.701861 0.911035
v 1.377319 1.704449 0.915043
v 1.376834 1.707984 0.918792
v 1.373986 1.388811 0.921279
v 1.369538 1.386223 0.921836
v 1.364682 1.385276 0.920314
v 1.360719 1.386223 0.917122
v 1.358711 1.388811 0.913114
v 1.359196 1.392347 0.909364
v 1.362044 1.395882 0.906878
v 1.366492 1.398471 0.906321
v 1.371348 1.399418 0.907842
v 1.375311 1.398471 0.911035
v 1.377319 1.395882 0.915043
v 1.376834 1.392347 0.918792
v 1.529361 1.388811 0.630592
v 1.527353 1.386223 0.626584
v 1.523390 1.385276 0.623392
v 1.518534 1.386223 0.621870
v 1.514086 1.388811 0.622428
v 1.511238 1.392347 0.624914
v 1.510753 1.395882 0.628664
v 1.512761 1.398471 0.632672
v 1.516724 1.399418 0.635864
v 1.521580 1.398471 0.637386
v 1.526028 1.395882 0.636829
v 1.528876 1.392347 0.634342
v 1.622998 1.711520 0.320112
v 1.620246 1.714108 0.316573
v 1.615736 1.715055 0.314215
v 1.610677 1.714108 0.313670
v 1.606423 1.711520 0.315084
v 1.604114 1.707984 0.318079
v 1.604370 1.704449 0.321851
v 1.607121 1.701861 0.325390
v 1.611631 1.700913 0.327748
v 1.616691 1.701861 0.328293
v 1.620945 1.704449 0.326879
v 1.623253 1.707984 0.323885
v 1.527318 1.711520 0.635525
v 1.523064 1.714108 0.636940
v 1.518004 1.715055 0.636395
v 1.513495 1.714108 0.634037
v 1.510743 1.711520 0.630497
v 1.510488 1.707984 0.626725
v 1.512796 1.704449 0.623731
v 1.517050 1.701861 0.622317
v 1.522110 1.700913 0.622861
v 1.526619 1.701861 0.625219
v 1.529371 1.704449 0.628759
v 1.529626 1.707984 0.632531
v 1.527318 1.388811 0.635525
v 1.523064 1.386223 0.636940
v 1.518004 1.385276 0.636395
v 1.513495 1.386223 0.634037
v 1.510743 1.388811 0.630497
v 1.510488 1.392347 0.626725
v 1.512796 1.395882 0.623731
v 1.517050 1.398471 0.622317
v 1.522110 1.399418 0.622861
v 1.526619 1.398471 0.625219
v 1.529371 1.395882 0.628759
v 1.529626 1.392347 0.632531
v 1.622998 1.388811 0.320112
v 1.620246 1.386223 0.316573
v 1.615736 1.385276 0.314215
v 1.610677 1.386223 0.313670
v 1.606423 1.388811 0.315084
v 1.604114 1.392347 0.318079
v 1.604370 1.395882 0.321851
v 1.607121 1.398471 0.325390
v 1.611631 1.399418 0.327748
v 1.616691 1.398471 0.328293
v 1.620945 1.395882 0.326879
v 1.623253 1.392347 0.323885
v 1.654263 1.711520 -0.002670
v 1.650874 1.714108 -0.005604
v 1.645991 1.715055 -0.007037
v 1.640922 1.714108 -0.006584
v 1.637026 1.711520 -0.004367
v 1.635346 1.707984 -0.000980
v 1.636333 1.704449 0.002670
v 1.639722 1.701861 0.005604
v 1.644605 1.700913 0.007037
v 1.649673 1.701861 0.006584
v 1.653570 1.704449 0.004367
v 1.655250 1.707984 0.000980
v 1.621956 1.711520 0.325349
v 1.618060 1.714108 0.327566
v 1.612991 1.715055 0.328019
v 1.608108 1.714108 0.326586
v 1.604719 1.711520 0.323651
v 1.603732 1.707984 0.320002
v 1.605412 1.704449 0.316614
v 1.609308 1.701861 0.314397
v 1.614377 1.700913 0.313945
v 1.619260 1.701861 0.315378
v 1.622649 1.704449 0.318312
v 1.623636 1.707984 0.321962
v 1.621956 1.388811 0.325349
v 1.618060 1.386223 0.327566
v 1.612991 1.385276 0.328019
v 1.608108 1.386223 0.326586
v 1.604719 1.388811 0.323651
v 1.603732 1.392347 0.320002
v 1.605412 1.395882 0.316614
v 1.609308 1.398471 0.314397
v 1.614377 1.399418 0.313945
v 1.619260 1.398471 0.315378
v 1.622649 1.395882 0.318312
v 1.623636 1.392347 0.321962
v 1.654263 1.388811 -0.002670
v 1.650874 1.386223 -0.005604
v 1.645991 1.385276 -0.007037
v 1.640922 1.386223 -0.006584
v 1.637026 1.388811 -0.004367
v 1.635346 1.392347 -0.000980
v 1.636333 1.395882 0.002670
v 1.639722 1.398471 0.005604
v 1.644605 1.399418 0.007037
v 1.649673 1.398471 0.006584
v 1.653570 1.395882 0.004367
v 1.655250 1.392347 0.000980
v 1.621956 1.711520 -0.325349
v 1.618060 1.714108 -0.327566
v 1.612991 1.715055 -0.328019
v 1.608108 1.714108 -0.326586
v 1.604719 1.711520 -0.323651
v 1.603732 1.707984 -0.320002
v 1.605412 1.704449 -0.316614
v 1.609308 1.701861 -0.314397
v 1.614377 1.700913 -0.313945
v 1.619260 1.701861 -0.315378
v 1.622649 1.704449 -0.318312
v 1.623636 1.707984 -0.321962
v 1.654263 1.711520 0.002670
v 1.650874 1.714108 0.005604
v 1.645991 1.715055 0.007037
v 1.640922 1.714108 0.006584
v 1.637026 1.711520 0.004367
v 1.635346 1.707984 0.000980
v 1.636333 1.704449 -0.002670
v 1.639722 1.701861 -0.005604
v 1.644605 1.700913 -0.007037
v 1.649673 1.701861 -0.006584
v 1.653570 1.704449 -0.004367
v 1.655250 1.707984 -0.000980
v 1.654263 1.388811 0.002670
v 1.650874 1.386223 0.005604
v 1.645991 1.385276 0.007037
v 1.640922 1.386223 0.006584
v 1.637026 1.388811 0.004367
v 1.635346 1.392347 0.000980
v 1.636333 1.395882 -0.002670
v 1.639722 1.398471 -0.005604
v 1.644605 1.399418 -0.007037
v 1.649673 1.398471 -0.006584
v 1.653570 1.395882 -0.004367
v 1.655250 1.392347 -0.000980
v 1.621956 1.388811 -0.325349
v 1.618060 1.386223 -0.327566
v 1.612991 1.385276 -0.328019
v 1.608108 1.386223 -0.326586
v 1.604719 1.388811 -0.323651
v 1.603732 1.392347 -0.320002
v 1.605412 1.395882 -0.316614
v 1.609308 1.398471 -0.314397
v 1.614377 1.399418 -0.313945
v 1.619260 1.398471 -0.315378
v 1.622649 1.395882 -0.318312
v 1.623636 1.392347 -0.321962
v 1.527318 1.711520 -0.635525
v 1.523064 1.714108 -0.636940
v 1.518004 1.715055 -0.636395
v 1.513495 1.714108 -0.634037
v 1.510743 1.711520 -0.630498
v 1.510488 1.707984 -0.626725
v 1.512796 1.704449 -0.623731
v 1.517050 1.701861 -0.622317
v 1.522110 1.700913 -0.622862
v 1.526619 1.701861 -0.625220
v 1.529371 1.704449 -0.628759
v 1.529626 1.707984 -0.632531
v 1.622998 1.711520 -0.320112
v 1.620246 1.714108 -0.316573
v 1.615736 1.715055 -0.314215
v 1.610677 1.714108 -0.313670
v 1.606423 1.711520 -0.315084
v 1.604114 1.707984 -0.318079
v 1.604370 1.704449 -0.321851
v 1.607121 1.701861 -0.325390
v 1.611631 1.700913 -0.327748
v 1.616691 1.701861 -0.328293
v 1.620945 1.704449 -0.326879
v 1.623253 1.707984 -0.323885
v 1.622998 1.388811 -0.320112
v 1.620246 1.386223 -0.316573
v 1.615736 1.385276 -0.314215
v 1.610677 1.386223 -0.313670
v 1.606423 1.388811 -0.315084
v 1.604114 1.392347 -0.318079
v 1.604370 1.395882 -0.321851
v 1.607121 1.398471 -0.325390
v 1.611631 1.399418 -0.327748
v 1.616691 1.398471 -0.328293
v 1.620945 1.395882 -0.326879
v 1.623253 1.392347 -0.323885
v 1.527318 1.388811 -0.635525
v 1.523064 1.386223 -0.636940
v 1.518004 1.385276 -0.636395
v 1.513495 1.386223 -0.634037
v 1.510743 1.388811 -0.630498
v 1.510488 1.392347 -0.626725
v 1.512796 1.395882 -0.623731
v 1.517050 1.398471 -0.622317
v 1.522110 1.399418 -0.622862
v 1.526619 1.398471 -0.625220
v 1.529371 1.395882 -0.628759
v 1.529626 1.392347 -0.632531
v 1.373986 1.711520 -0.921279
v 1.369538 1.714108 -0.921836
v 1.364682 1.715055 -0.920315
v 1.360719 1.714108 -0.917122
v 1.358711 1.711520 -0.913114
v 1.359196 1.707984 -0.909365
v 1.362044 1.704449 -0.906878
v 1.366492 1.701861 -0.906321
v 1.371348 1.700913 -0.907842
v 1.375311 1.701861 -0.911035
v 1.377319 1.704449 -0.915043
v 1.376834 1.707984 -0.918792
v 1.529361 1.711520 -0.630593
v 1.527353 1.714108 -0.626585
v 1.523390 1.715055 -0.623392
v 1.518534 1.714108 -0.621871
v 1.514086 1.711520 -0.622428
v 1.511238 1.707984 -0.624914
v 1.510753 1.704449 -0.628664
v 1.512761 1.701861 -0.632672
v 1.516724 1.700913 -0.635864
v 1.521580 1.701861 -0.637386
v 1.526028 1.704449 -0.636829
v 1.528876 1.707984 -0.634342
v 1.529361 1.388811 -0.630593
v 1.527353 1.386223 -0.626585
v 1.523390 1.385276 -0.623392
v 1.518534 1.386223 -0.621871
v 1.514086 1.388811 -0.622428
v 1.511238 1.392347 -0.624914
v 1.510753 1.395882 -0.628664
v 1.512761 1.398471 -0.632672
v 1.516724 1.399418 -0.635864
v 1.521580 1.398471 -0.637386
v 1.526028 1.395882 -0.636829
v 1.528876 1.392347 -0.634342
v 1.373986 1.388811 -0.921279
v 1.369538 1.386223 -0.921836
v 1.364682 1.385276 -0.920315
v 1.360719 1.386223 -0.917122
v 1.358711 1.388811 -0.913114
v 1.359196 1.392347 -0.909365
v 1.362044 1.395882 -0.906878
v 1.366492 1.398471 -0.906321
v 1.371348 1.399418 -0.907842
v 1.375311 1.398471 -0.911035
v 1.377319 1.395882 -0.915043
v 1.376834 1.392347 -0.918792
v 1.167853 1.711520 -1.171628
v 1.163381 1.714108 -1.171307
v 1.158915 1.715055 -1.168867
v 1.155651 1.714108 -1.164963
v 1.154464 1.711520 -1.160640
v 1.155671 1.707984 -1.157057
v 1.158950 1.704449 -1.155174
v 1.163421 1.701861 -1.155496
v 1.167887 1.700913 -1.157935
v 1.171151 1.701861 -1.161839
v 1.172339 1.704449 -1.166162
v 1.171131 1.707984 -1.169745
v 1.376952 1.711520 -0.916839
v 1.375765 1.714108 -0.912517
v 1.372501 1.715055 -0.908612
v 1.368035 1.714108 -0.906173
v 1.363564 1.711520 -0.905851
v 1.360285 1.707984 -0.907735
v 1.359078 1.704449 -0.911317
v 1.360265 1.701861 -0.915640
v 1.363529 1.700913 -0.919544
v 1.367995 1.701861 -0.921984
v 1.372467 1.704449 -0.922305
v 1.375745 1.707984 -0.920422
v 1.376952 1.388811 -0.916839
v 1.375765 1.386223 -0.912517
v 1.372501 1.385276 -0.908612
v 1.368035 1.386223 -0.906173
v 1.363564 1.388811 -0.905851
v 1.360285 1.392347 -0.907735
v 1.359078 1.395882 -0.911317
v 1.360265 1.398471 -0.915640
v 1.363529 1.399418 -0.919544
v 1.367995 1.398471 -0.921984
v 1.372467 1.395882 -0.922305
v 1.375745 1.392347 -0.920422
v 1.167853 1.388811 -1.171628
v 1.163381 1.386223 -1.171307
v 1.158915 1.385276 -1.168867
v 1.155651 1.386223 -1.164963
v 1.154464 1.388811 -1.160640
v 1.155671 1.392347 -1.157057
v 1.158950 1.395882 -1.155174
v 1.163421 1.398471 -1.155496
v 1.167887 1.399418 -1.157935
v 1.171151 1.398471 -1.161839
v 1.172339 1.395882 -1.166162
v 1.171131 1.392347 -1.169745
v 0.916839 1.711520 -1.376952
v 0.912517 1.714108 -1.375765
v 0.908612 1.715055 -1.372501
v 0.906173 1.714108 -1.368035
v 0.905851 1.711520 -1.363564
v 0.907734 1.707984 -1.360285
v 0.911317 1.704449 -1.359078
v 0.915640 1.701861 -1.360265
v 0.919544 1.700913 -1.363529
v 0.921984 1.701861 -1.367995
v 0.922305 1.704449 -1.372467
v 0.920422 1.707984 -1.375745
v 1.171628 1.711520 -1.167853
v 1.171307 1.714108 -1.163381
v 1.168867 1.715055 -1.158915
v 1.164963 1.714108 -1.155651
v 1.160640 1.711520 -1.154464
v 1.157057 1.707984 -1.155671
v 1.155174 1.704449 -1.158950
v 1.155496 1.701861 -1.163421
v 1.157935 1.700913 -1.167887
v 1.161839 1.701861 -1.171151
v 1.166162 1.704449 -1.172339
v 1.169745 1.707984 -1.171131
v 1.171628 1.388811 -1.167853
v 1.171307 1.386223 -1.163381
v 1.168867 1.385276 -1.158915
v 1.164963 1.386223 -1.155651
v 1.160640 1.388811 -1.154464
v 1.157057 1.392347 -1.155671
v 1.155174 1.395882 -1.158950
v 1.155496 1.398471 -1.163421
v 1.157935 1.399418 -1.167887
v 1.161839 1.398471 -1.171151
v 1.166162 1.395882 -1.172339
v 1.169745 1.392347 -1.171131
v 0.916839 1.388811 -1.376952
v 0.912517 1.386223 -1.375765
v 0.908612 1.385276 -1.372501
v 0.906173 1.386223 -1.368035
v 0.905851 1.388811 -1.363564
v 0.907734 1.392347 -1.360285
v 0.911317 1.395882 -1.359078
v 0.915640 1.398471 -1.360265
v 0.919544 1.399418 -1.363529
v 0.921984 1.398471 -1.367995
v 0.922305 1.395882 -1.372467
v 0.920422 1.392347 -1.375745
v 0.630593 1.711520 -1.529361
v 0.626585 1.714108 -1.527353
v 0.623392 1.715055 -1.523390
v 0.621871 1.714108 -1.518534
v 0.622428 1.711520 -1.514086
v 0.624914 1.707984 -1.511238
v 0.628664 1.704449 -1.510753
v 0.632672 1.701861 -1.512761
v 0.635864 1.700913 -1.516724
v 0.637386 1.701861 -1.521580
v 0.636829 1.704449 -1.526028
v 0.634342 1.707984 -1.528876
v 0.921279 1.711520 -1.373986
v 0.921836 1.714108 -1.369538
v 0.920315 1.715055 -1.364682
v 0.917122 1.714108 -1.360719
v 0.913114 1.711520 -1.358711
v 0.909364 1.707984 -1.359196
v 0.906878 1.704449 -1.362044
v 0.906321 1.701861 -1.366492
v 0.907842 1.700913 -1.371348
v 0.911035 1.701861 -1.375311
v 0.915043 1.704449 -1.377319
v 0.918792 1.707984 -1.376834
v 0.921279 1.388811 -1.373986
v 0.921836 1.386223 -1.369538
v 0.920315 1.385276 -1.364682
v 0.917122 1.386223 -1.360719
v 0.913114 1.388811 -1.358711
v 0.909364 1.392347 -1.359196
v 0.906878 1.395882 -1.362044
v 0.906321 1.398471 -1.366492
v 0.907842 1.399418 -1.371348
v 0.911035 1.398471 -1.375311
v 0.915043 1.395882 -1.377319
v 0.918792 1.392347 -1.376834
v 0.630593 1.388811 -1.529361
v 0.626585 1.386223 -1.527353
v 0.623392 1.385276 -1.523390
v 0.621871 1.386223 -1.518534
v 0.622428 1.388811 -1.514086
v 0.624914 1.392347 -1.511238
v 0.628664 1.395882 -1.510753
v 0.632672 1.398471 -1.512761
v 0.635864 1.399418 -1.516724
v 0.637386 1.398471 -1.521580
v 0.636829 1.395882 -1.526028
v 0.634342 1.392347 -1.528876
v 0.320112 1.711520 -1.622998
v 0.316573 1.714108 -1.620246
v 0.314215 1.715055 -1.615736
v 0.313670 1.714108 -1.610677
v 0.315084 1.711520 -1.606423
v 0.318079 1.707984 -1.604114
v 0.321851 1.704449 -1.604370
v 0.325390 1.701861 -1.607121
v 0.327748 1.700913 -1.611631
v 0.328293 1.701861 -1.616691
v 0.326879 1.704449 -1.620945
v 0.323884 1.707984 -1.623253
v 0.635525 1.711520 -1.527318
v 0.636940 1.714108 -1.523064
v 0.636395 1.715055 -1.518004
v 0.634037 1.714108 -1.513494
v 0.630498 1.711520 -1.510743
v 0.626725 1.707984 -1.510487
v 0.623731 1.704449 -1.512796
v 0.622317 1.701861 -1.517050
v 0.622862 1.700913 -1.522110
v 0.625220 1.701861 -1.526619
v 0.628759 1.704449 -1.529371
v 0.632531 1.707984 -1.529626
v 0.635525 1.388811 -1.527318
v 0.636940 1.386223 -1.523064
v 0.636395 1.385276 -1.518004
v 0.634037 1.386223 -1.513494
v 0.630498 1.388811 -1.510743
v 0.626725 1.392347 -1.510487
v 0.623731 1.395882 -1.512796
v 0.622317 1.398471 -1.517050
v 0.622862 1.399418 -1.522110
v 0.625220 1.398471 -1.526619
v 0.628759 1.395882 -1.529371
v 0.632531 1.392347 -1.529626
v 0.320112 1.388811 -1.622998
v 0.316573 1.386223 -1.620246
v 0.314215 1.385276 -1.615736
v 0.313670 1.386223 -1.610677
v 0.315084 1.388811 -1.606423
v 0.318079 1.392347 -1.604114
v 0.321851 1.395882 -1.604370
v 0.325390 1.398471 -1.607121
v 0.327748 1.399418 -1.611631
v 0.328293 1.398471 -1.616691
v 0.326879 1.395882 -1.620945
v 0.323884 1.392347 -1.623253
v -0.002670 1.711520 -1.654263
v -0.005604 1.714108 -1.650874
v -0.007037 1.715055 -1.645991
v -0.006584 1.714108 -1.640922
v -0.004367 1.711520 -1.637026
v -0.000980 1.707984 -1.635346
v 0.002670 1.704449 -1.636333
v 0.005604 1.701861 -1.639722
v 0.007037 1.700913 -1.644605
v 0.006584 1.701861 -1.649673
v 0.004367 1.704449 -1.653570
v 0.000980 1.707984 -1.655250
v 0.325349 1.711520 -1.621956
v 0.327566 1.714108 -1.618060
v 0.328019 1.715055 -1.612991
v 0.326586 1.714108 -1.608108
v 0.323651 1.711520 -1.604719
v 0.320001 1.707984 -1.603732
v 0.316614 1.704449 -1.605412
v 0.314397 1.701861 -1.609308
v 0.313945 1.700913 -1.614377
v 0.315377 1.701861 -1.619260
v 0.318312 1.704449 -1.622649
v 0.321962 1.707984 -1.623636
v 0.325349 1.388811 -1.621956
v 0.327566 1.386223 -1.618060
v 0.328019 1.385276 -1.612991
v 0.326586 1.386223 -1.608108
v 0.323651 1.388811 -1.604719
v 0.320001 1.392347 -1.603732
v 0.316614 1.395882 -1.605412
v 0.314397 1.398471 -1.609308
v 0.313945 1.399418 -1.614377
v 0.315377 1.398471 -1.619260
v 0.318312 1.395882 -1.622649
v 0.321962 1.392347 -1.623636
v -0.002670 1.388811 -1.654263
v -0.005604 1.386223 -1.650874
v -0.007037 1.385276 -1.645991
v -0.006584 1.386223 -1.640922
v -0.004367 1.388811 -1.637026
v -0.000980 1.392347 -1.635346
v 0.002670 1.395882 -1.636333
v 0.005604 1.398471 -1.639722
v 0.007037 1.399418 -1.644605
v 0.006584 1.398471 -1.649673
v 0.004367 1.395882 -1.653570
v 0.000980 1.392347 -1.655250
vt 0.000000 1.000000
vt 0.031250 0.916667
vt 0.000000 0.916667
vt 0.000000 0.083333
vt 0.031250 0.000000
vt 0.000000 0.000000
vt 0.031250 0.166667
vt 0.000000 0.166667
vt 0.031250 0.250000
vt 0.000000 0.250000
vt 0.031250 0.333333
vt 0.000000 0.333333
vt 0.031250 0.416667
vt 0.000000 0.416667
vt 0.031250 0.500000
vt 0.000000 0.500000
vt 0.031250 0.583333
vt 0.000000 0.583333
vt 0.031250 0.666667
vt 0.000000 0.666667
vt 0.000000 0.750000
vt 0.031250 0.833333
vt 0.000000 0.833333
vt 0.062500 1.000000
vt 0.031250 1.000000
vt 0.031250 0.083333
vt 0.062500 0.000000
vt 0.062500 0.166667
vt 0.062500 0.250000
vt 0.062500 0.416667
vt 0.062500 0.500000
vt 0.062500 0.583333
vt 0.031250 0.750000
vt 0.062500 0.666667
vt 0.062500 0.833333
vt 0.062500 0.916667
vt 0.093750 0.916667
vt 0.062500 0.083333
vt 0.093750 0.000000
vt 0.093750 0.166667
vt 0.093750 0.250000
vt 0.062500 0.333333
vt 0.093750 0.416667
vt 0.093750 0.500000
vt 0.093750 0.583333
vt 0.062500 0.750000
vt 0.093750 0.666667
vt 0.093750 0.833333
vt 0.125000 1.000000
vt 0.093750 1.000000
vt 0.125000 0.083333
vt 0.093750 0.083333
vt 0.125000 0.166667
vt 0.125000 0.333333
vt 0.093750 0.333333
vt 0.125000 0.416667
vt 0.125000 0.583333
vt 0.125000 0.666667
vt 0.125000 0.750000
vt 0.093750 0.750000
vt 0.125000 0.833333
vt 0.156250 0.916667
vt 0.125000 0.916667
vt 0.156250 0.083333
vt 0.125000 0.000000
vt 0.156250 0.166667
vt 0.156250 0.250000
vt 0.125000 0.250000
vt 0.156250 0.333333
vt 0.156250 0.416667
vt 0.156250 0.500000
vt 0.125000 0.500000
vt 0.156250 0.666667
vt 0.156250 0.750000
vt 0.156250 0.833333
vt 0.187500 1.000000
vt 0.156250 1.000000
vt 0.187500 0.083333
vt 0.156250 0.000000
vt 0.187500 0.166667
vt 0.187500 0.250000
vt 0.187500 0.416667
vt 0.187500 0.500000
vt 0.156250 0.583333
vt 0.187500 0.666667
vt 0.187500 0.750000
vt 0.187500 0.916667
vt 0.218750 0.916667
vt 0.218750 0.083333
vt 0.187500 0.000000
vt 0.218750 0.250000
vt 0.218750 0.333333
vt 0.187500 0.333333
vt 0.218750 0.416667
vt 0.218750 0.500000
vt 0.218750 0.583333
vt 0.187500 0.583333
vt 0.218750 0.666667
vt 0.187500 0.833333
vt 0.218750 0.750000
vt 0.218750 0.833333
vt 0.218750 1.000000
vt 0.250000 0.916667
vt 0.250000 0.000000
vt 0.218750 0.000000
vt 0.250000 0.166667
vt 0.218750 0.166667
vt 0.250000 0.250000
vt 0.250000 0.333333
vt 0.250000 0.416667
vt 0.250000 0.500000
vt 0.250000 0.583333
vt 0.250000 0.666667
vt 0.250000 0.750000
vt 0.250000 0.833333
vt 0.281250 1.000000
vt 0.250000 1.000000
vt 0.250000 0.083333
vt 0.281250 0.000000
vt 0.281250 0.166667
vt 0.281250 0.250000
vt 0.281250 0.416667
vt 0.281250 0.500000
vt 0.281250 0.583333
vt 0.281250 0.666667
vt 0.281250 0.833333
vt 0.281250 0.916667
vt 0.312500 0.916667
vt 0.281250 0.083333
vt 0.312500 0.000000
vt 0.312500 0.166667
vt 0.312500 0.250000
vt 0.281250 0.333333
vt 0.312500 0.416667
vt 0.312500 0.500000
vt 0.312500 0.666667
vt 0.312500 0.750000
vt 0.281250 0.750000
vt 0.312500 0.833333
vt 0.312500 1.000000
vt 0.343750 0.916667
vt 0.312500 0.083333
vt 0.343750 0.000000
vt 0.343750 0.166667
vt 0.343750 0.250000
vt 0.312500 0.333333
vt 0.343750 0.416667
vt 0.343750 0.500000
vt 0.343750 0.583333
vt 0.312500 0.583333
vt 0.343750 0.666667
vt 0.343750 0.833333
vt 0.375000 1.000000
vt 0.343750 1.000000
vt 0.375000 0.083333
vt 0.343750 0.083333
vt 0.375000 0.166667
vt 0.343750 0.333333
vt 0.375000 0.250000
vt 0.375000 0.416667
vt 0.375000 0.583333
vt 0.375000 0.666667
vt 0.375000 0.750000
vt 0.343750 0.750000
vt 0.375000 0.833333
vt 0.375000 0.916667
vt 0.406250 1.000000
vt 0.406250 0.083333
vt 0.375000 0.000000
vt 0.406250 0.166667
vt 0.406250 0.333333
vt 0.375000 0.333333
vt 0.406250 0.416667
vt 0.406250 0.500000
vt 0.375000 0.500000
vt 0.406250 0.666667
vt 0.406250 0.750000
vt 0.406250 0.833333
vt 0.437500 1.000000
vt 0.406250 0.916667
vt 0.437500 0.083333
vt 0.406250 0.000000
vt 0.437500 0.250000
vt 0.406250 0.250000
vt 0.437500 0.333333
vt 0.437500 0.416667
vt 0.437500 0.500000
vt 0.406250 0.583333
vt 0.437500 0.583333
vt 0.437500 0.750000
vt 0.437500 0.916667
vt 0.468750 0.916667
vt 0.468750 0.083333
vt 0.437500 0.000000
vt 0.437500 0.166667
vt 0.468750 0.250000
vt 0.468750 0.333333
vt 0.468750 0.416667
vt 0.468750 0.500000
vt 0.437500 0.666667
vt 0.468750 0.583333
vt 0.468750 0.666667
vt 0.437500 0.833333
vt 0.468750 0.750000
vt 0.468750 1.000000
vt 0.500000 0.916667
vt 0.500000 0.083333
vt 0.468750 0.000000
vt 0.468750 0.166667
vt 0.500000 0.250000
vt 0.500000 0.333333
vt 0.500000 0.500000
vt 0.500000 0.583333
vt 0.500000 0.666667
vt 0.500000 0.833333
vt 0.468750 0.833333
vt 0.531250 1.000000
vt 0.500000 1.000000
vt 0.531250 0.000000
vt 0.500000 0.000000
vt 0.531250 0.166667
vt 0.500000 0.166667
vt 0.531250 0.250000
vt 0.531250 0.416667
vt 0.500000 0.416667
vt 0.531250 0.583333
vt 0.500000 0.750000
vt 0.531250 0.666667
vt 0.531250 0.833333
vt 0.562500 0.916667
vt 0.531250 0.916667
vt 0.562500 0.083333
vt 0.531250 0.083333
vt 0.562500 0.166667
vt 0.562500 0.250000
vt 0.562500 0.333333
vt 0.531250 0.333333
vt 0.562500 0.416667
vt 0.562500 0.500000
vt 0.531250 0.500000
vt 0.562500 0.583333
vt 0.562500 0.750000
vt 0.531250 0.750000
vt 0.562500 0.833333
vt 0.593750 1.000000
vt 0.562500 1.000000
vt 0.593750 0.083333
vt 0.562500 0.000000
vt 0.593750 0.166667
vt 0.593750 0.250000
vt 0.593750 0.333333
vt 0.593750 0.500000
vt 0.593750 0.583333
vt 0.593750 0.666667
vt 0.562500 0.666667
vt 0.593750 0.833333
vt 0.593750 0.916667
vt 0.625000 1.000000
vt 0.625000 0.083333
vt 0.593750 0.000000
vt 0.625000 0.166667
vt 0.625000 0.250000
vt 0.625000 0.416667
vt 0.593750 0.416667
vt 0.625000 0.500000
vt 0.625000 0.583333
vt 0.625000 0.666667
vt 0.593750 0.750000
vt 0.625000 0.833333
vt 0.656250 1.000000
vt 0.625000 0.916667
vt 0.656250 0.083333
vt 0.625000 0.000000
vt 0.656250 0.166667
vt 0.656250 0.333333
vt 0.625000 0.333333
vt 0.656250 0.416667
vt 0.656250 0.500000
vt 0.656250 0.666667
vt 0.656250 0.750000
vt 0.625000 0.750000
vt 0.656250 0.916667
vt 0.687500 0.916667
vt 0.687500 0.083333
vt 0.656250 0.000000
vt 0.687500 0.250000
vt 0.656250 0.250000
vt 0.687500 0.333333
vt 0.687500 0.416667
vt 0.687500 0.500000
vt 0.687500 0.583333
vt 0.656250 0.583333
vt 0.687500 0.666667
vt 0.687500 0.750000
vt 0.656250 0.833333
vt 0.687500 1.000000
vt 0.718750 0.916667
vt 0.718750 0.083333
vt 0.687500 0.000000
vt 0.718750 0.166667
vt 0.687500 0.166667
vt 0.718750 0.250000
vt 0.718750 0.333333
vt 0.718750 0.416667
vt 0.718750 0.500000
vt 0.718750 0.583333
vt 0.718750 0.666667
vt 0.718750 0.750000
vt 0.687500 0.833333
vt 0.750000 1.000000
vt 0.718750 1.000000
vt 0.750000 0.000000
vt 0.718750 0.000000
vt 0.750000 0.166667
vt 0.750000 0.250000
vt 0.750000 0.333333
vt 0.750000 0.416667
vt 0.750000 0.500000
vt 0.750000 0.583333
vt 0.750000 0.666667
vt 0.750000 0.750000
vt 0.750000 0.833333
vt 0.718750 0.833333
vt 0.781250 1.000000
vt 0.750000 0.916667
vt 0.750000 0.083333
vt 0.781250 0.000000
vt 0.781250 0.166667
vt 0.781250 0.250000
vt 0.781250 0.333333
vt 0.781250 0.416667
vt 0.781250 0.500000
vt 0.781250 0.583333
vt 0.781250 0.666667
vt 0.781250 0.833333
vt 0.812500 1.000000
vt 0.781250 0.916667
vt 0.781250 0.083333
vt 0.812500 0.000000
vt 0.812500 0.166667
vt 0.812500 0.250000
vt 0.812500 0.333333
vt 0.812500 0.500000
vt 0.812500 0.583333
vt 0.781250 0.750000
vt 0.812500 0.666667
vt 0.812500 0.833333
vt 0.812500 0.916667
vt 0.843750 0.916667
vt 0.812500 0.083333
vt 0.843750 0.000000
vt 0.843750 0.166667
vt 0.843750 0.250000
vt 0.843750 0.416667
vt 0.812500 0.416667
vt 0.843750 0.500000
vt 0.843750 0.583333
vt 0.843750 0.666667
vt 0.812500 0.750000
vt 0.843750 0.833333
vt 0.875000 1.000000
vt 0.843750 1.000000
vt 0.875000 0.083333
vt 0.843750 0.083333
vt 0.875000 0.166667
vt 0.875000 0.333333
vt 0.843750 0.333333
vt 0.875000 0.416667
vt 0.875000 0.500000
vt 0.875000 0.666667
vt 0.875000 0.750000
vt 0.843750 0.750000
vt 0.875000 0.833333
vt 0.906250 1.000000
vt 0.875000 0.916667
vt 0.906250 0.083333
vt 0.875000 0.000000
vt 0.906250 0.166667
vt 0.875000 0.250000
vt 0.906250 0.333333
vt 0.906250 0.416667
vt 0.906250 0.500000
vt 0.875000 0.583333
vt 0.906250 0.666667
vt 0.906250 0.750000
vt 0.906250 0.833333
vt 0.906250 0.916667
vt 0.937500 0.916667
vt 0.937500 0.083333
vt 0.906250 0.000000
vt 0.937500 0.166667
vt 0.906250 0.250000
vt 0.937500 0.333333
vt 0.937500 0.500000
vt 0.906250 0.583333
vt 0.937500 0.666667
vt 0.937500 0.750000
vt 0.937500 0.833333
vt 0.968750 1.000000
vt 0.937500 1.000000
vt 0.968750 0.000000
vt 0.937500 0.000000
vt 0.968750 0.083333
vt 0.937500 0.250000
vt 0.968750 0.166667
vt 0.968750 0.333333
vt 0.968750 0.416667
vt 0.937500 0.416667
vt 0.968750 0.500000
vt 0.968750 0.583333
vt 0.937500 0.583333
vt 0.968750 0.666667
vt 0.968750 0.833333
vt 0.968750 0.916667
vt 1.000000 0.916667
vt 1.000000 0.000000
vt 1.000000 0.166667
vt 1.000000 0.250000
vt 0.968750 0.250000
vt 1.000000 0.416667
vt 1.000000 0.500000
vt 1.000000 0.583333
vt 1.000000 0.666667
vt 0.968750 0.750000
vt 1.000000 0.833333
vt 0.250000 1.000000
vt 0.000000 0.916667
vt 0.000000 1.000000
vt 0.250000 0.083333
vt 0.000000 0.000000
vt 0.000000 0.083333
vt 0.250000 0.166667
vt 0.000000 0.166667
vt 0.250000 0.250000
vt 0.000000 0.250000
vt 0.000000 0.333333
vt 0.250000 0.416667
vt 0.000000 0.416667
vt 0.250000 0.500000
vt 0.000000 0.500000
vt 0.250000 0.583333
vt 0.000000 0.583333
vt 0.250000 0.666667
vt 0.000000 0.666667
vt 0.250000 0.750000
vt 0.000000 0.750000
vt 0.000000 0.833333
vt 0.250000 0.916667
vt 0.500000 1.000000
vt 0.500000 0.000000
vt 0.250000 0.000000
vt 0.500000 0.166667
vt 0.500000 0.333333
vt 0.250000 0.333333
vt 0.500000 0.416667
vt 0.500000 0.500000
vt 0.500000 0.583333
vt 0.500000 0.750000
vt 0.500000 0.833333
vt 0.250000 0.833333
vt 0.500000 0.916667
vt 0.750000 1.000000
vt 0.500000 0.083333
vt 0.750000 0.000000
vt 0.750000 0.166667
vt 0.750000 0.250000
vt 0.500000 0.250000
vt 0.750000 0.333333
vt 0.750000 0.416667
vt 0.750000 0.500000
vt 0.750000 0.583333
vt 0.750000 0.666667
vt 0.500000 0.666667
vt 0.750000 0.750000
vt 0.750000 0.833333
vt 1.000000 1.000000
vt 0.750000 0.916667
vt 1.000000 0.083333
vt 0.750000 0.083333
vt 1.000000 0.250000
vt 1.000000 0.416667
vt 1.000000 0.500000
vt 1.000000 0.666667
vt 1.000000 0.833333
vt 1.000000 0.916667
vt 0.000000 1.000000
vt 0.250000 0.916667
vt 0.000000 0.916667
vt 0.250000 0.083333
vt 0.000000 0.000000
vt 0.000000 0.083333
vt 0.250000 0.166667
vt 0.000000 0.166667
vt 0.250000 0.250000
vt 0.000000 0.250000
vt 0.250000 0.333333
vt 0.000000 0.333333
vt 0.000000 0.416667
vt 0.250000 0.500000
vt 0.000000 0.500000
vt 0.250000 0.583333
vt 0.000000 0.583333
vt 0.250000 0.666667
vt 0.000000 0.666667
vt 0.250000 0.750000
vt 0.000000 0.750000
vt 0.250000 0.833333
vt 0.000000 0.833333
vt 0.500000 1.000000
vt 0.250000 1.000000
vt 0.500000 0.083333
vt 0.250000 0.000000
vt 0.500000 0.166667
vt 0.500000 0.333333
vt 0.500000 0.416667
vt 0.250000 0.416667
vt 0.500000 0.500000
vt 0.500000 0.583333
vt 0.500000 0.750000
vt 0.500000 0.916667
vt 0.750000 1.000000
vt 0.750000 0.000000
vt 0.500000 0.000000
vt 0.750000 0.166667
vt 0.750000 0.250000
vt 0.500000 0.250000
vt 0.750000 0.333333
vt 0.750000 0.416667
vt 0.750000 0.583333
vt 0.750000 0.666667
vt 0.500000 0.666667
vt 0.750000 0.750000
vt 0.750000 0.833333
vt 0.500000 0.833333
vt 1.000000 1.000000
vt 0.750000 0.916667
vt 1.000000 0.083333
vt 0.750000 0.083333
vt 1.000000 0.250000
vt 1.000000 0.416667
vt 1.000000 0.500000
vt 0.750000 0.500000
vt 1.000000 0.583333
vt 1.000000 0.666667
vt 1.000000 0.833333
vt 0.031250 1.000000
vt 0.000000 0.916667
vt 0.000000 1.000000
vt 0.000000 0.083333
vt 0.031250 0.000000
vt 0.000000 0.000000
vt 0.031250 0.166667
vt 0.000000 0.166667
vt 0.000000 0.250000
vt 0.031250 0.333333
vt 0.000000 0.333333
vt 0.031250 0.416667
vt 0.000000 0.416667
vt 0.031250 0.500000
vt 0.000000 0.500000
vt 0.000000 0.583333
vt 0.031250 0.666667
vt 0.000000 0.666667
vt 0.000000 0.750000
vt 0.031250 0.833333
vt 0.000000 0.833333
vt 0.062500 0.916667
vt 0.031250 0.916667
vt 0.062500 0.083333
vt 0.031250 0.083333
vt 0.031250 0.250000
vt 0.062500 0.166667
vt 0.062500 0.250000
vt 0.062500 0.416667
vt 0.062500 0.500000
vt 0.031250 0.583333
vt 0.062500 0.583333
vt 0.062500 0.750000
vt 0.031250 0.750000
vt 0.062500 0.833333
vt 0.093750 1.000000
vt 0.062500 1.000000
vt 0.093750 0.083333
vt 0.062500 0.000000
vt 0.093750 0.166667
vt 0.093750 0.333333
vt 0.062500 0.333333
vt 0.093750 0.416667
vt 0.093750 0.583333
vt 0.093750 0.666667
vt 0.062500 0.666667
vt 0.093750 0.750000
vt 0.093750 0.916667
vt 0.125000 1.000000
vt 0.125000 0.083333
vt 0.093750 0.000000
vt 0.093750 0.250000
vt 0.125000 0.166667
vt 0.125000 0.333333
vt 0.125000 0.416667
vt 0.093750 0.500000
vt 0.125000 0.583333
vt 0.125000 0.666667
vt 0.125000 0.750000
vt 0.125000 0.833333
vt 0.093750 0.833333
vt 0.156250 1.000000
vt 0.125000 0.916667
vt 0.156250 0.083333
vt 0.125000 0.000000
vt 0.156250 0.166667
vt 0.156250 0.250000
vt 0.125000 0.250000
vt 0.156250 0.416667
vt 0.156250 0.500000
vt 0.125000 0.500000
vt 0.156250 0.583333
vt 0.156250 0.666667
vt 0.156250 0.833333
vt 0.156250 0.916667
vt 0.187500 0.916667
vt 0.187500 0.000000
vt 0.156250 0.000000
vt 0.187500 0.166667
vt 0.187500 0.250000
vt 0.156250 0.333333
vt 0.187500 0.416667
vt 0.187500 0.500000
vt 0.187500 0.583333
vt 0.156250 0.750000
vt 0.187500 0.666667
vt 0.187500 0.833333
vt 0.218750 1.000000
vt 0.187500 1.000000
vt 0.218750 0.083333
vt 0.187500 0.083333
vt 0.218750 0.250000
vt 0.187500 0.333333
vt 0.218750 0.416667
vt 0.218750 0.583333
vt 0.187500 0.750000
vt 0.218750 0.666667
vt 0.218750 0.833333
vt 0.218750 0.916667
vt 0.250000 1.000000
vt 0.250000 0.083333
vt 0.218750 0.000000
vt 0.250000 0.166667
vt 0.218750 0.166667
vt 0.250000 0.250000
vt 0.250000 0.333333
vt 0.218750 0.333333
vt 0.250000 0.416667
vt 0.250000 0.500000
vt 0.218750 0.500000
vt 0.250000 0.583333
vt 0.250000 0.666667
vt 0.218750 0.750000
vt 0.250000 0.833333
vt 0.250000 0.916667
vt 0.281250 0.916667
vt 0.281250 0.083333
vt 0.250000 0.000000
vt 0.281250 0.250000
vt 0.281250 0.333333
vt 0.281250 0.500000
vt 0.281250 0.666667
vt 0.281250 0.750000
vt 0.250000 0.750000
vt 0.281250 0.833333
vt 0.312500 1.000000
vt 0.281250 1.000000
vt 0.312500 0.083333
vt 0.281250 0.000000
vt 0.281250 0.166667
vt 0.312500 0.250000
vt 0.312500 0.333333
vt 0.281250 0.416667
vt 0.312500 0.500000
vt 0.281250 0.583333
vt 0.312500 0.666667
vt 0.312500 0.750000
vt 0.312500 0.916667
vt 0.343750 1.000000
vt 0.343750 0.000000
vt 0.312500 0.000000
vt 0.312500 0.166667
vt 0.343750 0.083333
vt 0.343750 0.166667
vt 0.343750 0.333333
vt 0.343750 0.416667
vt 0.312500 0.416667
vt 0.343750 0.500000
vt 0.312500 0.583333
vt 0.343750 0.666667
vt 0.343750 0.750000
vt 0.312500 0.833333
vt 0.343750 0.833333
vt 0.375000 1.000000
vt 0.343750 0.916667
vt 0.375000 0.083333
vt 0.375000 0.166667
vt 0.375000 0.250000
vt 0.343750 0.250000
vt 0.375000 0.333333
vt 0.375000 0.416667
vt 0.375000 0.583333
vt 0.343750 0.583333
vt 0.375000 0.666667
vt 0.375000 0.750000
vt 0.375000 0.833333
vt 0.406250 0.916667
vt 0.375000 0.916667
vt 0.406250 0.000000
vt 0.375000 0.000000
vt 0.406250 0.166667
vt 0.406250 0.250000
vt 0.406250 0.416667
vt 0.406250 0.500000
vt 0.375000 0.500000
vt 0.406250 0.583333
vt 0.406250 0.750000
vt 0.406250 0.833333
vt 0.437500 1.000000
vt 0.406250 1.000000
vt 0.406250 0.083333
vt 0.437500 0.000000
vt 0.437500 0.166667
vt 0.437500 0.250000
vt 0.406250 0.333333
vt 0.437500 0.333333
vt 0.437500 0.500000
vt 0.406250 0.666667
vt 0.437500 0.583333
vt 0.437500 0.666667
vt 0.437500 0.750000
vt 0.437500 0.916667
vt 0.468750 1.000000
vt 0.468750 0.083333
vt 0.437500 0.083333
vt 0.468750 0.166667
vt 0.468750 0.250000
vt 0.468750 0.416667
vt 0.437500 0.416667
vt 0.468750 0.500000
vt 0.468750 0.583333
vt 0.468750 0.750000
vt 0.468750 0.833333
vt 0.437500 0.833333
vt 0.468750 0.916667
vt 0.500000 1.000000
vt 0.500000 0.083333
vt 0.468750 0.000000
vt 0.500000 0.166667
vt 0.500000 0.250000
vt 0.500000 0.333333
vt 0.468750 0.333333
vt 0.500000 0.416667
vt 0.500000 0.500000
vt 0.500000 0.583333
vt 0.500000 0.666667
vt 0.468750 0.666667
vt 0.500000 0.750000
vt 0.500000 0.833333
vt 0.500000 0.916667
vt 0.531250 0.916667
vt 0.531250 0.083333
vt 0.500000 0.000000
vt 0.531250 0.166667
vt 0.531250 0.250000
vt 0.531250 0.333333
vt 0.531250 0.416667
vt 0.531250 0.500000
vt 0.531250 0.583333
vt 0.531250 0.750000
vt 0.531250 0.833333
vt 0.562500 1.000000
vt 0.531250 1.000000
vt 0.562500 0.083333
vt 0.531250 0.000000
vt 0.562500 0.166667
vt 0.562500 0.250000
vt 0.562500 0.333333
vt 0.562500 0.500000
vt 0.562500 0.666667
vt 0.531250 0.666667
vt 0.562500 0.750000
vt 0.562500 0.833333
vt 0.562500 0.916667
vt 0.593750 1.000000
vt 0.593750 0.083333
vt 0.562500 0.000000
vt 0.593750 0.166667
vt 0.593750 0.333333
vt 0.593750 0.416667
vt 0.562500 0.416667
vt 0.593750 0.583333
vt 0.562500 0.583333
vt 0.593750 0.666667
vt 0.593750 0.750000
vt 0.593750 0.833333
vt 0.593750 0.916667
vt 0.625000 1.000000
vt 0.625000 0.083333
vt 0.593750 0.000000
vt 0.593750 0.250000
vt 0.625000 0.166667
vt 0.625000 0.333333
vt 0.625000 0.416667
vt 0.593750 0.500000
vt 0.625000 0.583333
vt 0.625000 0.666667
vt 0.625000 0.750000
vt 0.625000 0.916667
vt 0.656250 0.916667
vt 0.656250 0.083333
vt 0.625000 0.000000
vt 0.656250 0.166667
vt 0.656250 0.250000
vt 0.625000 0.250000
vt 0.656250 0.333333
vt 0.656250 0.416667
vt 0.656250 0.500000
vt 0.625000 0.500000
vt 0.656250 0.583333
vt 0.656250 0.666667
vt 0.656250 0.833333
vt 0.625000 0.833333
vt 0.687500 1.000000
vt 0.656250 1.000000
vt 0.687500 0.000000
vt 0.656250 0.000000
vt 0.687500 0.166667
vt 0.687500 0.250000
vt 0.687500 0.416667
vt 0.687500 0.500000
vt 0.687500 0.583333
vt 0.687500 0.666667
vt 0.656250 0.750000
vt 0.687500 0.833333
vt 0.687500 0.916667
vt 0.718750 1.000000
vt 0.687500 0.083333
vt 0.718750 0.000000
vt 0.718750 0.166667
vt 0.718750 0.250000
vt 0.687500 0.333333
vt 0.718750 0.416667
vt 0.718750 0.583333
vt 0.718750 0.750000
vt 0.687500 0.750000
vt 0.718750 0.833333
vt 0.718750 0.916667
vt 0.750000 0.916667
vt 0.750000 0.083333
vt 0.718750 0.083333
vt 0.750000 0.166667
vt 0.750000 0.250000
vt 0.718750 0.333333
vt 0.750000 0.416667
vt 0.750000 0.500000
vt 0.718750 0.500000
vt 0.750000 0.583333
vt 0.750000 0.666667
vt 0.718750 0.666667
vt 0.750000 0.750000
vt 0.750000 0.833333
vt 0.750000 1.000000
vt 0.781250 0.916667
vt 0.781250 0.083333
vt 0.750000 0.000000
vt 0.781250 0.166667
vt 0.781250 0.333333
vt 0.750000 0.333333
vt 0.781250 0.416667
vt 0.781250 0.500000
vt 0.781250 0.583333
vt 0.781250 0.750000
vt 0.781250 0.833333
vt 0.812500 1.000000
vt 0.781250 1.000000
vt 0.812500 0.083333
vt 0.781250 0.000000
vt 0.812500 0.166667
vt 0.781250 0.250000
vt 0.812500 0.333333
vt 0.812500 0.416667
vt 0.812500 0.500000
vt 0.812500 0.666667
vt 0.781250 0.666667
vt 0.812500 0.750000
vt 0.812500 0.833333
vt 0.812500 0.916667
vt 0.843750 1.000000
vt 0.843750 0.083333
vt 0.812500 0.000000
vt 0.843750 0.250000
vt 0.812500 0.250000
vt 0.843750 0.416667
vt 0.812500 0.583333
vt 0.843750 0.500000
vt 0.843750 0.666667
vt 0.843750 0.833333
vt 0.875000 1.000000
vt 0.843750 0.916667
vt 0.875000 0.083333
vt 0.843750 0.000000
vt 0.843750 0.166667
vt 0.875000 0.166667
vt 0.875000 0.333333
vt 0.843750 0.333333
vt 0.875000 0.416667
vt 0.875000 0.583333
vt 0.843750 0.583333
vt 0.875000 0.666667
vt 0.875000 0.750000
vt 0.843750 0.750000
vt 0.875000 0.833333
vt 0.906250 0.916667
vt 0.875000 0.916667
vt 0.906250 0.083333
vt 0.875000 0.000000
vt 0.906250 0.166667
vt 0.906250 0.250000
vt 0.875000 0.250000
vt 0.906250 0.333333
vt 0.906250 0.500000
vt 0.875000 0.500000
vt 0.906250 0.583333
vt 0.906250 0.666667
vt 0.906250 0.833333
vt 0.906250 1.000000
vt 0.937500 0.916667
vt 0.937500 0.000000
vt 0.906250 0.000000
vt 0.937500 0.166667
vt 0.937500 0.250000
vt 0.937500 0.416667
vt 0.906250 0.416667
vt 0.937500 0.500000
vt 0.937500 0.583333
vt 0.906250 0.750000
vt 0.937500 0.666667
vt 0.937500 0.833333
vt 0.968750 1.000000
vt 0.937500 1.000000
vt 0.937500 0.083333
vt 0.968750 0.000000
vt 0.968750 0.166667
vt 0.968750 0.250000
vt 0.968750 0.333333
vt 0.937500 0.333333
vt 0.968750 0.416667
vt 0.968750 0.583333
vt 0.968750 0.666667
vt 0.937500 0.750000
vt 0.968750 0.833333
vt 0.968750 0.916667
vt 1.000000 1.000000
vt 1.000000 0.083333
vt 0.968750 0.083333
vt 1.000000 0.166667
vt 1.000000 0.250000
vt 1.000000 0.333333
vt 1.000000 0.416667
vt 0.968750 0.500000
vt 1.000000 0.583333
vt 1.000000 0.666667
vt 1.000000 0.750000
vt 0.968750 0.750000
vt 1.000000 0.833333
vt 1.000000 0.916667
vt 0.000000 1.000000
vt 0.250000 0.916667
vt 0.000000 0.916667
vt 0.250000 0.083333
vt 0.000000 0.000000
vt 0.000000 0.083333
vt 0.250000 0.166667
vt 0.000000 0.166667
vt 0.250000 0.250000
vt 0.000000 0.250000
vt 0.250000 0.333333
vt 0.000000 0.333333
vt 0.250000 0.416667
vt 0.000000 0.416667
vt 0.250000 0.500000
vt 0.000000 0.500000
vt 0.250000 0.583333
vt 0.000000 0.583333
vt 0.250000 0.666667
vt 0.000000 0.666667
vt 0.250000 0.750000
vt 0.000000 0.750000
vt 0.250000 0.833333
vt 0.000000 0.833333
vt 0.500000 1.000000
vt 0.250000 1.000000
vt 0.500000 0.083333
vt 0.250000 0.000000
vt 0.500000 0.166667
vt 0.500000 0.333333
vt 0.500000 0.500000
vt 0.500000 0.666667
vt 0.500000 0.750000
vt 0.500000 0.916667
vt 0.750000 1.000000
vt 0.750000 0.083333
vt 0.500000 0.000000
vt 0.750000 0.166667
vt 0.750000 0.250000
vt 0.500000 0.250000
vt 0.750000 0.333333
vt 0.750000 0.416667
vt 0.500000 0.416667
vt 0.750000 0.500000
vt 0.750000 0.583333
vt 0.500000 0.583333
vt 0.750000 0.666667
vt 0.750000 0.750000
vt 0.500000 0.833333
vt 0.750000 0.916667
vt 1.000000 1.000000
vt 1.000000 0.083333
vt 0.750000 0.000000
vt 1.000000 0.250000
vt 1.000000 0.416667
vt 1.000000 0.500000
vt 1.000000 0.583333
vt 1.000000 0.666667
vt 1.000000 0.833333
vt 0.750000 0.833333
vt 0.250000 1.000000
vt 0.000000 0.916667
vt 0.000000 1.000000
vt 0.000000 0.083333
vt 0.250000 0.000000
vt 0.000000 0.000000
vt 0.250000 0.166667
vt 0.000000 0.166667
vt 0.250000 0.250000
vt 0.000000 0.250000
vt 0.250000 0.333333
vt 0.000000 0.333333
vt 0.250000 0.416667
vt 0.000000 0.416667
vt 0.000000 0.500000
vt 0.250000 0.583333
vt 0.000000 0.583333
vt 0.250000 0.666667
vt 0.000000 0.666667
vt 0.250000 0.750000
vt 0.000000 0.750000
vt 0.250000 0.833333
vt 0.000000 0.833333
vt 0.250000 0.916667
vt 0.500000 1.000000
vt 0.500000 0.083333
vt 0.250000 0.083333
vt 0.500000 0.166667
vt 0.500000 0.333333
vt 0.500000 0.416667
vt 0.500000 0.500000
vt 0.250000 0.500000
vt 0.500000 0.583333
vt 0.500000 0.750000
vt 0.500000 0.916667
vt 0.750000 0.916667
vt 0.750000 0.083333
vt 0.500000 0.000000
vt 0.750000 0.166667
vt 0.500000 0.250000
vt 0.750000 0.333333
vt 0.750000 0.416667
vt 0.750000 0.500000
vt 0.750000 0.583333
vt 0.500000 0.666667
vt 0.750000 0.750000
vt 0.500000 0.833333
vt 0.750000 0.833333
vt 1.000000 1.000000
vt 0.750000 1.000000
vt 1.000000 0.083333
vt 0.750000 0.000000
vt 1.000000 0.250000
vt 0.750000 0.250000
vt 1.000000 0.416667
vt 1.000000 0.500000
vt 1.000000 0.583333
vt 1.000000 0.666667
vt 0.750000 0.666667
vt 1.000000 0.833333
vt 0.250000 1.000000
vt 0.000000 0.916667
vt 0.000000 1.000000
vt 0.250000 0.083333
vt 0.000000 0.000000
vt 0.000000 0.083333
vt 0.250000 0.166667
vt 0.000000 0.166667
vt 0.250000 0.250000
vt 0.000000 0.250000
vt 0.250000 0.333333
vt 0.000000 0.333333
vt 0.000000 0.416667
vt 0.250000 0.500000
vt 0.000000 0.500000
vt 0.250000 0.583333
vt 0.000000 0.583333
vt 0.000000 0.666667
vt 0.250000 0.750000
vt 0.000000 0.750000
vt 0.250000 0.833333
vt 0.000000 0.833333
vt 0.250000 0.916667
vt 0.500000 1.000000
vt 0.500000 0.000000
vt 0.250000 0.000000
vt 0.500000 0.166667
vt 0.500000 0.333333
vt 0.250000 0.416667
vt 0.500000 0.500000
vt 0.500000 0.583333
vt 0.250000 0.666667
vt 0.500000 0.750000
vt 0.500000 0.916667
vt 0.750000 1.000000
vt 0.750000 0.083333
vt 0.500000 0.083333
vt 0.750000 0.166667
vt 0.500000 0.250000
vt 0.750000 0.250000
vt 0.750000 0.416667
vt 0.500000 0.416667
vt 0.750000 0.500000
vt 0.750000 0.666667
vt 0.500000 0.666667
vt 0.750000 0.833333
vt 0.500000 0.833333
vt 1.000000 0.916667
vt 0.750000 0.916667
vt 1.000000 0.083333
vt 0.750000 0.000000
vt 1.000000 0.250000
vt 1.000000 0.333333
vt 0.750000 0.333333
vt 1.000000 0.416667
vt 1.000000 0.500000
vt 1.000000 0.583333
vt 0.750000 0.583333
vt 1.000000 0.666667
vt 0.750000 0.750000
vt 1.000000 0.833333
vt 0.000000 1.000000
vt 0.250000 0.916667
vt 0.000000 0.916667
vt 0.250000 0.083333
vt 0.000000 0.000000
vt 0.000000 0.083333
vt 0.250000 0.166667
vt 0.000000 0.166667
vt 0.250000 0.250000
vt 0.000000 0.250000
vt 0.250000 0.333333
vt 0.000000 0.333333
vt 0.250000 0.416667
vt 0.000000 0.416667
vt 0.250000 0.500000
vt 0.000000 0.500000
vt 0.000000 0.583333
vt 0.000000 0.666667
vt 0.250000 0.583333
vt 0.250000 0.750000
vt 0.000000 0.750000
vt 0.250000 0.833333
vt 0.000000 0.833333
vt 0.500000 1.000000
vt 0.250000 1.000000
vt 0.500000 0.083333
vt 0.250000 0.000000
vt 0.500000 0.166667
vt 0.500000 0.333333
vt 0.500000 0.416667
vt 0.500000 0.500000
vt 0.500000 0.583333
vt 0.250000 0.666667
vt 0.500000 0.750000
vt 0.500000 0.916667
vt 0.750000 1.000000
vt 0.750000 0.083333
vt 0.500000 0.000000
vt 0.750000 0.166667
vt 0.500000 0.250000
vt 0.750000 0.250000
vt 0.750000 0.416667
vt 0.750000 0.500000
vt 0.750000 0.583333
vt 0.750000 0.666667
vt 0.500000 0.666667
vt 0.750000 0.833333
vt 0.500000 0.833333
vt 0.750000 0.916667
vt 1.000000 1.000000
vt 1.000000 0.083333
vt 0.750000 0.000000
vt 1.000000 0.250000
vt 0.750000 0.333333
vt 1.000000 0.416667
vt 1.000000 0.500000
vt 1.000000 0.583333
vt 1.000000 0.666667
vt 0.750000 0.750000
vt 1.000000 0.833333
vt 0.250000 1.000000
vt 0.000000 0.916667
vt 0.000000 1.000000
vt 0.000000 0.083333
vt 0.250000 0.000000
vt 0.000000 0.000000
vt 0.000000 0.166667
vt 0.250000 0.083333
vt 0.250000 0.250000
vt 0.000000 0.250000
vt 0.250000 0.333333
vt 0.000000 0.333333
vt 0.000000 0.416667
vt 0.000000 0.500000
vt 0.250000 0.416667
vt 0.250000 0.583333
vt 0.000000 0.583333
vt 0.250000 0.666667
vt 0.000000 0.666667
vt 0.250000 0.750000
vt 0.000000 0.750000
vt 0.000000 0.833333
vt 0.250000 0.916667
vt 0.500000 1.000000
vt 0.500000 0.000000
vt 0.500000 0.166667
vt 0.250000 0.166667
vt 0.500000 0.333333
vt 0.500000 0.416667
vt 0.500000 0.500000
vt 0.250000 0.500000
vt 0.500000 0.583333
vt 0.500000 0.750000
vt 0.250000 0.833333
vt 0.500000 0.916667
vt 0.750000 0.916667
vt 0.750000 0.083333
vt 0.500000 0.083333
vt 0.750000 0.166667
vt 0.500000 0.250000
vt 0.750000 0.333333
vt 0.750000 0.500000
vt 0.750000 0.583333
vt 0.500000 0.666667
vt 0.750000 0.750000
vt 0.750000 0.833333
vt 0.500000 0.833333
vt 1.000000 1.000000
vt 0.750000 1.000000
vt 1.000000 0.083333
vt 0.750000 0.000000
vt 1.000000 0.250000
vt 0.750000 0.250000
vt 1.000000 0.416667
vt 0.750000 0.416667
vt 1.000000 0.500000
vt 1.000000 0.583333
vt 1.000000 0.666667
vt 0.750000 0.666667
vt 1.000000 0.833333
vt 0.250000 1.000000
vt 0.000000 0.916667
vt 0.000000 1.000000
vt 0.250000 0.083333
vt 0.000000 0.000000
vt 0.000000 0.083333
vt 0.250000 0.166667
vt 0.000000 0.166667
vt 0.250000 0.250000
vt 0.000000 0.250000
vt 0.000000 0.333333
vt 0.250000 0.416667
vt 0.000000 0.416667
vt 0.250000 0.500000
vt 0.000000 0.500000
vt 0.250000 0.583333
vt 0.000000 0.583333
vt 0.000000 0.666667
vt 0.250000 0.750000
vt 0.000000 0.750000
vt 0.000000 0.833333
vt 0.250000 0.916667
vt 0.500000 1.000000
vt 0.500000 0.000000
vt 0.250000 0.000000
vt 0.500000 0.166667
vt 0.500000 0.333333
vt 0.250000 0.333333
vt 0.500000 0.416667
vt 0.500000 0.500000
vt 0.500000 0.583333
vt 0.250000 0.666667
vt 0.500000 0.750000
vt 0.250000 0.833333
vt 0.500000 0.916667
vt 0.750000 0.916667
vt 0.750000 0.083333
vt 0.500000 0.083333
vt 0.750000 0.250000
vt 0.500000 0.250000
vt 0.750000 0.333333
vt 0.750000 0.500000
vt 0.750000 0.583333
vt 0.750000 0.666667
vt 0.500000 0.666667
vt 0.500000 0.833333
vt 0.750000 0.750000
vt 1.000000 1.000000
vt 0.750000 1.000000
vt 1.000000 0.000000
vt 0.750000 0.000000
vt 1.000000 0.166667
vt 0.750000 0.166667
vt 1.000000 0.250000
vt 1.000000 0.416667
vt 0.750000 0.416667
vt 1.000000 0.500000
vt 1.000000 0.583333
vt 1.000000 0.666667
vt 1.000000 0.833333
vt 0.750000 0.833333
vt 0.000000 1.000000
vt 0.250000 0.916667
vt 0.000000 0.916667
vt 0.000000 0.083333
vt 0.250000 0.000000
vt 0.000000 0.000000
vt 0.250000 0.166667
vt 0.000000 0.166667
vt 0.250000 0.250000
vt 0.000000 0.250000
vt 0.000000 0.333333
vt 0.000000 0.416667
vt 0.250000 0.333333
vt 0.250000 0.500000
vt 0.000000 0.500000
vt 0.000000 0.583333
vt 0.000000 0.666667
vt 0.250000 0.583333
vt 0.250000 0.750000
vt 0.000000 0.750000
vt 0.250000 0.833333
vt 0.000000 0.833333
vt 0.500000 1.000000
vt 0.250000 1.000000
vt 0.500000 0.083333
vt 0.250000 0.083333
vt 0.500000 0.166667
vt 0.500000 0.333333
vt 0.500000 0.416667
vt 0.250000 0.416667
vt 0.500000 0.500000
vt 0.500000 0.583333
vt 0.250000 0.666667
vt 0.500000 0.750000
vt 0.500000 0.916667
vt 0.750000 1.000000
vt 0.750000 0.083333
vt 0.500000 0.000000
vt 0.750000 0.166667
vt 0.750000 0.250000
vt 0.500000 0.250000
vt 0.750000 0.333333
vt 0.750000 0.500000
vt 0.750000 0.583333
vt 0.500000 0.666667
vt 0.750000 0.666667
vt 0.750000 0.833333
vt 0.500000 0.833333
vt 0.750000 0.916667
vt 1.000000 0.916667
vt 1.000000 0.083333
vt 0.750000 0.000000
vt 1.000000 0.250000
vt 1.000000 0.416667
vt 0.750000 0.416667
vt 1.000000 0.500000
vt 1.000000 0.583333
vt 1.000000 0.666667
vt 0.750000 0.750000
vt 1.000000 0.833333
vt 0.000000 1.000000
vt 0.250000 0.916667
vt 0.000000 0.916667
vt 0.000000 0.083333
vt 0.250000 0.000000
vt 0.000000 0.000000
vt 0.250000 0.166667
vt 0.000000 0.166667
vt 0.250000 0.250000
vt 0.000000 0.250000
vt 0.250000 0.333333
vt 0.000000 0.333333
vt 0.250000 0.416667
vt 0.000000 0.416667
vt 0.250000 0.500000
vt 0.000000 0.500000
vt 0.250000 0.583333
vt 0.000000 0.583333
vt 0.250000 0.666667
vt 0.000000 0.666667
vt 0.250000 0.750000
vt 0.000000 0.750000
vt 0.000000 0.833333
vt 0.250000 0.833333
vt 0.500000 1.000000
vt 0.250000 1.000000
vt 0.500000 0.083333
vt 0.250000 0.083333
vt 0.500000 0.166667
vt 0.500000 0.333333
vt 0.500000 0.416667
vt 0.500000 0.500000
vt 0.500000 0.583333
vt 0.500000 0.750000
vt 0.500000 0.916667
vt 0.750000 1.000000
vt 0.750000 0.083333
vt 0.500000 0.000000
vt 0.750000 0.166667
vt 0.750000 0.250000
vt 0.500000 0.250000
vt 0.750000 0.333333
vt 0.750000 0.500000
vt 0.750000 0.583333
vt 0.750000 0.666667
vt 0.500000 0.666667
vt 0.750000 0.833333
vt 0.500000 0.833333
vt 0.750000 0.916667
vt 1.000000 1.000000
vt 1.000000 0.083333
vt 0.750000 0.000000
vt 1.000000 0.250000
vt 1.000000 0.416667
vt 0.750000 0.416667
vt 1.000000 0.500000
vt 1.000000 0.583333
vt 1.000000 0.666667
vt 0.750000 0.750000
vt 1.000000 0.833333
vt 0.250000 1.000000
vt 0.000000 0.916667
vt 0.000000 1.000000
vt 0.250000 0.083333
vt 0.000000 0.000000
vt 0.000000 0.083333
vt 0.250000 0.166667
vt 0.000000 0.166667
vt 0.250000 0.250000
vt 0.000000 0.250000
vt 0.000000 0.333333
vt 0.250000 0.416667
vt 0.000000 0.416667
vt 0.000000 0.500000
vt 0.250000 0.583333
vt 0.000000 0.583333
vt 0.250000 0.666667
vt 0.000000 0.666667
vt 0.000000 0.750000
vt 0.250000 0.833333
vt 0.000000 0.833333
vt 0.500000 1.000000
vt 0.250000 0.916667
vt 0.500000 0.000000
vt 0.250000 0.000000
vt 0.500000 0.166667
vt 0.500000 0.333333
vt 0.250000 0.333333
vt 0.500000 0.416667
vt 0.500000 0.500000
vt 0.250000 0.500000
vt 0.500000 0.583333
vt 0.500000 0.750000
vt 0.250000 0.750000
vt 0.500000 0.833333
vt 0.500000 0.916667
vt 0.750000 0.916667
vt 0.750000 0.083333
vt 0.500000 0.083333
vt 0.500000 0.250000
vt 0.750000 0.166667
vt 0.750000 0.250000
vt 0.750000 0.333333
vt 0.750000 0.500000
vt 0.500000 0.666667
vt 0.750000 0.583333
vt 0.750000 0.750000
vt 1.000000 1.000000
vt 0.750000 1.000000
vt 1.000000 0.083333
vt 0.750000 0.000000
vt 1.000000 0.250000
vt 1.000000 0.333333
vt 1.000000 0.416667
vt 0.750000 0.416667
vt 1.000000 0.500000
vt 1.000000 0.583333
vt 1.000000 0.666667
vt 0.750000 0.666667
vt 1.000000 0.833333
vt 0.750000 0.833333
vt 0.250000 1.000000
vt 0.000000 0.916667
vt 0.000000 1.000000
vt 0.250000 0.083333
vt 0.000000 0.000000
vt 0.000000 0.083333
vt 0.000000 0.166667
vt 0.250000 0.250000
vt 0.000000 0.250000
vt 0.250000 0.333333
vt 0.000000 0.333333
vt 0.250000 0.416667
vt 0.000000 0.416667
vt 0.250000 0.500000
vt 0.000000 0.500000
vt 0.250000 0.583333
vt 0.000000 0.583333
vt 0.250000 0.666667
vt 0.000000 0.666667
vt 0.000000 0.750000
vt 0.250000 0.833333
vt 0.000000 0.833333
vt 0.250000 0.916667
vt 0.500000 1.000000
vt 0.500000 0.000000
vt 0.250000 0.000000
vt 0.500000 0.166667
vt 0.250000 0.166667
vt 0.500000 0.333333
vt 0.500000 0.500000
vt 0.500000 0.583333
vt 0.500000 0.750000
vt 0.250000 0.750000
vt 0.500000 0.916667
vt 0.750000 0.916667
vt 0.500000 0.083333
vt 0.750000 0.000000
vt 0.750000 0.166667
vt 0.500000 0.250000
vt 0.750000 0.333333
vt 0.500000 0.416667
vt 0.750000 0.500000
vt 0.750000 0.583333
vt 0.500000 0.666667
vt 0.750000 0.750000
vt 0.750000 0.833333
vt 0.500000 0.833333
vt 1.000000 1.000000
vt 0.750000 1.000000
vt 1.000000 0.083333
vt 0.750000 0.083333
vt 1.000000 0.250000
vt 0.750000 0.250000
vt 1.000000 0.416667
vt 0.750000 0.416667
vt 1.000000 0.500000
vt 1.000000 0.583333
vt 1.000000 0.666667
vt 0.750000 0.666667
vt 1.000000 0.833333
vt 0.000000 1.000000
vt 0.250000 0.916667
vt 0.000000 0.916667
vt 0.000000 0.083333
vt 0.250000 0.000000
vt 0.000000 0.000000
vt 0.250000 0.166667
vt 0.000000 0.166667
vt 0.000000 0.250000
vt 0.250000 0.333333
vt 0.000000 0.333333
vt 0.000000 0.416667
vt 0.250000 0.500000
vt 0.000000 0.500000
vt 0.250000 0.583333
vt 0.000000 0.583333
vt 0.000000 0.666667
vt 0.000000 0.750000
vt 0.250000 0.666667
vt 0.250000 0.833333
vt 0.000000 0.833333
vt 0.500000 1.000000
vt 0.250000 1.000000
vt 0.250000 0.083333
vt 0.500000 0.000000
vt 0.500000 0.166667
vt 0.250000 0.250000
vt 0.500000 0.333333
vt 0.250000 0.416667
vt 0.500000 0.500000
vt 0.500000 0.583333
vt 0.500000 0.750000
vt 0.250000 0.750000
vt 0.500000 0.916667
vt 0.750000 1.000000
vt 0.500000 0.083333
vt 0.750000 0.000000
vt 0.750000 0.083333
vt 0.750000 0.250000
vt 0.500000 0.250000
vt 0.750000 0.416667
vt 0.500000 0.416667
vt 0.750000 0.500000
vt 0.750000 0.583333
vt 0.500000 0.666667
vt 0.750000 0.750000
vt 0.750000 0.833333
vt 0.500000 0.833333
vt 1.000000 1.000000
vt 0.750000 0.916667
vt 1.000000 0.083333
vt 0.750000 0.166667
vt 1.000000 0.250000
vt 1.000000 0.333333
vt 0.750000 0.333333
vt 1.000000 0.416667
vt 1.000000 0.500000
vt 1.000000 0.583333
vt 1.000000 0.666667
vt 0.750000 0.666667
vt 1.000000 0.833333
vt 0.000000 1.000000
vt 0.250000 0.916667
vt 0.000000 0.916667
vt 0.250000 0.083333
vt 0.000000 0.000000
vt 0.000000 0.083333
vt 0.000000 0.166667
vt 0.250000 0.250000
vt 0.000000 0.250000
vt 0.250000 0.333333
vt 0.000000 0.333333
vt 0.000000 0.416667
vt 0.250000 0.500000
vt 0.000000 0.500000
vt 0.250000 0.583333
vt 0.000000 0.583333
vt 0.000000 0.666667
vt 0.250000 0.750000
vt 0.000000 0.750000
vt 0.000000 0.833333
vt 0.500000 1.000000
vt 0.250000 1.000000
vt 0.500000 0.000000
vt 0.250000 0.000000
vt 0.500000 0.166667
vt 0.250000 0.166667
vt 0.500000 0.333333
vt 0.500000 0.416667
vt 0.250000 0.416667
vt 0.500000 0.500000
vt 0.500000 0.583333
vt 0.250000 0.666667
vt 0.500000 0.750000
vt 0.250000 0.833333
vt 0.500000 0.916667
vt 0.750000 1.000000
vt 0.500000 0.083333
vt 0.750000 0.000000
vt 0.750000 0.166667
vt 0.750000 0.250000
vt 0.500000 0.250000
vt 0.750000 0.333333
vt 0.750000 0.416667
vt 0.750000 0.583333
vt 0.500000 0.666667
vt 0.750000 0.750000
vt 0.750000 0.833333
vt 0.500000 0.833333
vt 0.750000 0.916667
vt 1.000000 1.000000
vt 1.000000 0.083333
vt 0.750000 0.083333
vt 1.000000 0.250000
vt 1.000000 0.416667
vt 1.000000 0.500000
vt 0.750000 0.500000
vt 1.000000 0.583333
vt 1.000000 0.666667
vt 0.750000 0.666667
vt 1.000000 0.833333
vt 0.250000 1.000000
vt 0.000000 0.916667
vt 0.000000 1.000000
vt 0.000000 0.083333
vt 0.250000 0.000000
vt 0.000000 0.000000
vt 0.000000 0.166667
vt 0.250000 0.083333
vt 0.250000 0.250000
vt 0.000000 0.250000
vt 0.250000 0.333333
vt 0.000000 0.333333
vt 0.250000 0.416667
vt 0.000000 0.416667
vt 0.250000 0.500000
vt 0.000000 0.500000
vt 0.250000 0.583333
vt 0.000000 0.583333
vt 0.250000 0.666667
vt 0.000000 0.666667
vt 0.000000 0.750000
vt 0.250000 0.833333
vt 0.000000 0.833333
vt 0.250000 0.916667
vt 0.500000 1.000000
vt 0.500000 0.083333
vt 0.500000 0.166667
vt 0.250000 0.166667
vt 0.500000 0.333333
vt 0.500000 0.416667
vt 0.500000 0.500000
vt 0.500000 0.583333
vt 0.500000 0.750000
vt 0.250000 0.750000
vt 0.500000 0.916667
vt 0.750000 0.916667
vt 0.750000 0.083333
vt 0.500000 0.000000
vt 0.750000 0.166667
vt 0.750000 0.250000
vt 0.500000 0.250000
vt 0.750000 0.333333
vt 0.750000 0.500000
vt 0.750000 0.666667
vt 0.500000 0.666667
vt 0.750000 0.833333
vt 0.500000 0.833333
vt 1.000000 1.000000
vt 0.750000 1.000000
vt 1.000000 0.083333
vt 0.750000 0.000000
vt 1.000000 0.250000
vt 1.000000 0.416667
vt 0.750000 0.416667
vt 1.000000 0.500000
vt 1.000000 0.583333
vt 0.750000 0.583333
vt 1.000000 0.666667
vt 0.750000 0.750000
vt 1.000000 0.833333
vt 0.250000 1.000000
vt 0.000000 0.916667
vt 0.000000 1.000000
vt 0.250000 0.083333
vt 0.000000 0.000000
vt 0.000000 0.083333
vt 0.250000 0.166667
vt 0.000000 0.166667
vt 0.250000 0.250000
vt 0.000000 0.250000
vt 0.250000 0.333333
vt 0.000000 0.333333
vt 0.250000 0.416667
vt 0.000000 0.416667
vt 0.000000 0.500000
vt 0.250000 0.583333
vt 0.000000 0.583333
vt 0.000000 0.666667
vt 0.250000 0.750000
vt 0.000000 0.750000
vt 0.000000 0.833333
vt 0.250000 0.916667
vt 0.500000 1.000000
vt 0.500000 0.000000
vt 0.250000 0.000000
vt 0.500000 0.166667
vt 0.500000 0.333333
vt 0.500000 0.416667
vt 0.500000 0.500000
vt 0.250000 0.500000
vt 0.500000 0.583333
vt 0.250000 0.666667
vt 0.500000 0.750000
vt 0.250000 0.833333
vt 0.500000 0.916667
vt 0.750000 0.916667
vt 0.750000 0.083333
vt 0.500000 0.083333
vt 0.750000 0.250000
vt 0.500000 0.250000
vt 0.750000 0.416667
vt 0.750000 0.583333
vt 0.750000 0.666667
vt 0.500000 0.666667
vt 0.750000 0.833333
vt 0.500000 0.833333
vt 0.750000 1.000000
vt 1.000000 0.916667
vt 1.000000 0.083333
vt 0.750000 0.000000
vt 0.750000 0.166667
vt 1.000000 0.250000
vt 0.750000 0.333333
vt 1.000000 0.416667
vt 1.000000 0.500000
vt 0.750000 0.500000
vt 1.000000 0.583333
vt 1.000000 0.666667
vt 0.750000 0.750000
vt 1.000000 0.833333
vt 0.000000 1.000000
vt 0.250000 0.916667
vt 0.000000 0.916667
vt 0.000000 0.083333
vt 0.250000 0.000000
vt 0.000000 0.000000
vt 0.250000 0.166667
vt 0.000000 0.166667
vt 0.000000 0.250000
vt 0.250000 0.333333
vt 0.000000 0.333333
vt 0.000000 0.416667
vt 0.250000 0.500000
vt 0.000000 0.500000
vt 0.250000 0.583333
vt 0.000000 0.583333
vt 0.250000 0.666667
vt 0.000000 0.666667
vt 0.250000 0.750000
vt 0.000000 0.750000
vt 0.250000 0.833333
vt 0.000000 0.833333
vt 0.500000 1.000000
vt 0.250000 1.000000
vt 0.500000 0.083333
vt 0.250000 0.083333
vt 0.500000 0.166667
vt 0.250000 0.250000
vt 0.500000 0.333333
vt 0.500000 0.416667
vt 0.250000 0.416667
vt 0.500000 0.500000
vt 0.500000 0.666667
vt 0.500000 0.750000
vt 0.500000 0.916667
vt 0.750000 0.916667
vt 0.750000 0.000000
vt 0.500000 0.000000
vt 0.750000 0.166667
vt 0.750000 0.250000
vt 0.500000 0.250000
vt 0.750000 0.333333
vt 0.750000 0.416667
vt 0.750000 0.500000
vt 0.750000 0.583333
vt 0.500000 0.583333
vt 0.750000 0.750000
vt 0.750000 0.833333
vt 0.500000 0.833333
vt 1.000000 1.000000
vt 0.750000 1.000000
vt 1.000000 0.083333
vt 0.750000 0.083333
vt 1.000000 0.250000
vt 1.000000 0.416667
vt 1.000000 0.500000
vt 1.000000 0.583333
vt 1.000000 0.666667
vt 0.750000 0.666667
vt 1.000000 0.833333
vt 0.000000 1.000000
vt 0.250000 0.916667
vt 0.000000 0.916667
vt 0.250000 0.083333
vt 0.000000 0.000000
vt 0.000000 0.083333
vt 0.250000 0.166667
vt 0.000000 0.166667
vt 0.000000 0.250000
vt 0.000000 0.333333
vt 0.250000 0.250000
vt 0.250000 0.416667
vt 0.000000 0.416667
vt 0.250000 0.500000
vt 0.000000 0.500000
vt 0.250000 0.583333
vt 0.000000 0.583333
vt 0.000000 0.666667
vt 0.250000 0.750000
vt 0.000000 0.750000
vt 0.250000 0.833333
vt 0.000000 0.833333
vt 0.500000 1.000000
vt 0.250000 1.000000
vt 0.500000 0.083333
vt 0.250000 0.000000
vt 0.500000 0.166667
vt 0.500000 0.333333
vt 0.250000 0.333333
vt 0.500000 0.416667
vt 0.500000 0.500000
vt 0.500000 0.583333
vt 0.250000 0.666667
vt 0.500000 0.750000
vt 0.500000 0.916667
vt 0.750000 1.000000
vt 0.750000 0.000000
vt 0.500000 0.000000
vt 0.750000 0.166667
vt 0.750000 0.250000
vt 0.500000 0.250000
vt 0.750000 0.333333
vt 0.750000 0.500000
vt 0.750000 0.583333
vt 0.500000 0.666667
vt 0.750000 0.666667
vt 0.750000 0.833333
vt 0.500000 0.833333
vt 0.750000 0.916667
vt 1.000000 1.000000
vt 1.000000 0.083333
vt 0.750000 0.083333
vt 1.000000 0.250000
vt 1.000000 0.333333
vt 1.000000 0.416667
vt 0.750000 0.416667
vt 1.000000 0.500000
vt 1.000000 0.583333
vt 1.000000 0.666667
vt 0.750000 0.750000
vt 1.000000 0.833333
vt 0.250000 1.000000
vt 0.000000 0.916667
vt 0.000000 1.000000
vt 0.000000 0.083333
vt 0.250000 0.000000
vt 0.000000 0.000000
vt 0.250000 0.166667
vt 0.000000 0.166667
vt 0.250000 0.250000
vt 0.000000 0.250000
vt 0.000000 0.333333
vt 0.250000 0.416667
vt 0.000000 0.416667
vt 0.250000 0.500000
vt 0.000000 0.500000
vt 0.000000 0.583333
vt 0.250000 0.666667
vt 0.000000 0.666667
vt 0.000000 0.750000
vt 0.250000 0.833333
vt 0.000000 0.833333
vt 0.500000 1.000000
vt 0.250000 0.916667
vt 0.250000 0.083333
vt 0.500000 0.000000
vt 0.500000 0.166667
vt 0.500000 0.333333
vt 0.250000 0.333333
vt 0.500000 0.500000
vt 0.500000 0.583333
vt 0.250000 0.583333
vt 0.500000 0.750000
vt 0.250000 0.750000
vt 0.500000 0.916667
vt 0.750000 1.000000
vt 0.750000 0.083333
vt 0.500000 0.083333
vt 0.750000 0.250000
vt 0.500000 0.250000
vt 0.750000 0.333333
vt 0.750000 0.416667
vt 0.500000 0.416667
vt 0.750000 0.500000
vt 0.750000 0.583333
vt 0.500000 0.666667
vt 0.750000 0.750000
vt 0.750000 0.833333
vt 0.500000 0.833333
vt 0.750000 0.916667
vt 1.000000 1.000000
vt 1.000000 0.083333
vt 0.750000 0.000000
vt 0.750000 0.166667
vt 1.000000 0.250000
vt 1.000000 0.333333
vt 1.000000 0.416667
vt 1.000000 0.500000
vt 1.000000 0.583333
vt 1.000000 0.666667
vt 0.750000 0.666667
vt 1.000000 0.833333
vt 0.250000 1.000000
vt 0.000000 0.916667
vt 0.000000 1.000000
vt 0.250000 0.083333
vt 0.000000 0.000000
vt 0.000000 0.083333
vt 0.250000 0.166667
vt 0.000000 0.166667
vt 0.250000 0.250000
vt 0.000000 0.250000
vt 0.250000 0.333333
vt 0.000000 0.333333
vt 0.250000 0.416667
vt 0.000000 0.416667
vt 0.250000 0.500000
vt 0.000000 0.500000
vt 0.000000 0.583333
vt 0.250000 0.666667
vt 0.000000 0.666667
vt 0.000000 0.750000
vt 0.250000 0.833333
vt 0.000000 0.833333
vt 0.250000 0.916667
vt 0.500000 1.000000
vt 0.500000 0.000000
vt 0.250000 0.000000
vt 0.500000 0.166667
vt 0.500000 0.333333
vt 0.500000 0.416667
vt 0.500000 0.500000
vt 0.500000 0.583333
vt 0.250000 0.583333
vt 0.500000 0.750000
vt 0.250000 0.750000
vt 0.500000 0.916667
vt 0.750000 0.916667
vt 0.750000 0.083333
vt 0.500000 0.083333
vt 0.750000 0.250000
vt 0.500000 0.250000
vt 0.750000 0.333333
vt 0.750000 0.416667
vt 0.750000 0.500000
vt 0.750000 0.583333
vt 0.750000 0.666667
vt 0.500000 0.666667
vt 0.750000 0.750000
vt 0.500000 0.833333
vt 1.000000 1.000000
vt 0.750000 1.000000
vt 1.000000 0.083333
vt 0.750000 0.000000
vt 0.750000 0.166667
vt 1.000000 0.250000
vt 1.000000 0.333333
vt 1.000000 0.416667
vt 1.000000 0.500000
vt 1.000000 0.583333
vt 1.000000 0.666667
vt 1.000000 0.833333
vt 0.750000 0.833333
vt 0.250000 1.000000
vt 0.000000 0.916667
vt 0.000000 1.000000
vt 0.250000 0.083333
vt 0.000000 0.000000
vt 0.000000 0.083333
vt 0.250000 0.166667
vt 0.000000 0.166667
vt 0.250000 0.250000
vt 0.000000 0.250000
vt 0.250000 0.333333
vt 0.000000 0.333333
vt 0.250000 0.416667
vt 0.000000 0.416667
vt 0.250000 0.500000
vt 0.000000 0.500000
vt 0.250000 0.583333
vt 0.000000 0.583333
vt 0.000000 0.666667
vt 0.250000 0.750000
vt 0.000000 0.750000
vt 0.000000 0.833333
vt 0.250000 0.916667
vt 0.500000 1.000000
vt 0.500000 0.000000
vt 0.250000 0.000000
vt 0.500000 0.166667
vt 0.500000 0.333333
vt 0.500000 0.500000
vt 0.500000 0.583333
vt 0.250000 0.666667
vt 0.500000 0.750000
vt 0.250000 0.833333
vt 0.500000 0.916667
vt 0.750000 0.916667
vt 0.750000 0.083333
vt 0.500000 0.083333
vt 0.750000 0.166667
vt 0.500000 0.250000
vt 0.750000 0.333333
vt 0.750000 0.416667
vt 0.500000 0.416667
vt 0.750000 0.500000
vt 0.750000 0.666667
vt 0.500000 0.666667
vt 0.750000 0.833333
vt 0.500000 0.833333
vt 1.000000 1.000000
vt 0.750000 1.000000
vt 1.000000 0.000000
vt 0.750000 0.000000
vt 1.000000 0.166667
vt 1.000000 0.250000
vt 0.750000 0.250000
vt 1.000000 0.333333
vt 1.000000 0.416667
vt 1.000000 0.500000
vt 1.000000 0.583333
vt 0.750000 0.583333
vt 1.000000 0.666667
vt 0.750000 0.750000
vt 1.000000 0.833333
vt 0.000000 1.000000
vt 0.250000 0.916667
vt 0.000000 0.916667
vt 0.250000 0.083333
vt 0.000000 0.000000
vt 0.000000 0.083333
vt 0.250000 0.166667
vt 0.000000 0.166667
vt 0.250000 0.250000
vt 0.000000 0.250000
vt 0.250000 0.333333
vt 0.000000 0.333333
vt 0.250000 0.416667
vt 0.000000 0.416667
vt 0.250000 0.500000
vt 0.000000 0.500000
vt 0.250000 0.583333
vt 0.000000 0.583333
vt 0.250000 0.666667
vt 0.000000 0.666667
vt 0.250000 0.750000
vt 0.000000 0.750000
vt 0.250000 0.833333
vt 0.000000 0.833333
vt 0.500000 1.000000
vt 0.250000 1.000000
vt 0.500000 0.000000
vt 0.250000 0.000000
vt 0.500000 0.166667
vt 0.500000 0.333333
vt 0.500000 0.416667
vt 0.500000 0.500000
vt 0.500000 0.583333
vt 0.500000 0.750000
vt 0.500000 0.916667
vt 0.750000 1.000000
vt 0.500000 0.083333
vt 0.750000 0.000000
vt 0.750000 0.166667
vt 0.500000 0.250000
vt 0.750000 0.250000
vt 0.750000 0.333333
vt 0.750000 0.500000
vt 0.750000 0.583333
vt 0.750000 0.666667
vt 0.500000 0.666667
vt 0.750000 0.833333
vt 0.500000 0.833333
vt 0.750000 0.916667
vt 1.000000 1.000000
vt 1.000000 0.083333
vt 0.750000 0.083333
vt 1.000000 0.250000
vt 0.750000 0.416667
vt 1.000000 0.333333
vt 1.000000 0.500000
vt 1.000000 0.583333
vt 1.000000 0.666667
vt 0.750000 0.750000
vt 1.000000 0.833333
vt 0.250000 1.000000
vt 0.000000 0.916667
vt 0.000000 1.000000
vt 0.000000 0.083333
vt 0.250000 0.000000
vt 0.000000 0.000000
vt 0.250000 0.166667
vt 0.000000 0.166667
vt 0.250000 0.250000
vt 0.000000 0.250000
vt 0.000000 0.333333
vt 0.000000 0.416667
vt 0.250000 0.333333
vt 0.000000 0.500000
vt 0.250000 0.416667
vt 0.250000 0.583333
vt 0.000000 0.583333
vt 0.000000 0.666667
vt 0.000000 0.750000
vt 0.250000 0.666667
vt 0.250000 0.833333
vt 0.000000 0.833333
vt 0.500000 1.000000
vt 0.250000 0.916667
vt 0.250000 0.083333
vt 0.500000 0.000000
vt 0.500000 0.166667
vt 0.500000 0.333333
vt 0.500000 0.416667
vt 0.500000 0.500000
vt 0.250000 0.500000
vt 0.500000 0.666667
vt 0.500000 0.750000
vt 0.250000 0.750000
vt 0.500000 0.916667
vt 0.750000 0.916667
vt 0.500000 0.083333
vt 0.750000 0.000000
vt 0.750000 0.166667
vt 0.750000 0.250000
vt 0.500000 0.250000
vt 0.750000 0.333333
vt 0.750000 0.416667
vt 0.750000 0.500000
vt 0.500000 0.583333
vt 0.750000 0.666667
vt 0.750000 0.750000
vt 0.750000 0.833333
vt 0.500000 0.833333
vt 1.000000 1.000000
vt 0.750000 1.000000
vt 1.000000 0.083333
vt 0.750000 0.083333
vt 1.000000 0.250000
vt 1.000000 0.333333
vt 1.000000 0.416667
vt 1.000000 0.500000
vt 0.750000 0.583333
vt 1.000000 0.666667
vt 1.000000 0.833333
vt 0.250000 1.000000
vt 0.000000 0.916667
vt 0.000000 1.000000
vt 0.250000 0.083333
vt 0.000000 0.000000
vt 0.000000 0.083333
vt 0.250000 0.166667
vt 0.000000 0.166667
vt 0.250000 0.250000
vt 0.000000 0.250000
vt 0.250000 0.333333
vt 0.000000 0.333333
vt 0.000000 0.416667
vt 0.250000 0.500000
vt 0.000000 0.500000
vt 0.000000 0.583333
vt 0.250000 0.666667
vt 0.000000 0.666667
vt 0.000000 0.750000
vt 0.250000 0.833333
vt 0.000000 0.833333
vt 0.250000 0.916667
vt 0.500000 1.000000
vt 0.500000 0.083333
vt 0.250000 0.000000
vt 0.500000 0.166667
vt 0.500000 0.333333
vt 0.500000 0.416667
vt 0.250000 0.416667
vt 0.500000 0.500000
vt 0.500000 0.583333
vt 0.250000 0.583333
vt 0.500000 0.750000
vt 0.250000 0.750000
vt 0.500000 0.916667
vt 0.750000 1.000000
vt 0.750000 0.083333
vt 0.500000 0.000000
vt 0.750000 0.166667
vt 0.750000 0.250000
vt 0.500000 0.250000
vt 0.750000 0.333333
vt 0.750000 0.416667
vt 0.750000 0.500000
vt 0.750000 0.666667
vt 0.500000 0.666667
vt 0.500000 0.833333
vt 0.750000 0.750000
vt 0.750000 0.833333
vt 1.000000 1.000000
vt 0.750000 0.916667
vt 1.000000 0.083333
vt 0.750000 0.000000
vt 1.000000 0.250000
vt 1.000000 0.416667
vt 1.000000 0.500000
vt 0.750000 0.583333
vt 1.000000 0.666667
vt 1.000000 0.833333
vt 0.250000 1.000000
vt 0.000000 0.916667
vt 0.000000 1.000000
vt 0.250000 0.083333
vt 0.000000 0.000000
vt 0.000000 0.083333
vt 0.250000 0.166667
vt 0.000000 0.166667
vt 0.250000 0.250000
vt 0.000000 0.250000
vt 0.250000 0.333333
vt 0.000000 0.333333
vt 0.000000 0.416667
vt 0.250000 0.500000
vt 0.000000 0.500000
vt 0.250000 0.583333
vt 0.000000 0.583333
vt 0.250000 0.666667
vt 0.000000 0.666667
vt 0.000000 0.750000
vt 0.250000 0.833333
vt 0.000000 0.833333
vt 0.250000 0.916667
vt 0.500000 1.000000
vt 0.500000 0.083333
vt 0.250000 0.000000
vt 0.500000 0.166667
vt 0.500000 0.333333
vt 0.500000 0.416667
vt 0.250000 0.416667
vt 0.500000 0.500000
vt 0.500000 0.666667
vt 0.500000 0.750000
vt 0.250000 0.750000
vt 0.500000 0.916667
vt 0.750000 1.000000
vt 0.750000 0.000000
vt 0.500000 0.000000
vt 0.750000 0.166667
vt 0.750000 0.250000
vt 0.500000 0.250000
vt 0.750000 0.333333
vt 0.750000 0.416667
vt 0.750000 0.500000
vt 0.750000 0.583333
vt 0.500000 0.583333
vt 0.750000 0.666667
vt 0.750000 0.833333
vt 0.500000 0.833333
vt 0.750000 0.916667
vt 1.000000 1.000000
vt 1.000000 0.083333
vt 0.750000 0.083333
vt 1.000000 0.250000
vt 1.000000 0.416667
vt 1.000000 0.500000
vt 1.000000 0.666667
vt 0.750000 0.750000
vt 1.000000 0.833333
vt 0.000000 1.000000
vt 0.250000 0.916667
vt 0.000000 0.916667
vt 0.250000 0.083333
vt 0.000000 0.000000
vt 0.000000 0.083333
vt 0.250000 0.166667
vt 0.000000 0.166667
vt 0.250000 0.250000
vt 0.000000 0.250000
vt 0.000000 0.333333
vt 0.000000 0.416667
vt 0.250000 0.333333
vt 0.250000 0.500000
vt 0.000000 0.500000
vt 0.000000 0.583333
vt 0.000000 0.666667
vt 0.250000 0.583333
vt 0.250000 0.750000
vt 0.000000 0.750000
vt 0.250000 0.833333
vt 0.000000 0.833333
vt 0.500000 1.000000
vt 0.250000 1.000000
vt 0.500000 0.083333
vt 0.250000 0.000000
vt 0.500000 0.166667
vt 0.500000 0.333333
vt 0.500000 0.416667
vt 0.250000 0.416667
vt 0.500000 0.500000
vt 0.500000 0.583333
vt 0.250000 0.666667
vt 0.500000 0.750000
vt 0.500000 0.916667
vt 0.750000 1.000000
vt 0.750000 0.083333
vt 0.500000 0.000000
vt 0.750000 0.166667
vt 0.750000 0.250000
vt 0.500000 0.250000
vt 0.750000 0.416667
vt 0.750000 0.500000
vt 0.750000 0.583333
vt 0.750000 0.666667
vt 0.500000 0.666667
vt 0.750000 0.833333
vt 0.500000 0.833333
vt 1.000000 1.000000
vt 0.750000 0.916667
vt 1.000000 0.083333
vt 0.750000 0.000000
vt 1.000000 0.250000
vt 0.750000 0.333333
vt 1.000000 0.416667
vt 1.000000 0.500000
vt 1.000000 0.583333
vt 1.000000 0.666667
vt 0.750000 0.750000
vt 1.000000 0.833333
vt 0.250000 1.000000
vt 0.000000 0.916667
vt 0.000000 1.000000
vt 0.250000 0.083333
vt 0.000000 0.000000
vt 0.000000 0.083333
vt 0.250000 0.166667
vt 0.000000 0.166667
vt 0.250000 0.250000
vt 0.000000 0.250000
vt 0.250000 0.333333
vt 0.000000 0.333333
vt 0.250000 0.416667
vt 0.000000 0.416667
vt 0.250000 0.500000
vt 0.000000 0.500000
vt 0.250000 0.583333
vt 0.000000 0.583333
vt 0.250000 0.666667
vt 0.000000 0.666667
vt 0.250000 0.750000
vt 0.000000 0.750000
vt 0.000000 0.833333
vt 0.250000 0.916667
vt 0.500000 1.000000
vt 0.500000 0.083333
vt 0.250000 0.000000
vt 0.500000 0.166667
vt 0.500000 0.333333
vt 0.500000 0.500000
vt 0.500000 0.583333
vt 0.500000 0.750000
vt 0.250000 0.833333
vt 0.500000 0.916667
vt 0.750000 0.916667
vt 0.750000 0.083333
vt 0.500000 0.000000
vt 0.750000 0.250000
vt 0.500000 0.250000
vt 0.750000 0.333333
vt 0.750000 0.416667
vt 0.500000 0.416667
vt 0.750000 0.500000
vt 0.750000 0.583333
vt 0.500000 0.666667
vt 0.750000 0.750000
vt 0.750000 0.833333
vt 0.500000 0.833333
vt 1.000000 1.000000
vt 0.750000 1.000000
vt 1.000000 0.083333
vt 0.750000 0.000000
vt 0.750000 0.166667
vt 1.000000 0.250000
vt 1.000000 0.416667
vt 1.000000 0.500000
vt 1.000000 0.583333
vt 1.000000 0.666667
vt 0.750000 0.666667
vt 1.000000 0.833333
vt 0.000000 1.000000
vt 0.250000 0.916667
vt 0.000000 0.916667
vt 0.000000 0.083333
vt 0.250000 0.000000
vt 0.000000 0.000000
vt 0.250000 0.166667
vt 0.000000 0.166667
vt 0.000000 0.250000
vt 0.250000 0.333333
vt 0.000000 0.333333
vt 0.000000 0.416667
vt 0.250000 0.500000
vt 0.000000 0.500000
vt 0.250000 0.583333
vt 0.000000 0.583333
vt 0.000000 0.666667
vt 0.250000 0.750000
vt 0.000000 0.750000
vt 0.250000 0.833333
vt 0.000000 0.833333
vt 0.500000 1.000000
vt 0.250000 1.000000
vt 0.250000 0.083333
vt 0.500000 0.000000
vt 0.500000 0.166667
vt 0.250000 0.250000
vt 0.500000 0.333333
vt 0.500000 0.416667
vt 0.250000 0.416667
vt 0.500000 0.500000
vt 0.500000 0.583333
vt 0.250000 0.666667
vt 0.500000 0.750000
vt 0.500000 0.916667
vt 0.750000 1.000000
vt 0.750000 0.083333
vt 0.500000 0.083333
vt 0.750000 0.166667
vt 0.750000 0.250000
vt 0.500000 0.250000
vt 0.750000 0.333333
vt 0.750000 0.416667
vt 0.750000 0.500000
vt 0.750000 0.583333
vt 0.500000 0.666667
vt 0.750000 0.750000
vt 0.500000 0.833333
vt 0.750000 0.916667
vt 1.000000 1.000000
vt 1.000000 0.083333
vt 0.750000 0.000000
vt 1.000000 0.250000
vt 1.000000 0.333333
vt 1.000000 0.416667
vt 1.000000 0.500000
vt 1.000000 0.666667
vt 0.750000 0.666667
vt 1.000000 0.833333
vt 0.750000 0.833333
vt 0.000000 1.000000
vt 0.250000 0.916667
vt 0.000000 0.916667
vt 0.250000 0.083333
vt 0.000000 0.000000
vt 0.000000 0.083333
vt 0.000000 0.166667
vt 0.000000 0.250000
vt 0.250000 0.166667
vt 0.250000 0.333333
vt 0.000000 0.333333
vt 0.250000 0.416667
vt 0.000000 0.416667
vt 0.250000 0.500000
vt 0.000000 0.500000
vt 0.250000 0.583333
vt 0.000000 0.583333
vt 0.250000 0.666667
vt 0.000000 0.666667
vt 0.250000 0.750000
vt 0.000000 0.750000
vt 0.250000 0.833333
vt 0.000000 0.833333
vt 0.500000 1.000000
vt 0.250000 1.000000
vt 0.500000 0.000000
vt 0.250000 0.000000
vt 0.500000 0.166667
vt 0.250000 0.250000
vt 0.500000 0.333333
vt 0.500000 0.416667
vt 0.500000 0.500000
vt 0.500000 0.583333
vt 0.500000 0.750000
vt 0.500000 0.916667
vt 0.750000 1.000000
vt 0.750000 0.083333
vt 0.500000 0.083333
vt 0.750000 0.166667
vt 0.750000 0.250000
vt 0.500000 0.250000
vt 0.750000 0.416667
vt 0.750000 0.500000
vt 0.500000 0.666667
vt 0.750000 0.583333
vt 0.750000 0.666667
vt 0.500000 0.833333
vt 0.750000 0.750000
vt 0.750000 0.833333
vt 1.000000 1.000000
vt 0.750000 0.916667
vt 1.000000 0.083333
vt 0.750000 0.000000
vt 1.000000 0.250000
vt 1.000000 0.333333
vt 0.750000 0.333333
vt 1.000000 0.416667
vt 1.000000 0.500000
vt 1.000000 0.583333
vt 1.000000 0.666667
vt 1.000000 0.833333
vt 0.000000 1.000000
vt 0.250000 0.916667
vt 0.000000 0.916667
vt 0.000000 0.083333
vt 0.250000 0.000000
vt 0.000000 0.000000
vt 0.000000 0.166667
vt 0.250000 0.083333
vt 0.250000 0.250000
vt 0.000000 0.250000
vt 0.250000 0.333333
vt 0.000000 0.333333
vt 0.250000 0.416667
vt 0.000000 0.416667
vt 0.250000 0.500000
vt 0.000000 0.500000
vt 0.000000 0.583333
vt 0.000000 0.666667
vt 0.250000 0.583333
vt 0.000000 0.750000
vt 0.250000 0.666667
vt 0.000000 0.833333
vt 0.250000 0.750000
vt 0.500000 1.000000
vt 0.250000 1.000000
vt 0.500000 0.000000
vt 0.500000 0.166667
vt 0.250000 0.166667
vt 0.500000 0.333333
vt 0.500000 0.416667
vt 0.500000 0.500000
vt 0.500000 0.583333
vt 0.500000 0.750000
vt 0.250000 0.833333
vt 0.500000 0.916667
vt 0.750000 1.000000
vt 0.500000 0.083333
vt 0.750000 0.000000
vt 0.750000 0.166667
vt 0.500000 0.250000
vt 0.750000 0.333333
vt 0.750000 0.416667
vt 0.750000 0.583333
vt 0.750000 0.666667
vt 0.500000 0.666667
vt 0.750000 0.833333
vt 0.500000 0.833333
vt 0.750000 0.916667
vt 1.000000 1.000000
vt 1.000000 0.083333
vt 0.750000 0.083333
vt 1.000000 0.250000
vt 0.750000 0.250000
vt 1.000000 0.333333
vt 1.000000 0.416667
vt 1.000000 0.500000
vt 0.750000 0.500000
vt 1.000000 0.583333
vt 1.000000 0.666667
vt 0.750000 0.750000
vt 1.000000 0.833333
vt 0.250000 1.000000
vt 0.000000 0.916667
vt 0.000000 1.000000
vt 0.250000 0.083333
vt 0.000000 0.000000
vt 0.000000 0.083333
vt 0.250000 0.166667
vt 0.000000 0.166667
vt 0.250000 0.250000
vt 0.000000 0.250000
vt 0.000000 0.333333
vt 0.000000 0.416667
vt 0.250000 0.333333
vt 0.250000 0.500000
vt 0.000000 0.500000
vt 0.250000 0.583333
vt 0.000000 0.583333
vt 0.250000 0.666667
vt 0.000000 0.666667
vt 0.000000 0.750000
vt 0.250000 0.833333
vt 0.000000 0.833333
vt 0.500000 1.000000
vt 0.250000 0.916667
vt 0.500000 0.000000
vt 0.250000 0.000000
vt 0.500000 0.166667
vt 0.500000 0.333333
vt 0.250000 0.416667
vt 0.500000 0.500000
vt 0.500000 0.583333
vt 0.500000 0.750000
vt 0.250000 0.750000
vt 0.500000 0.916667
vt 0.750000 0.916667
vt 0.750000 0.083333
vt 0.500000 0.083333
vt 0.750000 0.166667
vt 0.500000 0.250000
vt 0.750000 0.333333
vt 0.750000 0.416667
vt 0.500000 0.416667
vt 0.750000 0.500000
vt 0.750000 0.583333
vt 0.500000 0.666667
vt 0.750000 0.750000
vt 0.500000 0.833333
vt 1.000000 1.000000
vt 0.750000 1.000000
vt 1.000000 0.083333
vt 0.750000 0.000000
vt 1.000000 0.250000
vt 0.750000 0.250000
vt 1.000000 0.416667
vt 1.000000 0.500000
vt 1.000000 0.583333
vt 1.000000 0.666667
vt 0.750000 0.666667
vt 1.000000 0.833333
vt 0.750000 0.833333
vt 0.250000 1.000000
vt 0.000000 0.916667
vt 0.000000 1.000000
vt 0.250000 0.083333
vt 0.000000 0.000000
vt 0.000000 0.083333
vt 0.250000 0.166667
vt 0.000000 0.166667
vt 0.250000 0.250000
vt 0.000000 0.250000
vt 0.250000 0.333333
vt 0.000000 0.333333
vt 0.000000 0.416667
vt 0.250000 0.500000
vt 0.000000 0.500000
vt 0.250000 0.583333
vt 0.000000 0.583333
vt 0.250000 0.666667
vt 0.000000 0.666667
vt 0.250000 0.750000
vt 0.000000 0.750000
vt 0.250000 0.833333
vt 0.000000 0.833333
vt 0.250000 0.916667
vt 0.500000 1.000000
vt 0.500000 0.083333
vt 0.250000 0.000000
vt 0.500000 0.166667
vt 0.500000 0.333333
vt 0.500000 0.416667
vt 0.250000 0.416667
vt 0.500000 0.500000
vt 0.500000 0.666667
vt 0.500000 0.750000
vt 0.500000 0.916667
vt 0.750000 0.916667
vt 0.750000 0.083333
vt 0.500000 0.000000
vt 0.750000 0.250000
vt 0.500000 0.250000
vt 0.750000 0.333333
vt 0.750000 0.416667
vt 0.750000 0.500000
vt 0.500000 0.583333
vt 0.750000 0.583333
vt 0.750000 0.750000
vt 0.500000 0.833333
vt 1.000000 1.000000
vt 0.750000 1.000000
vt 1.000000 0.083333
vt 0.750000 0.000000
vt 0.750000 0.166667
vt 1.000000 0.250000
vt 1.000000 0.416667
vt 1.000000 0.500000
vt 1.000000 0.666667
vt 0.750000 0.666667
vt 1.000000 0.833333
vt 0.750000 0.833333
vt 1.000000 1.000000
vt 1.000000 0.083333
vt 1.000000 0.333333
vt 1.000000 0.750000
vt 1.000000 0.000000
vt 1.000000 0.166667
vt 1.000000 0.333333
vt 1.000000 0.583333
vt 1.000000 0.750000
vt 1.000000 0.916667
vt 1.000000 0.000000
vt 1.000000 0.166667
vt 1.000000 0.333333
vt 1.000000 0.750000
vt 1.000000 0.000000
vt 1.000000 0.500000
vt 1.000000 0.916667
vt 1.000000 0.000000
vt 1.000000 0.166667
vt 1.000000 0.333333
vt 1.000000 0.750000
vt 1.000000 0.916667
vt 1.000000 0.000000
vt 1.000000 0.166667
vt 1.000000 0.333333
vt 1.000000 0.750000
vt 1.000000 1.000000
vt 1.000000 0.000000
vt 1.000000 0.166667
vt 1.000000 0.750000
vt 1.000000 0.916667
vt 1.000000 0.000000
vt 1.000000 0.166667
vt 1.000000 0.333333
vt 1.000000 0.750000
vt 1.000000 0.916667
vt 1.000000 0.000000
vt 1.000000 0.166667
vt 1.000000 0.333333
vt 1.000000 0.750000
vt 1.000000 0.916667
vt 1.000000 0.083333
vt 1.000000 0.333333
vt 1.000000 0.750000
vt 1.000000 1.000000
vt 1.000000 0.000000
vt 1.000000 0.166667
vt 1.000000 0.333333
vt 1.000000 0.750000
vt 1.000000 0.916667
vt 1.000000 0.000000
vt 1.000000 0.166667
vt 1.000000 0.333333
vt 1.000000 0.750000
vt 1.000000 0.916667
vt 1.000000 0.000000
vt 1.000000 0.166667
vt 1.000000 0.750000
vt 1.000000 0.916667
vt 1.000000 0.000000
vt 1.000000 0.166667
vt 1.000000 0.333333
vt 1.000000 0.750000
vt 1.000000 0.916667
vt 1.000000 0.000000
vt 1.000000 0.166667
vt 1.000000 0.750000
vt 1.000000 0.916667
vt 1.000000 0.000000
vt 1.000000 0.166667
vt 1.000000 0.333333
vt 1.000000 0.750000
vt 1.000000 0.916667
vt 1.000000 0.000000
vt 1.000000 0.166667
vt 1.000000 0.333333
vt 1.000000 0.750000
vt 1.000000 1.000000
vt 1.000000 0.000000
vt 1.000000 0.166667
vt 1.000000 0.333333
vt 1.000000 0.750000
vt 1.000000 0.916667
vt 1.000000 0.000000
vt 1.000000 0.166667
vt 1.000000 0.333333
vt 1.000000 0.750000
vt 1.000000 0.916667
vt 1.000000 0.000000
vt 1.000000 0.166667
vt 1.000000 0.750000
vt 1.000000 0.916667
vt 1.000000 0.000000
vt 1.000000 0.166667
vt 1.000000 0.750000
vt 1.000000 0.916667
vt 1.000000 0.000000
vt 1.000000 0.166667
vt 1.000000 0.750000
vt 1.000000 0.916667
vt 1.000000 0.083333
vt 1.000000 0.750000
vt 1.000000 0.916667
vt 1.000000 0.000000
vt 1.000000 0.166667
vt 1.000000 0.416667
vt 1.000000 0.750000
vt 1.000000 0.916667
vt 1.000000 0.000000
vt 1.000000 0.166667
vt 1.000000 0.583333
vt 1.000000 0.750000
vt 1.000000 0.916667
vt 1.000000 0.000000
vt 1.000000 0.166667
vt 1.000000 0.333333
vt 1.000000 0.583333
vt 1.000000 0.750000
vt 1.000000 0.916667
vt 1.000000 0.000000
vt 1.000000 0.166667
vt 1.000000 0.333333
vt 1.000000 0.583333
vt 1.000000 0.750000
vt 1.000000 0.916667
vt 1.000000 0.000000
vt 1.000000 0.166667
vt 1.000000 0.333333
vt 1.000000 0.750000
vt 1.000000 0.916667
vt 1.000000 0.000000
vt 1.000000 0.166667
vt 1.000000 0.333333
vt 1.000000 0.750000
vt 1.000000 0.916667
vt 1.000000 0.000000
vt 1.000000 0.166667
vt 1.000000 0.583333
vt 1.000000 0.750000
vt 1.000000 0.916667
vt 1.000000 0.000000
vt 1.000000 0.166667
vt 1.000000 0.750000
vt 1.000000 0.916667
vt 1.000000 0.000000
vt 1.000000 0.166667
vt 1.000000 0.750000
vt 1.000000 0.916667
vt 1.000000 0.000000
vt 1.000000 0.166667
vt 1.000000 0.333333
vt 1.000000 0.750000
vt 1.000000 0.916667
vt 1.000000 0.000000
vt 1.000000 0.166667
vt 1.000000 0.333333
vt 1.000000 0.583333
vt 1.000000 0.750000
vn 0.2805 0.2576 -0.9246
vn 0.2058 0.7054 -0.6783
vn 0.0755 0.9656 -0.2488
vn -0.0755 0.9656 0.2488
vn -0.2058 0.7054 0.6783
vn -0.2805 0.2576 0.9246
vn -0.2805 -0.2576 0.9246
vn -0.2058 -0.7054 0.6783
vn -0.0755 -0.9656 0.2488
vn 0.0755 -0.9656 -0.2488
vn 0.2058 -0.7054 -0.6783
vn 0.2805 -0.2576 -0.9246
vn 0.4555 0.2577 -0.8521
vn 0.3341 0.7054 -0.6251
vn 0.1226 0.9656 -0.2293
vn -0.1226 0.9656 0.2293
vn -0.3341 0.7054 0.6251
vn -0.4555 0.2577 0.8521
vn -0.4555 -0.2577 0.8521
vn -0.3341 -0.7054 0.6251
vn -0.1226 -0.9656 0.2293
vn 0.1226 -0.9656 -0.2293
vn 0.3341 -0.7054 -0.6251
vn 0.4555 -0.2577 -0.8522
vn 0.6130 0.2576 -0.7469
vn 0.4497 0.7054 -0.5479
vn 0.1649 0.9656 -0.2010
vn -0.1649 0.9656 0.2009
vn -0.4497 0.7054 0.5479
vn -0.6130 0.2577 0.7469
vn -0.6130 -0.2577 0.7469
vn -0.4497 -0.7054 0.5479
vn -0.1649 -0.9656 0.2010
vn 0.1649 -0.9656 -0.2010
vn 0.4497 -0.7054 -0.5479
vn 0.6130 -0.2577 -0.7469
vn 0.7469 0.2577 -0.6130
vn 0.5479 0.7054 -0.4497
vn 0.2010 0.9656 -0.1649
vn -0.2010 0.9656 0.1649
vn -0.5479 0.7054 0.4497
vn -0.7469 0.2576 0.6130
vn -0.7469 -0.2576 0.6130
vn -0.5479 -0.7054 0.4497
vn -0.2010 -0.9656 0.1650
vn 0.2010 -0.9656 -0.1649
vn 0.5479 -0.7054 -0.4497
vn 0.7469 -0.2577 -0.6130
vn 0.8521 0.2577 -0.4555
vn 0.6251 0.7054 -0.3341
vn 0.2293 0.9656 -0.1226
vn -0.2293 0.9656 0.1225
vn -0.6251 0.7054 0.3342
vn -0.8521 0.2577 0.4555
vn -0.8521 -0.2577 0.4555
vn -0.6251 -0.7054 0.3341
vn -0.2293 -0.9656 0.1226
vn 0.2293 -0.9656 -0.1225
vn 0.6251 -0.7054 -0.3342
vn 0.8521 -0.2577 -0.4555
vn 0.9246 0.2577 -0.2805
vn 0.6783 0.7054 -0.2058
vn 0.2488 0.9656 -0.0755
vn -0.2488 0.9656 0.0755
vn -0.6783 0.7054 0.2058
vn -0.9246 0.2577 0.2805
vn -0.9246 -0.2576 0.2805
vn -0.6783 -0.7054 0.2057
vn -0.2488 -0.9656 0.0755
vn 0.2488 -0.9656 -0.0755
vn 0.6783 -0.7054 -0.2058
vn 0.9246 -0.2577 -0.2805
vn 0.9616 0.2577 -0.0947
vn 0.7054 0.7054 -0.0695
vn 0.2587 0.9656 -0.0255
vn -0.2587 0.9656 0.0255
vn -0.7054 0.7054 0.0695
vn -0.9616 0.2576 0.0947
vn -0.9616 -0.2576 0.0947
vn -0.7054 -0.7054 0.0695
vn -0.2588 -0.9656 0.0255
vn 0.2587 -0.9656 -0.0255
vn 0.7054 -0.7054 -0.0695
vn 0.9616 -0.2576 -0.0947
vn 0.9616 0.2577 0.0947
vn 0.7054 0.7054 0.0695
vn 0.2587 0.9656 0.0255
vn -0.2587 0.9656 -0.0255
vn -0.7054 0.7054 -0.0695
vn -0.9616 0.2576 -0.0947
vn -0.9616 -0.2576 -0.0947
vn -0.7054 -0.7054 -0.0695
vn -0.2587 -0.9656 -0.0255
vn 0.2587 -0.9656 0.0255
vn 0.7054 -0.7054 0.0695
vn 0.9616 -0.2577 0.0947
vn 0.9246 0.2577 0.2805
vn 0.6783 0.7054 0.2058
vn 0.2488 0.9656 0.0755
vn -0.2488 0.9656 -0.0755
vn -0.6783 0.7054 -0.2057
vn -0.9246 0.2576 -0.2805
vn -0.9246 -0.2576 -0.2805
vn -0.6783 -0.7054 -0.2058
vn -0.2488 -0.9656 -0.0755
vn 0.2488 -0.9656 0.0755
vn 0.6783 -0.7054 0.2058
vn 0.9246 -0.2576 0.2805
vn 0.8521 0.2577 0.4555
vn 0.6251 0.7054 0.3341
vn 0.2293 0.9656 0.1226
vn -0.2293 0.9656 -0.1226
vn -0.6251 0.7054 -0.3341
vn -0.8521 0.2576 -0.4555
vn -0.8522 -0.2577 -0.4555
vn -0.6251 -0.7054 -0.3341
vn -0.2293 -0.9656 -0.1226
vn 0.2293 -0.9656 0.1225
vn 0.6251 -0.7054 0.3341
vn 0.8521 -0.2577 0.4555
vn 0.7469 0.2577 0.6130
vn 0.5479 0.7054 0.4497
vn 0.2010 0.9656 0.1649
vn -0.2010 0.9656 -0.1649
vn -0.5479 0.7054 -0.4497
vn -0.7469 0.2576 -0.6130
vn -0.7469 -0.2577 -0.6130
vn -0.5479 -0.7054 -0.4497
vn -0.2010 -0.9656 -0.1649
vn 0.2010 -0.9656 0.1650
vn 0.5479 -0.7054 0.4497
vn 0.7469 -0.2576 0.6130
vn 0.6130 0.2577 0.7469
vn 0.4496 0.7054 0.5479
vn 0.1649 0.9656 0.2010
vn -0.1649 0.9656 -0.2010
vn -0.4497 0.7054 -0.5479
vn -0.6130 0.2576 -0.7469
vn -0.6130 -0.2576 -0.7469
vn -0.4497 -0.7054 -0.5479
vn -0.1649 -0.9656 -0.2010
vn 0.1649 -0.9656 0.2010
vn 0.4497 -0.7054 0.5479
vn 0.6130 -0.2576 0.7469
vn 0.4555 0.2577 0.8521
vn 0.3341 0.7054 0.6251
vn 0.1226 0.9656 0.2293
vn -0.1226 0.9656 -0.2293
vn -0.3341 0.7054 -0.6251
vn -0.4555 0.2577 -0.8522
vn -0.4555 -0.2577 -0.8521
vn -0.3341 -0.7054 -0.6251
vn -0.1226 -0.9656 -0.2293
vn 0.1226 -0.9656 0.2293
vn 0.3341 -0.7054 0.6251
vn 0.4555 -0.2577 0.8521
vn 0.2805 0.2577 0.9246
vn 0.2058 0.7054 0.6783
vn 0.0755 0.9656 0.2488
vn -0.0755 0.9656 -0.2488
vn -0.2058 0.7054 -0.6783
vn -0.2805 0.2577 -0.9246
vn -0.2805 -0.2577 -0.9246
vn -0.2058 -0.7054 -0.6783
vn -0.0755 -0.9656 -0.2488
vn 0.0755 -0.9656 0.2488
vn 0.2058 -0.7054 0.6783
vn 0.2805 -0.2577 0.9246
vn 0.0947 0.2576 0.9616
vn 0.0695 0.7054 0.7054
vn 0.0255 0.9656 0.2587
vn -0.0255 0.9656 -0.2587
vn -0.0695 0.7054 -0.7054
vn -0.0947 0.2576 -0.9616
vn -0.0947 -0.2576 -0.9616
vn -0.0695 -0.7054 -0.7054
vn -0.0255 -0.9656 -0.2587
vn 0.0255 -0.9656 0.2587
vn 0.0695 -0.7054 0.7054
vn 0.0947 -0.2576 0.9616
vn -0.0947 0.2576 0.9616
vn -0.0695 0.7054 0.7054
vn -0.0255 0.9656 0.2587
vn 0.0255 0.9656 -0.2587
vn 0.0695 0.7054 -0.7054
vn 0.0947 0.2577 -0.9616
vn 0.0947 -0.2576 -0.9616
vn 0.0695 -0.7054 -0.7054
vn 0.0255 -0.9656 -0.2587
vn -0.0255 -0.9656 0.2587
vn -0.0695 -0.7054 0.7054
vn -0.0947 -0.2577 0.9616
vn -0.2805 0.2577 0.9246
vn -0.2805 -0.2577 0.9246
vn -0.4555 0.2576 0.8522
vn 0.4555 -0.2577 -0.8521
vn -0.3341 -0.7054 0.6252
vn -0.1649 0.9656 0.2010
vn 0.1649 0.9656 -0.2009
vn 0.6130 0.2577 -0.7469
vn -0.4497 -0.7054 0.5480
vn 0.7469 0.2576 -0.6130
vn 0.7469 -0.2576 -0.6130
vn 0.5479 -0.7054 -0.4496
vn 0.2010 -0.9656 -0.1650
vn -0.2010 -0.9656 0.1649
vn -0.8522 0.2576 0.4555
vn -0.6251 0.7054 0.3341
vn 0.6251 -0.7054 -0.3341
vn 0.2293 -0.9656 -0.1226
vn -0.2293 -0.9656 0.1225
vn -0.6783 0.7054 0.2057
vn -0.6783 -0.7054 0.2058
vn -0.9246 -0.2577 0.2805
vn -0.9616 0.2577 0.0947
vn 0.9616 0.2576 -0.0947
vn 0.9616 -0.2577 -0.0947
vn 0.2588 -0.9656 -0.0255
vn -0.2587 -0.9656 0.0255
vn -0.9616 -0.2577 0.0947
vn 0.9616 -0.2576 0.0947
vn -0.6783 0.7054 -0.2058
vn 0.9246 -0.2577 0.2805
vn -0.8522 0.2576 -0.4555
vn 0.8522 0.2576 0.4555
vn 0.8522 -0.2576 0.4555
vn 0.2293 -0.9656 0.1226
vn -0.2293 -0.9656 -0.1225
vn -0.6251 -0.7054 -0.3342
vn -0.8521 -0.2577 -0.4555
vn -0.7469 0.2577 -0.6130
vn 0.7469 -0.2577 0.6130
vn -0.2010 -0.9656 -0.1650
vn -0.7469 -0.2576 -0.6130
vn 0.1649 0.9656 0.2009
vn 0.4497 0.7054 0.5479
vn 0.6130 0.2576 0.7469
vn -0.6130 -0.2577 -0.7469
vn -0.4555 0.2577 -0.8521
vn 0.4555 0.2577 0.8522
vn -0.2805 0.2576 -0.9246
vn 0.2057 0.7054 0.6783
vn 0.0255 -0.9656 0.2588
vn -0.0947 0.2577 0.9616
vn -0.0255 -0.9656 0.2588
vn 0.0947 -0.2577 -0.9616
vn -0.0917 0.3543 -0.9306
vn -0.0566 0.8165 -0.5746
vn -0.0182 0.9825 -0.1852
vn 0.0182 0.9825 0.1853
vn 0.0566 0.8165 0.5746
vn 0.0917 0.3543 0.9306
vn 0.0917 -0.3543 0.9306
vn 0.0566 -0.8165 0.5746
vn 0.0182 -0.9825 0.1852
vn -0.0182 -0.9825 -0.1853
vn -0.0566 -0.8165 -0.5746
vn -0.0917 -0.3543 -0.9306
vn -0.4443 0.0000 -0.8959
vn -0.8692 0.0000 -0.4945
vn -0.9960 0.0000 -0.0890
vn -0.9595 0.0000 0.2816
vn -0.7560 0.0000 0.6546
vn -0.2609 0.0000 0.9654
vn 0.4442 0.0000 0.8959
vn 0.8692 0.0000 0.4945
vn 0.9960 0.0000 0.0890
vn 0.9595 0.0000 -0.2816
vn 0.7560 0.0000 -0.6546
vn 0.2610 0.0000 -0.9653
vn 0.0182 -0.9825 0.1853
vn 0.0917 -0.3544 0.9306
vn -0.0182 0.9825 -0.1853
vn -0.0917 0.3544 -0.9306
vn 0.4443 0.0000 0.8959
vn -0.2610 0.0000 0.9653
vn -0.2715 0.3544 -0.8948
vn -0.1676 0.8165 -0.5525
vn -0.0540 0.9825 -0.1781
vn 0.0540 0.9825 0.1782
vn 0.1676 0.8165 0.5525
vn 0.2714 0.3543 0.8949
vn 0.2715 -0.3544 0.8948
vn 0.1676 -0.8165 0.5525
vn 0.0540 -0.9825 0.1782
vn -0.0540 -0.9825 -0.1781
vn -0.1676 -0.8165 -0.5525
vn -0.2714 -0.3543 -0.8949
vn 0.0677 0.0000 -0.9977
vn 0.6138 0.0000 -0.7895
vn 0.8862 0.0000 -0.4633
vn 0.9943 0.0000 -0.1071
vn 0.9489 0.0000 0.3155
vn 0.6105 0.0000 0.7920
vn -0.0676 0.0000 0.9977
vn -0.6137 0.0000 0.7895
vn -0.8862 0.0000 0.4633
vn -0.9943 0.0000 0.1071
vn -0.9489 0.0000 -0.3155
vn -0.6105 0.0000 -0.7920
vn -0.2715 -0.3543 -0.8948
vn 0.0540 -0.9825 0.1781
vn 0.2714 -0.3544 0.8948
vn 0.0540 0.9825 0.1781
vn -0.6106 0.0000 -0.7920
vn -0.8862 0.0000 0.4634
vn -0.6138 0.0000 0.7895
vn 0.0255 0.9656 0.2588
vn -0.0947 -0.2577 -0.9616
vn 0.0947 -0.2577 0.9616
vn 0.2805 0.2576 0.9246
vn -0.0755 0.9656 -0.2487
vn -0.2057 0.7054 -0.6783
vn 0.1226 0.9656 0.2292
vn 0.1649 -0.9656 0.2009
vn 0.6130 -0.2577 0.7469
vn 0.7469 0.2576 0.6130
vn 0.5479 0.7054 0.4496
vn 0.5479 -0.7054 0.4496
vn -0.8521 0.2577 -0.4555
vn 0.2488 0.9656 0.0754
vn -0.9246 0.2577 -0.2805
vn -0.9246 -0.2577 -0.2805
vn -0.6783 -0.7054 -0.2057
vn 0.6783 -0.7054 0.2057
vn 0.9616 0.2576 0.0947
vn -0.9616 0.2577 -0.0947
vn 0.2588 -0.9656 0.0255
vn 0.9246 0.2576 -0.2805
vn 0.6783 0.7054 -0.2057
vn -0.9246 0.2576 0.2805
vn 0.9246 -0.2576 -0.2805
vn -0.2293 0.9656 0.1226
vn -0.8521 -0.2576 0.4555
vn 0.5479 0.7054 -0.4496
vn -0.7469 -0.2577 0.6130
vn 0.5480 -0.7054 -0.4497
vn -0.6130 0.2576 0.7469
vn -0.6130 -0.2576 0.7469
vn -0.1649 -0.9656 0.2009
vn 0.2805 -0.2577 -0.9246
vn 0.0947 0.2576 -0.9616
vn -0.0947 -0.2576 0.9616
vn 0.0755 0.9656 0.2487
vn -0.6130 0.2577 -0.7469
vn -0.5479 0.7054 -0.4496
vn 0.2010 -0.9656 0.1649
vn -0.5479 -0.7054 -0.4496
vn -0.8522 0.2577 -0.4555
vn -0.6251 0.7054 -0.3342
vn -0.8522 -0.2576 -0.4555
vn 0.6783 0.7054 0.2057
vn 0.9246 0.2576 0.2805
vn -0.2588 -0.9656 -0.0255
vn 0.6251 0.7054 -0.3342
vn 0.8521 -0.2576 -0.4555
vn -0.8522 -0.2577 0.4555
vn -0.5479 0.7054 0.4496
vn -0.2010 0.9656 0.1650
vn 0.6130 -0.2576 -0.7469
vn 0.1649 -0.9656 -0.2009
vn -0.0755 0.9656 0.2487
vn 0.2805 0.2577 -0.9246
vn 0.0255 -0.9656 -0.2588
vn -0.4408 0.3543 -0.8247
vn -0.2722 0.8165 -0.5092
vn -0.0878 0.9825 -0.1642
vn 0.0878 0.9825 0.1642
vn 0.2722 0.8165 0.5092
vn 0.4408 0.3544 0.8247
vn 0.4408 -0.3544 0.8247
vn 0.2722 -0.8165 0.5091
vn 0.0878 -0.9825 0.1642
vn -0.0878 -0.9825 -0.1642
vn -0.2722 -0.8165 -0.5092
vn -0.4408 -0.3544 -0.8247
vn -0.1283 0.0000 -0.9917
vn 0.4480 0.0000 -0.8941
vn 0.7787 0.0000 -0.6273
vn 0.9543 0.0000 -0.2990
vn 0.9922 0.0000 0.1243
vn 0.7533 0.0000 0.6577
vn 0.1283 0.0000 0.9917
vn -0.4479 0.0000 0.8941
vn -0.7787 0.0000 0.6273
vn -0.9543 0.0000 0.2990
vn -0.9922 0.0000 -0.1243
vn -0.7533 0.0000 -0.6576
vn -0.0877 -0.9825 -0.1642
vn 0.0877 -0.9825 0.1641
vn 0.2722 -0.8165 0.5092
vn 0.4408 -0.3543 0.8247
vn -0.0877 0.9825 -0.1642
vn -0.7533 0.0000 -0.6577
vn 0.4479 0.0000 -0.8941
vn -0.1282 0.0000 -0.9917
vn -0.5932 0.3544 -0.7228
vn -0.3663 0.8165 -0.4463
vn -0.1181 0.9825 -0.1439
vn 0.1181 0.9825 0.1439
vn 0.3663 0.8165 0.4463
vn 0.5932 0.3543 0.7229
vn 0.5932 -0.3544 0.7229
vn 0.3663 -0.8165 0.4463
vn 0.1181 -0.9825 0.1439
vn -0.1181 -0.9825 -0.1439
vn -0.3662 -0.8165 -0.4463
vn -0.5932 -0.3544 -0.7228
vn -0.3193 0.0000 -0.9476
vn 0.2649 0.0000 -0.9643
vn 0.6414 0.0000 -0.7672
vn 0.8776 0.0000 -0.4794
vn 0.9974 0.0000 -0.0717
vn 0.8672 0.0000 0.4980
vn 0.3193 0.0000 0.9476
vn -0.2649 0.0000 0.9643
vn -0.6414 0.0000 0.7672
vn -0.8776 0.0000 0.4794
vn -0.9974 0.0000 0.0717
vn -0.8671 0.0000 -0.4981
vn -0.5932 -0.3544 -0.7229
vn -0.3663 -0.8165 -0.4463
vn 0.5932 -0.3544 0.7228
vn 0.5932 0.3544 0.7229
vn -0.5932 0.3544 -0.7229
vn -0.8672 0.0000 -0.4980
vn 0.3193 0.0000 0.9477
vn -0.7228 0.3544 -0.5932
vn -0.4463 0.8165 -0.3663
vn -0.1439 0.9825 -0.1181
vn 0.1439 0.9825 0.1181
vn 0.4463 0.8165 0.3663
vn 0.7228 0.3544 0.5932
vn 0.7228 -0.3544 0.5932
vn 0.4463 -0.8165 0.3663
vn 0.1439 -0.9825 0.1181
vn -0.1439 -0.9825 -0.1181
vn -0.4463 -0.8165 -0.3663
vn -0.7228 -0.3544 -0.5932
vn -0.4980 0.0000 -0.8672
vn 0.0717 0.0000 -0.9974
vn 0.4794 0.0000 -0.8776
vn 0.7672 0.0000 -0.6414
vn 0.9643 0.0000 -0.2649
vn 0.9477 0.0000 0.3193
vn 0.4981 0.0000 0.8671
vn -0.0717 0.0000 0.9974
vn -0.4794 0.0000 0.8776
vn -0.7672 0.0000 0.6414
vn -0.9643 0.0000 0.2649
vn -0.9477 0.0000 -0.3193
vn 0.7229 -0.3544 0.5932
vn -0.7229 0.3543 -0.5932
vn -0.0716 0.0000 0.9974
vn 0.4980 0.0000 0.8672
vn -0.8247 0.3544 -0.4408
vn -0.5092 0.8165 -0.2722
vn -0.1642 0.9825 -0.0877
vn 0.1642 0.9825 0.0878
vn 0.5092 0.8165 0.2721
vn 0.8247 0.3543 0.4408
vn 0.8247 -0.3543 0.4408
vn 0.5092 -0.8165 0.2722
vn 0.1642 -0.9825 0.0877
vn -0.1642 -0.9825 -0.0877
vn -0.5091 -0.8165 -0.2722
vn -0.8247 -0.3543 -0.4408
vn -0.6577 0.0000 -0.7533
vn -0.1243 0.0000 -0.9922
vn 0.2990 0.0000 -0.9543
vn 0.6273 0.0000 -0.7788
vn 0.8941 0.0000 -0.4479
vn 0.9917 0.0000 0.1283
vn 0.6577 0.0000 0.7533
vn 0.1243 0.0000 0.9922
vn -0.2990 0.0000 0.9543
vn -0.6273 0.0000 0.7787
vn -0.8941 0.0000 0.4479
vn -0.9917 0.0000 -0.1283
vn -0.5092 -0.8165 -0.2721
vn 0.8247 0.3544 0.4408
vn 0.5092 0.8165 0.2722
vn 0.1642 0.9825 0.0877
vn -0.6273 0.0000 0.7788
vn 0.6273 0.0000 -0.7787
vn -0.8949 0.3543 -0.2715
vn -0.5525 0.8165 -0.1676
vn -0.1781 0.9825 -0.0540
vn 0.1781 0.9825 0.0541
vn 0.5525 0.8165 0.1676
vn 0.8948 0.3544 0.2715
vn 0.8948 -0.3544 0.2714
vn 0.5525 -0.8165 0.1676
vn 0.1782 -0.9825 0.0540
vn -0.1781 -0.9825 -0.0540
vn -0.5525 -0.8165 -0.1676
vn -0.8948 -0.3543 -0.2715
vn -0.7920 0.0000 -0.6105
vn -0.3155 0.0000 -0.9489
vn 0.1071 0.0000 -0.9943
vn 0.4634 0.0000 -0.8862
vn 0.7895 0.0000 -0.6137
vn 0.9977 0.0000 -0.0676
vn 0.7920 0.0000 0.6105
vn 0.3155 0.0000 0.9489
vn -0.1071 0.0000 0.9943
vn -0.4633 0.0000 0.8862
vn -0.7895 0.0000 0.6137
vn -0.9977 0.0000 0.0676
vn -0.8948 -0.3544 -0.2714
vn 0.1781 -0.9825 0.0540
vn 0.8948 -0.3544 0.2715
vn 0.8948 0.3543 0.2715
vn 0.1781 0.9825 0.0540
vn -0.8949 0.3543 -0.2714
vn -0.9306 0.3543 -0.0917
vn -0.5745 0.8165 -0.0566
vn -0.1853 0.9825 -0.0182
vn 0.1853 0.9825 0.0182
vn 0.5746 0.8165 0.0566
vn 0.9306 0.3544 0.0917
vn 0.9306 -0.3544 0.0917
vn 0.5746 -0.8165 0.0566
vn 0.1853 -0.9825 0.0182
vn -0.1853 -0.9825 -0.0182
vn -0.5746 -0.8165 -0.0566
vn -0.9306 -0.3544 -0.0917
vn -0.8959 0.0000 -0.4443
vn -0.4945 0.0000 -0.8692
vn -0.0890 0.0000 -0.9960
vn 0.2816 0.0000 -0.9595
vn 0.6546 0.0000 -0.7560
vn 0.9653 0.0000 -0.2610
vn 0.8959 0.0000 0.4443
vn 0.4945 0.0000 0.8692
vn 0.0890 0.0000 0.9960
vn -0.2816 0.0000 0.9595
vn -0.6546 0.0000 0.7560
vn -0.9653 0.0000 0.2610
vn -0.1852 -0.9825 -0.0182
vn 0.1852 -0.9825 0.0182
vn 0.9306 -0.3543 0.0917
vn 0.1852 0.9825 0.0182
vn -0.5746 0.8165 -0.0566
vn -0.9306 0.3544 0.0917
vn -0.5746 0.8165 0.0566
vn -0.1853 0.9825 0.0182
vn 0.1853 0.9825 -0.0182
vn 0.5746 0.8165 -0.0566
vn 0.9306 0.3543 -0.0917
vn 0.9306 -0.3544 -0.0917
vn 0.5746 -0.8165 -0.0566
vn 0.1853 -0.9825 -0.0182
vn -0.1853 -0.9825 0.0182
vn -0.5746 -0.8165 0.0566
vn -0.9306 -0.3543 0.0917
vn -0.9653 0.0000 -0.2610
vn -0.6546 0.0000 -0.7560
vn -0.2816 0.0000 -0.9595
vn 0.0890 0.0000 -0.9960
vn 0.4945 0.0000 -0.8692
vn 0.8959 -0.0000 -0.4443
vn 0.9653 0.0000 0.2610
vn 0.6546 -0.0000 0.7560
vn 0.2816 -0.0000 0.9595
vn -0.0890 0.0000 0.9960
vn -0.4945 -0.0000 0.8692
vn -0.8959 0.0000 0.4443
vn -0.9306 -0.3544 0.0917
vn -0.5745 -0.8165 0.0566
vn -0.1852 -0.9825 0.0182
vn 0.1852 -0.9825 -0.0182
vn 0.9306 -0.3545 -0.0917
vn 0.9306 0.3544 -0.0917
vn 0.1852 0.9825 -0.0182
vn -0.1852 0.9825 0.0182
vn 0.0889 0.0000 -0.9960
vn -0.8948 0.3544 0.2715
vn -0.5525 0.8165 0.1676
vn -0.1781 0.9825 0.0540
vn 0.1781 0.9825 -0.0540
vn 0.5525 0.8165 -0.1676
vn 0.8948 0.3544 -0.2715
vn 0.8948 -0.3543 -0.2714
vn 0.5525 -0.8165 -0.1676
vn 0.1781 -0.9825 -0.0541
vn -0.1781 -0.9825 0.0540
vn -0.5525 -0.8165 0.1676
vn -0.8948 -0.3544 0.2715
vn -0.9977 0.0000 -0.0676
vn -0.7895 0.0000 -0.6137
vn -0.4633 0.0000 -0.8862
vn -0.1071 0.0000 -0.9943
vn 0.3155 0.0000 -0.9489
vn 0.7920 0.0000 -0.6105
vn 0.9977 0.0000 0.0676
vn 0.7895 0.0000 0.6137
vn 0.4634 0.0000 0.8862
vn 0.1071 0.0000 0.9943
vn -0.3155 0.0000 0.9489
vn -0.7920 0.0000 0.6105
vn -0.8948 -0.3544 0.2714
vn 0.1781 -0.9825 -0.0540
vn 0.8949 -0.3543 -0.2714
vn -0.8948 0.3543 0.2714
vn -0.7920 0.0000 0.6106
vn 0.1071 0.0000 0.9942
vn 0.7920 0.0000 -0.6106
vn -0.8247 0.3543 0.4408
vn -0.5092 0.8165 0.2722
vn -0.1642 0.9825 0.0877
vn 0.1642 0.9825 -0.0878
vn 0.5092 0.8165 -0.2722
vn 0.8247 0.3543 -0.4408
vn 0.8247 -0.3543 -0.4408
vn 0.5092 -0.8165 -0.2722
vn 0.1642 -0.9825 -0.0878
vn -0.1642 -0.9825 0.0878
vn -0.5092 -0.8165 0.2721
vn -0.8247 -0.3544 0.4408
vn -0.9917 0.0000 0.1283
vn -0.8941 0.0000 -0.4479
vn -0.6273 0.0000 -0.7788
vn -0.2990 0.0000 -0.9543
vn 0.1243 0.0000 -0.9922
vn 0.6577 0.0000 -0.7533
vn 0.9917 0.0000 -0.1283
vn 0.8941 0.0000 0.4479
vn 0.6273 0.0000 0.7787
vn 0.2990 0.0000 0.9543
vn -0.1243 0.0000 0.9922
vn -0.6577 0.0000 0.7533
vn -0.5092 -0.8165 0.2722
vn -0.1642 -0.9825 0.0877
vn 0.1642 -0.9825 -0.0877
vn 0.8247 -0.3544 -0.4408
vn 0.1642 0.9825 -0.0877
vn 0.6273 0.0000 0.7788
vn -0.7229 0.3543 0.5932
vn -0.4463 0.8165 0.3663
vn -0.1439 0.9825 0.1181
vn 0.1439 0.9825 -0.1181
vn 0.4463 0.8165 -0.3663
vn 0.7228 0.3544 -0.5933
vn 0.7229 -0.3543 -0.5932
vn 0.4463 -0.8165 -0.3663
vn 0.1439 -0.9825 -0.1181
vn -0.1439 -0.9825 0.1181
vn -0.4463 -0.8165 0.3663
vn -0.7228 -0.3544 0.5932
vn -0.9477 0.0000 0.3193
vn -0.9643 0.0000 -0.2649
vn -0.7672 0.0000 -0.6414
vn -0.4794 0.0000 -0.8776
vn -0.0717 0.0000 -0.9974
vn 0.4980 0.0000 -0.8672
vn 0.9477 0.0000 -0.3193
vn 0.9643 0.0000 0.2649
vn 0.7672 0.0000 0.6414
vn 0.4794 0.0000 0.8776
vn 0.0717 0.0000 0.9974
vn -0.4980 0.0000 0.8672
vn 0.7228 -0.3544 -0.5932
vn 0.7228 0.3544 -0.5932
vn 0.1439 0.9825 -0.1180
vn -0.7228 0.3543 0.5932
vn 0.0716 0.0000 0.9974
vn 0.4981 0.0000 -0.8671
vn -0.5932 0.3544 0.7229
vn -0.3663 0.8165 0.4463
vn -0.1181 0.9825 0.1439
vn 0.1181 0.9825 -0.1439
vn 0.3663 0.8165 -0.4463
vn 0.5932 0.3544 -0.7228
vn 0.5932 -0.3544 -0.7229
vn 0.3663 -0.8165 -0.4463
vn 0.1181 -0.9825 -0.1439
vn -0.1181 -0.9825 0.1439
vn -0.3663 -0.8165 0.4463
vn -0.5932 -0.3544 0.7228
vn -0.8671 0.0000 0.4981
vn -0.9974 0.0000 -0.0717
vn -0.8776 0.0000 -0.4794
vn -0.6414 0.0000 -0.7672
vn -0.2649 0.0000 -0.9643
vn 0.3193 0.0000 -0.9477
vn 0.8672 0.0000 -0.4980
vn 0.9974 0.0000 0.0717
vn 0.8776 0.0000 0.4794
vn 0.6414 0.0000 0.7672
vn 0.2648 0.0000 0.9643
vn -0.3193 0.0000 0.9476
vn -0.3663 -0.8165 0.4464
vn 0.5932 0.3544 -0.7229
vn -0.3193 0.0000 0.9477
vn -0.4408 0.3544 0.8247
vn -0.2722 0.8165 0.5092
vn -0.0878 0.9825 0.1642
vn 0.0878 0.9825 -0.1642
vn 0.2722 0.8165 -0.5092
vn 0.4408 0.3543 -0.8247
vn 0.4408 -0.3544 -0.8247
vn 0.2722 -0.8165 -0.5091
vn 0.0878 -0.9825 -0.1642
vn -0.0878 -0.9825 0.1642
vn -0.2722 -0.8165 0.5091
vn -0.4408 -0.3543 0.8247
vn -0.7533 0.0000 0.6577
vn -0.9922 0.0000 0.1243
vn -0.9543 0.0000 -0.2990
vn -0.7787 0.0000 -0.6273
vn -0.4479 0.0000 -0.8941
vn 0.1283 0.0000 -0.9917
vn 0.7533 0.0000 -0.6577
vn 0.9922 0.0000 -0.1243
vn 0.9543 0.0000 0.2990
vn 0.7788 0.0000 0.6273
vn 0.4479 0.0000 0.8941
vn -0.1282 0.0000 0.9917
vn -0.2722 -0.8165 0.5092
vn -0.0877 -0.9825 0.1642
vn 0.0877 -0.9825 -0.1642
vn 0.2722 -0.8165 -0.5092
vn 0.0877 0.9825 -0.1641
vn -0.0877 0.9825 0.1641
vn -0.4408 0.3543 0.8247
vn -0.1283 0.0000 0.9917
vn 0.7787 0.0000 0.6273
vn 0.1284 0.0000 -0.9917
vn -0.2714 0.3543 0.8949
vn -0.1676 0.8165 0.5525
vn -0.0540 0.9825 0.1781
vn 0.0540 0.9825 -0.1782
vn 0.1676 0.8165 -0.5525
vn 0.2714 0.3543 -0.8949
vn 0.2714 -0.3543 -0.8949
vn 0.1676 -0.8165 -0.5525
vn 0.0540 -0.9825 -0.1781
vn -0.0540 -0.9825 0.1781
vn -0.1676 -0.8165 0.5525
vn -0.2714 -0.3544 0.8948
vn -0.6105 0.0000 0.7920
vn -0.9489 0.0000 0.3155
vn -0.9943 0.0000 -0.1071
vn -0.8862 0.0000 -0.4634
vn -0.6138 0.0000 -0.7895
vn -0.0677 0.0000 -0.9977
vn 0.6105 0.0000 -0.7920
vn 0.9489 0.0000 -0.3155
vn 0.9943 0.0000 0.1071
vn 0.8862 0.0000 0.4634
vn 0.6138 0.0000 0.7895
vn 0.0677 0.0000 0.9977
vn -0.2715 -0.3544 0.8948
vn 0.2715 -0.3543 -0.8949
vn 0.2714 0.3544 -0.8948
vn 0.0540 0.9825 -0.1781
vn -0.0676 0.0000 -0.9977
vn -0.6137 0.0000 -0.7895
vn -0.6106 0.0000 0.7919
vn -0.0917 0.3543 0.9306
vn -0.0566 0.8165 0.5746
vn -0.0182 0.9825 0.1852
vn 0.0182 0.9825 -0.1853
vn 0.0566 0.8165 -0.5746
vn 0.0917 0.3544 -0.9306
vn 0.0917 -0.3543 -0.9306
vn 0.0566 -0.8165 -0.5745
vn 0.0182 -0.9825 -0.1852
vn -0.0182 -0.9825 0.1852
vn -0.0566 -0.8165 0.5745
vn -0.0917 -0.3543 0.9306
vn -0.4442 0.0000 0.8959
vn -0.8692 0.0000 0.4945
vn -0.9960 0.0000 0.0890
vn -0.9595 0.0000 -0.2816
vn -0.7560 0.0000 -0.6546
vn -0.2609 0.0000 -0.9654
vn 0.4443 0.0000 -0.8959
vn 0.8691 0.0000 -0.4946
vn 0.9960 0.0000 -0.0890
vn 0.9595 0.0000 0.2816
vn 0.7560 0.0000 0.6546
vn 0.2609 0.0000 0.9654
vn -0.0566 -0.8165 0.5746
vn 0.0566 -0.8165 -0.5746
vn 0.0917 0.3543 -0.9306
vn -0.0182 0.9825 0.1853
vn 0.2610 0.0000 0.9653
vn 0.8692 0.0000 -0.4945
vn -0.2610 0.0000 -0.9653
vn -0.4443 -0.0000 0.8959
vn -0.0566 -0.8165 -0.5745
vn 0.8691 0.0000 0.4946
vn -0.0182 -0.9825 -0.1852
vn -0.0566 0.8165 -0.5745
vn 0.2609 0.0000 -0.9654
vn -0.2611 0.0000 0.9653
vn 0.2715 0.3544 0.8948
vn -0.2714 0.3543 -0.8948
vn -0.2715 -0.3544 -0.8948
vn 0.2714 -0.3543 0.8949
vn -0.0677 0.0000 0.9977
vn 0.0676 0.0000 -0.9977
vn 0.6137 0.0000 -0.7895
vn -0.2714 0.3543 -0.8949
vn 0.2714 0.3543 0.8948
vn 0.8862 0.0000 -0.4634
vn 0.4408 0.3543 0.8247
vn -0.1284 0.0000 -0.9917
vn 0.7788 0.0000 -0.6273
vn 0.0877 -0.9825 0.1642
vn -0.0877 -0.9825 -0.1641
vn -0.4408 -0.3543 -0.8247
vn -0.4408 0.3544 -0.8247
vn -0.0877 0.9825 -0.1641
vn 0.0877 0.9825 0.1642
vn 0.5932 0.3544 0.7228
vn -0.3193 0.0000 -0.9477
vn 0.8671 0.0000 0.4981
vn 0.7229 -0.3543 0.5932
vn -0.4981 0.0000 -0.8671
vn -0.7229 -0.3544 -0.5932
vn -0.7228 0.3543 -0.5932
vn -0.1642 0.9825 -0.0878
vn -0.8247 0.3543 -0.4408
vn -0.1642 -0.9825 -0.0878
vn -0.6274 0.0000 0.7787
vn -0.1243 0.0000 -0.9923
vn 0.1642 -0.9825 0.0878
vn -0.5092 -0.8165 -0.2722
vn 0.8948 0.3544 0.2714
vn 0.1782 0.9825 0.0540
vn -0.8948 0.3544 -0.2714
vn -0.8949 -0.3543 -0.2715
vn -0.4634 0.0000 0.8862
vn 0.4633 0.0000 -0.8862
vn -0.8949 0.3544 -0.2714
vn -0.1781 0.9825 -0.0541
vn 0.7895 -0.0000 -0.6138
vn 0.9306 0.3543 0.0917
vn 0.5745 0.8165 0.0566
vn -0.1853 0.9825 -0.0183
vn -0.9306 0.3543 -0.0916
vn -0.1852 -0.9825 -0.0183
vn 0.1853 -0.9825 0.0183
vn 0.5745 -0.8165 0.0566
vn -0.1852 0.9825 -0.0182
vn -0.9306 0.3544 0.0916
vn -0.1853 -0.9825 0.0183
vn 0.1853 -0.9825 -0.0183
vn 0.5745 -0.8165 -0.0566
vn 0.9306 -0.3543 -0.0917
vn -0.9306 0.3543 0.0917
vn 0.8948 0.3544 -0.2714
vn -0.1781 0.9825 0.0541
vn -0.8949 0.3543 0.2714
vn -0.8948 -0.3543 0.2714
vn 0.1782 -0.9825 -0.0540
vn 0.8948 -0.3544 -0.2715
vn -0.4634 0.0000 -0.8862
vn 0.8948 -0.3544 -0.2714
vn -0.7895 0.0000 -0.6138
vn 0.1070 0.0000 0.9943
vn 0.7895 0.0000 0.6138
vn 0.5092 0.8165 -0.2721
vn -0.1642 0.9825 0.0878
vn -0.8247 0.3544 0.4408
vn -0.5091 -0.8165 0.2722
vn -0.6273 0.0000 -0.7787
vn -0.8247 -0.3543 0.4408
vn 0.8247 0.3544 -0.4408
vn -0.1243 0.0000 0.9923
vn 0.7229 0.3543 -0.5932
vn -0.4463 0.8165 0.3662
vn -0.7229 -0.3543 0.5932
vn 0.7229 -0.3544 -0.5932
vn -0.0716 0.0000 -0.9974
vn -0.4981 0.0000 0.8671
vn -0.5932 0.3544 0.7228
vn -0.5932 -0.3544 0.7229
vn 0.5932 -0.3544 -0.7228
vn 0.8671 0.0000 -0.4981
vn 0.2649 0.0000 0.9643
vn -0.8672 0.0000 0.4980
vn -0.2648 0.0000 -0.9643
vn 0.3193 0.0000 -0.9476
vn -0.4408 -0.3544 0.8247
vn 0.4408 -0.3543 -0.8247
vn -0.0877 -0.9825 0.1641
vn -0.0877 0.9825 0.1642
vn 0.0877 0.9825 -0.1642
vn -0.1284 0.0000 0.9917
vn 0.2715 0.3544 -0.8948
vn -0.0540 0.9825 0.1782
vn -0.2715 0.3544 0.8948
vn -0.1676 -0.8165 0.5524
vn -0.0540 -0.9825 0.1782
vn 0.0540 -0.9825 -0.1782
vn 0.2715 -0.3544 -0.8948
vn 0.0676 0.0000 0.9977
vn -0.2714 -0.3543 0.8949
vn -0.2714 0.3544 0.8948
vn 0.2715 0.3543 -0.8949
vn -0.0675 0.0000 -0.9977
vn -0.8862 0.0000 -0.4633
vn 0.6137 0.0000 0.7895
vn 0.6106 0.0000 -0.7919
vn 0.0182 0.9825 -0.1852
vn -0.0182 -0.9825 0.1854
vn 0.0182 -0.9825 -0.1853
vn 0.7559 0.0000 0.6546
vn 0.2611 0.0000 0.9653
vn -0.2611 0.0000 -0.9653
vn -0.3341 0.7054 0.6252
vn 0.4496 0.7054 -0.5479
vn 0.2010 0.9656 -0.1650
vn -0.7469 0.2577 0.6130
vn -0.5479 -0.7054 0.4496
vn 0.8522 0.2576 -0.4555
vn 0.2293 0.9656 -0.1225
vn -0.8522 0.2577 0.4555
vn 0.2293 0.9656 0.1225
vn 0.7469 -0.2577 0.6129
vn 0.4555 0.2576 0.8522
vn -0.4555 -0.2577 -0.8522
vn 0.3341 -0.7054 0.6252
vn -0.2805 -0.2576 -0.9246
vn 0.2805 -0.2576 0.9246
vn -0.0947 0.2577 -0.9616
vn -0.0255 0.9656 0.2588
vn -0.6251 -0.7054 0.3342
vn 0.9247 0.2576 -0.2805
vn 0.6783 -0.7054 -0.2057
vn -0.9616 -0.2577 -0.0947
vn -0.2293 0.9656 -0.1225
vn -0.1649 -0.9656 -0.2009
vn -0.4555 0.2576 -0.8522
vn 0.4555 -0.2577 0.8522
vn -0.0255 0.9656 -0.2588
vn 0.0947 0.2577 0.9616
vn 0.0182 0.9825 0.1852
vn -0.8691 0.0000 -0.4946
vn 0.2611 0.0000 -0.9653
vn 0.0566 -0.8166 0.5745
vn -0.0916 0.3543 -0.9306
vn -0.1676 -0.8165 -0.5524
vn 0.0675 0.0000 -0.9977
vn -0.6106 0.0000 -0.7919
vn 0.2715 -0.3543 0.8949
vn -0.2715 0.3543 -0.8949
vn -0.0255 -0.9656 -0.2588
vn -0.0755 -0.9656 -0.2489
vn 0.2010 0.9656 0.1650
vn 0.8521 0.2576 0.4555
vn -0.8521 -0.2576 -0.4555
vn 0.6251 -0.7054 0.3342
vn 0.1226 0.9656 -0.2292
vn 0.2058 0.7054 -0.6782
vn -0.2057 0.7054 0.6783
vn 0.0255 0.9656 -0.2588
vn -0.2010 0.9656 -0.1650
vn -0.4555 0.2577 0.8522
vn -0.1226 0.9656 0.2292
vn 0.0755 0.9656 -0.2487
vn 0.2057 0.7054 -0.6783
vn 0.0878 0.9825 0.1641
vn -0.2722 -0.8165 -0.5091
vn -0.7788 0.0000 0.6273
vn 0.2648 0.0000 -0.9643
vn 0.1181 -0.9825 0.1438
vn 0.3663 -0.8165 0.4464
vn -0.7229 -0.3543 -0.5932
vn -0.5092 0.8165 -0.2721
vn 0.5092 -0.8165 0.2721
vn -0.8247 -0.3544 -0.4408
vn 0.6274 0.0000 -0.7787
vn 0.8247 -0.3544 0.4408
vn 0.8948 -0.3543 0.2715
vn -0.8948 0.3544 -0.2715
vn -0.7895 0.0000 0.6138
vn -0.9306 0.3544 -0.0917
vn -0.1853 -0.9825 -0.0183
vn -0.9306 -0.3543 -0.0917
vn -0.5745 -0.8165 -0.0566
vn -0.9306 0.3545 -0.0917
vn -0.5745 0.8165 0.0566
vn -0.9306 -0.3545 0.0917
vn 0.1853 0.9825 -0.0183
vn -0.8948 0.3544 0.2714
vn 0.8949 0.3543 -0.2715
vn -0.1781 -0.9825 0.0541
vn -0.8949 -0.3543 0.2714
vn 0.2989 0.0000 0.9543
vn 0.6274 0.0000 0.7787
vn 0.1242 0.0000 -0.9923
vn -0.6274 0.0000 -0.7787
vn -0.7228 0.3544 0.5932
vn 0.7229 0.3544 -0.5932
vn -0.4463 -0.8165 0.3662
vn -0.7228 -0.3543 0.5932
vn 0.5932 0.3543 -0.7229
vn 0.0878 0.9825 -0.1641
vn -0.7788 0.0000 -0.6273
vn 0.4408 0.3544 -0.8247
vn -0.6106 0.0000 0.7920
vn 0.0675 0.0000 0.9977
vn 0.8862 0.0000 0.4633
vn -0.0182 -0.9825 0.1853
vn -0.8691 0.0000 0.4946
vn -0.0917 0.3544 0.9306
vn 0.4442 -0.0000 -0.8959
vn -0.2608 0.0000 -0.9654
vn -0.0917 -0.3544 -0.9306
vn 0.0566 -0.8165 0.5745
vn 0.2608 -0.0000 -0.9654
vn 0.0917 0.3544 0.9306
vn 0.1676 -0.8165 0.5524
vn -0.0675 0.0000 0.9977
vn 0.6106 0.0000 0.7919
vn 0.2715 0.3543 0.8948
vn 0.6106 0.0000 0.7920
vn -0.0878 0.9825 -0.1641
vn 0.0878 -0.9825 0.1641
vn 0.0877 0.9825 0.1641
vn -0.2648 0.0000 0.9643
vn 0.7229 0.3543 0.5932
vn -0.7229 0.3544 -0.5932
vn -0.8948 -0.3543 -0.2714
vn 0.7920 0.0000 0.6106
vn 0.1853 0.9825 0.0183
vn 0.9306 0.3544 0.0916
vn 0.1781 0.9825 -0.0541
vn -0.8949 -0.3543 0.2715
vn 0.4633 0.0000 0.8862
vn -0.5092 0.8165 0.2721
vn 0.5091 -0.8165 -0.2721
vn -0.6576 0.0000 0.7533
vn 0.1243 0.0000 -0.9923
vn 0.5091 -0.8165 -0.2722
vn -0.5091 0.8165 0.2722
vn -0.7229 0.3544 0.5932
vn -0.1181 0.9825 0.1440
vn -0.0878 0.9825 0.1641
vn 0.1282 0.0000 -0.9917
vn 0.0877 -0.9825 -0.1641
vn 0.1676 -0.8166 -0.5524
vn 0.2715 -0.3543 -0.8948
vn 0.6106 0.0000 -0.7920
vn 0.0566 -0.8166 -0.5745
vn 0.2608 -0.0000 0.9654
usemtl None
s off
f 1/1/1 24/2/1 12/3/1
f 2/4/2 13/5/2 1/6/2
f 15/7/3 2/4/3 3/8/3
f 16/9/4 3/8/4 4/10/4
f 17/11/5 4/10/5 5/12/5
f 18/13/6 5/12/6 6/14/6
f 19/15/7 6/14/7 7/16/7
f 20/17/8 7/16/8 8/18/8
f 21/19/9 8/18/9 9/20/9
f 10/21/10 21/19/10 9/20/10
f 23/22/11 10/21/11 11/23/11
f 24/2/12 11/23/12 12/3/12
f 25/24/13 24/2/13 13/25/13
f 14/26/14 25/27/14 13/5/14
f 27/28/15 14/26/15 15/7/15
f 28/29/16 15/7/16 16/9/16
f 17/11/17 28/29/17 16/9/17
f 30/30/18 17/11/18 18/13/18
f 31/31/19 18/13/19 19/15/19
f 32/32/20 19/15/20 20/17/20
f 21/19/21 32/32/21 20/17/21
f 22/33/22 33/34/22 21/19/22
f 35/35/23 22/33/23 23/22/23
f 36/36/24 23/22/24 24/2/24
f 25/24/25 48/37/25 36/36/25
f 26/38/26 37/39/26 25/27/26
f 39/40/27 26/38/27 27/28/27
f 40/41/28 27/28/28 28/29/28
f 29/42/29 40/41/29 28/29/29
f 42/43/30 29/42/30 30/30/30
f 43/44/31 30/30/31 31/31/31
f 44/45/32 31/31/32 32/32/32
f 33/34/33 44/45/33 32/32/33
f 34/46/34 45/47/34 33/34/34
f 47/48/35 34/46/35 35/35/35
f 48/37/36 35/35/36 36/36/36
f 49/49/37 48/37/37 37/50/37
f 50/51/38 37/39/38 38/52/38
f 39/40/39 50/51/39 38/52/39
f 40/41/40 51/53/40 39/40/40
f 53/54/41 40/41/41 41/55/41
f 54/56/42 41/55/42 42/43/42
f 43/44/43 54/56/43 42/43/43
f 56/57/44 43/44/44 44/45/44
f 57/58/45 44/45/45 45/47/45
f 58/59/46 45/47/46 46/60/46
f 59/61/47 46/60/47 47/48/47
f 48/37/48 59/61/48 47/48/48
f 49/49/49 72/62/49 60/63/49
f 62/64/50 49/65/50 50/51/50
f 63/66/51 50/51/51 51/53/51
f 64/67/52 51/53/52 52/68/52
f 65/69/53 52/68/53 53/54/53
f 66/70/54 53/54/54 54/56/54
f 67/71/55 54/56/55 55/72/55
f 56/57/56 67/71/56 55/72/56
f 69/73/57 56/57/57 57/58/57
f 70/74/58 57/58/58 58/59/58
f 71/75/59 58/59/59 59/61/59
f 60/63/60 71/75/60 59/61/60
f 73/76/61 72/62/61 61/77/61
f 74/78/62 61/79/62 62/64/62
f 75/80/63 62/64/63 63/66/63
f 64/67/64 75/80/64 63/66/64
f 65/69/65 76/81/65 64/67/65
f 78/82/66 65/69/66 66/70/66
f 79/83/67 66/70/67 67/71/67
f 68/84/68 79/83/68 67/71/68
f 81/85/69 68/84/69 69/73/69
f 82/86/70 69/73/70 70/74/70
f 71/75/71 82/86/71 70/74/71
f 84/87/72 71/75/72 72/62/72
f 73/76/73 96/88/73 84/87/73
f 86/89/74 73/90/74 74/78/74
f 75/80/75 86/89/75 74/78/75
f 88/91/76 75/80/76 76/81/76
f 89/92/77 76/81/77 77/93/77
f 90/94/78 77/93/78 78/82/78
f 91/95/79 78/82/79 79/83/79
f 92/96/80 79/83/80 80/97/80
f 93/98/81 80/97/81 81/85/81
f 82/86/82 93/98/82 81/85/82
f 83/99/83 94/100/83 82/86/83
f 84/87/84 95/101/84 83/99/84
f 85/102/85 108/103/85 96/88/85
f 86/89/86 97/104/86 85/105/86
f 99/106/87 86/89/87 87/107/87
f 100/108/88 87/107/88 88/91/88
f 101/109/89 88/91/89 89/92/89
f 102/110/90 89/92/90 90/94/90
f 103/111/91 90/94/91 91/95/91
f 104/112/92 91/95/92 92/96/92
f 105/113/93 92/96/93 93/98/93
f 106/114/94 93/98/94 94/100/94
f 107/115/95 94/100/95 95/101/95
f 108/103/96 95/101/96 96/88/96
f 109/116/97 108/103/97 97/117/97
f 98/118/98 109/119/98 97/104/98
f 111/120/99 98/118/99 99/106/99
f 112/121/100 99/106/100 100/108/100
f 101/109/101 112/121/101 100/108/101
f 114/122/102 101/109/102 102/110/102
f 115/123/103 102/110/103 103/111/103
f 116/124/104 103/111/104 104/112/104
f 117/125/105 104/112/105 105/113/105
f 106/114/106 117/125/106 105/113/106
f 119/126/107 106/114/107 107/115/107
f 120/127/108 107/115/108 108/103/108
f 109/116/109 132/128/109 120/127/109
f 110/129/110 121/130/110 109/119/110
f 123/131/111 110/129/111 111/120/111
f 124/132/112 111/120/112 112/121/112
f 113/133/113 124/132/113 112/121/113
f 126/134/114 113/133/114 114/122/114
f 127/135/115 114/122/115 115/123/115
f 116/124/116 127/135/116 115/123/116
f 129/136/117 116/124/117 117/125/117
f 130/137/118 117/125/118 118/138/118
f 131/139/119 118/138/119 119/126/119
f 132/128/120 119/126/120 120/127/120
f 121/140/121 144/141/121 132/128/121
f 122/142/122 133/143/122 121/130/122
f 135/144/123 122/142/123 123/131/123
f 136/145/124 123/131/124 124/132/124
f 125/146/125 136/145/125 124/132/125
f 138/147/126 125/146/126 126/134/126
f 139/148/127 126/134/127 127/135/127
f 140/149/128 127/135/128 128/150/128
f 129/136/129 140/149/129 128/150/129
f 130/137/130 141/151/130 129/136/130
f 143/152/131 130/137/131 131/139/131
f 144/141/132 131/139/132 132/128/132
f 145/153/133 144/141/133 133/154/133
f 146/155/134 133/143/134 134/156/134
f 135/144/135 146/155/135 134/156/135
f 136/145/136 147/157/136 135/144/136
f 137/158/137 148/159/137 136/145/137
f 150/160/138 137/158/138 138/147/138
f 139/148/139 150/160/139 138/147/139
f 152/161/140 139/148/140 140/149/140
f 153/162/141 140/149/141 141/151/141
f 154/163/142 141/151/142 142/164/142
f 155/165/143 142/164/143 143/152/143
f 156/166/144 143/152/144 144/141/144
f 157/167/145 156/166/145 145/153/145
f 158/168/146 145/169/146 146/155/146
f 147/157/147 158/168/147 146/155/147
f 148/159/148 159/170/148 147/157/148
f 161/171/149 148/159/149 149/172/149
f 162/173/150 149/172/150 150/160/150
f 163/174/151 150/160/151 151/175/151
f 152/161/152 163/174/152 151/175/152
f 165/176/153 152/161/153 153/162/153
f 166/177/154 153/162/154 154/163/154
f 155/165/155 166/177/155 154/163/155
f 156/166/156 167/178/156 155/165/156
f 169/179/157 168/180/157 157/167/157
f 170/181/158 157/182/158 158/168/158
f 159/170/159 170/181/159 158/168/159
f 172/183/160 159/170/160 160/184/160
f 173/185/161 160/184/161 161/171/161
f 174/186/162 161/171/162 162/173/162
f 175/187/163 162/173/163 163/174/163
f 164/188/164 175/187/164 163/174/164
f 165/176/165 176/189/165 164/188/165
f 178/190/166 165/176/166 166/177/166
f 167/178/167 178/190/167 166/177/167
f 180/191/168 167/178/168 168/180/168
f 169/179/169 192/192/169 180/191/169
f 182/193/170 169/194/170 170/181/170
f 171/195/171 182/193/171 170/181/171
f 184/196/172 171/195/172 172/183/172
f 185/197/173 172/183/173 173/185/173
f 186/198/174 173/185/174 174/186/174
f 187/199/175 174/186/175 175/187/175
f 176/189/176 187/199/176 175/187/176
f 177/200/177 188/201/177 176/189/177
f 178/190/178 189/202/178 177/200/178
f 179/203/179 190/204/179 178/190/179
f 192/192/180 179/203/180 180/191/180
f 181/205/181 204/206/181 192/192/181
f 194/207/182 181/208/182 182/193/182
f 183/209/183 194/207/183 182/193/183
f 196/210/184 183/209/184 184/196/184
f 197/211/185 184/196/185 185/197/185
f 186/198/186 197/211/186 185/197/186
f 199/212/187 186/198/187 187/199/187
f 200/213/188 187/199/188 188/201/188
f 201/214/189 188/201/189 189/202/189
f 190/204/190 201/214/190 189/202/190
f 203/215/191 190/204/191 191/216/191
f 204/206/192 191/216/192 192/192/192
f 205/217/193 204/206/193 193/218/193
f 194/207/5 205/219/5 193/220/5
f 207/221/4 194/207/4 195/222/4
f 208/223/3 195/222/3 196/210/3
f 197/211/2 208/223/2 196/210/2
f 210/224/1 197/211/1 198/225/1
f 199/212/12 210/224/12 198/225/12
f 212/226/11 199/212/11 200/213/11
f 201/214/10 212/226/10 200/213/10
f 202/227/9 213/228/9 201/214/9
f 215/229/8 202/227/8 203/215/8
f 204/206/194 215/229/194 203/215/194
f 205/217/195 228/230/195 216/231/195
f 218/232/17 205/219/17 206/233/17
f 219/234/16 206/233/16 207/221/16
f 220/235/15 207/221/15 208/223/15
f 221/236/14 208/223/14 209/237/14
f 222/238/13 209/237/13 210/224/13
f 223/239/196 210/224/196 211/240/196
f 224/241/23 211/240/23 212/226/23
f 213/228/22 224/241/22 212/226/22
f 226/242/21 213/228/21 214/243/21
f 227/244/197 214/243/197 215/229/197
f 228/230/19 215/229/19 216/231/19
f 229/245/30 228/230/30 217/246/30
f 230/247/29 217/248/29 218/232/29
f 231/249/198 218/232/198 219/234/198
f 232/250/199 219/234/199 220/235/199
f 233/251/26 220/235/26 221/236/26
f 222/238/200 233/251/200 221/236/200
f 235/252/36 222/238/36 223/239/36
f 236/253/35 223/239/35 224/241/35
f 237/254/34 224/241/34 225/255/34
f 226/242/33 237/254/33 225/255/33
f 239/256/201 226/242/201 227/244/201
f 240/257/31 227/244/31 228/230/31
f 241/258/42 240/257/42 229/245/42
f 242/259/41 229/260/41 230/247/41
f 243/261/40 230/247/40 231/249/40
f 232/250/39 243/261/39 231/249/39
f 233/251/38 244/262/38 232/250/38
f 246/263/202 233/251/202 234/264/202
f 247/265/203 234/264/203 235/252/203
f 248/266/204 235/252/204 236/253/204
f 249/267/205 236/253/205 237/254/205
f 238/268/206 249/267/206 237/254/206
f 251/269/44 238/268/44 239/256/44
f 240/257/43 251/269/43 239/256/43
f 253/270/207 252/271/207 241/258/207
f 254/272/208 241/273/208 242/259/208
f 243/261/52 254/272/52 242/259/52
f 244/262/51 255/274/51 243/261/51
f 257/275/50 244/262/50 245/276/50
f 258/277/49 245/276/49 246/263/49
f 247/265/60 258/277/60 246/263/60
f 248/266/209 259/278/209 247/265/209
f 261/279/210 248/266/210 249/267/210
f 262/280/211 249/267/211 250/281/211
f 251/269/56 262/280/56 250/281/56
f 264/282/55 251/269/55 252/271/55
f 253/270/66 276/283/66 264/282/66
f 266/284/212 253/285/212 254/272/212
f 255/274/64 266/284/64 254/272/64
f 268/286/63 255/274/63 256/287/63
f 269/288/62 256/287/62 257/275/62
f 270/289/61 257/275/61 258/277/61
f 271/290/72 258/277/72 259/278/72
f 272/291/71 259/278/71 260/292/71
f 273/293/70 260/292/70 261/279/70
f 274/294/69 261/279/69 262/280/69
f 263/295/213 274/294/213 262/280/213
f 276/283/214 263/295/214 264/282/214
f 265/296/215 288/297/215 276/283/215
f 278/298/77 265/299/77 266/284/77
f 279/300/76 266/284/76 267/301/76
f 280/302/75 267/301/75 268/286/75
f 281/303/74 268/286/74 269/288/74
f 282/304/216 269/288/216 270/289/216
f 283/305/217 270/289/217 271/290/217
f 284/306/83 271/290/83 272/291/83
f 285/307/218 272/291/218 273/293/218
f 286/308/219 273/293/219 274/294/219
f 275/309/80 286/308/80 274/294/80
f 288/297/220 275/309/220 276/283/220
f 289/310/90 288/297/90 277/311/90
f 278/298/89 289/312/89 277/313/89
f 291/314/88 278/298/88 279/300/88
f 292/315/87 279/300/87 280/302/87
f 293/316/86 280/302/86 281/303/86
f 294/317/85 281/303/85 282/304/85
f 295/318/221 282/304/221 283/305/221
f 296/319/95 283/305/95 284/306/95
f 297/320/94 284/306/94 285/307/94
f 298/321/93 285/307/93 286/308/93
f 299/322/92 286/308/92 287/323/92
f 288/297/91 299/322/91 287/323/91
f 301/324/102 300/325/102 289/310/102
f 290/326/222 301/327/222 289/312/222
f 303/328/100 290/326/100 291/314/100
f 304/329/99 291/314/99 292/315/99
f 305/330/98 292/315/98 293/316/98
f 306/331/97 293/316/97 294/317/97
f 307/332/223 294/317/223 295/318/223
f 308/333/107 295/318/107 296/319/107
f 309/334/106 296/319/106 297/320/106
f 298/321/105 309/334/105 297/320/105
f 311/335/104 298/321/104 299/322/104
f 300/325/103 311/335/103 299/322/103
f 313/336/224 312/337/224 301/324/224
f 302/338/113 313/339/113 301/327/113
f 315/340/112 302/338/112 303/328/112
f 316/341/111 303/328/111 304/329/111
f 305/330/110 316/341/110 304/329/110
f 306/331/225 317/342/225 305/330/225
f 319/343/226 306/331/226 307/332/226
f 320/344/119 307/332/119 308/333/119
f 309/334/227 320/344/227 308/333/227
f 310/345/228 321/346/228 309/334/228
f 323/347/229 310/345/229 311/335/229
f 324/348/230 311/335/230 312/337/230
f 313/336/231 336/349/231 324/348/231
f 314/350/125 325/351/125 313/339/125
f 327/352/124 314/350/124 315/340/124
f 328/353/123 315/340/123 316/341/123
f 317/342/122 328/353/122 316/341/122
f 330/354/121 317/342/121 318/355/121
f 331/356/232 318/355/232 319/343/232
f 332/357/131 319/343/131 320/344/131
f 333/358/130 320/344/130 321/346/130
f 322/359/233 333/358/233 321/346/233
f 335/360/128 322/359/128 323/347/128
f 324/348/234 335/360/234 323/347/234
f 337/361/138 336/349/138 325/362/138
f 338/363/137 325/351/137 326/364/137
f 327/352/136 338/363/136 326/364/136
f 328/353/235 339/365/235 327/352/235
f 341/366/236 328/353/236 329/367/236
f 342/368/237 329/367/237 330/354/237
f 331/356/144 342/368/144 330/354/144
f 332/357/143 343/369/143 331/356/143
f 345/370/142 332/357/142 333/358/142
f 346/371/141 333/358/141 334/372/141
f 347/373/140 334/372/140 335/360/140
f 336/349/238 347/373/238 335/360/238
f 349/374/239 348/375/239 337/361/239
f 350/376/149 337/377/149 338/363/149
f 351/378/148 338/363/148 339/365/148
f 340/379/147 351/378/147 339/365/147
f 353/380/146 340/379/146 341/366/146
f 354/381/240 341/366/240 342/368/240
f 355/382/156 342/368/156 343/369/156
f 344/383/155 355/382/155 343/369/155
f 357/384/154 344/383/154 345/370/154
f 358/385/153 345/370/153 346/371/153
f 359/386/152 346/371/152 347/373/152
f 360/387/151 347/373/151 348/375/151
f 349/374/241 372/388/241 360/387/241
f 362/389/161 349/390/161 350/376/161
f 363/391/160 350/376/160 351/378/160
f 352/392/159 363/391/159 351/378/159
f 365/393/242 352/392/242 353/380/242
f 354/381/157 365/393/157 353/380/157
f 367/394/168 354/381/168 355/382/168
f 356/395/167 367/394/167 355/382/167
f 369/396/166 356/395/166 357/384/166
f 370/397/165 357/384/165 358/385/165
f 371/398/164 358/385/164 359/386/164
f 372/388/163 359/386/163 360/387/163
f 373/399/174 372/388/174 361/400/174
f 362/389/173 373/401/173 361/402/173
f 363/391/172 374/403/172 362/389/172
f 364/404/171 375/405/171 363/391/171
f 377/406/170 364/404/170 365/393/170
f 378/407/169 365/393/169 366/408/169
f 379/409/180 366/408/180 367/394/180
f 380/410/179 367/394/179 368/411/179
f 381/412/243 368/411/243 369/396/243
f 370/397/177 381/412/177 369/396/177
f 383/413/176 370/397/176 371/398/176
f 384/414/175 371/398/175 372/388/175
f 373/399/186 12/415/186 384/414/186
f 374/403/185 1/416/185 373/401/185
f 3/417/184 374/403/184 375/405/184
f 4/418/183 375/405/183 376/419/183
f 377/406/182 4/418/182 376/419/182
f 6/420/244 377/406/244 378/407/244
f 7/421/192 378/407/192 379/409/192
f 8/422/191 379/409/191 380/410/191
f 9/423/245 380/410/245 381/412/245
f 382/424/189 9/423/189 381/412/189
f 11/425/188 382/424/188 383/413/188
f 12/415/246 383/413/246 384/414/246
f 397/426/247 396/427/247 385/428/247
f 398/429/248 385/430/248 386/431/248
f 399/432/249 386/431/249 387/433/249
f 400/434/250 387/433/250 388/435/250
f 389/436/251 400/434/251 388/435/251
f 402/437/252 389/436/252 390/438/252
f 403/439/253 390/438/253 391/440/253
f 404/441/254 391/440/254 392/442/254
f 405/443/255 392/442/255 393/444/255
f 406/445/256 393/444/256 394/446/256
f 395/447/257 406/445/257 394/446/257
f 408/448/258 395/447/258 396/427/258
f 409/449/259 408/448/259 397/426/259
f 398/429/260 409/450/260 397/451/260
f 411/452/261 398/429/261 399/432/261
f 400/434/262 411/452/262 399/432/262
f 413/453/263 400/434/263 401/454/263
f 414/455/264 401/454/264 402/437/264
f 415/456/265 402/437/265 403/439/265
f 416/457/266 403/439/266 404/441/266
f 405/443/267 416/457/267 404/441/267
f 418/458/268 405/443/268 406/445/268
f 419/459/269 406/445/269 407/460/269
f 420/461/270 407/460/270 408/448/270
f 421/462/258 420/461/258 409/449/258
f 410/463/257 421/464/257 409/450/257
f 423/465/256 410/463/256 411/452/256
f 424/466/271 411/452/271 412/467/271
f 425/468/254 412/467/254 413/453/254
f 426/469/272 413/453/272 414/455/272
f 427/470/252 414/455/252 415/456/252
f 428/471/251 415/456/251 416/457/251
f 429/472/250 416/457/250 417/473/250
f 430/474/273 417/473/273 418/458/273
f 419/459/248 430/474/248 418/458/248
f 420/461/274 431/475/274 419/459/274
f 385/476/270 432/477/270 421/462/270
f 386/478/269 421/464/269 422/479/269
f 423/465/268 386/478/268 422/479/268
f 388/480/267 423/465/267 424/466/267
f 425/468/266 388/480/266 424/466/266
f 390/481/275 425/468/275 426/469/275
f 391/482/276 426/469/276 427/470/276
f 428/471/263 391/482/263 427/470/263
f 393/483/262 428/471/262 429/472/262
f 430/474/261 393/483/261 429/472/261
f 395/484/260 430/474/260 431/475/260
f 396/485/259 431/475/259 432/477/259
f 433/486/277 456/487/277 444/488/277
f 446/489/278 433/490/278 434/491/278
f 447/492/279 434/491/279 435/493/279
f 448/494/280 435/493/280 436/495/280
f 449/496/281 436/495/281 437/497/281
f 438/498/282 449/496/282 437/497/282
f 451/499/283 438/498/283 439/500/283
f 452/501/284 439/500/284 440/502/284
f 453/503/285 440/502/285 441/504/285
f 454/505/286 441/504/286 442/506/286
f 455/507/287 442/506/287 443/508/287
f 456/487/288 443/508/288 444/488/288
f 457/509/289 456/487/289 445/510/289
f 458/511/290 445/512/290 446/489/290
f 459/513/291 446/489/291 447/492/291
f 448/494/292 459/513/292 447/492/292
f 461/514/293 448/494/293 449/496/293
f 462/515/294 449/496/294 450/516/294
f 463/517/295 450/516/295 451/499/295
f 464/518/296 451/499/296 452/501/296
f 453/503/297 464/518/297 452/501/297
f 466/519/298 453/503/298 454/505/298
f 455/507/299 466/519/299 454/505/299
f 468/520/300 455/507/300 456/487/300
f 469/521/301 468/520/301 457/509/301
f 458/511/287 469/522/287 457/523/287
f 471/524/286 458/511/286 459/513/286
f 472/525/302 459/513/302 460/526/302
f 473/527/284 460/526/284 461/514/284
f 474/528/303 461/514/303 462/515/303
f 463/517/282 474/528/282 462/515/282
f 476/529/281 463/517/281 464/518/281
f 477/530/304 464/518/304 465/531/304
f 478/532/279 465/531/279 466/519/279
f 479/533/278 466/519/278 467/534/278
f 468/520/277 479/533/277 467/534/277
f 433/535/305 480/536/305 469/521/305
f 434/537/299 469/522/299 470/538/299
f 471/524/298 434/537/298 470/538/298
f 436/539/306 471/524/306 472/525/306
f 473/527/307 436/539/307 472/525/307
f 438/540/295 473/527/295 474/528/295
f 439/541/294 474/528/294 475/542/294
f 440/543/293 475/542/293 476/529/293
f 441/544/292 476/529/292 477/530/292
f 478/532/291 441/544/291 477/530/291
f 443/545/290 478/532/290 479/533/290
f 480/536/289 443/545/289 479/533/289
f 493/546/169 492/547/169 481/548/169
f 482/549/170 493/550/170 481/551/170
f 495/552/308 482/549/308 483/553/308
f 484/554/172 495/552/172 483/553/172
f 497/555/173 484/554/173 485/556/173
f 498/557/174 485/556/174 486/558/174
f 499/559/309 486/558/309 487/560/309
f 488/561/176 499/559/176 487/560/176
f 501/562/177 488/561/177 489/563/177
f 490/564/178 501/562/178 489/563/178
f 503/565/179 490/564/179 491/566/179
f 492/547/310 503/565/310 491/566/310
f 493/546/311 516/567/311 504/568/311
f 506/569/242 493/550/242 494/570/242
f 495/552/159 506/569/159 494/570/159
f 496/571/312 507/572/312 495/552/312
f 497/555/313 508/573/313 496/571/313
f 510/574/241 497/555/241 498/557/241
f 511/575/163 498/557/163 499/559/163
f 500/576/164 511/575/164 499/559/164
f 501/562/165 512/577/165 500/576/165
f 514/578/166 501/562/166 502/579/166
f 515/580/167 502/579/167 503/565/167
f 516/567/168 503/565/168 504/568/168
f 517/581/145 516/567/145 505/582/145
f 518/583/146 505/584/146 506/569/146
f 519/585/314 506/569/314 507/572/314
f 508/573/148 519/585/148 507/572/148
f 521/586/149 508/573/149 509/587/149
f 522/588/239 509/587/239 510/574/239
f 511/575/151 522/588/151 510/574/151
f 524/589/152 511/575/152 512/577/152
f 525/590/153 512/577/153 513/591/153
f 526/592/154 513/591/154 514/578/154
f 515/580/155 526/592/155 514/578/155
f 528/593/156 515/580/156 516/567/156
f 529/594/133 528/593/133 517/581/133
f 530/595/236 517/596/236 518/583/236
f 519/585/135 530/595/135 518/583/135
f 520/597/136 531/598/136 519/585/136
f 533/599/137 520/597/137 521/586/137
f 534/600/138 521/586/138 522/588/138
f 523/601/238 534/600/238 522/588/238
f 536/602/140 523/601/140 524/589/140
f 537/603/141 524/589/141 525/590/141
f 538/604/315 525/590/315 526/592/315
f 539/605/143 526/592/143 527/606/143
f 528/593/316 539/605/316 527/606/316
f 541/607/317 540/608/317 529/594/317
f 542/609/318 529/610/318 530/595/318
f 543/611/123 530/595/123 531/598/123
f 544/612/124 531/598/124 532/613/124
f 533/599/125 544/612/125 532/613/125
f 546/614/231 533/599/231 534/600/231
f 547/615/127 534/600/127 535/616/127
f 548/617/128 535/616/128 536/602/128
f 537/603/129 548/617/129 536/602/129
f 538/604/130 549/618/130 537/603/130
f 551/619/319 538/604/319 539/605/319
f 552/620/232 539/605/232 540/608/232
f 541/607/109 564/621/109 552/620/109
f 542/609/110 553/622/110 541/623/110
f 555/624/111 542/609/111 543/611/111
f 556/625/112 543/611/112 544/612/112
f 545/626/113 556/625/113 544/612/113
f 558/627/320 545/626/320 546/614/320
f 559/628/230 546/614/230 547/615/230
f 560/629/229 547/615/229 548/617/229
f 549/618/228 560/629/228 548/617/228
f 550/630/227 561/631/227 549/618/227
f 563/632/119 550/630/119 551/619/119
f 564/621/120 551/619/120 552/620/120
f 565/633/97 564/621/97 553/634/97
f 566/635/98 553/622/98 554/636/98
f 555/624/321 566/635/321 554/636/321
f 568/637/100 555/624/100 556/625/100
f 557/638/222 568/637/222 556/625/222
f 570/639/322 557/638/322 558/627/322
f 559/628/323 570/639/323 558/627/323
f 572/640/324 559/628/324 560/629/324
f 561/631/105 572/640/105 560/629/105
f 562/641/106 573/642/106 561/631/106
f 575/643/325 562/641/325 563/632/325
f 576/644/223 563/632/223 564/621/223
f 577/645/326 576/644/326 565/633/326
f 578/646/86 565/647/86 566/635/86
f 579/648/87 566/635/87 567/649/87
f 580/650/88 567/649/88 568/637/88
f 581/651/89 568/637/89 569/652/89
f 582/653/327 569/652/327 570/639/327
f 583/654/91 570/639/91 571/655/91
f 584/656/92 571/655/92 572/640/92
f 585/657/93 572/640/93 573/642/93
f 574/658/328 585/657/328 573/642/328
f 587/659/95 574/658/95 575/643/95
f 588/660/96 575/643/96 576/644/96
f 577/645/73 600/661/73 588/660/73
f 590/662/74 577/663/74 578/646/74
f 579/648/75 590/662/75 578/646/75
f 592/664/76 579/648/76 580/650/76
f 593/665/77 580/650/77 581/651/77
f 582/653/78 593/665/78 581/651/78
f 595/666/79 582/653/79 583/654/79
f 584/656/80 595/666/80 583/654/80
f 597/667/219 584/656/219 585/657/219
f 598/668/82 585/657/82 586/669/82
f 599/670/83 586/669/83 587/659/83
f 600/661/217 587/659/217 588/660/217
f 601/671/329 600/661/329 589/672/329
f 602/673/330 589/674/330 590/662/330
f 591/675/63 602/673/63 590/662/63
f 604/676/64 591/675/64 592/664/64
f 605/677/212 592/664/212 593/665/212
f 594/678/331 605/677/331 593/665/331
f 607/679/67 594/678/67 595/666/67
f 596/680/68 607/679/68 595/666/68
f 609/681/69 596/680/69 597/667/69
f 610/682/70 597/667/70 598/668/70
f 599/670/71 610/682/71 598/668/71
f 612/683/332 599/670/332 600/661/332
f 613/684/49 612/683/49 601/671/49
f 602/673/50 613/685/50 601/686/50
f 603/687/51 614/688/51 602/673/51
f 604/676/333 615/689/333 603/687/333
f 617/690/208 604/676/208 605/677/208
f 618/691/54 605/677/54 606/692/54
f 619/693/334 606/692/334 607/679/334
f 608/694/56 619/693/56 607/679/56
f 621/695/57 608/694/57 609/681/57
f 622/696/210 609/681/210 610/682/210
f 611/697/59 622/696/59 610/682/59
f 612/683/60 623/698/60 611/697/60
f 625/699/37 624/700/37 613/684/37
f 626/701/335 613/685/335 614/688/335
f 627/702/39 614/688/39 615/689/39
f 628/703/40 615/689/40 616/704/40
f 629/705/41 616/704/41 617/690/41
f 630/706/42 617/690/42 618/691/42
f 619/693/336 630/706/336 618/691/336
f 632/707/44 619/693/44 620/708/44
f 633/709/45 620/708/45 621/695/45
f 634/710/46 621/695/46 622/696/46
f 635/711/337 622/696/337 623/698/337
f 624/700/48 635/711/48 623/698/48
f 625/699/25 648/712/25 636/713/25
f 626/701/26 637/714/26 625/715/26
f 639/716/27 626/701/27 627/702/27
f 640/717/28 627/702/28 628/703/28
f 629/705/29 640/717/29 628/703/29
f 642/718/338 629/705/338 630/706/338
f 643/719/339 630/706/339 631/720/339
f 632/707/32 643/719/32 631/720/32
f 633/709/340 644/721/340 632/707/340
f 646/722/34 633/709/34 634/710/34
f 647/723/35 634/710/35 635/711/35
f 648/712/36 635/711/36 636/713/36
f 649/724/13 648/712/13 637/725/13
f 638/726/14 649/727/14 637/714/14
f 651/728/15 638/726/15 639/716/15
f 652/729/16 639/716/16 640/717/16
f 641/730/17 652/729/17 640/717/17
f 642/718/195 653/731/195 641/730/195
f 655/732/19 642/718/19 643/719/19
f 644/721/20 655/732/20 643/719/20
f 645/733/21 656/734/21 644/721/21
f 646/722/22 657/735/22 645/733/22
f 647/723/23 658/736/23 646/722/23
f 660/737/196 647/723/196 648/712/196
f 661/738/1 660/737/1 649/724/1
f 662/739/2 649/727/2 650/740/2
f 663/741/3 650/740/3 651/728/3
f 664/742/4 651/728/4 652/729/4
f 653/731/5 664/742/5 652/729/5
f 666/743/193 653/731/193 654/744/193
f 667/745/194 654/744/194 655/732/194
f 668/746/8 655/732/8 656/734/8
f 657/735/9 668/746/9 656/734/9
f 670/747/10 657/735/10 658/736/10
f 671/748/11 658/736/11 659/749/11
f 672/750/341 659/749/341 660/737/341
f 673/751/342 672/750/342 661/738/342
f 674/752/185 661/753/185 662/739/185
f 675/754/184 662/739/184 663/741/184
f 676/755/183 663/741/183 664/742/183
f 677/756/182 664/742/182 665/757/182
f 678/758/181 665/757/181 666/743/181
f 679/759/343 666/743/343 667/745/343
f 680/760/191 667/745/191 668/746/191
f 681/761/245 668/746/245 669/762/245
f 682/763/189 669/762/189 670/747/189
f 683/764/188 670/747/188 671/748/188
f 684/765/187 671/748/187 672/750/187
f 673/751/174 696/766/174 684/765/174
f 686/767/173 673/768/173 674/752/173
f 687/769/172 674/752/172 675/754/172
f 688/770/308 675/754/308 676/755/308
f 689/771/170 676/755/170 677/756/170
f 690/772/169 677/756/169 678/758/169
f 691/773/310 678/758/310 679/759/310
f 680/760/179 691/773/179 679/759/179
f 681/761/178 692/774/178 680/760/178
f 694/775/177 681/761/177 682/763/177
f 695/776/176 682/763/176 683/764/176
f 696/766/309 683/764/309 684/765/309
f 697/777/241 696/766/241 685/778/241
f 698/779/313 685/780/313 686/767/313
f 699/781/160 686/767/160 687/769/160
f 688/770/344 699/781/344 687/769/344
f 689/771/158 700/782/158 688/770/158
f 690/772/311 701/783/311 689/771/311
f 703/784/168 690/772/168 691/773/168
f 692/774/167 703/784/167 691/773/167
f 705/785/166 692/774/166 693/786/166
f 706/787/165 693/786/165 694/775/165
f 707/788/164 694/775/164 695/776/164
f 708/789/163 695/776/163 696/766/163
f 709/790/239 708/789/239 697/777/239
f 710/791/149 697/792/149 698/779/149
f 699/781/148 710/791/148 698/779/148
f 700/782/147 711/793/147 699/781/147
f 713/794/146 700/782/146 701/783/146
f 714/795/145 701/783/145 702/796/145
f 703/784/156 714/795/156 702/796/156
f 716/797/155 703/784/155 704/798/155
f 717/799/154 704/798/154 705/785/154
f 718/800/153 705/785/153 706/787/153
f 719/801/152 706/787/152 707/788/152
f 720/802/151 707/788/151 708/789/151
f 721/803/345 720/802/345 709/790/345
f 722/804/137 709/805/137 710/791/137
f 711/793/136 722/804/136 710/791/136
f 712/806/235 723/807/235 711/793/235
f 725/808/236 712/806/236 713/794/236
f 726/809/133 713/794/133 714/795/133
f 715/810/144 726/809/144 714/795/144
f 728/811/143 715/810/143 716/797/143
f 729/812/142 716/797/142 717/799/142
f 730/813/141 717/799/141 718/800/141
f 719/801/140 730/813/140 718/800/140
f 732/814/238 719/801/238 720/802/238
f 721/803/126 744/815/126 732/814/126
f 734/816/346 721/817/346 722/804/346
f 735/818/124 722/804/124 723/807/124
f 736/819/123 723/807/123 724/820/123
f 737/821/318 724/820/318 725/808/318
f 738/822/317 725/808/317 726/809/317
f 739/823/132 726/809/132 727/824/132
f 740/825/131 727/824/131 728/811/131
f 729/812/347 740/825/347 728/811/347
f 730/813/233 741/826/233 729/812/233
f 743/827/348 730/813/348 731/828/348
f 732/814/127 743/827/127 731/828/127
f 745/829/349 744/815/349 733/830/349
f 734/816/350 745/831/350 733/832/350
f 747/833/112 734/816/112 735/818/112
f 748/834/111 735/818/111 736/819/111
f 737/821/110 748/834/110 736/819/110
f 750/835/109 737/821/109 738/822/109
f 751/836/226 738/822/226 739/823/226
f 752/837/119 739/823/119 740/825/119
f 753/838/227 740/825/227 741/826/227
f 742/839/117 753/838/117 741/826/117
f 755/840/116 742/839/116 743/827/116
f 756/841/351 743/827/351 744/815/351
f 757/842/102 756/841/102 745/829/102
f 746/843/222 757/844/222 745/831/222
f 759/845/100 746/843/100 747/833/100
f 760/846/99 747/833/99 748/834/99
f 749/847/352 760/846/352 748/834/352
f 762/848/353 749/847/353 750/835/353
f 751/836/108 762/848/108 750/835/108
f 764/849/107 751/836/107 752/837/107
f 753/838/106 764/849/106 752/837/106
f 766/850/105 753/838/105 754/851/105
f 767/852/104 754/851/104 755/840/104
f 768/853/323 755/840/323 756/841/323
f 757/842/90 780/854/90 768/853/90
f 770/855/89 757/844/89 758/856/89
f 771/857/88 758/856/88 759/845/88
f 772/858/87 759/845/87 760/846/87
f 761/859/86 772/858/86 760/846/86
f 774/860/85 761/859/85 762/848/85
f 775/861/221 762/848/221 763/862/221
f 776/863/95 763/862/95 764/849/95
f 777/864/94 764/849/94 765/865/94
f 778/866/354 765/865/354 766/850/354
f 779/867/92 766/850/92 767/852/92
f 780/854/91 767/852/91 768/853/91
f 769/868/78 792/869/78 780/854/78
f 782/870/77 769/871/77 770/855/77
f 783/872/76 770/855/76 771/857/76
f 772/858/75 783/872/75 771/857/75
f 785/873/74 772/858/74 773/874/74
f 786/875/73 773/874/73 774/860/73
f 787/876/84 774/860/84 775/861/84
f 788/877/83 775/861/83 776/863/83
f 777/864/82 788/877/82 776/863/82
f 790/878/219 777/864/219 778/866/219
f 791/879/80 778/866/80 779/867/80
f 792/869/79 779/867/79 780/854/79
f 793/880/331 792/869/331 781/881/331
f 794/882/212 781/883/212 782/870/212
f 795/884/64 782/870/64 783/872/64
f 784/885/63 795/884/63 783/872/63
f 797/886/330 784/885/330 785/873/330
f 798/887/329 785/873/329 786/875/329
f 799/888/72 786/875/72 787/876/72
f 788/877/71 799/888/71 787/876/71
f 801/889/70 788/877/70 789/890/70
f 802/891/69 789/890/69 790/878/69
f 803/892/213 790/878/213 791/879/213
f 804/893/67 791/879/67 792/869/67
f 805/894/207 804/893/207 793/880/207
f 806/895/208 793/896/208 794/882/208
f 795/884/333 806/895/333 794/882/333
f 808/897/51 795/884/51 796/898/51
f 797/886/355 808/897/355 796/898/355
f 810/899/49 797/886/49 798/887/49
f 799/888/356 810/899/356 798/887/356
f 800/900/209 811/901/209 799/888/209
f 813/902/210 800/900/210 801/889/210
f 802/891/57 813/902/57 801/889/57
f 815/903/56 802/891/56 803/892/56
f 804/893/357 815/903/357 803/892/357
f 817/904/42 816/905/42 805/894/42
f 818/906/358 805/907/358 806/895/358
f 807/908/359 818/906/359 806/895/359
f 808/897/39 819/909/39 807/908/39
f 821/910/38 808/897/38 809/911/38
f 822/912/202 809/911/202 810/899/202
f 811/901/48 822/912/48 810/899/48
f 824/913/47 811/901/47 812/914/47
f 825/915/205 812/914/205 813/902/205
f 826/916/206 813/902/206 814/917/206
f 815/903/44 826/916/44 814/917/44
f 816/905/43 827/918/43 815/903/43
f 817/904/338 840/919/338 828/920/338
f 830/921/29 817/922/29 818/906/29
f 831/923/198 818/906/198 819/909/198
f 832/924/199 819/909/199 820/925/199
f 821/910/26 832/924/26 820/925/26
f 822/912/25 833/926/25 821/910/25
f 835/927/360 822/912/360 823/928/360
f 836/929/35 823/928/35 824/913/35
f 825/915/361 836/929/361 824/913/361
f 826/916/33 837/930/33 825/915/33
f 839/931/32 826/916/32 827/918/32
f 840/919/31 827/918/31 828/920/31
f 829/932/18 852/933/18 840/919/18
f 830/921/17 841/934/17 829/935/17
f 843/936/16 830/921/16 831/923/16
f 844/937/15 831/923/15 832/924/15
f 833/926/14 844/937/14 832/924/14
f 846/938/13 833/926/13 834/939/13
f 847/940/196 834/939/196 835/927/196
f 848/941/23 835/927/23 836/929/23
f 837/930/22 848/941/22 836/929/22
f 838/942/21 849/943/21 837/930/21
f 851/944/20 838/942/20 839/931/20
f 852/933/19 839/931/19 840/919/19
f 853/945/193 852/933/193 841/946/193
f 842/947/5 853/948/5 841/934/5
f 855/949/362 842/947/362 843/936/362
f 856/950/3 843/936/3 844/937/3
f 857/951/2 844/937/2 845/952/2
f 846/938/363 857/951/363 845/952/363
f 847/940/341 858/953/341 846/938/341
f 860/954/11 847/940/11 848/941/11
f 861/955/10 848/941/10 849/943/10
f 850/956/9 861/955/9 849/943/9
f 863/957/8 850/956/8 851/944/8
f 864/958/194 851/944/194 852/933/194
f 481/959/181 864/958/181 853/945/181
f 482/960/182 853/948/182 854/961/182
f 483/962/183 854/961/183 855/949/183
f 484/963/184 855/949/184 856/950/184
f 485/964/185 856/950/185 857/951/185
f 486/965/342 857/951/342 858/953/342
f 859/966/246 486/965/246 858/953/246
f 488/967/188 859/966/188 860/954/188
f 489/968/364 860/954/364 861/955/364
f 490/969/190 861/955/190 862/970/190
f 491/971/191 862/970/191 863/957/191
f 492/972/343 863/957/343 864/958/343
f 865/973/365 888/974/365 876/975/365
f 878/976/366 865/977/366 866/978/366
f 879/979/367 866/978/367 867/980/367
f 880/981/368 867/980/368 868/982/368
f 881/983/369 868/982/369 869/984/369
f 882/985/370 869/984/370 870/986/370
f 883/987/371 870/986/371 871/988/371
f 884/989/372 871/988/372 872/990/372
f 885/991/373 872/990/373 873/992/373
f 886/993/374 873/992/374 874/994/374
f 887/995/375 874/994/375 875/996/375
f 888/974/376 875/996/376 876/975/376
f 889/997/377 888/974/377 877/998/377
f 890/999/378 877/1000/378 878/976/378
f 891/1001/379 878/976/379 879/979/379
f 880/981/380 891/1001/380 879/979/380
f 893/1002/381 880/981/381 881/983/381
f 882/985/382 893/1002/382 881/983/382
f 895/1003/383 882/985/383 883/987/383
f 884/989/384 895/1003/384 883/987/384
f 897/1004/385 884/989/385 885/991/385
f 898/1005/386 885/991/386 886/993/386
f 887/995/387 898/1005/387 886/993/387
f 900/1006/388 887/995/388 888/974/388
f 901/1007/376 900/1006/376 889/997/376
f 902/1008/375 889/1009/375 890/999/375
f 903/1010/389 890/999/389 891/1001/389
f 904/1011/390 891/1001/390 892/1012/390
f 905/1013/391 892/1012/391 893/1002/391
f 906/1014/392 893/1002/392 894/1015/392
f 907/1016/370 894/1015/370 895/1003/370
f 908/1017/369 895/1003/369 896/1018/369
f 909/1019/368 896/1018/368 897/1004/368
f 910/1020/393 897/1004/393 898/1005/393
f 899/1021/366 910/1020/366 898/1005/366
f 912/1022/365 899/1021/365 900/1006/365
f 865/1023/394 912/1022/394 901/1007/394
f 866/1024/387 901/1025/387 902/1008/387
f 903/1010/386 866/1024/386 902/1008/386
f 868/1026/385 903/1010/385 904/1011/385
f 905/1013/384 868/1026/384 904/1011/384
f 870/1027/383 905/1013/383 906/1014/383
f 871/1028/382 906/1014/382 907/1016/382
f 872/1029/381 907/1016/381 908/1017/381
f 873/1030/380 908/1017/380 909/1019/380
f 910/1020/379 873/1030/379 909/1019/379
f 875/1031/395 910/1020/395 911/1032/395
f 912/1022/396 875/1031/396 911/1032/396
f 925/1033/397 924/1034/397 913/1035/397
f 914/1036/398 925/1037/398 913/1038/398
f 927/1039/399 914/1036/399 915/1040/399
f 928/1041/400 915/1040/400 916/1042/400
f 929/1043/401 916/1042/401 917/1044/401
f 930/1045/402 917/1044/402 918/1046/402
f 919/1047/403 930/1045/403 918/1046/403
f 932/1048/404 919/1047/404 920/1049/404
f 933/1050/405 920/1049/405 921/1051/405
f 934/1052/406 921/1051/406 922/1053/406
f 935/1054/407 922/1053/407 923/1055/407
f 936/1056/408 923/1055/408 924/1034/408
f 937/1057/409 936/1056/409 925/1033/409
f 938/1058/410 925/1037/410 926/1059/410
f 939/1060/411 926/1059/411 927/1039/411
f 928/1041/412 939/1060/412 927/1039/412
f 941/1061/413 928/1041/413 929/1043/413
f 942/1062/414 929/1043/414 930/1045/414
f 943/1063/415 930/1045/415 931/1064/415
f 944/1065/416 931/1064/416 932/1048/416
f 933/1050/417 944/1065/417 932/1048/417
f 946/1066/418 933/1050/418 934/1052/418
f 935/1054/419 946/1066/419 934/1052/419
f 948/1067/420 935/1054/420 936/1056/420
f 937/1057/421 960/1068/421 948/1067/421
f 950/1069/422 937/1070/422 938/1058/422
f 951/1071/406 938/1058/406 939/1060/406
f 940/1072/405 951/1071/405 939/1060/405
f 953/1073/404 940/1072/404 941/1061/404
f 954/1074/423 941/1061/423 942/1062/423
f 955/1075/424 942/1062/424 943/1063/424
f 956/1076/401 943/1063/401 944/1065/401
f 945/1077/400 956/1076/400 944/1065/400
f 958/1078/399 945/1077/399 946/1066/399
f 947/1079/398 958/1078/398 946/1066/398
f 948/1067/425 959/1080/425 947/1079/425
f 913/1081/426 960/1068/426 949/1082/426
f 914/1083/419 949/1084/419 950/1069/419
f 951/1071/418 914/1083/418 950/1069/418
f 916/1085/417 951/1071/417 952/1086/417
f 953/1073/416 916/1085/416 952/1086/416
f 918/1087/427 953/1073/427 954/1074/427
f 919/1088/414 954/1074/414 955/1075/414
f 920/1089/413 955/1075/413 956/1076/413
f 921/1090/412 956/1076/412 957/1091/412
f 958/1078/411 921/1090/411 957/1091/411
f 923/1092/410 958/1078/410 959/1080/410
f 960/1068/409 923/1092/409 959/1080/409
f 973/1093/428 972/1094/428 961/1095/428
f 974/1096/429 961/1097/429 962/1098/429
f 975/1099/430 962/1098/430 963/1100/430
f 976/1101/431 963/1100/431 964/1102/431
f 977/1103/432 964/1102/432 965/1104/432
f 966/1105/433 977/1103/433 965/1104/433
f 979/1106/434 966/1105/434 967/1107/434
f 980/1108/435 967/1107/435 968/1109/435
f 969/1110/436 980/1108/436 968/1109/436
f 982/1111/437 969/1110/437 970/1112/437
f 983/1113/438 970/1112/438 971/1114/438
f 984/1115/439 971/1114/439 972/1094/439
f 985/1116/440 984/1115/440 973/1093/440
f 974/1096/441 985/1117/441 973/1118/441
f 987/1119/442 974/1096/442 975/1099/442
f 976/1101/443 987/1119/443 975/1099/443
f 989/1120/444 976/1101/444 977/1103/444
f 978/1121/445 989/1120/445 977/1103/445
f 991/1122/446 978/1121/446 979/1106/446
f 992/1123/447 979/1106/447 980/1108/447
f 981/1124/448 992/1123/448 980/1108/448
f 994/1125/449 981/1124/449 982/1111/449
f 983/1113/450 994/1125/450 982/1111/450
f 996/1126/451 983/1113/451 984/1115/451
f 997/1127/439 996/1126/439 985/1116/439
f 998/1128/438 985/1117/438 986/1129/438
f 999/1130/437 986/1129/437 987/1119/437
f 988/1131/436 999/1130/436 987/1119/436
f 989/1120/435 1000/1132/435 988/1131/435
f 1002/1133/452 989/1120/452 990/1134/452
f 991/1122/433 1002/1133/433 990/1134/433
f 992/1123/432 1003/1135/432 991/1122/432
f 1005/1136/431 992/1123/431 993/1137/431
f 994/1125/430 1005/1136/430 993/1137/430
f 1007/1138/429 994/1125/429 995/1139/429
f 996/1126/453 1007/1138/453 995/1139/453
f 997/1127/451 972/1140/451 1008/1141/451
f 962/1142/450 997/1143/450 998/1128/450
f 999/1130/449 962/1142/449 998/1128/449
f 964/1144/448 999/1130/448 1000/1132/448
f 965/1145/454 1000/1132/454 1001/1146/454
f 966/1147/455 1001/1146/455 1002/1133/455
f 967/1148/445 1002/1133/445 1003/1135/445
f 968/1149/444 1003/1135/444 1004/1150/444
f 969/1151/443 1004/1150/443 1005/1136/443
f 1006/1152/442 969/1151/442 1005/1136/442
f 971/1153/441 1006/1152/441 1007/1138/441
f 1008/1141/440 971/1153/440 1007/1138/440
f 1009/1154/456 1032/1155/456 1020/1156/456
f 1022/1157/457 1009/1158/457 1010/1159/457
f 1023/1160/458 1010/1159/458 1011/1161/458
f 1024/1162/459 1011/1161/459 1012/1163/459
f 1025/1164/460 1012/1163/460 1013/1165/460
f 1026/1166/461 1013/1165/461 1014/1167/461
f 1027/1168/462 1014/1167/462 1015/1169/462
f 1016/1170/463 1027/1168/463 1015/1169/463
f 1017/1171/464 1028/1172/464 1016/1170/464
f 1030/1173/465 1017/1171/465 1018/1174/465
f 1031/1175/466 1018/1174/466 1019/1176/466
f 1032/1155/467 1019/1176/467 1020/1156/467
f 1033/1177/468 1032/1155/468 1021/1178/468
f 1034/1179/469 1021/1180/469 1022/1157/469
f 1035/1181/470 1022/1157/470 1023/1160/470
f 1024/1162/471 1035/1181/471 1023/1160/471
f 1037/1182/472 1024/1162/472 1025/1164/472
f 1038/1183/473 1025/1164/473 1026/1166/473
f 1039/1184/474 1026/1166/474 1027/1168/474
f 1040/1185/475 1027/1168/475 1028/1172/475
f 1029/1186/476 1040/1185/476 1028/1172/476
f 1042/1187/477 1029/1186/477 1030/1173/477
f 1031/1175/478 1042/1187/478 1030/1173/478
f 1044/1188/479 1031/1175/479 1032/1155/479
f 1045/1189/467 1044/1188/467 1033/1177/467
f 1046/1190/480 1033/1191/480 1034/1179/480
f 1047/1192/465 1034/1179/465 1035/1181/465
f 1036/1193/464 1047/1192/464 1035/1181/464
f 1037/1182/463 1048/1194/463 1036/1193/463
f 1050/1195/462 1037/1182/462 1038/1183/462
f 1051/1196/481 1038/1183/481 1039/1184/481
f 1052/1197/482 1039/1184/482 1040/1185/482
f 1053/1198/483 1040/1185/483 1041/1199/483
f 1042/1187/458 1053/1198/458 1041/1199/458
f 1055/1200/457 1042/1187/457 1043/1201/457
f 1056/1202/456 1043/1201/456 1044/1188/456
f 1009/1203/479 1056/1202/479 1045/1189/479
f 1010/1204/478 1045/1205/478 1046/1190/478
f 1047/1192/484 1010/1204/484 1046/1190/484
f 1012/1206/476 1047/1192/476 1048/1194/476
f 1049/1207/475 1012/1206/475 1048/1194/475
f 1014/1208/474 1049/1207/474 1050/1195/474
f 1015/1209/473 1050/1195/473 1051/1196/473
f 1016/1210/472 1051/1196/472 1052/1197/472
f 1017/1211/485 1052/1197/485 1053/1198/485
f 1054/1212/470 1017/1211/470 1053/1198/470
f 1019/1213/469 1054/1212/469 1055/1200/469
f 1056/1202/468 1019/1213/468 1055/1200/468
f 1069/1214/486 1068/1215/486 1057/1216/486
f 1058/1217/487 1069/1218/487 1057/1219/487
f 1059/1220/488 1070/1221/488 1058/1217/488
f 1072/1222/489 1059/1220/489 1060/1223/489
f 1073/1224/490 1060/1223/490 1061/1225/490
f 1062/1226/491 1073/1224/491 1061/1225/491
f 1063/1227/492 1074/1228/492 1062/1226/492
f 1076/1229/493 1063/1227/493 1064/1230/493
f 1077/1231/494 1064/1230/494 1065/1232/494
f 1078/1233/495 1065/1232/495 1066/1234/495
f 1067/1235/496 1078/1233/496 1066/1234/496
f 1080/1236/497 1067/1235/497 1068/1215/497
f 1081/1237/498 1080/1236/498 1069/1214/498
f 1070/1221/499 1081/1238/499 1069/1218/499
f 1083/1239/500 1070/1221/500 1071/1240/500
f 1072/1222/501 1083/1239/501 1071/1240/501
f 1085/1241/502 1072/1222/502 1073/1224/502
f 1086/1242/503 1073/1224/503 1074/1228/503
f 1087/1243/504 1074/1228/504 1075/1244/504
f 1088/1245/505 1075/1244/505 1076/1229/505
f 1077/1231/506 1088/1245/506 1076/1229/506
f 1090/1246/507 1077/1231/507 1078/1233/507
f 1079/1247/508 1090/1246/508 1078/1233/508
f 1092/1248/509 1079/1247/509 1080/1236/509
f 1081/1237/510 1104/1249/510 1092/1248/510
f 1094/1250/496 1081/1238/496 1082/1251/496
f 1095/1252/495 1082/1251/495 1083/1239/495
f 1084/1253/511 1095/1252/511 1083/1239/511
f 1097/1254/493 1084/1253/493 1085/1241/493
f 1086/1242/512 1097/1254/512 1085/1241/512
f 1099/1255/513 1086/1242/513 1087/1243/513
f 1100/1256/490 1087/1243/490 1088/1245/490
f 1089/1257/514 1100/1256/514 1088/1245/514
f 1102/1258/488 1089/1257/488 1090/1246/488
f 1103/1259/487 1090/1246/487 1091/1260/487
f 1104/1249/515 1091/1260/515 1092/1248/515
f 1057/1261/509 1104/1249/509 1093/1262/509
f 1058/1263/508 1093/1264/508 1094/1250/508
f 1095/1252/507 1058/1263/507 1094/1250/507
f 1060/1265/506 1095/1252/506 1096/1266/506
f 1097/1254/505 1060/1265/505 1096/1266/505
f 1062/1267/504 1097/1254/504 1098/1268/504
f 1063/1269/503 1098/1268/503 1099/1255/503
f 1064/1270/502 1099/1255/502 1100/1256/502
f 1065/1271/501 1100/1256/501 1101/1272/501
f 1102/1258/500 1065/1271/500 1101/1272/500
f 1067/1273/499 1102/1258/499 1103/1259/499
f 1104/1249/498 1067/1273/498 1103/1259/498
f 1117/1274/516 1116/1275/516 1105/1276/516
f 1118/1277/517 1105/1278/517 1106/1279/517
f 1119/1280/518 1106/1279/518 1107/1281/518
f 1120/1282/519 1107/1281/519 1108/1283/519
f 1109/1284/520 1120/1282/520 1108/1283/520
f 1122/1285/521 1109/1284/521 1110/1286/521
f 1123/1287/522 1110/1286/522 1111/1288/522
f 1124/1289/523 1111/1288/523 1112/1290/523
f 1113/1291/524 1124/1289/524 1112/1290/524
f 1126/1292/525 1113/1291/525 1114/1293/525
f 1115/1294/526 1126/1292/526 1114/1293/526
f 1128/1295/527 1115/1294/527 1116/1275/527
f 1129/1296/528 1128/1295/528 1117/1274/528
f 1118/1277/529 1129/1297/529 1117/1298/529
f 1131/1299/530 1118/1277/530 1119/1280/530
f 1120/1282/531 1131/1299/531 1119/1280/531
f 1133/1300/532 1120/1282/532 1121/1301/532
f 1134/1302/533 1121/1301/533 1122/1285/533
f 1135/1303/534 1122/1285/534 1123/1287/534
f 1136/1304/535 1123/1287/535 1124/1289/535
f 1125/1305/536 1136/1304/536 1124/1289/536
f 1138/1306/537 1125/1305/537 1126/1292/537
f 1127/1307/538 1138/1306/538 1126/1292/538
f 1140/1308/539 1127/1307/539 1128/1295/539
f 1129/1296/527 1152/1309/527 1140/1308/527
f 1142/1310/526 1129/1297/526 1130/1311/526
f 1131/1299/540 1142/1310/540 1130/1311/540
f 1144/1312/541 1131/1299/541 1132/1313/541
f 1133/1300/523 1144/1312/523 1132/1313/523
f 1134/1302/542 1145/1314/542 1133/1300/542
f 1147/1315/521 1134/1302/521 1135/1303/521
f 1148/1316/520 1135/1303/520 1136/1304/520
f 1149/1317/543 1136/1304/543 1137/1318/543
f 1138/1306/518 1149/1317/518 1137/1318/518
f 1139/1319/544 1150/1320/544 1138/1306/544
f 1152/1309/516 1139/1319/516 1140/1308/516
f 1105/1321/539 1152/1309/539 1141/1322/539
f 1142/1310/538 1105/1323/538 1141/1324/538
f 1107/1325/537 1142/1310/537 1143/1326/537
f 1108/1327/536 1143/1326/536 1144/1312/536
f 1145/1314/535 1108/1327/535 1144/1312/535
f 1110/1328/534 1145/1314/534 1146/1329/534
f 1111/1330/533 1146/1329/533 1147/1315/533
f 1112/1331/532 1147/1315/532 1148/1316/532
f 1113/1332/531 1148/1316/531 1149/1317/531
f 1150/1320/530 1113/1332/530 1149/1317/530
f 1115/1333/529 1150/1320/529 1151/1334/529
f 1152/1309/528 1115/1333/528 1151/1334/528
f 1153/1335/545 1176/1336/545 1164/1337/545
f 1154/1338/546 1165/1339/546 1153/1340/546
f 1167/1341/547 1154/1338/547 1155/1342/547
f 1168/1343/548 1155/1342/548 1156/1344/548
f 1157/1345/549 1168/1343/549 1156/1344/549
f 1158/1346/550 1169/1347/550 1157/1345/550
f 1171/1348/551 1158/1346/551 1159/1349/551
f 1160/1350/552 1171/1348/552 1159/1349/552
f 1161/1351/553 1172/1352/553 1160/1350/553
f 1174/1353/554 1161/1351/554 1162/1354/554
f 1175/1355/555 1162/1354/555 1163/1356/555
f 1176/1336/556 1163/1356/556 1164/1337/556
f 1177/1357/557 1176/1336/557 1165/1358/557
f 1178/1359/558 1165/1339/558 1166/1360/558
f 1179/1361/559 1166/1360/559 1167/1341/559
f 1168/1343/560 1179/1361/560 1167/1341/560
f 1181/1362/561 1168/1343/561 1169/1347/561
f 1182/1363/562 1169/1347/562 1170/1364/562
f 1183/1365/563 1170/1364/563 1171/1348/563
f 1184/1366/564 1171/1348/564 1172/1352/564
f 1173/1367/565 1184/1366/565 1172/1352/565
f 1186/1368/566 1173/1367/566 1174/1353/566
f 1175/1355/567 1186/1368/567 1174/1353/567
f 1188/1369/568 1175/1355/568 1176/1336/568
f 1189/1370/569 1188/1369/569 1177/1357/569
f 1190/1371/570 1177/1372/570 1178/1359/570
f 1191/1373/571 1178/1359/571 1179/1361/571
f 1192/1374/572 1179/1361/572 1180/1375/572
f 1181/1362/552 1192/1374/552 1180/1375/552
f 1182/1363/573 1193/1376/573 1181/1362/573
f 1195/1377/574 1182/1363/574 1183/1365/574
f 1196/1378/549 1183/1365/549 1184/1366/549
f 1185/1379/575 1196/1378/575 1184/1366/575
f 1186/1368/576 1197/1380/576 1185/1379/576
f 1199/1381/546 1186/1368/546 1187/1382/546
f 1200/1383/545 1187/1382/545 1188/1369/545
f 1189/1370/568 1164/1384/568 1200/1383/568
f 1154/1385/567 1189/1386/567 1190/1371/567
f 1191/1373/566 1154/1385/566 1190/1371/566
f 1156/1387/565 1191/1373/565 1192/1374/565
f 1193/1376/564 1156/1387/564 1192/1374/564
f 1158/1388/563 1193/1376/563 1194/1389/563
f 1159/1390/562 1194/1389/562 1195/1377/562
f 1160/1391/561 1195/1377/561 1196/1378/561
f 1161/1392/577 1196/1378/577 1197/1380/577
f 1198/1393/559 1161/1392/559 1197/1380/559
f 1163/1394/558 1198/1393/558 1199/1381/558
f 1164/1384/557 1199/1381/557 1200/1383/557
f 1201/1395/578 1224/1396/578 1212/1397/578
f 1202/1398/579 1213/1399/579 1201/1400/579
f 1215/1401/580 1202/1398/580 1203/1402/580
f 1216/1403/581 1203/1402/581 1204/1404/581
f 1217/1405/582 1204/1404/582 1205/1406/582
f 1218/1407/583 1205/1406/583 1206/1408/583
f 1219/1409/584 1206/1408/584 1207/1410/584
f 1220/1411/585 1207/1410/585 1208/1412/585
f 1221/1413/586 1208/1412/586 1209/1414/586
f 1222/1415/587 1209/1414/587 1210/1416/587
f 1211/1417/588 1222/1415/588 1210/1416/588
f 1212/1397/589 1223/1418/589 1211/1417/589
f 1225/1419/590 1224/1396/590 1213/1420/590
f 1226/1421/591 1213/1399/591 1214/1422/591
f 1227/1423/592 1214/1422/592 1215/1401/592
f 1216/1403/593 1227/1423/593 1215/1401/593
f 1229/1424/594 1216/1403/594 1217/1405/594
f 1230/1425/595 1217/1405/595 1218/1407/595
f 1231/1426/596 1218/1407/596 1219/1409/596
f 1232/1427/597 1219/1409/597 1220/1411/597
f 1221/1413/598 1232/1427/598 1220/1411/598
f 1234/1428/599 1221/1413/599 1222/1415/599
f 1223/1418/600 1234/1428/600 1222/1415/600
f 1236/1429/601 1223/1418/601 1224/1396/601
f 1237/1430/602 1236/1429/602 1225/1419/602
f 1238/1431/588 1225/1432/588 1226/1421/588
f 1239/1433/587 1226/1421/587 1227/1423/587
f 1240/1434/603 1227/1423/603 1228/1435/603
f 1241/1436/585 1228/1435/585 1229/1424/585
f 1230/1425/604 1241/1436/604 1229/1424/604
f 1243/1437/583 1230/1425/583 1231/1426/583
f 1244/1438/582 1231/1426/582 1232/1427/582
f 1245/1439/581 1232/1427/581 1233/1440/581
f 1234/1428/580 1245/1439/580 1233/1440/580
f 1247/1441/579 1234/1428/579 1235/1442/579
f 1248/1443/605 1235/1442/605 1236/1429/605
f 1201/1444/606 1248/1443/606 1237/1430/606
f 1202/1445/600 1237/1446/600 1238/1431/600
f 1239/1433/607 1202/1445/607 1238/1431/607
f 1204/1447/598 1239/1433/598 1240/1434/598
f 1241/1436/597 1204/1447/597 1240/1434/597
f 1206/1448/596 1241/1436/596 1242/1449/596
f 1207/1450/608 1242/1449/608 1243/1437/608
f 1208/1451/594 1243/1437/594 1244/1438/594
f 1209/1452/593 1244/1438/593 1245/1439/593
f 1246/1453/592 1209/1452/592 1245/1439/592
f 1211/1454/591 1246/1453/591 1247/1441/591
f 1248/1443/590 1211/1454/590 1247/1441/590
f 1261/1455/609 1260/1456/609 1249/1457/609
f 1262/1458/610 1249/1459/610 1250/1460/610
f 1263/1461/611 1250/1460/611 1251/1462/611
f 1264/1463/612 1251/1462/612 1252/1464/612
f 1253/1465/613 1264/1463/613 1252/1464/613
f 1266/1466/614 1253/1465/614 1254/1467/614
f 1255/1468/615 1266/1466/615 1254/1467/615
f 1268/1469/616 1255/1468/616 1256/1470/616
f 1269/1471/617 1256/1470/617 1257/1472/617
f 1258/1473/618 1269/1471/618 1257/1472/618
f 1271/1474/619 1258/1473/619 1259/1475/619
f 1260/1456/620 1271/1474/620 1259/1475/620
f 1273/1476/621 1272/1477/621 1261/1455/621
f 1262/1458/622 1273/1478/622 1261/1479/622
f 1275/1480/623 1262/1458/623 1263/1461/623
f 1264/1463/624 1275/1480/624 1263/1461/624
f 1277/1481/625 1264/1463/625 1265/1482/625
f 1278/1483/626 1265/1482/626 1266/1466/626
f 1279/1484/627 1266/1466/627 1267/1485/627
f 1280/1486/628 1267/1485/628 1268/1469/628
f 1269/1471/629 1280/1486/629 1268/1469/629
f 1282/1487/630 1269/1471/630 1270/1488/630
f 1283/1489/631 1270/1488/631 1271/1474/631
f 1284/1490/632 1271/1474/632 1272/1477/632
f 1273/1476/620 1296/1491/620 1284/1490/620
f 1286/1492/633 1273/1478/633 1274/1493/633
f 1275/1480/634 1286/1492/634 1274/1493/634
f 1276/1494/635 1287/1495/635 1275/1480/635
f 1277/1481/616 1288/1496/616 1276/1494/616
f 1278/1483/636 1289/1497/636 1277/1481/636
f 1291/1498/614 1278/1483/614 1279/1484/614
f 1280/1486/613 1291/1498/613 1279/1484/613
f 1281/1499/637 1292/1500/637 1280/1486/637
f 1294/1501/611 1281/1499/611 1282/1487/611
f 1283/1489/610 1294/1501/610 1282/1487/610
f 1296/1491/609 1283/1489/609 1284/1490/609
f 1249/1502/632 1296/1491/632 1285/1503/632
f 1250/1504/631 1285/1505/631 1286/1492/631
f 1287/1495/630 1250/1504/630 1286/1492/630
f 1252/1506/638 1287/1495/638 1288/1496/638
f 1253/1507/628 1288/1496/628 1289/1497/628
f 1254/1508/627 1289/1497/627 1290/1509/627
f 1255/1510/626 1290/1509/626 1291/1498/626
f 1256/1511/625 1291/1498/625 1292/1500/625
f 1257/1512/624 1292/1500/624 1293/1513/624
f 1294/1501/623 1257/1512/623 1293/1513/623
f 1259/1514/622 1294/1501/622 1295/1515/622
f 1296/1491/621 1259/1514/621 1295/1515/621
f 1309/1516/639 1308/1517/639 1297/1518/639
f 1310/1519/640 1297/1520/640 1298/1521/640
f 1299/1522/641 1310/1519/641 1298/1521/641
f 1312/1523/642 1299/1522/642 1300/1524/642
f 1313/1525/643 1300/1524/643 1301/1526/643
f 1314/1527/644 1301/1526/644 1302/1528/644
f 1315/1529/645 1302/1528/645 1303/1530/645
f 1316/1531/646 1303/1530/646 1304/1532/646
f 1317/1533/647 1304/1532/647 1305/1534/647
f 1306/1535/648 1317/1533/648 1305/1534/648
f 1319/1536/649 1306/1535/649 1307/1537/649
f 1320/1538/650 1307/1537/650 1308/1517/650
f 1321/1539/651 1320/1538/651 1309/1516/651
f 1310/1519/652 1321/1540/652 1309/1541/652
f 1323/1542/653 1310/1519/653 1311/1543/653
f 1312/1523/654 1323/1542/654 1311/1543/654
f 1325/1544/655 1312/1523/655 1313/1525/655
f 1314/1527/656 1325/1544/656 1313/1525/656
f 1327/1545/657 1314/1527/657 1315/1529/657
f 1328/1546/658 1315/1529/658 1316/1531/658
f 1317/1533/659 1328/1546/659 1316/1531/659
f 1330/1547/660 1317/1533/660 1318/1548/660
f 1319/1536/661 1330/1547/661 1318/1548/661
f 1332/1549/662 1319/1536/662 1320/1538/662
f 1321/1539/650 1344/1550/650 1332/1549/650
f 1322/1551/649 1333/1552/649 1321/1540/649
f 1335/1553/648 1322/1551/648 1323/1542/648
f 1324/1554/647 1335/1553/647 1323/1542/647
f 1337/1555/646 1324/1554/646 1325/1544/646
f 1326/1556/663 1337/1555/663 1325/1544/663
f 1339/1557/664 1326/1556/664 1327/1545/664
f 1340/1558/643 1327/1545/643 1328/1546/643
f 1329/1559/665 1340/1558/665 1328/1546/665
f 1342/1560/641 1329/1559/641 1330/1547/641
f 1343/1561/640 1330/1547/640 1331/1562/640
f 1344/1550/666 1331/1562/666 1332/1549/666
f 1297/1563/662 1344/1550/662 1333/1564/662
f 1298/1565/667 1333/1552/667 1334/1566/667
f 1335/1553/660 1298/1565/660 1334/1566/660
f 1300/1567/659 1335/1553/659 1336/1568/659
f 1337/1555/658 1300/1567/658 1336/1568/658
f 1302/1569/657 1337/1555/657 1338/1570/657
f 1303/1571/668 1338/1570/668 1339/1557/668
f 1304/1572/655 1339/1557/655 1340/1558/655
f 1305/1573/654 1340/1558/654 1341/1574/654
f 1342/1560/653 1305/1573/653 1341/1574/653
f 1307/1575/652 1342/1560/652 1343/1561/652
f 1344/1550/651 1307/1575/651 1343/1561/651
f 1345/1576/669 1368/1577/669 1356/1578/669
f 1346/1579/670 1357/1580/670 1345/1581/670
f 1359/1582/671 1346/1579/671 1347/1583/671
f 1348/1584/672 1359/1582/672 1347/1583/672
f 1361/1585/673 1348/1584/673 1349/1586/673
f 1350/1587/674 1361/1585/674 1349/1586/674
f 1363/1588/675 1350/1587/675 1351/1589/675
f 1364/1590/676 1351/1589/676 1352/1591/676
f 1353/1592/677 1364/1590/677 1352/1591/677
f 1354/1593/678 1365/1594/678 1353/1592/678
f 1367/1595/679 1354/1593/679 1355/1596/679
f 1368/1577/680 1355/1596/680 1356/1578/680
f 1369/1597/681 1368/1577/681 1357/1598/681
f 1358/1599/682 1369/1600/682 1357/1580/682
f 1371/1601/683 1358/1599/683 1359/1582/683
f 1360/1602/684 1371/1601/684 1359/1582/684
f 1373/1603/685 1360/1602/685 1361/1585/685
f 1362/1604/686 1373/1603/686 1361/1585/686
f 1375/1605/687 1362/1604/687 1363/1588/687
f 1376/1606/688 1363/1588/688 1364/1590/688
f 1365/1594/689 1376/1606/689 1364/1590/689
f 1378/1607/690 1365/1594/690 1366/1608/690
f 1367/1595/691 1378/1607/691 1366/1608/691
f 1380/1609/692 1367/1595/692 1368/1577/692
f 1381/1610/680 1380/1609/680 1369/1597/680
f 1370/1611/693 1381/1612/693 1369/1600/693
f 1371/1601/678 1382/1613/678 1370/1611/678
f 1384/1614/677 1371/1601/677 1372/1615/677
f 1373/1603/676 1384/1614/676 1372/1615/676
f 1386/1616/675 1373/1603/675 1374/1617/675
f 1387/1618/694 1374/1617/694 1375/1605/694
f 1388/1619/673 1375/1605/673 1376/1606/673
f 1377/1620/672 1388/1619/672 1376/1606/672
f 1390/1621/671 1377/1620/671 1378/1607/671
f 1391/1622/670 1378/1607/670 1379/1623/670
f 1380/1609/669 1391/1622/669 1379/1623/669
f 1345/1624/695 1392/1625/695 1381/1610/695
f 1346/1626/691 1381/1612/691 1382/1613/691
f 1383/1627/690 1346/1626/690 1382/1613/690
f 1348/1628/689 1383/1627/689 1384/1614/689
f 1349/1629/688 1384/1614/688 1385/1630/688
f 1350/1631/687 1385/1630/687 1386/1616/687
f 1351/1632/686 1386/1616/686 1387/1618/686
f 1352/1633/685 1387/1618/685 1388/1619/685
f 1353/1634/684 1388/1619/684 1389/1635/684
f 1390/1621/683 1353/1634/683 1389/1635/683
f 1355/1636/682 1390/1621/682 1391/1622/682
f 1392/1625/681 1355/1636/681 1391/1622/681
f 1393/1637/696 1416/1638/696 1404/1639/696
f 1406/1640/697 1393/1641/697 1394/1642/697
f 1395/1643/698 1406/1640/698 1394/1642/698
f 1408/1644/699 1395/1643/699 1396/1645/699
f 1409/1646/700 1396/1645/700 1397/1647/700
f 1398/1648/701 1409/1646/701 1397/1647/701
f 1411/1649/702 1398/1648/702 1399/1650/702
f 1412/1651/703 1399/1650/703 1400/1652/703
f 1401/1653/704 1412/1651/704 1400/1652/704
f 1414/1654/705 1401/1653/705 1402/1655/705
f 1403/1656/706 1414/1654/706 1402/1655/706
f 1416/1638/707 1403/1656/707 1404/1639/707
f 1417/1657/708 1416/1638/708 1405/1658/708
f 1406/1640/709 1417/1659/709 1405/1660/709
f 1419/1661/710 1406/1640/710 1407/1662/710
f 1408/1644/711 1419/1661/711 1407/1662/711
f 1421/1663/712 1408/1644/712 1409/1646/712
f 1422/1664/713 1409/1646/713 1410/1665/713
f 1423/1666/714 1410/1665/714 1411/1649/714
f 1424/1667/715 1411/1649/715 1412/1651/715
f 1413/1668/716 1424/1667/716 1412/1651/716
f 1426/1669/717 1413/1668/717 1414/1654/717
f 1415/1670/718 1426/1669/718 1414/1654/718
f 1428/1671/719 1415/1670/719 1416/1638/719
f 1429/1672/707 1428/1671/707 1417/1657/707
f 1418/1673/720 1429/1674/720 1417/1659/720
f 1431/1675/721 1418/1673/721 1419/1661/721
f 1432/1676/722 1419/1661/722 1420/1677/722
f 1433/1678/723 1420/1677/723 1421/1663/723
f 1434/1679/702 1421/1663/702 1422/1664/702
f 1423/1666/701 1434/1679/701 1422/1664/701
f 1436/1680/700 1423/1666/700 1424/1667/700
f 1425/1681/724 1436/1680/724 1424/1667/724
f 1438/1682/725 1425/1681/725 1426/1669/725
f 1439/1683/697 1426/1669/697 1427/1684/697
f 1440/1685/726 1427/1684/726 1428/1671/726
f 1393/1686/727 1440/1685/727 1429/1672/727
f 1394/1687/718 1429/1674/718 1430/1688/718
f 1431/1675/728 1394/1687/728 1430/1688/728
f 1396/1689/716 1431/1675/716 1432/1676/716
f 1433/1678/715 1396/1689/715 1432/1676/715
f 1398/1690/714 1433/1678/714 1434/1679/714
f 1399/1691/729 1434/1679/729 1435/1692/729
f 1400/1693/712 1435/1692/712 1436/1680/712
f 1401/1694/711 1436/1680/711 1437/1695/711
f 1438/1682/710 1401/1694/710 1437/1695/710
f 1403/1696/709 1438/1682/709 1439/1683/709
f 1440/1685/708 1403/1696/708 1439/1683/708
f 1453/1697/730 1452/1698/730 1441/1699/730
f 1442/1700/731 1453/1701/731 1441/1702/731
f 1443/1703/732 1454/1704/732 1442/1700/732
f 1456/1705/733 1443/1703/733 1444/1706/733
f 1457/1707/734 1444/1706/734 1445/1708/734
f 1458/1709/735 1445/1708/735 1446/1710/735
f 1459/1711/736 1446/1710/736 1447/1712/736
f 1460/1713/737 1447/1712/737 1448/1714/737
f 1461/1715/738 1448/1714/738 1449/1716/738
f 1450/1717/739 1461/1715/739 1449/1716/739
f 1463/1718/740 1450/1717/740 1451/1719/740
f 1464/1720/741 1451/1719/741 1452/1698/741
f 1465/1721/742 1464/1720/742 1453/1697/742
f 1466/1722/743 1453/1701/743 1454/1704/743
f 1467/1723/744 1454/1704/744 1455/1724/744
f 1456/1705/745 1467/1723/745 1455/1724/745
f 1469/1725/746 1456/1705/746 1457/1707/746
f 1470/1726/747 1457/1707/747 1458/1709/747
f 1471/1727/748 1458/1709/748 1459/1711/748
f 1472/1728/749 1459/1711/749 1460/1713/749
f 1461/1715/750 1472/1728/750 1460/1713/750
f 1474/1729/751 1461/1715/751 1462/1730/751
f 1463/1718/752 1474/1729/752 1462/1730/752
f 1476/1731/753 1463/1718/753 1464/1720/753
f 1465/1721/754 1488/1732/754 1476/1731/754
f 1478/1733/740 1465/1734/740 1466/1722/740
f 1479/1735/739 1466/1722/739 1467/1723/739
f 1480/1736/738 1467/1723/738 1468/1737/738
f 1469/1725/737 1480/1736/737 1468/1737/737
f 1470/1726/755 1481/1738/755 1469/1725/755
f 1483/1739/756 1470/1726/756 1471/1727/756
f 1472/1728/734 1483/1739/734 1471/1727/734
f 1485/1740/757 1472/1728/757 1473/1741/757
f 1474/1729/732 1485/1740/732 1473/1741/732
f 1487/1742/731 1474/1729/731 1475/1743/731
f 1476/1731/730 1487/1742/730 1475/1743/730
f 1441/1744/753 1488/1732/753 1477/1745/753
f 1442/1746/752 1477/1747/752 1478/1733/752
f 1479/1735/751 1442/1746/751 1478/1733/751
f 1444/1748/750 1479/1735/750 1480/1736/750
f 1481/1738/749 1444/1748/749 1480/1736/749
f 1446/1749/748 1481/1738/748 1482/1750/748
f 1447/1751/758 1482/1750/758 1483/1739/758
f 1448/1752/759 1483/1739/759 1484/1753/759
f 1449/1754/745 1484/1753/745 1485/1740/745
f 1486/1755/744 1449/1754/744 1485/1740/744
f 1451/1756/743 1486/1755/743 1487/1742/743
f 1488/1732/760 1451/1756/760 1487/1742/760
f 1501/1757/761 1500/1758/761 1489/1759/761
f 1502/1760/762 1489/1761/762 1490/1762/762
f 1503/1763/763 1490/1762/763 1491/1764/763
f 1504/1765/764 1491/1764/764 1492/1766/764
f 1505/1767/765 1492/1766/765 1493/1768/765
f 1506/1769/766 1493/1768/766 1494/1770/766
f 1495/1771/767 1506/1769/767 1494/1770/767
f 1508/1772/768 1495/1771/768 1496/1773/768
f 1497/1774/769 1508/1772/769 1496/1773/769
f 1510/1775/770 1497/1774/770 1498/1776/770
f 1499/1777/771 1510/1775/771 1498/1776/771
f 1512/1778/772 1499/1777/772 1500/1758/772
f 1513/1779/773 1512/1778/773 1501/1757/773
f 1502/1760/774 1513/1780/774 1501/1781/774
f 1515/1782/775 1502/1760/775 1503/1763/775
f 1504/1765/776 1515/1782/776 1503/1763/776
f 1517/1783/777 1504/1765/777 1505/1767/777
f 1518/1784/778 1505/1767/778 1506/1769/778
f 1519/1785/779 1506/1769/779 1507/1786/779
f 1520/1787/780 1507/1786/780 1508/1772/780
f 1509/1788/781 1520/1787/781 1508/1772/781
f 1522/1789/782 1509/1788/782 1510/1775/782
f 1511/1790/783 1522/1789/783 1510/1775/783
f 1524/1791/784 1511/1790/784 1512/1778/784
f 1513/1779/772 1536/1792/772 1524/1791/772
f 1526/1793/785 1513/1780/785 1514/1794/785
f 1515/1782/770 1526/1793/770 1514/1794/770
f 1528/1795/769 1515/1782/769 1516/1796/769
f 1517/1783/786 1528/1795/786 1516/1796/786
f 1530/1797/767 1517/1783/767 1518/1784/767
f 1519/1785/787 1530/1797/787 1518/1784/787
f 1532/1798/765 1519/1785/765 1520/1787/765
f 1533/1799/764 1520/1787/764 1521/1800/764
f 1522/1789/788 1533/1799/788 1521/1800/788
f 1535/1801/762 1522/1789/762 1523/1802/762
f 1536/1792/761 1523/1802/761 1524/1791/761
f 1525/1803/789 1500/1804/789 1536/1792/789
f 1490/1805/783 1525/1806/783 1526/1793/783
f 1527/1807/782 1490/1805/782 1526/1793/782
f 1492/1808/781 1527/1807/781 1528/1795/781
f 1529/1809/790 1492/1808/790 1528/1795/790
f 1494/1810/779 1529/1809/779 1530/1797/779
f 1495/1811/791 1530/1797/791 1531/1812/791
f 1496/1813/777 1531/1812/777 1532/1798/777
f 1497/1814/776 1532/1798/776 1533/1799/776
f 1534/1815/775 1497/1814/775 1533/1799/775
f 1499/1816/774 1534/1815/774 1535/1801/774
f 1500/1804/792 1535/1801/792 1536/1792/792
f 1537/1817/252 1560/1818/252 1548/1819/252
f 1538/1820/251 1549/1821/251 1537/1822/251
f 1551/1823/250 1538/1820/250 1539/1824/250
f 1540/1825/249 1551/1823/249 1539/1824/249
f 1553/1826/248 1540/1825/248 1541/1827/248
f 1542/1828/247 1553/1826/247 1541/1827/247
f 1555/1829/258 1542/1828/258 1543/1830/258
f 1556/1831/793 1543/1830/793 1544/1832/793
f 1557/1833/256 1544/1832/256 1545/1834/256
f 1558/1835/255 1545/1834/255 1546/1836/255
f 1559/1837/254 1546/1836/254 1547/1838/254
f 1560/1818/253 1547/1838/253 1548/1819/253
f 1561/1839/276 1560/1818/276 1549/1840/276
f 1562/1841/263 1549/1821/263 1550/1842/263
f 1563/1843/262 1550/1842/262 1551/1823/262
f 1552/1844/261 1563/1843/261 1551/1823/261
f 1565/1845/260 1552/1844/260 1553/1826/260
f 1566/1846/259 1553/1826/259 1554/1847/259
f 1567/1848/270 1554/1847/270 1555/1829/270
f 1556/1831/269 1567/1848/269 1555/1829/269
f 1569/1849/268 1556/1831/268 1557/1833/268
f 1570/1850/267 1557/1833/267 1558/1835/267
f 1559/1837/794 1570/1850/794 1558/1835/794
f 1572/1851/275 1559/1837/275 1560/1818/275
f 1561/1839/253 1584/1852/253 1572/1851/253
f 1562/1841/254 1573/1853/254 1561/1854/254
f 1575/1855/255 1562/1841/255 1563/1843/255
f 1576/1856/795 1563/1843/795 1564/1857/795
f 1577/1858/257 1564/1857/257 1565/1845/257
f 1578/1859/258 1565/1845/258 1566/1846/258
f 1579/1860/274 1566/1846/274 1567/1848/274
f 1580/1861/796 1567/1848/796 1568/1862/796
f 1569/1849/273 1580/1861/273 1568/1862/273
f 1582/1863/250 1569/1849/250 1570/1850/250
f 1583/1864/251 1570/1850/251 1571/1865/251
f 1584/1852/252 1571/1865/252 1572/1851/252
f 1537/1866/265 1584/1852/265 1573/1867/265
f 1538/1868/794 1573/1853/794 1574/1869/794
f 1575/1855/267 1538/1868/267 1574/1869/267
f 1540/1870/268 1575/1855/268 1576/1856/268
f 1577/1858/269 1540/1870/269 1576/1856/269
f 1542/1871/797 1577/1858/797 1578/1859/797
f 1543/1872/259 1578/1859/259 1579/1860/259
f 1544/1873/260 1579/1860/260 1580/1861/260
f 1545/1874/261 1580/1861/261 1581/1875/261
f 1582/1863/262 1545/1874/262 1581/1875/262
f 1547/1876/263 1582/1863/263 1583/1864/263
f 1584/1852/798 1547/1876/798 1583/1864/798
f 1585/1877/799 1608/1878/799 1596/1879/799
f 1598/1880/281 1585/1881/281 1586/1882/281
f 1599/1883/304 1586/1882/304 1587/1884/304
f 1588/1885/279 1599/1883/279 1587/1884/279
f 1589/1886/278 1600/1887/278 1588/1885/278
f 1602/1888/800 1589/1886/800 1590/1889/800
f 1603/1890/801 1590/1889/801 1591/1891/801
f 1604/1892/287 1591/1891/287 1592/1893/287
f 1593/1894/286 1604/1892/286 1592/1893/286
f 1606/1895/302 1593/1894/302 1594/1896/302
f 1607/1897/284 1594/1896/284 1595/1898/284
f 1608/1878/802 1595/1898/802 1596/1879/802
f 1609/1899/803 1608/1878/803 1597/1900/803
f 1610/1901/307 1597/1902/307 1598/1880/307
f 1611/1903/297 1598/1880/297 1599/1883/297
f 1600/1887/298 1611/1903/298 1599/1883/298
f 1613/1904/299 1600/1887/299 1601/1905/299
f 1614/1906/300 1601/1905/300 1602/1888/300
f 1615/1907/804 1602/1888/804 1603/1890/804
f 1616/1908/805 1603/1890/805 1604/1892/805
f 1605/1909/291 1616/1908/291 1604/1892/291
f 1618/1910/292 1605/1909/292 1606/1895/292
f 1607/1897/293 1618/1910/293 1606/1895/293
f 1620/1911/294 1607/1897/294 1608/1878/294
f 1621/1912/283 1620/1911/283 1609/1899/283
f 1610/1901/284 1621/1913/284 1609/1914/284
f 1623/1915/302 1610/1901/302 1611/1903/302
f 1624/1916/286 1611/1903/286 1612/1917/286
f 1613/1904/287 1624/1916/287 1612/1917/287
f 1614/1906/801 1625/1918/801 1613/1904/801
f 1627/1919/806 1614/1906/806 1615/1907/806
f 1628/1920/278 1615/1907/278 1616/1908/278
f 1617/1921/279 1628/1920/279 1616/1908/279
f 1618/1910/304 1629/1922/304 1617/1921/304
f 1631/1923/281 1618/1910/281 1619/1924/281
f 1632/1925/807 1619/1924/807 1620/1911/807
f 1585/1926/294 1632/1925/294 1621/1912/294
f 1586/1927/293 1621/1913/293 1622/1928/293
f 1623/1915/292 1586/1927/292 1622/1928/292
f 1588/1929/808 1623/1915/808 1624/1916/808
f 1589/1930/290 1624/1916/290 1625/1918/290
f 1590/1931/289 1625/1918/289 1626/1932/289
f 1591/1933/300 1626/1932/300 1627/1919/300
f 1592/1934/299 1627/1919/299 1628/1920/299
f 1593/1935/298 1628/1920/298 1629/1922/298
f 1630/1936/306 1593/1935/306 1629/1922/306
f 1595/1937/307 1630/1936/307 1631/1923/307
f 1632/1925/295 1595/1937/295 1631/1923/295
f 1645/1938/809 1644/1939/809 1633/1940/809
f 1634/1941/369 1645/1942/369 1633/1943/369
f 1647/1944/368 1634/1941/368 1635/1945/368
f 1648/1946/367 1635/1945/367 1636/1947/367
f 1637/1948/366 1648/1946/366 1636/1947/366
f 1650/1949/365 1637/1948/365 1638/1950/365
f 1651/1951/376 1638/1950/376 1639/1952/376
f 1640/1953/375 1651/1951/375 1639/1952/375
f 1653/1954/374 1640/1953/374 1641/1955/374
f 1642/1956/373 1653/1954/373 1641/1955/373
f 1655/1957/391 1642/1956/391 1643/1958/391
f 1644/1939/392 1655/1957/392 1643/1958/392
f 1657/1959/383 1656/1960/383 1645/1938/383
f 1646/1961/384 1657/1962/384 1645/1942/384
f 1659/1963/385 1646/1961/385 1647/1944/385
f 1648/1946/386 1659/1963/386 1647/1944/386
f 1661/1964/387 1648/1946/387 1649/1965/387
f 1650/1949/394 1661/1964/394 1649/1965/394
f 1663/1966/810 1650/1949/810 1651/1951/810
f 1664/1967/395 1651/1951/395 1652/1968/395
f 1653/1954/811 1664/1967/811 1652/1968/811
f 1666/1969/380 1653/1954/380 1654/1970/380
f 1655/1957/381 1666/1969/381 1654/1970/381
f 1668/1971/382 1655/1957/382 1656/1960/382
f 1669/1972/371 1668/1971/371 1657/1959/371
f 1670/1973/391 1657/1962/391 1658/1974/391
f 1659/1963/812 1670/1973/812 1658/1974/812
f 1672/1975/813 1659/1963/813 1660/1976/813
f 1673/1977/375 1660/1976/375 1661/1964/375
f 1674/1978/814 1661/1964/814 1662/1979/814
f 1675/1980/815 1662/1979/815 1663/1966/815
f 1676/1981/366 1663/1966/366 1664/1967/366
f 1665/1982/816 1676/1981/816 1664/1967/816
f 1678/1983/817 1665/1982/817 1666/1969/817
f 1679/1984/369 1666/1969/369 1667/1985/369
f 1680/1986/809 1667/1985/809 1668/1971/809
f 1633/1987/382 1680/1986/382 1669/1972/382
f 1634/1988/381 1669/1989/381 1670/1973/381
f 1671/1990/380 1634/1988/380 1670/1973/380
f 1636/1991/379 1671/1990/379 1672/1975/379
f 1637/1992/395 1672/1975/395 1673/1977/395
f 1638/1993/377 1673/1977/377 1674/1978/377
f 1639/1994/394 1674/1978/394 1675/1980/394
f 1640/1995/387 1675/1980/387 1676/1981/387
f 1641/1996/386 1676/1981/386 1677/1997/386
f 1678/1983/385 1641/1996/385 1677/1997/385
f 1643/1998/384 1678/1983/384 1679/1984/384
f 1680/1986/383 1643/1998/383 1679/1984/383
f 1693/1999/818 1692/2000/818 1681/2001/818
f 1694/2002/401 1681/2003/401 1682/2004/401
f 1695/2005/400 1682/2004/400 1683/2006/400
f 1696/2007/399 1683/2006/399 1684/2008/399
f 1697/2009/398 1684/2008/398 1685/2010/398
f 1698/2011/397 1685/2010/397 1686/2012/397
f 1699/2013/421 1686/2012/421 1687/2014/421
f 1688/2015/422 1699/2013/422 1687/2014/422
f 1701/2016/406 1688/2015/406 1689/2017/406
f 1690/2018/405 1701/2016/405 1689/2017/405
f 1703/2019/404 1690/2018/404 1691/2020/404
f 1704/2021/423 1691/2020/423 1692/2000/423
f 1705/2022/427 1704/2021/427 1693/1999/427
f 1694/2002/416 1705/2023/416 1693/2024/416
f 1707/2025/417 1694/2002/417 1695/2005/417
f 1696/2007/418 1707/2025/418 1695/2005/418
f 1709/2026/419 1696/2007/419 1697/2009/419
f 1710/2027/426 1697/2009/426 1698/2011/426
f 1711/2028/819 1698/2011/819 1699/2013/819
f 1712/2029/410 1699/2013/410 1700/2030/410
f 1701/2016/411 1712/2029/411 1700/2030/411
f 1714/2031/412 1701/2016/412 1702/2032/412
f 1703/2019/413 1714/2031/413 1702/2032/413
f 1716/2033/414 1703/2019/414 1704/2021/414
f 1705/2022/423 1728/2034/423 1716/2033/423
f 1718/2035/404 1705/2023/404 1706/2036/404
f 1707/2025/405 1718/2035/405 1706/2036/405
f 1720/2037/406 1707/2025/406 1708/2038/406
f 1721/2039/422 1708/2038/422 1709/2026/422
f 1722/2040/421 1709/2026/421 1710/2027/421
f 1723/2041/425 1710/2027/425 1711/2028/425
f 1724/2042/398 1711/2028/398 1712/2029/398
f 1725/2043/399 1712/2029/399 1713/2044/399
f 1726/2045/400 1713/2044/400 1714/2031/400
f 1715/2046/401 1726/2045/401 1714/2031/401
f 1728/2034/818 1715/2046/818 1716/2033/818
f 1681/2047/820 1728/2034/820 1717/2048/820
f 1682/2049/413 1717/2050/413 1718/2035/413
f 1719/2051/412 1682/2049/412 1718/2035/412
f 1684/2052/411 1719/2051/411 1720/2037/411
f 1685/2053/410 1720/2037/410 1721/2039/410
f 1686/2054/409 1721/2039/409 1722/2040/409
f 1687/2055/426 1722/2040/426 1723/2041/426
f 1688/2056/419 1723/2041/419 1724/2042/419
f 1689/2057/418 1724/2042/418 1725/2043/418
f 1726/2045/417 1689/2057/417 1725/2043/417
f 1691/2058/416 1726/2045/416 1727/2059/416
f 1728/2034/427 1691/2058/427 1727/2059/427
f 1741/2060/433 1740/2061/433 1729/2062/433
f 1742/2063/432 1729/2064/432 1730/2065/432
f 1743/2066/431 1730/2065/431 1731/2067/431
f 1744/2068/430 1731/2067/430 1732/2069/430
f 1745/2070/429 1732/2069/429 1733/2071/429
f 1746/2072/453 1733/2071/453 1734/2073/453
f 1747/2074/439 1734/2073/439 1735/2075/439
f 1748/2076/438 1735/2075/438 1736/2077/438
f 1737/2078/437 1748/2076/437 1736/2077/437
f 1750/2079/436 1737/2078/436 1738/2080/436
f 1739/2081/435 1750/2079/435 1738/2080/435
f 1752/2082/821 1739/2081/821 1740/2061/821
f 1753/2083/455 1752/2082/455 1741/2060/455
f 1742/2063/447 1753/2084/447 1741/2085/447
f 1755/2086/448 1742/2063/448 1743/2066/448
f 1744/2068/449 1755/2086/449 1743/2066/449
f 1757/2087/450 1744/2068/450 1745/2070/450
f 1746/2072/451 1757/2087/451 1745/2070/451
f 1759/2088/822 1746/2072/822 1747/2074/822
f 1760/2089/441 1747/2074/441 1748/2076/441
f 1749/2090/442 1760/2089/442 1748/2076/442
f 1762/2091/443 1749/2090/443 1750/2079/443
f 1751/2092/444 1762/2091/444 1750/2079/444
f 1764/2093/445 1751/2092/445 1752/2082/445
f 1753/2083/821 1776/2094/821 1764/2093/821
f 1766/2095/435 1753/2084/435 1754/2096/435
f 1767/2097/436 1754/2096/436 1755/2086/436
f 1756/2098/437 1767/2097/437 1755/2086/437
f 1769/2099/438 1756/2098/438 1757/2087/438
f 1770/2100/823 1757/2087/823 1758/2101/823
f 1771/2102/824 1758/2101/824 1759/2088/824
f 1760/2089/429 1771/2102/429 1759/2088/429
f 1773/2103/430 1760/2089/430 1761/2104/430
f 1762/2091/431 1773/2103/431 1761/2104/431
f 1775/2105/432 1762/2091/432 1763/2106/432
f 1776/2094/433 1763/2106/433 1764/2093/433
f 1729/2107/445 1776/2094/445 1765/2108/445
f 1766/2095/444 1729/2109/444 1765/2110/444
f 1731/2111/443 1766/2095/443 1767/2097/443
f 1732/2112/442 1767/2097/442 1768/2113/442
f 1733/2114/441 1768/2113/441 1769/2099/441
f 1734/2115/440 1769/2099/440 1770/2100/440
f 1735/2116/451 1770/2100/451 1771/2102/451
f 1736/2117/450 1771/2102/450 1772/2118/450
f 1737/2119/449 1772/2118/449 1773/2103/449
f 1774/2120/448 1737/2119/448 1773/2103/448
f 1739/2121/447 1774/2120/447 1775/2105/447
f 1776/2094/455 1739/2121/455 1775/2105/455
f 1777/2122/481 1800/2123/481 1788/2124/481
f 1790/2125/482 1777/2126/482 1778/2127/482
f 1791/2128/483 1778/2127/483 1779/2129/483
f 1792/2130/825 1779/2129/825 1780/2131/825
f 1793/2132/457 1780/2131/457 1781/2133/457
f 1794/2134/826 1781/2133/826 1782/2135/826
f 1795/2136/467 1782/2135/467 1783/2137/467
f 1796/2138/480 1783/2137/480 1784/2139/480
f 1797/2140/827 1784/2139/827 1785/2141/827
f 1798/2142/464 1785/2141/464 1786/2143/464
f 1799/2144/463 1786/2143/463 1787/2145/463
f 1800/2123/462 1787/2145/462 1788/2124/462
f 1801/2146/474 1800/2123/474 1789/2147/474
f 1790/2125/475 1801/2148/475 1789/2149/475
f 1803/2150/476 1790/2125/476 1791/2128/476
f 1792/2130/828 1803/2150/828 1791/2128/828
f 1805/2151/478 1792/2130/478 1793/2132/478
f 1806/2152/479 1793/2132/479 1794/2134/479
f 1807/2153/468 1794/2134/468 1795/2136/468
f 1808/2154/829 1795/2136/829 1796/2138/829
f 1797/2140/470 1808/2154/470 1796/2138/470
f 1810/2155/471 1797/2140/471 1798/2142/471
f 1799/2144/472 1810/2155/472 1798/2142/472
f 1812/2156/473 1799/2144/473 1800/2123/473
f 1813/2157/462 1812/2156/462 1801/2146/462
f 1802/2158/463 1813/2159/463 1801/2148/463
f 1815/2160/830 1802/2158/830 1803/2150/830
f 1804/2161/827 1815/2160/827 1803/2150/827
f 1805/2151/831 1816/2162/831 1804/2161/831
f 1806/2152/467 1817/2163/467 1805/2151/467
f 1819/2164/456 1806/2152/456 1807/2153/456
f 1820/2165/457 1807/2153/457 1808/2154/457
f 1821/2166/458 1808/2154/458 1809/2167/458
f 1810/2155/459 1821/2166/459 1809/2167/459
f 1823/2168/482 1810/2155/482 1811/2169/482
f 1824/2170/481 1811/2169/481 1812/2156/481
f 1777/2171/473 1824/2170/473 1813/2157/473
f 1778/2172/472 1813/2159/472 1814/2173/472
f 1815/2160/471 1778/2172/471 1814/2173/471
f 1780/2174/470 1815/2160/470 1816/2162/470
f 1817/2163/469 1780/2174/469 1816/2162/469
f 1818/2175/468 1781/2176/468 1817/2163/468
f 1783/2177/479 1818/2175/479 1819/2164/479
f 1784/2178/478 1819/2164/478 1820/2165/478
f 1785/2179/477 1820/2165/477 1821/2166/477
f 1822/2180/476 1785/2179/476 1821/2166/476
f 1787/2181/475 1822/2180/475 1823/2168/475
f 1824/2170/474 1787/2181/474 1823/2168/474
f 1837/2182/832 1836/2183/832 1825/2184/832
f 1826/2185/490 1837/2186/490 1825/2187/490
f 1839/2188/833 1826/2185/833 1827/2189/833
f 1840/2190/488 1827/2189/488 1828/2191/488
f 1829/2192/487 1840/2190/487 1828/2191/487
f 1830/2193/834 1841/2194/834 1829/2192/834
f 1831/2195/835 1842/2196/835 1830/2193/835
f 1844/2197/496 1831/2195/496 1832/2198/496
f 1833/2199/495 1844/2197/495 1832/2198/495
f 1834/2200/511 1845/2201/511 1833/2199/511
f 1847/2202/493 1834/2200/493 1835/2203/493
f 1836/2183/512 1847/2202/512 1835/2203/512
f 1849/2204/504 1848/2205/504 1837/2182/504
f 1838/2206/505 1849/2207/505 1837/2186/505
f 1851/2208/506 1838/2206/506 1839/2188/506
f 1840/2190/836 1851/2208/836 1839/2188/836
f 1853/2209/508 1840/2190/508 1841/2194/508
f 1854/2210/509 1841/2194/509 1842/2196/509
f 1855/2211/498 1842/2196/498 1843/2212/498
f 1844/2197/499 1855/2211/499 1843/2212/499
f 1857/2213/500 1844/2197/500 1845/2201/500
f 1858/2214/837 1845/2201/837 1846/2215/837
f 1847/2202/502 1858/2214/502 1846/2215/502
f 1860/2216/503 1847/2202/503 1848/2205/503
f 1849/2204/492 1872/2217/492 1860/2216/492
f 1850/2218/493 1861/2219/493 1849/2207/493
f 1863/2220/511 1850/2218/511 1851/2208/511
f 1864/2221/495 1851/2208/495 1852/2222/495
f 1865/2223/496 1852/2222/496 1853/2209/496
f 1866/2224/835 1853/2209/835 1854/2210/835
f 1867/2225/838 1854/2210/838 1855/2211/838
f 1856/2226/487 1867/2225/487 1855/2211/487
f 1869/2227/839 1856/2226/839 1857/2213/839
f 1870/2228/514 1857/2213/514 1858/2214/514
f 1871/2229/490 1858/2214/490 1859/2230/490
f 1872/2217/832 1859/2230/832 1860/2216/832
f 1825/2231/503 1872/2217/503 1861/2232/503
f 1826/2233/840 1861/2219/840 1862/2234/840
f 1863/2220/837 1826/2233/837 1862/2234/837
f 1828/2235/500 1863/2220/500 1864/2221/500
f 1829/2236/499 1864/2221/499 1865/2223/499
f 1830/2237/498 1865/2223/498 1866/2224/498
f 1831/2238/509 1866/2224/509 1867/2225/509
f 1868/2239/508 1831/2238/508 1867/2225/508
f 1833/2240/836 1868/2239/836 1869/2227/836
f 1870/2228/506 1833/2240/506 1869/2227/506
f 1835/2241/505 1870/2228/505 1871/2229/505
f 1872/2217/504 1835/2241/504 1871/2229/504
f 1885/2242/841 1884/2243/841 1873/2244/841
f 1886/2245/842 1873/2246/842 1874/2247/842
f 1887/2248/519 1874/2247/519 1875/2249/519
f 1888/2250/843 1875/2249/843 1876/2251/843
f 1889/2252/544 1876/2251/544 1877/2253/544
f 1878/2254/844 1889/2252/844 1877/2253/844
f 1891/2255/527 1878/2254/527 1879/2256/527
f 1880/2257/526 1891/2255/526 1879/2256/526
f 1893/2258/845 1880/2257/845 1881/2259/845
f 1882/2260/846 1893/2258/846 1881/2259/846
f 1895/2261/523 1882/2260/523 1883/2262/523
f 1896/2263/522 1883/2262/522 1884/2243/522
f 1897/2264/534 1896/2263/534 1885/2242/534
f 1898/2265/535 1885/2266/535 1886/2245/535
f 1899/2267/536 1886/2245/536 1887/2248/536
f 1888/2250/537 1899/2267/537 1887/2248/537
f 1901/2268/538 1888/2250/538 1889/2252/538
f 1902/2269/539 1889/2252/539 1890/2270/539
f 1903/2271/528 1890/2270/528 1891/2255/528
f 1904/2272/529 1891/2255/529 1892/2273/529
f 1893/2258/530 1904/2272/530 1892/2273/530
f 1906/2274/531 1893/2258/531 1894/2275/531
f 1895/2261/532 1906/2274/532 1894/2275/532
f 1908/2276/533 1895/2261/533 1896/2263/533
f 1909/2277/542 1908/2276/542 1897/2264/542
f 1910/2278/847 1897/2279/847 1898/2265/847
f 1911/2280/541 1898/2265/541 1899/2267/541
f 1912/2281/540 1899/2267/540 1900/2282/540
f 1901/2268/526 1912/2281/526 1900/2282/526
f 1902/2269/527 1913/2283/527 1901/2268/527
f 1903/2271/516 1914/2284/516 1902/2269/516
f 1904/2272/544 1915/2285/544 1903/2271/544
f 1917/2286/848 1904/2272/848 1905/2287/848
f 1906/2274/519 1917/2286/519 1905/2287/519
f 1907/2288/520 1918/2289/520 1906/2274/520
f 1908/2276/521 1919/2290/521 1907/2288/521
f 1873/2291/533 1920/2292/533 1909/2277/533
f 1874/2293/532 1909/2294/532 1910/2278/532
f 1911/2280/531 1874/2293/531 1910/2278/531
f 1876/2295/530 1911/2280/530 1912/2281/530
f 1913/2283/529 1876/2295/529 1912/2281/529
f 1878/2296/528 1913/2283/528 1914/2284/528
f 1879/2297/539 1914/2284/539 1915/2285/539
f 1916/2298/538 1879/2297/538 1915/2285/538
f 1881/2299/537 1916/2298/537 1917/2286/537
f 1918/2289/536 1881/2299/536 1917/2286/536
f 1883/2300/535 1918/2289/535 1919/2290/535
f 1920/2292/534 1883/2300/534 1919/2290/534
f 1933/2301/550 1932/2302/550 1921/2303/550
f 1934/2304/549 1921/2305/549 1922/2306/549
f 1935/2307/548 1922/2306/548 1923/2308/548
f 1936/2309/547 1923/2308/547 1924/2310/547
f 1937/2311/546 1924/2310/546 1925/2312/546
f 1926/2313/849 1937/2311/849 1925/2312/849
f 1939/2314/569 1926/2313/569 1927/2315/569
f 1940/2316/555 1927/2315/555 1928/2317/555
f 1941/2318/850 1928/2317/850 1929/2319/850
f 1930/2320/851 1941/2318/851 1929/2319/851
f 1943/2321/852 1930/2320/852 1931/2322/852
f 1944/2323/551 1931/2322/551 1932/2302/551
f 1945/2324/563 1944/2323/563 1933/2301/563
f 1946/2325/564 1933/2326/564 1934/2304/564
f 1947/2327/565 1934/2304/565 1935/2307/565
f 1936/2309/566 1947/2327/566 1935/2307/566
f 1949/2328/567 1936/2309/567 1937/2311/567
f 1950/2329/568 1937/2311/568 1938/2330/568
f 1951/2331/557 1938/2330/557 1939/2314/557
f 1940/2316/558 1951/2331/558 1939/2314/558
f 1953/2332/559 1940/2316/559 1941/2318/559
f 1954/2333/560 1941/2318/560 1942/2334/560
f 1943/2321/561 1954/2333/561 1942/2334/561
f 1956/2335/562 1943/2321/562 1944/2323/562
f 1957/2336/853 1956/2335/853 1945/2324/853
f 1946/2325/552 1957/2337/552 1945/2338/552
f 1959/2339/572 1946/2325/572 1947/2327/572
f 1960/2340/571 1947/2327/571 1948/2341/571
f 1961/2342/555 1948/2341/555 1949/2328/555
f 1962/2343/556 1949/2328/556 1950/2329/556
f 1963/2344/854 1950/2329/854 1951/2331/854
f 1964/2345/546 1951/2331/546 1952/2346/546
f 1965/2347/576 1952/2346/576 1953/2332/576
f 1954/2333/575 1965/2347/575 1953/2332/575
f 1967/2348/549 1954/2333/549 1955/2349/549
f 1968/2350/574 1955/2349/574 1956/2335/574
f 1921/2351/562 1968/2350/562 1957/2336/562
f 1922/2352/561 1957/2337/561 1958/2353/561
f 1959/2339/560 1922/2352/560 1958/2353/560
f 1924/2354/559 1959/2339/559 1960/2340/559
f 1961/2342/558 1924/2354/558 1960/2340/558
f 1926/2355/557 1961/2342/557 1962/2343/557
f 1927/2356/568 1962/2343/568 1963/2344/568
f 1964/2345/567 1927/2356/567 1963/2344/567
f 1929/2357/566 1964/2345/566 1965/2347/566
f 1966/2358/565 1929/2357/565 1965/2347/565
f 1931/2359/564 1966/2358/564 1967/2348/564
f 1968/2350/563 1931/2359/563 1967/2348/563
f 1969/2360/855 1992/2361/855 1980/2362/855
f 1982/2363/582 1969/2364/582 1970/2365/582
f 1983/2366/581 1970/2365/581 1971/2367/581
f 1984/2368/856 1971/2367/856 1972/2369/856
f 1973/2370/579 1984/2368/579 1972/2369/579
f 1974/2371/857 1985/2372/857 1973/2370/857
f 1987/2373/858 1974/2371/858 1975/2374/858
f 1976/2375/588 1987/2373/588 1975/2374/588
f 1977/2376/587 1988/2377/587 1976/2375/587
f 1990/2378/859 1977/2376/859 1978/2379/859
f 1991/2380/585 1978/2379/585 1979/2381/585
f 1992/2361/860 1979/2381/860 1980/2362/860
f 1993/2382/596 1992/2361/596 1981/2383/596
f 1994/2384/597 1981/2385/597 1982/2363/597
f 1995/2386/598 1982/2363/598 1983/2366/598
f 1984/2368/599 1995/2386/599 1983/2366/599
f 1997/2387/600 1984/2368/600 1985/2372/600
f 1998/2388/601 1985/2372/601 1986/2389/601
f 1999/2390/590 1986/2389/590 1987/2373/590
f 2000/2391/591 1987/2373/591 1988/2377/591
f 1989/2392/861 2000/2391/861 1988/2377/861
f 2002/2393/593 1989/2392/593 1990/2378/593
f 1991/2380/594 2002/2393/594 1990/2378/594
f 2004/2394/595 1991/2380/595 1992/2361/595
f 2005/2395/862 2004/2394/862 1993/2382/862
f 2006/2396/585 1993/2397/585 1994/2384/585
f 2007/2398/603 1994/2384/603 1995/2386/603
f 2008/2399/587 1995/2386/587 1996/2400/587
f 1997/2387/588 2008/2399/588 1996/2400/588
f 2010/2401/589 1997/2387/589 1998/2388/589
f 2011/2402/857 1998/2388/857 1999/2390/857
f 2012/2403/579 1999/2390/579 2000/2391/579
f 2013/2404/580 2000/2391/580 2001/2405/580
f 2002/2393/581 2013/2404/581 2001/2405/581
f 2015/2406/582 2002/2393/582 2003/2407/582
f 2004/2394/855 2015/2406/855 2003/2407/855
f 1969/2408/595 2016/2409/595 2005/2395/595
f 1970/2410/594 2005/2411/594 2006/2396/594
f 2007/2398/593 1970/2410/593 2006/2396/593
f 1972/2412/861 2007/2398/861 2008/2399/861
f 2009/2413/863 1972/2412/863 2008/2399/863
f 1974/2414/590 2009/2413/590 2010/2401/590
f 1975/2415/601 2010/2401/601 2011/2402/601
f 1976/2416/600 2011/2402/600 2012/2403/600
f 1977/2417/864 2012/2403/864 2013/2404/864
f 2014/2418/598 1977/2417/598 2013/2404/598
f 1979/2419/865 2014/2418/865 2015/2406/865
f 2016/2409/596 1979/2419/596 2015/2406/596
f 2029/2420/614 2028/2421/614 2017/2422/614
f 2030/2423/866 2017/2424/866 2018/2425/866
f 2031/2426/637 2018/2425/637 2019/2427/637
f 2032/2428/867 2019/2427/867 2020/2429/867
f 2033/2430/610 2020/2429/610 2021/2431/610
f 2034/2432/868 2021/2431/868 2022/2433/868
f 2035/2434/620 2022/2433/620 2023/2435/620
f 2036/2436/869 2023/2435/869 2024/2437/869
f 2037/2438/618 2024/2437/618 2025/2439/618
f 2038/2440/635 2025/2439/635 2026/2441/635
f 2027/2442/616 2038/2440/616 2026/2441/616
f 2040/2443/636 2027/2442/636 2028/2421/636
f 2041/2444/627 2040/2443/627 2029/2420/627
f 2042/2445/628 2029/2446/628 2030/2423/628
f 2043/2447/638 2030/2423/638 2031/2426/638
f 2032/2428/630 2043/2447/630 2031/2426/630
f 2045/2448/631 2032/2428/631 2033/2430/631
f 2034/2432/632 2045/2448/632 2033/2430/632
f 2047/2449/621 2034/2432/621 2035/2434/621
f 2048/2450/622 2035/2434/622 2036/2436/622
f 2037/2438/870 2048/2450/870 2036/2436/870
f 2050/2451/624 2037/2438/624 2038/2440/624
f 2039/2452/625 2050/2451/625 2038/2440/625
f 2052/2453/626 2039/2452/626 2040/2443/626
f 2041/2444/636 2064/2454/636 2052/2453/636
f 2054/2455/616 2041/2456/616 2042/2445/616
f 2043/2447/635 2054/2455/635 2042/2445/635
f 2056/2457/634 2043/2447/634 2044/2458/634
f 2057/2459/869 2044/2458/869 2045/2448/869
f 2058/2460/871 2045/2448/871 2046/2461/871
f 2059/2462/609 2046/2461/609 2047/2449/609
f 2060/2463/610 2047/2449/610 2048/2450/610
f 2049/2464/611 2060/2463/611 2048/2450/611
f 2062/2465/637 2049/2464/637 2050/2451/637
f 2063/2466/613 2050/2451/613 2051/2467/613
f 2064/2454/872 2051/2467/872 2052/2453/872
f 2017/2468/626 2064/2454/626 2053/2469/626
f 2018/2470/625 2053/2471/625 2054/2455/625
f 2055/2472/624 2018/2470/624 2054/2455/624
f 2020/2473/623 2055/2472/623 2056/2457/623
f 2057/2459/622 2020/2473/622 2056/2457/622
f 2022/2474/621 2057/2459/621 2058/2460/621
f 2023/2475/632 2058/2460/632 2059/2462/632
f 2024/2476/873 2059/2462/873 2060/2463/873
f 2025/2477/630 2060/2463/630 2061/2478/630
f 2062/2465/638 2025/2477/638 2061/2478/638
f 2027/2479/628 2062/2465/628 2063/2466/628
f 2064/2454/627 2027/2479/627 2063/2466/627
f 2065/2480/874 2088/2481/874 2076/2482/874
f 2066/2483/643 2077/2484/643 2065/2485/643
f 2079/2486/642 2066/2483/642 2067/2487/642
f 2068/2488/641 2079/2486/641 2067/2487/641
f 2081/2489/875 2068/2488/875 2069/2490/875
f 2070/2491/639 2081/2489/639 2069/2490/639
f 2083/2492/876 2070/2491/876 2071/2493/876
f 2084/2494/649 2071/2493/649 2072/2495/649
f 2073/2496/648 2084/2494/648 2072/2495/648
f 2086/2497/647 2073/2496/647 2074/2498/647
f 2087/2499/646 2074/2498/646 2075/2500/646
f 2076/2482/663 2087/2499/663 2075/2500/663
f 2089/2501/657 2088/2481/657 2077/2502/657
f 2078/2503/658 2089/2504/658 2077/2484/658
f 2091/2505/659 2078/2503/659 2079/2486/659
f 2080/2506/660 2091/2505/660 2079/2486/660
f 2093/2507/661 2080/2506/661 2081/2489/661
f 2094/2508/662 2081/2489/662 2082/2509/662
f 2095/2510/651 2082/2509/651 2083/2492/651
f 2096/2511/652 2083/2492/652 2084/2494/652
f 2085/2512/653 2096/2511/653 2084/2494/653
f 2098/2513/654 2085/2512/654 2086/2497/654
f 2087/2499/655 2098/2513/655 2086/2497/655
f 2100/2514/668 2087/2499/668 2088/2481/668
f 2101/2515/877 2100/2514/877 2089/2501/877
f 2102/2516/646 2089/2504/646 2090/2517/646
f 2103/2518/647 2090/2517/647 2091/2505/647
f 2104/2519/648 2091/2505/648 2092/2520/648
f 2105/2521/649 2092/2520/649 2093/2507/649
f 2106/2522/650 2093/2507/650 2094/2508/650
f 2107/2523/639 2094/2508/639 2095/2510/639
f 2108/2524/875 2095/2510/875 2096/2511/875
f 2097/2525/641 2108/2524/641 2096/2511/641
f 2110/2526/642 2097/2525/642 2098/2513/642
f 2099/2527/643 2110/2526/643 2098/2513/643
f 2112/2528/874 2099/2527/874 2100/2514/874
f 2065/2529/656 2112/2528/656 2101/2515/656
f 2066/2530/878 2101/2531/878 2102/2516/878
f 2103/2518/654 2066/2530/654 2102/2516/654
f 2068/2532/653 2103/2518/653 2104/2519/653
f 2069/2533/652 2104/2519/652 2105/2521/652
f 2070/2534/651 2105/2521/651 2106/2522/651
f 2071/2535/879 2106/2522/879 2107/2523/879
f 2108/2524/661 2071/2535/661 2107/2523/661
f 2073/2536/660 2108/2524/660 2109/2537/660
f 2110/2526/659 2073/2536/659 2109/2537/659
f 2075/2538/658 2110/2526/658 2111/2539/658
f 2112/2528/657 2075/2538/657 2111/2539/657
f 2113/2540/694 2136/2541/694 2124/2542/694
f 2126/2543/673 2113/2544/673 2114/2545/673
f 2115/2546/672 2126/2543/672 2114/2545/672
f 2116/2547/671 2127/2548/671 2115/2546/671
f 2129/2549/670 2116/2547/670 2117/2550/670
f 2130/2551/880 2117/2550/880 2118/2552/880
f 2131/2553/881 2118/2552/881 2119/2554/881
f 2132/2555/679 2119/2554/679 2120/2556/679
f 2133/2557/678 2120/2556/678 2121/2558/678
f 2134/2559/677 2121/2558/677 2122/2560/677
f 2135/2561/676 2122/2560/676 2123/2562/676
f 2136/2541/882 2123/2562/882 2124/2542/882
f 2137/2563/883 2136/2541/883 2125/2564/883
f 2126/2543/688 2137/2565/688 2125/2566/688
f 2139/2567/689 2126/2543/689 2127/2548/689
f 2128/2568/690 2139/2567/690 2127/2548/690
f 2141/2569/884 2128/2568/884 2129/2549/884
f 2142/2570/692 2129/2549/692 2130/2551/692
f 2143/2571/885 2130/2551/885 2131/2553/885
f 2144/2572/682 2131/2553/682 2132/2555/682
f 2133/2557/683 2144/2572/683 2132/2555/683
f 2146/2573/684 2133/2557/684 2134/2559/684
f 2135/2561/886 2146/2573/886 2134/2559/886
f 2148/2574/887 2135/2561/887 2136/2541/887
f 2149/2575/882 2148/2574/882 2137/2563/882
f 2150/2576/676 2137/2565/676 2138/2577/676
f 2151/2578/677 2138/2577/677 2139/2567/677
f 2152/2579/678 2139/2567/678 2140/2580/678
f 2141/2569/679 2152/2579/679 2140/2580/679
f 2154/2581/881 2141/2569/881 2142/2570/881
f 2155/2582/669 2142/2570/669 2143/2571/669
f 2144/2572/670 2155/2582/670 2143/2571/670
f 2145/2583/671 2156/2584/671 2144/2572/671
f 2146/2573/672 2157/2585/672 2145/2583/672
f 2147/2586/673 2158/2587/673 2146/2573/673
f 2148/2574/694 2159/2588/694 2147/2586/694
f 2113/2589/887 2160/2590/887 2149/2575/887
f 2114/2591/685 2149/2592/685 2150/2576/685
f 2151/2578/684 2114/2591/684 2150/2576/684
f 2116/2593/683 2151/2578/683 2152/2579/683
f 2117/2594/682 2152/2579/682 2153/2595/682
f 2118/2596/681 2153/2595/681 2154/2581/681
f 2119/2597/692 2154/2581/692 2155/2582/692
f 2120/2598/884 2155/2582/884 2156/2584/884
f 2121/2599/690 2156/2584/690 2157/2585/690
f 2158/2587/689 2121/2599/689 2157/2585/689
f 2123/2600/688 2158/2587/688 2159/2588/688
f 2160/2590/687 2123/2600/687 2159/2588/687
f 2161/2601/701 2184/2602/701 2172/2603/701
f 2162/2604/700 2173/2605/700 2161/2606/700
f 2163/2607/699 2174/2608/699 2162/2604/699
f 2176/2609/698 2163/2607/698 2164/2610/698
f 2177/2611/697 2164/2610/697 2165/2612/697
f 2178/2613/726 2165/2612/726 2166/2614/726
f 2179/2615/888 2166/2614/888 2167/2616/888
f 2168/2617/720 2179/2615/720 2167/2616/720
f 2169/2618/705 2180/2619/705 2168/2617/705
f 2170/2620/704 2181/2621/704 2169/2618/704
f 2171/2622/703 2182/2623/703 2170/2620/703
f 2184/2602/889 2171/2622/889 2172/2603/889
f 2185/2624/714 2184/2602/714 2173/2625/714
f 2174/2608/715 2185/2626/715 2173/2605/715
f 2187/2627/716 2174/2608/716 2175/2628/716
f 2176/2609/728 2187/2627/728 2175/2628/728
f 2189/2629/718 2176/2609/718 2177/2611/718
f 2190/2630/727 2177/2611/727 2178/2613/727
f 2191/2631/708 2178/2613/708 2179/2615/708
f 2192/2632/709 2179/2615/709 2180/2619/709
f 2181/2621/710 2192/2632/710 2180/2619/710
f 2194/2633/711 2181/2621/711 2182/2623/711
f 2183/2634/712 2194/2633/712 2182/2623/712
f 2196/2635/713 2183/2634/713 2184/2602/713
f 2197/2636/889 2196/2635/889 2185/2624/889
f 2186/2637/723 2197/2638/723 2185/2626/723
f 2199/2639/722 2186/2637/722 2187/2627/722
f 2188/2640/890 2199/2639/890 2187/2627/890
f 2201/2641/720 2188/2640/720 2189/2629/720
f 2202/2642/888 2189/2629/888 2190/2630/888
f 2191/2631/726 2202/2642/726 2190/2630/726
f 2204/2643/697 2191/2631/697 2192/2632/697
f 2205/2644/891 2192/2632/891 2193/2645/891
f 2194/2633/892 2205/2644/892 2193/2645/892
f 2207/2646/700 2194/2633/700 2195/2647/700
f 2208/2648/701 2195/2647/701 2196/2635/701
f 2161/2649/713 2208/2648/713 2197/2636/713
f 2162/2650/712 2197/2638/712 2198/2651/712
f 2199/2639/711 2162/2650/711 2198/2651/711
f 2164/2652/710 2199/2639/710 2200/2653/710
f 2165/2654/709 2200/2653/709 2201/2641/709
f 2166/2655/708 2201/2641/708 2202/2642/708
f 2167/2656/893 2202/2642/893 2203/2657/893
f 2168/2658/718 2203/2657/718 2204/2643/718
f 2169/2659/728 2204/2643/728 2205/2644/728
f 2206/2660/716 2169/2659/716 2205/2644/716
f 2171/2661/715 2206/2660/715 2207/2646/715
f 2208/2648/714 2171/2661/714 2207/2646/714
f 2221/2662/894 2220/2663/894 2209/2664/894
f 2222/2665/734 2209/2666/734 2210/2667/734
f 2223/2668/757 2210/2667/757 2211/2669/757
f 2224/2670/895 2211/2669/895 2212/2671/895
f 2213/2672/731 2224/2670/731 2212/2671/731
f 2214/2673/896 2225/2674/896 2213/2672/896
f 2227/2675/754 2214/2673/754 2215/2676/754
f 2228/2677/897 2215/2676/897 2216/2678/897
f 2229/2679/898 2216/2678/898 2217/2680/898
f 2218/2681/899 2229/2679/899 2217/2680/899
f 2231/2682/737 2218/2681/737 2219/2683/737
f 2220/2663/900 2231/2682/900 2219/2683/900
f 2233/2684/748 2232/2685/748 2221/2662/748
f 2222/2665/749 2233/2686/749 2221/2687/749
f 2235/2688/750 2222/2665/750 2223/2668/750
f 2224/2670/751 2235/2688/751 2223/2668/751
f 2237/2689/752 2224/2670/752 2225/2674/752
f 2226/2690/901 2237/2689/901 2225/2674/901
f 2239/2691/742 2226/2690/742 2227/2675/742
f 2240/2692/743 2227/2675/743 2228/2677/743
f 2229/2679/744 2240/2692/744 2228/2677/744
f 2242/2693/745 2229/2679/745 2230/2694/745
f 2231/2682/746 2242/2693/746 2230/2694/746
f 2244/2695/747 2231/2682/747 2232/2685/747
f 2233/2684/736 2256/2696/736 2244/2695/736
f 2246/2697/737 2233/2686/737 2234/2698/737
f 2247/2699/738 2234/2698/738 2235/2688/738
f 2236/2700/739 2247/2699/739 2235/2688/739
f 2249/2701/740 2236/2700/740 2237/2689/740
f 2250/2702/902 2237/2689/902 2238/2703/902
f 2251/2704/903 2238/2703/903 2239/2691/903
f 2252/2705/731 2239/2691/731 2240/2692/731
f 2241/2706/732 2252/2705/732 2240/2692/732
f 2254/2707/757 2241/2706/757 2242/2693/757
f 2243/2708/734 2254/2707/734 2242/2693/734
f 2256/2696/904 2243/2708/904 2244/2695/904
f 2209/2709/905 2256/2696/905 2245/2710/905
f 2210/2711/759 2245/2712/759 2246/2697/759
f 2247/2699/906 2210/2711/906 2246/2697/906
f 2212/2713/744 2247/2699/744 2248/2714/744
f 2249/2701/743 2212/2713/743 2248/2714/743
f 2214/2715/742 2249/2701/742 2250/2702/742
f 2215/2716/901 2250/2702/901 2251/2704/901
f 2216/2717/907 2251/2704/907 2252/2705/907
f 2217/2718/751 2252/2705/751 2253/2719/751
f 2254/2707/750 2217/2718/750 2253/2719/750
f 2219/2720/749 2254/2707/749 2255/2721/749
f 2256/2696/908 2219/2720/908 2255/2721/908
f 2269/2722/787 2268/2723/787 2257/2724/787
f 2270/2725/765 2257/2726/765 2258/2727/765
f 2271/2728/909 2258/2727/909 2259/2729/909
f 2272/2730/788 2259/2729/788 2260/2731/788
f 2273/2732/762 2260/2731/762 2261/2733/762
f 2262/2734/761 2273/2732/761 2261/2733/761
f 2275/2735/772 2262/2734/772 2263/2736/772
f 2276/2737/771 2263/2736/771 2264/2738/771
f 2277/2739/910 2264/2738/910 2265/2740/910
f 2278/2741/911 2265/2740/911 2266/2742/911
f 2279/2743/786 2266/2742/786 2267/2744/786
f 2280/2745/767 2267/2744/767 2268/2723/767
f 2281/2746/779 2280/2745/779 2269/2722/779
f 2282/2747/790 2269/2748/790 2270/2725/790
f 2283/2749/781 2270/2725/781 2271/2728/781
f 2272/2730/782 2283/2749/782 2271/2728/782
f 2285/2750/912 2272/2730/912 2273/2732/912
f 2286/2751/913 2273/2732/913 2274/2752/913
f 2287/2753/792 2274/2752/792 2275/2735/792
f 2276/2737/774 2287/2753/774 2275/2735/774
f 2289/2754/775 2276/2737/775 2277/2739/775
f 2290/2755/776 2277/2739/776 2278/2741/776
f 2279/2743/777 2290/2755/777 2278/2741/777
f 2292/2756/914 2279/2743/914 2280/2745/914
f 2281/2746/767 2304/2757/767 2292/2756/767
f 2294/2758/786 2281/2759/786 2282/2747/786
f 2283/2749/769 2294/2758/769 2282/2747/769
f 2296/2760/770 2283/2749/770 2284/2761/770
f 2297/2762/785 2284/2761/785 2285/2750/785
f 2298/2763/772 2285/2750/772 2286/2751/772
f 2299/2764/761 2286/2751/761 2287/2753/761
f 2288/2765/762 2299/2764/762 2287/2753/762
f 2289/2754/763 2300/2766/763 2288/2765/763
f 2302/2767/909 2289/2754/909 2290/2755/909
f 2291/2768/765 2302/2767/765 2290/2755/765
f 2304/2757/787 2291/2768/787 2292/2756/787
f 2257/2769/791 2304/2757/791 2293/2770/791
f 2258/2771/777 2293/2772/777 2294/2758/777
f 2295/2773/776 2258/2771/776 2294/2758/776
f 2260/2774/775 2295/2773/775 2296/2760/775
f 2297/2762/774 2260/2774/774 2296/2760/774
f 2262/2775/792 2297/2762/792 2298/2763/792
f 2263/2776/789 2298/2763/789 2299/2764/789
f 2300/2766/783 2263/2776/783 2299/2764/783
f 2265/2777/782 2300/2766/782 2301/2778/782
f 2302/2767/781 2265/2777/781 2301/2778/781
f 2267/2779/790 2302/2767/790 2303/2780/790
f 2304/2757/779 2267/2779/779 2303/2780/779
f 1/1/363 13/25/363 24/2/363
f 2/4/2 14/26/2 13/5/2
f 15/7/3 14/26/3 2/4/3
f 16/9/4 15/7/4 3/8/4
f 17/11/5 16/9/5 4/10/5
f 18/13/193 17/11/193 5/12/193
f 19/15/194 18/13/194 6/14/194
f 20/17/8 19/15/8 7/16/8
f 21/19/9 20/17/9 8/18/9
f 10/21/10 22/33/10 21/19/10
f 23/22/11 22/33/11 10/21/11
f 24/2/341 23/22/341 11/23/341
f 25/24/13 36/36/13 24/2/13
f 14/26/14 26/38/14 25/27/14
f 27/28/15 26/38/15 14/26/15
f 28/29/16 27/28/16 15/7/16
f 17/11/915 29/42/915 28/29/915
f 30/30/18 29/42/18 17/11/18
f 31/31/19 30/30/19 18/13/19
f 32/32/20 31/31/20 19/15/20
f 21/19/21 33/34/21 32/32/21
f 22/33/22 34/46/22 33/34/22
f 35/35/23 34/46/23 22/33/23
f 36/36/196 35/35/196 23/22/196
f 25/24/25 37/50/25 48/37/25
f 26/38/916 38/52/916 37/39/916
f 39/40/27 38/52/27 26/38/27
f 40/41/198 39/40/198 27/28/198
f 29/42/29 41/55/29 40/41/29
f 42/43/338 41/55/338 29/42/338
f 43/44/339 42/43/339 30/30/339
f 44/45/32 43/44/32 31/31/32
f 33/34/33 45/47/33 44/45/33
f 34/46/34 46/60/34 45/47/34
f 47/48/35 46/60/35 34/46/35
f 48/37/360 47/48/360 35/35/360
f 49/49/37 60/63/37 48/37/37
f 50/51/38 49/65/38 37/39/38
f 39/40/917 51/53/917 50/51/917
f 40/41/359 52/68/359 51/53/359
f 53/54/358 52/68/358 40/41/358
f 54/56/918 53/54/918 41/55/918
f 43/44/43 55/72/43 54/56/43
f 56/57/919 55/72/919 43/44/919
f 57/58/206 56/57/206 44/45/206
f 58/59/46 57/58/46 45/47/46
f 59/61/47 58/59/47 46/60/47
f 48/37/48 60/63/48 59/61/48
f 49/49/920 61/77/920 72/62/920
f 62/64/50 61/79/50 49/65/50
f 63/66/921 62/64/921 50/51/921
f 64/67/333 63/66/333 51/53/333
f 65/69/208 64/67/208 52/68/208
f 66/70/922 65/69/922 53/54/922
f 67/71/55 66/70/55 54/56/55
f 56/57/56 68/84/56 67/71/56
f 69/73/57 68/84/57 56/57/57
f 70/74/210 69/73/210 57/58/210
f 71/75/209 70/74/209 58/59/209
f 60/63/60 72/62/60 71/75/60
f 73/76/329 84/87/329 72/62/329
f 74/78/330 73/90/330 61/79/330
f 75/80/63 74/78/63 62/64/63
f 64/67/64 76/81/64 75/80/64
f 65/69/65 77/93/65 76/81/65
f 78/82/66 77/93/66 65/69/66
f 79/83/67 78/82/67 66/70/67
f 68/84/213 80/97/213 79/83/213
f 81/85/69 80/97/69 68/84/69
f 82/86/70 81/85/70 69/73/70
f 71/75/71 83/99/71 82/86/71
f 84/87/332 83/99/332 71/75/332
f 73/76/216 85/102/216 96/88/216
f 86/89/74 85/105/74 73/90/74
f 75/80/75 87/107/75 86/89/75
f 88/91/76 87/107/76 75/80/76
f 89/92/77 88/91/77 76/81/77
f 90/94/78 89/92/78 77/93/78
f 91/95/79 90/94/79 78/82/79
f 92/96/80 91/95/80 79/83/80
f 93/98/219 92/96/219 80/97/219
f 82/86/82 94/100/82 93/98/82
f 83/99/83 95/101/83 94/100/83
f 84/87/217 96/88/217 95/101/217
f 85/102/326 97/117/326 108/103/326
f 86/89/86 98/118/86 97/104/86
f 99/106/87 98/118/87 86/89/87
f 100/108/88 99/106/88 87/107/88
f 101/109/89 100/108/89 88/91/89
f 102/110/90 101/109/90 89/92/90
f 103/111/91 102/110/91 90/94/91
f 104/112/92 103/111/92 91/95/92
f 105/113/354 104/112/354 92/96/354
f 106/114/94 105/113/94 93/98/94
f 107/115/95 106/114/95 94/100/95
f 108/103/221 107/115/221 95/101/221
f 109/116/353 120/127/353 108/103/353
f 98/118/98 110/129/98 109/119/98
f 111/120/99 110/129/99 98/118/99
f 112/121/100 111/120/100 99/106/100
f 101/109/222 113/133/222 112/121/222
f 114/122/102 113/133/102 101/109/102
f 115/123/323 114/122/323 102/110/323
f 116/124/104 115/123/104 103/111/104
f 117/125/105 116/124/105 104/112/105
f 106/114/106 118/138/106 117/125/106
f 119/126/107 118/138/107 106/114/107
f 120/127/223 119/126/223 107/115/223
f 109/116/225 121/140/225 132/128/225
f 110/129/110 122/142/110 121/130/110
f 123/131/923 122/142/923 110/129/923
f 124/132/112 123/131/112 111/120/112
f 113/133/350 125/146/350 124/132/350
f 126/134/320 125/146/320 113/133/320
f 127/135/230 126/134/230 114/122/230
f 116/124/116 128/150/116 127/135/116
f 129/136/228 128/150/228 116/124/228
f 130/137/227 129/136/227 117/125/227
f 131/139/119 130/137/119 118/138/119
f 132/128/120 131/139/120 119/126/120
f 121/140/317 133/154/317 144/141/317
f 122/142/318 134/156/318 133/143/318
f 135/144/123 134/156/123 122/142/123
f 136/145/124 135/144/124 123/131/124
f 125/146/125 137/158/125 136/145/125
f 138/147/231 137/158/231 125/146/231
f 139/148/234 138/147/234 126/134/234
f 140/149/128 139/148/128 127/135/128
f 129/136/233 141/151/233 140/149/233
f 130/137/347 142/164/347 141/151/347
f 143/152/131 142/164/131 130/137/131
f 144/141/924 143/152/924 131/139/924
f 145/153/237 156/166/237 144/141/237
f 146/155/236 145/169/236 133/143/236
f 135/144/135 147/157/135 146/155/135
f 136/145/136 148/159/136 147/157/136
f 137/158/137 149/172/137 148/159/137
f 150/160/345 149/172/345 137/158/345
f 139/148/238 151/175/238 150/160/238
f 152/161/140 151/175/140 139/148/140
f 153/162/141 152/161/141 140/149/141
f 154/163/142 153/162/142 141/151/142
f 155/165/143 154/163/143 142/164/143
f 156/166/316 155/165/316 143/152/316
f 157/167/925 168/180/925 156/166/925
f 158/168/146 157/182/146 145/169/146
f 147/157/147 159/170/147 158/168/147
f 148/159/148 160/184/148 159/170/148
f 161/171/149 160/184/149 148/159/149
f 162/173/239 161/171/239 149/172/239
f 163/174/926 162/173/926 150/160/926
f 152/161/152 164/188/152 163/174/152
f 165/176/153 164/188/153 152/161/153
f 166/177/154 165/176/154 153/162/154
f 155/165/927 167/178/927 166/177/927
f 156/166/156 168/180/156 167/178/156
f 169/179/311 180/191/311 168/180/311
f 170/181/158 169/194/158 157/182/158
f 159/170/159 171/195/159 170/181/159
f 172/183/160 171/195/160 159/170/160
f 173/185/161 172/183/161 160/184/161
f 174/186/241 173/185/241 161/171/241
f 175/187/928 174/186/928 162/173/928
f 164/188/164 176/189/164 175/187/164
f 165/176/165 177/200/165 176/189/165
f 178/190/166 177/200/166 165/176/166
f 167/178/167 179/203/167 178/190/167
f 180/191/929 179/203/929 167/178/929
f 169/179/169 181/205/169 192/192/169
f 182/193/170 181/208/170 169/194/170
f 171/195/308 183/209/308 182/193/308
f 184/196/172 183/209/172 171/195/172
f 185/197/173 184/196/173 172/183/173
f 186/198/930 185/197/930 173/185/930
f 187/199/175 186/198/175 174/186/175
f 176/189/176 188/201/176 187/199/176
f 177/200/177 189/202/177 188/201/177
f 178/190/178 190/204/178 189/202/178
f 179/203/179 191/216/179 190/204/179
f 192/192/310 191/216/310 179/203/310
f 181/205/181 193/218/181 204/206/181
f 194/207/182 193/220/182 181/208/182
f 183/209/931 195/222/931 194/207/931
f 196/210/184 195/222/184 183/209/184
f 197/211/185 196/210/185 184/196/185
f 186/198/342 198/225/342 197/211/342
f 199/212/187 198/225/187 186/198/187
f 200/213/188 199/212/188 187/199/188
f 201/214/189 200/213/189 188/201/189
f 190/204/190 202/227/190 201/214/190
f 203/215/191 202/227/191 190/204/191
f 204/206/343 203/215/343 191/216/343
f 205/217/6 216/231/6 204/206/6
f 194/207/5 206/233/5 205/219/5
f 207/221/4 206/233/4 194/207/4
f 208/223/3 207/221/3 195/222/3
f 197/211/2 209/237/2 208/223/2
f 210/224/363 209/237/363 197/211/363
f 199/212/341 211/240/341 210/224/341
f 212/226/11 211/240/11 199/212/11
f 201/214/10 213/228/10 212/226/10
f 202/227/9 214/243/9 213/228/9
f 215/229/8 214/243/8 202/227/8
f 204/206/194 216/231/194 215/229/194
f 205/217/18 217/246/18 228/230/18
f 218/232/17 217/248/17 205/219/17
f 219/234/16 218/232/16 206/233/16
f 220/235/15 219/234/15 207/221/15
f 221/236/14 220/235/14 208/223/14
f 222/238/13 221/236/13 209/237/13
f 223/239/24 222/238/24 210/224/24
f 224/241/23 223/239/23 211/240/23
f 213/228/22 225/255/22 224/241/22
f 226/242/21 225/255/21 213/228/21
f 227/244/20 226/242/20 214/243/20
f 228/230/19 227/244/19 215/229/19
f 229/245/338 240/257/338 228/230/338
f 230/247/29 229/260/29 217/248/29
f 231/249/198 230/247/198 218/232/198
f 232/250/27 231/249/27 219/234/27
f 233/251/26 232/250/26 220/235/26
f 222/238/25 234/264/25 233/251/25
f 235/252/360 234/264/360 222/238/360
f 236/253/35 235/252/35 223/239/35
f 237/254/34 236/253/34 224/241/34
f 226/242/33 238/268/33 237/254/33
f 239/256/32 238/268/32 226/242/32
f 240/257/339 239/256/339 227/244/339
f 241/258/918 252/271/918 240/257/918
f 242/259/41 241/273/41 229/260/41
f 243/261/40 242/259/40 230/247/40
f 232/250/39 244/262/39 243/261/39
f 233/251/38 245/276/38 244/262/38
f 246/263/37 245/276/37 233/251/37
f 247/265/48 246/263/48 234/264/48
f 248/266/47 247/265/47 235/252/47
f 249/267/46 248/266/46 236/253/46
f 238/268/206 250/281/206 249/267/206
f 251/269/44 250/281/44 238/268/44
f 240/257/43 252/271/43 251/269/43
f 253/270/54 264/282/54 252/271/54
f 254/272/208 253/285/208 241/273/208
f 243/261/333 255/274/333 254/272/333
f 244/262/51 256/287/51 255/274/51
f 257/275/50 256/287/50 244/262/50
f 258/277/49 257/275/49 245/276/49
f 247/265/60 259/278/60 258/277/60
f 248/266/209 260/292/209 259/278/209
f 261/279/58 260/292/58 248/266/58
f 262/280/57 261/279/57 249/267/57
f 251/269/932 263/295/932 262/280/932
f 264/282/55 263/295/55 251/269/55
f 253/270/331 265/296/331 276/283/331
f 266/284/65 265/299/65 253/285/65
f 255/274/64 267/301/64 266/284/64
f 268/286/63 267/301/63 255/274/63
f 269/288/330 268/286/330 256/287/330
f 270/289/933 269/288/933 257/275/933
f 271/290/332 270/289/332 258/277/332
f 272/291/934 271/290/934 259/278/934
f 273/293/70 272/291/70 260/292/70
f 274/294/69 273/293/69 261/279/69
f 263/295/213 275/309/213 274/294/213
f 276/283/67 275/309/67 263/295/67
f 265/296/78 277/311/78 288/297/78
f 278/298/77 277/313/77 265/299/77
f 279/300/76 278/298/76 266/284/76
f 280/302/75 279/300/75 267/301/75
f 281/303/74 280/302/74 268/286/74
f 282/304/216 281/303/216 269/288/216
f 283/305/84 282/304/84 270/289/84
f 284/306/83 283/305/83 271/290/83
f 285/307/82 284/306/82 272/291/82
f 286/308/219 285/307/219 273/293/219
f 275/309/80 287/323/80 286/308/80
f 288/297/79 287/323/79 275/309/79
f 289/310/327 300/325/327 288/297/327
f 278/298/89 290/326/89 289/312/89
f 291/314/88 290/326/88 278/298/88
f 292/315/87 291/314/87 279/300/87
f 293/316/86 292/315/86 280/302/86
f 294/317/326 293/316/326 281/303/326
f 295/318/221 294/317/221 282/304/221
f 296/319/95 295/318/95 283/305/95
f 297/320/328 296/319/328 284/306/328
f 298/321/93 297/320/93 285/307/93
f 299/322/92 298/321/92 286/308/92
f 288/297/935 300/325/935 299/322/935
f 301/324/322 312/337/322 300/325/322
f 290/326/101 302/338/101 301/327/101
f 303/328/100 302/338/100 290/326/100
f 304/329/99 303/328/99 291/314/99
f 305/330/352 304/329/352 292/315/352
f 306/331/97 305/330/97 293/316/97
f 307/332/108 306/331/108 294/317/108
f 308/333/107 307/332/107 295/318/107
f 309/334/106 308/333/106 296/319/106
f 298/321/105 310/345/105 309/334/105
f 311/335/104 310/345/104 298/321/104
f 300/325/323 312/337/323 311/335/323
f 313/336/320 324/348/320 312/337/320
f 302/338/113 314/350/113 313/339/113
f 315/340/936 314/350/936 302/338/936
f 316/341/111 315/340/111 303/328/111
f 305/330/110 317/342/110 316/341/110
f 306/331/109 318/355/109 317/342/109
f 319/343/120 318/355/120 306/331/120
f 320/344/119 319/343/119 307/332/119
f 309/334/227 321/346/227 320/344/227
f 310/345/117 322/359/117 321/346/117
f 323/347/116 322/359/116 310/345/116
f 324/348/230 323/347/230 311/335/230
f 313/336/231 325/362/231 336/349/231
f 314/350/346 326/364/346 325/351/346
f 327/352/124 326/364/124 314/350/124
f 328/353/123 327/352/123 315/340/123
f 317/342/122 329/367/122 328/353/122
f 330/354/317 329/367/317 317/342/317
f 331/356/232 330/354/232 318/355/232
f 332/357/131 331/356/131 319/343/131
f 333/358/347 332/357/347 320/344/347
f 322/359/129 334/372/129 333/358/129
f 335/360/128 334/372/128 322/359/128
f 324/348/127 336/349/127 335/360/127
f 337/361/345 348/375/345 336/349/345
f 338/363/137 337/377/137 325/351/137
f 327/352/136 339/365/136 338/363/136
f 328/353/135 340/379/135 339/365/135
f 341/366/236 340/379/236 328/353/236
f 342/368/133 341/366/133 329/367/133
f 331/356/316 343/369/316 342/368/316
f 332/357/143 344/383/143 343/369/143
f 345/370/142 344/383/142 332/357/142
f 346/371/937 345/370/937 333/358/937
f 347/373/140 346/371/140 334/372/140
f 336/349/139 348/375/139 347/373/139
f 349/374/938 360/387/938 348/375/938
f 350/376/149 349/390/149 337/377/149
f 351/378/148 350/376/148 338/363/148
f 340/379/147 352/392/147 351/378/147
f 353/380/146 352/392/146 340/379/146
f 354/381/145 353/380/145 341/366/145
f 355/382/939 354/381/939 342/368/939
f 344/383/155 356/395/155 355/382/155
f 357/384/154 356/395/154 344/383/154
f 358/385/153 357/384/153 345/370/153
f 359/386/152 358/385/152 346/371/152
f 360/387/151 359/386/151 347/373/151
f 349/374/241 361/400/241 372/388/241
f 362/389/161 361/402/161 349/390/161
f 363/391/160 362/389/160 350/376/160
f 352/392/159 364/404/159 363/391/159
f 365/393/158 364/404/158 352/392/158
f 354/381/311 366/408/311 365/393/311
f 367/394/929 366/408/929 354/381/929
f 356/395/167 368/411/167 367/394/167
f 369/396/166 368/411/166 356/395/166
f 370/397/165 369/396/165 357/384/165
f 371/398/164 370/397/164 358/385/164
f 372/388/928 371/398/928 359/386/928
f 373/399/930 384/414/930 372/388/930
f 362/389/173 374/403/173 373/401/173
f 363/391/940 375/405/940 374/403/940
f 364/404/171 376/419/171 375/405/171
f 377/406/170 376/419/170 364/404/170
f 378/407/941 377/406/941 365/393/941
f 379/409/180 378/407/180 366/408/180
f 380/410/179 379/409/179 367/394/179
f 381/412/178 380/410/178 368/411/178
f 370/397/177 382/424/177 381/412/177
f 383/413/176 382/424/176 370/397/176
f 384/414/309 383/413/309 371/398/309
f 373/399/342 1/2781/342 12/415/342
f 374/403/185 2/2782/185 1/416/185
f 3/417/184 2/2782/184 374/403/184
f 4/418/183 3/417/183 375/405/183
f 377/406/182 5/2783/182 4/418/182
f 6/420/244 5/2783/244 377/406/244
f 7/421/343 6/420/343 378/407/343
f 8/422/191 7/421/191 379/409/191
f 9/423/190 8/422/190 380/410/190
f 382/424/189 10/2784/189 9/423/189
f 11/425/188 10/2784/188 382/424/188
f 12/415/187 11/425/187 383/413/187
f 397/426/274 408/448/274 396/427/274
f 398/429/248 397/451/248 385/430/248
f 399/432/273 398/429/273 386/431/273
f 400/434/942 399/432/942 387/433/942
f 389/436/251 401/454/251 400/434/251
f 402/437/252 401/454/252 389/436/252
f 403/439/253 402/437/253 390/438/253
f 404/441/254 403/439/254 391/440/254
f 405/443/271 404/441/271 392/442/271
f 406/445/795 405/443/795 393/444/795
f 395/447/257 407/460/257 406/445/257
f 408/448/258 407/460/258 395/447/258
f 409/449/259 420/461/259 408/448/259
f 398/429/943 410/463/943 409/450/943
f 411/452/261 410/463/261 398/429/261
f 400/434/262 412/467/262 411/452/262
f 413/453/263 412/467/263 400/434/263
f 414/455/276 413/453/276 401/454/276
f 415/456/275 414/455/275 402/437/275
f 416/457/266 415/456/266 403/439/266
f 405/443/267 417/473/267 416/457/267
f 418/458/268 417/473/268 405/443/268
f 419/459/269 418/458/269 406/445/269
f 420/461/944 419/459/944 407/460/944
f 421/462/258 432/477/258 420/461/258
f 410/463/793 422/479/793 421/464/793
f 423/465/256 422/479/256 410/463/256
f 424/466/271 423/465/271 411/452/271
f 425/468/945 424/466/945 412/467/945
f 426/469/253 425/468/253 413/453/253
f 427/470/252 426/469/252 414/455/252
f 428/471/251 427/470/251 415/456/251
f 429/472/250 428/471/250 416/457/250
f 430/474/273 429/472/273 417/473/273
f 419/459/248 431/475/248 430/474/248
f 420/461/946 432/477/946 431/475/946
f 385/476/797 396/485/797 432/477/797
f 386/478/269 385/2785/269 421/464/269
f 423/465/268 387/2786/268 386/478/268
f 388/480/267 387/2786/267 423/465/267
f 425/468/266 389/2787/266 388/480/266
f 390/481/275 389/2787/275 425/468/275
f 391/482/264 390/481/264 426/469/264
f 428/471/263 392/2788/263 391/482/263
f 393/483/262 392/2788/262 428/471/262
f 430/474/261 394/2789/261 393/483/261
f 395/484/943 394/2789/943 430/474/943
f 396/485/259 395/484/259 431/475/259
f 433/486/806 445/510/806 456/487/806
f 446/489/278 445/512/278 433/490/278
f 447/492/279 446/489/279 434/491/279
f 448/494/304 447/492/304 435/493/304
f 449/496/281 448/494/281 436/495/281
f 438/498/799 450/516/799 449/496/799
f 451/499/802 450/516/802 438/498/802
f 452/501/284 451/499/284 439/500/284
f 453/503/302 452/501/302 440/502/302
f 454/505/286 453/503/286 441/504/286
f 455/507/947 454/505/947 442/506/947
f 456/487/801 455/507/801 443/508/801
f 457/509/948 468/520/948 456/487/948
f 458/511/805 457/523/805 445/512/805
f 459/513/808 458/511/808 446/489/808
f 448/494/292 460/526/292 459/513/292
f 461/514/293 460/526/293 448/494/293
f 462/515/294 461/514/294 449/496/294
f 463/517/295 462/515/295 450/516/295
f 464/518/307 463/517/307 451/499/307
f 453/503/306 465/531/306 464/518/306
f 466/519/298 465/531/298 453/503/298
f 455/507/299 467/534/299 466/519/299
f 468/520/949 467/534/949 455/507/949
f 469/521/288 480/536/288 468/520/288
f 458/511/287 470/538/287 469/522/287
f 471/524/286 470/538/286 458/511/286
f 472/525/302 471/524/302 459/513/302
f 473/527/284 472/525/284 460/526/284
f 474/528/950 473/527/950 461/514/950
f 463/517/807 475/542/807 474/528/807
f 476/529/281 475/542/281 463/517/281
f 477/530/304 476/529/304 464/518/304
f 478/532/279 477/530/279 465/531/279
f 479/533/278 478/532/278 466/519/278
f 468/520/951 480/536/951 479/533/951
f 433/535/300 444/2790/300 480/536/300
f 434/537/299 433/2791/299 469/522/299
f 471/524/298 435/2792/298 434/537/298
f 436/539/306 435/2792/306 471/524/306
f 473/527/307 437/2793/307 436/539/307
f 438/540/803 437/2793/803 473/527/803
f 439/541/294 438/540/294 474/528/294
f 440/543/293 439/541/293 475/542/293
f 441/544/292 440/543/292 476/529/292
f 478/532/808 442/2794/808 441/544/808
f 443/545/805 442/2794/805 478/532/805
f 480/536/804 444/2790/804 443/545/804
f 493/546/169 504/568/169 492/547/169
f 482/549/170 494/570/170 493/550/170
f 495/552/171 494/570/171 482/549/171
f 484/554/940 496/571/940 495/552/940
f 497/555/173 496/571/173 484/554/173
f 498/557/930 497/555/930 485/556/930
f 499/559/309 498/557/309 486/558/309
f 488/561/176 500/576/176 499/559/176
f 501/562/952 500/576/952 488/561/952
f 490/564/178 502/579/178 501/562/178
f 503/565/179 502/579/179 490/564/179
f 492/547/310 504/568/310 503/565/310
f 493/546/157 505/582/157 516/567/157
f 506/569/158 505/584/158 493/550/158
f 495/552/159 507/572/159 506/569/159
f 496/571/160 508/573/160 507/572/160
f 497/555/161 509/587/161 508/573/161
f 510/574/162 509/587/162 497/555/162
f 511/575/163 510/574/163 498/557/163
f 500/576/164 512/577/164 511/575/164
f 501/562/953 513/591/953 512/577/953
f 514/578/166 513/591/166 501/562/166
f 515/580/167 514/578/167 502/579/167
f 516/567/168 515/580/168 503/565/168
f 517/581/145 528/593/145 516/567/145
f 518/583/146 517/596/146 505/584/146
f 519/585/147 518/583/147 506/569/147
f 508/573/148 520/597/148 519/585/148
f 521/586/149 520/597/149 508/573/149
f 522/588/938 521/586/938 509/587/938
f 511/575/151 523/601/151 522/588/151
f 524/589/152 523/601/152 511/575/152
f 525/590/153 524/589/153 512/577/153
f 526/592/154 525/590/154 513/591/154
f 515/580/155 527/606/155 526/592/155
f 528/593/156 527/606/156 515/580/156
f 529/594/237 540/608/237 528/593/237
f 530/595/236 529/610/236 517/596/236
f 519/585/135 531/598/135 530/595/135
f 520/597/136 532/613/136 531/598/136
f 533/599/137 532/613/137 520/597/137
f 534/600/138 533/599/138 521/586/138
f 523/601/139 535/616/139 534/600/139
f 536/602/140 535/616/140 523/601/140
f 537/603/141 536/602/141 524/589/141
f 538/604/142 537/603/142 525/590/142
f 539/605/143 538/604/143 526/592/143
f 528/593/316 540/608/316 539/605/316
f 541/607/121 552/620/121 540/608/121
f 542/609/122 541/623/122 529/610/122
f 543/611/954 542/609/954 530/595/954
f 544/612/124 543/611/124 531/598/124
f 533/599/125 545/626/125 544/612/125
f 546/614/126 545/626/126 533/599/126
f 547/615/127 546/614/127 534/600/127
f 548/617/128 547/615/128 535/616/128
f 537/603/129 549/618/129 548/617/129
f 538/604/347 550/630/347 549/618/347
f 551/619/131 550/630/131 538/604/131
f 552/620/232 551/619/232 539/605/232
f 541/607/955 553/634/955 564/621/955
f 542/609/110 554/636/110 553/622/110
f 555/624/923 554/636/923 542/609/923
f 556/625/936 555/624/936 543/611/936
f 545/626/113 557/638/113 556/625/113
f 558/627/224 557/638/224 545/626/224
f 559/628/956 558/627/956 546/614/956
f 560/629/116 559/628/116 547/615/116
f 549/618/117 561/631/117 560/629/117
f 550/630/227 562/641/227 561/631/227
f 563/632/957 562/641/957 550/630/957
f 564/621/120 563/632/120 551/619/120
f 565/633/97 576/644/97 564/621/97
f 566/635/98 565/647/98 553/622/98
f 555/624/99 567/649/99 566/635/99
f 568/637/100 567/649/100 555/624/100
f 557/638/101 569/652/101 568/637/101
f 570/639/102 569/652/102 557/638/102
f 559/628/103 571/655/103 570/639/103
f 572/640/104 571/655/104 559/628/104
f 561/631/105 573/642/105 572/640/105
f 562/641/106 574/658/106 573/642/106
f 575/643/107 574/658/107 562/641/107
f 576/644/108 575/643/108 563/632/108
f 577/645/85 588/660/85 576/644/85
f 578/646/86 577/663/86 565/647/86
f 579/648/87 578/646/87 566/635/87
f 580/650/88 579/648/88 567/649/88
f 581/651/89 580/650/89 568/637/89
f 582/653/90 581/651/90 569/652/90
f 583/654/935 582/653/935 570/639/935
f 584/656/92 583/654/92 571/655/92
f 585/657/93 584/656/93 572/640/93
f 574/658/94 586/669/94 585/657/94
f 587/659/95 586/669/95 574/658/95
f 588/660/221 587/659/221 575/643/221
f 577/645/216 589/672/216 600/661/216
f 590/662/74 589/674/74 577/663/74
f 579/648/75 591/675/75 590/662/75
f 592/664/76 591/675/76 579/648/76
f 593/665/77 592/664/77 580/650/77
f 582/653/215 594/678/215 593/665/215
f 595/666/220 594/678/220 582/653/220
f 584/656/80 596/680/80 595/666/80
f 597/667/219 596/680/219 584/656/219
f 598/668/218 597/667/218 585/657/218
f 599/670/83 598/668/83 586/669/83
f 600/661/84 599/670/84 587/659/84
f 601/671/329 612/683/329 600/661/329
f 602/673/62 601/686/62 589/674/62
f 591/675/63 603/687/63 602/673/63
f 604/676/64 603/687/64 591/675/64
f 605/677/65 604/676/65 592/664/65
f 594/678/66 606/692/66 605/677/66
f 607/679/214 606/692/214 594/678/214
f 596/680/213 608/694/213 607/679/213
f 609/681/69 608/694/69 596/680/69
f 610/682/70 609/681/70 597/667/70
f 599/670/934 611/697/934 610/682/934
f 612/683/72 611/697/72 599/670/72
f 613/684/49 624/700/49 612/683/49
f 602/673/50 614/688/50 613/685/50
f 603/687/51 615/689/51 614/688/51
f 604/676/52 616/704/52 615/689/52
f 617/690/208 616/704/208 604/676/208
f 618/691/54 617/690/54 605/677/54
f 619/693/55 618/691/55 606/692/55
f 608/694/56 620/708/56 619/693/56
f 621/695/211 620/708/211 608/694/211
f 622/696/210 621/695/210 609/681/210
f 611/697/209 623/698/209 622/696/209
f 612/683/60 624/700/60 623/698/60
f 625/699/202 636/713/202 624/700/202
f 626/701/38 625/715/38 613/685/38
f 627/702/39 626/701/39 614/688/39
f 628/703/40 627/702/40 615/689/40
f 629/705/41 628/703/41 616/704/41
f 630/706/42 629/705/42 617/690/42
f 619/693/43 631/720/43 630/706/43
f 632/707/44 631/720/44 619/693/44
f 633/709/206 632/707/206 620/708/206
f 634/710/205 633/709/205 621/695/205
f 635/711/47 634/710/47 622/696/47
f 624/700/203 636/713/203 635/711/203
f 625/699/200 637/725/200 648/712/200
f 626/701/26 638/726/26 637/714/26
f 639/716/27 638/726/27 626/701/27
f 640/717/198 639/716/198 627/702/198
f 629/705/29 641/730/29 640/717/29
f 642/718/30 641/730/30 629/705/30
f 643/719/31 642/718/31 630/706/31
f 632/707/201 644/721/201 643/719/201
f 633/709/33 645/733/33 644/721/33
f 646/722/34 645/733/34 633/709/34
f 647/723/35 646/722/35 634/710/35
f 648/712/36 647/723/36 635/711/36
f 649/724/13 660/737/13 648/712/13
f 638/726/14 650/740/14 649/727/14
f 651/728/958 650/740/958 638/726/958
f 652/729/16 651/728/16 639/716/16
f 641/730/17 653/731/17 652/729/17
f 642/718/18 654/744/18 653/731/18
f 655/732/19 654/744/19 642/718/19
f 644/721/20 656/734/20 655/732/20
f 645/733/21 657/735/21 656/734/21
f 646/722/22 658/736/22 657/735/22
f 647/723/23 659/749/23 658/736/23
f 660/737/196 659/749/196 647/723/196
f 661/738/363 672/750/363 660/737/363
f 662/739/959 661/753/959 649/727/959
f 663/741/3 662/739/3 650/740/3
f 664/742/362 663/741/362 651/728/362
f 653/731/960 665/757/960 664/742/960
f 666/743/6 665/757/6 653/731/6
f 667/745/194 666/743/194 654/744/194
f 668/746/8 667/745/8 655/732/8
f 657/735/9 669/762/9 668/746/9
f 670/747/10 669/762/10 657/735/10
f 671/748/11 670/747/11 658/736/11
f 672/750/12 671/748/12 659/749/12
f 673/751/186 684/765/186 672/750/186
f 674/752/185 673/768/185 661/753/185
f 675/754/961 674/752/961 662/739/961
f 676/755/931 675/754/931 663/741/931
f 677/756/182 676/755/182 664/742/182
f 678/758/244 677/756/244 665/757/244
f 679/759/192 678/758/192 666/743/192
f 680/760/191 679/759/191 667/745/191
f 681/761/190 680/760/190 668/746/190
f 682/763/364 681/761/364 669/762/364
f 683/764/188 682/763/188 670/747/188
f 684/765/246 683/764/246 671/748/246
f 673/751/930 685/778/930 696/766/930
f 686/767/173 685/780/173 673/768/173
f 687/769/172 686/767/172 674/752/172
f 688/770/171 687/769/171 675/754/171
f 689/771/170 688/770/170 676/755/170
f 690/772/941 689/771/941 677/756/941
f 691/773/310 690/772/310 678/758/310
f 680/760/179 692/774/179 691/773/179
f 681/761/243 693/786/243 692/774/243
f 694/775/177 693/786/177 681/761/177
f 695/776/176 694/775/176 682/763/176
f 696/766/175 695/776/175 683/764/175
f 697/777/162 708/789/162 696/766/162
f 698/779/161 697/792/161 685/780/161
f 699/781/160 698/779/160 686/767/160
f 688/770/159 700/782/159 699/781/159
f 689/771/158 701/783/158 700/782/158
f 690/772/157 702/796/157 701/783/157
f 703/784/168 702/796/168 690/772/168
f 692/774/167 704/798/167 703/784/167
f 705/785/166 704/798/166 692/774/166
f 706/787/165 705/785/165 693/786/165
f 707/788/164 706/787/164 694/775/164
f 708/789/163 707/788/163 695/776/163
f 709/790/239 720/802/239 708/789/239
f 710/791/149 709/805/149 697/792/149
f 699/781/148 711/793/148 710/791/148
f 700/782/147 712/806/147 711/793/147
f 713/794/146 712/806/146 700/782/146
f 714/795/145 713/794/145 701/783/145
f 703/784/939 715/810/939 714/795/939
f 716/797/155 715/810/155 703/784/155
f 717/799/154 716/797/154 704/798/154
f 718/800/153 717/799/153 705/785/153
f 719/801/152 718/800/152 706/787/152
f 720/802/151 719/801/151 707/788/151
f 721/803/138 732/814/138 720/802/138
f 722/804/137 721/817/137 709/805/137
f 711/793/136 723/807/136 722/804/136
f 712/806/135 724/820/135 723/807/135
f 725/808/236 724/820/236 712/806/236
f 726/809/237 725/808/237 713/794/237
f 715/810/316 727/824/316 726/809/316
f 728/811/143 727/824/143 715/810/143
f 729/812/142 728/811/142 716/797/142
f 730/813/141 729/812/141 717/799/141
f 719/801/140 731/828/140 730/813/140
f 732/814/238 731/828/238 719/801/238
f 721/803/231 733/830/231 744/815/231
f 734/816/125 733/832/125 721/817/125
f 735/818/962 734/816/962 722/804/962
f 736/819/123 735/818/123 723/807/123
f 737/821/122 736/819/122 724/820/122
f 738/822/121 737/821/121 725/808/121
f 739/823/232 738/822/232 726/809/232
f 740/825/131 739/823/131 727/824/131
f 729/812/347 741/826/347 740/825/347
f 730/813/129 742/839/129 741/826/129
f 743/827/128 742/839/128 730/813/128
f 732/814/127 744/815/127 743/827/127
f 745/829/320 756/841/320 744/815/320
f 734/816/113 746/843/113 745/831/113
f 747/833/112 746/843/112 734/816/112
f 748/834/111 747/833/111 735/818/111
f 737/821/110 749/847/110 748/834/110
f 750/835/225 749/847/225 737/821/225
f 751/836/120 750/835/120 738/822/120
f 752/837/119 751/836/119 739/823/119
f 753/838/227 752/837/227 740/825/227
f 742/839/228 754/851/228 753/838/228
f 755/840/229 754/851/229 742/839/229
f 756/841/230 755/840/230 743/827/230
f 757/842/322 768/853/322 756/841/322
f 746/843/101 758/856/101 757/844/101
f 759/845/100 758/856/100 746/843/100
f 760/846/99 759/845/99 747/833/99
f 749/847/98 761/859/98 760/846/98
f 762/848/97 761/859/97 749/847/97
f 751/836/223 763/862/223 762/848/223
f 764/849/107 763/862/107 751/836/107
f 753/838/106 765/865/106 764/849/106
f 766/850/105 765/865/105 753/838/105
f 767/852/324 766/850/324 754/851/324
f 768/853/323 767/852/323 755/840/323
f 757/842/90 769/868/90 780/854/90
f 770/855/89 769/871/89 757/844/89
f 771/857/88 770/855/88 758/856/88
f 772/858/87 771/857/87 759/845/87
f 761/859/86 773/874/86 772/858/86
f 774/860/326 773/874/326 761/859/326
f 775/861/96 774/860/96 762/848/96
f 776/863/95 775/861/95 763/862/95
f 777/864/94 776/863/94 764/849/94
f 778/866/93 777/864/93 765/865/93
f 779/867/92 778/866/92 766/850/92
f 780/854/91 779/867/91 767/852/91
f 769/868/78 781/881/78 792/869/78
f 782/870/77 781/883/77 769/871/77
f 783/872/76 782/870/76 770/855/76
f 772/858/75 784/885/75 783/872/75
f 785/873/74 784/885/74 772/858/74
f 786/875/216 785/873/216 773/874/216
f 787/876/217 786/875/217 774/860/217
f 788/877/83 787/876/83 775/861/83
f 777/864/82 789/890/82 788/877/82
f 790/878/81 789/890/81 777/864/81
f 791/879/80 790/878/80 778/866/80
f 792/869/79 791/879/79 779/867/79
f 793/880/66 804/893/66 792/869/66
f 794/882/212 793/896/212 781/883/212
f 795/884/64 794/882/64 782/870/64
f 784/885/63 796/898/63 795/884/63
f 797/886/62 796/898/62 784/885/62
f 798/887/61 797/886/61 785/873/61
f 799/888/332 798/887/332 786/875/332
f 788/877/71 800/900/71 799/888/71
f 801/889/70 800/900/70 788/877/70
f 802/891/69 801/889/69 789/890/69
f 803/892/213 802/891/213 790/878/213
f 804/893/214 803/892/214 791/879/214
f 805/894/54 816/905/54 804/893/54
f 806/895/53 805/907/53 793/896/53
f 795/884/333 807/908/333 806/895/333
f 808/897/51 807/908/51 795/884/51
f 797/886/50 809/911/50 808/897/50
f 810/899/49 809/911/49 797/886/49
f 799/888/60 811/901/60 810/899/60
f 800/900/209 812/914/209 811/901/209
f 813/902/210 812/914/210 800/900/210
f 802/891/211 814/917/211 813/902/211
f 815/903/932 814/917/932 802/891/932
f 804/893/55 816/905/55 815/903/55
f 817/904/42 828/920/42 816/905/42
f 818/906/41 817/922/41 805/907/41
f 807/908/40 819/909/40 818/906/40
f 808/897/39 820/925/39 819/909/39
f 821/910/38 820/925/38 808/897/38
f 822/912/37 821/910/37 809/911/37
f 811/901/48 823/928/48 822/912/48
f 824/913/47 823/928/47 811/901/47
f 825/915/205 824/913/205 812/914/205
f 826/916/45 825/915/45 813/902/45
f 815/903/919 827/918/919 826/916/919
f 816/905/43 828/920/43 827/918/43
f 817/904/30 829/932/30 840/919/30
f 830/921/29 829/935/29 817/922/29
f 831/923/198 830/921/198 818/906/198
f 832/924/27 831/923/27 819/909/27
f 821/910/26 833/926/26 832/924/26
f 822/912/25 834/939/25 833/926/25
f 835/927/36 834/939/36 822/912/36
f 836/929/35 835/927/35 823/928/35
f 825/915/34 837/930/34 836/929/34
f 826/916/33 838/942/33 837/930/33
f 839/931/32 838/942/32 826/916/32
f 840/919/31 839/931/31 827/918/31
f 829/932/963 841/946/963 852/933/963
f 830/921/17 842/947/17 841/934/17
f 843/936/964 842/947/964 830/921/964
f 844/937/15 843/936/15 831/923/15
f 833/926/14 845/952/14 844/937/14
f 846/938/13 845/952/13 833/926/13
f 847/940/196 846/938/196 834/939/196
f 848/941/23 847/940/23 835/927/23
f 837/930/22 849/943/22 848/941/22
f 838/942/21 850/956/21 849/943/21
f 851/944/20 850/956/20 838/942/20
f 852/933/19 851/944/19 839/931/19
f 853/945/6 864/958/6 852/933/6
f 842/947/5 854/961/5 853/948/5
f 855/949/4 854/961/4 842/947/4
f 856/950/965 855/949/965 843/936/965
f 857/951/966 856/950/966 844/937/966
f 846/938/1 858/953/1 857/951/1
f 847/940/12 859/966/12 858/953/12
f 860/954/11 859/966/11 847/940/11
f 861/955/10 860/954/10 848/941/10
f 850/956/9 862/970/9 861/955/9
f 863/957/8 862/970/8 850/956/8
f 864/958/7 863/957/7 851/944/7
f 481/959/244 492/972/244 864/958/244
f 482/960/182 481/2795/182 853/948/182
f 483/962/183 482/960/183 854/961/183
f 484/963/961 483/962/961 855/949/961
f 485/964/185 484/963/185 856/950/185
f 486/965/186 485/964/186 857/951/186
f 859/966/246 487/2796/246 486/965/246
f 488/967/188 487/2796/188 859/966/188
f 489/968/189 488/967/189 860/954/189
f 490/969/245 489/968/245 861/955/245
f 491/971/191 490/969/191 862/970/191
f 492/972/192 491/971/192 863/957/192
f 865/973/815 877/998/815 888/974/815
f 878/976/366 877/1000/366 865/977/366
f 879/979/367 878/976/367 866/978/367
f 880/981/967 879/979/967 867/980/967
f 881/983/369 880/981/369 868/982/369
f 882/985/809 881/983/809 869/984/809
f 883/987/392 882/985/392 870/986/392
f 884/989/391 883/987/391 871/988/391
f 885/991/373 884/989/373 872/990/373
f 886/993/374 885/991/374 873/992/374
f 887/995/968 886/993/968 874/994/968
f 888/974/814 887/995/814 875/996/814
f 889/997/377 900/1006/377 888/974/377
f 890/999/395 889/1009/395 877/1000/395
f 891/1001/379 890/999/379 878/976/379
f 880/981/380 892/1012/380 891/1001/380
f 893/1002/381 892/1012/381 880/981/381
f 882/985/382 894/1015/382 893/1002/382
f 895/1003/383 894/1015/383 882/985/383
f 884/989/384 896/1018/384 895/1003/384
f 897/1004/969 896/1018/969 884/989/969
f 898/1005/386 897/1004/386 885/991/386
f 887/995/387 899/1021/387 898/1005/387
f 900/1006/394 899/1021/394 887/995/394
f 901/1007/814 912/1022/814 900/1006/814
f 902/1008/375 901/1025/375 889/1009/375
f 903/1010/389 902/1008/389 890/999/389
f 904/1011/812 903/1010/812 891/1001/812
f 905/1013/391 904/1011/391 892/1012/391
f 906/1014/371 905/1013/371 893/1002/371
f 907/1016/809 906/1014/809 894/1015/809
f 908/1017/369 907/1016/369 895/1003/369
f 909/1019/368 908/1017/368 896/1018/368
f 910/1020/393 909/1019/393 897/1004/393
f 899/1021/366 911/1032/366 910/1020/366
f 912/1022/815 911/1032/815 899/1021/815
f 865/1023/394 876/2797/394 912/1022/394
f 866/1024/387 865/2798/387 901/1025/387
f 903/1010/386 867/2799/386 866/1024/386
f 868/1026/385 867/2799/385 903/1010/385
f 905/1013/384 869/2800/384 868/1026/384
f 870/1027/383 869/2800/383 905/1013/383
f 871/1028/382 870/1027/382 906/1014/382
f 872/1029/381 871/1028/381 907/1016/381
f 873/1030/380 872/1029/380 908/1017/380
f 910/1020/379 874/2801/379 873/1030/379
f 875/1031/395 874/2801/395 910/1020/395
f 912/1022/377 876/2797/377 875/1031/377
f 925/1033/425 936/1056/425 924/1034/425
f 914/1036/398 926/1059/398 925/1037/398
f 927/1039/399 926/1059/399 914/1036/399
f 928/1041/400 927/1039/400 915/1040/400
f 929/1043/401 928/1041/401 916/1042/401
f 930/1045/818 929/1043/818 917/1044/818
f 919/1047/423 931/1064/423 930/1045/423
f 932/1048/404 931/1064/404 919/1047/404
f 933/1050/405 932/1048/405 920/1049/405
f 934/1052/406 933/1050/406 921/1051/406
f 935/1054/422 934/1052/422 922/1053/422
f 936/1056/408 935/1054/408 923/1055/408
f 937/1057/819 948/1067/819 936/1056/819
f 938/1058/970 937/1070/970 925/1037/970
f 939/1060/411 938/1058/411 926/1059/411
f 928/1041/412 940/1072/412 939/1060/412
f 941/1061/413 940/1072/413 928/1041/413
f 942/1062/414 941/1061/414 929/1043/414
f 943/1063/427 942/1062/427 930/1045/427
f 944/1065/416 943/1063/416 931/1064/416
f 933/1050/417 945/1077/417 944/1065/417
f 946/1066/418 945/1077/418 933/1050/418
f 935/1054/419 947/1079/419 946/1066/419
f 948/1067/426 947/1079/426 935/1054/426
f 937/1057/408 949/1082/408 960/1068/408
f 950/1069/422 949/1084/422 937/1070/422
f 951/1071/406 950/1069/406 938/1058/406
f 940/1072/971 952/1086/971 951/1071/971
f 953/1073/972 952/1086/972 940/1072/972
f 954/1074/423 953/1073/423 941/1061/423
f 955/1075/424 954/1074/424 942/1062/424
f 956/1076/401 955/1075/401 943/1063/401
f 945/1077/400 957/1091/400 956/1076/400
f 958/1078/399 957/1091/399 945/1077/399
f 947/1079/398 959/1080/398 958/1078/398
f 948/1067/425 960/1068/425 959/1080/425
f 913/1081/426 924/2802/426 960/1068/426
f 914/1083/419 913/2803/419 949/1084/419
f 951/1071/418 915/2804/418 914/1083/418
f 916/1085/417 915/2804/417 951/1071/417
f 953/1073/416 917/2805/416 916/1085/416
f 918/1087/415 917/2805/415 953/1073/415
f 919/1088/820 918/1087/820 954/1074/820
f 920/1089/413 919/1088/413 955/1075/413
f 921/1090/412 920/1089/412 956/1076/412
f 958/1078/411 922/2806/411 921/1090/411
f 923/1092/410 922/2806/410 958/1078/410
f 960/1068/819 924/2802/819 923/1092/819
f 973/1093/428 984/1115/428 972/1094/428
f 974/1096/429 973/1118/429 961/1097/429
f 975/1099/430 974/1096/430 962/1098/430
f 976/1101/431 975/1099/431 963/1100/431
f 977/1103/432 976/1101/432 964/1102/432
f 966/1105/433 978/1121/433 977/1103/433
f 979/1106/434 978/1121/434 966/1105/434
f 980/1108/435 979/1106/435 967/1107/435
f 969/1110/436 981/1124/436 980/1108/436
f 982/1111/437 981/1124/437 969/1110/437
f 983/1113/438 982/1111/438 970/1112/438
f 984/1115/973 983/1113/973 971/1114/973
f 985/1116/440 996/1126/440 984/1115/440
f 974/1096/441 986/1129/441 985/1117/441
f 987/1119/442 986/1129/442 974/1096/442
f 976/1101/443 988/1131/443 987/1119/443
f 989/1120/444 988/1131/444 976/1101/444
f 978/1121/445 990/1134/445 989/1120/445
f 991/1122/455 990/1134/455 978/1121/455
f 992/1123/447 991/1122/447 979/1106/447
f 981/1124/448 993/1137/448 992/1123/448
f 994/1125/449 993/1137/449 981/1124/449
f 983/1113/450 995/1139/450 994/1125/450
f 996/1126/451 995/1139/451 983/1113/451
f 997/1127/973 1008/1141/973 996/1126/973
f 998/1128/438 997/1143/438 985/1117/438
f 999/1130/437 998/1128/437 986/1129/437
f 988/1131/436 1000/1132/436 999/1130/436
f 989/1120/435 1001/1146/435 1000/1132/435
f 1002/1133/452 1001/1146/452 989/1120/452
f 991/1122/433 1003/1135/433 1002/1133/433
f 992/1123/432 1004/1150/432 1003/1135/432
f 1005/1136/431 1004/1150/431 992/1123/431
f 994/1125/430 1006/1152/430 1005/1136/430
f 1007/1138/429 1006/1152/429 994/1125/429
f 996/1126/428 1008/1141/428 1007/1138/428
f 997/1127/451 961/2807/451 972/1140/451
f 962/1142/450 961/2808/450 997/1143/450
f 999/1130/449 963/2809/449 962/1142/449
f 964/1144/448 963/2809/448 999/1130/448
f 965/1145/447 964/1144/447 1000/1132/447
f 966/1147/455 965/1145/455 1001/1146/455
f 967/1148/445 966/1147/445 1002/1133/445
f 968/1149/444 967/1148/444 1003/1135/444
f 969/1151/443 968/1149/443 1004/1150/443
f 1006/1152/442 970/2810/442 969/1151/442
f 971/1153/441 970/2810/441 1006/1152/441
f 1008/1141/822 972/1140/822 971/1153/822
f 1009/1154/826 1021/1178/826 1032/1155/826
f 1022/1157/974 1021/1180/974 1009/1158/974
f 1023/1160/458 1022/1157/458 1010/1159/458
f 1024/1162/483 1023/1160/483 1011/1161/483
f 1025/1164/482 1024/1162/482 1012/1163/482
f 1026/1166/481 1025/1164/481 1013/1165/481
f 1027/1168/462 1026/1166/462 1014/1167/462
f 1016/1170/975 1028/1172/975 1027/1168/975
f 1017/1171/830 1029/1186/830 1028/1172/830
f 1030/1173/827 1029/1186/827 1017/1171/827
f 1031/1175/480 1030/1173/480 1018/1174/480
f 1032/1155/976 1031/1175/976 1019/1176/976
f 1033/1177/468 1044/1188/468 1032/1155/468
f 1034/1179/469 1033/1191/469 1021/1180/469
f 1035/1181/470 1034/1179/470 1022/1157/470
f 1024/1162/977 1036/1193/977 1035/1181/977
f 1037/1182/472 1036/1193/472 1024/1162/472
f 1038/1183/473 1037/1182/473 1025/1164/473
f 1039/1184/474 1038/1183/474 1026/1166/474
f 1040/1185/475 1039/1184/475 1027/1168/475
f 1029/1186/476 1041/1199/476 1040/1185/476
f 1042/1187/484 1041/1199/484 1029/1186/484
f 1031/1175/478 1043/1201/478 1042/1187/478
f 1044/1188/479 1043/1201/479 1031/1175/479
f 1045/1189/976 1056/1202/976 1044/1188/976
f 1046/1190/831 1045/1205/831 1033/1191/831
f 1047/1192/465 1046/1190/465 1034/1179/465
f 1036/1193/464 1048/1194/464 1047/1192/464
f 1037/1182/975 1049/1207/975 1048/1194/975
f 1050/1195/978 1049/1207/978 1037/1182/978
f 1051/1196/461 1050/1195/461 1038/1183/461
f 1052/1197/482 1051/1196/482 1039/1184/482
f 1053/1198/483 1052/1197/483 1040/1185/483
f 1042/1187/825 1054/1212/825 1053/1198/825
f 1055/1200/974 1054/1212/974 1042/1187/974
f 1056/1202/456 1055/1200/456 1043/1201/456
f 1009/1203/479 1020/2811/479 1056/1202/479
f 1010/1204/478 1009/2812/478 1045/1205/478
f 1047/1192/477 1011/2813/477 1010/1204/477
f 1012/1206/476 1011/2813/476 1047/1192/476
f 1049/1207/475 1013/2814/475 1012/1206/475
f 1014/1208/474 1013/2814/474 1049/1207/474
f 1015/1209/473 1014/1208/473 1050/1195/473
f 1016/1210/472 1015/1209/472 1051/1196/472
f 1017/1211/471 1016/1210/471 1052/1197/471
f 1054/1212/470 1018/2815/470 1017/1211/470
f 1019/1213/469 1018/2815/469 1054/1212/469
f 1056/1202/468 1020/2811/468 1019/1213/468
f 1069/1214/834 1080/1236/834 1068/1215/834
f 1058/1217/487 1070/1221/487 1069/1218/487
f 1059/1220/488 1071/1240/488 1070/1221/488
f 1072/1222/833 1071/1240/833 1059/1220/833
f 1073/1224/490 1072/1222/490 1060/1223/490
f 1062/1226/832 1074/1228/832 1073/1224/832
f 1063/1227/979 1075/1244/979 1074/1228/979
f 1076/1229/493 1075/1244/493 1063/1227/493
f 1077/1231/511 1076/1229/511 1064/1230/511
f 1078/1233/495 1077/1231/495 1065/1232/495
f 1067/1235/496 1079/1247/496 1078/1233/496
f 1080/1236/835 1079/1247/835 1067/1235/835
f 1081/1237/498 1092/1248/498 1080/1236/498
f 1070/1221/499 1082/1251/499 1081/1238/499
f 1083/1239/500 1082/1251/500 1070/1221/500
f 1072/1222/501 1084/1253/501 1083/1239/501
f 1085/1241/502 1084/1253/502 1072/1222/502
f 1086/1242/503 1085/1241/503 1073/1224/503
f 1087/1243/504 1086/1242/504 1074/1228/504
f 1088/1245/505 1087/1243/505 1075/1244/505
f 1077/1231/506 1089/1257/506 1088/1245/506
f 1090/1246/836 1089/1257/836 1077/1231/836
f 1079/1247/508 1091/1260/508 1090/1246/508
f 1092/1248/509 1091/1260/509 1079/1247/509
f 1081/1237/835 1093/1262/835 1104/1249/835
f 1094/1250/496 1093/1264/496 1081/1238/496
f 1095/1252/495 1094/1250/495 1082/1251/495
f 1084/1253/511 1096/1266/511 1095/1252/511
f 1097/1254/493 1096/1266/493 1084/1253/493
f 1086/1242/979 1098/1268/979 1097/1254/979
f 1099/1255/832 1098/1268/832 1086/1242/832
f 1100/1256/490 1099/1255/490 1087/1243/490
f 1089/1257/833 1101/1272/833 1100/1256/833
f 1102/1258/488 1101/1272/488 1089/1257/488
f 1103/1259/487 1102/1258/487 1090/1246/487
f 1104/1249/980 1103/1259/980 1091/1260/980
f 1057/1261/509 1068/2816/509 1104/1249/509
f 1058/1263/981 1057/2817/981 1093/1264/981
f 1095/1252/507 1059/2818/507 1058/1263/507
f 1060/1265/506 1059/2818/506 1095/1252/506
f 1097/1254/505 1061/2819/505 1060/1265/505
f 1062/1267/504 1061/2819/504 1097/1254/504
f 1063/1269/503 1062/1267/503 1098/1268/503
f 1064/1270/502 1063/1269/502 1099/1255/502
f 1065/1271/501 1064/1270/501 1100/1256/501
f 1102/1258/500 1066/2820/500 1065/1271/500
f 1067/1273/499 1066/2820/499 1102/1258/499
f 1104/1249/498 1068/2816/498 1067/1273/498
f 1117/1274/982 1128/1295/982 1116/1275/982
f 1118/1277/544 1117/1298/544 1105/1278/544
f 1119/1280/518 1118/1277/518 1106/1279/518
f 1120/1282/519 1119/1280/519 1107/1281/519
f 1109/1284/520 1121/1301/520 1120/1282/520
f 1122/1285/841 1121/1301/841 1109/1284/841
f 1123/1287/522 1122/1285/522 1110/1286/522
f 1124/1289/523 1123/1287/523 1111/1288/523
f 1113/1291/524 1125/1305/524 1124/1289/524
f 1126/1292/983 1125/1305/983 1113/1291/983
f 1115/1294/526 1127/1307/526 1126/1292/526
f 1128/1295/527 1127/1307/527 1115/1294/527
f 1129/1296/528 1140/1308/528 1128/1295/528
f 1118/1277/529 1130/1311/529 1129/1297/529
f 1131/1299/530 1130/1311/530 1118/1277/530
f 1120/1282/531 1132/1313/531 1131/1299/531
f 1133/1300/532 1132/1313/532 1120/1282/532
f 1134/1302/533 1133/1300/533 1121/1301/533
f 1135/1303/534 1134/1302/534 1122/1285/534
f 1136/1304/535 1135/1303/535 1123/1287/535
f 1125/1305/536 1137/1318/536 1136/1304/536
f 1138/1306/537 1137/1318/537 1125/1305/537
f 1127/1307/538 1139/1319/538 1138/1306/538
f 1140/1308/539 1139/1319/539 1127/1307/539
f 1129/1296/984 1141/1322/984 1152/1309/984
f 1142/1310/985 1141/1324/985 1129/1297/985
f 1131/1299/525 1143/1326/525 1142/1310/525
f 1144/1312/541 1143/1326/541 1131/1299/541
f 1133/1300/523 1145/1314/523 1144/1312/523
f 1134/1302/522 1146/1329/522 1145/1314/522
f 1147/1315/841 1146/1329/841 1134/1302/841
f 1148/1316/842 1147/1315/842 1135/1303/842
f 1149/1317/519 1148/1316/519 1136/1304/519
f 1138/1306/848 1150/1320/848 1149/1317/848
f 1139/1319/544 1151/1334/544 1150/1320/544
f 1152/1309/986 1151/1334/986 1139/1319/986
f 1105/1321/539 1116/2821/539 1152/1309/539
f 1142/1310/538 1106/2822/538 1105/1323/538
f 1107/1325/537 1106/2822/537 1142/1310/537
f 1108/1327/536 1107/1325/536 1143/1326/536
f 1145/1314/535 1109/2823/535 1108/1327/535
f 1110/1328/534 1109/2823/534 1145/1314/534
f 1111/1330/533 1110/1328/533 1146/1329/533
f 1112/1331/532 1111/1330/532 1147/1315/532
f 1113/1332/531 1112/1331/531 1148/1316/531
f 1150/1320/530 1114/2824/530 1113/1332/530
f 1115/1333/529 1114/2824/529 1150/1320/529
f 1152/1309/528 1116/2821/528 1115/1333/528
f 1153/1335/854 1165/1358/854 1176/1336/854
f 1154/1338/987 1166/1360/987 1165/1339/987
f 1167/1341/547 1166/1360/547 1154/1338/547
f 1168/1343/548 1167/1341/548 1155/1342/548
f 1157/1345/549 1169/1347/549 1168/1343/549
f 1158/1346/574 1170/1364/574 1169/1347/574
f 1171/1348/853 1170/1364/853 1158/1346/853
f 1160/1350/552 1172/1352/552 1171/1348/552
f 1161/1351/553 1173/1367/553 1172/1352/553
f 1174/1353/554 1173/1367/554 1161/1351/554
f 1175/1355/555 1174/1353/555 1162/1354/555
f 1176/1336/988 1175/1355/988 1163/1356/988
f 1177/1357/557 1188/1369/557 1176/1336/557
f 1178/1359/558 1177/1372/558 1165/1339/558
f 1179/1361/559 1178/1359/559 1166/1360/559
f 1168/1343/560 1180/1375/560 1179/1361/560
f 1181/1362/561 1180/1375/561 1168/1343/561
f 1182/1363/562 1181/1362/562 1169/1347/562
f 1183/1365/563 1182/1363/563 1170/1364/563
f 1184/1366/564 1183/1365/564 1171/1348/564
f 1173/1367/565 1185/1379/565 1184/1366/565
f 1186/1368/566 1185/1379/566 1173/1367/566
f 1175/1355/567 1187/1382/567 1186/1368/567
f 1188/1369/568 1187/1382/568 1175/1355/568
f 1189/1370/569 1200/1383/569 1188/1369/569
f 1190/1371/555 1189/1386/555 1177/1372/555
f 1191/1373/571 1190/1371/571 1178/1359/571
f 1192/1374/572 1191/1373/572 1179/1361/572
f 1181/1362/552 1193/1376/552 1192/1374/552
f 1182/1363/853 1194/1389/853 1193/1376/853
f 1195/1377/574 1194/1389/574 1182/1363/574
f 1196/1378/549 1195/1377/549 1183/1365/549
f 1185/1379/989 1197/1380/989 1196/1378/989
f 1186/1368/576 1198/1393/576 1197/1380/576
f 1199/1381/546 1198/1393/546 1186/1368/546
f 1200/1383/545 1199/1381/545 1187/1382/545
f 1189/1370/568 1153/2825/568 1164/1384/568
f 1154/1385/567 1153/2826/567 1189/1386/567
f 1191/1373/566 1155/2827/566 1154/1385/566
f 1156/1387/565 1155/2827/565 1191/1373/565
f 1193/1376/564 1157/2828/564 1156/1387/564
f 1158/1388/563 1157/2828/563 1193/1376/563
f 1159/1390/562 1158/1388/562 1194/1389/562
f 1160/1391/561 1159/1390/561 1195/1377/561
f 1161/1392/560 1160/1391/560 1196/1378/560
f 1198/1393/559 1162/2829/559 1161/1392/559
f 1163/1394/558 1162/2829/558 1198/1393/558
f 1164/1384/557 1163/1394/557 1199/1381/557
f 1201/1395/990 1213/1420/990 1224/1396/990
f 1202/1398/579 1214/1422/579 1213/1399/579
f 1215/1401/580 1214/1422/580 1202/1398/580
f 1216/1403/581 1215/1401/581 1203/1402/581
f 1217/1405/582 1216/1403/582 1204/1404/582
f 1218/1407/991 1217/1405/991 1205/1406/991
f 1219/1409/862 1218/1407/862 1206/1408/862
f 1220/1411/585 1219/1409/585 1207/1410/585
f 1221/1413/603 1220/1411/603 1208/1412/603
f 1222/1415/992 1221/1413/992 1209/1414/992
f 1211/1417/588 1223/1418/588 1222/1415/588
f 1212/1397/993 1224/1396/993 1223/1418/993
f 1225/1419/590 1236/1429/590 1224/1396/590
f 1226/1421/591 1225/1432/591 1213/1399/591
f 1227/1423/861 1226/1421/861 1214/1422/861
f 1216/1403/593 1228/1435/593 1227/1423/593
f 1229/1424/594 1228/1435/594 1216/1403/594
f 1230/1425/595 1229/1424/595 1217/1405/595
f 1231/1426/596 1230/1425/596 1218/1407/596
f 1232/1427/597 1231/1426/597 1219/1409/597
f 1221/1413/598 1233/1440/598 1232/1427/598
f 1234/1428/607 1233/1440/607 1221/1413/607
f 1223/1418/600 1235/1442/600 1234/1428/600
f 1236/1429/601 1235/1442/601 1223/1418/601
f 1237/1430/602 1248/1443/602 1236/1429/602
f 1238/1431/588 1237/1446/588 1225/1432/588
f 1239/1433/587 1238/1431/587 1226/1421/587
f 1240/1434/603 1239/1433/603 1227/1423/603
f 1241/1436/585 1240/1434/585 1228/1435/585
f 1230/1425/860 1242/1449/860 1241/1436/860
f 1243/1437/855 1242/1449/855 1230/1425/855
f 1244/1438/582 1243/1437/582 1231/1426/582
f 1245/1439/581 1244/1438/581 1232/1427/581
f 1234/1428/580 1246/1453/580 1245/1439/580
f 1247/1441/579 1246/1453/579 1234/1428/579
f 1248/1443/578 1247/1441/578 1235/1442/578
f 1201/1444/601 1212/2830/601 1248/1443/601
f 1202/1445/600 1201/2831/600 1237/1446/600
f 1239/1433/864 1203/2832/864 1202/1445/864
f 1204/1447/598 1203/2832/598 1239/1433/598
f 1241/1436/597 1205/2833/597 1204/1447/597
f 1206/1448/596 1205/2833/596 1241/1436/596
f 1207/1450/595 1206/1448/595 1242/1449/595
f 1208/1451/594 1207/1450/594 1243/1437/594
f 1209/1452/593 1208/1451/593 1244/1438/593
f 1246/1453/861 1210/2834/861 1209/1452/861
f 1211/1454/863 1210/2834/863 1246/1453/863
f 1248/1443/590 1212/2830/590 1211/1454/590
f 1261/1455/868 1272/1477/868 1260/1456/868
f 1262/1458/610 1261/1479/610 1249/1459/610
f 1263/1461/867 1262/1458/867 1250/1460/867
f 1264/1463/637 1263/1461/637 1251/1462/637
f 1253/1465/613 1265/1482/613 1264/1463/613
f 1266/1466/872 1265/1482/872 1253/1465/872
f 1255/1468/615 1267/1485/615 1266/1466/615
f 1268/1469/616 1267/1485/616 1255/1468/616
f 1269/1471/635 1268/1469/635 1256/1470/635
f 1258/1473/634 1270/1488/634 1269/1471/634
f 1271/1474/633 1270/1488/633 1258/1473/633
f 1260/1456/871 1272/1477/871 1271/1474/871
f 1273/1476/621 1284/1490/621 1272/1477/621
f 1262/1458/622 1274/1493/622 1273/1478/622
f 1275/1480/870 1274/1493/870 1262/1458/870
f 1264/1463/624 1276/1494/624 1275/1480/624
f 1277/1481/625 1276/1494/625 1264/1463/625
f 1278/1483/626 1277/1481/626 1265/1482/626
f 1279/1484/627 1278/1483/627 1266/1466/627
f 1280/1486/628 1279/1484/628 1267/1485/628
f 1269/1471/638 1281/1499/638 1280/1486/638
f 1282/1487/630 1281/1499/630 1269/1471/630
f 1283/1489/631 1282/1487/631 1270/1488/631
f 1284/1490/632 1283/1489/632 1271/1474/632
f 1273/1476/871 1285/1503/871 1296/1491/871
f 1286/1492/633 1285/1505/633 1273/1478/633
f 1275/1480/634 1287/1495/634 1286/1492/634
f 1276/1494/635 1288/1496/635 1287/1495/635
f 1277/1481/616 1289/1497/616 1288/1496/616
f 1278/1483/615 1290/1509/615 1289/1497/615
f 1291/1498/614 1290/1509/614 1278/1483/614
f 1280/1486/613 1292/1500/613 1291/1498/613
f 1281/1499/612 1293/1513/612 1292/1500/612
f 1294/1501/611 1293/1513/611 1281/1499/611
f 1283/1489/610 1295/1515/610 1294/1501/610
f 1296/1491/868 1295/1515/868 1283/1489/868
f 1249/1502/632 1260/2835/632 1296/1491/632
f 1250/1504/631 1249/2836/631 1285/1505/631
f 1287/1495/994 1251/2837/994 1250/1504/994
f 1252/1506/995 1251/2837/995 1287/1495/995
f 1253/1507/628 1252/1506/628 1288/1496/628
f 1254/1508/627 1253/1507/627 1289/1497/627
f 1255/1510/626 1254/1508/626 1290/1509/626
f 1256/1511/996 1255/1510/996 1291/1498/996
f 1257/1512/624 1256/1511/624 1292/1500/624
f 1294/1501/997 1258/2838/997 1257/1512/997
f 1259/1514/622 1258/2838/622 1294/1501/622
f 1296/1491/621 1260/2835/621 1259/1514/621
f 1309/1516/998 1320/1538/998 1308/1517/998
f 1310/1519/640 1309/1541/640 1297/1520/640
f 1299/1522/641 1311/1543/641 1310/1519/641
f 1312/1523/642 1311/1543/642 1299/1522/642
f 1313/1525/643 1312/1523/643 1300/1524/643
f 1314/1527/999 1313/1525/999 1301/1526/999
f 1315/1529/663 1314/1527/663 1302/1528/663
f 1316/1531/646 1315/1529/646 1303/1530/646
f 1317/1533/647 1316/1531/647 1304/1532/647
f 1306/1535/648 1318/1548/648 1317/1533/648
f 1319/1536/1000 1318/1548/1000 1306/1535/1000
f 1320/1538/650 1319/1536/650 1307/1537/650
f 1321/1539/651 1332/1549/651 1320/1538/651
f 1310/1519/652 1322/1551/652 1321/1540/652
f 1323/1542/653 1322/1551/653 1310/1519/653
f 1312/1523/654 1324/1554/654 1323/1542/654
f 1325/1544/655 1324/1554/655 1312/1523/655
f 1314/1527/656 1326/1556/656 1325/1544/656
f 1327/1545/657 1326/1556/657 1314/1527/657
f 1328/1546/658 1327/1545/658 1315/1529/658
f 1317/1533/659 1329/1559/659 1328/1546/659
f 1330/1547/660 1329/1559/660 1317/1533/660
f 1319/1536/661 1331/1562/661 1330/1547/661
f 1332/1549/662 1331/1562/662 1319/1536/662
f 1321/1539/1001 1333/1564/1001 1344/1550/1001
f 1322/1551/649 1334/1566/649 1333/1552/649
f 1335/1553/648 1334/1566/648 1322/1551/648
f 1324/1554/647 1336/1568/647 1335/1553/647
f 1337/1555/646 1336/1568/646 1324/1554/646
f 1326/1556/877 1338/1570/877 1337/1555/877
f 1339/1557/874 1338/1570/874 1326/1556/874
f 1340/1558/643 1339/1557/643 1327/1545/643
f 1329/1559/642 1341/1574/642 1340/1558/642
f 1342/1560/641 1341/1574/641 1329/1559/641
f 1343/1561/640 1342/1560/640 1330/1547/640
f 1344/1550/998 1343/1561/998 1331/1562/998
f 1297/1563/662 1308/2839/662 1344/1550/662
f 1298/1565/661 1297/2840/661 1333/1552/661
f 1335/1553/660 1299/2841/660 1298/1565/660
f 1300/1567/659 1299/2841/659 1335/1553/659
f 1337/1555/658 1301/2842/658 1300/1567/658
f 1302/1569/657 1301/2842/657 1337/1555/657
f 1303/1571/668 1302/1569/668 1338/1570/668
f 1304/1572/655 1303/1571/655 1339/1557/655
f 1305/1573/654 1304/1572/654 1340/1558/654
f 1342/1560/653 1306/2843/653 1305/1573/653
f 1307/1575/652 1306/2843/652 1342/1560/652
f 1344/1550/651 1308/2839/651 1307/1575/651
f 1345/1576/880 1357/1598/880 1368/1577/880
f 1346/1579/670 1358/1599/670 1357/1580/670
f 1359/1582/671 1358/1599/671 1346/1579/671
f 1348/1584/672 1360/1602/672 1359/1582/672
f 1361/1585/673 1360/1602/673 1348/1584/673
f 1350/1587/1002 1362/1604/1002 1361/1585/1002
f 1363/1588/882 1362/1604/882 1350/1587/882
f 1364/1590/676 1363/1588/676 1351/1589/676
f 1353/1592/677 1365/1594/677 1364/1590/677
f 1354/1593/678 1366/1608/678 1365/1594/678
f 1367/1595/679 1366/1608/679 1354/1593/679
f 1368/1577/881 1367/1595/881 1355/1596/881
f 1369/1597/885 1380/1609/885 1368/1577/885
f 1358/1599/682 1370/1611/682 1369/1600/682
f 1371/1601/683 1370/1611/683 1358/1599/683
f 1360/1602/684 1372/1615/684 1371/1601/684
f 1373/1603/685 1372/1615/685 1360/1602/685
f 1362/1604/887 1374/1617/887 1373/1603/887
f 1375/1605/687 1374/1617/687 1362/1604/687
f 1376/1606/688 1375/1605/688 1363/1588/688
f 1365/1594/689 1377/1620/689 1376/1606/689
f 1378/1607/690 1377/1620/690 1365/1594/690
f 1367/1595/884 1379/1623/884 1378/1607/884
f 1380/1609/695 1379/1623/695 1367/1595/695
f 1381/1610/881 1392/1625/881 1380/1609/881
f 1370/1611/679 1382/1613/679 1381/1612/679
f 1371/1601/678 1383/1627/678 1382/1613/678
f 1384/1614/677 1383/1627/677 1371/1601/677
f 1373/1603/676 1385/1630/676 1384/1614/676
f 1386/1616/882 1385/1630/882 1373/1603/882
f 1387/1618/694 1386/1616/694 1374/1617/694
f 1388/1619/673 1387/1618/673 1375/1605/673
f 1377/1620/672 1389/1635/672 1388/1619/672
f 1390/1621/671 1389/1635/671 1377/1620/671
f 1391/1622/670 1390/1621/670 1378/1607/670
f 1380/1609/880 1392/1625/880 1391/1622/880
f 1345/1624/695 1356/2844/695 1392/1625/695
f 1346/1626/884 1345/2845/884 1381/1612/884
f 1383/1627/690 1347/2846/690 1346/1626/690
f 1348/1628/689 1347/2846/689 1383/1627/689
f 1349/1629/688 1348/1628/688 1384/1614/688
f 1350/1631/883 1349/1629/883 1385/1630/883
f 1351/1632/686 1350/1631/686 1386/1616/686
f 1352/1633/685 1351/1632/685 1387/1618/685
f 1353/1634/684 1352/1633/684 1388/1619/684
f 1390/1621/683 1354/2847/683 1353/1634/683
f 1355/1636/682 1354/2847/682 1390/1621/682
f 1392/1625/885 1356/2844/885 1355/1636/885
f 1393/1637/726 1405/1658/726 1416/1638/726
f 1406/1640/697 1405/1660/697 1393/1641/697
f 1395/1643/698 1407/1662/698 1406/1640/698
f 1408/1644/1003 1407/1662/1003 1395/1643/1003
f 1409/1646/700 1408/1644/700 1396/1645/700
f 1398/1648/701 1410/1665/701 1409/1646/701
f 1411/1649/889 1410/1665/889 1398/1648/889
f 1412/1651/723 1411/1649/723 1399/1650/723
f 1401/1653/704 1413/1668/704 1412/1651/704
f 1414/1654/705 1413/1668/705 1401/1653/705
f 1403/1656/720 1415/1670/720 1414/1654/720
f 1416/1638/888 1415/1670/888 1403/1656/888
f 1417/1657/708 1428/1671/708 1416/1638/708
f 1406/1640/709 1418/1673/709 1417/1659/709
f 1419/1661/710 1418/1673/710 1406/1640/710
f 1408/1644/1004 1420/1677/1004 1419/1661/1004
f 1421/1663/712 1420/1677/712 1408/1644/712
f 1422/1664/713 1421/1663/713 1409/1646/713
f 1423/1666/714 1422/1664/714 1410/1665/714
f 1424/1667/715 1423/1666/715 1411/1649/715
f 1413/1668/716 1425/1681/716 1424/1667/716
f 1426/1669/728 1425/1681/728 1413/1668/728
f 1415/1670/718 1427/1684/718 1426/1669/718
f 1428/1671/727 1427/1684/727 1415/1670/727
f 1429/1672/888 1440/1685/888 1428/1671/888
f 1418/1673/720 1430/1688/720 1429/1674/720
f 1431/1675/721 1430/1688/721 1418/1673/721
f 1432/1676/722 1431/1675/722 1419/1661/722
f 1433/1678/723 1432/1676/723 1420/1677/723
f 1434/1679/889 1433/1678/889 1421/1663/889
f 1423/1666/1005 1435/1692/1005 1434/1679/1005
f 1436/1680/700 1435/1692/700 1423/1666/700
f 1425/1681/699 1437/1695/699 1436/1680/699
f 1438/1682/891 1437/1695/891 1425/1681/891
f 1439/1683/697 1438/1682/697 1426/1669/697
f 1440/1685/726 1439/1683/726 1427/1684/726
f 1393/1686/727 1404/2848/727 1440/1685/727
f 1394/1687/718 1393/2849/718 1429/1674/718
f 1431/1675/728 1395/2850/728 1394/1687/728
f 1396/1689/716 1395/2850/716 1431/1675/716
f 1433/1678/715 1397/2851/715 1396/1689/715
f 1398/1690/714 1397/2851/714 1433/1678/714
f 1399/1691/713 1398/1690/713 1434/1679/713
f 1400/1693/712 1399/1691/712 1435/1692/712
f 1401/1694/1004 1400/1693/1004 1436/1680/1004
f 1438/1682/710 1402/2852/710 1401/1694/710
f 1403/1696/709 1402/2852/709 1438/1682/709
f 1440/1685/708 1404/2848/708 1403/1696/708
f 1453/1697/896 1464/1720/896 1452/1698/896
f 1442/1700/731 1454/1704/731 1453/1701/731
f 1443/1703/732 1455/1724/732 1454/1704/732
f 1456/1705/757 1455/1724/757 1443/1703/757
f 1457/1707/734 1456/1705/734 1444/1706/734
f 1458/1709/894 1457/1707/894 1445/1708/894
f 1459/1711/736 1458/1709/736 1446/1710/736
f 1460/1713/737 1459/1711/737 1447/1712/737
f 1461/1715/738 1460/1713/738 1448/1714/738
f 1450/1717/739 1462/1730/739 1461/1715/739
f 1463/1718/740 1462/1730/740 1450/1717/740
f 1464/1720/902 1463/1718/902 1451/1719/902
f 1465/1721/1006 1476/1731/1006 1464/1720/1006
f 1466/1722/743 1465/1734/743 1453/1701/743
f 1467/1723/744 1466/1722/744 1454/1704/744
f 1456/1705/745 1468/1737/745 1467/1723/745
f 1469/1725/759 1468/1737/759 1456/1705/759
f 1470/1726/758 1469/1725/758 1457/1707/758
f 1471/1727/748 1470/1726/748 1458/1709/748
f 1472/1728/749 1471/1727/749 1459/1711/749
f 1461/1715/750 1473/1741/750 1472/1728/750
f 1474/1729/751 1473/1741/751 1461/1715/751
f 1463/1718/752 1475/1743/752 1474/1729/752
f 1476/1731/901 1475/1743/901 1463/1718/901
f 1465/1721/902 1477/1745/902 1488/1732/902
f 1478/1733/740 1477/1747/740 1465/1734/740
f 1479/1735/739 1478/1733/739 1466/1722/739
f 1480/1736/738 1479/1735/738 1467/1723/738
f 1469/1725/737 1481/1738/737 1480/1736/737
f 1470/1726/900 1482/1750/900 1481/1738/900
f 1483/1739/735 1482/1750/735 1470/1726/735
f 1472/1728/734 1484/1753/734 1483/1739/734
f 1485/1740/757 1484/1753/757 1472/1728/757
f 1474/1729/732 1486/1755/732 1485/1740/732
f 1487/1742/731 1486/1755/731 1474/1729/731
f 1476/1731/903 1488/1732/903 1487/1742/903
f 1441/1744/1007 1452/2853/1007 1488/1732/1007
f 1442/1746/907 1441/2854/907 1477/1747/907
f 1479/1735/1008 1443/2855/1008 1442/1746/1008
f 1444/1748/750 1443/2855/750 1479/1735/750
f 1481/1738/749 1445/2856/749 1444/1748/749
f 1446/1749/908 1445/2856/908 1481/1738/908
f 1447/1751/758 1446/1749/758 1482/1750/758
f 1448/1752/759 1447/1751/759 1483/1739/759
f 1449/1754/906 1448/1752/906 1484/1753/906
f 1486/1755/744 1450/2857/744 1449/1754/744
f 1451/1756/743 1450/2857/743 1486/1755/743
f 1488/1732/742 1452/2853/742 1451/1756/742
f 1501/1757/761 1512/1778/761 1500/1758/761
f 1502/1760/762 1501/1781/762 1489/1761/762
f 1503/1763/788 1502/1760/788 1490/1762/788
f 1504/1765/909 1503/1763/909 1491/1764/909
f 1505/1767/765 1504/1765/765 1492/1766/765
f 1506/1769/787 1505/1767/787 1493/1768/787
f 1495/1771/767 1507/1786/767 1506/1769/767
f 1508/1772/786 1507/1786/786 1495/1771/786
f 1497/1774/911 1509/1788/911 1508/1772/911
f 1510/1775/1009 1509/1788/1009 1497/1774/1009
f 1499/1777/785 1511/1790/785 1510/1775/785
f 1512/1778/772 1511/1790/772 1499/1777/772
f 1513/1779/792 1524/1791/792 1512/1778/792
f 1502/1760/1010 1514/1794/1010 1513/1780/1010
f 1515/1782/775 1514/1794/775 1502/1760/775
f 1504/1765/776 1516/1796/776 1515/1782/776
f 1517/1783/777 1516/1796/777 1504/1765/777
f 1518/1784/914 1517/1783/914 1505/1767/914
f 1519/1785/779 1518/1784/779 1506/1769/779
f 1520/1787/790 1519/1785/790 1507/1786/790
f 1509/1788/781 1521/1800/781 1520/1787/781
f 1522/1789/782 1521/1800/782 1509/1788/782
f 1511/1790/783 1523/1802/783 1522/1789/783
f 1524/1791/913 1523/1802/913 1511/1790/913
f 1513/1779/772 1525/1803/772 1536/1792/772
f 1526/1793/785 1525/1806/785 1513/1780/785
f 1515/1782/770 1527/1807/770 1526/1793/770
f 1528/1795/769 1527/1807/769 1515/1782/769
f 1517/1783/786 1529/1809/786 1528/1795/786
f 1530/1797/767 1529/1809/767 1517/1783/767
f 1519/1785/787 1531/1812/787 1530/1797/787
f 1532/1798/765 1531/1812/765 1519/1785/765
f 1533/1799/909 1532/1798/909 1520/1787/909
f 1522/1789/788 1534/1815/788 1533/1799/788
f 1535/1801/762 1534/1815/762 1522/1789/762
f 1536/1792/1011 1535/1801/1011 1523/1802/1011
f 1525/1803/789 1489/2858/789 1500/1804/789
f 1490/1805/783 1489/2859/783 1525/1806/783
f 1527/1807/782 1491/2860/782 1490/1805/782
f 1492/1808/781 1491/2860/781 1527/1807/781
f 1529/1809/790 1493/2861/790 1492/1808/790
f 1494/1810/1012 1493/2861/1012 1529/1809/1012
f 1495/1811/1013 1494/1810/1013 1530/1797/1013
f 1496/1813/777 1495/1811/777 1531/1812/777
f 1497/1814/776 1496/1813/776 1532/1798/776
f 1534/1815/775 1498/2862/775 1497/1814/775
f 1499/1816/1010 1498/2862/1010 1534/1815/1010
f 1500/1804/792 1499/1816/792 1535/1801/792
f 1537/1817/252 1549/1840/252 1560/1818/252
f 1538/1820/251 1550/1842/251 1549/1821/251
f 1551/1823/250 1550/1842/250 1538/1820/250
f 1540/1825/273 1552/1844/273 1551/1823/273
f 1553/1826/248 1552/1844/248 1540/1825/248
f 1542/1828/247 1554/1847/247 1553/1826/247
f 1555/1829/1014 1554/1847/1014 1542/1828/1014
f 1556/1831/257 1555/1829/257 1543/1830/257
f 1557/1833/795 1556/1831/795 1544/1832/795
f 1558/1835/271 1557/1833/271 1545/1834/271
f 1559/1837/1015 1558/1835/1015 1546/1836/1015
f 1560/1818/253 1559/1837/253 1547/1838/253
f 1561/1839/276 1572/1851/276 1560/1818/276
f 1562/1841/263 1561/1854/263 1549/1821/263
f 1563/1843/262 1562/1841/262 1550/1842/262
f 1552/1844/261 1564/1857/261 1563/1843/261
f 1565/1845/260 1564/1857/260 1552/1844/260
f 1566/1846/259 1565/1845/259 1553/1826/259
f 1567/1848/1016 1566/1846/1016 1554/1847/1016
f 1556/1831/269 1568/1862/269 1567/1848/269
f 1569/1849/268 1568/1862/268 1556/1831/268
f 1570/1850/267 1569/1849/267 1557/1833/267
f 1559/1837/266 1571/1865/266 1570/1850/266
f 1572/1851/275 1571/1865/275 1559/1837/275
f 1561/1839/253 1573/1867/253 1584/1852/253
f 1562/1841/254 1574/1869/254 1573/1853/254
f 1575/1855/255 1574/1869/255 1562/1841/255
f 1576/1856/795 1575/1855/795 1563/1843/795
f 1577/1858/257 1576/1856/257 1564/1857/257
f 1578/1859/258 1577/1858/258 1565/1845/258
f 1579/1860/247 1578/1859/247 1566/1846/247
f 1580/1861/248 1579/1860/248 1567/1848/248
f 1569/1849/273 1581/1875/273 1580/1861/273
f 1582/1863/942 1581/1875/942 1569/1849/942
f 1583/1864/251 1582/1863/251 1570/1850/251
f 1584/1852/1017 1583/1864/1017 1571/1865/1017
f 1537/1866/275 1548/2863/275 1584/1852/275
f 1538/1868/266 1537/2864/266 1573/1853/266
f 1575/1855/267 1539/2865/267 1538/1868/267
f 1540/1870/268 1539/2865/268 1575/1855/268
f 1577/1858/269 1541/2866/269 1540/1870/269
f 1542/1871/944 1541/2866/944 1577/1858/944
f 1543/1872/259 1542/1871/259 1578/1859/259
f 1544/1873/260 1543/1872/260 1579/1860/260
f 1545/1874/261 1544/1873/261 1580/1861/261
f 1582/1863/262 1546/2867/262 1545/1874/262
f 1547/1876/263 1546/2867/263 1582/1863/263
f 1584/1852/264 1548/2863/264 1547/1876/264
f 1585/1877/282 1597/1900/282 1608/1878/282
f 1598/1880/281 1597/1902/281 1585/1881/281
f 1599/1883/304 1598/1880/304 1586/1882/304
f 1588/1885/279 1600/1887/279 1599/1883/279
f 1589/1886/278 1601/1905/278 1600/1887/278
f 1602/1888/277 1601/1905/277 1589/1886/277
f 1603/1890/288 1602/1888/288 1590/1889/288
f 1604/1892/287 1603/1890/287 1591/1891/287
f 1593/1894/286 1605/1909/286 1604/1892/286
f 1606/1895/302 1605/1909/302 1593/1894/302
f 1607/1897/1018 1606/1895/1018 1594/1896/1018
f 1608/1878/283 1607/1897/283 1595/1898/283
f 1609/1899/1019 1620/1911/1019 1608/1878/1019
f 1610/1901/296 1609/1914/296 1597/1902/296
f 1611/1903/306 1610/1901/306 1598/1880/306
f 1600/1887/298 1612/1917/298 1611/1903/298
f 1613/1904/299 1612/1917/299 1600/1887/299
f 1614/1906/300 1613/1904/300 1601/1905/300
f 1615/1907/804 1614/1906/804 1602/1888/804
f 1616/1908/290 1615/1907/290 1603/1890/290
f 1605/1909/808 1617/1921/808 1616/1908/808
f 1618/1910/292 1617/1921/292 1605/1909/292
f 1607/1897/293 1619/1924/293 1618/1910/293
f 1620/1911/1020 1619/1924/1020 1607/1897/1020
f 1621/1912/802 1632/1925/802 1620/1911/802
f 1610/1901/284 1622/1928/284 1621/1913/284
f 1623/1915/302 1622/1928/302 1610/1901/302
f 1624/1916/286 1623/1915/286 1611/1903/286
f 1613/1904/287 1625/1918/287 1624/1916/287
f 1614/1906/288 1626/1932/288 1625/1918/288
f 1627/1919/277 1626/1932/277 1614/1906/277
f 1628/1920/278 1627/1919/278 1615/1907/278
f 1617/1921/279 1629/1922/279 1628/1920/279
f 1618/1910/304 1630/1936/304 1629/1922/304
f 1631/1923/281 1630/1936/281 1618/1910/281
f 1632/1925/1021 1631/1923/1021 1619/1924/1021
f 1585/1926/1022 1596/2868/1022 1632/1925/1022
f 1586/1927/293 1585/2869/293 1621/1913/293
f 1623/1915/292 1587/2870/292 1586/1927/292
f 1588/1929/808 1587/2870/808 1623/1915/808
f 1589/1930/805 1588/1929/805 1624/1916/805
f 1590/1931/804 1589/1930/804 1625/1918/804
f 1591/1933/300 1590/1931/300 1626/1932/300
f 1592/1934/299 1591/1933/299 1627/1919/299
f 1593/1935/298 1592/1934/298 1628/1920/298
f 1630/1936/306 1594/2871/306 1593/1935/306
f 1595/1937/307 1594/2871/307 1630/1936/307
f 1632/1925/803 1596/2868/803 1595/1937/803
f 1645/1938/809 1656/1960/809 1644/1939/809
f 1634/1941/369 1646/1961/369 1645/1942/369
f 1647/1944/368 1646/1961/368 1634/1941/368
f 1648/1946/1023 1647/1944/1023 1635/1945/1023
f 1637/1948/366 1649/1965/366 1648/1946/366
f 1650/1949/365 1649/1965/365 1637/1948/365
f 1651/1951/814 1650/1949/814 1638/1950/814
f 1640/1953/968 1652/1968/968 1651/1951/968
f 1653/1954/374 1652/1968/374 1640/1953/374
f 1642/1956/1024 1654/1970/1024 1653/1954/1024
f 1655/1957/372 1654/1970/372 1642/1956/372
f 1644/1939/392 1656/1960/392 1655/1957/392
f 1657/1959/383 1668/1971/383 1656/1960/383
f 1646/1961/384 1658/1974/384 1657/1962/384
f 1659/1963/385 1658/1974/385 1646/1961/385
f 1648/1946/386 1660/1976/386 1659/1963/386
f 1661/1964/387 1660/1976/387 1648/1946/387
f 1650/1949/394 1662/1979/394 1661/1964/394
f 1663/1966/377 1662/1979/377 1650/1949/377
f 1664/1967/395 1663/1966/395 1651/1951/395
f 1653/1954/379 1665/1982/379 1664/1967/379
f 1666/1969/380 1665/1982/380 1653/1954/380
f 1655/1957/381 1667/1985/381 1666/1969/381
f 1668/1971/382 1667/1985/382 1655/1957/382
f 1669/1972/392 1680/1986/392 1668/1971/392
f 1670/1973/391 1669/1989/391 1657/1962/391
f 1659/1963/812 1671/1990/812 1670/1973/812
f 1672/1975/389 1671/1990/389 1659/1963/389
f 1673/1977/375 1672/1975/375 1660/1976/375
f 1674/1978/376 1673/1977/376 1661/1964/376
f 1675/1980/365 1674/1978/365 1662/1979/365
f 1676/1981/366 1675/1980/366 1663/1966/366
f 1665/1982/367 1677/1997/367 1676/1981/367
f 1678/1983/1025 1677/1997/1025 1665/1982/1025
f 1679/1984/369 1678/1983/369 1666/1969/369
f 1680/1986/370 1679/1984/370 1667/1985/370
f 1633/1987/382 1644/2872/382 1680/1986/382
f 1634/1988/381 1633/2873/381 1669/1989/381
f 1671/1990/380 1635/2874/380 1634/1988/380
f 1636/1991/379 1635/2874/379 1671/1990/379
f 1637/1992/395 1636/1991/395 1672/1975/395
f 1638/1993/377 1637/1992/377 1673/1977/377
f 1639/1994/394 1638/1993/394 1674/1978/394
f 1640/1995/387 1639/1994/387 1675/1980/387
f 1641/1996/386 1640/1995/386 1676/1981/386
f 1678/1983/969 1642/2875/969 1641/1996/969
f 1643/1998/384 1642/2875/384 1678/1983/384
f 1680/1986/383 1644/2872/383 1643/1998/383
f 1693/1999/818 1704/2021/818 1692/2000/818
f 1694/2002/401 1693/2024/401 1681/2003/401
f 1695/2005/400 1694/2002/400 1682/2004/400
f 1696/2007/399 1695/2005/399 1683/2006/399
f 1697/2009/398 1696/2007/398 1684/2008/398
f 1698/2011/397 1697/2009/397 1685/2010/397
f 1699/2013/421 1698/2011/421 1686/2012/421
f 1688/2015/422 1700/2030/422 1699/2013/422
f 1701/2016/406 1700/2030/406 1688/2015/406
f 1690/2018/405 1702/2032/405 1701/2016/405
f 1703/2019/404 1702/2032/404 1690/2018/404
f 1704/2021/403 1703/2019/403 1691/2020/403
f 1705/2022/415 1716/2033/415 1704/2021/415
f 1694/2002/416 1706/2036/416 1705/2023/416
f 1707/2025/417 1706/2036/417 1694/2002/417
f 1696/2007/418 1708/2038/418 1707/2025/418
f 1709/2026/419 1708/2038/419 1696/2007/419
f 1710/2027/420 1709/2026/420 1697/2009/420
f 1711/2028/819 1710/2027/819 1698/2011/819
f 1712/2029/410 1711/2028/410 1699/2013/410
f 1701/2016/411 1713/2044/411 1712/2029/411
f 1714/2031/412 1713/2044/412 1701/2016/412
f 1703/2019/413 1715/2046/413 1714/2031/413
f 1716/2033/820 1715/2046/820 1703/2019/820
f 1705/2022/403 1717/2048/403 1728/2034/403
f 1718/2035/404 1717/2050/404 1705/2023/404
f 1707/2025/405 1719/2051/405 1718/2035/405
f 1720/2037/406 1719/2051/406 1707/2025/406
f 1721/2039/422 1720/2037/422 1708/2038/422
f 1722/2040/408 1721/2039/408 1709/2026/408
f 1723/2041/425 1722/2040/425 1710/2027/425
f 1724/2042/398 1723/2041/398 1711/2028/398
f 1725/2043/399 1724/2042/399 1712/2029/399
f 1726/2045/400 1725/2043/400 1713/2044/400
f 1715/2046/401 1727/2059/401 1726/2045/401
f 1728/2034/424 1727/2059/424 1715/2046/424
f 1681/2047/414 1692/2876/414 1728/2034/414
f 1682/2049/413 1681/2877/413 1717/2050/413
f 1719/2051/412 1683/2878/412 1682/2049/412
f 1684/2052/411 1683/2878/411 1719/2051/411
f 1685/2053/410 1684/2052/410 1720/2037/410
f 1686/2054/819 1685/2053/819 1721/2039/819
f 1687/2055/426 1686/2054/426 1722/2040/426
f 1688/2056/419 1687/2055/419 1723/2041/419
f 1689/2057/418 1688/2056/418 1724/2042/418
f 1726/2045/417 1690/2879/417 1689/2057/417
f 1691/2058/1026 1690/2879/1026 1726/2045/1026
f 1728/2034/415 1692/2876/415 1691/2058/415
f 1741/2060/1027 1752/2082/1027 1740/2061/1027
f 1742/2063/432 1741/2085/432 1729/2064/432
f 1743/2066/431 1742/2063/431 1730/2065/431
f 1744/2068/430 1743/2066/430 1731/2067/430
f 1745/2070/429 1744/2068/429 1732/2069/429
f 1746/2072/1028 1745/2070/1028 1733/2071/1028
f 1747/2074/439 1746/2072/439 1734/2073/439
f 1748/2076/438 1747/2074/438 1735/2075/438
f 1737/2078/437 1749/2090/437 1748/2076/437
f 1750/2079/436 1749/2090/436 1737/2078/436
f 1739/2081/435 1751/2092/435 1750/2079/435
f 1752/2082/434 1751/2092/434 1739/2081/434
f 1753/2083/455 1764/2093/455 1752/2082/455
f 1742/2063/454 1754/2096/454 1753/2084/454
f 1755/2086/448 1754/2096/448 1742/2063/448
f 1744/2068/449 1756/2098/449 1755/2086/449
f 1757/2087/450 1756/2098/450 1744/2068/450
f 1746/2072/451 1758/2101/451 1757/2087/451
f 1759/2088/822 1758/2101/822 1746/2072/822
f 1760/2089/441 1759/2088/441 1747/2074/441
f 1749/2090/442 1761/2104/442 1760/2089/442
f 1762/2091/443 1761/2104/443 1749/2090/443
f 1751/2092/444 1763/2106/444 1762/2091/444
f 1764/2093/445 1763/2106/445 1751/2092/445
f 1753/2083/452 1765/2108/452 1776/2094/452
f 1766/2095/435 1765/2110/435 1753/2084/435
f 1767/2097/436 1766/2095/436 1754/2096/436
f 1756/2098/437 1768/2113/437 1767/2097/437
f 1769/2099/438 1768/2113/438 1756/2098/438
f 1770/2100/973 1769/2099/973 1757/2087/973
f 1771/2102/428 1770/2100/428 1758/2101/428
f 1760/2089/429 1772/2118/429 1771/2102/429
f 1773/2103/430 1772/2118/430 1760/2089/430
f 1762/2091/431 1774/2120/431 1773/2103/431
f 1775/2105/432 1774/2120/432 1762/2091/432
f 1776/2094/1027 1775/2105/1027 1763/2106/1027
f 1729/2107/445 1740/2880/445 1776/2094/445
f 1766/2095/444 1730/2881/444 1729/2109/444
f 1731/2111/443 1730/2881/443 1766/2095/443
f 1732/2112/442 1731/2111/442 1767/2097/442
f 1733/2114/441 1732/2112/441 1768/2113/441
f 1734/2115/440 1733/2114/440 1769/2099/440
f 1735/2116/451 1734/2115/451 1770/2100/451
f 1736/2117/450 1735/2116/450 1771/2102/450
f 1737/2119/449 1736/2117/449 1772/2118/449
f 1774/2120/448 1738/2882/448 1737/2119/448
f 1739/2121/447 1738/2882/447 1774/2120/447
f 1776/2094/446 1740/2880/446 1739/2121/446
f 1777/2122/461 1789/2147/461 1800/2123/461
f 1790/2125/482 1789/2149/482 1777/2126/482
f 1791/2128/459 1790/2125/459 1778/2127/459
f 1792/2130/458 1791/2128/458 1779/2129/458
f 1793/2132/457 1792/2130/457 1780/2131/457
f 1794/2134/826 1793/2132/826 1781/2133/826
f 1795/2136/976 1794/2134/976 1782/2135/976
f 1796/2138/831 1795/2136/831 1783/2137/831
f 1797/2140/465 1796/2138/465 1784/2139/465
f 1798/2142/830 1797/2140/830 1785/2141/830
f 1799/2144/975 1798/2142/975 1786/2143/975
f 1800/2123/978 1799/2144/978 1787/2145/978
f 1801/2146/474 1812/2156/474 1800/2123/474
f 1790/2125/475 1802/2158/475 1801/2148/475
f 1803/2150/476 1802/2158/476 1790/2125/476
f 1792/2130/484 1804/2161/484 1803/2150/484
f 1805/2151/478 1804/2161/478 1792/2130/478
f 1806/2152/479 1805/2151/479 1793/2132/479
f 1807/2153/468 1806/2152/468 1794/2134/468
f 1808/2154/469 1807/2153/469 1795/2136/469
f 1797/2140/470 1809/2167/470 1808/2154/470
f 1810/2155/485 1809/2167/485 1797/2140/485
f 1799/2144/472 1811/2169/472 1810/2155/472
f 1812/2156/473 1811/2169/473 1799/2144/473
f 1813/2157/978 1824/2170/978 1812/2156/978
f 1802/2158/463 1814/2173/463 1813/2159/463
f 1815/2160/464 1814/2173/464 1802/2158/464
f 1804/2161/465 1816/2162/465 1815/2160/465
f 1805/2151/831 1817/2163/831 1816/2162/831
f 1806/2152/467 1818/2175/467 1817/2163/467
f 1819/2164/826 1818/2175/826 1806/2152/826
f 1820/2165/457 1819/2164/457 1807/2153/457
f 1821/2166/458 1820/2165/458 1808/2154/458
f 1810/2155/483 1822/2180/483 1821/2166/483
f 1823/2168/482 1822/2180/482 1810/2155/482
f 1824/2170/481 1823/2168/481 1811/2169/481
f 1777/2171/473 1788/2883/473 1824/2170/473
f 1778/2172/472 1777/2884/472 1813/2159/472
f 1815/2160/485 1779/2885/485 1778/2172/485
f 1780/2174/470 1779/2885/470 1815/2160/470
f 1817/2163/469 1781/2176/469 1780/2174/469
f 1818/2175/468 1782/2886/468 1781/2176/468
f 1783/2177/479 1782/2886/479 1818/2175/479
f 1784/2178/478 1783/2177/478 1819/2164/478
f 1785/2179/484 1784/2178/484 1820/2165/484
f 1822/2180/476 1786/2887/476 1785/2179/476
f 1787/2181/475 1786/2887/475 1822/2180/475
f 1824/2170/474 1788/2883/474 1787/2181/474
f 1837/2182/832 1848/2205/832 1836/2183/832
f 1826/2185/490 1838/2206/490 1837/2186/490
f 1839/2188/514 1838/2206/514 1826/2185/514
f 1840/2190/488 1839/2188/488 1827/2189/488
f 1829/2192/487 1841/2194/487 1840/2190/487
f 1830/2193/486 1842/2196/486 1841/2194/486
f 1831/2195/1029 1843/2212/1029 1842/2196/1029
f 1844/2197/496 1843/2212/496 1831/2195/496
f 1833/2199/495 1845/2201/495 1844/2197/495
f 1834/2200/494 1846/2215/494 1845/2201/494
f 1847/2202/493 1846/2215/493 1834/2200/493
f 1836/2183/512 1848/2205/512 1847/2202/512
f 1849/2204/1030 1860/2216/1030 1848/2205/1030
f 1838/2206/505 1850/2218/505 1849/2207/505
f 1851/2208/506 1850/2218/506 1838/2206/506
f 1840/2190/507 1852/2222/507 1851/2208/507
f 1853/2209/508 1852/2222/508 1840/2190/508
f 1854/2210/509 1853/2209/509 1841/2194/509
f 1855/2211/498 1854/2210/498 1842/2196/498
f 1844/2197/499 1856/2226/499 1855/2211/499
f 1857/2213/500 1856/2226/500 1844/2197/500
f 1858/2214/501 1857/2213/501 1845/2201/501
f 1847/2202/502 1859/2230/502 1858/2214/502
f 1860/2216/503 1859/2230/503 1847/2202/503
f 1849/2204/492 1861/2232/492 1872/2217/492
f 1850/2218/493 1862/2234/493 1861/2219/493
f 1863/2220/511 1862/2234/511 1850/2218/511
f 1864/2221/495 1863/2220/495 1851/2208/495
f 1865/2223/496 1864/2221/496 1852/2222/496
f 1866/2224/510 1865/2223/510 1853/2209/510
f 1867/2225/515 1866/2224/515 1854/2210/515
f 1856/2226/487 1868/2239/487 1867/2225/487
f 1869/2227/488 1868/2239/488 1856/2226/488
f 1870/2228/514 1869/2227/514 1857/2213/514
f 1871/2229/490 1870/2228/490 1858/2214/490
f 1872/2217/832 1871/2229/832 1859/2230/832
f 1825/2231/503 1836/2888/503 1872/2217/503
f 1826/2233/502 1825/2889/502 1861/2219/502
f 1863/2220/501 1827/2890/501 1826/2233/501
f 1828/2235/500 1827/2890/500 1863/2220/500
f 1829/2236/499 1828/2235/499 1864/2221/499
f 1830/2237/498 1829/2236/498 1865/2223/498
f 1831/2238/509 1830/2237/509 1866/2224/509
f 1868/2239/508 1832/2891/508 1831/2238/508
f 1833/2240/836 1832/2891/836 1868/2239/836
f 1870/2228/506 1834/2892/506 1833/2240/506
f 1835/2241/505 1834/2892/505 1870/2228/505
f 1872/2217/504 1836/2888/504 1835/2241/504
f 1885/2242/521 1896/2263/521 1884/2243/521
f 1886/2245/520 1885/2266/520 1873/2246/520
f 1887/2248/1031 1886/2245/1031 1874/2247/1031
f 1888/2250/518 1887/2248/518 1875/2249/518
f 1889/2252/544 1888/2250/544 1876/2251/544
f 1878/2254/516 1890/2270/516 1889/2252/516
f 1891/2255/984 1890/2270/984 1878/2254/984
f 1880/2257/526 1892/2273/526 1891/2255/526
f 1893/2258/525 1892/2273/525 1880/2257/525
f 1882/2260/524 1894/2275/524 1893/2258/524
f 1895/2261/523 1894/2275/523 1882/2260/523
f 1896/2263/522 1895/2261/522 1883/2262/522
f 1897/2264/534 1908/2276/534 1896/2263/534
f 1898/2265/535 1897/2279/535 1885/2266/535
f 1899/2267/536 1898/2265/536 1886/2245/536
f 1888/2250/537 1900/2282/537 1899/2267/537
f 1901/2268/538 1900/2282/538 1888/2250/538
f 1902/2269/539 1901/2268/539 1889/2252/539
f 1903/2271/528 1902/2269/528 1890/2270/528
f 1904/2272/529 1903/2271/529 1891/2255/529
f 1893/2258/530 1905/2287/530 1904/2272/530
f 1906/2274/531 1905/2287/531 1893/2258/531
f 1895/2261/532 1907/2288/532 1906/2274/532
f 1908/2276/533 1907/2288/533 1895/2261/533
f 1909/2277/522 1920/2292/522 1908/2276/522
f 1910/2278/523 1909/2294/523 1897/2279/523
f 1911/2280/524 1910/2278/524 1898/2265/524
f 1912/2281/540 1911/2280/540 1899/2267/540
f 1901/2268/526 1913/2283/526 1912/2281/526
f 1902/2269/984 1914/2284/984 1913/2283/984
f 1903/2271/982 1915/2285/982 1914/2284/982
f 1904/2272/544 1916/2298/544 1915/2285/544
f 1917/2286/848 1916/2298/848 1904/2272/848
f 1906/2274/543 1918/2289/543 1917/2286/543
f 1907/2288/520 1919/2290/520 1918/2289/520
f 1908/2276/1032 1920/2292/1032 1919/2290/1032
f 1873/2291/533 1884/2893/533 1920/2292/533
f 1874/2293/532 1873/2894/532 1909/2294/532
f 1911/2280/531 1875/2895/531 1874/2293/531
f 1876/2295/530 1875/2895/530 1911/2280/530
f 1913/2283/529 1877/2896/529 1876/2295/529
f 1878/2296/528 1877/2896/528 1913/2283/528
f 1879/2297/539 1878/2296/539 1914/2284/539
f 1916/2298/538 1880/2897/538 1879/2297/538
f 1881/2299/537 1880/2897/537 1916/2298/537
f 1918/2289/536 1882/2898/536 1881/2299/536
f 1883/2300/535 1882/2898/535 1918/2289/535
f 1920/2292/534 1884/2893/534 1883/2300/534
f 1933/2301/574 1944/2323/574 1932/2302/574
f 1934/2304/549 1933/2326/549 1921/2305/549
f 1935/2307/548 1934/2304/548 1922/2306/548
f 1936/2309/547 1935/2307/547 1923/2308/547
f 1937/2311/546 1936/2309/546 1924/2310/546
f 1926/2313/854 1938/2330/854 1937/2311/854
f 1939/2314/556 1938/2330/556 1926/2313/556
f 1940/2316/555 1939/2314/555 1927/2315/555
f 1941/2318/554 1940/2316/554 1928/2317/554
f 1930/2320/553 1942/2334/553 1941/2318/553
f 1943/2321/552 1942/2334/552 1930/2320/552
f 1944/2323/853 1943/2321/853 1931/2322/853
f 1945/2324/563 1956/2335/563 1944/2323/563
f 1946/2325/564 1945/2338/564 1933/2326/564
f 1947/2327/565 1946/2325/565 1934/2304/565
f 1936/2309/566 1948/2341/566 1947/2327/566
f 1949/2328/567 1948/2341/567 1936/2309/567
f 1950/2329/568 1949/2328/568 1937/2311/568
f 1951/2331/557 1950/2329/557 1938/2330/557
f 1940/2316/558 1952/2346/558 1951/2331/558
f 1953/2332/559 1952/2346/559 1940/2316/559
f 1954/2333/560 1953/2332/560 1941/2318/560
f 1943/2321/561 1955/2349/561 1954/2333/561
f 1956/2335/562 1955/2349/562 1943/2321/562
f 1957/2336/551 1968/2350/551 1956/2335/551
f 1946/2325/552 1958/2353/552 1957/2337/552
f 1959/2339/572 1958/2353/572 1946/2325/572
f 1960/2340/571 1959/2339/571 1947/2327/571
f 1961/2342/555 1960/2340/555 1948/2341/555
f 1962/2343/569 1961/2342/569 1949/2328/569
f 1963/2344/545 1962/2343/545 1950/2329/545
f 1964/2345/546 1963/2344/546 1951/2331/546
f 1965/2347/576 1964/2345/576 1952/2346/576
f 1954/2333/548 1966/2358/548 1965/2347/548
f 1967/2348/549 1966/2358/549 1954/2333/549
f 1968/2350/574 1967/2348/574 1955/2349/574
f 1921/2351/562 1932/2899/562 1968/2350/562
f 1922/2352/561 1921/2900/561 1957/2337/561
f 1959/2339/560 1923/2901/560 1922/2352/560
f 1924/2354/559 1923/2901/559 1959/2339/559
f 1961/2342/558 1925/2902/558 1924/2354/558
f 1926/2355/557 1925/2902/557 1961/2342/557
f 1927/2356/568 1926/2355/568 1962/2343/568
f 1964/2345/567 1928/2903/567 1927/2356/567
f 1929/2357/566 1928/2903/566 1964/2345/566
f 1966/2358/565 1930/2904/565 1929/2357/565
f 1931/2359/564 1930/2904/564 1966/2358/564
f 1968/2350/563 1932/2899/563 1931/2359/563
f 1969/2360/855 1981/2383/855 1992/2361/855
f 1982/2363/582 1981/2385/582 1969/2364/582
f 1983/2366/1033 1982/2363/1033 1970/2365/1033
f 1984/2368/580 1983/2366/580 1971/2367/580
f 1973/2370/579 1985/2372/579 1984/2368/579
f 1974/2371/990 1986/2389/990 1985/2372/990
f 1987/2373/1034 1986/2389/1034 1974/2371/1034
f 1976/2375/588 1988/2377/588 1987/2373/588
f 1977/2376/587 1989/2392/587 1988/2377/587
f 1990/2378/603 1989/2392/603 1977/2376/603
f 1991/2380/585 1990/2378/585 1978/2379/585
f 1992/2361/860 1991/2380/860 1979/2381/860
f 1993/2382/596 2004/2394/596 1992/2361/596
f 1994/2384/597 1993/2397/597 1981/2385/597
f 1995/2386/1035 1994/2384/1035 1982/2363/1035
f 1984/2368/599 1996/2400/599 1995/2386/599
f 1997/2387/600 1996/2400/600 1984/2368/600
f 1998/2388/601 1997/2387/601 1985/2372/601
f 1999/2390/590 1998/2388/590 1986/2389/590
f 2000/2391/863 1999/2390/863 1987/2373/863
f 1989/2392/861 2001/2405/861 2000/2391/861
f 2002/2393/593 2001/2405/593 1989/2392/593
f 1991/2380/594 2003/2407/594 2002/2393/594
f 2004/2394/595 2003/2407/595 1991/2380/595
f 2005/2395/862 2016/2409/862 2004/2394/862
f 2006/2396/585 2005/2411/585 1993/2397/585
f 2007/2398/603 2006/2396/603 1994/2384/603
f 2008/2399/587 2007/2398/587 1995/2386/587
f 1997/2387/588 2009/2413/588 2008/2399/588
f 2010/2401/1034 2009/2413/1034 1997/2387/1034
f 2011/2402/990 2010/2401/990 1998/2388/990
f 2012/2403/579 2011/2402/579 1999/2390/579
f 2013/2404/580 2012/2403/580 2000/2391/580
f 2002/2393/581 2014/2418/581 2013/2404/581
f 2015/2406/582 2014/2418/582 2002/2393/582
f 2004/2394/855 2016/2409/855 2015/2406/855
f 1969/2408/595 1980/2905/595 2016/2409/595
f 1970/2410/594 1969/2906/594 2005/2411/594
f 2007/2398/593 1971/2907/593 1970/2410/593
f 1972/2412/861 1971/2907/861 2007/2398/861
f 2009/2413/591 1973/2908/591 1972/2412/591
f 1974/2414/590 1973/2908/590 2009/2413/590
f 1975/2415/601 1974/2414/601 2010/2401/601
f 1976/2416/600 1975/2415/600 2011/2402/600
f 1977/2417/607 1976/2416/607 2012/2403/607
f 2014/2418/598 1978/2909/598 1977/2417/598
f 1979/2419/865 1978/2909/865 2014/2418/865
f 2016/2409/596 1980/2905/596 1979/2419/596
f 2029/2420/872 2040/2443/872 2028/2421/872
f 2030/2423/613 2029/2446/613 2017/2424/613
f 2031/2426/612 2030/2423/612 2018/2425/612
f 2032/2428/611 2031/2426/611 2019/2427/611
f 2033/2430/1036 2032/2428/1036 2020/2429/1036
f 2034/2432/609 2033/2430/609 2021/2431/609
f 2035/2434/871 2034/2432/871 2022/2433/871
f 2036/2436/633 2035/2434/633 2023/2435/633
f 2037/2438/634 2036/2436/634 2024/2437/634
f 2038/2440/617 2037/2438/617 2025/2439/617
f 2027/2442/1037 2039/2452/1037 2038/2440/1037
f 2040/2443/636 2039/2452/636 2027/2442/636
f 2041/2444/627 2052/2453/627 2040/2443/627
f 2042/2445/628 2041/2456/628 2029/2446/628
f 2043/2447/629 2042/2445/629 2030/2423/629
f 2032/2428/630 2044/2458/630 2043/2447/630
f 2045/2448/631 2044/2458/631 2032/2428/631
f 2034/2432/1038 2046/2461/1038 2045/2448/1038
f 2047/2449/621 2046/2461/621 2034/2432/621
f 2048/2450/622 2047/2449/622 2035/2434/622
f 2037/2438/623 2049/2464/623 2048/2450/623
f 2050/2451/624 2049/2464/624 2037/2438/624
f 2039/2452/1039 2051/2467/1039 2050/2451/1039
f 2052/2453/626 2051/2467/626 2039/2452/626
f 2041/2444/615 2053/2469/615 2064/2454/615
f 2054/2455/1040 2053/2471/1040 2041/2456/1040
f 2043/2447/617 2055/2472/617 2054/2455/617
f 2056/2457/618 2055/2472/618 2043/2447/618
f 2057/2459/633 2056/2457/633 2044/2458/633
f 2058/2460/871 2057/2459/871 2045/2448/871
f 2059/2462/868 2058/2460/868 2046/2461/868
f 2060/2463/1041 2059/2462/1041 2047/2449/1041
f 2049/2464/867 2061/2478/867 2060/2463/867
f 2062/2465/612 2061/2478/612 2049/2464/612
f 2063/2466/613 2062/2465/613 2050/2451/613
f 2064/2454/872 2063/2466/872 2051/2467/872
f 2017/2468/626 2028/2910/626 2064/2454/626
f 2018/2470/625 2017/2911/625 2053/2471/625
f 2055/2472/624 2019/2912/624 2018/2470/624
f 2020/2473/997 2019/2912/997 2055/2472/997
f 2057/2459/622 2021/2913/622 2020/2473/622
f 2022/2474/621 2021/2913/621 2057/2459/621
f 2023/2475/632 2022/2474/632 2058/2460/632
f 2024/2476/631 2023/2475/631 2059/2462/631
f 2025/2477/630 2024/2476/630 2060/2463/630
f 2062/2465/629 2026/2914/629 2025/2477/629
f 2027/2479/628 2026/2914/628 2062/2465/628
f 2064/2454/627 2028/2910/627 2027/2479/627
f 2065/2480/664 2077/2502/664 2088/2481/664
f 2066/2483/643 2078/2503/643 2077/2484/643
f 2079/2486/642 2078/2503/642 2066/2483/642
f 2068/2488/641 2080/2506/641 2079/2486/641
f 2081/2489/640 2080/2506/640 2068/2488/640
f 2070/2491/998 2082/2509/998 2081/2489/998
f 2083/2492/650 2082/2509/650 2070/2491/650
f 2084/2494/649 2083/2492/649 2071/2493/649
f 2073/2496/648 2085/2512/648 2084/2494/648
f 2086/2497/647 2085/2512/647 2073/2496/647
f 2087/2499/646 2086/2497/646 2074/2498/646
f 2076/2482/645 2088/2481/645 2087/2499/645
f 2089/2501/657 2100/2514/657 2088/2481/657
f 2078/2503/658 2090/2517/658 2089/2504/658
f 2091/2505/659 2090/2517/659 2078/2503/659
f 2080/2506/660 2092/2520/660 2091/2505/660
f 2093/2507/661 2092/2520/661 2080/2506/661
f 2094/2508/662 2093/2507/662 2081/2489/662
f 2095/2510/651 2094/2508/651 2082/2509/651
f 2096/2511/652 2095/2510/652 2083/2492/652
f 2085/2512/653 2097/2525/653 2096/2511/653
f 2098/2513/654 2097/2525/654 2085/2512/654
f 2087/2499/655 2099/2527/655 2098/2513/655
f 2100/2514/656 2099/2527/656 2087/2499/656
f 2101/2515/645 2112/2528/645 2100/2514/645
f 2102/2516/646 2101/2531/646 2089/2504/646
f 2103/2518/647 2102/2516/647 2090/2517/647
f 2104/2519/648 2103/2518/648 2091/2505/648
f 2105/2521/649 2104/2519/649 2092/2520/649
f 2106/2522/876 2105/2521/876 2093/2507/876
f 2107/2523/1042 2106/2522/1042 2094/2508/1042
f 2108/2524/640 2107/2523/640 2095/2510/640
f 2097/2525/641 2109/2537/641 2108/2524/641
f 2110/2526/642 2109/2537/642 2097/2525/642
f 2099/2527/643 2111/2539/643 2110/2526/643
f 2112/2528/664 2111/2539/664 2099/2527/664
f 2065/2529/656 2076/2915/656 2112/2528/656
f 2066/2530/655 2065/2916/655 2101/2531/655
f 2103/2518/654 2067/2917/654 2066/2530/654
f 2068/2532/653 2067/2917/653 2103/2518/653
f 2069/2533/652 2068/2532/652 2104/2519/652
f 2070/2534/651 2069/2533/651 2105/2521/651
f 2071/2535/879 2070/2534/879 2106/2522/879
f 2108/2524/661 2072/2918/661 2071/2535/661
f 2073/2536/660 2072/2918/660 2108/2524/660
f 2110/2526/659 2074/2919/659 2073/2536/659
f 2075/2538/658 2074/2919/658 2110/2526/658
f 2112/2528/657 2076/2915/657 2075/2538/657
f 2113/2540/674 2125/2564/674 2136/2541/674
f 2126/2543/673 2125/2566/673 2113/2544/673
f 2115/2546/672 2127/2548/672 2126/2543/672
f 2116/2547/671 2128/2568/671 2127/2548/671
f 2129/2549/670 2128/2568/670 2116/2547/670
f 2130/2551/880 2129/2549/880 2117/2550/880
f 2131/2553/680 2130/2551/680 2118/2552/680
f 2132/2555/679 2131/2553/679 2119/2554/679
f 2133/2557/678 2132/2555/678 2120/2556/678
f 2134/2559/677 2133/2557/677 2121/2558/677
f 2135/2561/676 2134/2559/676 2122/2560/676
f 2136/2541/675 2135/2561/675 2123/2562/675
f 2137/2563/687 2148/2574/687 2136/2541/687
f 2126/2543/688 2138/2577/688 2137/2565/688
f 2139/2567/689 2138/2577/689 2126/2543/689
f 2128/2568/690 2140/2580/690 2139/2567/690
f 2141/2569/884 2140/2580/884 2128/2568/884
f 2142/2570/695 2141/2569/695 2129/2549/695
f 2143/2571/885 2142/2570/885 2130/2551/885
f 2144/2572/682 2143/2571/682 2131/2553/682
f 2133/2557/683 2145/2583/683 2144/2572/683
f 2146/2573/684 2145/2583/684 2133/2557/684
f 2135/2561/685 2147/2586/685 2146/2573/685
f 2148/2574/686 2147/2586/686 2135/2561/686
f 2149/2575/675 2160/2590/675 2148/2574/675
f 2150/2576/676 2149/2592/676 2137/2565/676
f 2151/2578/677 2150/2576/677 2138/2577/677
f 2152/2579/678 2151/2578/678 2139/2567/678
f 2141/2569/679 2153/2595/679 2152/2579/679
f 2154/2581/680 2153/2595/680 2141/2569/680
f 2155/2582/669 2154/2581/669 2142/2570/669
f 2144/2572/670 2156/2584/670 2155/2582/670
f 2145/2583/1043 2157/2585/1043 2156/2584/1043
f 2146/2573/672 2158/2587/672 2157/2585/672
f 2147/2586/673 2159/2588/673 2158/2587/673
f 2148/2574/674 2160/2590/674 2159/2588/674
f 2113/2589/686 2124/2920/686 2160/2590/686
f 2114/2591/886 2113/2921/886 2149/2592/886
f 2151/2578/684 2115/2922/684 2114/2591/684
f 2116/2593/683 2115/2922/683 2151/2578/683
f 2117/2594/682 2116/2593/682 2152/2579/682
f 2118/2596/885 2117/2594/885 2153/2595/885
f 2119/2597/695 2118/2596/695 2154/2581/695
f 2120/2598/691 2119/2597/691 2155/2582/691
f 2121/2599/690 2120/2598/690 2156/2584/690
f 2158/2587/689 2122/2923/689 2121/2599/689
f 2123/2600/688 2122/2923/688 2158/2587/688
f 2160/2590/883 2124/2920/883 2123/2600/883
f 2161/2601/701 2173/2625/701 2184/2602/701
f 2162/2604/700 2174/2608/700 2173/2605/700
f 2163/2607/699 2175/2628/699 2174/2608/699
f 2176/2609/1044 2175/2628/1044 2163/2607/1044
f 2177/2611/697 2176/2609/697 2164/2610/697
f 2178/2613/696 2177/2611/696 2165/2612/696
f 2179/2615/707 2178/2613/707 2166/2614/707
f 2168/2617/720 2180/2619/720 2179/2615/720
f 2169/2618/705 2181/2621/705 2180/2619/705
f 2170/2620/704 2182/2623/704 2181/2621/704
f 2171/2622/723 2183/2634/723 2182/2623/723
f 2184/2602/702 2183/2634/702 2171/2622/702
f 2185/2624/714 2196/2635/714 2184/2602/714
f 2174/2608/715 2186/2637/715 2185/2626/715
f 2187/2627/716 2186/2637/716 2174/2608/716
f 2176/2609/728 2188/2640/728 2187/2627/728
f 2189/2629/718 2188/2640/718 2176/2609/718
f 2190/2630/727 2189/2629/727 2177/2611/727
f 2191/2631/708 2190/2630/708 2178/2613/708
f 2192/2632/709 2191/2631/709 2179/2615/709
f 2181/2621/710 2193/2645/710 2192/2632/710
f 2194/2633/711 2193/2645/711 2181/2621/711
f 2183/2634/712 2195/2647/712 2194/2633/712
f 2196/2635/1045 2195/2647/1045 2183/2634/1045
f 2197/2636/702 2208/2648/702 2196/2635/702
f 2186/2637/723 2198/2651/723 2197/2638/723
f 2199/2639/1046 2198/2651/1046 2186/2637/1046
f 2188/2640/890 2200/2653/890 2199/2639/890
f 2201/2641/720 2200/2653/720 2188/2640/720
f 2202/2642/707 2201/2641/707 2189/2629/707
f 2191/2631/696 2203/2657/696 2202/2642/696
f 2204/2643/697 2203/2657/697 2191/2631/697
f 2205/2644/698 2204/2643/698 2192/2632/698
f 2194/2633/724 2206/2660/724 2205/2644/724
f 2207/2646/700 2206/2660/700 2194/2633/700
f 2208/2648/701 2207/2646/701 2195/2647/701
f 2161/2649/713 2172/2924/713 2208/2648/713
f 2162/2650/712 2161/2925/712 2197/2638/712
f 2199/2639/711 2163/2926/711 2162/2650/711
f 2164/2652/710 2163/2926/710 2199/2639/710
f 2165/2654/709 2164/2652/709 2200/2653/709
f 2166/2655/708 2165/2654/708 2201/2641/708
f 2167/2656/727 2166/2655/727 2202/2642/727
f 2168/2658/718 2167/2656/718 2203/2657/718
f 2169/2659/717 2168/2658/717 2204/2643/717
f 2206/2660/716 2170/2927/716 2169/2659/716
f 2171/2661/715 2170/2927/715 2206/2660/715
f 2208/2648/714 2172/2924/714 2171/2661/714
f 2221/2662/735 2232/2685/735 2220/2663/735
f 2222/2665/734 2221/2687/734 2209/2666/734
f 2223/2668/733 2222/2665/733 2210/2667/733
f 2224/2670/732 2223/2668/732 2211/2669/732
f 2213/2672/731 2225/2674/731 2224/2670/731
f 2214/2673/730 2226/2690/730 2225/2674/730
f 2227/2675/902 2226/2690/902 2214/2673/902
f 2228/2677/740 2227/2675/740 2215/2676/740
f 2229/2679/739 2228/2677/739 2216/2678/739
f 2218/2681/738 2230/2694/738 2229/2679/738
f 2231/2682/1047 2230/2694/1047 2218/2681/1047
f 2220/2663/1048 2232/2685/1048 2231/2682/1048
f 2233/2684/1049 2244/2695/1049 2232/2685/1049
f 2222/2665/749 2234/2698/749 2233/2686/749
f 2235/2688/750 2234/2698/750 2222/2665/750
f 2224/2670/751 2236/2700/751 2235/2688/751
f 2237/2689/907 2236/2700/907 2224/2670/907
f 2226/2690/753 2238/2703/753 2237/2689/753
f 2239/2691/742 2238/2703/742 2226/2690/742
f 2240/2692/743 2239/2691/743 2227/2675/743
f 2229/2679/744 2241/2706/744 2240/2692/744
f 2242/2693/745 2241/2706/745 2229/2679/745
f 2231/2682/746 2243/2708/746 2242/2693/746
f 2244/2695/758 2243/2708/758 2231/2682/758
f 2233/2684/736 2245/2710/736 2256/2696/736
f 2246/2697/737 2245/2712/737 2233/2686/737
f 2247/2699/738 2246/2697/738 2234/2698/738
f 2236/2700/739 2248/2714/739 2247/2699/739
f 2249/2701/740 2248/2714/740 2236/2700/740
f 2250/2702/741 2249/2701/741 2237/2689/741
f 2251/2704/730 2250/2702/730 2238/2703/730
f 2252/2705/731 2251/2704/731 2239/2691/731
f 2241/2706/895 2253/2719/895 2252/2705/895
f 2254/2707/757 2253/2719/757 2241/2706/757
f 2243/2708/734 2255/2721/734 2254/2707/734
f 2256/2696/894 2255/2721/894 2243/2708/894
f 2209/2709/758 2220/2928/758 2256/2696/758
f 2210/2711/759 2209/2929/759 2245/2712/759
f 2247/2699/745 2211/2930/745 2210/2711/745
f 2212/2713/744 2211/2930/744 2247/2699/744
f 2249/2701/743 2213/2931/743 2212/2713/743
f 2214/2715/742 2213/2931/742 2249/2701/742
f 2215/2716/901 2214/2715/901 2250/2702/901
f 2216/2717/907 2215/2716/907 2251/2704/907
f 2217/2718/1008 2216/2717/1008 2252/2705/1008
f 2254/2707/750 2218/2932/750 2217/2718/750
f 2219/2720/749 2218/2932/749 2254/2707/749
f 2256/2696/748 2220/2928/748 2219/2720/748
f 2269/2722/766 2280/2745/766 2268/2723/766
f 2270/2725/765 2269/2748/765 2257/2726/765
f 2271/2728/764 2270/2725/764 2258/2727/764
f 2272/2730/763 2271/2728/763 2259/2729/763
f 2273/2732/762 2272/2730/762 2260/2731/762
f 2262/2734/761 2274/2752/761 2273/2732/761
f 2275/2735/772 2274/2752/772 2262/2734/772
f 2276/2737/785 2275/2735/785 2263/2736/785
f 2277/2739/1009 2276/2737/1009 2264/2738/1009
f 2278/2741/911 2277/2739/911 2265/2740/911
f 2279/2743/1050 2278/2741/1050 2266/2742/1050
f 2280/2745/767 2279/2743/767 2267/2744/767
f 2281/2746/779 2292/2756/779 2280/2745/779
f 2282/2747/780 2281/2759/780 2269/2748/780
f 2283/2749/781 2282/2747/781 2270/2725/781
f 2272/2730/782 2284/2761/782 2283/2749/782
f 2285/2750/783 2284/2761/783 2272/2730/783
f 2286/2751/789 2285/2750/789 2273/2732/789
f 2287/2753/792 2286/2751/792 2274/2752/792
f 2276/2737/774 2288/2765/774 2287/2753/774
f 2289/2754/775 2288/2765/775 2276/2737/775
f 2290/2755/776 2289/2754/776 2277/2739/776
f 2279/2743/777 2291/2768/777 2290/2755/777
f 2292/2756/791 2291/2768/791 2279/2743/791
f 2281/2746/767 2293/2770/767 2304/2757/767
f 2294/2758/768 2293/2772/768 2281/2759/768
f 2283/2749/769 2295/2773/769 2294/2758/769
f 2296/2760/770 2295/2773/770 2283/2749/770
f 2297/2762/785 2296/2760/785 2284/2761/785
f 2298/2763/772 2297/2762/772 2285/2750/772
f 2299/2764/761 2298/2763/761 2286/2751/761
f 2288/2765/762 2300/2766/762 2299/2764/762
f 2289/2754/763 2301/2778/763 2300/2766/763
f 2302/2767/764 2301/2778/764 2289/2754/764
f 2291/2768/765 2303/2780/765 2302/2767/765
f 2304/2757/787 2303/2780/787 2291/2768/787
f 2257/2769/791 2268/2933/791 2304/2757/791
f 2258/2771/777 2257/2934/777 2293/2772/777
f 2295/2773/776 2259/2935/776 2258/2771/776
f 2260/2774/775 2259/2935/775 2295/2773/775
f 2297/2762/774 2261/2936/774 2260/2774/774
f 2262/2775/773 2261/2936/773 2297/2762/773
f 2263/2776/1051 2262/2775/1051 2298/2763/1051
f 2300/2766/783 2264/2937/783 2263/2776/783
f 2265/2777/782 2264/2937/782 2300/2766/782
f 2302/2767/781 2266/2938/781 2265/2777/781
f 2267/2779/780 2266/2938/780 2302/2767/780
f 2304/2757/779 2268/2933/779 2267/2779/779
o 円柱.002
v 0.000000 6.473483 -0.376068
v 0.000000 6.324020 -0.476913
v 0.000000 7.277847 -0.476913
v 0.073367 6.473483 -0.368842
v 0.093041 6.324020 -0.467749
v 0.093041 7.277847 -0.467749
v 0.143915 6.473483 -0.347442
v 0.182507 6.324020 -0.440610
v 0.182507 7.277847 -0.440610
v 0.208932 6.473483 -0.312689
v 0.264959 6.324020 -0.396539
v 0.264959 7.277847 -0.396539
v 0.265920 6.473483 -0.265920
v 0.337229 6.324020 -0.337229
v 0.337229 7.277847 -0.337229
v 0.312689 6.473483 -0.208932
v 0.396539 6.324020 -0.264959
v 0.396539 7.277847 -0.264959
v 0.440610 6.324020 -0.182507
v 0.347442 6.473483 -0.143915
v 0.440610 7.277847 -0.182507
v 0.467749 6.324020 -0.093041
v 0.368842 6.473483 -0.073367
v 0.467749 7.277847 -0.093041
v 0.476913 6.324020 0.000000
v 0.376068 6.473483 0.000000
v 0.476913 7.277847 0.000000
v 0.368842 6.473483 0.073367
v 0.467749 6.324020 0.093041
v 0.467749 7.277847 0.093041
v 0.347442 6.473483 0.143915
v 0.440610 6.324020 0.182507
v 0.440610 7.277847 0.182507
v 0.396539 6.324020 0.264959
v 0.312689 6.473483 0.208932
v 0.396539 7.277847 0.264959
v 0.337229 6.324020 0.337229
v 0.265920 6.473483 0.265920
v 0.337229 7.277847 0.337229
v 0.264959 6.324020 0.396539
v 0.208932 6.473483 0.312689
v 0.264959 7.277847 0.396539
v 0.182507 6.324020 0.440610
v 0.143915 6.473483 0.347442
v 0.182507 7.277847 0.440610
v 0.093041 6.324020 0.467750
v 0.073367 6.473483 0.368842
v 0.093041 7.277847 0.467750
v -0.000000 6.324020 0.476913
v -0.000000 6.473483 0.376068
v -0.000000 7.277847 0.476913
v -0.093041 6.324020 0.467750
v -0.073367 6.473483 0.368842
v -0.093041 7.277847 0.467750
v -0.182507 6.324020 0.440610
v -0.143915 6.473483 0.347442
v -0.182507 7.277847 0.440610
v -0.208932 6.473483 0.312689
v -0.264959 6.324020 0.396539
v -0.264959 7.277847 0.396539
v -0.337229 6.324020 0.337229
v -0.265920 6.473483 0.265920
v -0.337229 7.277847 0.337229
v -0.396539 6.324020 0.264959
v -0.312689 6.473483 0.208932
v -0.396539 7.277847 0.264959
v -0.440610 6.324020 0.182507
v -0.347442 6.473483 0.143915
v -0.440610 7.277847 0.182507
v -0.368842 6.473483 0.073367
v -0.467749 6.324020 0.093041
v -0.467749 7.277847 0.093041
v -0.376068 6.473483 -0.000000
v -0.476913 6.324020 -0.000000
v -0.476913 7.277847 -0.000000
v -0.467749 6.324020 -0.093041
v -0.368842 6.473483 -0.073367
v -0.467749 7.277847 -0.093041
v -0.440610 6.324020 -0.182507
v -0.347442 6.473483 -0.143915
v -0.440610 7.277847 -0.182507
v -0.396539 6.324020 -0.264959
v -0.312689 6.473483 -0.208932
v -0.396539 7.277847 -0.264959
v -0.265920 6.473483 -0.265920
v -0.337229 6.324020 -0.337229
v -0.337229 7.277847 -0.337229
v -0.208932 6.473483 -0.312689
v -0.264959 6.324020 -0.396539
v -0.264959 7.277847 -0.396539
v -0.143915 6.473483 -0.347442
v -0.182507 6.324020 -0.440610
v -0.182507 7.277847 -0.440610
v -0.093041 6.324020 -0.467750
v -0.073367 6.473483 -0.368842
v -0.093041 7.277847 -0.467750
v 0.000000 6.392150 -0.476913
v 0.000000 6.557764 -0.376068
v 0.000000 6.460281 -0.476913
v 0.000000 6.642045 -0.376068
v 0.000000 6.528411 -0.476913
v 0.000000 6.726327 -0.376068
v 0.000000 6.596542 -0.476913
v 0.000000 6.810608 -0.376068
v 0.000000 6.894890 -0.376068
v 0.000000 6.664672 -0.476913
v 0.000000 6.979172 -0.376068
v 0.000000 6.732803 -0.476913
v 0.000000 6.800933 -0.476913
v 0.000000 7.063453 -0.376068
v 0.000000 6.869064 -0.476913
v 0.000000 7.147735 -0.376068
v 0.000000 6.937194 -0.476913
v 0.000000 7.232016 -0.376068
v 0.000000 7.005325 -0.476913
v 0.000000 7.073455 -0.476913
v 0.000000 7.141586 -0.476913
v 0.000000 7.209716 -0.476913
v 0.093041 7.209716 -0.467749
v 0.093041 7.141586 -0.467749
v 0.093041 7.073455 -0.467749
v 0.093041 7.005325 -0.467749
v 0.073367 7.232016 -0.368842
v 0.093041 6.937194 -0.467749
v 0.073367 7.147735 -0.368842
v 0.093041 6.869064 -0.467749
v 0.073367 7.063453 -0.368842
v 0.093041 6.800933 -0.467749
v 0.073367 6.979172 -0.368842
v 0.093041 6.732803 -0.467749
v 0.073367 6.894890 -0.368842
v 0.093041 6.664672 -0.467749
v 0.093041 6.596542 -0.467749
v 0.073367 6.810608 -0.368842
v 0.093041 6.528411 -0.467749
v 0.073367 6.726327 -0.368842
v 0.073367 6.642045 -0.368842
v 0.093041 6.460281 -0.467749
v 0.073367 6.557764 -0.368842
v 0.093041 6.392150 -0.467749
v 0.182507 7.209716 -0.440610
v 0.182507 7.141586 -0.440610
v 0.182507 7.073455 -0.440610
v 0.182507 7.005325 -0.440610
v 0.182507 6.937194 -0.440610
v 0.143915 7.232016 -0.347442
v 0.143915 7.147735 -0.347442
v 0.182507 6.869064 -0.440610
v 0.143915 7.063453 -0.347442
v 0.182507 6.800933 -0.440610
v 0.143915 6.979172 -0.347442
v 0.182507 6.732803 -0.440610
v 0.143915 6.894890 -0.347442
v 0.182507 6.664672 -0.440610
v 0.182507 6.596542 -0.440610
v 0.143915 6.810608 -0.347442
v 0.143915 6.726327 -0.347442
v 0.182507 6.528411 -0.440610
v 0.182507 6.460281 -0.440610
v 0.143915 6.642045 -0.347442
v 0.182507 6.392150 -0.440610
v 0.143915 6.557764 -0.347442
v 0.264959 7.209716 -0.396539
v 0.264959 7.141586 -0.396539
v 0.264959 7.073455 -0.396539
v 0.264959 7.005325 -0.396539
v 0.264959 6.937194 -0.396539
v 0.208932 7.232016 -0.312689
v 0.264959 6.869064 -0.396539
v 0.208932 7.147735 -0.312689
v 0.208932 7.063453 -0.312689
v 0.264959 6.800933 -0.396539
v 0.208932 6.979172 -0.312689
v 0.264959 6.732803 -0.396539
v 0.208932 6.894890 -0.312689
v 0.264959 6.664672 -0.396539
v 0.264959 6.596542 -0.396539
v 0.208932 6.810608 -0.312689
v 0.264959 6.528411 -0.396539
v 0.208932 6.726327 -0.312689
v 0.208932 6.642045 -0.312689
v 0.264959 6.460281 -0.396539
v 0.264959 6.392150 -0.396539
v 0.208932 6.557764 -0.312689
v 0.337229 7.209716 -0.337229
v 0.337229 7.141586 -0.337229
v 0.337229 7.073455 -0.337229
v 0.337229 7.005325 -0.337229
v 0.337229 6.937194 -0.337229
v 0.265920 7.232016 -0.265920
v 0.337229 6.869064 -0.337229
v 0.265920 7.147735 -0.265920
v 0.265920 7.063453 -0.265920
v 0.337229 6.800933 -0.337229
v 0.265920 6.979172 -0.265920
v 0.337229 6.732803 -0.337229
v 0.337229 6.664672 -0.337229
v 0.265920 6.894890 -0.265920
v 0.265920 6.810608 -0.265920
v 0.337229 6.596542 -0.337229
v 0.265920 6.726327 -0.265920
v 0.337229 6.528411 -0.337229
v 0.265920 6.642045 -0.265920
v 0.337229 6.460281 -0.337229
v 0.265920 6.557764 -0.265920
v 0.337229 6.392150 -0.337229
v 0.396539 7.209716 -0.264959
v 0.396539 7.141586 -0.264959
v 0.396539 7.073455 -0.264959
v 0.396539 7.005325 -0.264959
v 0.396539 6.937194 -0.264959
v 0.312689 7.232016 -0.208932
v 0.396539 6.869064 -0.264959
v 0.312689 7.147735 -0.208932
v 0.396539 6.800933 -0.264959
v 0.312689 7.063453 -0.208932
v 0.396539 6.732803 -0.264959
v 0.312689 6.979172 -0.208932
v 0.396539 6.664672 -0.264959
v 0.312689 6.894890 -0.208932
v 0.312689 6.810608 -0.208932
v 0.396539 6.596542 -0.264959
v 0.396539 6.528411 -0.264959
v 0.312689 6.726327 -0.208932
v 0.396539 6.460281 -0.264959
v 0.312689 6.642045 -0.208932
v 0.312689 6.557764 -0.208932
v 0.396539 6.392150 -0.264959
v 0.440610 7.209716 -0.182507
v 0.440610 7.141586 -0.182507
v 0.440610 7.073455 -0.182507
v 0.440610 7.005325 -0.182507
v 0.347442 7.232016 -0.143915
v 0.440610 6.937194 -0.182507
v 0.347442 7.147735 -0.143915
v 0.440610 6.869064 -0.182507
v 0.347442 7.063453 -0.143915
v 0.440610 6.800933 -0.182507
v 0.347442 6.979172 -0.143915
v 0.440610 6.732803 -0.182507
v 0.347442 6.894890 -0.143915
v 0.440610 6.664672 -0.182507
v 0.347442 6.810608 -0.143915
v 0.440610 6.596542 -0.182507
v 0.347442 6.726327 -0.143915
v 0.440610 6.528411 -0.182507
v 0.347442 6.642045 -0.143915
v 0.440610 6.460281 -0.182507
v 0.347442 6.557764 -0.143915
v 0.440610 6.392150 -0.182507
v 0.467749 7.209716 -0.093041
v 0.467749 7.141586 -0.093041
v 0.467749 7.073455 -0.093041
v 0.467749 7.005325 -0.093041
v 0.368842 7.232016 -0.073367
v 0.467749 6.937194 -0.093041
v 0.368842 7.147735 -0.073367
v 0.467749 6.869064 -0.093041
v 0.368842 7.063453 -0.073367
v 0.467749 6.800933 -0.093041
v 0.368842 6.979172 -0.073367
v 0.467749 6.732803 -0.093041
v 0.368842 6.894890 -0.073367
v 0.467749 6.664672 -0.093041
v 0.368842 6.810608 -0.073367
v 0.467749 6.596542 -0.093041
v 0.368842 6.726327 -0.073367
v 0.467749 6.528411 -0.093041
v 0.368842 6.642045 -0.073367
v 0.467749 6.460281 -0.093041
v 0.368842 6.557764 -0.073367
v 0.467749 6.392150 -0.093041
v 0.476913 7.209716 0.000000
v 0.476913 7.141586 0.000000
v 0.476913 7.073455 0.000000
v 0.476913 7.005325 0.000000
v 0.376068 7.232016 0.000000
v 0.476913 6.937194 0.000000
v 0.376068 7.147735 0.000000
v 0.476913 6.869064 0.000000
v 0.376068 7.063453 0.000000
v 0.476913 6.800933 0.000000
v 0.376068 6.979172 0.000000
v 0.476913 6.732803 0.000000
v 0.376068 6.894890 0.000000
v 0.476913 6.664672 0.000000
v 0.376068 6.810608 0.000000
v 0.476913 6.596542 0.000000
v 0.376068 6.726327 0.000000
v 0.476913 6.528411 0.000000
v 0.376068 6.642045 0.000000
v 0.476913 6.460281 0.000000
v 0.376068 6.557764 0.000000
v 0.476913 6.392150 0.000000
v 0.467749 7.209716 0.093041
v 0.467749 7.141586 0.093041
v 0.467749 7.073455 0.093041
v 0.467749 7.005325 0.093041
v 0.467749 6.937194 0.093041
v 0.368842 7.232016 0.073367
v 0.368842 7.147735 0.073367
v 0.467749 6.869064 0.093041
v 0.467749 6.800933 0.093041
v 0.368842 7.063453 0.073367
v 0.368842 6.979172 0.073367
v 0.467749 6.732803 0.093041
v 0.368842 6.894890 0.073367
v 0.467749 6.664672 0.093041
v 0.368842 6.810608 0.073367
v 0.467749 6.596542 0.093041
v 0.368842 6.726327 0.073367
v 0.467749 6.528411 0.093041
v 0.467749 6.460281 0.093041
v 0.368842 6.642045 0.073367
v 0.368842 6.557764 0.073367
v 0.467749 6.392150 0.093041
v 0.440610 7.209716 0.182507
v 0.440610 7.141586 0.182507
v 0.440610 7.073455 0.182507
v 0.440610 7.005325 0.182507
v 0.347442 7.232016 0.143915
v 0.440610 6.937194 0.182507
v 0.347442 7.147735 0.143915
v 0.440610 6.869064 0.182507
v 0.347442 7.063453 0.143915
v 0.440610 6.800933 0.182507
v 0.347442 6.979172 0.143915
v 0.440610 6.732803 0.182507
v 0.347442 6.894890 0.143915
v 0.440610 6.664672 0.182507
v 0.347442 6.810608 0.143915
v 0.440610 6.596542 0.182507
v 0.347442 6.726327 0.143915
v 0.440610 6.528411 0.182507
v 0.347442 6.642045 0.143915
v 0.440610 6.460281 0.182507
v 0.347442 6.557764 0.143915
v 0.440610 6.392150 0.182507
v 0.396539 7.209716 0.264959
v 0.396539 7.141586 0.264959
v 0.396539 7.073455 0.264959
v 0.396539 7.005325 0.264959
v 0.312689 7.232016 0.208932
v 0.396539 6.937194 0.264959
v 0.312689 7.147735 0.208932
v 0.396539 6.869064 0.264959
v 0.396539 6.800933 0.264959
v 0.312689 7.063453 0.208932
v 0.312689 6.979172 0.208932
v 0.396539 6.732803 0.264959
v 0.396539 6.664672 0.264959
v 0.312689 6.894890 0.208932
v 0.312689 6.810608 0.208932
v 0.396539 6.596542 0.264959
v 0.312689 6.726327 0.208932
v 0.396539 6.528411 0.264959
v 0.396539 6.460281 0.264959
v 0.312689 6.642045 0.208932
v 0.396539 6.392150 0.264959
v 0.312689 6.557764 0.208932
v 0.337229 7.209716 0.337229
v 0.337229 7.141586 0.337229
v 0.337229 7.073455 0.337229
v 0.337229 7.005325 0.337229
v 0.337229 6.937194 0.337229
v 0.265920 7.232016 0.265920
v 0.337229 6.869064 0.337229
v 0.265920 7.147735 0.265920
v 0.337229 6.800933 0.337229
v 0.265920 7.063453 0.265920
v 0.337229 6.732803 0.337229
v 0.265920 6.979172 0.265920
v 0.337229 6.664672 0.337229
v 0.265920 6.894890 0.265920
v 0.337229 6.596542 0.337229
v 0.265920 6.810608 0.265920
v 0.337229 6.528411 0.337229
v 0.265920 6.726327 0.265920
v 0.337229 6.460281 0.337229
v 0.265920 6.642045 0.265920
v 0.265920 6.557764 0.265920
v 0.337229 6.392150 0.337229
v 0.264959 7.209716 0.396539
v 0.264959 7.141586 0.396539
v 0.264959 7.073455 0.396539
v 0.264959 7.005325 0.396539
v 0.208932 7.232016 0.312689
v 0.264959 6.937194 0.396539
v 0.208932 7.147735 0.312689
v 0.264959 6.869064 0.396539
v 0.208932 7.063453 0.312689
v 0.264959 6.800933 0.396539
v 0.208932 6.979172 0.312689
v 0.264959 6.732803 0.396539
v 0.208932 6.894890 0.312689
v 0.264959 6.664672 0.396539
v 0.208932 6.810608 0.312689
v 0.264959 6.596542 0.396539
v 0.264959 6.528411 0.396539
v 0.208932 6.726327 0.312689
v 0.264959 6.460281 0.396539
v 0.208932 6.642045 0.312689
v 0.264959 6.392150 0.396539
v 0.208932 6.557764 0.312689
v 0.182507 7.209716 0.440610
v 0.182507 7.141586 0.440610
v 0.182507 7.073455 0.440610
v 0.182507 7.005325 0.440610
v 0.182507 6.937194 0.440610
v 0.143915 7.232016 0.347442
v 0.182507 6.869064 0.440610
v 0.143915 7.147735 0.347442
v 0.182507 6.800933 0.440610
v 0.143915 7.063453 0.347442
v 0.182507 6.732803 0.440610
v 0.143915 6.979172 0.347442
v 0.182507 6.664672 0.440610
v 0.143915 6.894890 0.347442
v 0.182507 6.596542 0.440610
v 0.143915 6.810608 0.347442
v 0.182507 6.528411 0.440610
v 0.143915 6.726327 0.347442
v 0.182507 6.460281 0.440610
v 0.143915 6.642045 0.347442
v 0.182507 6.392150 0.440610
v 0.143915 6.557764 0.347442
v 0.093041 7.209716 0.467750
v 0.093041 7.141586 0.467750
v 0.093041 7.073455 0.467750
v 0.093041 7.005325 0.467750
v 0.093041 6.937194 0.467750
v 0.073367 7.232016 0.368842
v 0.093041 6.869064 0.467750
v 0.073367 7.147735 0.368842
v 0.093041 6.800933 0.467750
v 0.073367 7.063453 0.368842
v 0.093041 6.732803 0.467750
v 0.073367 6.979172 0.368842
v 0.093041 6.664672 0.467750
v 0.073367 6.894890 0.368842
v 0.093041 6.596542 0.467750
v 0.073367 6.810608 0.368842
v 0.093041 6.528411 0.467750
v 0.073367 6.726327 0.368842
v 0.093041 6.460281 0.467750
v 0.073367 6.642045 0.368842
v 0.073367 6.557764 0.368842
v 0.093041 6.392150 0.467750
v -0.000000 7.209716 0.476913
v -0.000000 7.141586 0.476913
v -0.000000 7.073455 0.476913
v -0.000000 7.005325 0.476913
v -0.000000 7.232016 0.376068
v -0.000000 6.937194 0.476913
v -0.000000 7.147735 0.376068
v -0.000000 6.869064 0.476913
v -0.000000 6.800933 0.476913
v -0.000000 7.063453 0.376068
v -0.000000 6.732803 0.476913
v -0.000000 6.979172 0.376068
v -0.000000 6.664672 0.476913
v -0.000000 6.894890 0.376068
v -0.000000 6.596542 0.476913
v -0.000000 6.810608 0.376068
v -0.000000 6.528411 0.476913
v -0.000000 6.726327 0.376068
v -0.000000 6.642045 0.376068
v -0.000000 6.460281 0.476913
v -0.000000 6.392150 0.476913
v -0.000000 6.557764 0.376068
v -0.093041 7.209716 0.467750
v -0.093041 7.141586 0.467750
v -0.093041 7.073455 0.467750
v -0.093041 7.005325 0.467750
v -0.073367 7.232016 0.368842
v -0.093041 6.937194 0.467750
v -0.073367 7.147735 0.368842
v -0.093041 6.869064 0.467750
v -0.093041 6.800933 0.467750
v -0.073367 7.063453 0.368842
v -0.093041 6.732803 0.467750
v -0.073367 6.979172 0.368842
v -0.093041 6.664672 0.467750
v -0.073367 6.894890 0.368842
v -0.093041 6.596542 0.467750
v -0.073367 6.810608 0.368842
v -0.093041 6.528411 0.467750
v -0.073367 6.726327 0.368842
v -0.093041 6.460281 0.467750
v -0.073367 6.642045 0.368842
v -0.093041 6.392150 0.467750
v -0.073367 6.557764 0.368842
v -0.182507 7.209716 0.440610
v -0.182507 7.141586 0.440610
v -0.182507 7.073455 0.440610
v -0.182507 7.005325 0.440610
v -0.182507 6.937194 0.440610
v -0.143915 7.232016 0.347442
v -0.182507 6.869064 0.440610
v -0.143915 7.147735 0.347442
v -0.182507 6.800933 0.440610
v -0.143915 7.063453 0.347442
v -0.182507 6.732803 0.440610
v -0.143915 6.979172 0.347442
v -0.182507 6.664672 0.440610
v -0.143915 6.894890 0.347442
v -0.182507 6.596542 0.440610
v -0.143915 6.810608 0.347442
v -0.182507 6.528411 0.440610
v -0.143915 6.726327 0.347442
v -0.182507 6.460281 0.440610
v -0.143915 6.642045 0.347442
v -0.182507 6.392150 0.440610
v -0.143915 6.557764 0.347442
v -0.264959 7.209716 0.396539
v -0.264959 7.141586 0.396539
v -0.264959 7.073455 0.396539
v -0.264959 7.005325 0.396539
v -0.264959 6.937194 0.396539
v -0.208932 7.232016 0.312689
v -0.264959 6.869064 0.396539
v -0.208932 7.147735 0.312689
v -0.264959 6.800933 0.396539
v -0.208932 7.063453 0.312689
v -0.264959 6.732803 0.396539
v -0.208932 6.979172 0.312689
v -0.208932 6.894890 0.312689
v -0.264959 6.664672 0.396539
v -0.264959 6.596542 0.396539
v -0.208932 6.810608 0.312689
v -0.264959 6.528411 0.396539
v -0.208932 6.726327 0.312689
v -0.264959 6.460281 0.396539
v -0.208932 6.642045 0.312689
v -0.264959 6.392150 0.396539
v -0.208932 6.557764 0.312689
v -0.337229 7.209716 0.337229
v -0.337229 7.141586 0.337229
v -0.337229 7.073455 0.337229
v -0.337229 7.005325 0.337229
v -0.337229 6.937194 0.337229
v -0.265920 7.232016 0.265920
v -0.337229 6.869064 0.337229
v -0.265920 7.147735 0.265920
v -0.337229 6.800933 0.337229
v -0.265920 7.063453 0.265920
v -0.337229 6.732803 0.337229
v -0.265920 6.979172 0.265920
v -0.265920 6.894890 0.265920
v -0.337229 6.664672 0.337229
v -0.265920 6.810608 0.265920
v -0.337229 6.596542 0.337229
v -0.337229 6.528411 0.337229
v -0.265920 6.726327 0.265920
v -0.265920 6.642045 0.265920
v -0.337229 6.460281 0.337229
v -0.265920 6.557764 0.265920
v -0.337229 6.392150 0.337229
v -0.396539 7.209716 0.264959
v -0.396539 7.141586 0.264959
v -0.396539 7.073455 0.264959
v -0.396539 7.005325 0.264959
v -0.312689 7.232016 0.208932
v -0.396539 6.937194 0.264959
v -0.312689 7.147735 0.208932
v -0.396539 6.869064 0.264959
v -0.312689 7.063453 0.208932
v -0.396539 6.800933 0.264959
v -0.312689 6.979172 0.208932
v -0.396539 6.732803 0.264959
v -0.312689 6.894890 0.208932
v -0.396539 6.664672 0.264959
v -0.312689 6.810608 0.208932
v -0.396539 6.596542 0.264959
v -0.312689 6.726327 0.208932
v -0.396539 6.528411 0.264959
v -0.312689 6.642045 0.208932
v -0.396539 6.460281 0.264959
v -0.312689 6.557764 0.208932
v -0.396539 6.392150 0.264959
v -0.440610 7.209716 0.182507
v -0.440610 7.141586 0.182507
v -0.440610 7.073455 0.182507
v -0.440610 7.005325 0.182507
v -0.440610 6.937194 0.182507
v -0.347442 7.232016 0.143915
v -0.440610 6.869064 0.182507
v -0.347442 7.147735 0.143915
v -0.440610 6.800933 0.182507
v -0.347442 7.063453 0.143915
v -0.440610 6.732803 0.182507
v -0.347442 6.979172 0.143915
v -0.440610 6.664672 0.182507
v -0.347442 6.894890 0.143915
v -0.347442 6.810608 0.143915
v -0.440610 6.596542 0.182507
v -0.440610 6.528411 0.182507
v -0.347442 6.726327 0.143915
v -0.440610 6.460281 0.182507
v -0.347442 6.642045 0.143915
v -0.440610 6.392150 0.182507
v -0.347442 6.557764 0.143915
v -0.467749 7.209716 0.093041
v -0.467749 7.141586 0.093041
v -0.467749 7.073455 0.093041
v -0.467749 7.005325 0.093041
v -0.368842 7.232016 0.073367
v -0.467749 6.937194 0.093041
v -0.467749 6.869064 0.093041
v -0.368842 7.147735 0.073367
v -0.467749 6.800933 0.093041
v -0.368842 7.063453 0.073367
v -0.467749 6.732803 0.093041
v -0.368842 6.979172 0.073367
v -0.368842 6.894890 0.073367
v -0.467749 6.664672 0.093041
v -0.368842 6.810608 0.073367
v -0.467749 6.596542 0.093041
v -0.467749 6.528411 0.093041
v -0.368842 6.726327 0.073367
v -0.467749 6.460281 0.093041
v -0.368842 6.642045 0.073367
v -0.467749 6.392150 0.093041
v -0.368842 6.557764 0.073367
v -0.476913 7.209716 -0.000000
v -0.476913 7.141586 -0.000000
v -0.476913 7.073455 -0.000000
v -0.476913 7.005325 -0.000000
v -0.376068 7.232016 -0.000000
v -0.476913 6.937194 -0.000000
v -0.376068 7.147735 -0.000000
v -0.476913 6.869064 -0.000000
v -0.476913 6.800933 -0.000000
v -0.376068 7.063453 -0.000000
v -0.476913 6.732803 -0.000000
v -0.376068 6.979172 -0.000000
v -0.376068 6.894890 -0.000000
v -0.476913 6.664672 -0.000000
v -0.376068 6.810608 -0.000000
v -0.476913 6.596542 -0.000000
v -0.476913 6.528411 -0.000000
v -0.376068 6.726327 -0.000000
v -0.476913 6.460281 -0.000000
v -0.376068 6.642045 -0.000000
v -0.476913 6.392150 -0.000000
v -0.376068 6.557764 -0.000000
v -0.467749 7.209716 -0.093041
v -0.467749 7.141586 -0.093041
v -0.467749 7.073455 -0.093041
v -0.467749 7.005325 -0.093041
v -0.368842 7.232016 -0.073367
v -0.467749 6.937194 -0.093041
v -0.368842 7.147735 -0.073367
v -0.467749 6.869064 -0.093041
v -0.368842 7.063453 -0.073367
v -0.467749 6.800933 -0.093041
v -0.368842 6.979172 -0.073367
v -0.467749 6.732803 -0.093041
v -0.368842 6.894890 -0.073367
v -0.467749 6.664672 -0.093041
v -0.368842 6.810608 -0.073367
v -0.467749 6.596542 -0.093041
v -0.368842 6.726327 -0.073367
v -0.467749 6.528411 -0.093041
v -0.368842 6.642045 -0.073367
v -0.467749 6.460281 -0.093041
v -0.368842 6.557764 -0.073367
v -0.467749 6.392150 -0.093041
v -0.440610 7.209716 -0.182507
v -0.440610 7.141586 -0.182507
v -0.440610 7.073455 -0.182507
v -0.440610 7.005325 -0.182507
v -0.440610 6.937194 -0.182507
v -0.347442 7.232016 -0.143915
v -0.440610 6.869064 -0.182507
v -0.347442 7.147735 -0.143915
v -0.440610 6.800933 -0.182507
v -0.347442 7.063453 -0.143915
v -0.440610 6.732803 -0.182507
v -0.347442 6.979172 -0.143915
v -0.440610 6.664672 -0.182507
v -0.347442 6.894890 -0.143915
v -0.440610 6.596542 -0.182507
v -0.347442 6.810608 -0.143915
v -0.347442 6.726327 -0.143915
v -0.440610 6.528411 -0.182507
v -0.440610 6.460281 -0.182507
v -0.347442 6.642045 -0.143915
v -0.347442 6.557764 -0.143915
v -0.440610 6.392150 -0.182507
v -0.396539 7.209716 -0.264959
v -0.396539 7.141586 -0.264959
v -0.396539 7.073455 -0.264959
v -0.396539 7.005325 -0.264959
v -0.312689 7.232016 -0.208932
v -0.396539 6.937194 -0.264959
v -0.312689 7.147735 -0.208932
v -0.396539 6.869064 -0.264959
v -0.312689 7.063453 -0.208932
v -0.396539 6.800933 -0.264959
v -0.396539 6.732803 -0.264959
v -0.312689 6.979172 -0.208932
v -0.312689 6.894890 -0.208932
v -0.396539 6.664672 -0.264959
v -0.396539 6.596542 -0.264959
v -0.312689 6.810608 -0.208932
v -0.396539 6.528411 -0.264959
v -0.312689 6.726327 -0.208932
v -0.396539 6.460281 -0.264959
v -0.312689 6.642045 -0.208932
v -0.396539 6.392150 -0.264959
v -0.312689 6.557764 -0.208932
v -0.337229 7.209716 -0.337229
v -0.337229 7.141586 -0.337229
v -0.337229 7.073455 -0.337229
v -0.337229 7.005325 -0.337229
v -0.337229 6.937194 -0.337229
v -0.265920 7.232016 -0.265920
v -0.337229 6.869064 -0.337229
v -0.265920 7.147735 -0.265920
v -0.337229 6.800933 -0.337229
v -0.265920 7.063453 -0.265920
v -0.337229 6.732803 -0.337229
v -0.265920 6.979172 -0.265920
v -0.337229 6.664672 -0.337229
v -0.265920 6.894890 -0.265920
v -0.265920 6.810608 -0.265920
v -0.337229 6.596542 -0.337229
v -0.265920 6.726327 -0.265920
v -0.337229 6.528411 -0.337229
v -0.337229 6.460281 -0.337229
v -0.265920 6.642045 -0.265920
v -0.337229 6.392150 -0.337229
v -0.265920 6.557764 -0.265920
v -0.264959 7.209716 -0.396539
v -0.264959 7.141586 -0.396539
v -0.264959 7.073455 -0.396539
v -0.264959 7.005325 -0.396539
v -0.264959 6.937194 -0.396539
v -0.208932 7.232016 -0.312689
v -0.264959 6.869064 -0.396539
v -0.208932 7.147735 -0.312689
v -0.264959 6.800933 -0.396539
v -0.208932 7.063453 -0.312689
v -0.264959 6.732803 -0.396539
v -0.208932 6.979172 -0.312689
v -0.264959 6.664672 -0.396539
v -0.208932 6.894890 -0.312689
v -0.264959 6.596542 -0.396539
v -0.208932 6.810608 -0.312689
v -0.264959 6.528411 -0.396539
v -0.208932 6.726327 -0.312689
v -0.264959 6.460281 -0.396539
v -0.208932 6.642045 -0.312689
v -0.264959 6.392150 -0.396539
v -0.208932 6.557764 -0.312689
v -0.182507 7.209716 -0.440610
v -0.182507 7.141586 -0.440610
v -0.182507 7.073455 -0.440610
v -0.182507 7.005325 -0.440610
v -0.182507 6.937194 -0.440610
v -0.143915 7.232016 -0.347442
v -0.182507 6.869064 -0.440610
v -0.143915 7.147735 -0.347442
v -0.182507 6.800933 -0.440610
v -0.143915 7.063453 -0.347442
v -0.182507 6.732803 -0.440610
v -0.143915 6.979172 -0.347442
v -0.182507 6.664672 -0.440610
v -0.143915 6.894890 -0.347442
v -0.182507 6.596542 -0.440610
v -0.143915 6.810608 -0.347442
v -0.182507 6.528411 -0.440610
v -0.143915 6.726327 -0.347442
v -0.143915 6.642045 -0.347442
v -0.182507 6.460281 -0.440610
v -0.143915 6.557764 -0.347442
v -0.182507 6.392150 -0.440610
v -0.093041 7.209716 -0.467750
v -0.093041 7.141586 -0.467750
v -0.093041 7.073455 -0.467750
v -0.093041 7.005325 -0.467750
v -0.093041 6.937194 -0.467750
v -0.073367 7.232016 -0.368842
v -0.093041 6.869064 -0.467750
v -0.073367 7.147735 -0.368842
v -0.093041 6.800933 -0.467750
v -0.073367 7.063453 -0.368842
v -0.073367 6.979172 -0.368842
v -0.093041 6.732803 -0.467750
v -0.093041 6.664672 -0.467750
v -0.073367 6.894890 -0.368842
v -0.073367 6.810608 -0.368842
v -0.093041 6.596542 -0.467750
v -0.073367 6.726327 -0.368842
v -0.093041 6.528411 -0.467750
v -0.093041 6.460281 -0.467750
v -0.073367 6.642045 -0.368842
v -0.073367 6.557764 -0.368842
v -0.093041 6.392150 -0.467750
v -0.265920 7.277847 -0.265920
v -0.208932 7.277847 -0.312689
v 0.000000 7.277847 -0.376068
v -0.073367 7.277847 -0.368842
v -0.143915 7.277847 -0.347442
v -0.376068 7.277847 -0.000000
v -0.368842 7.277847 0.073367
v -0.265920 7.277847 0.265920
v -0.312689 7.277847 0.208932
v -0.347442 7.277847 0.143915
v -0.000000 7.277847 0.376068
v 0.073367 7.277847 0.368842
v 0.208932 7.277847 0.312689
v 0.265920 7.277847 0.265920
v 0.143915 7.277847 0.347442
v 0.265920 7.277847 -0.265920
v 0.312689 7.277847 -0.208932
v 0.368842 7.277847 -0.073367
v 0.376068 7.277847 0.000000
v 0.347442 7.277847 -0.143915
v -0.368842 7.277847 -0.073367
v -0.312689 7.277847 -0.208932
v -0.347442 7.277847 -0.143915
v -0.208932 7.277847 0.312689
v -0.143915 7.277847 0.347442
v 0.073367 7.277847 -0.368842
v -0.073367 7.277847 0.368842
v 0.208932 7.277847 -0.312689
v 0.143915 7.277847 -0.347442
v 0.312689 7.277847 0.208932
v 0.347442 7.277847 0.143915
v 0.368842 7.277847 0.073367
v -0.317371 7.209716 0.474980
v -0.317371 7.141586 0.474980
v -0.403937 7.209716 0.403937
v 0.571253 7.141586 0.000000
v 0.560277 7.141586 0.111446
v -0.474980 7.209716 -0.317371
v -0.474980 7.141586 -0.317371
v -0.403937 7.209716 -0.403937
v -0.000000 7.141586 0.571253
v -0.111446 7.141586 0.560277
v 0.571253 7.209716 0.000000
v 0.560277 7.209716 0.111446
v -0.000000 7.209716 0.571253
v -0.403937 7.141586 -0.403937
v -0.111446 7.209716 0.560277
v 0.474980 7.141586 0.317371
v 0.403937 7.141586 0.403937
v -0.571253 7.209716 -0.000000
v -0.571253 7.141586 -0.000000
v -0.560277 7.209716 -0.111446
v 0.317371 7.209716 -0.474980
v 0.317371 7.141586 -0.474980
v 0.403937 7.209716 -0.403937
v 0.474980 7.209716 0.317371
v 0.403937 7.209716 0.403937
v -0.560277 7.141586 -0.111446
v 0.403937 7.141586 -0.403937
v 0.000000 7.141586 -0.571253
v 0.000000 7.209716 -0.571253
v 0.111446 7.141586 -0.560277
v -0.527769 7.209716 -0.218609
v 0.218609 7.141586 0.527769
v 0.111446 7.141586 0.560277
v 0.527769 7.209716 -0.218609
v 0.527769 7.141586 -0.218609
v 0.560277 7.209716 -0.111446
v 0.111446 7.209716 -0.560277
v -0.403937 7.141586 0.403937
v 0.218609 7.209716 0.527769
v -0.527769 7.141586 -0.218609
v 0.111446 7.209716 0.560277
v 0.560277 7.141586 -0.111446
v -0.111446 7.209716 -0.560277
v -0.218609 7.141586 -0.527769
v -0.111446 7.141586 -0.560277
v 0.527769 7.141586 0.218609
v -0.527769 7.209716 0.218609
v -0.527769 7.141586 0.218609
v -0.560277 7.209716 0.111446
v 0.218609 7.209716 -0.527769
v -0.218609 7.141586 0.527769
v -0.218609 7.209716 -0.527769
v 0.527769 7.209716 0.218609
v -0.560277 7.141586 0.111446
v -0.218609 7.209716 0.527769
v 0.317371 7.141586 0.474980
v 0.474980 7.209716 -0.317371
v 0.317371 7.209716 0.474980
v 0.474980 7.141586 -0.317371
v -0.474980 7.209716 0.317371
v -0.317371 7.209716 -0.474980
v -0.474980 7.141586 0.317371
v -0.317371 7.141586 -0.474980
v 0.218609 7.141586 -0.527769
v 0.000000 -5.000593 -1.000000
v 0.000000 5.000592 -1.000000
v 0.195090 -5.000593 -0.980785
v 0.195090 5.000592 -0.980785
v 0.382683 -5.000593 -0.923880
v 0.382683 5.000592 -0.923880
v 0.555570 -5.000593 -0.831470
v 0.555570 5.000592 -0.831470
v 0.707107 -5.000593 -0.707107
v 0.707107 5.000592 -0.707107
v 0.831470 -5.000593 -0.555570
v 0.831470 5.000592 -0.555570
v 0.923880 -5.000593 -0.382683
v 0.923880 5.000592 -0.382683
v 0.980785 -5.000593 -0.195090
v 0.980785 5.000592 -0.195090
v 1.000000 -5.000593 0.000000
v 1.000000 5.000592 0.000000
v 0.980785 -5.000593 0.195090
v 0.980785 5.000592 0.195090
v 0.923880 -5.000593 0.382683
v 0.923880 5.000592 0.382683
v 0.831470 -5.000593 0.555570
v 0.831470 5.000592 0.555570
v 0.707107 -5.000593 0.707107
v 0.707107 5.000592 0.707107
v 0.555570 -5.000593 0.831470
v 0.555570 5.000592 0.831470
v 0.382684 -5.000593 0.923880
v 0.382684 5.000592 0.923880
v 0.195090 -5.000593 0.980785
v 0.195090 5.000592 0.980785
v -0.000000 -5.000593 1.000000
v -0.000000 5.000592 1.000000
v -0.195090 -5.000593 0.980785
v -0.195090 5.000592 0.980785
v -0.382683 -5.000593 0.923880
v -0.382683 5.000592 0.923880
v -0.555570 -5.000593 0.831470
v -0.555570 5.000592 0.831470
v -0.707107 -5.000593 0.707107
v -0.707107 5.000592 0.707107
v -0.831470 -5.000593 0.555570
v -0.831470 5.000592 0.555570
v -0.923880 -5.000593 0.382684
v -0.923880 5.000592 0.382684
v -0.980785 -5.000593 0.195090
v -0.980785 5.000592 0.195090
v -1.000000 -5.000593 -0.000000
v -1.000000 5.000592 -0.000000
v -0.980785 -5.000593 -0.195090
v -0.980785 5.000592 -0.195090
v -0.923880 -5.000593 -0.382684
v -0.923880 5.000592 -0.382684
v -0.831470 -5.000593 -0.555570
v -0.831470 5.000592 -0.555570
v -0.707107 -5.000593 -0.707107
v -0.707107 5.000592 -0.707107
v -0.555570 -5.000593 -0.831470
v -0.555570 5.000592 -0.831470
v -0.382683 -5.000593 -0.923880
v -0.382683 5.000592 -0.923880
v -0.195090 -5.000593 -0.980785
v -0.195090 5.000592 -0.980785
v 0.000000 -4.677975 -1.000000
v 0.000000 -4.355355 -1.000000
v 0.000000 -4.032737 -1.000000
v 0.000000 -3.710118 -1.000000
v 0.000000 -3.387499 -1.000000
v 0.000000 -3.064880 -1.000000
v 0.000000 -2.742261 -1.000000
v 0.000000 -2.419643 -1.000000
v 0.000000 -2.097024 -1.000000
v 0.000000 -1.774405 -1.000000
v 0.000000 -1.451786 -1.000000
v 0.000000 -1.129167 -1.000000
v 0.000000 -0.806548 -1.000000
v 0.000000 -0.483929 -1.000000
v 0.000000 -0.161310 -1.000000
v 0.000000 0.161309 -1.000000
v 0.000000 0.483928 -1.000000
v 0.000000 0.806547 -1.000000
v 0.000000 1.129166 -1.000000
v 0.000000 1.451785 -1.000000
v 0.000000 1.774404 -1.000000
v 0.000000 2.097022 -1.000000
v 0.000000 2.419641 -1.000000
v 0.000000 2.742260 -1.000000
v 0.000000 3.064879 -1.000000
v 0.000000 3.387498 -1.000000
v 0.000000 3.710117 -1.000000
v 0.000000 4.032736 -1.000000
v 0.000000 4.355354 -1.000000
v 0.000000 4.677973 -1.000000
v 0.195090 4.677974 -0.980785
v 0.195090 4.355354 -0.980785
v 0.195090 4.032736 -0.980785
v 0.195090 3.710117 -0.980785
v 0.195090 3.387498 -0.980785
v 0.195090 3.064879 -0.980785
v 0.195090 2.742260 -0.980785
v 0.195090 2.419641 -0.980785
v 0.195090 2.097023 -0.980785
v 0.195090 1.774404 -0.980785
v 0.195090 1.451785 -0.980785
v 0.195090 1.129166 -0.980785
v 0.195090 0.806547 -0.980785
v 0.195090 0.483928 -0.980785
v 0.195090 0.161309 -0.980785
v 0.195090 -0.161310 -0.980785
v 0.195090 -0.483929 -0.980785
v 0.195090 -0.806548 -0.980785
v 0.195090 -1.129167 -0.980785
v 0.195090 -1.451785 -0.980785
v 0.195090 -1.774405 -0.980785
v 0.195090 -2.097023 -0.980785
v 0.195090 -2.419642 -0.980785
v 0.195090 -2.742261 -0.980785
v 0.195090 -3.064879 -0.980785
v 0.195090 -3.387499 -0.980785
v 0.195090 -3.710118 -0.980785
v 0.195090 -4.032737 -0.980785
v 0.195090 -4.355355 -0.980785
v 0.195090 -4.677975 -0.980785
v 0.382683 4.677974 -0.923880
v 0.382683 4.355354 -0.923880
v 0.382683 4.032736 -0.923880
v 0.382683 3.710117 -0.923880
v 0.382683 3.387498 -0.923880
v 0.382683 3.064879 -0.923880
v 0.382683 2.742260 -0.923880
v 0.382683 2.419641 -0.923880
v 0.382683 2.097023 -0.923880
v 0.382683 1.774404 -0.923880
v 0.382683 1.451785 -0.923880
v 0.382683 1.129166 -0.923880
v 0.382683 0.806547 -0.923880
v 0.382683 0.483928 -0.923880
v 0.382683 0.161309 -0.923880
v 0.382683 -0.161310 -0.923880
v 0.382683 -0.483929 -0.923880
v 0.382683 -0.806548 -0.923880
v 0.382683 -1.129167 -0.923880
v 0.382683 -1.451785 -0.923880
v 0.382683 -1.774405 -0.923880
v 0.382683 -2.097023 -0.923880
v 0.382683 -2.419642 -0.923880
v 0.382683 -2.742261 -0.923880
v 0.382683 -3.064879 -0.923880
v 0.382683 -3.387499 -0.923880
v 0.382683 -3.710118 -0.923880
v 0.382683 -4.032737 -0.923880
v 0.382683 -4.355355 -0.923880
v 0.382683 -4.677975 -0.923880
v 0.555570 4.677974 -0.831470
v 0.555570 4.355354 -0.831470
v 0.555570 4.032736 -0.831470
v 0.555570 3.710117 -0.831470
v 0.555570 3.387498 -0.831470
v 0.555570 3.064879 -0.831470
v 0.555570 2.742260 -0.831470
v 0.555570 2.419641 -0.831470
v 0.555570 2.097023 -0.831470
v 0.555570 1.774404 -0.831470
v 0.555570 1.451785 -0.831470
v 0.555570 1.129166 -0.831470
v 0.555570 0.806547 -0.831470
v 0.555570 0.483928 -0.831470
v 0.555570 0.161309 -0.831470
v 0.555570 -0.161310 -0.831470
v 0.555570 -0.483929 -0.831470
v 0.555570 -0.806548 -0.831470
v 0.555570 -1.129167 -0.831470
v 0.555570 -1.451785 -0.831470
v 0.555570 -1.774405 -0.831470
v 0.555570 -2.097023 -0.831470
v 0.555570 -2.419642 -0.831470
v 0.555570 -2.742261 -0.831470
v 0.555570 -3.064879 -0.831470
v 0.555570 -3.387499 -0.831470
v 0.555570 -3.710118 -0.831470
v 0.555570 -4.032737 -0.831470
v 0.555570 -4.355355 -0.831470
v 0.555570 -4.677975 -0.831470
v 0.707107 4.677974 -0.707107
v 0.707107 4.355354 -0.707107
v 0.707107 4.032736 -0.707107
v 0.707107 3.710117 -0.707107
v 0.707107 3.387498 -0.707107
v 0.707107 3.064879 -0.707107
v 0.707107 2.742260 -0.707107
v 0.707107 2.419641 -0.707107
v 0.707107 2.097023 -0.707107
v 0.707107 1.774404 -0.707107
v 0.707107 1.451785 -0.707107
v 0.707107 1.129166 -0.707107
v 0.707107 0.806547 -0.707107
v 0.707107 0.483928 -0.707107
v 0.707107 0.161309 -0.707107
v 0.707107 -0.161310 -0.707107
v 0.707107 -0.483929 -0.707107
v 0.707107 -0.806548 -0.707107
v 0.707107 -1.129167 -0.707107
v 0.707107 -1.451785 -0.707107
v 0.707107 -1.774405 -0.707107
v 0.707107 -2.097023 -0.707107
v 0.707107 -2.419642 -0.707107
v 0.707107 -2.742261 -0.707107
v 0.707107 -3.064879 -0.707107
v 0.707107 -3.387499 -0.707107
v 0.707107 -3.710118 -0.707107
v 0.707107 -4.032737 -0.707107
v 0.707107 -4.355355 -0.707107
v 0.707107 -4.677975 -0.707107
v 0.831470 4.677974 -0.555570
v 0.831470 4.355354 -0.555570
v 0.831470 4.032736 -0.555570
v 0.831470 3.710117 -0.555570
v 0.831470 3.387498 -0.555570
v 0.831470 3.064879 -0.555570
v 0.831470 2.742260 -0.555570
v 0.831470 2.419641 -0.555570
v 0.831470 2.097023 -0.555570
v 0.831470 1.774404 -0.555570
v 0.831470 1.451785 -0.555570
v 0.831470 1.129166 -0.555570
v 0.831470 0.806547 -0.555570
v 0.831470 0.483928 -0.555570
v 0.831470 0.161309 -0.555570
v 0.831470 -0.161310 -0.555570
v 0.831470 -0.483929 -0.555570
v 0.831470 -0.806548 -0.555570
v 0.831470 -1.129167 -0.555570
v 0.831470 -1.451785 -0.555570
v 0.831470 -1.774405 -0.555570
v 0.831470 -2.097023 -0.555570
v 0.831470 -2.419642 -0.555570
v 0.831470 -2.742261 -0.555570
v 0.831470 -3.064879 -0.555570
v 0.831470 -3.387499 -0.555570
v 0.831470 -3.710118 -0.555570
v 0.831470 -4.032737 -0.555570
v 0.831470 -4.355355 -0.555570
v 0.831470 -4.677975 -0.555570
v 0.923880 4.677974 -0.382683
v 0.923880 4.355354 -0.382683
v 0.923880 4.032736 -0.382683
v 0.923880 3.710117 -0.382683
v 0.923880 3.387498 -0.382683
v 0.923880 3.064879 -0.382683
v 0.923880 2.742260 -0.382683
v 0.923880 2.419641 -0.382683
v 0.923880 2.097023 -0.382683
v 0.923880 1.774404 -0.382683
v 0.923880 1.451785 -0.382683
v 0.923880 1.129166 -0.382683
v 0.923880 0.806547 -0.382683
v 0.923880 0.483928 -0.382683
v 0.923880 0.161309 -0.382683
v 0.923880 -0.161310 -0.382683
v 0.923880 -0.483929 -0.382683
v 0.923880 -0.806548 -0.382683
v 0.923880 -1.129167 -0.382683
v 0.923880 -1.451785 -0.382683
v 0.923880 -1.774405 -0.382683
v 0.923880 -2.097023 -0.382683
v 0.923880 -2.419642 -0.382683
v 0.923880 -2.742261 -0.382683
v 0.923880 -3.064879 -0.382683
v 0.923880 -3.387499 -0.382683
v 0.923880 -3.710118 -0.382683
v 0.923880 -4.032737 -0.382683
v 0.923880 -4.355355 -0.382683
v 0.923880 -4.677975 -0.382683
v 0.980785 4.677974 -0.195090
v 0.980785 4.355354 -0.195090
v 0.980785 4.032736 -0.195090
v 0.980785 3.710117 -0.195090
v 0.980785 3.387498 -0.195090
v 0.980785 3.064879 -0.195090
v 0.980785 2.742260 -0.195090
v 0.980785 2.419641 -0.195090
v 0.980785 2.097023 -0.195090
v 0.980785 1.774404 -0.195090
v 0.980785 1.451785 -0.195090
v 0.980785 1.129166 -0.195090
v 0.980785 0.806547 -0.195090
v 0.980785 0.483928 -0.195090
v 0.980785 0.161309 -0.195090
v 0.980785 -0.161310 -0.195090
v 0.980785 -0.483929 -0.195090
v 0.980785 -0.806548 -0.195090
v 0.980785 -1.129167 -0.195090
v 0.980785 -1.451785 -0.195090
v 0.980785 -1.774405 -0.195090
v 0.980785 -2.097023 -0.195090
v 0.980785 -2.419642 -0.195090
v 0.980785 -2.742261 -0.195090
v 0.980785 -3.064879 -0.195090
v 0.980785 -3.387499 -0.195090
v 0.980785 -3.710118 -0.195090
v 0.980785 -4.032737 -0.195090
v 0.980785 -4.355355 -0.195090
v 0.980785 -4.677975 -0.195090
v 1.000000 4.677974 0.000000
v 1.000000 4.355354 0.000000
v 1.000000 4.032736 0.000000
v 1.000000 3.710117 0.000000
v 1.000000 3.387498 0.000000
v 1.000000 3.064879 0.000000
v 1.000000 2.742260 0.000000
v 1.000000 2.419641 0.000000
v 1.000000 2.097023 0.000000
v 1.000000 1.774404 0.000000
v 1.000000 1.451785 0.000000
v 1.000000 1.129166 0.000000
v 1.000000 0.806547 0.000000
v 1.000000 0.483928 0.000000
v 1.000000 0.161309 0.000000
v 1.000000 -0.161310 0.000000
v 1.000000 -0.483929 0.000000
v 1.000000 -0.806548 0.000000
v 1.000000 -1.129167 0.000000
v 1.000000 -1.451785 0.000000
v 1.000000 -1.774405 0.000000
v 1.000000 -2.097023 0.000000
v 1.000000 -2.419642 0.000000
v 1.000000 -2.742261 0.000000
v 1.000000 -3.064879 0.000000
v 1.000000 -3.387499 0.000000
v 1.000000 -3.710118 0.000000
v 1.000000 -4.032737 0.000000
v 1.000000 -4.355355 0.000000
v 1.000000 -4.677975 0.000000
v 0.980785 4.677974 0.195090
v 0.980785 4.355354 0.195090
v 0.980785 4.032736 0.195090
v 0.980785 3.710117 0.195090
v 0.980785 3.387498 0.195090
v 0.980785 3.064879 0.195090
v 0.980785 2.742260 0.195090
v 0.980785 2.419641 0.195090
v 0.980785 2.097023 0.195090
v 0.980785 1.774404 0.195090
v 0.980785 1.451785 0.195090
v 0.980785 1.129166 0.195090
v 0.980785 0.806547 0.195090
v 0.980785 0.483928 0.195090
v 0.980785 0.161309 0.195090
v 0.980785 -0.161310 0.195090
v 0.980785 -0.483929 0.195090
v 0.980785 -0.806548 0.195090
v 0.980785 -1.129167 0.195090
v 0.980785 -1.451785 0.195090
v 0.980785 -1.774405 0.195090
v 0.980785 -2.097023 0.195090
v 0.980785 -2.419642 0.195090
v 0.980785 -2.742261 0.195090
v 0.980785 -3.064879 0.195090
v 0.980785 -3.387499 0.195090
v 0.980785 -3.710118 0.195090
v 0.980785 -4.032737 0.195090
v 0.980785 -4.355355 0.195090
v 0.980785 -4.677975 0.195090
v 0.923880 4.677974 0.382683
v 0.923880 4.355354 0.382683
v 0.923880 4.032736 0.382683
v 0.923880 3.710117 0.382683
v 0.923880 3.387498 0.382683
v 0.923880 3.064879 0.382683
v 0.923880 2.742260 0.382683
v 0.923880 2.419641 0.382683
v 0.923880 2.097023 0.382683
v 0.923880 1.774404 0.382683
v 0.923880 1.451785 0.382683
v 0.923880 1.129166 0.382683
v 0.923880 0.806547 0.382683
v 0.923880 0.483928 0.382683
v 0.923880 0.161309 0.382683
v 0.923880 -0.161310 0.382683
v 0.923880 -0.483929 0.382683
v 0.923880 -0.806548 0.382683
v 0.923880 -1.129167 0.382683
v 0.923880 -1.451785 0.382683
v 0.923880 -1.774405 0.382683
v 0.923880 -2.097023 0.382683
v 0.923880 -2.419642 0.382683
v 0.923880 -2.742261 0.382683
v 0.923880 -3.064879 0.382683
v 0.923880 -3.387499 0.382683
v 0.923880 -3.710118 0.382683
v 0.923880 -4.032737 0.382683
v 0.923880 -4.355355 0.382683
v 0.923880 -4.677975 0.382683
v 0.831470 4.677974 0.555570
v 0.831470 4.355354 0.555570
v 0.831470 4.032736 0.555570
v 0.831470 3.710117 0.555570
v 0.831470 3.387498 0.555570
v 0.831470 3.064879 0.555570
v 0.831470 2.742260 0.555570
v 0.831470 2.419641 0.555570
v 0.831470 2.097023 0.555570
v 0.831470 1.774404 0.555570
v 0.831470 1.451785 0.555570
v 0.831470 1.129166 0.555570
v 0.831470 0.806547 0.555570
v 0.831470 0.483928 0.555570
v 0.831470 0.161309 0.555570
v 0.831470 -0.161310 0.555570
v 0.831470 -0.483929 0.555570
v 0.831470 -0.806548 0.555570
v 0.831470 -1.129167 0.555570
v 0.831470 -1.451785 0.555570
v 0.831470 -1.774405 0.555570
v 0.831470 -2.097023 0.555570
v 0.831470 -2.419642 0.555570
v 0.831470 -2.742261 0.555570
v 0.831470 -3.064879 0.555570
v 0.831470 -3.387499 0.555570
v 0.831470 -3.710118 0.555570
v 0.831470 -4.032737 0.555570
v 0.831470 -4.355355 0.555570
v 0.831470 -4.677975 0.555570
v 0.707107 4.677974 0.707107
v 0.707107 4.355354 0.707107
v 0.707107 4.032736 0.707107
v 0.707107 3.710117 0.707107
v 0.707107 3.387498 0.707107
v 0.707107 3.064879 0.707107
v 0.707107 2.742260 0.707107
v 0.707107 2.419641 0.707107
v 0.707107 2.097023 0.707107
v 0.707107 1.774404 0.707107
v 0.707107 1.451785 0.707107
v 0.707107 1.129166 0.707107
v 0.707107 0.806547 0.707107
v 0.707107 0.483928 0.707107
v 0.707107 0.161309 0.707107
v 0.707107 -0.161310 0.707107
v 0.707107 -0.483929 0.707107
v 0.707107 -0.806548 0.707107
v 0.707107 -1.129167 0.707107
v 0.707107 -1.451785 0.707107
v 0.707107 -1.774405 0.707107
v 0.707107 -2.097023 0.707107
v 0.707107 -2.419642 0.707107
v 0.707107 -2.742261 0.707107
v 0.707107 -3.064879 0.707107
v 0.707107 -3.387499 0.707107
v 0.707107 -3.710118 0.707107
v 0.707107 -4.032737 0.707107
v 0.707107 -4.355355 0.707107
v 0.707107 -4.677975 0.707107
v 0.555570 4.677974 0.831470
v 0.555570 4.355354 0.831470
v 0.555570 4.032736 0.831470
v 0.555570 3.710117 0.831470
v 0.555570 3.387498 0.831470
v 0.555570 3.064879 0.831470
v 0.555570 2.742260 0.831470
v 0.555570 2.419641 0.831470
v 0.555570 2.097023 0.831470
v 0.555570 1.774404 0.831470
v 0.555570 1.451785 0.831470
v 0.555570 1.129166 0.831470
v 0.555570 0.806547 0.831470
v 0.555570 0.483928 0.831470
v 0.555570 0.161309 0.831470
v 0.555570 -0.161310 0.831470
v 0.555570 -0.483929 0.831470
v 0.555570 -0.806548 0.831470
v 0.555570 -1.129167 0.831470
v 0.555570 -1.451785 0.831470
v 0.555570 -1.774405 0.831470
v 0.555570 -2.097023 0.831470
v 0.555570 -2.419642 0.831470
v 0.555570 -2.742261 0.831470
v 0.555570 -3.064879 0.831470
v 0.555570 -3.387499 0.831470
v 0.555570 -3.710118 0.831470
v 0.555570 -4.032737 0.831470
v 0.555570 -4.355355 0.831470
v 0.555570 -4.677975 0.831470
v 0.382684 4.677974 0.923880
v 0.382684 4.355354 0.923880
v 0.382684 4.032736 0.923880
v 0.382684 3.710117 0.923880
v 0.382684 3.387498 0.923880
v 0.382684 3.064879 0.923880
v 0.382684 2.742260 0.923880
v 0.382684 2.419641 0.923880
v 0.382684 2.097023 0.923880
v 0.382684 1.774404 0.923880
v 0.382684 1.451785 0.923880
v 0.382684 1.129166 0.923880
v 0.382684 0.806547 0.923880
v 0.382684 0.483928 0.923880
v 0.382684 0.161309 0.923880
v 0.382684 -0.161310 0.923880
v 0.382684 -0.483929 0.923880
v 0.382684 -0.806548 0.923880
v 0.382684 -1.129167 0.923880
v 0.382684 -1.451785 0.923880
v 0.382684 -1.774405 0.923880
v 0.382684 -2.097023 0.923880
v 0.382684 -2.419642 0.923880
v 0.382684 -2.742261 0.923880
v 0.382684 -3.064879 0.923880
v 0.382684 -3.387499 0.923880
v 0.382684 -3.710118 0.923880
v 0.382684 -4.032737 0.923880
v 0.382684 -4.355355 0.923880
v 0.382684 -4.677975 0.923880
v 0.195090 4.677974 0.980785
v 0.195090 4.355354 0.980785
v 0.195090 4.032736 0.980785
v 0.195090 3.710117 0.980785
v 0.195090 3.387498 0.980785
v 0.195090 3.064879 0.980785
v 0.195090 2.742260 0.980785
v 0.195090 2.419641 0.980785
v 0.195090 2.097023 0.980785
v 0.195090 1.774404 0.980785
v 0.195090 1.451785 0.980785
v 0.195090 1.129166 0.980785
v 0.195090 0.806547 0.980785
v 0.195090 0.483928 0.980785
v 0.195090 0.161309 0.980785
v 0.195090 -0.161310 0.980785
v 0.195090 -0.483929 0.980785
v 0.195090 -0.806548 0.980785
v 0.195090 -1.129167 0.980785
v 0.195090 -1.451785 0.980785
v 0.195090 -1.774405 0.980785
v 0.195090 -2.097023 0.980785
v 0.195090 -2.419642 0.980785
v 0.195090 -2.742261 0.980785
v 0.195090 -3.064879 0.980785
v 0.195090 -3.387499 0.980785
v 0.195090 -3.710118 0.980785
v 0.195090 -4.032737 0.980785
v 0.195090 -4.355355 0.980785
v 0.195090 -4.677975 0.980785
v -0.000000 4.677974 1.000000
v -0.000000 4.355354 1.000000
v -0.000000 4.032736 1.000000
v -0.000000 3.710117 1.000000
v -0.000000 3.387498 1.000000
v -0.000000 3.064879 1.000000
v -0.000000 2.742260 1.000000
v -0.000000 2.419641 1.000000
v -0.000000 2.097023 1.000000
v -0.000000 1.774404 1.000000
v -0.000000 1.451785 1.000000
v -0.000000 1.129166 1.000000
v -0.000000 0.806547 1.000000
v -0.000000 0.483928 1.000000
v -0.000000 0.161309 1.000000
v -0.000000 -0.161310 1.000000
v -0.000000 -0.483929 1.000000
v -0.000000 -0.806548 1.000000
v -0.000000 -1.129167 1.000000
v -0.000000 -1.451785 1.000000
v -0.000000 -1.774405 1.000000
v -0.000000 -2.097023 1.000000
v -0.000000 -2.419642 1.000000
v -0.000000 -2.742261 1.000000
v -0.000000 -3.064879 1.000000
v -0.000000 -3.387499 1.000000
v -0.000000 -3.710118 1.000000
v -0.000000 -4.032737 1.000000
v -0.000000 -4.355355 1.000000
v -0.000000 -4.677975 1.000000
v -0.195090 4.677974 0.980785
v -0.195090 4.355354 0.980785
v -0.195090 4.032736 0.980785
v -0.195090 3.710117 0.980785
v -0.195090 3.387498 0.980785
v -0.195090 3.064879 0.980785
v -0.195090 2.742260 0.980785
v -0.195090 2.419641 0.980785
v -0.195090 2.097023 0.980785
v -0.195090 1.774404 0.980785
v -0.195090 1.451785 0.980785
v -0.195090 1.129166 0.980785
v -0.195090 0.806547 0.980785
v -0.195090 0.483928 0.980785
v -0.195090 0.161309 0.980785
v -0.195090 -0.161310 0.980785
v -0.195090 -0.483929 0.980785
v -0.195090 -0.806548 0.980785
v -0.195090 -1.129167 0.980785
v -0.195090 -1.451785 0.980785
v -0.195090 -1.774405 0.980785
v -0.195090 -2.097023 0.980785
v -0.195090 -2.419642 0.980785
v -0.195090 -2.742261 0.980785
v -0.195090 -3.064879 0.980785
v -0.195090 -3.387499 0.980785
v -0.195090 -3.710118 0.980785
v -0.195090 -4.032737 0.980785
v -0.195090 -4.355355 0.980785
v -0.195090 -4.677975 0.980785
v -0.382683 4.677974 0.923880
v -0.382683 4.355354 0.923880
v -0.382683 4.032736 0.923880
v -0.382683 3.710117 0.923880
v -0.382683 3.387498 0.923880
v -0.382683 3.064879 0.923880
v -0.382683 2.742260 0.923880
v -0.382683 2.419641 0.923880
v -0.382683 2.097023 0.923880
v -0.382683 1.774404 0.923880
v -0.382683 1.451785 0.923880
v -0.382683 1.129166 0.923880
v -0.382683 0.806547 0.923880
v -0.382683 0.483928 0.923880
v -0.382683 0.161309 0.923880
v -0.382683 -0.161310 0.923880
v -0.382683 -0.483929 0.923880
v -0.382683 -0.806548 0.923880
v -0.382683 -1.129167 0.923880
v -0.382683 -1.451785 0.923880
v -0.382683 -1.774405 0.923880
v -0.382683 -2.097023 0.923880
v -0.382683 -2.419642 0.923880
v -0.382683 -2.742261 0.923880
v -0.382683 -3.064879 0.923880
v -0.382683 -3.387499 0.923880
v -0.382683 -3.710118 0.923880
v -0.382683 -4.032737 0.923880
v -0.382683 -4.355355 0.923880
v -0.382683 -4.677975 0.923880
v -0.555570 4.677974 0.831470
v -0.555570 4.355354 0.831470
v -0.555570 4.032736 0.831470
v -0.555570 3.710117 0.831470
v -0.555570 3.387498 0.831470
v -0.555570 3.064879 0.831470
v -0.555570 2.742260 0.831470
v -0.555570 2.419641 0.831470
v -0.555570 2.097023 0.831470
v -0.555570 1.774404 0.831470
v -0.555570 1.451785 0.831470
v -0.555570 1.129166 0.831470
v -0.555570 0.806547 0.831470
v -0.555570 0.483928 0.831470
v -0.555570 0.161309 0.831470
v -0.555570 -0.161310 0.831470
v -0.555570 -0.483929 0.831470
v -0.555570 -0.806548 0.831470
v -0.555570 -1.129167 0.831470
v -0.555570 -1.451785 0.831470
v -0.555570 -1.774405 0.831470
v -0.555570 -2.097023 0.831470
v -0.555570 -2.419642 0.831470
v -0.555570 -2.742261 0.831470
v -0.555570 -3.064879 0.831470
v -0.555570 -3.387499 0.831470
v -0.555570 -3.710118 0.831470
v -0.555570 -4.032737 0.831470
v -0.555570 -4.355355 0.831470
v -0.555570 -4.677975 0.831470
v -0.707107 4.677974 0.707107
v -0.707107 4.355354 0.707107
v -0.707107 4.032736 0.707107
v -0.707107 3.710117 0.707107
v -0.707107 3.387498 0.707107
v -0.707107 3.064879 0.707107
v -0.707107 2.742260 0.707107
v -0.707107 2.419641 0.707107
v -0.707107 2.097023 0.707107
v -0.707107 1.774404 0.707107
v -0.707107 1.451785 0.707107
v -0.707107 1.129166 0.707107
v -0.707107 0.806547 0.707107
v -0.707107 0.483928 0.707107
v -0.707107 0.161309 0.707107
v -0.707107 -0.161310 0.707107
v -0.707107 -0.483929 0.707107
v -0.707107 -0.806548 0.707107
v -0.707107 -1.129167 0.707107
v -0.707107 -1.451785 0.707107
v -0.707107 -1.774405 0.707107
v -0.707107 -2.097023 0.707107
v -0.707107 -2.419642 0.707107
v -0.707107 -2.742261 0.707107
v -0.707107 -3.064879 0.707107
v -0.707107 -3.387499 0.707107
v -0.707107 -3.710118 0.707107
v -0.707107 -4.032737 0.707107
v -0.707107 -4.355355 0.707107
v -0.707107 -4.677975 0.707107
v -0.831470 4.677974 0.555570
v -0.831470 4.355354 0.555570
v -0.831470 4.032736 0.555570
v -0.831470 3.710117 0.555570
v -0.831470 3.387498 0.555570
v -0.831470 3.064879 0.555570
v -0.831470 2.742260 0.555570
v -0.831470 2.419641 0.555570
v -0.831470 2.097023 0.555570
v -0.831470 1.774404 0.555570
v -0.831470 1.451785 0.555570
v -0.831470 1.129166 0.555570
v -0.831470 0.806547 0.555570
v -0.831470 0.483928 0.555570
v -0.831470 0.161309 0.555570
v -0.831470 -0.161310 0.555570
v -0.831470 -0.483929 0.555570
v -0.831470 -0.806548 0.555570
v -0.831470 -1.129167 0.555570
v -0.831470 -1.451785 0.555570
v -0.831470 -1.774405 0.555570
v -0.831470 -2.097023 0.555570
v -0.831470 -2.419642 0.555570
v -0.831470 -2.742261 0.555570
v -0.831470 -3.064879 0.555570
v -0.831470 -3.387499 0.555570
v -0.831470 -3.710118 0.555570
v -0.831470 -4.032737 0.555570
v -0.831470 -4.355355 0.555570
v -0.831470 -4.677975 0.555570
v -0.923880 4.677974 0.382684
v -0.923880 4.355354 0.382684
v -0.923880 4.032736 0.382684
v -0.923880 3.710117 0.382684
v -0.923880 3.387498 0.382684
v -0.923880 3.064879 0.382684
v -0.923880 2.742260 0.382684
v -0.923880 2.419641 0.382684
v -0.923880 2.097023 0.382684
v -0.923880 1.774404 0.382684
v -0.923880 1.451785 0.382684
v -0.923880 1.129166 0.382684
v -0.923880 0.806547 0.382684
v -0.923880 0.483928 0.382684
v -0.923880 0.161309 0.382684
v -0.923880 -0.161310 0.382684
v -0.923880 -0.483929 0.382684
v -0.923880 -0.806548 0.382684
v -0.923880 -1.129167 0.382684
v -0.923880 -1.451785 0.382684
v -0.923880 -1.774405 0.382684
v -0.923880 -2.097023 0.382684
v -0.923880 -2.419642 0.382684
v -0.923880 -2.742261 0.382684
v -0.923880 -3.064879 0.382684
v -0.923880 -3.387499 0.382684
v -0.923880 -3.710118 0.382684
v -0.923880 -4.032737 0.382684
v -0.923880 -4.355355 0.382684
v -0.923880 -4.677975 0.382684
v -0.980785 4.677974 0.195090
v -0.980785 4.355354 0.195090
v -0.980785 4.032736 0.195090
v -0.980785 3.710117 0.195090
v -0.980785 3.387498 0.195090
v -0.980785 3.064879 0.195090
v -0.980785 2.742260 0.195090
v -0.980785 2.419641 0.195090
v -0.980785 2.097023 0.195090
v -0.980785 1.774404 0.195090
v -0.980785 1.451785 0.195090
v -0.980785 1.129166 0.195090
v -0.980785 0.806547 0.195090
v -0.980785 0.483928 0.195090
v -0.980785 0.161309 0.195090
v -0.980785 -0.161310 0.195090
v -0.980785 -0.483929 0.195090
v -0.980785 -0.806548 0.195090
v -0.980785 -1.129167 0.195090
v -0.980785 -1.451785 0.195090
v -0.980785 -1.774405 0.195090
v -0.980785 -2.097023 0.195090
v -0.980785 -2.419642 0.195090
v -0.980785 -2.742261 0.195090
v -0.980785 -3.064879 0.195090
v -0.980785 -3.387499 0.195090
v -0.980785 -3.710118 0.195090
v -0.980785 -4.032737 0.195090
v -0.980785 -4.355355 0.195090
v -0.980785 -4.677975 0.195090
v -1.000000 4.677974 -0.000000
v -1.000000 4.355354 -0.000000
v -1.000000 4.032736 -0.000000
v -1.000000 3.710117 -0.000000
v -1.000000 3.387498 -0.000000
v -1.000000 3.064879 -0.000000
v -1.000000 2.742260 -0.000000
v -1.000000 2.419641 -0.000000
v -1.000000 2.097023 -0.000000
v -1.000000 1.774404 -0.000000
v -1.000000 1.451785 -0.000000
v -1.000000 1.129166 -0.000000
v -1.000000 0.806547 -0.000000
v -1.000000 0.483928 -0.000000
v -1.000000 0.161309 -0.000000
v -1.000000 -0.161310 -0.000000
v -1.000000 -0.483929 -0.000000
v -1.000000 -0.806548 -0.000000
v -1.000000 -1.129167 -0.000000
v -1.000000 -1.451785 -0.000000
v -1.000000 -1.774405 -0.000000
v -1.000000 -2.097023 -0.000000
v -1.000000 -2.419642 -0.000000
v -1.000000 -2.742261 -0.000000
v -1.000000 -3.064879 -0.000000
v -1.000000 -3.387499 -0.000000
v -1.000000 -3.710118 -0.000000
v -1.000000 -4.032737 -0.000000
v -1.000000 -4.355355 -0.000000
v -1.000000 -4.677975 -0.000000
v -0.980785 4.677974 -0.195090
v -0.980785 4.355354 -0.195090
v -0.980785 4.032736 -0.195090
v -0.980785 3.710117 -0.195090
v -0.980785 3.387498 -0.195090
v -0.980785 3.064879 -0.195090
v -0.980785 2.742260 -0.195090
v -0.980785 2.419641 -0.195090
v -0.980785 2.097023 -0.195090
v -0.980785 1.774404 -0.195090
v -0.980785 1.451785 -0.195090
v -0.980785 1.129166 -0.195090
v -0.980785 0.806547 -0.195090
v -0.980785 0.483928 -0.195090
v -0.980785 0.161309 -0.195090
v -0.980785 -0.161310 -0.195090
v -0.980785 -0.483929 -0.195090
v -0.980785 -0.806548 -0.195090
v -0.980785 -1.129167 -0.195090
v -0.980785 -1.451785 -0.195090
v -0.980785 -1.774405 -0.195090
v -0.980785 -2.097023 -0.195090
v -0.980785 -2.419642 -0.195090
v -0.980785 -2.742261 -0.195090
v -0.980785 -3.064879 -0.195090
v -0.980785 -3.387499 -0.195090
v -0.980785 -3.710118 -0.195090
v -0.980785 -4.032737 -0.195090
v -0.980785 -4.355355 -0.195090
v -0.980785 -4.677975 -0.195090
v -0.923880 4.677974 -0.382684
v -0.923880 4.355354 -0.382684
v -0.923880 4.032736 -0.382684
v -0.923880 3.710117 -0.382684
v -0.923880 3.387498 -0.382684
v -0.923880 3.064879 -0.382684
v -0.923880 2.742260 -0.382684
v -0.923880 2.419641 -0.382684
v -0.923880 2.097023 -0.382684
v -0.923880 1.774404 -0.382684
v -0.923880 1.451785 -0.382684
v -0.923880 1.129166 -0.382684
v -0.923880 0.806547 -0.382684
v -0.923880 0.483928 -0.382684
v -0.923880 0.161309 -0.382684
v -0.923880 -0.161310 -0.382684
v -0.923880 -0.483929 -0.382684
v -0.923880 -0.806548 -0.382684
v -0.923880 -1.129167 -0.382684
v -0.923880 -1.451785 -0.382684
v -0.923880 -1.774405 -0.382684
v -0.923880 -2.097023 -0.382684
v -0.923880 -2.419642 -0.382684
v -0.923880 -2.742261 -0.382684
v -0.923880 -3.064879 -0.382684
v -0.923880 -3.387499 -0.382684
v -0.923880 -3.710118 -0.382684
v -0.923880 -4.032737 -0.382684
v -0.923880 -4.355355 -0.382684
v -0.923880 -4.677975 -0.382684
v -0.831470 4.677974 -0.555570
v -0.831470 4.355354 -0.555570
v -0.831470 4.032736 -0.555570
v -0.831470 3.710117 -0.555570
v -0.831470 3.387498 -0.555570
v -0.831470 3.064879 -0.555570
v -0.831470 2.742260 -0.555570
v -0.831470 2.419641 -0.555570
v -0.831470 2.097023 -0.555570
v -0.831470 1.774404 -0.555570
v -0.831470 1.451785 -0.555570
v -0.831470 1.129166 -0.555570
v -0.831470 0.806547 -0.555570
v -0.831470 0.483928 -0.555570
v -0.831470 0.161309 -0.555570
v -0.831470 -0.161310 -0.555570
v -0.831470 -0.483929 -0.555570
v -0.831470 -0.806548 -0.555570
v -0.831470 -1.129167 -0.555570
v -0.831470 -1.451785 -0.555570
v -0.831470 -1.774405 -0.555570
v -0.831470 -2.097023 -0.555570
v -0.831470 -2.419642 -0.555570
v -0.831470 -2.742261 -0.555570
v -0.831470 -3.064879 -0.555570
v -0.831470 -3.387499 -0.555570
v -0.831470 -3.710118 -0.555570
v -0.831470 -4.032737 -0.555570
v -0.831470 -4.355355 -0.555570
v -0.831470 -4.677975 -0.555570
v -0.707107 4.677974 -0.707107
v -0.707107 4.355354 -0.707107
v -0.707107 4.032736 -0.707107
v -0.707107 3.710117 -0.707107
v -0.707107 3.387498 -0.707107
v -0.707107 3.064879 -0.707107
v -0.707107 2.742260 -0.707107
v -0.707107 2.419641 -0.707107
v -0.707107 2.097023 -0.707107
v -0.707107 1.774404 -0.707107
v -0.707107 1.451785 -0.707107
v -0.707107 1.129166 -0.707107
v -0.707107 0.806547 -0.707107
v -0.707107 0.483928 -0.707107
v -0.707107 0.161309 -0.707107
v -0.707107 -0.161310 -0.707107
v -0.707107 -0.483929 -0.707107
v -0.707107 -0.806548 -0.707107
v -0.707107 -1.129167 -0.707107
v -0.707107 -1.451785 -0.707107
v -0.707107 -1.774405 -0.707107
v -0.707107 -2.097023 -0.707107
v -0.707107 -2.419642 -0.707107
v -0.707107 -2.742261 -0.707107
v -0.707107 -3.064879 -0.707107
v -0.707107 -3.387499 -0.707107
v -0.707107 -3.710118 -0.707107
v -0.707107 -4.032737 -0.707107
v -0.707107 -4.355355 -0.707107
v -0.707107 -4.677975 -0.707107
v -0.555570 4.677974 -0.831470
v -0.555570 4.355354 -0.831470
v -0.555570 4.032736 -0.831470
v -0.555570 3.710117 -0.831470
v -0.555570 3.387498 -0.831470
v -0.555570 3.064879 -0.831470
v -0.555570 2.742260 -0.831470
v -0.555570 2.419641 -0.831470
v -0.555570 2.097023 -0.831470
v -0.555570 1.774404 -0.831470
v -0.555570 1.451785 -0.831470
v -0.555570 1.129166 -0.831470
v -0.555570 0.806547 -0.831470
v -0.555570 0.483928 -0.831470
v -0.555570 0.161309 -0.831470
v -0.555570 -0.161310 -0.831470
v -0.555570 -0.483929 -0.831470
v -0.555570 -0.806548 -0.831470
v -0.555570 -1.129167 -0.831470
v -0.555570 -1.451785 -0.831470
v -0.555570 -1.774405 -0.831470
v -0.555570 -2.097023 -0.831470
v -0.555570 -2.419642 -0.831470
v -0.555570 -2.742261 -0.831470
v -0.555570 -3.064879 -0.831470
v -0.555570 -3.387499 -0.831470
v -0.555570 -3.710118 -0.831470
v -0.555570 -4.032737 -0.831470
v -0.555570 -4.355355 -0.831470
v -0.555570 -4.677975 -0.831470
v -0.382683 4.677974 -0.923880
v -0.382683 4.355354 -0.923880
v -0.382683 4.032736 -0.923880
v -0.382683 3.710117 -0.923880
v -0.382683 3.387498 -0.923880
v -0.382683 3.064879 -0.923880
v -0.382683 2.742260 -0.923880
v -0.382683 2.419641 -0.923880
v -0.382683 2.097023 -0.923880
v -0.382683 1.774404 -0.923880
v -0.382683 1.451785 -0.923880
v -0.382683 1.129166 -0.923880
v -0.382683 0.806547 -0.923880
v -0.382683 0.483928 -0.923880
v -0.382683 0.161309 -0.923880
v -0.382683 -0.161310 -0.923880
v -0.382683 -0.483929 -0.923880
v -0.382683 -0.806548 -0.923880
v -0.382683 -1.129167 -0.923880
v -0.382683 -1.451785 -0.923880
v -0.382683 -1.774405 -0.923880
v -0.382683 -2.097023 -0.923880
v -0.382683 -2.419642 -0.923880
v -0.382683 -2.742261 -0.923880
v -0.382683 -3.064879 -0.923880
v -0.382683 -3.387499 -0.923880
v -0.382683 -3.710118 -0.923880
v -0.382683 -4.032737 -0.923880
v -0.382683 -4.355355 -0.923880
v -0.382683 -4.677975 -0.923880
v -0.195090 4.677974 -0.980785
v -0.195090 4.355354 -0.980785
v -0.195090 4.032736 -0.980785
v -0.195090 3.710117 -0.980785
v -0.195090 3.387498 -0.980785
v -0.195090 3.064879 -0.980785
v -0.195090 2.742260 -0.980785
v -0.195090 2.419641 -0.980785
v -0.195090 2.097023 -0.980785
v -0.195090 1.774404 -0.980785
v -0.195090 1.451785 -0.980785
v -0.195090 1.129166 -0.980785
v -0.195090 0.806547 -0.980785
v -0.195090 0.483928 -0.980785
v -0.195090 0.161309 -0.980785
v -0.195090 -0.161310 -0.980785
v -0.195090 -0.483929 -0.980785
v -0.195090 -0.806548 -0.980785
v -0.195090 -1.129167 -0.980785
v -0.195090 -1.451785 -0.980785
v -0.195090 -1.774405 -0.980785
v -0.195090 -2.097023 -0.980785
v -0.195090 -2.419642 -0.980785
v -0.195090 -2.742261 -0.980785
v -0.195090 -3.064879 -0.980785
v -0.195090 -3.387499 -0.980785
v -0.195090 -3.710118 -0.980785
v -0.195090 -4.032737 -0.980785
v -0.195090 -4.355355 -0.980785
v -0.195090 -4.677975 -0.980785
v 0.000000 1.129166 -1.707668
v 0.000000 1.451785 -1.707668
v 0.333150 1.451785 -1.674856
v 0.333150 1.129166 -1.674856
v 0.653496 1.451785 -1.577680
v 0.653496 1.129166 -1.577680
v 0.948730 1.451785 -1.419874
v 0.948730 1.129166 -1.419874
v 1.207504 1.451785 -1.207504
v 1.207504 1.129166 -1.207504
v 1.419874 1.451785 -0.948730
v 1.419874 1.129166 -0.948730
v 1.577680 1.451785 -0.653496
v 1.577680 1.129166 -0.653496
v 1.674856 1.451785 -0.333150
v 1.674856 1.129166 -0.333150
v 1.707668 1.451785 0.000000
v 1.707668 1.129166 0.000000
v 1.674856 1.451785 0.333150
v 1.674856 1.129166 0.333150
v 1.577680 1.451785 0.653496
v 1.577680 1.129166 0.653496
v 1.419874 1.451785 0.948730
v 1.419874 1.129166 0.948730
v 1.207504 1.451785 1.207504
v 1.207504 1.129166 1.207504
v 0.948730 1.451785 1.419874
v 0.948730 1.129166 1.419874
v 0.653497 1.451785 1.577680
v 0.653497 1.129166 1.577680
v 0.333150 1.451785 1.674856
v 0.333150 1.129166 1.674856
v -0.000000 1.451785 1.707668
v -0.000000 1.129166 1.707668
v -0.333150 1.451785 1.674856
v -0.333150 1.129166 1.674856
v -0.653497 1.451785 1.577680
v -0.653497 1.129166 1.577680
v -0.948730 1.451785 1.419874
v -0.948730 1.129166 1.419874
v -1.207504 1.451785 1.207504
v -1.207504 1.129166 1.207504
v -1.419874 1.451785 0.948730
v -1.419874 1.129166 0.948730
v -1.577680 1.451785 0.653497
v -1.577680 1.129166 0.653497
v -1.674856 1.451785 0.333150
v -1.674856 1.129166 0.333150
v -1.707668 1.451785 -0.000000
v -1.707668 1.129166 -0.000000
v -1.674856 1.451785 -0.333150
v -1.674856 1.129166 -0.333150
v -1.577680 1.451785 -0.653497
v -1.577680 1.129166 -0.653497
v -1.419875 1.451785 -0.948730
v -1.419875 1.129166 -0.948730
v -1.207504 1.451785 -1.207504
v -1.207504 1.129166 -1.207504
v -0.948730 1.451785 -1.419874
v -0.948730 1.129166 -1.419874
v -0.653496 1.451785 -1.577680
v -0.653496 1.129166 -1.577680
v -0.333149 1.451785 -1.674856
v -0.333149 1.129166 -1.674856
v -0.000000 -1.774405 1.041351
v -0.000000 -1.451786 1.041351
v -0.203158 -1.451785 1.021342
v -0.203158 -1.774405 1.021342
v -0.398508 -1.451785 0.962083
v -0.398508 -1.774405 0.962083
v -0.578544 -1.451785 0.865852
v -0.578544 -1.774405 0.865852
v -0.736347 -1.451785 0.736347
v -0.736347 -1.774405 0.736347
v -0.865852 -1.451785 0.578544
v -0.865852 -1.774405 0.578544
v -0.962083 -1.451785 0.398508
v -0.962083 -1.774405 0.398508
v -1.021342 -1.451785 0.203158
v -1.021342 -1.774405 0.203158
v -1.041351 -1.451785 -0.000000
v -1.041351 -1.774405 -0.000000
v -1.021342 -1.451785 -0.203157
v -1.021342 -1.774405 -0.203157
v -0.962083 -1.451785 -0.398508
v -0.962083 -1.774405 -0.398508
v -0.865852 -1.451785 -0.578544
v -0.865852 -1.774405 -0.578544
v -0.736346 -1.451785 -0.736346
v -0.736346 -1.774405 -0.736346
v -0.578544 -1.451785 -0.865852
v -0.578544 -1.774405 -0.865852
v -0.398508 -1.451785 -0.962083
v -0.398508 -1.774405 -0.962083
v -0.203158 -1.451785 -1.021342
v -0.203158 -1.774405 -1.021342
v 0.000000 -1.451785 -1.041351
v 0.000000 -1.774405 -1.041351
v 0.203158 -1.451785 -1.021342
v 0.203158 -1.774405 -1.021342
v 0.398508 -1.451785 -0.962083
v 0.398508 -1.774405 -0.962083
v 0.578544 -1.451785 -0.865852
v 0.578544 -1.774405 -0.865852
v 0.736346 -1.451785 -0.736347
v 0.736346 -1.774405 -0.736347
v 0.865852 -1.451785 -0.578544
v 0.865852 -1.774405 -0.578544
v 0.962083 -1.451785 -0.398508
v 0.962083 -1.774405 -0.398508
v 1.021342 -1.451785 -0.203157
v 1.021342 -1.774405 -0.203157
v 1.041351 -1.451785 -0.000000
v 1.041351 -1.774405 -0.000000
v 1.021342 -1.451785 0.203158
v 1.021342 -1.774405 0.203158
v 0.962083 -1.451785 0.398508
v 0.962083 -1.774405 0.398508
v 0.865852 -1.451785 0.578543
v 0.865852 -1.774405 0.578543
v 0.736347 -1.451785 0.736346
v 0.736347 -1.774405 0.736346
v 0.578544 -1.451785 0.865852
v 0.578544 -1.774405 0.865852
v 0.398508 -1.451785 0.962083
v 0.398508 -1.774405 0.962083
v 0.203157 -1.451785 1.021342
v 0.203157 -1.774405 1.021342
v 0.000000 4.032736 -1.045363
v 0.000000 4.355354 -1.045363
v 0.203940 4.355354 -1.025277
v 0.203940 4.032736 -1.025277
v 0.400043 4.355354 -0.965790
v 0.400043 4.032736 -0.965790
v 0.580773 4.355354 -0.869188
v 0.580773 4.032736 -0.869188
v 0.739183 4.355354 -0.739183
v 0.739183 4.032736 -0.739183
v 0.869188 4.355354 -0.580773
v 0.869188 4.032736 -0.580773
v 0.965790 4.355354 -0.400043
v 0.965790 4.032736 -0.400043
v 1.025277 4.355354 -0.203940
v 1.025277 4.032736 -0.203940
v 1.045363 4.355354 0.000000
v 1.045363 4.032736 0.000000
v 1.025277 4.355354 0.203940
v 1.025277 4.032736 0.203940
v 0.965790 4.355354 0.400043
v 0.965790 4.032736 0.400043
v 0.869188 4.355354 0.580773
v 0.869188 4.032736 0.580773
v 0.739183 4.355354 0.739183
v 0.739183 4.032736 0.739183
v 0.580773 4.355354 0.869188
v 0.580773 4.032736 0.869188
v 0.400043 4.355354 0.965790
v 0.400043 4.032736 0.965790
v 0.203940 4.355354 1.025277
v 0.203940 4.032736 1.025277
v -0.000000 4.355354 1.045363
v -0.000000 4.032736 1.045363
v -0.203940 4.355354 1.025277
v -0.203940 4.032736 1.025277
v -0.400043 4.355354 0.965790
v -0.400043 4.032736 0.965790
v -0.580773 4.355354 0.869188
v -0.580773 4.032736 0.869188
v -0.739183 4.355354 0.739184
v -0.739183 4.032736 0.739184
v -0.869188 4.355354 0.580773
v -0.869188 4.032736 0.580773
v -0.965790 4.355354 0.400043
v -0.965790 4.032736 0.400043
v -1.025277 4.355354 0.203940
v -1.025277 4.032736 0.203940
v -1.045363 4.355354 -0.000000
v -1.045363 4.032736 -0.000000
v -1.025277 4.355354 -0.203940
v -1.025277 4.032736 -0.203940
v -0.965790 4.355354 -0.400043
v -0.965790 4.032736 -0.400043
v -0.869188 4.355354 -0.580773
v -0.869188 4.032736 -0.580773
v -0.739184 4.355354 -0.739183
v -0.739184 4.032736 -0.739183
v -0.580773 4.355354 -0.869188
v -0.580773 4.032736 -0.869188
v -0.400043 4.355354 -0.965790
v -0.400043 4.032736 -0.965790
v -0.203940 4.355354 -1.025277
v -0.203940 4.032736 -1.025277
v 0.000000 6.565088 -0.332706
v 0.000000 6.468041 -0.652627
v 0.000000 6.310446 -0.947468
v 0.000000 6.098358 -1.205898
v 0.000000 5.839928 -1.417986
v 0.000000 5.545087 -1.575581
v 0.000000 5.225166 -1.672628
v 0.064908 6.565088 -0.326314
v 0.127321 6.468041 -0.640087
v 0.184842 6.310446 -0.929262
v 0.235259 6.098358 -1.182727
v 0.276635 5.839928 -1.390739
v 0.307381 5.545087 -1.545307
v 0.326314 5.225166 -1.640489
v 0.332706 4.892460 -1.672628
v 0.127321 6.565088 -0.307381
v 0.249750 6.468041 -0.602949
v 0.362580 6.310446 -0.875346
v 0.461477 6.098358 -1.114104
v 0.542640 5.839928 -1.310048
v 0.602949 5.545087 -1.455647
v 0.640087 5.225166 -1.545307
v 0.652627 4.892460 -1.575581
v 0.184842 6.565088 -0.276635
v 0.362580 6.468041 -0.542640
v 0.526385 6.310446 -0.787791
v 0.669961 6.098358 -1.002667
v 0.787791 5.839928 -1.179012
v 0.875346 5.545087 -1.310048
v 0.929262 5.225166 -1.390739
v 0.947468 4.892460 -1.417986
v 0.235259 6.565088 -0.235259
v 0.461477 6.468041 -0.461477
v 0.669961 6.310446 -0.669961
v 0.852698 6.098358 -0.852698
v 1.002667 5.839928 -1.002667
v 1.114104 5.545087 -1.114104
v 1.182727 5.225166 -1.182727
v 1.205898 4.892460 -1.205897
v 0.276635 6.565088 -0.184842
v 0.542640 6.468041 -0.362580
v 0.787791 6.310446 -0.526385
v 1.002667 6.098358 -0.669961
v 1.179012 5.839928 -0.787790
v 1.310048 5.545087 -0.875346
v 1.390739 5.225166 -0.929262
v 1.417986 4.892460 -0.947467
v 0.307381 6.565088 -0.127321
v 0.602949 6.468041 -0.249749
v 0.875346 6.310446 -0.362580
v 1.114104 6.098358 -0.461477
v 1.310048 5.839928 -0.542639
v 1.455647 5.545087 -0.602949
v 1.545307 5.225166 -0.640087
v 1.575581 4.892460 -0.652627
v 0.326314 6.565088 -0.064908
v 0.640087 6.468041 -0.127321
v 0.929262 6.310446 -0.184842
v 1.182727 6.098358 -0.235259
v 1.390739 5.839928 -0.276635
v 1.545307 5.545087 -0.307381
v 1.640489 5.225166 -0.326313
v 1.672628 4.892460 -0.332706
v 0.332707 6.565088 0.000000
v 0.652627 6.468041 0.000000
v 0.947468 6.310446 0.000000
v 1.205898 6.098358 0.000000
v 1.417985 5.839928 0.000000
v 1.575581 5.545087 0.000000
v 1.672628 5.225166 0.000000
v 1.705397 4.892460 0.000000
v 0.326314 6.565088 0.064908
v 0.640087 6.468041 0.127321
v 0.929262 6.310446 0.184842
v 1.182727 6.098358 0.235259
v 1.390739 5.839928 0.276635
v 1.545307 5.545087 0.307381
v 1.640489 5.225166 0.326314
v 1.672628 4.892460 0.332707
v 0.307381 6.565088 0.127321
v 0.602949 6.468041 0.249750
v 0.875346 6.310446 0.362580
v 1.114104 6.098358 0.461477
v 1.310048 5.839928 0.542640
v 1.455647 5.545087 0.602949
v 1.545307 5.225166 0.640087
v 1.575581 4.892460 0.652627
v 0.276635 6.565088 0.184842
v 0.542640 6.468041 0.362581
v 0.787790 6.310446 0.526385
v 1.002667 6.098358 0.669961
v 1.179012 5.839928 0.787791
v 1.310048 5.545087 0.875346
v 1.390739 5.225166 0.929262
v 1.417985 4.892460 0.947468
v 0.235259 6.565088 0.235259
v 0.461477 6.468041 0.461477
v 0.669961 6.310446 0.669961
v 0.852698 6.098358 0.852698
v 1.002667 5.839928 1.002667
v 1.114104 5.545087 1.114104
v 1.182726 5.225166 1.182727
v 1.205897 4.892460 1.205898
v 0.184842 6.565088 0.276635
v 0.362580 6.468041 0.542640
v 0.526385 6.310446 0.787791
v 0.669961 6.098358 1.002667
v 0.787790 5.839928 1.179012
v 0.875346 5.545087 1.310048
v 0.929262 5.225166 1.390739
v 0.947467 4.892460 1.417985
v 0.127321 6.565088 0.307381
v 0.249750 6.468041 0.602949
v 0.362580 6.310446 0.875346
v 0.461477 6.098358 1.114104
v 0.542639 5.839928 1.310048
v 0.602949 5.545087 1.455647
v 0.640087 5.225166 1.545307
v 0.652626 4.892460 1.575581
v 0.064908 6.565088 0.326314
v 0.127321 6.468041 0.640087
v 0.184842 6.310446 0.929262
v 0.235259 6.098358 1.182727
v 0.276635 5.839928 1.390739
v 0.307381 5.545087 1.545307
v 0.326313 5.225166 1.640489
v 0.332706 4.892460 1.672627
v 0.000000 6.565088 0.332707
v -0.000000 6.468041 0.652627
v -0.000000 6.310446 0.947468
v 0.000000 6.098358 1.205898
v -0.000000 5.839928 1.417985
v 0.000000 5.545087 1.575581
v -0.000000 5.225166 1.672628
v -0.000000 4.892460 1.705396
v -0.064908 6.565088 0.326314
v -0.127321 6.468041 0.640087
v -0.184842 6.310446 0.929262
v -0.235259 6.098358 1.182727
v -0.276635 5.839928 1.390739
v -0.307381 5.545087 1.545307
v -0.326314 5.225166 1.640489
v -0.332707 4.892460 1.672627
v -0.127321 6.565088 0.307381
v -0.249750 6.468041 0.602949
v -0.362580 6.310446 0.875346
v -0.461477 6.098358 1.114104
v -0.542639 5.839928 1.310048
v -0.602949 5.545087 1.455647
v -0.640087 5.225166 1.545306
v -0.652627 4.892460 1.575580
v -0.184842 6.565088 0.276635
v -0.362580 6.468041 0.542640
v -0.526385 6.310446 0.787790
v -0.669961 6.098358 1.002667
v -0.787790 5.839928 1.179012
v -0.875346 5.545087 1.310048
v -0.929262 5.225166 1.390739
v -0.947468 4.892460 1.417984
v -0.235259 6.565088 0.235259
v -0.461477 6.468041 0.461477
v -0.669961 6.310446 0.669961
v -0.852698 6.098358 0.852698
v -1.002667 5.839928 1.002667
v -1.114104 5.545087 1.114104
v -1.182726 5.225166 1.182726
v -1.205897 4.892460 1.205896
v -0.276635 6.565088 0.184842
v -0.542640 6.468041 0.362580
v -0.787790 6.310446 0.526385
v -1.002667 6.098358 0.669961
v -1.179011 5.839928 0.787790
v -1.310048 5.545087 0.875346
v -1.390739 5.225166 0.929262
v -1.417985 4.892460 0.947466
v -0.000000 6.597857 0.000000
v -0.307381 6.565088 0.127321
v -0.602949 6.468041 0.249750
v -0.875346 6.310446 0.362580
v -1.114104 6.098358 0.461477
v -1.310047 5.839928 0.542639
v -1.455647 5.545087 0.602949
v -1.545306 5.225166 0.640087
v -1.575580 4.892460 0.652626
v -0.326314 6.565088 0.064908
v -0.640087 6.468041 0.127321
v -0.929262 6.310446 0.184842
v -1.182726 6.098358 0.235259
v -1.390739 5.839928 0.276635
v -1.545306 5.545087 0.307381
v -1.640488 5.225166 0.326313
v -1.672627 4.892460 0.332705
v -0.332706 6.565088 0.000000
v -0.652627 6.468041 0.000000
v -0.947467 6.310446 -0.000000
v -1.205897 6.098358 0.000000
v -1.417985 5.839928 0.000000
v -1.575581 5.545087 0.000000
v -1.672627 5.225166 -0.000000
v -1.705395 4.892460 -0.000001
v -0.326313 6.565088 -0.064908
v -0.640087 6.468041 -0.127321
v -0.929262 6.310446 -0.184842
v -1.182726 6.098358 -0.235259
v -1.390739 5.839928 -0.276635
v -1.545306 5.545087 -0.307381
v -1.640488 5.225166 -0.326314
v -1.672626 4.892460 -0.332707
v -0.307381 6.565088 -0.127321
v -0.602949 6.468041 -0.249749
v -0.875345 6.310446 -0.362580
v -1.114104 6.098358 -0.461477
v -1.310047 5.839928 -0.542639
v -1.455647 5.545087 -0.602949
v -1.545306 5.225166 -0.640087
v -1.575580 4.892460 -0.652627
v -0.276635 6.565088 -0.184842
v -0.542639 6.468041 -0.362580
v -0.787790 6.310446 -0.526385
v -1.002667 6.098358 -0.669960
v -1.179011 5.839928 -0.787790
v -1.310048 5.545087 -0.875346
v -1.390739 5.225166 -0.929262
v -1.417984 4.892460 -0.947467
v -0.235259 6.565088 -0.235259
v -0.461477 6.468041 -0.461477
v -0.669960 6.310446 -0.669960
v -0.852698 6.098358 -0.852698
v -1.002667 5.839928 -1.002667
v -1.114104 5.545087 -1.114104
v -1.182726 5.225166 -1.182726
v -1.205896 4.892460 -1.205897
v -0.184842 6.565088 -0.276635
v -0.362580 6.468041 -0.542639
v -0.526384 6.310446 -0.787790
v -0.669961 6.098358 -1.002667
v -0.787790 5.839928 -1.179011
v -0.875346 5.545087 -1.310048
v -0.929262 5.225166 -1.390739
v -0.947466 4.892460 -1.417985
v -0.127321 6.565088 -0.307380
v -0.249749 6.468041 -0.602949
v -0.362580 6.310446 -0.875345
v -0.461477 6.098358 -1.114104
v -0.542639 5.839928 -1.310047
v -0.602948 5.545087 -1.455647
v -0.640086 5.225166 -1.545306
v -0.652626 4.892460 -1.575580
v -0.064908 6.565088 -0.326313
v -0.127321 6.468041 -0.640087
v -0.184841 6.310446 -0.929262
v -0.235259 6.098358 -1.182726
v -0.276635 5.839928 -1.390738
v -0.307380 5.545087 -1.545306
v -0.326313 5.225166 -1.640488
v -0.332705 4.892460 -1.672626
v 0.000001 4.892460 -1.705395
vt 1.000000 1.000000
vt 0.968750 0.964286
vt 1.000000 0.964286
vt 0.968750 1.000000
vt 0.937500 0.964286
vt 0.937500 1.000000
vt 0.906250 0.964286
vt 0.906250 1.000000
vt 0.875000 0.964286
vt 0.875000 1.000000
vt 0.843750 0.964286
vt 0.843750 1.000000
vt 0.812500 0.964286
vt 0.812500 1.000000
vt 0.781250 0.964286
vt 0.781250 1.000000
vt 0.750000 0.964286
vt 0.750000 1.000000
vt 0.718750 0.964286
vt 0.718750 1.000000
vt 0.687500 0.964286
vt 0.687500 1.000000
vt 0.656250 0.964286
vt 0.656250 1.000000
vt 0.625000 0.964286
vt 0.625000 1.000000
vt 0.593750 0.964286
vt 0.593750 1.000000
vt 0.562500 0.964286
vt 0.562500 1.000000
vt 0.531250 0.964286
vt 0.531250 1.000000
vt 0.500000 0.964286
vt 0.500000 1.000000
vt 0.468750 0.964286
vt 0.468750 1.000000
vt 0.437500 0.964286
vt 0.437500 1.000000
vt 0.406250 0.964286
vt 0.406250 1.000000
vt 0.375000 0.964286
vt 0.375000 1.000000
vt 0.343750 0.964286
vt 0.343750 1.000000
vt 0.312500 0.964286
vt 0.312500 1.000000
vt 0.281250 0.964286
vt 0.281250 1.000000
vt 0.250000 0.964286
vt 0.250000 1.000000
vt 0.218750 0.964286
vt 0.218750 1.000000
vt 0.187500 0.964286
vt 0.187500 1.000000
vt 0.156250 0.964286
vt 0.156250 1.000000
vt 0.125000 0.964286
vt 0.125000 1.000000
vt 0.093750 0.964286
vt 0.093750 1.000000
vt 0.062500 0.964286
vt 0.341844 0.028269
vt 0.322423 0.075155
vt 0.286921 0.064385
vt 0.158156 0.471731
vt 0.177577 0.424845
vt 0.213079 0.435615
vt 0.062500 1.000000
vt 0.031250 0.964286
vt 0.031250 1.000000
vt 0.000000 0.964286
vt 0.971731 0.341844
vt 0.841844 0.028269
vt 0.528269 0.158156
vt 0.031250 0.535714
vt 0.000000 0.500000
vt 0.031250 0.500000
vt 0.031250 0.571429
vt 0.000000 0.535714
vt 0.000000 0.607143
vt 0.000000 0.571429
vt 0.031250 0.607143
vt 0.000000 0.642857
vt 0.031250 0.642857
vt 0.000000 0.678571
vt 0.031250 0.678572
vt 0.000000 0.714286
vt 0.031250 0.714286
vt 0.000000 0.750000
vt 0.031250 0.750000
vt 0.000000 0.785714
vt 0.031250 0.785714
vt 0.000000 0.821429
vt 0.031250 0.821429
vt 0.000000 0.857143
vt 0.031250 0.857143
vt 0.000000 0.892857
vt 0.031250 0.892857
vt 0.000000 0.928571
vt 0.468750 0.928571
vt 0.500000 0.928571
vt 0.468750 0.928571
vt 0.062500 0.535714
vt 0.062500 0.500000
vt 0.062500 0.571429
vt 0.062500 0.607143
vt 0.062500 0.642857
vt 0.062500 0.678571
vt 0.062500 0.714286
vt 0.062500 0.750000
vt 0.062500 0.785714
vt 0.062500 0.821429
vt 0.062500 0.857143
vt 0.062500 0.892857
vt 0.062500 0.928571
vt 0.781250 0.964286
vt 0.093750 0.535714
vt 0.093750 0.500000
vt 0.093750 0.571429
vt 0.093750 0.607143
vt 0.093750 0.642857
vt 0.093750 0.678571
vt 0.093750 0.714286
vt 0.093750 0.750000
vt 0.093750 0.785714
vt 0.093750 0.821429
vt 0.093750 0.857143
vt 0.093750 0.892857
vt 0.093750 0.928571
vt 0.906250 0.928571
vt 0.937500 0.928571
vt 0.906250 0.928571
vt 0.125000 0.535714
vt 0.125000 0.500000
vt 0.125000 0.571429
vt 0.125000 0.607143
vt 0.125000 0.642857
vt 0.125000 0.678571
vt 0.125000 0.714286
vt 0.125000 0.750000
vt 0.125000 0.785714
vt 0.125000 0.821429
vt 0.125000 0.857143
vt 0.125000 0.892857
vt 0.125000 0.928571
vt 0.593750 0.928571
vt 0.625000 0.928571
vt 0.593750 0.928571
vt 0.156250 0.535714
vt 0.156250 0.500000
vt 0.156250 0.571429
vt 0.156250 0.607143
vt 0.156250 0.642857
vt 0.156250 0.678571
vt 0.156250 0.714286
vt 0.156250 0.750000
vt 0.156250 0.785714
vt 0.156250 0.821429
vt 0.156250 0.857143
vt 0.156250 0.892857
vt 0.156250 0.928571
vt 0.937500 0.928571
vt 0.968750 0.928571
vt 0.187500 0.535714
vt 0.187500 0.500000
vt 0.187500 0.571429
vt 0.187500 0.607143
vt 0.187500 0.642857
vt 0.187500 0.678571
vt 0.187500 0.714286
vt 0.187500 0.750000
vt 0.187500 0.785714
vt 0.187500 0.821429
vt 0.187500 0.857143
vt 0.187500 0.892857
vt 0.187500 0.928571
vt 0.812500 0.964286
vt 0.218750 0.535714
vt 0.218750 0.500000
vt 0.218750 0.571429
vt 0.218750 0.607143
vt 0.218750 0.642857
vt 0.218750 0.678571
vt 0.218750 0.714286
vt 0.218750 0.750000
vt 0.218750 0.785714
vt 0.218750 0.821429
vt 0.218750 0.857143
vt 0.218750 0.892857
vt 0.218750 0.928571
vt 0.531250 0.928571
vt 0.500000 0.928571
vt 0.250000 0.535714
vt 0.250000 0.500000
vt 0.250000 0.571429
vt 0.250000 0.607143
vt 0.250000 0.642857
vt 0.250000 0.678571
vt 0.250000 0.714286
vt 0.250000 0.750000
vt 0.250000 0.785714
vt 0.250000 0.821429
vt 0.250000 0.857143
vt 0.250000 0.892857
vt 0.250000 0.928571
vt 0.437500 0.928571
vt 0.437500 0.928571
vt 0.281250 0.535714
vt 0.281250 0.500000
vt 0.281250 0.571429
vt 0.281250 0.607143
vt 0.281250 0.642857
vt 0.281250 0.678571
vt 0.281250 0.714286
vt 0.281250 0.750000
vt 0.281250 0.785714
vt 0.281250 0.821429
vt 0.281250 0.857143
vt 0.281250 0.892857
vt 0.281250 0.928571
vt 0.687500 0.964286
vt 0.312500 0.535714
vt 0.312500 0.500000
vt 0.312500 0.571429
vt 0.312500 0.607143
vt 0.312500 0.642857
vt 0.312500 0.678571
vt 0.312500 0.714286
vt 0.312500 0.750000
vt 0.312500 0.785714
vt 0.312500 0.821429
vt 0.312500 0.857143
vt 0.312500 0.892857
vt 0.312500 0.928571
vt 0.843750 0.964286
vt 0.343750 0.535714
vt 0.343750 0.500000
vt 0.343750 0.571429
vt 0.343750 0.607143
vt 0.343750 0.642857
vt 0.343750 0.678571
vt 0.343750 0.714286
vt 0.343750 0.750000
vt 0.343750 0.785714
vt 0.343750 0.821429
vt 0.343750 0.857143
vt 0.343750 0.892857
vt 0.343750 0.928571
vt 0.156250 0.928571
vt 0.125000 0.928571
vt 0.375000 0.535714
vt 0.375000 0.500000
vt 0.375000 0.571429
vt 0.375000 0.607143
vt 0.375000 0.642857
vt 0.375000 0.678571
vt 0.375000 0.714286
vt 0.375000 0.750000
vt 0.375000 0.785714
vt 0.375000 0.821429
vt 0.375000 0.857143
vt 0.375000 0.892857
vt 0.375000 0.928571
vt 0.250000 0.964286
vt 0.406250 0.535714
vt 0.406250 0.500000
vt 0.406250 0.571429
vt 0.406250 0.607143
vt 0.406250 0.642857
vt 0.406250 0.678571
vt 0.406250 0.714286
vt 0.406250 0.750000
vt 0.406250 0.785714
vt 0.406250 0.821429
vt 0.406250 0.857143
vt 0.406250 0.892857
vt 0.406250 0.928571
vt 0.250000 0.928571
vt 0.437500 0.535714
vt 0.437500 0.500000
vt 0.437500 0.571429
vt 0.437500 0.607143
vt 0.437500 0.642857
vt 0.437500 0.678571
vt 0.437500 0.714286
vt 0.437500 0.750000
vt 0.437500 0.785714
vt 0.437500 0.821429
vt 0.437500 0.857143
vt 0.437500 0.892857
vt 0.406250 0.928571
vt 0.375000 0.928571
vt 0.468750 0.535714
vt 0.468750 0.500000
vt 0.468750 0.571429
vt 0.468750 0.607143
vt 0.468750 0.642857
vt 0.468750 0.678571
vt 0.468750 0.714286
vt 0.468750 0.750000
vt 0.468750 0.785714
vt 0.468750 0.821429
vt 0.468750 0.857143
vt 0.468750 0.892857
vt 1.000000 0.928571
vt 0.968750 0.928571
vt 0.500000 0.535714
vt 0.500000 0.500000
vt 0.500000 0.571429
vt 0.500000 0.607143
vt 0.500000 0.642857
vt 0.500000 0.678571
vt 0.500000 0.714286
vt 0.500000 0.750000
vt 0.500000 0.785714
vt 0.500000 0.821429
vt 0.500000 0.857143
vt 0.500000 0.892857
vt 0.656250 0.928571
vt 0.687500 0.928571
vt 0.656250 0.928571
vt 0.531250 0.535714
vt 0.531250 0.500000
vt 0.531250 0.571429
vt 0.531250 0.607143
vt 0.531250 0.642857
vt 0.531250 0.678571
vt 0.531250 0.714286
vt 0.531250 0.750000
vt 0.531250 0.785714
vt 0.531250 0.821429
vt 0.531250 0.857143
vt 0.531250 0.892857
vt 0.156250 0.964286
vt 0.562500 0.535714
vt 0.562500 0.500000
vt 0.562500 0.571429
vt 0.562500 0.607143
vt 0.562500 0.642857
vt 0.562500 0.678571
vt 0.562500 0.714286
vt 0.562500 0.750000
vt 0.562500 0.785714
vt 0.562500 0.821429
vt 0.562500 0.857143
vt 0.562500 0.892857
vt 0.562500 0.928571
vt 0.031250 0.928571
vt 0.031250 0.928571
vt 0.593750 0.535714
vt 0.593750 0.500000
vt 0.593750 0.571429
vt 0.593750 0.607143
vt 0.593750 0.642857
vt 0.593750 0.678571
vt 0.593750 0.714286
vt 0.593750 0.750000
vt 0.593750 0.785714
vt 0.593750 0.821429
vt 0.593750 0.857143
vt 0.593750 0.892857
vt 0.375000 0.964286
vt 0.625000 0.535714
vt 0.625000 0.500000
vt 0.625000 0.571429
vt 0.625000 0.607143
vt 0.625000 0.642857
vt 0.625000 0.678571
vt 0.625000 0.714286
vt 0.625000 0.750000
vt 0.625000 0.785714
vt 0.625000 0.821429
vt 0.625000 0.857143
vt 0.625000 0.892857
vt 0.625000 0.928571
vt 0.281250 0.964286
vt 0.312500 0.964286
vt 0.656250 0.535714
vt 0.656250 0.500000
vt 0.656250 0.571429
vt 0.656250 0.607143
vt 0.656250 0.642857
vt 0.656250 0.678571
vt 0.656250 0.714286
vt 0.656250 0.750000
vt 0.656250 0.785714
vt 0.656250 0.821429
vt 0.656250 0.857143
vt 0.656250 0.892857
vt 0.031250 0.964286
vt 0.687500 0.535714
vt 0.687500 0.500000
vt 0.687500 0.571429
vt 0.687500 0.607143
vt 0.687500 0.642857
vt 0.687500 0.678571
vt 0.687500 0.714286
vt 0.687500 0.750000
vt 0.687500 0.785714
vt 0.687500 0.821429
vt 0.687500 0.857143
vt 0.687500 0.892857
vt 0.687500 0.928571
vt 0.718750 0.535714
vt 0.718750 0.500000
vt 0.718750 0.571429
vt 0.718750 0.607143
vt 0.718750 0.642857
vt 0.718750 0.678571
vt 0.718750 0.714286
vt 0.718750 0.750000
vt 0.718750 0.785714
vt 0.718750 0.821429
vt 0.718750 0.857143
vt 0.718750 0.892857
vt 0.718750 0.928571
vt 0.312500 0.928571
vt 0.750000 0.535714
vt 0.750000 0.500000
vt 0.750000 0.571429
vt 0.750000 0.607143
vt 0.750000 0.642857
vt 0.750000 0.678571
vt 0.750000 0.714286
vt 0.750000 0.750000
vt 0.750000 0.785714
vt 0.750000 0.821429
vt 0.750000 0.857143
vt 0.750000 0.892857
vt 0.750000 0.928571
vt 0.562500 0.928571
vt 0.781250 0.535714
vt 0.781250 0.500000
vt 0.781250 0.571429
vt 0.781250 0.607143
vt 0.781250 0.642857
vt 0.781250 0.678571
vt 0.781250 0.714286
vt 0.781250 0.750000
vt 0.781250 0.785714
vt 0.781250 0.821429
vt 0.781250 0.857143
vt 0.781250 0.892857
vt 0.781250 0.928571
vt 0.812500 0.535714
vt 0.812500 0.500000
vt 0.812500 0.571429
vt 0.812500 0.607143
vt 0.812500 0.642857
vt 0.812500 0.678571
vt 0.812500 0.714286
vt 0.812500 0.750000
vt 0.812500 0.785714
vt 0.812500 0.821429
vt 0.812500 0.857143
vt 0.812500 0.892857
vt 0.812500 0.928571
vt 0.343750 0.964286
vt 0.843750 0.535714
vt 0.843750 0.500000
vt 0.843750 0.571429
vt 0.843750 0.607143
vt 0.843750 0.642857
vt 0.843750 0.678571
vt 0.843750 0.714286
vt 0.843750 0.750000
vt 0.843750 0.785714
vt 0.843750 0.821429
vt 0.843750 0.857143
vt 0.843750 0.892857
vt 0.843750 0.928571
vt 0.437500 0.964286
vt 0.468750 0.964286
vt 0.875000 0.535714
vt 0.875000 0.500000
vt 0.875000 0.571429
vt 0.875000 0.607143
vt 0.875000 0.642857
vt 0.875000 0.678571
vt 0.875000 0.714286
vt 0.875000 0.750000
vt 0.875000 0.785714
vt 0.875000 0.821429
vt 0.875000 0.857143
vt 0.875000 0.892857
vt 0.875000 0.928571
vt 0.281250 0.928571
vt 0.906250 0.535714
vt 0.906250 0.500000
vt 0.906250 0.571429
vt 0.906250 0.607143
vt 0.906250 0.642857
vt 0.906250 0.678571
vt 0.906250 0.714286
vt 0.906250 0.750000
vt 0.906250 0.785714
vt 0.906250 0.821429
vt 0.906250 0.857143
vt 0.906250 0.892857
vt 0.531250 0.928571
vt 0.937500 0.535714
vt 0.937500 0.500000
vt 0.937500 0.571429
vt 0.937500 0.607143
vt 0.937500 0.642857
vt 0.937500 0.678571
vt 0.937500 0.714286
vt 0.937500 0.750000
vt 0.937500 0.785714
vt 0.937500 0.821429
vt 0.937500 0.857143
vt 0.937500 0.892857
vt 0.218750 0.928571
vt 0.968750 0.535714
vt 0.968750 0.500000
vt 0.968750 0.571429
vt 0.968750 0.607143
vt 0.968750 0.642857
vt 0.968750 0.678572
vt 0.968750 0.714286
vt 0.968750 0.750000
vt 0.968750 0.785714
vt 0.968750 0.821429
vt 0.968750 0.857143
vt 0.968750 0.892857
vt 1.000000 0.964286
vt 1.000000 0.535714
vt 1.000000 0.500000
vt 1.000000 0.571429
vt 1.000000 0.607143
vt 1.000000 0.642857
vt 1.000000 0.678571
vt 1.000000 0.714286
vt 1.000000 0.750000
vt 1.000000 0.785714
vt 1.000000 0.821429
vt 1.000000 0.857143
vt 1.000000 0.892857
vt 0.500000 0.964286
vt 0.531250 0.964286
vt 0.919706 0.080294
vt 0.919706 0.419706
vt 0.580294 0.419706
vt 0.000000 0.500000
vt 0.031250 0.535714
vt 0.031250 0.500000
vt 0.000000 0.535714
vt 0.031250 0.571429
vt 0.000000 0.607143
vt 0.031250 0.607143
vt 0.000000 0.642857
vt 0.031250 0.642857
vt 0.000000 0.678571
vt 0.031250 0.678572
vt 0.000000 0.714286
vt 0.031250 0.714286
vt 0.000000 0.750000
vt 0.031250 0.750000
vt 0.000000 0.785714
vt 0.031250 0.785714
vt 0.000000 0.821429
vt 0.031250 0.821429
vt 0.000000 0.840849
vt 0.031250 0.840849
vt 0.062500 0.535714
vt 0.062500 0.500000
vt 0.062500 0.571429
vt 0.062500 0.607143
vt 0.062500 0.642857
vt 0.062500 0.678571
vt 0.062500 0.714286
vt 0.062500 0.750000
vt 0.062500 0.785714
vt 0.062500 0.821429
vt 0.062500 0.840849
vt 0.093750 0.535714
vt 0.093750 0.500000
vt 0.093750 0.571429
vt 0.093750 0.607143
vt 0.093750 0.642857
vt 0.093750 0.678571
vt 0.093750 0.714286
vt 0.093750 0.750000
vt 0.093750 0.785714
vt 0.093750 0.821429
vt 0.093750 0.840849
vt 0.125000 0.535714
vt 0.125000 0.500000
vt 0.125000 0.571429
vt 0.125000 0.607143
vt 0.125000 0.642857
vt 0.125000 0.678571
vt 0.125000 0.714286
vt 0.125000 0.750000
vt 0.125000 0.785714
vt 0.125000 0.821429
vt 0.125000 0.840849
vt 0.156250 0.535714
vt 0.156250 0.500000
vt 0.156250 0.571429
vt 0.156250 0.607143
vt 0.156250 0.642857
vt 0.156250 0.678571
vt 0.156250 0.714286
vt 0.156250 0.750000
vt 0.156250 0.785714
vt 0.156250 0.821429
vt 0.156250 0.840849
vt 0.187500 0.535714
vt 0.187500 0.500000
vt 0.187500 0.571429
vt 0.187500 0.607143
vt 0.187500 0.642857
vt 0.187500 0.678571
vt 0.187500 0.714286
vt 0.187500 0.750000
vt 0.187500 0.785714
vt 0.187500 0.821429
vt 0.187500 0.840849
vt 0.218750 0.535714
vt 0.218750 0.500000
vt 0.218750 0.571429
vt 0.218750 0.607143
vt 0.218750 0.642857
vt 0.218750 0.678571
vt 0.218750 0.714286
vt 0.218750 0.750000
vt 0.218750 0.785714
vt 0.218750 0.821429
vt 0.218750 0.840849
vt 0.250000 0.535714
vt 0.250000 0.500000
vt 0.250000 0.571429
vt 0.250000 0.607143
vt 0.250000 0.642857
vt 0.250000 0.678571
vt 0.250000 0.714286
vt 0.250000 0.750000
vt 0.250000 0.785714
vt 0.250000 0.821429
vt 0.250000 0.840849
vt 0.281250 0.535714
vt 0.281250 0.500000
vt 0.281250 0.571429
vt 0.281250 0.607143
vt 0.281250 0.642857
vt 0.281250 0.678571
vt 0.281250 0.714286
vt 0.281250 0.750000
vt 0.281250 0.785714
vt 0.281250 0.821429
vt 0.281250 0.840849
vt 0.312500 0.535714
vt 0.312500 0.500000
vt 0.312500 0.571429
vt 0.312500 0.607143
vt 0.312500 0.642857
vt 0.312500 0.678571
vt 0.312500 0.714286
vt 0.312500 0.750000
vt 0.312500 0.785714
vt 0.312500 0.821429
vt 0.312500 0.840849
vt 0.343750 0.535714
vt 0.343750 0.500000
vt 0.343750 0.571429
vt 0.343750 0.607143
vt 0.343750 0.642857
vt 0.343750 0.678571
vt 0.343750 0.714286
vt 0.343750 0.750000
vt 0.343750 0.785714
vt 0.343750 0.821429
vt 0.343750 0.840849
vt 0.375000 0.535714
vt 0.375000 0.500000
vt 0.375000 0.571429
vt 0.375000 0.607143
vt 0.375000 0.642857
vt 0.375000 0.678571
vt 0.375000 0.714286
vt 0.375000 0.750000
vt 0.375000 0.785714
vt 0.375000 0.821429
vt 0.375000 0.840849
vt 0.406250 0.535714
vt 0.406250 0.500000
vt 0.406250 0.571429
vt 0.406250 0.607143
vt 0.406250 0.642857
vt 0.406250 0.678571
vt 0.406250 0.714286
vt 0.406250 0.750000
vt 0.406250 0.785714
vt 0.406250 0.821429
vt 0.406250 0.840849
vt 0.437500 0.535714
vt 0.437500 0.500000
vt 0.437500 0.571429
vt 0.437500 0.607143
vt 0.437500 0.642857
vt 0.437500 0.678571
vt 0.437500 0.714286
vt 0.437500 0.750000
vt 0.437500 0.785714
vt 0.437500 0.821429
vt 0.437500 0.840849
vt 0.468750 0.535714
vt 0.468750 0.500000
vt 0.468750 0.571429
vt 0.468750 0.607143
vt 0.468750 0.642857
vt 0.468750 0.678571
vt 0.468750 0.714286
vt 0.468750 0.750000
vt 0.468750 0.785714
vt 0.468750 0.821429
vt 0.468750 0.840849
vt 0.500000 0.535714
vt 0.500000 0.500000
vt 0.500000 0.571429
vt 0.500000 0.607143
vt 0.500000 0.642857
vt 0.500000 0.678571
vt 0.500000 0.714286
vt 0.500000 0.750000
vt 0.500000 0.785714
vt 0.500000 0.821429
vt 0.500000 0.840849
vt 0.531250 0.535714
vt 0.531250 0.500000
vt 0.531250 0.571429
vt 0.531250 0.607143
vt 0.531250 0.642857
vt 0.531250 0.678571
vt 0.531250 0.714286
vt 0.531250 0.750000
vt 0.531250 0.785714
vt 0.531250 0.821429
vt 0.531250 0.840849
vt 0.562500 0.535714
vt 0.562500 0.500000
vt 0.562500 0.571429
vt 0.562500 0.607143
vt 0.562500 0.642857
vt 0.562500 0.678571
vt 0.562500 0.714286
vt 0.562500 0.750000
vt 0.562500 0.785714
vt 0.562500 0.821429
vt 0.562500 0.840849
vt 0.593750 0.535714
vt 0.593750 0.500000
vt 0.593750 0.571429
vt 0.593750 0.607143
vt 0.593750 0.642857
vt 0.593750 0.678571
vt 0.593750 0.714286
vt 0.593750 0.750000
vt 0.593750 0.785714
vt 0.593750 0.821429
vt 0.593750 0.840849
vt 0.625000 0.535714
vt 0.625000 0.500000
vt 0.625000 0.571429
vt 0.625000 0.607143
vt 0.625000 0.642857
vt 0.625000 0.678571
vt 0.625000 0.714286
vt 0.625000 0.750000
vt 0.625000 0.785714
vt 0.625000 0.821429
vt 0.625000 0.840849
vt 0.656250 0.535714
vt 0.656250 0.500000
vt 0.656250 0.571429
vt 0.656250 0.607143
vt 0.656250 0.642857
vt 0.656250 0.678571
vt 0.656250 0.714286
vt 0.656250 0.750000
vt 0.656250 0.785714
vt 0.656250 0.821429
vt 0.656250 0.840849
vt 0.687500 0.535714
vt 0.687500 0.500000
vt 0.687500 0.571429
vt 0.687500 0.607143
vt 0.687500 0.642857
vt 0.687500 0.678571
vt 0.687500 0.714286
vt 0.687500 0.750000
vt 0.687500 0.785714
vt 0.687500 0.821429
vt 0.687500 0.840849
vt 0.718750 0.535714
vt 0.718750 0.500000
vt 0.718750 0.571429
vt 0.718750 0.607143
vt 0.718750 0.642857
vt 0.718750 0.678571
vt 0.718750 0.714286
vt 0.718750 0.750000
vt 0.718750 0.785714
vt 0.718750 0.821429
vt 0.718750 0.840849
vt 0.750000 0.535714
vt 0.750000 0.500000
vt 0.750000 0.571429
vt 0.750000 0.607143
vt 0.750000 0.642857
vt 0.750000 0.678571
vt 0.750000 0.714286
vt 0.750000 0.750000
vt 0.750000 0.785714
vt 0.750000 0.821429
vt 0.750000 0.840849
vt 0.781250 0.535714
vt 0.781250 0.500000
vt 0.781250 0.571429
vt 0.781250 0.607143
vt 0.781250 0.642857
vt 0.781250 0.678571
vt 0.781250 0.714286
vt 0.781250 0.750000
vt 0.781250 0.785714
vt 0.781250 0.821429
vt 0.781250 0.840849
vt 0.812500 0.535714
vt 0.812500 0.500000
vt 0.812500 0.571429
vt 0.812500 0.607143
vt 0.812500 0.642857
vt 0.812500 0.678571
vt 0.812500 0.714286
vt 0.812500 0.750000
vt 0.812500 0.785714
vt 0.812500 0.821429
vt 0.812500 0.840849
vt 0.843750 0.535714
vt 0.843750 0.500000
vt 0.843750 0.571429
vt 0.843750 0.607143
vt 0.843750 0.642857
vt 0.843750 0.678571
vt 0.843750 0.714286
vt 0.843750 0.750000
vt 0.843750 0.785714
vt 0.843750 0.821429
vt 0.843750 0.840849
vt 0.875000 0.535714
vt 0.875000 0.500000
vt 0.875000 0.571429
vt 0.875000 0.607143
vt 0.875000 0.642857
vt 0.875000 0.678571
vt 0.875000 0.714286
vt 0.875000 0.750000
vt 0.875000 0.785714
vt 0.875000 0.821429
vt 0.875000 0.840849
vt 0.906250 0.535714
vt 0.906250 0.500000
vt 0.906250 0.571429
vt 0.906250 0.607143
vt 0.906250 0.642857
vt 0.906250 0.678571
vt 0.906250 0.714286
vt 0.906250 0.750000
vt 0.906250 0.785714
vt 0.906250 0.821429
vt 0.906250 0.840849
vt 0.937500 0.535714
vt 0.937500 0.500000
vt 0.937500 0.571429
vt 0.937500 0.607143
vt 0.937500 0.642857
vt 0.937500 0.678571
vt 0.937500 0.714286
vt 0.937500 0.750000
vt 0.937500 0.785714
vt 0.937500 0.821429
vt 0.937500 0.840849
vt 0.968750 0.535714
vt 0.968750 0.500000
vt 0.968750 0.571429
vt 0.968750 0.607143
vt 0.968750 0.642857
vt 0.968750 0.678572
vt 0.968750 0.714286
vt 0.968750 0.750000
vt 0.968750 0.785714
vt 0.968750 0.821429
vt 0.968750 0.840849
vt 1.000000 0.535714
vt 1.000000 0.500000
vt 1.000000 0.571429
vt 1.000000 0.607143
vt 1.000000 0.642857
vt 1.000000 0.678571
vt 1.000000 0.714286
vt 1.000000 0.750000
vt 1.000000 0.785714
vt 1.000000 0.821429
vt 1.000000 0.840849
vt 0.000000 0.928571
vt 0.062500 0.964286
vt 0.062500 0.928571
vt 0.093750 0.964286
vt 0.093750 0.928571
vt 0.125000 0.964286
vt 0.187500 0.964286
vt 0.187500 0.928571
vt 0.218750 0.964286
vt 0.343750 0.928571
vt 0.406250 0.964286
vt 0.562500 0.964286
vt 0.593750 0.964286
vt 0.625000 0.964286
vt 0.656250 0.964286
vt 0.718750 0.964286
vt 0.718750 0.928571
vt 0.750000 0.964286
vt 0.750000 0.928571
vt 0.781250 0.928571
vt 0.812500 0.928571
vt 0.843750 0.928571
vt 0.875000 0.964286
vt 0.875000 0.928571
vt 0.906250 0.964286
vt 0.937500 0.964286
vt 0.968750 0.964286
vt 1.000000 0.928571
vt 1.000000 1.000000
vt 0.968750 0.983871
vt 1.000000 0.983871
vt 0.968750 1.000000
vt 0.937500 0.983871
vt 0.937500 1.000000
vt 0.906250 0.983871
vt 0.906250 1.000000
vt 0.875000 0.983871
vt 0.875000 1.000000
vt 0.843750 0.983871
vt 0.843750 1.000000
vt 0.812500 0.983871
vt 0.812500 1.000000
vt 0.781250 0.983871
vt 0.781250 1.000000
vt 0.750000 0.983871
vt 0.750000 1.000000
vt 0.718750 0.983871
vt 0.718750 1.000000
vt 0.687500 0.983871
vt 0.687500 1.000000
vt 0.656250 0.983871
vt 0.656250 1.000000
vt 0.625000 0.983871
vt 0.625000 1.000000
vt 0.593750 0.983871
vt 0.593750 1.000000
vt 0.562500 0.983871
vt 0.562500 1.000000
vt 0.531250 0.983871
vt 0.531250 1.000000
vt 0.500000 0.983871
vt 0.500000 1.000000
vt 0.468750 0.983871
vt 0.468750 1.000000
vt 0.437500 0.983871
vt 0.437500 1.000000
vt 0.406250 0.983871
vt 0.406250 1.000000
vt 0.375000 0.983871
vt 0.375000 1.000000
vt 0.343750 0.983871
vt 0.343750 1.000000
vt 0.312500 0.983871
vt 0.312500 1.000000
vt 0.281250 0.983871
vt 0.281250 1.000000
vt 0.250000 0.983871
vt 0.250000 1.000000
vt 0.218750 0.983871
vt 0.218750 1.000000
vt 0.187500 0.983871
vt 0.187500 1.000000
vt 0.156250 0.983871
vt 0.156250 1.000000
vt 0.125000 0.983871
vt 0.125000 1.000000
vt 0.093750 0.983871
vt 0.093750 1.000000
vt 0.062500 0.983871
vt 0.341844 0.471731
vt 0.028269 0.341844
vt 0.158156 0.028269
vt 0.062500 1.000000
vt 0.031250 0.983871
vt 0.000000 1.000000
vt 0.000000 0.983871
vt 0.796822 0.014612
vt 0.514612 0.203178
vt 0.703178 0.485388
vt 0.031250 0.516129
vt 0.000000 0.500000
vt 0.031250 0.500000
vt 0.031250 0.532258
vt 0.000000 0.516129
vt 0.031250 0.548387
vt 0.000000 0.532258
vt 0.031250 0.564516
vt 0.000000 0.548387
vt 0.031250 0.580645
vt 0.000000 0.564516
vt 0.000000 0.596774
vt 0.000000 0.580645
vt 0.031250 0.596774
vt 0.000000 0.612903
vt 0.031250 0.612903
vt 0.000000 0.629032
vt 0.031250 0.629032
vt 0.000000 0.645161
vt 0.031250 0.645161
vt 0.000000 0.661290
vt 0.250000 0.661290
vt 0.281250 0.661290
vt 0.250000 0.661290
vt 0.031250 0.677419
vt 0.000000 0.693548
vt 0.000000 0.677419
vt 0.031250 0.709677
vt 0.031250 0.693548
vt 0.031250 0.725806
vt 0.000000 0.709677
vt 0.000000 0.741935
vt 0.000000 0.725806
vt 0.031250 0.741935
vt 0.000000 0.758064
vt 0.031250 0.758064
vt 0.000000 0.774193
vt 0.031250 0.790322
vt 0.031250 0.774193
vt 0.031250 0.806451
vt 0.000000 0.790322
vt 0.625000 0.806451
vt 0.593750 0.806451
vt 0.593750 0.806451
vt 0.031250 0.838710
vt 0.000000 0.822581
vt 0.031250 0.822581
vt 0.000000 0.854839
vt 0.000000 0.838710
vt 0.031250 0.854839
vt 0.000000 0.870968
vt 0.031250 0.870968
vt 0.000000 0.887097
vt 0.031250 0.887097
vt 0.000000 0.903226
vt 0.031250 0.903226
vt 0.000000 0.919355
vt 0.031250 0.919355
vt 0.000000 0.935484
vt 0.031250 0.935484
vt 0.000000 0.951613
vt 0.937500 0.967742
vt 0.968750 0.967742
vt 0.968750 0.967742
vt 0.031250 0.967742
vt 0.000000 0.967742
vt 0.062500 0.516129
vt 0.062500 0.500000
vt 0.062500 0.532258
vt 0.062500 0.548387
vt 0.062500 0.564516
vt 0.062500 0.580645
vt 0.062500 0.596774
vt 0.062500 0.612903
vt 0.062500 0.629032
vt 0.062500 0.645161
vt 0.062500 0.661290
vt 0.031250 0.661290
vt 0.062500 0.661290
vt 0.031250 0.661290
vt 0.062500 0.693548
vt 0.062500 0.677419
vt 0.062500 0.709677
vt 0.062500 0.725806
vt 0.062500 0.741935
vt 0.062500 0.758064
vt 0.062500 0.774193
vt 0.062500 0.790322
vt 0.062500 0.806451
vt 0.156250 0.822581
vt 0.187500 0.822581
vt 0.187500 0.822581
vt 0.062500 0.838710
vt 0.062500 0.822581
vt 0.062500 0.854839
vt 0.062500 0.870968
vt 0.062500 0.887097
vt 0.062500 0.903226
vt 0.062500 0.919355
vt 0.062500 0.935484
vt 0.062500 0.951613
vt 0.750000 0.967742
vt 0.718750 0.967742
vt 0.750000 0.967742
vt 0.062500 0.967742
vt 0.093750 0.516129
vt 0.093750 0.500000
vt 0.093750 0.532258
vt 0.093750 0.548387
vt 0.093750 0.564516
vt 0.093750 0.580645
vt 0.093750 0.596774
vt 0.093750 0.612903
vt 0.093750 0.629032
vt 0.093750 0.645161
vt 0.093750 0.661290
vt 0.906250 0.677419
vt 0.875000 0.677419
vt 0.906250 0.677419
vt 0.093750 0.693548
vt 0.093750 0.677419
vt 0.093750 0.709677
vt 0.093750 0.725806
vt 0.093750 0.741935
vt 0.093750 0.758064
vt 0.093750 0.774193
vt 0.093750 0.790322
vt 0.093750 0.806451
vt 0.406250 0.806451
vt 0.375000 0.806451
vt 0.375000 0.806451
vt 0.093750 0.838710
vt 0.093750 0.822581
vt 0.093750 0.854839
vt 0.093750 0.870968
vt 0.093750 0.887097
vt 0.093750 0.903226
vt 0.093750 0.919355
vt 0.093750 0.935484
vt 0.093750 0.951613
vt 0.937500 0.951613
vt 0.968750 0.951613
vt 0.937500 0.951613
vt 0.093750 0.967742
vt 0.125000 0.516129
vt 0.125000 0.500000
vt 0.125000 0.532258
vt 0.125000 0.548387
vt 0.125000 0.564516
vt 0.125000 0.580645
vt 0.125000 0.596774
vt 0.125000 0.612903
vt 0.125000 0.629032
vt 0.125000 0.645161
vt 0.125000 0.661290
vt 0.687500 0.677419
vt 0.656250 0.677419
vt 0.687500 0.677419
vt 0.125000 0.693548
vt 0.125000 0.677419
vt 0.125000 0.709677
vt 0.125000 0.725806
vt 0.125000 0.741935
vt 0.125000 0.758064
vt 0.125000 0.774193
vt 0.125000 0.790322
vt 0.125000 0.806451
vt 0.187500 0.806451
vt 0.156250 0.806451
vt 0.156250 0.806451
vt 0.125000 0.838710
vt 0.125000 0.822581
vt 0.125000 0.854839
vt 0.125000 0.870968
vt 0.125000 0.887097
vt 0.125000 0.903226
vt 0.125000 0.919355
vt 0.125000 0.935484
vt 0.125000 0.951613
vt 0.500000 0.967742
vt 0.531250 0.967742
vt 0.531250 0.967742
vt 0.125000 0.967742
vt 0.156250 0.516129
vt 0.156250 0.500000
vt 0.156250 0.532258
vt 0.156250 0.548387
vt 0.156250 0.564516
vt 0.156250 0.580645
vt 0.156250 0.596774
vt 0.156250 0.612903
vt 0.156250 0.629032
vt 0.156250 0.645161
vt 0.156250 0.661290
vt 0.875000 0.661290
vt 0.906250 0.661290
vt 0.875000 0.661290
vt 0.156250 0.693548
vt 0.156250 0.677419
vt 0.156250 0.709677
vt 0.156250 0.725806
vt 0.156250 0.741935
vt 0.156250 0.758064
vt 0.156250 0.774193
vt 0.156250 0.790322
vt 0.812500 0.822581
vt 0.781250 0.822581
vt 0.812500 0.822581
vt 0.156250 0.838710
vt 0.156250 0.854839
vt 0.156250 0.870968
vt 0.156250 0.887097
vt 0.156250 0.903226
vt 0.156250 0.919355
vt 0.156250 0.935484
vt 0.156250 0.951613
vt 0.750000 0.951613
vt 0.718750 0.951613
vt 0.718750 0.951613
vt 0.156250 0.967742
vt 0.187500 0.516129
vt 0.187500 0.500000
vt 0.187500 0.532258
vt 0.187500 0.548387
vt 0.187500 0.564516
vt 0.187500 0.580645
vt 0.187500 0.596774
vt 0.187500 0.612903
vt 0.187500 0.629032
vt 0.187500 0.645161
vt 0.187500 0.661290
vt 0.468750 0.677419
vt 0.437500 0.677419
vt 0.468750 0.677419
vt 0.187500 0.693548
vt 0.187500 0.677419
vt 0.187500 0.709677
vt 0.187500 0.725806
vt 0.187500 0.741935
vt 0.187500 0.758064
vt 0.187500 0.774193
vt 0.187500 0.790322
vt 0.562500 0.822580
vt 0.593750 0.822581
vt 0.593750 0.822581
vt 0.187500 0.838710
vt 0.187500 0.854839
vt 0.187500 0.870968
vt 0.187500 0.887097
vt 0.187500 0.903226
vt 0.187500 0.919355
vt 0.187500 0.935484
vt 0.187500 0.951613
vt 0.312500 0.967742
vt 0.281250 0.967742
vt 0.312500 0.967742
vt 0.187500 0.967742
vt 0.218750 0.516129
vt 0.218750 0.500000
vt 0.218750 0.532258
vt 0.218750 0.548387
vt 0.218750 0.564516
vt 0.218750 0.580645
vt 0.218750 0.596774
vt 0.218750 0.612903
vt 0.218750 0.629032
vt 0.218750 0.645161
vt 0.218750 0.661290
vt 0.656250 0.661290
vt 0.687500 0.661290
vt 0.656250 0.661290
vt 0.218750 0.693548
vt 0.218750 0.677419
vt 0.218750 0.709677
vt 0.218750 0.725806
vt 0.218750 0.741935
vt 0.218750 0.758064
vt 0.218750 0.774193
vt 0.218750 0.790322
vt 0.218750 0.806451
vt 0.812500 0.806451
vt 0.781250 0.806451
vt 0.781250 0.806451
vt 0.218750 0.838710
vt 0.218750 0.822581
vt 0.218750 0.854839
vt 0.218750 0.870968
vt 0.218750 0.887097
vt 0.218750 0.903226
vt 0.218750 0.919355
vt 0.218750 0.935484
vt 0.218750 0.951613
vt 0.062500 0.967742
vt 0.093750 0.967742
vt 0.218750 0.967742
vt 0.250000 0.516129
vt 0.250000 0.500000
vt 0.250000 0.532258
vt 0.250000 0.548387
vt 0.250000 0.564516
vt 0.250000 0.580645
vt 0.250000 0.596774
vt 0.250000 0.612903
vt 0.250000 0.629032
vt 0.250000 0.645161
vt 0.250000 0.677419
vt 0.218750 0.677419
vt 0.250000 0.677419
vt 0.250000 0.693548
vt 0.250000 0.709677
vt 0.250000 0.725806
vt 0.250000 0.741935
vt 0.250000 0.758064
vt 0.250000 0.774193
vt 0.250000 0.790322
vt 0.250000 0.806451
vt 0.375000 0.822581
vt 0.343750 0.822581
vt 0.375000 0.822581
vt 0.250000 0.838710
vt 0.250000 0.822581
vt 0.250000 0.854839
vt 0.250000 0.870968
vt 0.250000 0.887097
vt 0.250000 0.903226
vt 0.250000 0.919355
vt 0.250000 0.935484
vt 0.250000 0.951613
vt 0.531250 0.951613
vt 0.500000 0.951613
vt 0.500000 0.951613
vt 0.250000 0.967742
vt 0.281250 0.516129
vt 0.281250 0.500000
vt 0.281250 0.532258
vt 0.281250 0.548387
vt 0.281250 0.564516
vt 0.281250 0.580645
vt 0.281250 0.596774
vt 0.281250 0.612903
vt 0.281250 0.629032
vt 0.281250 0.645161
vt 0.281250 0.661290
vt 0.000000 0.677419
vt 0.031250 0.677419
vt 0.281250 0.693548
vt 0.281250 0.677419
vt 0.281250 0.709677
vt 0.281250 0.725806
vt 0.281250 0.741935
vt 0.281250 0.758064
vt 0.281250 0.774193
vt 0.281250 0.790322
vt 0.281250 0.806451
vt 0.156250 0.822581
vt 0.281250 0.838710
vt 0.281250 0.822581
vt 0.281250 0.854839
vt 0.281250 0.870968
vt 0.281250 0.887097
vt 0.281250 0.903226
vt 0.281250 0.919355
vt 0.281250 0.935484
vt 0.281250 0.951613
vt 0.312500 0.951613
vt 0.281250 0.951613
vt 0.281250 0.967742
vt 0.312500 0.516129
vt 0.312500 0.500000
vt 0.312500 0.532258
vt 0.312500 0.548387
vt 0.312500 0.564516
vt 0.312500 0.580645
vt 0.312500 0.596774
vt 0.312500 0.612903
vt 0.312500 0.629032
vt 0.312500 0.645161
vt 0.312500 0.661290
vt 0.437500 0.661290
vt 0.468750 0.661290
vt 0.437500 0.661290
vt 0.312500 0.693548
vt 0.312500 0.677419
vt 0.312500 0.709677
vt 0.312500 0.725806
vt 0.312500 0.741935
vt 0.312500 0.758064
vt 0.312500 0.774193
vt 0.312500 0.790322
vt 0.312500 0.806451
vt 0.562500 0.806451
vt 0.562500 0.806451
vt 0.312500 0.838710
vt 0.312500 0.822581
vt 0.312500 0.854839
vt 0.312500 0.870968
vt 0.312500 0.887097
vt 0.312500 0.903226
vt 0.312500 0.919355
vt 0.312500 0.935484
vt 0.062500 0.951613
vt 0.343750 0.516129
vt 0.343750 0.500000
vt 0.343750 0.532258
vt 0.343750 0.548387
vt 0.343750 0.564516
vt 0.343750 0.580645
vt 0.343750 0.596774
vt 0.343750 0.612903
vt 0.343750 0.629032
vt 0.343750 0.645161
vt 0.343750 0.661290
vt 0.218750 0.661290
vt 0.343750 0.693548
vt 0.343750 0.677419
vt 0.343750 0.709677
vt 0.343750 0.725806
vt 0.343750 0.741935
vt 0.343750 0.758064
vt 0.343750 0.774193
vt 0.343750 0.790322
vt 0.343750 0.806451
vt 0.343750 0.806451
vt 0.343750 0.838710
vt 0.343750 0.822581
vt 0.343750 0.854839
vt 0.343750 0.870968
vt 0.343750 0.887097
vt 0.343750 0.903226
vt 0.343750 0.919355
vt 0.343750 0.935484
vt 0.343750 0.951613
vt 0.906250 0.967742
vt 0.937500 0.967742
vt 0.343750 0.967742
vt 0.375000 0.516129
vt 0.375000 0.500000
vt 0.375000 0.532258
vt 0.375000 0.548387
vt 0.375000 0.564516
vt 0.375000 0.580645
vt 0.375000 0.596774
vt 0.375000 0.612903
vt 0.375000 0.629032
vt 0.375000 0.645161
vt 0.375000 0.661290
vt 0.000000 0.661290
vt 0.375000 0.693548
vt 0.375000 0.677419
vt 0.375000 0.709677
vt 0.375000 0.725806
vt 0.375000 0.741935
vt 0.375000 0.758064
vt 0.375000 0.774193
vt 0.375000 0.790322
vt 0.125000 0.806451
vt 0.375000 0.838710
vt 0.375000 0.854839
vt 0.375000 0.870968
vt 0.375000 0.887097
vt 0.375000 0.903226
vt 0.375000 0.919355
vt 0.375000 0.935484
vt 0.375000 0.951613
vt 0.687500 0.967742
vt 0.718750 0.967742
vt 0.375000 0.967742
vt 0.406250 0.516129
vt 0.406250 0.500000
vt 0.406250 0.532258
vt 0.406250 0.548387
vt 0.406250 0.564516
vt 0.406250 0.580645
vt 0.406250 0.596774
vt 0.406250 0.612903
vt 0.406250 0.629032
vt 0.406250 0.645161
vt 0.406250 0.661290
vt 0.875000 0.677419
vt 0.843750 0.677419
vt 0.406250 0.693548
vt 0.406250 0.677419
vt 0.406250 0.709677
vt 0.406250 0.725806
vt 0.406250 0.741935
vt 0.406250 0.758064
vt 0.406250 0.774193
vt 0.406250 0.790322
vt 1.000000 0.822581
vt 0.968750 0.822581
vt 1.000000 0.822581
vt 0.406250 0.838710
vt 0.406250 0.822581
vt 0.406250 0.854839
vt 0.406250 0.870968
vt 0.406250 0.887097
vt 0.406250 0.903226
vt 0.406250 0.919355
vt 0.406250 0.935484
vt 0.406250 0.951613
vt 0.906250 0.951613
vt 0.906250 0.951613
vt 0.406250 0.967742
vt 0.437500 0.516129
vt 0.437500 0.500000
vt 0.437500 0.532258
vt 0.437500 0.548387
vt 0.437500 0.564516
vt 0.437500 0.580645
vt 0.437500 0.596774
vt 0.437500 0.612903
vt 0.437500 0.629032
vt 0.437500 0.645161
vt 0.656250 0.677419
vt 0.625000 0.677419
vt 0.437500 0.693548
vt 0.437500 0.677419
vt 0.437500 0.709677
vt 0.437500 0.725806
vt 0.437500 0.741935
vt 0.437500 0.758064
vt 0.437500 0.774193
vt 0.437500 0.790322
vt 0.437500 0.806451
vt 0.750000 0.822581
vt 0.781250 0.822581
vt 0.437500 0.838710
vt 0.437500 0.822581
vt 0.437500 0.854839
vt 0.437500 0.870968
vt 0.437500 0.887097
vt 0.437500 0.903226
vt 0.437500 0.919355
vt 0.437500 0.935484
vt 0.437500 0.951613
vt 0.468750 0.967742
vt 0.500000 0.967742
vt 0.437500 0.967742
vt 0.468750 0.516129
vt 0.468750 0.500000
vt 0.468750 0.532258
vt 0.468750 0.548387
vt 0.468750 0.564516
vt 0.468750 0.580645
vt 0.468750 0.596774
vt 0.468750 0.612903
vt 0.468750 0.629032
vt 0.468750 0.645161
vt 0.468750 0.661290
vt 0.843750 0.661290
vt 0.843750 0.661290
vt 0.468750 0.693548
vt 0.468750 0.709677
vt 0.468750 0.725806
vt 0.468750 0.741935
vt 0.468750 0.758064
vt 0.468750 0.774193
vt 0.468750 0.790322
vt 0.468750 0.806451
vt 1.000000 0.806451
vt 0.968750 0.806451
vt 0.968750 0.806451
vt 0.468750 0.838710
vt 0.468750 0.822581
vt 0.468750 0.854839
vt 0.468750 0.870968
vt 0.468750 0.887097
vt 0.468750 0.903226
vt 0.468750 0.919355
vt 0.468750 0.935484
vt 0.468750 0.951613
vt 0.687500 0.951613
vt 0.687500 0.951613
vt 0.500000 0.516129
vt 0.500000 0.500000
vt 0.500000 0.532258
vt 0.500000 0.548387
vt 0.500000 0.564516
vt 0.500000 0.580645
vt 0.500000 0.596774
vt 0.500000 0.612903
vt 0.500000 0.629032
vt 0.500000 0.645161
vt 0.500000 0.661290
vt 0.406250 0.677419
vt 0.500000 0.693548
vt 0.500000 0.677419
vt 0.500000 0.709677
vt 0.500000 0.725806
vt 0.500000 0.741935
vt 0.500000 0.758064
vt 0.500000 0.774193
vt 0.500000 0.790322
vt 0.500000 0.806451
vt 0.531250 0.822581
vt 0.562500 0.822580
vt 0.500000 0.838710
vt 0.500000 0.822581
vt 0.500000 0.854839
vt 0.500000 0.870968
vt 0.500000 0.887097
vt 0.500000 0.903226
vt 0.500000 0.919355
vt 0.500000 0.935484
vt 0.531250 0.516129
vt 0.531250 0.500000
vt 0.531250 0.532258
vt 0.531250 0.548387
vt 0.531250 0.564516
vt 0.531250 0.580645
vt 0.531250 0.596774
vt 0.531250 0.612903
vt 0.531250 0.629032
vt 0.531250 0.645161
vt 0.531250 0.661290
vt 0.625000 0.661290
vt 0.625000 0.661290
vt 0.531250 0.693548
vt 0.531250 0.677419
vt 0.531250 0.709677
vt 0.531250 0.725806
vt 0.531250 0.741935
vt 0.531250 0.758064
vt 0.531250 0.774193
vt 0.531250 0.790322
vt 0.531250 0.806451
vt 0.750000 0.806451
vt 0.750000 0.806451
vt 0.531250 0.838710
vt 0.531250 0.854839
vt 0.531250 0.870968
vt 0.531250 0.887097
vt 0.531250 0.903226
vt 0.531250 0.919355
vt 0.531250 0.935484
vt 0.562500 0.516129
vt 0.562500 0.500000
vt 0.562500 0.532258
vt 0.562500 0.548387
vt 0.562500 0.564516
vt 0.562500 0.580645
vt 0.562500 0.596774
vt 0.562500 0.612903
vt 0.562500 0.629032
vt 0.562500 0.645161
vt 0.562500 0.661290
vt 0.187500 0.677419
vt 0.562500 0.693548
vt 0.562500 0.677419
vt 0.562500 0.709677
vt 0.562500 0.725806
vt 0.562500 0.741935
vt 0.562500 0.758064
vt 0.562500 0.774193
vt 0.562500 0.790322
vt 0.562500 0.838709
vt 0.562500 0.854839
vt 0.562500 0.870968
vt 0.562500 0.887097
vt 0.562500 0.903226
vt 0.562500 0.919355
vt 0.562500 0.935484
vt 0.562500 0.951613
vt 0.468750 0.951613
vt 0.562500 0.967742
vt 0.593750 0.516129
vt 0.593750 0.500000
vt 0.593750 0.532258
vt 0.593750 0.548387
vt 0.593750 0.564516
vt 0.593750 0.580645
vt 0.593750 0.596774
vt 0.593750 0.612903
vt 0.593750 0.629032
vt 0.593750 0.645161
vt 0.593750 0.661290
vt 0.406250 0.661290
vt 0.593750 0.693548
vt 0.593750 0.677419
vt 0.593750 0.709677
vt 0.593750 0.725806
vt 0.593750 0.741935
vt 0.593750 0.758064
vt 0.593750 0.774193
vt 0.593750 0.790322
vt 0.125000 0.822581
vt 0.593750 0.838710
vt 0.593750 0.854839
vt 0.593750 0.870968
vt 0.593750 0.887097
vt 0.593750 0.903226
vt 0.593750 0.919355
vt 0.593750 0.935484
vt 0.593750 0.951613
vt 0.250000 0.951613
vt 0.593750 0.967742
vt 0.625000 0.516129
vt 0.625000 0.500000
vt 0.625000 0.532258
vt 0.625000 0.548387
vt 0.625000 0.564516
vt 0.625000 0.580645
vt 0.625000 0.596774
vt 0.625000 0.612903
vt 0.625000 0.629032
vt 0.625000 0.645161
vt 0.187500 0.661290
vt 0.625000 0.693548
vt 0.625000 0.677419
vt 0.625000 0.709677
vt 0.625000 0.725806
vt 0.625000 0.741935
vt 0.625000 0.758064
vt 0.625000 0.774193
vt 0.625000 0.790322
vt 0.531250 0.806451
vt 0.625000 0.838710
vt 0.625000 0.822581
vt 0.625000 0.854839
vt 0.625000 0.870968
vt 0.625000 0.887097
vt 0.625000 0.903226
vt 0.625000 0.919355
vt 0.625000 0.935484
vt 0.625000 0.951613
vt 0.031250 0.951613
vt 0.031250 0.951613
vt 0.625000 0.967742
vt 0.656250 0.516129
vt 0.656250 0.500000
vt 0.656250 0.532258
vt 0.656250 0.548387
vt 0.656250 0.564516
vt 0.656250 0.580645
vt 0.656250 0.596774
vt 0.656250 0.612903
vt 0.656250 0.629032
vt 0.656250 0.645161
vt 0.843750 0.677419
vt 0.812500 0.677419
vt 0.656250 0.693548
vt 0.656250 0.709677
vt 0.656250 0.725806
vt 0.656250 0.741935
vt 0.656250 0.758064
vt 0.656250 0.774193
vt 0.656250 0.790322
vt 0.656250 0.806451
vt 0.312500 0.806451
vt 0.656250 0.838710
vt 0.656250 0.822581
vt 0.656250 0.854839
vt 0.656250 0.870968
vt 0.656250 0.887097
vt 0.656250 0.903226
vt 0.656250 0.919355
vt 0.656250 0.935484
vt 0.656250 0.951613
vt 0.875000 0.967742
vt 0.906250 0.967742
vt 0.656250 0.967742
vt 0.687500 0.516129
vt 0.687500 0.500000
vt 0.687500 0.532258
vt 0.687500 0.548387
vt 0.687500 0.564516
vt 0.687500 0.580645
vt 0.687500 0.596774
vt 0.687500 0.612903
vt 0.687500 0.629032
vt 0.687500 0.645161
vt 0.687500 0.661290
vt 0.593750 0.677419
vt 0.687500 0.693548
vt 0.687500 0.709677
vt 0.687500 0.725806
vt 0.687500 0.741935
vt 0.687500 0.758064
vt 0.687500 0.774193
vt 0.687500 0.790322
vt 0.687500 0.806451
vt 0.093750 0.806451
vt 0.687500 0.838710
vt 0.687500 0.822581
vt 0.687500 0.854839
vt 0.687500 0.870968
vt 0.687500 0.887097
vt 0.687500 0.903226
vt 0.687500 0.919355
vt 0.687500 0.935484
vt 0.687500 0.967742
vt 0.718750 0.516129
vt 0.718750 0.500000
vt 0.718750 0.532258
vt 0.718750 0.548387
vt 0.718750 0.564516
vt 0.718750 0.580645
vt 0.718750 0.596774
vt 0.718750 0.612903
vt 0.718750 0.629032
vt 0.718750 0.645161
vt 0.718750 0.661290
vt 0.812500 0.661290
vt 0.812500 0.661290
vt 0.718750 0.693548
vt 0.718750 0.677419
vt 0.718750 0.709677
vt 0.718750 0.725806
vt 0.718750 0.741935
vt 0.718750 0.758064
vt 0.718750 0.774193
vt 0.718750 0.790322
vt 0.718750 0.806451
vt 0.937500 0.822581
vt 0.968750 0.822581
vt 0.718750 0.838710
vt 0.718750 0.822581
vt 0.718750 0.854839
vt 0.718750 0.870968
vt 0.718750 0.887097
vt 0.718750 0.903226
vt 0.718750 0.919355
vt 0.718750 0.935484
vt 0.875000 0.951613
vt 0.875000 0.951613
vt 0.750000 0.516129
vt 0.750000 0.500000
vt 0.750000 0.532258
vt 0.750000 0.548387
vt 0.750000 0.564516
vt 0.750000 0.580645
vt 0.750000 0.596774
vt 0.750000 0.612903
vt 0.750000 0.629032
vt 0.750000 0.645161
vt 0.750000 0.661290
vt 0.375000 0.677419
vt 0.750000 0.693548
vt 0.750000 0.677419
vt 0.750000 0.709677
vt 0.750000 0.725806
vt 0.750000 0.741935
vt 0.750000 0.758064
vt 0.750000 0.774193
vt 0.750000 0.790322
vt 0.750000 0.822581
vt 0.750000 0.838710
vt 0.750000 0.854839
vt 0.750000 0.870968
vt 0.750000 0.887097
vt 0.750000 0.903226
vt 0.750000 0.919355
vt 0.750000 0.935484
vt 0.468750 0.967742
vt 0.781250 0.516129
vt 0.781250 0.500000
vt 0.781250 0.532258
vt 0.781250 0.548387
vt 0.781250 0.564516
vt 0.781250 0.580645
vt 0.781250 0.596774
vt 0.781250 0.612903
vt 0.781250 0.629032
vt 0.781250 0.645161
vt 0.781250 0.661290
vt 0.156250 0.677419
vt 0.781250 0.693548
vt 0.781250 0.677419
vt 0.781250 0.709677
vt 0.781250 0.725806
vt 0.781250 0.741935
vt 0.781250 0.758064
vt 0.781250 0.774193
vt 0.781250 0.790322
vt 0.937500 0.806451
vt 0.937500 0.806451
vt 0.781250 0.838710
vt 0.781250 0.854839
vt 0.781250 0.870968
vt 0.781250 0.887097
vt 0.781250 0.903226
vt 0.781250 0.919355
vt 0.781250 0.935484
vt 0.781250 0.951613
vt 0.656250 0.951613
vt 0.781250 0.967742
vt 0.812500 0.516129
vt 0.812500 0.500000
vt 0.812500 0.532258
vt 0.812500 0.548387
vt 0.812500 0.564516
vt 0.812500 0.580645
vt 0.812500 0.596774
vt 0.812500 0.612903
vt 0.812500 0.629032
vt 0.812500 0.645161
vt 0.593750 0.661290
vt 0.812500 0.693548
vt 0.812500 0.677419
vt 0.812500 0.709677
vt 0.812500 0.725806
vt 0.812500 0.741935
vt 0.812500 0.758064
vt 0.812500 0.774193
vt 0.812500 0.790322
vt 0.500000 0.822581
vt 0.531250 0.822581
vt 0.812500 0.838710
vt 0.812500 0.854839
vt 0.812500 0.870968
vt 0.812500 0.887097
vt 0.812500 0.903226
vt 0.812500 0.919355
vt 0.812500 0.935484
vt 0.812500 0.951613
vt 0.250000 0.967742
vt 0.812500 0.967742
vt 0.843750 0.516129
vt 0.843750 0.500000
vt 0.843750 0.532258
vt 0.843750 0.548387
vt 0.843750 0.564516
vt 0.843750 0.580645
vt 0.843750 0.596774
vt 0.843750 0.612903
vt 0.843750 0.629032
vt 0.843750 0.645161
vt 0.375000 0.661290
vt 0.843750 0.693548
vt 0.843750 0.709677
vt 0.843750 0.725806
vt 0.843750 0.741935
vt 0.843750 0.758064
vt 0.843750 0.774193
vt 0.843750 0.790322
vt 0.843750 0.806451
vt 0.718750 0.806451
vt 0.843750 0.838710
vt 0.843750 0.822581
vt 0.843750 0.854839
vt 0.843750 0.870968
vt 0.843750 0.887097
vt 0.843750 0.903226
vt 0.843750 0.919355
vt 0.843750 0.935484
vt 0.843750 0.951613
vt 0.000000 0.967742
vt 0.031250 0.967742
vt 0.843750 0.967742
vt 0.875000 0.516129
vt 0.875000 0.500000
vt 0.875000 0.532258
vt 0.875000 0.548387
vt 0.875000 0.564516
vt 0.875000 0.580645
vt 0.875000 0.596774
vt 0.875000 0.612903
vt 0.875000 0.629032
vt 0.875000 0.645161
vt 0.156250 0.661290
vt 0.875000 0.693548
vt 0.875000 0.709677
vt 0.875000 0.725806
vt 0.875000 0.741935
vt 0.875000 0.758064
vt 0.875000 0.774193
vt 0.875000 0.790322
vt 0.875000 0.806451
vt 0.312500 0.822581
vt 0.875000 0.838710
vt 0.875000 0.822581
vt 0.875000 0.854839
vt 0.875000 0.870968
vt 0.875000 0.887097
vt 0.875000 0.903226
vt 0.875000 0.919355
vt 0.875000 0.935484
vt 0.437500 0.951613
vt 0.906250 0.516129
vt 0.906250 0.500000
vt 0.906250 0.532258
vt 0.906250 0.548387
vt 0.906250 0.564516
vt 0.906250 0.580645
vt 0.906250 0.596774
vt 0.906250 0.612903
vt 0.906250 0.629032
vt 0.906250 0.645161
vt 0.906250 0.661290
vt 0.781250 0.677419
vt 0.906250 0.693548
vt 0.906250 0.709677
vt 0.906250 0.725806
vt 0.906250 0.741935
vt 0.906250 0.758064
vt 0.906250 0.774193
vt 0.906250 0.790322
vt 0.906250 0.806451
vt 0.062500 0.822581
vt 0.093750 0.822581
vt 0.906250 0.838710
vt 0.906250 0.822581
vt 0.906250 0.854839
vt 0.906250 0.870968
vt 0.906250 0.887097
vt 0.906250 0.903226
vt 0.906250 0.919355
vt 0.906250 0.935484
vt 0.218750 0.951613
vt 0.937500 0.516129
vt 0.937500 0.500000
vt 0.937500 0.532258
vt 0.937500 0.548387
vt 0.937500 0.564516
vt 0.937500 0.580645
vt 0.937500 0.596774
vt 0.937500 0.612903
vt 0.937500 0.629032
vt 0.937500 0.645161
vt 0.937500 0.661290
vt 0.562500 0.677419
vt 0.937500 0.693548
vt 0.937500 0.677419
vt 0.937500 0.709677
vt 0.937500 0.725806
vt 0.937500 0.741935
vt 0.937500 0.758064
vt 0.937500 0.774193
vt 0.937500 0.790322
vt 0.500000 0.806451
vt 0.937500 0.838710
vt 0.937500 0.854839
vt 0.937500 0.870968
vt 0.937500 0.887097
vt 0.937500 0.903226
vt 0.937500 0.919355
vt 0.937500 0.935484
vt 0.000000 0.951613
vt 0.968750 0.516129
vt 0.968750 0.500000
vt 0.968750 0.532258
vt 0.968750 0.548387
vt 0.968750 0.564516
vt 0.968750 0.580645
vt 0.968750 0.596774
vt 0.968750 0.612903
vt 0.968750 0.629032
vt 0.968750 0.645161
vt 0.968750 0.661290
vt 0.781250 0.661290
vt 0.968750 0.693548
vt 0.968750 0.677419
vt 0.968750 0.709677
vt 0.968750 0.725806
vt 0.968750 0.741935
vt 0.968750 0.758064
vt 0.968750 0.774193
vt 0.968750 0.790322
vt 0.281250 0.806451
vt 0.968750 0.838709
vt 0.968750 0.854839
vt 0.968750 0.870968
vt 0.968750 0.887097
vt 0.968750 0.903226
vt 0.968750 0.919355
vt 0.968750 0.935484
vt 0.968750 0.951613
vt 0.843750 0.967742
vt 0.875000 0.967742
vt 1.000000 0.516129
vt 1.000000 0.500000
vt 1.000000 0.532258
vt 1.000000 0.548387
vt 1.000000 0.564516
vt 1.000000 0.580645
vt 1.000000 0.596774
vt 1.000000 0.612903
vt 1.000000 0.629032
vt 1.000000 0.645161
vt 1.000000 0.661290
vt 0.343750 0.677419
vt 1.000000 0.693548
vt 1.000000 0.677419
vt 1.000000 0.709677
vt 1.000000 0.725806
vt 1.000000 0.741935
vt 1.000000 0.758064
vt 1.000000 0.774193
vt 1.000000 0.790322
vt 0.062500 0.806451
vt 1.000000 0.838710
vt 1.000000 0.854839
vt 1.000000 0.870968
vt 1.000000 0.887097
vt 1.000000 0.903226
vt 1.000000 0.919355
vt 1.000000 0.935484
vt 1.000000 0.951613
vt 0.656250 0.967742
vt 1.000000 0.967742
vt 0.031250 0.822581
vt 0.000000 0.806451
vt 0.031250 0.806451
vt 0.187500 0.806451
vt 0.218750 0.822581
vt 0.218750 0.806451
vt 0.250000 0.822581
vt 0.250000 0.806451
vt 0.281250 0.822581
vt 0.406250 0.822581
vt 0.406250 0.806451
vt 0.437500 0.822581
vt 0.437500 0.806451
vt 0.468750 0.822581
vt 0.468750 0.806451
vt 0.625000 0.822581
vt 0.625000 0.806451
vt 0.656250 0.822581
vt 0.656250 0.806451
vt 0.687500 0.822581
vt 0.687500 0.806451
vt 0.718750 0.822581
vt 0.812500 0.806451
vt 0.843750 0.822581
vt 0.843750 0.806451
vt 0.875000 0.822581
vt 0.875000 0.806451
vt 0.906250 0.822581
vt 0.906250 0.806451
vt 0.937500 0.822581
vt 1.000000 0.806451
vt 0.000000 0.806451
vt 0.000000 0.822581
vt 0.062500 0.677419
vt 0.093750 0.677419
vt 0.093750 0.661290
vt 0.125000 0.677419
vt 0.125000 0.661290
vt 0.281250 0.677419
vt 0.312500 0.677419
vt 0.312500 0.661290
vt 0.343750 0.661290
vt 0.500000 0.677419
vt 0.500000 0.661290
vt 0.531250 0.677419
vt 0.531250 0.661290
vt 0.562500 0.661290
vt 0.718750 0.677419
vt 0.718750 0.661290
vt 0.750000 0.677419
vt 0.750000 0.661290
vt 0.937500 0.677419
vt 0.937500 0.661290
vt 0.968750 0.677419
vt 0.968750 0.661290
vt 1.000000 0.677419
vt 1.000000 0.661290
vt 0.093750 0.951613
vt 0.125000 0.967742
vt 0.125000 0.951613
vt 0.156250 0.967742
vt 0.156250 0.951613
vt 0.187500 0.967742
vt 0.187500 0.951613
vt 0.218750 0.967742
vt 0.312500 0.951613
vt 0.343750 0.967742
vt 0.343750 0.951613
vt 0.375000 0.967742
vt 0.375000 0.951613
vt 0.406250 0.967742
vt 0.406250 0.951613
vt 0.437500 0.967742
vt 0.531250 0.951613
vt 0.562500 0.967742
vt 0.562500 0.951613
vt 0.593750 0.967742
vt 0.593750 0.951613
vt 0.625000 0.967742
vt 0.625000 0.951613
vt 0.750000 0.951613
vt 0.781250 0.967742
vt 0.781250 0.951613
vt 0.812500 0.967742
vt 0.812500 0.951613
vt 0.843750 0.951613
vt 1.000000 0.967742
vt 1.000000 0.951613
vt 0.750000 0.687500
vt 0.718750 0.625000
vt 0.750000 0.625000
vt 0.718750 0.562500
vt 0.750000 0.562500
vt 0.750000 0.500000
vt 0.718750 0.500000
vt 0.750000 0.937500
vt 0.734375 1.000000
vt 0.718750 0.937500
vt 0.718750 0.875000
vt 0.750000 0.875000
vt 0.718750 0.812500
vt 0.750000 0.812500
vt 0.750000 0.750000
vt 0.718750 0.750000
vt 0.718750 0.687500
vt 0.687500 0.750000
vt 0.687500 0.687500
vt 0.687500 0.625000
vt 0.687500 0.562500
vt 0.687500 0.500000
vt 0.703125 1.000000
vt 0.687500 0.937500
vt 0.687500 0.875000
vt 0.687500 0.812500
vt 0.656250 0.875000
vt 0.656250 0.812500
vt 0.656250 0.750000
vt 0.656250 0.687500
vt 0.656250 0.625000
vt 0.656250 0.562500
vt 0.656250 0.500000
vt 0.671875 1.000000
vt 0.656250 0.937500
vt 0.625000 0.625000
vt 0.625000 0.562500
vt 0.625000 0.500000
vt 0.640625 1.000000
vt 0.625000 0.937500
vt 0.625000 0.875000
vt 0.625000 0.812500
vt 0.625000 0.750000
vt 0.625000 0.687500
vt 0.593750 0.937500
vt 0.593750 0.875000
vt 0.593750 0.812500
vt 0.593750 0.750000
vt 0.593750 0.687500
vt 0.593750 0.625000
vt 0.593750 0.562500
vt 0.593750 0.500000
vt 0.609375 1.000000
vt 0.562500 0.625000
vt 0.562500 0.562500
vt 0.562500 0.500000
vt 0.578125 1.000000
vt 0.562500 0.937500
vt 0.562500 0.875000
vt 0.562500 0.812500
vt 0.562500 0.750000
vt 0.562500 0.687500
vt 0.531250 0.812500
vt 0.531250 0.750000
vt 0.531250 0.687500
vt 0.531250 0.625000
vt 0.531250 0.562500
vt 0.531250 0.500000
vt 0.546875 1.000000
vt 0.531250 0.937500
vt 0.531250 0.875000
vt 0.500000 0.625000
vt 0.500000 0.562500
vt 0.500000 0.500000
vt 0.515625 1.000000
vt 0.500000 0.937500
vt 0.500000 0.875000
vt 0.500000 0.812500
vt 0.500000 0.750000
vt 0.500000 0.687500
vt 0.468750 0.875000
vt 0.468750 0.812500
vt 0.468750 0.750000
vt 0.468750 0.687500
vt 0.468750 0.625000
vt 0.468750 0.562500
vt 0.468750 0.500000
vt 0.484375 1.000000
vt 0.468750 0.937500
vt 0.437500 0.625000
vt 0.437500 0.562500
vt 0.437500 0.500000
vt 0.453125 1.000000
vt 0.437500 0.937500
vt 0.437500 0.875000
vt 0.437500 0.812500
vt 0.437500 0.750000
vt 0.437500 0.687500
vt 0.406250 0.750000
vt 0.406250 0.687500
vt 0.406250 0.625000
vt 0.406250 0.562500
vt 0.406250 0.500000
vt 0.421875 1.000000
vt 0.406250 0.937500
vt 0.406250 0.875000
vt 0.406250 0.812500
vt 0.375000 0.562500
vt 0.375000 0.500000
vt 0.390625 1.000000
vt 0.375000 0.937500
vt 0.375000 0.875000
vt 0.375000 0.812500
vt 0.375000 0.750000
vt 0.375000 0.687500
vt 0.375000 0.625000
vt 0.343750 0.687500
vt 0.343750 0.625000
vt 0.343750 0.562500
vt 0.343750 0.500000
vt 0.359375 1.000000
vt 0.343750 0.937500
vt 0.343750 0.875000
vt 0.343750 0.812500
vt 0.343750 0.750000
vt 0.328125 1.000000
vt 0.312500 0.937500
vt 0.312500 0.875000
vt 0.312500 0.812500
vt 0.312500 0.750000
vt 0.312500 0.687500
vt 0.312500 0.625000
vt 0.312500 0.562500
vt 0.312500 0.500000
vt 0.281250 0.687500
vt 0.281250 0.625000
vt 0.281250 0.562500
vt 0.281250 0.500000
vt 0.296875 1.000000
vt 0.281250 0.937500
vt 0.281250 0.875000
vt 0.281250 0.812500
vt 0.281250 0.750000
vt 0.250000 0.875000
vt 0.250000 0.812500
vt 0.250000 0.750000
vt 0.250000 0.687500
vt 0.250000 0.625000
vt 0.250000 0.562500
vt 0.250000 0.500000
vt 0.265625 1.000000
vt 0.250000 0.937500
vt 0.218750 0.625000
vt 0.218750 0.562500
vt 0.218750 0.500000
vt 0.234375 1.000000
vt 0.218750 0.937500
vt 0.218750 0.875000
vt 0.218750 0.812500
vt 0.218750 0.750000
vt 0.218750 0.687500
vt 0.187500 0.875000
vt 0.187500 0.812500
vt 0.187500 0.750000
vt 0.187500 0.687500
vt 0.187500 0.625000
vt 0.187500 0.562500
vt 0.187500 0.500000
vt 0.203125 1.000000
vt 0.187500 0.937500
vt 0.156250 0.687500
vt 0.156250 0.625000
vt 0.156250 0.562500
vt 0.156250 0.500000
vt 0.171875 1.000000
vt 0.156250 0.937500
vt 0.156250 0.875000
vt 0.156250 0.812500
vt 0.156250 0.750000
vt 0.125000 0.812500
vt 0.125000 0.750000
vt 0.125000 0.687500
vt 0.125000 0.625000
vt 0.125000 0.562500
vt 0.125000 0.500000
vt 0.140625 1.000000
vt 0.125000 0.937500
vt 0.125000 0.875000
vt 0.093750 0.625000
vt 0.093750 0.562500
vt 0.093750 0.500000
vt 0.109375 1.000000
vt 0.093750 0.937500
vt 0.093750 0.875000
vt 0.093750 0.812500
vt 0.093750 0.750000
vt 0.093750 0.687500
vt 0.062500 0.750000
vt 0.062500 0.687500
vt 0.062500 0.625000
vt 0.062500 0.562500
vt 0.062500 0.500000
vt 0.078125 1.000000
vt 0.062500 0.937500
vt 0.062500 0.875000
vt 0.062500 0.812500
vt 0.031250 0.562500
vt 0.031250 0.500000
vt 0.046875 1.000000
vt 0.031250 0.937500
vt 0.031250 0.875000
vt 0.031250 0.812500
vt 0.031250 0.750000
vt 0.031250 0.687500
vt 0.031250 0.625000
vt 0.000000 0.750000
vt 0.000000 0.687500
vt 0.000000 0.625000
vt 0.000000 0.562500
vt 0.000000 0.500000
vt 0.015625 1.000000
vt 0.000000 0.937500
vt 0.000000 0.875000
vt 0.000000 0.812500
vt 1.000000 0.500000
vt 0.968750 0.562500
vt 0.968750 0.500000
vt 1.000000 0.937500
vt 0.984375 1.000000
vt 0.968750 0.937500
vt 0.968750 0.875000
vt 1.000000 0.875000
vt 0.968750 0.812500
vt 1.000000 0.812500
vt 0.968750 0.750000
vt 1.000000 0.750000
vt 0.968750 0.687500
vt 1.000000 0.687500
vt 0.968750 0.625000
vt 1.000000 0.625000
vt 1.000000 0.562500
vt 0.937500 0.687500
vt 0.937500 0.625000
vt 0.937500 0.562500
vt 0.937500 0.500000
vt 0.953125 1.000000
vt 0.937500 0.937500
vt 0.937500 0.875000
vt 0.937500 0.812500
vt 0.937500 0.750000
vt 0.921875 1.000000
vt 0.906250 0.937500
vt 0.906250 0.875000
vt 0.906250 0.812500
vt 0.906250 0.750000
vt 0.906250 0.687500
vt 0.906250 0.625000
vt 0.906250 0.562500
vt 0.906250 0.500000
vt 0.875000 0.687500
vt 0.875000 0.625000
vt 0.875000 0.562500
vt 0.875000 0.500000
vt 0.890625 1.000000
vt 0.875000 0.937500
vt 0.875000 0.875000
vt 0.875000 0.812500
vt 0.875000 0.750000
vt 0.843750 0.875000
vt 0.843750 0.812500
vt 0.843750 0.750000
vt 0.843750 0.687500
vt 0.843750 0.625000
vt 0.843750 0.562500
vt 0.843750 0.500000
vt 0.859375 1.000000
vt 0.843750 0.937500
vt 0.812500 0.687500
vt 0.812500 0.625000
vt 0.812500 0.562500
vt 0.812500 0.500000
vt 0.828125 1.000000
vt 0.812500 0.937500
vt 0.812500 0.875000
vt 0.812500 0.812500
vt 0.812500 0.750000
vt 0.781250 0.875000
vt 0.781250 0.812500
vt 0.781250 0.750000
vt 0.781250 0.687500
vt 0.781250 0.625000
vt 0.781250 0.562500
vt 0.781250 0.500000
vt 0.796875 1.000000
vt 0.781250 0.937500
vt 0.765625 1.000000
vt 0.213079 0.064385
vt 0.177577 0.075155
vt 0.158156 0.028269
vt 0.203178 0.014612
vt 0.250000 0.010000
vt 0.250000 0.060749
vt 0.296822 0.014612
vt 0.383337 0.050447
vt 0.355142 0.092643
vt 0.419706 0.080294
vt 0.383821 0.116179
vt 0.449553 0.116663
vt 0.471731 0.158156
vt 0.407357 0.144858
vt 0.424845 0.177577
vt 0.435615 0.213079
vt 0.485388 0.203178
vt 0.490000 0.250000
vt 0.439251 0.250000
vt 0.485388 0.296822
vt 0.435615 0.286921
vt 0.471731 0.341844
vt 0.449553 0.383337
vt 0.407357 0.355142
vt 0.419706 0.419706
vt 0.383821 0.383821
vt 0.383337 0.449553
vt 0.341844 0.471731
vt 0.355142 0.407357
vt 0.296822 0.485388
vt 0.286921 0.435615
vt 0.250000 0.490000
vt 0.203178 0.485388
vt 0.250000 0.439251
vt 0.116663 0.449553
vt 0.144858 0.407357
vt 0.080294 0.419706
vt 0.116179 0.383821
vt 0.050447 0.383337
vt 0.028269 0.341844
vt 0.092643 0.355142
vt 0.014612 0.296822
vt 0.064385 0.286921
vt 0.010000 0.250000
vt 0.060749 0.250000
vt 0.014612 0.203178
vt 0.064385 0.213079
vt 0.028269 0.158156
vt 0.050447 0.116663
vt 0.092643 0.144858
vt 0.080294 0.080294
vt 0.116179 0.116179
vt 0.116663 0.050447
vt 0.144858 0.092643
vt 0.424845 0.322423
vt 0.075155 0.177577
vt 0.075155 0.322423
vt 0.322423 0.424845
vt 0.000000 1.000000
vt 0.658156 0.471731
vt 0.703178 0.485388
vt 0.750000 0.490000
vt 0.796822 0.485388
vt 0.841844 0.471731
vt 0.883337 0.449553
vt 0.919706 0.419706
vt 0.949553 0.383337
vt 0.985388 0.296822
vt 0.990000 0.250000
vt 0.985388 0.203178
vt 0.971731 0.158156
vt 0.949553 0.116663
vt 0.919706 0.080294
vt 0.883337 0.050447
vt 0.796822 0.014612
vt 0.750000 0.010000
vt 0.703178 0.014612
vt 0.658156 0.028269
vt 0.616663 0.050447
vt 0.580294 0.080294
vt 0.550447 0.116663
vt 0.514612 0.203178
vt 0.528269 0.341844
vt 0.510000 0.250000
vt 0.514612 0.296822
vt 0.550447 0.383337
vt 0.580294 0.419706
vt 0.616663 0.449553
vt 0.000000 0.964286
vt 0.580294 0.080294
vt 0.616663 0.050447
vt 0.658156 0.028269
vt 0.703178 0.014612
vt 0.750000 0.010000
vt 0.796822 0.014612
vt 0.841844 0.028269
vt 0.883337 0.050447
vt 0.949553 0.116663
vt 0.971731 0.158156
vt 0.985388 0.203178
vt 0.990000 0.250000
vt 0.985388 0.296822
vt 0.971731 0.341844
vt 0.949553 0.383337
vt 0.883337 0.449553
vt 0.841844 0.471731
vt 0.796822 0.485388
vt 0.750000 0.490000
vt 0.703178 0.485388
vt 0.658156 0.471731
vt 0.616663 0.449553
vt 0.550447 0.383337
vt 0.528269 0.341844
vt 0.514612 0.296822
vt 0.510000 0.250000
vt 0.514612 0.203178
vt 0.528269 0.158156
vt 0.550447 0.116663
vt 0.000000 0.571429
vt 0.296822 0.485388
vt 0.158156 0.471731
vt 0.250000 0.490000
vt 0.203178 0.485388
vt 0.116663 0.449553
vt 0.080294 0.419706
vt 0.050447 0.383337
vt 0.014612 0.296822
vt 0.010000 0.250000
vt 0.014612 0.203178
vt 0.028269 0.158156
vt 0.050447 0.116663
vt 0.080294 0.080294
vt 0.116663 0.050447
vt 0.203178 0.014612
vt 0.250000 0.010000
vt 0.296822 0.014612
vt 0.341844 0.028269
vt 0.383337 0.050447
vt 0.419706 0.080294
vt 0.449553 0.116663
vt 0.471731 0.158156
vt 0.485388 0.203178
vt 0.471731 0.341844
vt 0.490000 0.250000
vt 0.485388 0.296822
vt 0.449553 0.383337
vt 0.419706 0.419706
vt 0.383337 0.449553
vt 0.031250 1.000000
vt 0.750000 0.490000
vt 0.796822 0.485388
vt 0.841844 0.471731
vt 0.883337 0.449553
vt 0.919706 0.419706
vt 0.949553 0.383337
vt 0.971731 0.341844
vt 0.985388 0.296822
vt 0.990000 0.250000
vt 0.985388 0.203178
vt 0.971731 0.158156
vt 0.949553 0.116663
vt 0.919706 0.080294
vt 0.883337 0.050447
vt 0.841844 0.028269
vt 0.750000 0.010000
vt 0.616663 0.050447
vt 0.703178 0.014612
vt 0.658156 0.028269
vt 0.580294 0.080294
vt 0.550447 0.116663
vt 0.528269 0.158156
vt 0.510000 0.250000
vt 0.514612 0.296822
vt 0.528269 0.341844
vt 0.550447 0.383337
vt 0.580294 0.419706
vt 0.616663 0.449553
vt 0.658156 0.471731
vn 0.0980 0.0000 -0.9952
vn 0.2903 0.0000 -0.9569
vn 0.4714 0.0000 -0.8819
vn 0.6344 0.0000 -0.7730
vn 0.7730 0.0000 -0.6344
vn 0.8819 0.0000 -0.4714
vn 0.9569 0.0000 -0.2903
vn 0.9952 0.0000 -0.0980
vn 0.9952 0.0000 0.0980
vn 0.9569 0.0000 0.2903
vn 0.8819 0.0000 0.4714
vn 0.7730 0.0000 0.6344
vn 0.6344 0.0000 0.7730
vn 0.4714 0.0000 0.8819
vn 0.2903 0.0000 0.9569
vn 0.0980 0.0000 0.9952
vn -0.0980 0.0000 0.9952
vn -0.2903 0.0000 0.9569
vn -0.4714 0.0000 0.8819
vn -0.6344 0.0000 0.7730
vn -0.7730 0.0000 0.6344
vn -0.8819 0.0000 0.4714
vn -0.9569 0.0000 0.2903
vn -0.9952 0.0000 0.0980
vn -0.9952 0.0000 -0.0980
vn -0.9569 0.0000 -0.2903
vn -0.8819 0.0000 -0.4714
vn -0.7730 0.0000 -0.6344
vn -0.6344 0.0000 -0.7730
vn -0.4714 0.0000 -0.8819
vn 0.0000 1.0000 0.0000
vn -0.2903 0.0000 -0.9569
vn -0.0980 0.0000 -0.9952
vn 0.0000 -1.0000 0.0000
vn 0.0865 0.4696 -0.8786
vn 0.0938 0.2890 -0.9527
vn 0.0975 0.0975 -0.9904
vn 0.0097 0.9951 -0.0980
vn 0.0286 0.9566 -0.2902
vn 0.0464 0.8810 -0.4709
vn 0.0624 0.7715 -0.6332
vn 0.0759 0.6326 -0.7708
vn 0.2248 0.6326 -0.7412
vn 0.2563 0.4696 -0.8448
vn 0.2779 0.2890 -0.9161
vn 0.2889 0.0975 -0.9524
vn 0.0286 0.9951 -0.0942
vn 0.0846 0.9565 -0.2790
vn 0.1374 0.8810 -0.4528
vn 0.1847 0.7715 -0.6088
vn 0.1374 0.9565 -0.2571
vn 0.2230 0.8810 -0.4173
vn 0.2999 0.7715 -0.5611
vn 0.3651 0.6326 -0.6831
vn 0.4162 0.4696 -0.7786
vn 0.4513 0.2890 -0.8443
vn 0.4691 0.0975 -0.8777
vn 0.0464 0.9951 -0.0869
vn 0.5601 0.4696 -0.6825
vn 0.6073 0.2890 -0.7400
vn 0.6314 0.0975 -0.7693
vn 0.0625 0.9951 -0.0761
vn 0.1850 0.9566 -0.2254
vn 0.3002 0.8810 -0.3658
vn 0.4036 0.7715 -0.4918
vn 0.4913 0.6326 -0.5987
vn 0.2254 0.9566 -0.1850
vn 0.3658 0.8810 -0.3002
vn 0.4918 0.7715 -0.4036
vn 0.5987 0.6326 -0.4913
vn 0.6825 0.4696 -0.5601
vn 0.7400 0.2890 -0.6073
vn 0.7693 0.0975 -0.6314
vn 0.0761 0.9951 -0.0625
vn 0.7786 0.4696 -0.4162
vn 0.8443 0.2890 -0.4513
vn 0.8777 0.0975 -0.4691
vn 0.0869 0.9951 -0.0464
vn 0.2571 0.9565 -0.1374
vn 0.4173 0.8810 -0.2230
vn 0.5611 0.7715 -0.2999
vn 0.6831 0.6326 -0.3651
vn 0.4528 0.8810 -0.1374
vn 0.6088 0.7715 -0.1847
vn 0.7412 0.6326 -0.2248
vn 0.8448 0.4696 -0.2563
vn 0.9161 0.2890 -0.2779
vn 0.9524 0.0976 -0.2889
vn 0.0942 0.9951 -0.0286
vn 0.2790 0.9565 -0.0846
vn 0.9527 0.2890 -0.0938
vn 0.9904 0.0975 -0.0975
vn 0.0980 0.9951 -0.0096
vn 0.2902 0.9565 -0.0286
vn 0.4709 0.8810 -0.0464
vn 0.6332 0.7715 -0.0624
vn 0.7708 0.6326 -0.0759
vn 0.8786 0.4696 -0.0865
vn 0.4709 0.8810 0.0464
vn 0.6332 0.7715 0.0624
vn 0.7708 0.6326 0.0759
vn 0.8786 0.4696 0.0865
vn 0.9527 0.2890 0.0938
vn 0.9904 0.0975 0.0976
vn 0.0980 0.9951 0.0096
vn 0.2902 0.9565 0.0286
vn 0.9161 0.2890 0.2779
vn 0.9524 0.0975 0.2889
vn 0.0942 0.9951 0.0286
vn 0.2790 0.9565 0.0846
vn 0.4528 0.8810 0.1374
vn 0.6088 0.7715 0.1847
vn 0.7412 0.6326 0.2248
vn 0.8448 0.4696 0.2563
vn 0.5611 0.7715 0.2999
vn 0.6831 0.6326 0.3651
vn 0.7786 0.4696 0.4162
vn 0.8443 0.2890 0.4513
vn 0.8777 0.0975 0.4691
vn 0.0869 0.9951 0.0464
vn 0.2571 0.9565 0.1374
vn 0.4173 0.8810 0.2231
vn 0.7693 0.0975 0.6314
vn 0.0761 0.9951 0.0625
vn 0.2254 0.9565 0.1850
vn 0.3658 0.8810 0.3002
vn 0.4918 0.7715 0.4036
vn 0.5987 0.6326 0.4913
vn 0.6825 0.4696 0.5601
vn 0.7400 0.2890 0.6073
vn 0.4913 0.6326 0.5987
vn 0.5601 0.4696 0.6825
vn 0.6073 0.2890 0.7400
vn 0.6314 0.0975 0.7693
vn 0.0625 0.9951 0.0761
vn 0.1850 0.9565 0.2254
vn 0.3002 0.8810 0.3658
vn 0.4036 0.7715 0.4918
vn 0.0464 0.9951 0.0869
vn 0.1374 0.9565 0.2571
vn 0.2230 0.8810 0.4173
vn 0.2999 0.7715 0.5611
vn 0.3651 0.6326 0.6831
vn 0.4162 0.4696 0.7786
vn 0.4513 0.2890 0.8443
vn 0.4691 0.0975 0.8777
vn 0.2248 0.6326 0.7412
vn 0.2563 0.4696 0.8448
vn 0.2779 0.2890 0.9161
vn 0.2889 0.0975 0.9524
vn 0.0286 0.9951 0.0942
vn 0.0846 0.9565 0.2790
vn 0.1374 0.8810 0.4528
vn 0.1847 0.7715 0.6088
vn 0.0286 0.9565 0.2902
vn 0.0464 0.8810 0.4709
vn 0.0624 0.7715 0.6332
vn 0.0759 0.6326 0.7708
vn 0.0865 0.4696 0.8786
vn 0.0938 0.2890 0.9527
vn 0.0976 0.0975 0.9904
vn 0.0097 0.9951 0.0980
vn -0.0865 0.4696 0.8786
vn -0.0938 0.2890 0.9527
vn -0.0976 0.0975 0.9904
vn -0.0097 0.9951 0.0980
vn -0.0286 0.9566 0.2902
vn -0.0464 0.8810 0.4709
vn -0.0624 0.7715 0.6332
vn -0.0759 0.6326 0.7708
vn -0.0846 0.9565 0.2790
vn -0.1374 0.8810 0.4528
vn -0.1847 0.7715 0.6088
vn -0.2248 0.6326 0.7412
vn -0.2563 0.4696 0.8448
vn -0.2779 0.2890 0.9161
vn -0.2889 0.0975 0.9524
vn -0.0286 0.9951 0.0942
vn -0.4162 0.4696 0.7786
vn -0.4513 0.2890 0.8443
vn -0.4691 0.0975 0.8777
vn -0.0464 0.9951 0.0869
vn -0.1374 0.9566 0.2571
vn -0.2231 0.8810 0.4173
vn -0.2999 0.7715 0.5611
vn -0.3651 0.6326 0.6831
vn -0.3002 0.8810 0.3658
vn -0.4036 0.7715 0.4918
vn -0.4913 0.6326 0.5987
vn -0.5601 0.4696 0.6825
vn -0.6073 0.2890 0.7400
vn -0.6314 0.0975 0.7693
vn -0.0625 0.9951 0.0761
vn -0.1850 0.9565 0.2254
vn -0.7400 0.2890 0.6073
vn -0.7693 0.0975 0.6314
vn -0.0761 0.9951 0.0625
vn -0.2254 0.9565 0.1850
vn -0.3658 0.8810 0.3002
vn -0.4918 0.7715 0.4036
vn -0.5987 0.6326 0.4913
vn -0.6825 0.4696 0.5601
vn -0.5611 0.7715 0.2999
vn -0.6831 0.6326 0.3651
vn -0.7786 0.4696 0.4162
vn -0.8443 0.2890 0.4513
vn -0.8777 0.0975 0.4691
vn -0.0869 0.9951 0.0464
vn -0.2571 0.9566 0.1374
vn -0.4173 0.8810 0.2230
vn -0.9524 0.0975 0.2889
vn -0.0942 0.9951 0.0286
vn -0.2790 0.9565 0.0846
vn -0.4528 0.8810 0.1374
vn -0.6088 0.7715 0.1847
vn -0.7412 0.6326 0.2248
vn -0.8448 0.4696 0.2563
vn -0.9161 0.2890 0.2779
vn -0.6332 0.7715 0.0624
vn -0.7708 0.6326 0.0759
vn -0.8786 0.4696 0.0865
vn -0.9527 0.2890 0.0938
vn -0.9904 0.0975 0.0975
vn -0.0980 0.9951 0.0096
vn -0.2902 0.9565 0.0286
vn -0.4709 0.8810 0.0464
vn -0.9904 0.0975 -0.0975
vn -0.0980 0.9951 -0.0096
vn -0.2902 0.9565 -0.0286
vn -0.4709 0.8810 -0.0464
vn -0.6332 0.7715 -0.0624
vn -0.7708 0.6326 -0.0759
vn -0.8786 0.4696 -0.0865
vn -0.9527 0.2890 -0.0938
vn -0.7412 0.6326 -0.2248
vn -0.8448 0.4696 -0.2563
vn -0.9161 0.2890 -0.2779
vn -0.9524 0.0975 -0.2889
vn -0.0942 0.9951 -0.0286
vn -0.2790 0.9565 -0.0846
vn -0.4528 0.8810 -0.1374
vn -0.6088 0.7715 -0.1847
vn -0.0869 0.9951 -0.0464
vn -0.2571 0.9565 -0.1374
vn -0.4173 0.8810 -0.2231
vn -0.5611 0.7715 -0.2999
vn -0.6831 0.6326 -0.3651
vn -0.7786 0.4696 -0.4162
vn -0.8443 0.2890 -0.4513
vn -0.8777 0.0975 -0.4691
vn -0.5987 0.6326 -0.4913
vn -0.6825 0.4696 -0.5601
vn -0.7400 0.2890 -0.6073
vn -0.7693 0.0975 -0.6314
vn -0.0761 0.9951 -0.0625
vn -0.2254 0.9566 -0.1850
vn -0.3658 0.8810 -0.3002
vn -0.4918 0.7715 -0.4036
vn -0.1850 0.9565 -0.2254
vn -0.3002 0.8810 -0.3658
vn -0.4036 0.7715 -0.4918
vn -0.4913 0.6326 -0.5987
vn -0.5601 0.4696 -0.6825
vn -0.6073 0.2890 -0.7400
vn -0.6314 0.0975 -0.7693
vn -0.0625 0.9951 -0.0761
vn -0.4162 0.4696 -0.7786
vn -0.4513 0.2890 -0.8443
vn -0.4691 0.0975 -0.8777
vn -0.0464 0.9951 -0.0869
vn -0.1374 0.9566 -0.2571
vn -0.2231 0.8810 -0.4173
vn -0.2999 0.7715 -0.5611
vn -0.3651 0.6326 -0.6831
vn -0.1374 0.8810 -0.4528
vn -0.1847 0.7715 -0.6088
vn -0.2248 0.6326 -0.7412
vn -0.2563 0.4696 -0.8448
vn -0.2779 0.2890 -0.9161
vn -0.2889 0.0975 -0.9524
vn -0.0286 0.9951 -0.0942
vn -0.0846 0.9565 -0.2790
vn -0.0938 0.2890 -0.9527
vn -0.0975 0.0975 -0.9904
vn -0.0097 0.9951 -0.0980
vn -0.0286 0.9565 -0.2902
vn -0.0464 0.8810 -0.4709
vn -0.0624 0.7715 -0.6332
vn -0.0759 0.6326 -0.7708
vn -0.0865 0.4696 -0.8786
vn 0.0000 -1.0000 -0.0001
vn 0.0000 -1.0000 0.0001
vn 0.0000 1.0000 -0.0001
vn 0.0000 1.0000 0.0001
vn 0.0976 0.0975 -0.9904
vn 0.0286 0.9565 -0.2902
vn 0.2889 0.0976 -0.9524
vn 0.0846 0.9566 -0.2790
vn 0.7693 0.0976 -0.6314
vn 0.9524 0.0975 -0.2889
vn 0.9904 0.0976 -0.0975
vn 0.9904 0.0976 0.0975
vn 0.2571 0.9565 0.1375
vn 0.4173 0.8810 0.2230
vn 0.0975 0.0975 0.9904
vn -0.0846 0.9566 0.2790
vn -0.1374 0.9565 0.2571
vn -0.2571 0.9565 0.1375
vn -0.9904 0.0975 -0.0976
vn -0.2254 0.9565 -0.1850
vn -0.1374 0.9565 -0.2571
vn -0.0976 0.0975 -0.9904
vn -0.0286 0.9566 -0.2902
usemtl None
s off
f 2307/2939/1052 2423/2940/1052 2422/2941/1052
f 2310/2942/1053 2445/2943/1053 2423/2940/1053
f 2313/2944/1054 2467/2945/1054 2445/2943/1054
f 2316/2946/1055 2489/2947/1055 2467/2945/1055
f 2319/2948/1056 2511/2949/1056 2489/2947/1056
f 2322/2950/1057 2533/2951/1057 2511/2949/1057
f 2325/2952/1058 2555/2953/1058 2533/2951/1058
f 2328/2954/1059 2577/2955/1059 2555/2953/1059
f 2331/2956/1060 2599/2957/1060 2577/2955/1060
f 2334/2958/1061 2621/2959/1061 2599/2957/1061
f 2337/2960/1062 2643/2961/1062 2621/2959/1062
f 2340/2962/1063 2665/2963/1063 2643/2961/1063
f 2343/2964/1064 2687/2965/1064 2665/2963/1064
f 2346/2966/1065 2709/2967/1065 2687/2965/1065
f 2349/2968/1066 2731/2969/1066 2709/2967/1066
f 2352/2970/1067 2753/2971/1067 2731/2969/1067
f 2355/2972/1068 2775/2973/1068 2753/2971/1068
f 2358/2974/1069 2797/2975/1069 2775/2973/1069
f 2361/2976/1070 2819/2977/1070 2797/2975/1070
f 2364/2978/1071 2841/2979/1071 2819/2977/1071
f 2367/2980/1072 2863/2981/1072 2841/2979/1072
f 2370/2982/1073 2885/2983/1073 2863/2981/1073
f 2373/2984/1074 2907/2985/1074 2885/2983/1074
f 2376/2986/1075 2929/2987/1075 2907/2985/1075
f 2379/2988/1076 2951/2989/1076 2929/2987/1076
f 2382/2990/1077 2973/2991/1077 2951/2989/1077
f 2385/2992/1078 2995/2993/1078 2973/2991/1078
f 2388/2994/1079 3017/2995/1079 2995/2993/1079
f 2391/2996/1080 3039/2997/1080 3017/2995/1080
f 2394/2998/1081 3061/2999/1081 3039/2997/1081
f 2349/3000/1082 3119/3001/1082 3116/3002/1082
f 2397/3003/1082 3109/3004/1082 3108/3005/1082
f 2397/3006/1083 3083/3007/1083 3061/2999/1083
f 2400/3008/1084 2422/3009/1084 3083/3007/1084
f 2323/3010/1085 2347/3011/1085 2371/3012/1085
f 3104/3013/1084 2306/3014/1084 2398/3015/1084
f 3101/3016/1084 2401/3017/1084 3104/3013/1084
f 3101/3016/1084 2405/3018/1084 2403/3019/1084
f 3100/3020/1084 2407/3021/1084 2405/3018/1084
f 3098/3022/1084 2410/3023/1084 2407/3021/1084
f 3095/3024/1084 2412/3025/1084 2410/3023/1084
f 3094/3026/1084 2413/3027/1084 2412/3025/1084
f 3091/3028/1084 2415/3029/1084 2413/3027/1084
f 3089/3030/1084 2417/3031/1084 2415/3029/1084
f 3087/3032/1084 2419/3033/1084 2417/3031/1084
f 3086/3034/1084 2420/3035/1084 2419/3033/1084
f 3085/3036/1084 2421/3037/1084 2420/3035/1084
f 2776/3038/1085 3145/3039/1085 3146/3040/1085
f 3082/3041/1083 2398/3015/1083 2396/3042/1083
f 3080/3043/1083 3104/3013/1083 3082/3041/1083
f 3077/3044/1083 3101/3016/1083 3080/3043/1083
f 3075/3045/1083 3100/3020/1083 3077/3044/1083
f 3073/3046/1083 3098/3022/1083 3075/3045/1083
f 3071/3047/1083 3095/3024/1083 3073/3046/1083
f 3069/3048/1083 3094/3026/1083 3071/3047/1083
f 3067/3049/1083 3091/3028/1083 3069/3048/1083
f 3065/3050/1083 3089/3030/1083 3067/3049/1083
f 3064/3051/1083 3087/3032/1083 3065/3050/1083
f 3063/3052/1083 3086/3034/1083 3064/3051/1083
f 3062/3053/1083 3085/3036/1083 3063/3052/1083
f 2577/2955/1082 3172/3054/1082 2555/2953/1082
f 3059/3055/1081 2396/3042/1081 2393/3056/1081
f 3057/3057/1081 3082/3041/1081 3059/3055/1081
f 3055/3058/1081 3080/3043/1081 3057/3057/1081
f 3053/3059/1081 3077/3044/1081 3055/3058/1081
f 3051/3060/1081 3075/3045/1081 3053/3059/1081
f 3049/3061/1081 3073/3046/1081 3051/3060/1081
f 3047/3062/1081 3071/3047/1081 3049/3061/1081
f 3045/3063/1081 3069/3048/1081 3047/3062/1081
f 3043/3064/1081 3067/3049/1081 3045/3063/1081
f 3042/3065/1081 3065/3050/1081 3043/3064/1081
f 3041/3066/1081 3064/3051/1081 3042/3065/1081
f 3040/3067/1081 3063/3052/1081 3041/3066/1081
f 2468/3068/1085 3200/3069/1085 3158/3070/1085
f 3037/3071/1080 2393/3056/1080 2390/3072/1080
f 3035/3073/1080 3059/3055/1080 3037/3071/1080
f 3034/3074/1080 3057/3057/1080 3035/3073/1080
f 3032/3075/1080 3055/3058/1080 3034/3074/1080
f 3029/3076/1080 3053/3059/1080 3032/3075/1080
f 3027/3077/1080 3051/3060/1080 3029/3076/1080
f 3025/3078/1080 3049/3061/1080 3027/3077/1080
f 3023/3079/1080 3047/3062/1080 3025/3078/1080
f 3021/3080/1080 3045/3063/1080 3023/3079/1080
f 3020/3081/1080 3043/3064/1080 3021/3080/1080
f 3019/3082/1080 3042/3065/1080 3020/3081/1080
f 3018/3083/1080 3041/3066/1080 3019/3082/1080
f 2688/3084/1085 3153/3085/1085 3192/3086/1085
f 3015/3087/1079 2390/3072/1079 2386/3088/1079
f 3013/3089/1079 3037/3071/1079 3015/3087/1079
f 3011/3090/1079 3035/3073/1079 3013/3089/1079
f 3009/3091/1079 3034/3074/1079 3011/3090/1079
f 3008/3092/1079 3032/3075/1079 3009/3091/1079
f 3005/3093/1079 3029/3076/1079 3008/3092/1079
f 3004/3094/1079 3027/3077/1079 3005/3093/1079
f 3002/3095/1079 3025/3078/1079 3004/3094/1079
f 3000/3096/1079 3023/3079/1079 3002/3095/1079
f 2998/3097/1079 3021/3080/1079 3000/3096/1079
f 2997/3098/1079 3020/3081/1079 2998/3097/1079
f 2996/3099/1079 3019/3082/1079 2997/3098/1079
f 2446/3100/1085 3166/3101/1085 3200/3069/1085
f 2994/3102/1078 2386/3088/1078 2383/3103/1078
f 2991/3104/1078 3015/3087/1078 2994/3102/1078
f 2990/3105/1078 3013/3089/1078 2991/3104/1078
f 2987/3106/1078 3011/3090/1078 2990/3105/1078
f 2985/3107/1078 3009/3091/1078 2987/3106/1078
f 2983/3108/1078 3008/3092/1078 2985/3107/1078
f 2981/3109/1078 3005/3093/1078 2983/3108/1078
f 2979/3110/1078 3004/3094/1078 2981/3109/1078
f 2977/3111/1078 3002/3095/1078 2979/3110/1078
f 2976/3112/1078 3000/3096/1078 2977/3111/1078
f 2975/3113/1078 2998/3097/1078 2976/3112/1078
f 2974/3114/1078 2997/3098/1078 2975/3113/1078
f 2555/2953/1082 3170/3115/1082 2533/2951/1082
f 2972/3116/1077 2383/3103/1077 2380/3117/1077
f 2970/3118/1077 2994/3102/1077 2972/3116/1077
f 2968/3119/1077 2991/3104/1077 2970/3118/1077
f 2966/3120/1077 2990/3105/1077 2968/3119/1077
f 2964/3121/1077 2987/3106/1077 2966/3120/1077
f 2962/3122/1077 2985/3107/1077 2964/3121/1077
f 2960/3123/1077 2983/3108/1077 2962/3122/1077
f 2958/3124/1077 2981/3109/1077 2960/3123/1077
f 2956/3125/1077 2979/3110/1077 2958/3124/1077
f 2954/3126/1077 2977/3111/1077 2956/3125/1077
f 2953/3127/1077 2976/3112/1077 2954/3126/1077
f 2952/3128/1077 2975/3113/1077 2953/3127/1077
f 2732/3129/1085 3145/3039/1085 2754/3130/1085
f 2949/3131/1076 2380/3117/1076 2378/3132/1076
f 2947/3133/1076 2972/3116/1076 2949/3131/1076
f 2945/3134/1076 2970/3118/1076 2947/3133/1076
f 2944/3135/1076 2968/3119/1076 2945/3134/1076
f 2942/3136/1076 2966/3120/1076 2944/3135/1076
f 2939/3137/1076 2964/3121/1076 2942/3136/1076
f 2937/3138/1076 2962/3122/1076 2939/3137/1076
f 2936/3139/1076 2960/3123/1076 2937/3138/1076
f 2934/3140/1076 2958/3124/1076 2936/3139/1076
f 2932/3141/1076 2956/3125/1076 2934/3140/1076
f 2931/3142/1076 2954/3126/1076 2932/3141/1076
f 2930/3143/1076 2953/3127/1076 2931/3142/1076
f 2776/3038/1085 3187/3144/1085 2798/3145/1085
f 2927/3146/1075 2378/3132/1075 2375/3147/1075
f 2925/3148/1075 2949/3131/1075 2927/3146/1075
f 2923/3149/1075 2947/3133/1075 2925/3148/1075
f 2922/3150/1075 2945/3134/1075 2923/3149/1075
f 2920/3151/1075 2944/3135/1075 2922/3150/1075
f 2917/3152/1075 2942/3136/1075 2920/3151/1075
f 2915/3153/1075 2939/3137/1075 2917/3152/1075
f 2913/3154/1075 2937/3138/1075 2915/3153/1075
f 2912/3155/1075 2936/3139/1075 2913/3154/1075
f 2910/3156/1075 2934/3140/1075 2912/3155/1075
f 2909/3157/1075 2932/3141/1075 2910/3156/1075
f 2908/3158/1075 2931/3142/1075 2909/3157/1075
f 2643/2961/1082 3189/3159/1082 2621/2959/1082
f 2905/3160/1074 2375/3147/1074 2371/3161/1074
f 2903/3162/1074 2927/3146/1074 2905/3160/1074
f 2901/3163/1074 2925/3148/1074 2903/3162/1074
f 2900/3164/1074 2923/3149/1074 2901/3163/1074
f 2897/3165/1074 2922/3150/1074 2900/3164/1074
f 2895/3166/1074 2920/3151/1074 2897/3165/1074
f 2893/3167/1074 2917/3152/1074 2895/3166/1074
f 2891/3168/1074 2915/3153/1074 2893/3167/1074
f 2889/3169/1074 2913/3154/1074 2891/3168/1074
f 2888/3170/1074 2912/3155/1074 2889/3169/1074
f 2887/3171/1074 2910/3156/1074 2888/3170/1074
f 2886/3172/1074 2909/3157/1074 2887/3171/1074
f 2533/2951/1082 3193/3173/1082 2511/2949/1082
f 2884/3174/1073 2371/3161/1073 2368/3175/1073
f 2882/3176/1073 2905/3160/1073 2884/3174/1073
f 2880/3177/1073 2903/3162/1073 2882/3176/1073
f 2878/3178/1073 2901/3163/1073 2880/3177/1073
f 2876/3179/1073 2900/3164/1073 2878/3178/1073
f 2874/3180/1073 2897/3165/1073 2876/3179/1073
f 2872/3181/1073 2895/3166/1073 2874/3180/1073
f 2870/3182/1073 2893/3167/1073 2872/3181/1073
f 2868/3183/1073 2891/3168/1073 2870/3182/1073
f 2866/3184/1073 2889/3169/1073 2868/3183/1073
f 2865/3185/1073 2888/3170/1073 2866/3184/1073
f 2864/3186/1073 2887/3171/1073 2865/3185/1073
f 3018/3083/1085 3143/3187/1085 3150/3188/1085
f 2862/3189/1072 2368/3175/1072 2365/3190/1072
f 2860/3191/1072 2884/3174/1072 2862/3189/1072
f 2857/3192/1072 2882/3176/1072 2860/3191/1072
f 2856/3193/1072 2880/3177/1072 2857/3192/1072
f 2854/3194/1072 2878/3178/1072 2856/3193/1072
f 2851/3195/1072 2876/3179/1072 2854/3194/1072
f 2849/3196/1072 2874/3180/1072 2851/3195/1072
f 2847/3197/1072 2872/3181/1072 2849/3196/1072
f 2845/3198/1072 2870/3182/1072 2847/3197/1072
f 2844/3199/1072 2868/3183/1072 2845/3198/1072
f 2843/3200/1072 2866/3184/1072 2844/3199/1072
f 2842/3201/1072 2865/3185/1072 2843/3200/1072
f 2951/2989/1082 3154/3202/1082 2929/2987/1082
f 2839/3203/1071 2365/3190/1071 2363/3204/1071
f 2837/3205/1071 2862/3189/1071 2839/3203/1071
f 2835/3206/1071 2860/3191/1071 2837/3205/1071
f 2833/3207/1071 2857/3192/1071 2835/3206/1071
f 2832/3208/1071 2856/3193/1071 2833/3207/1071
f 2829/3209/1071 2854/3194/1071 2832/3208/1071
f 2827/3210/1071 2851/3195/1071 2829/3209/1071
f 2825/3211/1071 2849/3196/1071 2827/3210/1071
f 2823/3212/1071 2847/3197/1071 2825/3211/1071
f 2822/3213/1071 2845/3198/1071 2823/3212/1071
f 2821/3214/1071 2844/3199/1071 2822/3213/1071
f 2820/3215/1071 2843/3200/1071 2821/3214/1071
f 2908/3158/1085 3155/3216/1085 2930/3143/1085
f 2817/3217/1070 2363/3204/1070 2359/3218/1070
f 2815/3219/1070 2839/3203/1070 2817/3217/1070
f 2813/3220/1070 2837/3205/1070 2815/3219/1070
f 2811/3221/1070 2835/3206/1070 2813/3220/1070
f 2809/3222/1070 2833/3207/1070 2811/3221/1070
f 2807/3223/1070 2832/3208/1070 2809/3222/1070
f 2805/3224/1070 2829/3209/1070 2807/3223/1070
f 2803/3225/1070 2827/3210/1070 2805/3224/1070
f 2801/3226/1070 2825/3211/1070 2803/3225/1070
f 2800/3227/1070 2823/3212/1070 2801/3226/1070
f 2799/3228/1070 2822/3213/1070 2800/3227/1070
f 2798/3145/1070 2821/3214/1070 2799/3228/1070
f 2842/3201/1085 3138/3229/1085 3174/3230/1085
f 2795/3231/1069 2359/3218/1069 2356/3232/1069
f 2793/3233/1069 2817/3217/1069 2795/3231/1069
f 2791/3234/1069 2815/3219/1069 2793/3233/1069
f 2789/3235/1069 2813/3220/1069 2791/3234/1069
f 2787/3236/1069 2811/3221/1069 2789/3235/1069
f 2785/3237/1069 2809/3222/1069 2787/3236/1069
f 2783/3238/1069 2807/3223/1069 2785/3237/1069
f 2782/3239/1069 2805/3224/1069 2783/3238/1069
f 2780/3240/1069 2803/3225/1069 2782/3239/1069
f 2778/3241/1069 2801/3226/1069 2780/3240/1069
f 2777/3242/1069 2800/3227/1069 2778/3241/1069
f 2776/3038/1069 2799/3228/1069 2777/3242/1069
f 2421/3243/1085 3166/3101/1085 2424/3244/1085
f 2773/3245/1068 2356/3232/1068 2353/3246/1068
f 2772/3247/1068 2795/3231/1068 2773/3245/1068
f 2769/3248/1068 2793/3233/1068 2772/3247/1068
f 2767/3249/1068 2791/3234/1068 2769/3248/1068
f 2765/3250/1068 2789/3235/1068 2767/3249/1068
f 2763/3251/1068 2787/3236/1068 2765/3250/1068
f 2761/3252/1068 2785/3237/1068 2763/3251/1068
f 2760/3253/1068 2783/3238/1068 2761/3252/1068
f 2758/3254/1068 2782/3239/1068 2760/3253/1068
f 2756/3255/1068 2780/3240/1068 2758/3254/1068
f 2755/3256/1068 2778/3241/1068 2756/3255/1068
f 2754/3130/1068 2777/3242/1068 2755/3256/1068
f 2644/3257/1085 3182/3258/1085 3152/3259/1085
f 2752/3260/1067 2353/3246/1067 2350/3261/1067
f 2749/3262/1067 2773/3245/1067 2752/3260/1067
f 2747/3263/1067 2772/3247/1067 2749/3262/1067
f 2745/3264/1067 2769/3248/1067 2747/3263/1067
f 2743/3265/1067 2767/3249/1067 2745/3264/1067
f 2741/3266/1067 2765/3250/1067 2743/3265/1067
f 2739/3267/1067 2763/3251/1067 2741/3266/1067
f 2737/3268/1067 2761/3252/1067 2739/3267/1067
f 2735/3269/1067 2760/3253/1067 2737/3268/1067
f 2734/3270/1067 2758/3254/1067 2735/3269/1067
f 2733/3271/1067 2756/3255/1067 2734/3270/1067
f 2732/3129/1067 2755/3256/1067 2733/3271/1067
f 3017/2995/1082 3142/3272/1082 2995/2993/1082
f 2729/3273/1066 2350/3261/1066 2347/3274/1066
f 2727/3275/1066 2752/3260/1066 2729/3273/1066
f 2725/3276/1066 2749/3262/1066 2727/3275/1066
f 2723/3277/1066 2747/3263/1066 2725/3276/1066
f 2721/3278/1066 2745/3264/1066 2723/3277/1066
f 2719/3279/1066 2743/3265/1066 2721/3278/1066
f 2717/3280/1066 2741/3266/1066 2719/3279/1066
f 2715/3281/1066 2739/3267/1066 2717/3280/1066
f 2713/3282/1066 2737/3268/1066 2715/3281/1066
f 2712/3283/1066 2735/3269/1066 2713/3282/1066
f 2711/3284/1066 2734/3270/1066 2712/3283/1066
f 2710/3285/1066 2733/3271/1066 2711/3284/1066
f 3062/3053/1085 3181/3286/1085 3084/3287/1085
f 2707/3288/1065 2347/3274/1065 2344/3289/1065
f 2705/3290/1065 2729/3273/1065 2707/3288/1065
f 2703/3291/1065 2727/3275/1065 2705/3290/1065
f 2702/3292/1065 2725/3276/1065 2703/3291/1065
f 2700/3293/1065 2723/3277/1065 2702/3292/1065
f 2698/3294/1065 2721/3278/1065 2700/3293/1065
f 2696/3295/1065 2719/3279/1065 2698/3294/1065
f 2694/3296/1065 2717/3280/1065 2696/3295/1065
f 2692/3297/1065 2715/3281/1065 2694/3296/1065
f 2690/3298/1065 2713/3282/1065 2692/3297/1065
f 2689/3299/1065 2712/3283/1065 2690/3298/1065
f 2688/3084/1065 2711/3284/1065 2689/3299/1065
f 2863/2981/1082 3139/3300/1082 2841/2979/1082
f 2686/3301/1064 2344/3289/1064 2341/3302/1064
f 2683/3303/1064 2707/3288/1064 2686/3301/1064
f 2681/3304/1064 2705/3290/1064 2683/3303/1064
f 2679/3305/1064 2703/3291/1064 2681/3304/1064
f 2677/3306/1064 2702/3292/1064 2679/3305/1064
f 2675/3307/1064 2700/3293/1064 2677/3306/1064
f 2673/3308/1064 2698/3294/1064 2675/3307/1064
f 2671/3309/1064 2696/3295/1064 2673/3308/1064
f 2669/3310/1064 2694/3296/1064 2671/3309/1064
f 2668/3311/1064 2692/3297/1064 2669/3310/1064
f 2667/3312/1064 2690/3298/1064 2668/3311/1064
f 2666/3313/1064 2689/3299/1064 2667/3312/1064
f 2885/2983/1082 3185/3314/1082 3183/3315/1082
f 2663/3316/1063 2341/3302/1063 2338/3317/1063
f 2661/3318/1063 2686/3301/1063 2663/3316/1063
f 2660/3319/1063 2683/3303/1063 2661/3318/1063
f 2658/3320/1063 2681/3304/1063 2660/3319/1063
f 2655/3321/1063 2679/3305/1063 2658/3320/1063
f 2654/3322/1063 2677/3306/1063 2655/3321/1063
f 2651/3323/1063 2675/3307/1063 2654/3322/1063
f 2650/3324/1063 2673/3308/1063 2651/3323/1063
f 2648/3325/1063 2671/3309/1063 2650/3324/1063
f 2646/3326/1063 2669/3310/1063 2648/3325/1063
f 2645/3327/1063 2668/3311/1063 2646/3326/1063
f 2644/3257/1063 2667/3312/1063 2645/3327/1063
f 2422/3009/1082 3179/3328/1082 3083/3007/1082
f 2642/3329/1062 2338/3317/1062 2336/3330/1062
f 2640/3331/1062 2663/3316/1062 2642/3329/1062
f 2638/3332/1062 2661/3318/1062 2640/3331/1062
f 2636/3333/1062 2660/3319/1062 2638/3332/1062
f 2634/3334/1062 2658/3320/1062 2636/3333/1062
f 2632/3335/1062 2655/3321/1062 2634/3334/1062
f 2630/3336/1062 2654/3322/1062 2632/3335/1062
f 2628/3337/1062 2651/3323/1062 2630/3336/1062
f 2626/3338/1062 2650/3324/1062 2628/3337/1062
f 2624/3339/1062 2648/3325/1062 2626/3338/1062
f 2623/3340/1062 2646/3326/1062 2624/3339/1062
f 2622/3341/1062 2645/3327/1062 2623/3340/1062
f 2974/3114/1085 3143/3187/1085 2996/3099/1085
f 2620/3342/1061 2336/3330/1061 2333/3343/1061
f 2617/3344/1061 2642/3329/1061 2620/3342/1061
f 2616/3345/1061 2640/3331/1061 2617/3344/1061
f 2614/3346/1061 2638/3332/1061 2616/3345/1061
f 2612/3347/1061 2636/3333/1061 2614/3346/1061
f 2610/3348/1061 2634/3334/1061 2612/3347/1061
f 2607/3349/1061 2632/3335/1061 2610/3348/1061
f 2606/3350/1061 2630/3336/1061 2607/3349/1061
f 2603/3351/1061 2628/3337/1061 2606/3350/1061
f 2602/3352/1061 2626/3338/1061 2603/3351/1061
f 2601/3353/1061 2624/3339/1061 2602/3352/1061
f 2600/3354/1061 2623/3340/1061 2601/3353/1061
f 2864/3186/1085 3184/3355/1085 2886/3172/1085
f 2598/3356/1060 2333/3343/1060 2329/3357/1060
f 2596/3358/1060 2620/3342/1060 2598/3356/1060
f 2594/3359/1060 2617/3344/1060 2596/3358/1060
f 2592/3360/1060 2616/3345/1060 2594/3359/1060
f 2590/3361/1060 2614/3346/1060 2592/3360/1060
f 2588/3362/1060 2612/3347/1060 2590/3361/1060
f 2586/3363/1060 2610/3348/1060 2588/3362/1060
f 2584/3364/1060 2607/3349/1060 2586/3363/1060
f 2582/3365/1060 2606/3350/1060 2584/3364/1060
f 2580/3366/1060 2603/3351/1060 2582/3365/1060
f 2579/3367/1060 2602/3352/1060 2580/3366/1060
f 2578/3368/1060 2601/3353/1060 2579/3367/1060
f 2710/3285/1085 3192/3086/1085 3168/3369/1085
f 2576/3370/1059 2329/3357/1059 2326/3371/1059
f 2574/3372/1059 2598/3356/1059 2576/3370/1059
f 2572/3373/1059 2596/3358/1059 2574/3372/1059
f 2570/3374/1059 2594/3359/1059 2572/3373/1059
f 2568/3375/1059 2592/3360/1059 2570/3374/1059
f 2566/3376/1059 2590/3361/1059 2568/3375/1059
f 2564/3377/1059 2588/3362/1059 2566/3376/1059
f 2562/3378/1059 2586/3363/1059 2564/3377/1059
f 2560/3379/1059 2584/3364/1059 2562/3378/1059
f 2558/3380/1059 2582/3365/1059 2560/3379/1059
f 2557/3381/1059 2580/3366/1059 2558/3380/1059
f 2556/3382/1059 2579/3367/1059 2557/3381/1059
f 2929/2987/1082 3185/3314/1082 2907/2985/1082
f 2554/3383/1058 2326/3371/1058 2323/3384/1058
f 2552/3385/1058 2576/3370/1058 2554/3383/1058
f 2550/3386/1058 2574/3372/1058 2552/3385/1058
f 2548/3387/1058 2572/3373/1058 2550/3386/1058
f 2546/3388/1058 2570/3374/1058 2548/3387/1058
f 2544/3389/1058 2568/3375/1058 2546/3388/1058
f 2542/3390/1058 2566/3376/1058 2544/3389/1058
f 2540/3391/1058 2564/3377/1058 2542/3390/1058
f 2538/3392/1058 2562/3378/1058 2540/3391/1058
f 2536/3393/1058 2560/3379/1058 2538/3392/1058
f 2535/3394/1058 2558/3380/1058 2536/3393/1058
f 2534/3395/1058 2557/3381/1058 2535/3394/1058
f 2885/2983/1082 3196/3396/1082 2863/2981/1082
f 2532/3397/1057 2323/3384/1057 2321/3398/1057
f 2529/3399/1057 2554/3383/1057 2532/3397/1057
f 2527/3400/1057 2552/3385/1057 2529/3399/1057
f 2526/3401/1057 2550/3386/1057 2527/3400/1057
f 2523/3402/1057 2548/3387/1057 2526/3401/1057
f 2521/3403/1057 2546/3388/1057 2523/3402/1057
f 2519/3404/1057 2544/3389/1057 2521/3403/1057
f 2517/3405/1057 2542/3390/1057 2519/3404/1057
f 2515/3406/1057 2540/3391/1057 2517/3405/1057
f 2514/3407/1057 2538/3392/1057 2515/3406/1057
f 2513/3408/1057 2536/3393/1057 2514/3407/1057
f 2512/3409/1057 2535/3394/1057 2513/3408/1057
f 2775/2973/1082 3191/3410/1082 3151/3411/1082
f 2510/3412/1056 2321/3398/1056 2318/3413/1056
f 2508/3414/1056 2532/3397/1056 2510/3412/1056
f 2506/3415/1056 2529/3399/1056 2508/3414/1056
f 2504/3416/1056 2527/3400/1056 2506/3415/1056
f 2501/3417/1056 2526/3401/1056 2504/3416/1056
f 2500/3418/1056 2523/3402/1056 2501/3417/1056
f 2498/3419/1056 2521/3403/1056 2500/3418/1056
f 2495/3420/1056 2519/3404/1056 2498/3419/1056
f 2493/3421/1056 2517/3405/1056 2495/3420/1056
f 2492/3422/1056 2515/3406/1056 2493/3421/1056
f 2491/3423/1056 2514/3407/1056 2492/3422/1056
f 2490/3424/1056 2513/3408/1056 2491/3423/1056
f 2886/3172/1085 3190/3425/1085 2908/3158/1085
f 2487/3426/1055 2318/3413/1055 2315/3427/1055
f 2486/3428/1055 2510/3412/1055 2487/3426/1055
f 2483/3429/1055 2508/3414/1055 2486/3428/1055
f 2481/3430/1055 2506/3415/1055 2483/3429/1055
f 2480/3431/1055 2504/3416/1055 2481/3430/1055
f 2478/3432/1055 2501/3417/1055 2480/3431/1055
f 2476/3433/1055 2500/3418/1055 2478/3432/1055
f 2473/3434/1055 2498/3419/1055 2476/3433/1055
f 2471/3435/1055 2495/3420/1055 2473/3434/1055
f 2470/3436/1055 2493/3421/1055 2471/3435/1055
f 2469/3437/1055 2492/3422/1055 2470/3436/1055
f 2468/3068/1055 2491/3423/1055 2469/3437/1055
f 2732/3129/1085 3168/3369/1085 3169/3438/1085
f 2465/3439/1054 2315/3427/1054 2312/3440/1054
f 2463/3441/1054 2487/3426/1054 2465/3439/1054
f 2462/3442/1054 2486/3428/1054 2463/3441/1054
f 2459/3443/1054 2483/3429/1054 2462/3442/1054
f 2458/3444/1054 2481/3430/1054 2459/3443/1054
f 2456/3445/1054 2480/3431/1054 2458/3444/1054
f 2454/3446/1054 2478/3432/1054 2456/3445/1054
f 2452/3447/1054 2476/3433/1054 2454/3446/1054
f 2449/3448/1054 2473/3434/1054 2452/3447/1054
f 2448/3449/1054 2471/3435/1054 2449/3448/1054
f 2447/3450/1054 2470/3436/1054 2448/3449/1054
f 2446/3100/1054 2469/3437/1054 2447/3450/1054
f 2930/3143/1085 3162/3451/1085 2952/3128/1085
f 2444/3452/1053 2312/3440/1053 2309/3453/1053
f 2442/3454/1053 2465/3439/1053 2444/3452/1053
f 2439/3455/1053 2463/3441/1053 2442/3454/1053
f 2437/3456/1053 2462/3442/1053 2439/3455/1053
f 2436/3457/1053 2459/3443/1053 2437/3456/1053
f 2434/3458/1053 2458/3444/1053 2436/3457/1053
f 2432/3459/1053 2456/3445/1053 2434/3458/1053
f 2430/3460/1053 2454/3446/1053 2432/3459/1053
f 2428/3461/1053 2452/3447/1053 2430/3460/1053
f 2426/3462/1053 2449/3448/1053 2428/3461/1053
f 2425/3463/1053 2448/3449/1053 2426/3462/1053
f 2424/3244/1053 2447/3450/1053 2425/3463/1053
f 2423/2940/1082 3165/3464/1082 2422/2941/1082
f 2401/3465/1052 2309/3453/1052 2306/3466/1052
f 2403/3467/1052 2444/3452/1052 2401/3465/1052
f 2405/3468/1052 2442/3454/1052 2403/3467/1052
f 2407/3469/1052 2439/3455/1052 2405/3468/1052
f 2410/3470/1052 2437/3456/1052 2407/3469/1052
f 2412/3471/1052 2436/3457/1052 2410/3470/1052
f 2413/3472/1052 2434/3458/1052 2412/3471/1052
f 2415/3473/1052 2432/3459/1052 2413/3472/1052
f 2417/3474/1052 2430/3460/1052 2415/3473/1052
f 2419/3475/1052 2428/3461/1052 2417/3474/1052
f 2420/3476/1052 2426/3462/1052 2419/3475/1052
f 2421/3243/1052 2425/3463/1052 2420/3476/1052
f 2731/2969/1082 3149/3477/1082 3177/3478/1082
f 2342/3479/1082 2317/3480/1082 2389/3481/1082
f 2305/3482/1067 3103/3483/1067 2399/3484/1067
f 2402/3485/1067 3102/3486/1067 3103/3483/1067
f 3102/3486/1067 2406/3487/1067 3099/3488/1067
f 3099/3488/1067 2408/3489/1067 3097/3490/1067
f 3097/3490/1067 2409/3491/1067 3096/3492/1067
f 3096/3492/1067 2411/3493/1067 3093/3494/1067
f 3093/3494/1067 2414/3495/1067 3092/3496/1067
f 3092/3496/1067 2416/3497/1067 3090/3498/1067
f 3090/3498/1067 2418/3499/1067 3088/3500/1067
f 3088/3500/1067 3107/3501/1067 3108/3502/1067
f 2399/3484/1066 3081/3503/1066 2395/3504/1066
f 3103/3483/1066 3079/3505/1066 3081/3503/1066
f 3102/3486/1066 3078/3506/1066 3079/3505/1066
f 3099/3488/1066 3076/3507/1066 3078/3506/1066
f 3097/3490/1066 3074/3508/1066 3076/3507/1066
f 3096/3492/1066 3072/3509/1066 3074/3508/1066
f 3093/3494/1066 3070/3510/1066 3072/3509/1066
f 3092/3496/1066 3068/3511/1066 3070/3510/1066
f 3090/3498/1066 3066/3512/1066 3068/3511/1066
f 3066/3512/1066 3108/3502/1066 3109/3513/1066
f 2395/3504/1065 3060/3514/1065 2392/3515/1065
f 3081/3503/1065 3058/3516/1065 3060/3514/1065
f 3079/3505/1065 3056/3517/1065 3058/3516/1065
f 3078/3506/1065 3054/3518/1065 3056/3517/1065
f 3076/3507/1065 3052/3519/1065 3054/3518/1065
f 3074/3508/1065 3050/3520/1065 3052/3519/1065
f 3072/3509/1065 3048/3521/1065 3050/3520/1065
f 3070/3510/1065 3046/3522/1065 3048/3521/1065
f 3068/3511/1065 3044/3523/1065 3046/3522/1065
f 3044/3523/1065 3109/3513/1065 3106/3524/1065
f 2392/3515/1064 3038/3525/1064 2389/3526/1064
f 3060/3514/1064 3036/3527/1064 3038/3525/1064
f 3058/3516/1064 3033/3528/1064 3036/3527/1064
f 3056/3517/1064 3031/3529/1064 3033/3528/1064
f 3054/3518/1064 3030/3530/1064 3031/3529/1064
f 3052/3519/1064 3028/3531/1064 3030/3530/1064
f 3050/3520/1064 3026/3532/1064 3028/3531/1064
f 3048/3521/1064 3024/3533/1064 3026/3532/1064
f 3046/3522/1064 3022/3534/1064 3024/3533/1064
f 3022/3534/1064 3106/3524/1064 3105/3535/1064
f 2389/3526/1063 3016/3536/1063 2387/3537/1063
f 3038/3525/1063 3014/3538/1063 3016/3536/1063
f 3036/3527/1063 3012/3539/1063 3014/3538/1063
f 3033/3528/1063 3010/3540/1063 3012/3539/1063
f 3031/3529/1063 3007/3541/1063 3010/3540/1063
f 3030/3530/1063 3006/3542/1063 3007/3541/1063
f 3028/3531/1063 3003/3543/1063 3006/3542/1063
f 3026/3532/1063 3001/3544/1063 3003/3543/1063
f 3024/3533/1063 2999/3545/1063 3001/3544/1063
f 2999/3545/1063 3105/3535/1063 3126/3546/1063
f 2387/3537/1062 2993/3547/1062 2384/3548/1062
f 3016/3536/1062 2992/3549/1062 2993/3547/1062
f 3014/3538/1062 2989/3550/1062 2992/3549/1062
f 3012/3539/1062 2988/3551/1062 2989/3550/1062
f 3010/3540/1062 2986/3552/1062 2988/3551/1062
f 3007/3541/1062 2984/3553/1062 2986/3552/1062
f 3006/3542/1062 2982/3554/1062 2984/3553/1062
f 3003/3543/1062 2980/3555/1062 2982/3554/1062
f 3001/3544/1062 2978/3556/1062 2980/3555/1062
f 2978/3556/1062 3126/3546/1062 3127/3557/1062
f 2384/3548/1061 2971/3558/1061 2381/3559/1061
f 2993/3547/1061 2969/3560/1061 2971/3558/1061
f 2992/3549/1061 2967/3561/1061 2969/3560/1061
f 2989/3550/1061 2965/3562/1061 2967/3561/1061
f 2988/3551/1061 2963/3563/1061 2965/3562/1061
f 2986/3552/1061 2961/3564/1061 2963/3563/1061
f 2984/3553/1061 2959/3565/1061 2961/3564/1061
f 2982/3554/1061 2957/3566/1061 2959/3565/1061
f 2980/3555/1061 2955/3567/1061 2957/3566/1061
f 2955/3567/1061 3127/3557/1061 3125/3568/1061
f 2381/3559/1060 2950/3569/1060 2377/3570/1060
f 2971/3558/1060 2948/3571/1060 2950/3569/1060
f 2969/3560/1060 2946/3572/1060 2948/3571/1060
f 2967/3561/1060 2943/3573/1060 2946/3572/1060
f 2965/3562/1060 2941/3574/1060 2943/3573/1060
f 2963/3563/1060 2940/3575/1060 2941/3574/1060
f 2961/3564/1060 2938/3576/1060 2940/3575/1060
f 2959/3565/1060 2935/3577/1060 2938/3576/1060
f 2957/3566/1060 2933/3578/1060 2935/3577/1060
f 2933/3578/1060 3125/3568/1060 3110/3579/1060
f 2377/3570/1059 2928/3580/1059 2374/3581/1059
f 2950/3569/1059 2926/3582/1059 2928/3580/1059
f 2948/3571/1059 2924/3583/1059 2926/3582/1059
f 2946/3572/1059 2921/3584/1059 2924/3583/1059
f 2943/3573/1059 2919/3585/1059 2921/3584/1059
f 2941/3574/1059 2918/3586/1059 2919/3585/1059
f 2940/3575/1059 2916/3587/1059 2918/3586/1059
f 2938/3576/1059 2914/3588/1059 2916/3587/1059
f 2935/3577/1059 2911/3589/1059 2914/3588/1059
f 2911/3589/1059 3110/3579/1059 3111/3590/1059
f 2374/3581/1058 2906/3591/1058 2372/3592/1058
f 2928/3580/1058 2904/3593/1058 2906/3591/1058
f 2926/3582/1058 2902/3594/1058 2904/3593/1058
f 2924/3583/1058 2899/3595/1058 2902/3594/1058
f 2921/3584/1058 2898/3596/1058 2899/3595/1058
f 2919/3585/1058 2896/3597/1058 2898/3596/1058
f 2918/3586/1058 2894/3598/1058 2896/3597/1058
f 2916/3587/1058 2892/3599/1058 2894/3598/1058
f 2914/3588/1058 2890/3600/1058 2892/3599/1058
f 2890/3600/1058 3111/3590/1058 3114/3601/1058
f 2372/3592/1057 2883/3602/1057 2369/3603/1057
f 2906/3591/1057 2881/3604/1057 2883/3602/1057
f 2904/3593/1057 2879/3605/1057 2881/3604/1057
f 2902/3594/1057 2877/3606/1057 2879/3605/1057
f 2899/3595/1057 2875/3607/1057 2877/3606/1057
f 2898/3596/1057 2873/3608/1057 2875/3607/1057
f 2896/3597/1057 2871/3609/1057 2873/3608/1057
f 2894/3598/1057 2869/3610/1057 2871/3609/1057
f 2892/3599/1057 2867/3611/1057 2869/3610/1057
f 2867/3611/1057 3114/3601/1057 3113/3612/1057
f 2369/3603/1056 2861/3613/1056 2366/3614/1056
f 2883/3602/1056 2859/3615/1056 2861/3613/1056
f 2881/3604/1056 2858/3616/1056 2859/3615/1056
f 2879/3605/1056 2855/3617/1056 2858/3616/1056
f 2877/3606/1056 2853/3618/1056 2855/3617/1056
f 2875/3607/1056 2852/3619/1056 2853/3618/1056
f 2873/3608/1056 2850/3620/1056 2852/3619/1056
f 2871/3609/1056 2848/3621/1056 2850/3620/1056
f 2869/3610/1056 2846/3622/1056 2848/3621/1056
f 2846/3622/1056 3113/3612/1056 3112/3623/1056
f 2366/3614/1055 2840/3624/1055 2362/3625/1055
f 2861/3613/1055 2838/3626/1055 2840/3624/1055
f 2859/3615/1055 2836/3627/1055 2838/3626/1055
f 2858/3616/1055 2834/3628/1055 2836/3627/1055
f 2855/3617/1055 2831/3629/1055 2834/3628/1055
f 2853/3618/1055 2830/3630/1055 2831/3629/1055
f 2852/3619/1055 2828/3631/1055 2830/3630/1055
f 2850/3620/1055 2826/3632/1055 2828/3631/1055
f 2848/3621/1055 2824/3633/1055 2826/3632/1055
f 2846/3622/1055 3128/3634/1055 2824/3633/1055
f 2362/3625/1054 2818/3635/1054 2360/3636/1054
f 2840/3624/1054 2816/3637/1054 2818/3635/1054
f 2838/3626/1054 2814/3638/1054 2816/3637/1054
f 2836/3627/1054 2812/3639/1054 2814/3638/1054
f 2834/3628/1054 2810/3640/1054 2812/3639/1054
f 2831/3629/1054 2808/3641/1054 2810/3640/1054
f 2830/3630/1054 2806/3642/1054 2808/3641/1054
f 2828/3631/1054 2804/3643/1054 2806/3642/1054
f 2826/3632/1054 2802/3644/1054 2804/3643/1054
f 2824/3633/1054 3129/3645/1054 2802/3644/1054
f 2360/3636/1053 2796/3646/1053 2357/3647/1053
f 2818/3635/1053 2794/3648/1053 2796/3646/1053
f 2816/3637/1053 2792/3649/1053 2794/3648/1053
f 2814/3638/1053 2790/3650/1053 2792/3649/1053
f 2812/3639/1053 2788/3651/1053 2790/3650/1053
f 2810/3640/1053 2786/3652/1053 2788/3651/1053
f 2808/3641/1053 2784/3653/1053 2786/3652/1053
f 2806/3642/1053 2781/3654/1053 2784/3653/1053
f 2804/3643/1053 2779/3655/1053 2781/3654/1053
f 2802/3644/1053 3131/3656/1053 2779/3655/1053
f 2357/3647/1052 2774/3657/1052 2354/3658/1052
f 2796/3646/1052 2771/3659/1052 2774/3657/1052
f 2794/3648/1052 2770/3660/1052 2771/3659/1052
f 2792/3649/1052 2768/3661/1052 2770/3660/1052
f 2790/3650/1052 2766/3662/1052 2768/3661/1052
f 2788/3651/1052 2764/3663/1052 2766/3662/1052
f 2786/3652/1052 2762/3664/1052 2764/3663/1052
f 2784/3653/1052 2759/3665/1052 2762/3664/1052
f 2781/3654/1052 2757/3666/1052 2759/3665/1052
f 2779/3655/1052 3115/3667/1052 2757/3666/1052
f 2354/3658/1084 2751/3668/1084 2351/3669/1084
f 2774/3657/1084 2750/3670/1084 2751/3668/1084
f 2771/3659/1084 2748/3671/1084 2750/3670/1084
f 2770/3660/1084 2746/3672/1084 2748/3671/1084
f 2768/3661/1084 2744/3673/1084 2746/3672/1084
f 2766/3662/1084 2742/3674/1084 2744/3673/1084
f 2764/3663/1084 2740/3675/1084 2742/3674/1084
f 2762/3664/1084 2738/3676/1084 2740/3675/1084
f 2759/3665/1084 2736/3677/1084 2738/3676/1084
f 2757/3666/1084 3116/3678/1084 2736/3677/1084
f 2351/3669/1083 2730/3679/1083 2348/3680/1083
f 2751/3668/1083 2728/3681/1083 2730/3679/1083
f 2750/3670/1083 2726/3682/1083 2728/3681/1083
f 2748/3671/1083 2724/3683/1083 2726/3682/1083
f 2746/3672/1083 2722/3684/1083 2724/3683/1083
f 2744/3673/1083 2720/3685/1083 2722/3684/1083
f 2742/3674/1083 2718/3686/1083 2720/3685/1083
f 2740/3675/1083 2716/3687/1083 2718/3686/1083
f 2738/3676/1083 2714/3688/1083 2716/3687/1083
f 2736/3677/1083 3119/3689/1083 2714/3688/1083
f 2348/3680/1081 2708/3690/1081 2345/3691/1081
f 2730/3679/1081 2706/3692/1081 2708/3690/1081
f 2728/3681/1081 2704/3693/1081 2706/3692/1081
f 2726/3682/1081 2701/3694/1081 2704/3693/1081
f 2724/3683/1081 2699/3695/1081 2701/3694/1081
f 2722/3684/1081 2697/3696/1081 2699/3695/1081
f 2720/3685/1081 2695/3697/1081 2697/3696/1081
f 2718/3686/1081 2693/3698/1081 2695/3697/1081
f 2716/3687/1081 2691/3699/1081 2693/3698/1081
f 2714/3688/1081 3117/3700/1081 2691/3699/1081
f 2345/3691/1080 2685/3701/1080 2342/3702/1080
f 2708/3690/1080 2684/3703/1080 2685/3701/1080
f 2706/3692/1080 2682/3704/1080 2684/3703/1080
f 2704/3693/1080 2680/3705/1080 2682/3704/1080
f 2701/3694/1080 2678/3706/1080 2680/3705/1080
f 2699/3695/1080 2676/3707/1080 2678/3706/1080
f 2697/3696/1080 2674/3708/1080 2676/3707/1080
f 2695/3697/1080 2672/3709/1080 2674/3708/1080
f 2693/3698/1080 2670/3710/1080 2672/3709/1080
f 2691/3699/1080 3118/3711/1080 2670/3710/1080
f 2342/3702/1079 2664/3712/1079 2339/3713/1079
f 2685/3701/1079 2662/3714/1079 2664/3712/1079
f 2684/3703/1079 2659/3715/1079 2662/3714/1079
f 2682/3704/1079 2657/3716/1079 2659/3715/1079
f 2680/3705/1079 2656/3717/1079 2657/3716/1079
f 2678/3706/1079 2653/3718/1079 2656/3717/1079
f 2676/3707/1079 2652/3719/1079 2653/3718/1079
f 2674/3708/1079 2649/3720/1079 2652/3719/1079
f 2672/3709/1079 2647/3721/1079 2649/3720/1079
f 2670/3710/1079 3134/3722/1079 2647/3721/1079
f 2339/3713/1078 2641/3723/1078 2335/3724/1078
f 2664/3712/1078 2639/3725/1078 2641/3723/1078
f 2662/3714/1078 2637/3726/1078 2639/3725/1078
f 2659/3715/1078 2635/3727/1078 2637/3726/1078
f 2657/3716/1078 2633/3728/1078 2635/3727/1078
f 2656/3717/1078 2631/3729/1078 2633/3728/1078
f 2653/3718/1078 2629/3730/1078 2631/3729/1078
f 2652/3719/1078 2627/3731/1078 2629/3730/1078
f 2649/3720/1078 2625/3732/1078 2627/3731/1078
f 2647/3721/1078 3135/3733/1078 2625/3732/1078
f 2335/3724/1077 2619/3734/1077 2332/3735/1077
f 2641/3723/1077 2618/3736/1077 2619/3734/1077
f 2639/3725/1077 2615/3737/1077 2618/3736/1077
f 2637/3726/1077 2613/3738/1077 2615/3737/1077
f 2635/3727/1077 2611/3739/1077 2613/3738/1077
f 2633/3728/1077 2609/3740/1077 2611/3739/1077
f 2631/3729/1077 2608/3741/1077 2609/3740/1077
f 2629/3730/1077 2605/3742/1077 2608/3741/1077
f 2627/3731/1077 2604/3743/1077 2605/3742/1077
f 2625/3732/1077 3136/3744/1077 2604/3743/1077
f 2332/3735/1076 2597/3745/1076 2330/3746/1076
f 2619/3734/1076 2595/3747/1076 2597/3745/1076
f 2618/3736/1076 2593/3748/1076 2595/3747/1076
f 2615/3737/1076 2591/3749/1076 2593/3748/1076
f 2613/3738/1076 2589/3750/1076 2591/3749/1076
f 2611/3739/1076 2587/3751/1076 2589/3750/1076
f 2609/3740/1076 2585/3752/1076 2587/3751/1076
f 2608/3741/1076 2583/3753/1076 2585/3752/1076
f 2605/3742/1076 2581/3754/1076 2583/3753/1076
f 2604/3743/1076 3123/3755/1076 2581/3754/1076
f 2330/3746/1075 2575/3756/1075 2327/3757/1075
f 2597/3745/1075 2573/3758/1075 2575/3756/1075
f 2595/3747/1075 2571/3759/1075 2573/3758/1075
f 2593/3748/1075 2569/3760/1075 2571/3759/1075
f 2591/3749/1075 2567/3761/1075 2569/3760/1075
f 2589/3750/1075 2565/3762/1075 2567/3761/1075
f 2587/3751/1075 2563/3763/1075 2565/3762/1075
f 2585/3752/1075 2561/3764/1075 2563/3763/1075
f 2583/3753/1075 2559/3765/1075 2561/3764/1075
f 2581/3754/1075 3122/3766/1075 2559/3765/1075
f 2327/3757/1074 2553/3767/1074 2324/3768/1074
f 2575/3756/1074 2551/3769/1074 2553/3767/1074
f 2573/3758/1074 2549/3770/1074 2551/3769/1074
f 2571/3759/1074 2547/3771/1074 2549/3770/1074
f 2569/3760/1074 2545/3772/1074 2547/3771/1074
f 2567/3761/1074 2543/3773/1074 2545/3772/1074
f 2565/3762/1074 2541/3774/1074 2543/3773/1074
f 2563/3763/1074 2539/3775/1074 2541/3774/1074
f 2561/3764/1074 2537/3776/1074 2539/3775/1074
f 2559/3765/1074 3124/3777/1074 2537/3776/1074
f 2324/3768/1073 2531/3778/1073 2320/3779/1073
f 2553/3767/1073 2530/3780/1073 2531/3778/1073
f 2551/3769/1073 2528/3781/1073 2530/3780/1073
f 2549/3770/1073 2525/3782/1073 2528/3781/1073
f 2547/3771/1073 2524/3783/1073 2525/3782/1073
f 2545/3772/1073 2522/3784/1073 2524/3783/1073
f 2543/3773/1073 2520/3785/1073 2522/3784/1073
f 2541/3774/1073 2518/3786/1073 2520/3785/1073
f 2539/3775/1073 2516/3787/1073 2518/3786/1073
f 2537/3776/1073 3121/3788/1073 2516/3787/1073
f 2320/3779/1072 2509/3789/1072 2317/3790/1072
f 2531/3778/1072 2507/3791/1072 2509/3789/1072
f 2530/3780/1072 2505/3792/1072 2507/3791/1072
f 2528/3781/1072 2503/3793/1072 2505/3792/1072
f 2525/3782/1072 2502/3794/1072 2503/3793/1072
f 2524/3783/1072 2499/3795/1072 2502/3794/1072
f 2522/3784/1072 2497/3796/1072 2499/3795/1072
f 2520/3785/1072 2496/3797/1072 2497/3796/1072
f 2518/3786/1072 2494/3798/1072 2496/3797/1072
f 2516/3787/1072 3120/3799/1072 2494/3798/1072
f 2317/3790/1071 2488/3800/1071 2314/3801/1071
f 2509/3789/1071 2485/3802/1071 2488/3800/1071
f 2507/3791/1071 2484/3803/1071 2485/3802/1071
f 2505/3792/1071 2482/3804/1071 2484/3803/1071
f 2503/3793/1071 2479/3805/1071 2482/3804/1071
f 2502/3794/1071 2477/3806/1071 2479/3805/1071
f 2499/3795/1071 2475/3807/1071 2477/3806/1071
f 2497/3796/1071 2474/3808/1071 2475/3807/1071
f 2496/3797/1071 2472/3809/1071 2474/3808/1071
f 2472/3809/1071 3120/3799/1071 3132/3810/1071
f 2314/3801/1070 2466/3811/1070 2311/3812/1070
f 2488/3800/1070 2464/3813/1070 2466/3811/1070
f 2485/3802/1070 2461/3814/1070 2464/3813/1070
f 2484/3803/1070 2460/3815/1070 2461/3814/1070
f 2482/3804/1070 2457/3816/1070 2460/3815/1070
f 2479/3805/1070 2455/3817/1070 2457/3816/1070
f 2477/3806/1070 2453/3818/1070 2455/3817/1070
f 2475/3807/1070 2451/3819/1070 2453/3818/1070
f 2474/3808/1070 2450/3820/1070 2451/3819/1070
f 2450/3820/1070 3132/3810/1070 3133/3821/1070
f 2311/3812/1069 2443/3822/1069 2308/3823/1069
f 2466/3811/1069 2441/3824/1069 2443/3822/1069
f 2464/3813/1069 2440/3825/1069 2441/3824/1069
f 2461/3814/1069 2438/3826/1069 2440/3825/1069
f 2460/3815/1069 2435/3827/1069 2438/3826/1069
f 2457/3816/1069 2433/3828/1069 2435/3827/1069
f 2455/3817/1069 2431/3829/1069 2433/3828/1069
f 2453/3818/1069 2429/3830/1069 2431/3829/1069
f 2451/3819/1069 2427/3831/1069 2429/3830/1069
f 2427/3831/1069 3133/3821/1069 3130/3832/1069
f 2308/3823/1068 2402/3833/1068 2305/3834/1068
f 2443/3822/1068 2404/3835/1068 2402/3833/1068
f 2441/3824/1068 2406/3836/1068 2404/3835/1068
f 2440/3825/1068 2408/3837/1068 2406/3836/1068
f 2438/3826/1068 2409/3838/1068 2408/3837/1068
f 2435/3827/1068 2411/3839/1068 2409/3838/1068
f 2433/3828/1068 2414/3840/1068 2411/3839/1068
f 2431/3829/1068 2416/3841/1068 2414/3840/1068
f 2429/3830/1068 2418/3842/1068 2416/3841/1068
f 2418/3842/1068 3130/3832/1068 3107/3843/1068
f 3179/3328/1084 3164/3844/1084 3181/3286/1084
f 3188/3845/1083 3181/3286/1083 3180/3846/1083
f 3197/3847/1081 3180/3846/1081 3199/3848/1081
f 3144/3849/1080 3199/3848/1080 3150/3188/1080
f 3142/3272/1079 3150/3188/1079 3143/3187/1079
f 3167/3850/1078 3143/3187/1078 3176/3851/1078
f 3156/3852/1077 3176/3851/1077 3162/3451/1077
f 3154/3202/1076 3162/3451/1076 3155/3216/1076
f 3185/3314/1075 3155/3216/1075 3190/3425/1075
f 3183/3315/1074 3190/3425/1074 3184/3355/1074
f 3196/3396/1073 3184/3355/1073 3198/3853/1073
f 3139/3300/1072 3198/3853/1072 3174/3230/1072
f 3137/3854/1071 3174/3230/1071 3138/3229/1071
f 3191/3410/1070 3138/3229/1070 3187/3144/1070
f 3151/3411/1069 3187/3144/1069 3146/3040/1069
f 3149/3477/1068 3146/3040/1068 3145/3039/1068
f 3177/3478/1067 3145/3039/1067 3169/3438/1067
f 3175/3855/1066 3169/3438/1066 3168/3369/1066
f 3194/3856/1065 3168/3369/1065 3192/3086/1065
f 3161/3857/1064 3192/3086/1064 3153/3085/1064
f 3160/3858/1063 3153/3085/1063 3152/3259/1063
f 3189/3159/1062 3152/3259/1062 3182/3258/1062
f 3148/3859/1061 3182/3258/1061 3141/3860/1061
f 3147/3861/1060 3141/3860/1060 3140/3862/1060
f 3172/3054/1059 3140/3862/1059 3178/3863/1059
f 3170/3115/1058 3178/3863/1058 3171/3864/1058
f 3193/3173/1057 3171/3864/1057 3195/3865/1057
f 3159/3866/1056 3195/3865/1056 3163/3867/1056
f 3157/3868/1055 3163/3867/1055 3158/3070/1055
f 3186/3869/1054 3158/3070/1054 3200/3069/1054
f 3173/3870/1053 3200/3069/1053 3166/3101/1053
f 3165/3464/1052 3166/3101/1052 3164/3871/1052
f 2687/2965/1082 3161/3857/1082 2665/2963/1082
f 3040/3067/1085 3150/3188/1085 3199/3848/1085
f 2467/2945/1082 3186/3869/1082 2445/2943/1082
f 2819/2977/1082 3139/3300/1082 3137/3854/1082
f 2599/2957/1082 3147/3861/1082 2577/2955/1082
f 2511/2949/1082 3159/3866/1082 2489/2947/1082
f 2973/2991/1082 3142/3272/1082 3167/3850/1082
f 2775/2973/1082 3149/3477/1082 2753/2971/1082
f 3040/3067/1085 3180/3846/1085 3062/3053/1085
f 2643/2961/1082 3161/3857/1082 3160/3858/1082
f 2621/2959/1082 3148/3859/1082 2599/2957/1082
f 2974/3114/1085 3162/3451/1085 3176/3851/1085
f 2578/3368/1085 3178/3863/1085 3140/3862/1085
f 2512/3409/1085 3163/3867/1085 3195/3865/1085
f 3039/2997/1082 3144/3849/1082 3017/2995/1082
f 2490/3424/1085 3158/3070/1085 3163/3867/1085
f 2819/2977/1082 3191/3410/1082 2797/2975/1082
f 2731/2969/1082 3175/3855/1082 2709/2967/1082
f 3061/2999/1082 3179/3328/1082 3188/3845/1082
f 2578/3368/1085 3141/3860/1085 2600/3354/1085
f 2709/2967/1082 3194/3856/1082 2687/2965/1082
f 3084/3287/1085 3164/3844/1085 2421/3037/1085
f 3039/2997/1082 3188/3845/1082 3197/3847/1082
f 2622/3341/1085 3141/3860/1085 3182/3258/1085
f 2820/3215/1085 3187/3144/1085 3138/3229/1085
f 2973/2991/1082 3156/3852/1082 2951/2989/1082
f 2842/3201/1085 3198/3853/1085 2864/3186/1085
f 2512/3409/1085 3171/3864/1085 2534/3395/1085
f 2644/3257/1085 3153/3085/1085 2666/3313/1085
f 2445/2943/1082 3173/3870/1082 2423/2940/1082
f 2489/2947/1082 3157/3868/1082 2467/2945/1082
f 2534/3395/1085 3178/3863/1085 2556/3382/1085
f 3202/3872/1052 3295/3873/1052 3294/3874/1052
f 3204/3875/1053 3325/3876/1053 3295/3873/1053
f 3206/3877/1054 3355/3878/1054 3325/3876/1054
f 3208/3879/1055 3385/3880/1055 3355/3878/1055
f 3210/3881/1056 3415/3882/1056 3385/3880/1056
f 3212/3883/1057 3445/3884/1057 3415/3882/1057
f 3214/3885/1058 3475/3886/1058 3445/3884/1058
f 3216/3887/1059 3505/3888/1059 3475/3886/1059
f 3218/3889/1060 3535/3890/1060 3505/3888/1060
f 3220/3891/1061 3565/3892/1061 3535/3890/1061
f 3222/3893/1062 3595/3894/1062 3565/3892/1062
f 3224/3895/1063 3625/3896/1063 3595/3894/1063
f 3226/3897/1064 3655/3898/1064 3625/3896/1064
f 3228/3899/1065 3685/3900/1065 3655/3898/1065
f 3230/3901/1066 3715/3902/1066 3685/3900/1066
f 3232/3903/1067 3745/3904/1067 3715/3902/1067
f 3234/3905/1068 3775/3906/1068 3745/3904/1068
f 3236/3907/1069 3805/3908/1069 3775/3906/1069
f 3238/3909/1070 3835/3910/1070 3805/3908/1070
f 3240/3911/1071 3865/3912/1071 3835/3910/1071
f 3242/3913/1072 3895/3914/1072 3865/3912/1072
f 3244/3915/1073 3925/3916/1073 3895/3914/1073
f 3246/3917/1074 3955/3918/1074 3925/3916/1074
f 3248/3919/1075 3985/3920/1075 3955/3918/1075
f 3250/3921/1076 4015/3922/1076 3985/3920/1076
f 3252/3923/1077 4045/3924/1077 4015/3922/1077
f 3254/3925/1078 4075/3926/1078 4045/3924/1078
f 3256/3927/1079 4105/3928/1079 4075/3926/1079
f 3258/3929/1080 4135/3930/1080 4105/3928/1080
f 3260/3931/1081 4165/3932/1081 4135/3930/1081
f 3206/3933/1082 3254/3934/1082 3238/3935/1082
f 3262/3936/1083 4195/3937/1083 4165/3932/1083
f 4195/3937/1084 3202/3938/1084 3294/3939/1084
f 3231/3940/1085 3247/3941/1085 3263/3942/1085
f 4224/3943/1084 3201/3944/1084 3263/3945/1084
f 4223/3946/1084 3265/3947/1084 4224/3943/1084
f 4222/3948/1084 3266/3949/1084 4223/3946/1084
f 4221/3950/1084 3267/3951/1084 4222/3948/1084
f 4220/3952/1084 3268/3953/1084 4221/3950/1084
f 4220/3952/1084 3270/3954/1084 3269/3955/1084
f 4219/3956/1084 3271/3957/1084 3270/3954/1084
f 4218/3958/1084 3272/3959/1084 3271/3957/1084
f 4217/3960/1084 3273/3961/1084 3272/3959/1084
f 4216/3962/1084 3274/3963/1084 3273/3961/1084
f 4005/3964/1085 4336/3965/1085 4338/3966/1085
f 4214/3967/1084 3276/3968/1084 3275/3969/1084
f 4212/3970/1084 3276/3968/1084 4213/3971/1084
f 4211/3972/1084 3277/3973/1084 4212/3970/1084
f 4211/3972/1084 3279/3974/1084 3278/3975/1084
f 4210/3976/1084 3280/3977/1084 3279/3974/1084
f 4209/3978/1084 3281/3979/1084 3280/3977/1084
f 4207/3980/1084 3281/3979/1084 4208/3981/1084
f 4206/3982/1084 3282/3983/1084 4207/3980/1084
f 3636/3984/1085 4252/3985/1085 3666/3986/1085
f 4204/3987/1084 3284/3988/1084 4205/3989/1084
f 4204/3987/1084 3286/3990/1084 3285/3991/1084
f 4203/3992/1084 3287/3993/1084 3286/3990/1084
f 4202/3994/1084 3288/3995/1084 3287/3993/1084
f 4201/3996/1084 3289/3997/1084 3288/3995/1084
f 4200/3998/1084 3290/3999/1084 3289/3997/1084
f 4199/4000/1084 3291/4001/1084 3290/3999/1084
f 4198/4002/1084 3292/4003/1084 3291/4001/1084
f 3326/4004/1082 4355/4005/1082 3296/4006/1082
f 4196/4007/1084 3294/3939/1084 3293/4008/1084
f 4194/4009/1083 3263/3945/1083 3261/4010/1083
f 4193/4011/1083 4224/3943/1083 4194/4009/1083
f 4192/4012/1083 4223/3946/1083 4193/4011/1083
f 4191/4013/1083 4222/3948/1083 4192/4012/1083
f 4190/4014/1083 4221/3950/1083 4191/4013/1083
f 4189/4015/1083 4220/3952/1083 4190/4014/1083
f 4188/4016/1083 4219/3956/1083 4189/4015/1083
f 4187/4017/1083 4218/3958/1083 4188/4016/1083
f 4186/4018/1083 4217/3960/1083 4187/4017/1083
f 4185/4019/1083 4216/3962/1083 4186/4018/1083
f 4215/4020/1085 4350/4021/1085 4352/4022/1085
f 4183/4023/1083 4214/3967/1083 4184/4024/1083
f 4182/4025/1083 4213/3971/1083 4183/4023/1083
f 4181/4026/1083 4212/3970/1083 4182/4025/1083
f 4180/4027/1083 4211/3972/1083 4181/4026/1083
f 4179/4028/1083 4210/3976/1083 4180/4027/1083
f 4178/4029/1083 4209/3978/1083 4179/4028/1083
f 4177/4030/1083 4208/3981/1083 4178/4029/1083
f 4176/4031/1083 4207/3980/1083 4177/4030/1083
f 4085/4032/1082 4277/4033/1082 4055/4034/1082
f 4174/4035/1083 4205/3989/1083 4175/4036/1083
f 4173/4037/1083 4204/3987/1083 4174/4035/1083
f 4172/4038/1083 4203/3992/1083 4173/4037/1083
f 4171/4039/1083 4202/3994/1083 4172/4038/1083
f 4170/4040/1083 4201/3996/1083 4171/4039/1083
f 4169/4041/1083 4200/3998/1083 4170/4040/1083
f 4168/4042/1083 4199/4000/1083 4169/4041/1083
f 4167/4043/1083 4198/4002/1083 4168/4042/1083
f 3506/4044/1082 4371/4045/1082 4369/4046/1082
f 4165/3932/1083 4196/4007/1083 4166/4047/1083
f 4164/4048/1081 3261/4010/1081 3259/4049/1081
f 4163/4050/1081 4194/4009/1081 4164/4048/1081
f 4162/4051/1081 4193/4011/1081 4163/4050/1081
f 4161/4052/1081 4192/4012/1081 4162/4051/1081
f 4160/4053/1081 4191/4013/1081 4161/4052/1081
f 4159/4054/1081 4190/4014/1081 4160/4053/1081
f 4158/4055/1081 4189/4015/1081 4159/4054/1081
f 4157/4056/1081 4188/4016/1081 4158/4055/1081
f 4156/4057/1081 4187/4017/1081 4157/4056/1081
f 4155/4058/1081 4186/4018/1081 4156/4057/1081
f 3374/4059/1082 4297/4060/1082 4295/4061/1082
f 4153/4062/1081 4184/4024/1081 4154/4063/1081
f 4152/4064/1081 4183/4023/1081 4153/4062/1081
f 4151/4065/1081 4182/4025/1081 4152/4064/1081
f 4150/4066/1081 4181/4026/1081 4151/4065/1081
f 4149/4067/1081 4180/4027/1081 4150/4066/1081
f 4148/4068/1081 4179/4028/1081 4149/4067/1081
f 4147/4069/1081 4178/4029/1081 4148/4068/1081
f 4146/4070/1081 4177/4030/1081 4147/4069/1081
f 3846/4071/1085 4266/4072/1085 3876/4073/1085
f 4144/4074/1081 4175/4036/1081 4145/4075/1081
f 4143/4076/1081 4174/4035/1081 4144/4074/1081
f 4142/4077/1081 4173/4037/1081 4143/4076/1081
f 4141/4078/1081 4172/4038/1081 4142/4077/1081
f 4140/4079/1081 4171/4039/1081 4141/4078/1081
f 4139/4080/1081 4170/4040/1081 4140/4079/1081
f 4138/4081/1081 4169/4041/1081 4139/4080/1081
f 4137/4082/1081 4168/4042/1081 4138/4081/1081
f 3327/4083/1085 4356/4084/1085 4358/4085/1085
f 4135/3930/1081 4166/4047/1081 4136/4086/1081
f 4134/4087/1080 3259/4049/1080 3257/4088/1080
f 4133/4089/1080 4164/4048/1080 4134/4087/1080
f 4132/4090/1080 4163/4050/1080 4133/4089/1080
f 4131/4091/1080 4162/4051/1080 4132/4090/1080
f 4130/4092/1080 4161/4052/1080 4131/4091/1080
f 4129/4093/1080 4160/4053/1080 4130/4092/1080
f 4128/4094/1080 4159/4054/1080 4129/4093/1080
f 4127/4095/1080 4158/4055/1080 4128/4094/1080
f 4126/4096/1080 4157/4056/1080 4127/4095/1080
f 4125/4097/1080 4156/4057/1080 4126/4096/1080
f 3584/4098/1082 4311/4099/1082 4309/4100/1082
f 4123/4101/1080 4154/4063/1080 4124/4102/1080
f 4122/4103/1080 4153/4062/1080 4123/4101/1080
f 4121/4104/1080 4152/4064/1080 4122/4103/1080
f 4120/4105/1080 4151/4065/1080 4121/4104/1080
f 4119/4106/1080 4150/4066/1080 4120/4105/1080
f 4118/4107/1080 4149/4067/1080 4119/4106/1080
f 4117/4108/1080 4148/4068/1080 4118/4107/1080
f 4116/4109/1080 4147/4069/1080 4117/4108/1080
f 4056/4110/1085 4280/4111/1085 4086/4112/1085
f 4114/4113/1080 4145/4075/1080 4115/4114/1080
f 4113/4115/1080 4144/4074/1080 4114/4113/1080
f 4112/4116/1080 4143/4076/1080 4113/4115/1080
f 4111/4117/1080 4142/4077/1080 4112/4116/1080
f 4110/4118/1080 4141/4078/1080 4111/4117/1080
f 4109/4119/1080 4140/4079/1080 4110/4118/1080
f 4108/4120/1080 4139/4080/1080 4109/4119/1080
f 4107/4121/1080 4138/4081/1080 4108/4120/1080
f 3746/4122/1082 4383/4123/1082 3716/4124/1082
f 4105/3928/1080 4136/4086/1080 4106/4125/1080
f 4104/4126/1079 3257/4088/1079 3255/4127/1079
f 4103/4128/1079 4134/4087/1079 4104/4126/1079
f 4102/4129/1079 4133/4089/1079 4103/4128/1079
f 4101/4130/1079 4132/4090/1079 4102/4129/1079
f 4100/4131/1079 4131/4091/1079 4101/4130/1079
f 4099/4132/1079 4130/4092/1079 4100/4131/1079
f 4098/4133/1079 4129/4093/1079 4099/4132/1079
f 4097/4134/1079 4128/4094/1079 4098/4133/1079
f 4096/4135/1079 4127/4095/1079 4097/4134/1079
f 4095/4136/1079 4126/4096/1079 4096/4135/1079
f 3405/4137/1085 4296/4138/1085 4298/4139/1085
f 4093/4140/1079 4124/4102/1079 4094/4141/1079
f 4092/4142/1079 4123/4101/1079 4093/4140/1079
f 4091/4143/1079 4122/4103/1079 4092/4142/1079
f 4090/4144/1079 4121/4104/1079 4091/4143/1079
f 4089/4145/1079 4120/4105/1079 4090/4144/1079
f 4088/4146/1079 4119/4106/1079 4089/4145/1079
f 4087/4147/1079 4118/4107/1079 4088/4146/1079
f 4086/4112/1079 4117/4108/1079 4087/4147/1079
f 3455/4148/1082 4239/4149/1082 4237/4150/1082
f 4084/4151/1079 4115/4114/1079 4085/4032/1079
f 4083/4152/1079 4114/4113/1079 4084/4151/1079
f 4082/4153/1079 4113/4115/1079 4083/4152/1079
f 4081/4154/1079 4112/4116/1079 4082/4153/1079
f 4080/4155/1079 4111/4117/1079 4081/4154/1079
f 4079/4156/1079 4110/4118/1079 4080/4155/1079
f 4078/4157/1079 4109/4119/1079 4079/4156/1079
f 4077/4158/1079 4108/4120/1079 4078/4157/1079
f 3507/4159/1085 4372/4160/1085 3537/4161/1085
f 4075/3926/1079 4106/4125/1079 4076/4162/1079
f 4074/4163/1078 3255/4127/1078 3253/4164/1078
f 4073/4165/1078 4104/4126/1078 4074/4163/1078
f 4072/4166/1078 4103/4128/1078 4073/4165/1078
f 4071/4167/1078 4102/4129/1078 4072/4166/1078
f 4070/4168/1078 4101/4130/1078 4071/4167/1078
f 4069/4169/1078 4100/4131/1078 4070/4168/1078
f 4068/4170/1078 4099/4132/1078 4069/4169/1078
f 4067/4171/1078 4098/4133/1078 4068/4170/1078
f 4066/4172/1078 4097/4134/1078 4067/4171/1078
f 4065/4173/1078 4096/4135/1078 4066/4172/1078
f 3794/4174/1082 4325/4175/1082 4323/4176/1082
f 4063/4177/1078 4094/4141/1078 4064/4178/1078
f 4062/4179/1078 4093/4140/1078 4063/4177/1078
f 4061/4180/1078 4092/4142/1078 4062/4179/1078
f 4060/4181/1078 4091/4143/1078 4061/4180/1078
f 4059/4182/1078 4090/4144/1078 4060/4181/1078
f 4058/4183/1078 4089/4145/1078 4059/4182/1078
f 4057/4184/1078 4088/4146/1078 4058/4183/1078
f 4056/4110/1078 4087/4147/1078 4057/4184/1078
f 3695/4185/1082 4251/4186/1082 3665/4187/1082
f 4054/4188/1078 4085/4032/1078 4055/4034/1078
f 4053/4189/1078 4084/4151/1078 4054/4188/1078
f 4052/4190/1078 4083/4152/1078 4053/4189/1078
f 4051/4191/1078 4082/4153/1078 4052/4190/1078
f 4050/4192/1078 4081/4154/1078 4051/4191/1078
f 4049/4193/1078 4080/4155/1078 4050/4192/1078
f 4048/4194/1078 4079/4156/1078 4049/4193/1078
f 4047/4195/1078 4078/4157/1078 4048/4194/1078
f 3926/4196/1082 4399/4197/1082 4397/4198/1082
f 4045/3924/1078 4076/4162/1078 4046/4199/1078
f 4044/4200/1077 3253/4164/1077 3251/4201/1077
f 4043/4202/1077 4074/4163/1077 4044/4200/1077
f 4042/4203/1077 4073/4165/1077 4043/4202/1077
f 4041/4204/1077 4072/4166/1077 4042/4203/1077
f 4040/4205/1077 4071/4167/1077 4041/4204/1077
f 4039/4206/1077 4070/4168/1077 4040/4205/1077
f 4038/4207/1077 4069/4169/1077 4039/4206/1077
f 4037/4208/1077 4068/4170/1077 4038/4207/1077
f 4036/4209/1077 4067/4171/1077 4037/4208/1077
f 4035/4210/1077 4066/4172/1077 4036/4209/1077
f 3615/4211/1085 4310/4212/1085 4312/4213/1085
f 4033/4214/1077 4064/4178/1077 4034/4215/1077
f 4032/4216/1077 4063/4177/1077 4033/4214/1077
f 4031/4217/1077 4062/4179/1077 4032/4216/1077
f 4030/4218/1077 4061/4180/1077 4031/4217/1077
f 4029/4219/1077 4060/4181/1077 4030/4218/1077
f 4028/4220/1077 4059/4182/1077 4029/4219/1077
f 4027/4221/1077 4058/4183/1077 4028/4220/1077
f 4026/4222/1077 4057/4184/1077 4027/4221/1077
f 3456/4223/1085 4240/4224/1085 3486/4225/1085
f 4024/4226/1077 4055/4034/1077 4025/4227/1077
f 4023/4228/1077 4054/4188/1077 4024/4226/1077
f 4022/4229/1077 4053/4189/1077 4023/4228/1077
f 4021/4230/1077 4052/4190/1077 4022/4229/1077
f 4020/4231/1077 4051/4191/1077 4021/4230/1077
f 4019/4232/1077 4050/4192/1077 4020/4231/1077
f 4018/4233/1077 4049/4193/1077 4019/4232/1077
f 4017/4234/1077 4048/4194/1077 4018/4233/1077
f 4136/4086/1082 4413/4235/1082 4411/4236/1082
f 4015/3922/1077 4046/4199/1077 4016/4237/1077
f 4014/4238/1076 3251/4201/1076 3249/4239/1076
f 4013/4240/1076 4044/4200/1076 4014/4238/1076
f 4012/4241/1076 4043/4202/1076 4013/4240/1076
f 4011/4242/1076 4042/4203/1076 4012/4241/1076
f 4010/4243/1076 4041/4204/1076 4011/4242/1076
f 4009/4244/1076 4040/4205/1076 4010/4243/1076
f 4008/4245/1076 4039/4206/1076 4009/4244/1076
f 4007/4246/1076 4038/4207/1076 4008/4245/1076
f 4006/4247/1076 4037/4208/1076 4007/4246/1076
f 4005/3964/1076 4036/4209/1076 4006/4247/1076
f 4004/4248/1082 4339/4249/1082 4337/4250/1082
f 4003/4251/1076 4034/4215/1076 4004/4248/1076
f 4002/4252/1076 4033/4214/1076 4003/4251/1076
f 4001/4253/1076 4032/4216/1076 4002/4252/1076
f 4000/4254/1076 4031/4217/1076 4001/4253/1076
f 3999/4255/1076 4030/4218/1076 4000/4254/1076
f 3998/4256/1076 4029/4219/1076 3999/4255/1076
f 3997/4257/1076 4028/4220/1076 3998/4256/1076
f 3996/4258/1076 4027/4221/1076 3997/4257/1076
f 3875/4259/1082 4267/4260/1082 4265/4261/1082
f 3994/4262/1076 4025/4227/1076 3995/4263/1076
f 3993/4264/1076 4024/4226/1076 3994/4262/1076
f 3992/4265/1076 4023/4228/1076 3993/4264/1076
f 3991/4266/1076 4022/4229/1076 3992/4265/1076
f 3990/4267/1076 4021/4230/1076 3991/4266/1076
f 3989/4268/1076 4020/4231/1076 3990/4267/1076
f 3988/4269/1076 4019/4232/1076 3989/4268/1076
f 3987/4270/1076 4018/4233/1076 3988/4269/1076
f 3717/4271/1085 4386/4272/1085 3747/4273/1085
f 3985/3920/1076 4016/4237/1076 3986/4274/1076
f 3984/4275/1075 3249/4239/1075 3247/4276/1075
f 3983/4277/1075 4014/4238/1075 3984/4275/1075
f 3982/4278/1075 4013/4240/1075 3983/4277/1075
f 3981/4279/1075 4012/4241/1075 3982/4278/1075
f 3980/4280/1075 4011/4242/1075 3981/4279/1075
f 3979/4281/1075 4010/4243/1075 3980/4280/1075
f 3978/4282/1075 4009/4244/1075 3979/4281/1075
f 3977/4283/1075 4008/4245/1075 3978/4282/1075
f 3976/4284/1075 4007/4246/1075 3977/4283/1075
f 3975/4285/1075 4006/4247/1075 3976/4284/1075
f 4214/3967/1082 4290/4286/1082 4351/4287/1082
f 3973/4288/1075 4004/4248/1075 3974/4289/1075
f 3972/4290/1075 4003/4251/1075 3973/4288/1075
f 3971/4291/1075 4002/4252/1075 3972/4290/1075
f 3970/4292/1075 4001/4253/1075 3971/4291/1075
f 3969/4293/1075 4000/4254/1075 3970/4292/1075
f 3968/4294/1075 3999/4255/1075 3969/4293/1075
f 3967/4295/1075 3998/4256/1075 3968/4294/1075
f 3966/4296/1075 3997/4257/1075 3967/4295/1075
f 4115/4114/1082 4279/4297/1082 4085/4032/1082
f 3964/4298/1075 3995/4263/1075 3965/4299/1075
f 3963/4300/1075 3994/4262/1075 3964/4298/1075
f 3962/4301/1075 3993/4264/1075 3963/4300/1075
f 3961/4302/1075 3992/4265/1075 3962/4301/1075
f 3960/4303/1075 3991/4266/1075 3961/4302/1075
f 3959/4304/1075 3990/4267/1075 3960/4303/1075
f 3958/4305/1075 3989/4268/1075 3959/4304/1075
f 3957/4306/1075 3988/4269/1075 3958/4305/1075
f 3927/4307/1085 4400/4308/1085 3957/4306/1085
f 3955/3918/1075 3986/4274/1075 3956/4309/1075
f 3954/4310/1074 3247/4276/1074 3245/4311/1074
f 3953/4312/1074 3984/4275/1074 3954/4310/1074
f 3952/4313/1074 3983/4277/1074 3953/4312/1074
f 3951/4314/1074 3982/4278/1074 3952/4313/1074
f 3950/4315/1074 3981/4279/1074 3951/4314/1074
f 3949/4316/1074 3980/4280/1074 3950/4315/1074
f 3948/4317/1074 3979/4281/1074 3949/4316/1074
f 3947/4318/1074 3978/4282/1074 3948/4317/1074
f 3946/4319/1074 3977/4283/1074 3947/4318/1074
f 3945/4320/1074 3976/4284/1074 3946/4319/1074
f 3825/4321/1085 4324/4322/1085 4326/4323/1085
f 3943/4324/1074 3974/4289/1074 3944/4325/1074
f 3942/4326/1074 3973/4288/1074 3943/4324/1074
f 3941/4327/1074 3972/4290/1074 3942/4326/1074
f 3940/4328/1074 3971/4291/1074 3941/4327/1074
f 3939/4329/1074 3970/4292/1074 3940/4328/1074
f 3938/4330/1074 3969/4293/1074 3939/4329/1074
f 3937/4331/1074 3968/4294/1074 3938/4330/1074
f 3936/4332/1074 3967/4295/1074 3937/4331/1074
f 3666/3986/1085 4254/4333/1085 3696/4334/1085
f 3934/4335/1074 3965/4299/1074 3935/4336/1074
f 3933/4337/1074 3964/4298/1074 3934/4335/1074
f 3932/4338/1074 3963/4300/1074 3933/4337/1074
f 3931/4339/1074 3962/4301/1074 3932/4338/1074
f 3930/4340/1074 3961/4302/1074 3931/4339/1074
f 3929/4341/1074 3960/4303/1074 3930/4340/1074
f 3928/4342/1074 3959/4304/1074 3929/4341/1074
f 3927/4307/1074 3958/4305/1074 3928/4342/1074
f 4137/4082/1085 4414/4343/1085 4167/4043/1085
f 3925/3916/1074 3956/4309/1074 3926/4196/1074
f 3924/4344/1073 3245/4311/1073 3243/4345/1073
f 3923/4346/1073 3954/4310/1073 3924/4344/1073
f 3922/4347/1073 3953/4312/1073 3923/4346/1073
f 3921/4348/1073 3952/4313/1073 3922/4347/1073
f 3920/4349/1073 3951/4314/1073 3921/4348/1073
f 3919/4350/1073 3950/4315/1073 3920/4349/1073
f 3918/4351/1073 3949/4316/1073 3919/4350/1073
f 3917/4352/1073 3948/4317/1073 3918/4351/1073
f 3916/4353/1073 3947/4318/1073 3917/4352/1073
f 3915/4354/1073 3946/4319/1073 3916/4353/1073
f 4035/4210/1085 4338/3966/1085 4340/4355/1085
f 3913/4356/1073 3944/4325/1073 3914/4357/1073
f 3912/4358/1073 3943/4324/1073 3913/4356/1073
f 3911/4359/1073 3942/4326/1073 3912/4358/1073
f 3910/4360/1073 3941/4327/1073 3911/4359/1073
f 3909/4361/1073 3940/4328/1073 3910/4360/1073
f 3908/4362/1073 3939/4329/1073 3909/4361/1073
f 3907/4363/1073 3938/4330/1073 3908/4362/1073
f 3906/4364/1073 3937/4331/1073 3907/4363/1073
f 3876/4073/1085 4268/4365/1085 3906/4364/1085
f 3904/4366/1073 3935/4336/1073 3905/4367/1073
f 3903/4368/1073 3934/4335/1073 3904/4366/1073
f 3902/4369/1073 3933/4337/1073 3903/4368/1073
f 3901/4370/1073 3932/4338/1073 3902/4369/1073
f 3900/4371/1073 3931/4339/1073 3901/4370/1073
f 3899/4372/1073 3930/4340/1073 3900/4371/1073
f 3898/4373/1073 3929/4341/1073 3899/4372/1073
f 3897/4374/1073 3928/4342/1073 3898/4373/1073
f 3356/4375/1082 4357/4376/1082 3326/4004/1082
f 3895/3914/1073 3926/4196/1073 3896/4377/1073
f 3894/4378/1072 3243/4345/1072 3241/4379/1072
f 3893/4380/1072 3924/4344/1072 3894/4378/1072
f 3892/4381/1072 3923/4346/1072 3893/4380/1072
f 3891/4382/1072 3922/4347/1072 3892/4381/1072
f 3890/4383/1072 3921/4348/1072 3891/4382/1072
f 3889/4384/1072 3920/4349/1072 3890/4383/1072
f 3888/4385/1072 3919/4350/1072 3889/4384/1072
f 3887/4386/1072 3918/4351/1072 3888/4385/1072
f 3886/4387/1072 3917/4352/1072 3887/4386/1072
f 3885/4388/1072 3916/4353/1072 3886/4387/1072
f 3274/3963/1085 4352/4022/1085 4289/4389/1085
f 3883/4390/1072 3914/4357/1072 3884/4391/1072
f 3882/4392/1072 3913/4356/1072 3883/4390/1072
f 3881/4393/1072 3912/4358/1072 3882/4392/1072
f 3880/4394/1072 3911/4359/1072 3881/4393/1072
f 3879/4395/1072 3910/4360/1072 3880/4394/1072
f 3878/4396/1072 3909/4361/1072 3879/4395/1072
f 3877/4397/1072 3908/4362/1072 3878/4396/1072
f 3876/4073/1072 3907/4363/1072 3877/4397/1072
f 4116/4109/1085 4280/4111/1085 4282/4398/1085
f 3874/4399/1072 3905/4367/1072 3875/4259/1072
f 3873/4400/1072 3904/4366/1072 3874/4399/1072
f 3872/4401/1072 3903/4368/1072 3873/4400/1072
f 3871/4402/1072 3902/4369/1072 3872/4401/1072
f 3870/4403/1072 3901/4370/1072 3871/4402/1072
f 3869/4404/1072 3900/4371/1072 3870/4403/1072
f 3868/4405/1072 3899/4372/1072 3869/4404/1072
f 3867/4406/1072 3898/4373/1072 3868/4405/1072
f 3566/4407/1082 4371/4045/1082 3536/4408/1082
f 3865/3912/1072 3896/4377/1072 3866/4409/1072
f 3864/4410/1071 3241/4379/1071 3239/4411/1071
f 3863/4412/1071 3894/4378/1071 3864/4410/1071
f 3862/4413/1071 3893/4380/1071 3863/4412/1071
f 3861/4414/1071 3892/4381/1071 3862/4413/1071
f 3860/4415/1071 3891/4382/1071 3861/4414/1071
f 3859/4416/1071 3890/4383/1071 3860/4415/1071
f 3858/4417/1071 3889/4384/1071 3859/4416/1071
f 3857/4418/1071 3888/4385/1071 3858/4417/1071
f 3856/4419/1071 3887/4386/1071 3857/4418/1071
f 3855/4420/1071 3886/4387/1071 3856/4419/1071
f 3404/4421/1082 4299/4422/1082 4297/4060/1082
f 3853/4423/1071 3884/4391/1071 3854/4424/1071
f 3852/4425/1071 3883/4390/1071 3853/4423/1071
f 3851/4426/1071 3882/4392/1071 3852/4425/1071
f 3850/4427/1071 3881/4393/1071 3851/4426/1071
f 3849/4428/1071 3880/4394/1071 3850/4427/1071
f 3848/4429/1071 3879/4395/1071 3849/4428/1071
f 3847/4430/1071 3878/4396/1071 3848/4429/1071
f 3846/4071/1071 3877/4397/1071 3847/4430/1071
f 3284/4431/1082 4227/4432/1082 4226/4433/1082
f 3844/4434/1071 3875/4259/1071 3845/4435/1071
f 3843/4436/1071 3874/4399/1071 3844/4434/1071
f 3842/4437/1071 3873/4400/1071 3843/4436/1071
f 3841/4438/1071 3872/4401/1071 3842/4437/1071
f 3840/4439/1071 3871/4402/1071 3841/4438/1071
f 3839/4440/1071 3870/4403/1071 3840/4439/1071
f 3838/4441/1071 3869/4404/1071 3839/4440/1071
f 3837/4442/1071 3868/4405/1071 3838/4441/1071
f 3357/4443/1085 4358/4085/1085 4360/4444/1085
f 3835/3910/1071 3866/4409/1071 3836/4445/1071
f 3834/4446/1070 3239/4411/1070 3237/4447/1070
f 3833/4448/1070 3864/4410/1070 3834/4446/1070
f 3832/4449/1070 3863/4412/1070 3833/4448/1070
f 3831/4450/1070 3862/4413/1070 3832/4449/1070
f 3830/4451/1070 3861/4414/1070 3831/4450/1070
f 3829/4452/1070 3860/4415/1070 3830/4451/1070
f 3828/4453/1070 3859/4416/1070 3829/4452/1070
f 3827/4454/1070 3858/4417/1070 3828/4453/1070
f 3826/4455/1070 3857/4418/1070 3827/4454/1070
f 3825/4321/1070 3856/4419/1070 3826/4455/1070
f 3614/4456/1082 4313/4457/1082 4311/4099/1082
f 3823/4458/1070 3854/4424/1070 3824/4459/1070
f 3822/4460/1070 3853/4423/1070 3823/4458/1070
f 3821/4461/1070 3852/4425/1070 3822/4460/1070
f 3820/4462/1070 3851/4426/1070 3821/4461/1070
f 3819/4463/1070 3850/4427/1070 3820/4462/1070
f 3818/4464/1070 3849/4428/1070 3819/4463/1070
f 3817/4465/1070 3848/4429/1070 3818/4464/1070
f 3816/4466/1070 3847/4430/1070 3817/4465/1070
f 3515/4467/1082 4239/4149/1082 3485/4468/1082
f 3814/4469/1070 3845/4435/1070 3815/4470/1070
f 3813/4471/1070 3844/4434/1070 3814/4469/1070
f 3812/4472/1070 3843/4436/1070 3813/4471/1070
f 3811/4473/1070 3842/4437/1070 3812/4472/1070
f 3810/4474/1070 3841/4438/1070 3811/4473/1070
f 3809/4475/1070 3840/4439/1070 3810/4474/1070
f 3808/4476/1070 3839/4440/1070 3809/4475/1070
f 3807/4477/1070 3838/4441/1070 3808/4476/1070
f 3776/4478/1082 4385/4479/1082 3746/4122/1082
f 3805/3908/1070 3836/4445/1070 3806/4480/1070
f 3804/4481/1069 3237/4447/1069 3235/4482/1069
f 3803/4483/1069 3834/4446/1069 3804/4481/1069
f 3802/4484/1069 3833/4448/1069 3803/4483/1069
f 3801/4485/1069 3832/4449/1069 3802/4484/1069
f 3800/4486/1069 3831/4450/1069 3801/4485/1069
f 3799/4487/1069 3830/4451/1069 3800/4486/1069
f 3798/4488/1069 3829/4452/1069 3799/4487/1069
f 3797/4489/1069 3828/4453/1069 3798/4488/1069
f 3796/4490/1069 3827/4454/1069 3797/4489/1069
f 3795/4491/1069 3826/4455/1069 3796/4490/1069
f 3435/4492/1085 4298/4139/1085 4300/4493/1085
f 3793/4494/1069 3824/4459/1069 3794/4174/1069
f 3792/4495/1069 3823/4458/1069 3793/4494/1069
f 3791/4496/1069 3822/4460/1069 3792/4495/1069
f 3790/4497/1069 3821/4461/1069 3791/4496/1069
f 3789/4498/1069 3820/4462/1069 3790/4497/1069
f 3788/4499/1069 3819/4463/1069 3789/4498/1069
f 3787/4500/1069 3818/4464/1069 3788/4499/1069
f 3786/4501/1069 3817/4465/1069 3787/4500/1069
f 3283/4502/1085 4228/4503/1085 3306/4504/1085
f 3784/4505/1069 3815/4470/1069 3785/4506/1069
f 3783/4507/1069 3814/4469/1069 3784/4505/1069
f 3782/4508/1069 3813/4471/1069 3783/4507/1069
f 3781/4509/1069 3812/4472/1069 3782/4508/1069
f 3780/4510/1069 3811/4473/1069 3781/4509/1069
f 3779/4511/1069 3810/4474/1069 3780/4510/1069
f 3778/4512/1069 3809/4475/1069 3779/4511/1069
f 3777/4513/1069 3808/4476/1069 3778/4512/1069
f 3567/4514/1085 4372/4160/1085 4374/4515/1085
f 3775/3906/1069 3806/4480/1069 3776/4478/1069
f 3774/4516/1068 3235/4482/1068 3233/4517/1068
f 3773/4518/1068 3804/4481/1068 3774/4516/1068
f 3772/4519/1068 3803/4483/1068 3773/4518/1068
f 3771/4520/1068 3802/4484/1068 3772/4519/1068
f 3770/4521/1068 3801/4485/1068 3771/4520/1068
f 3769/4522/1068 3800/4486/1068 3770/4521/1068
f 3768/4523/1068 3799/4487/1068 3769/4522/1068
f 3767/4524/1068 3798/4488/1068 3768/4523/1068
f 3766/4525/1068 3797/4489/1068 3767/4524/1068
f 3765/4526/1068 3796/4490/1068 3766/4525/1068
f 3824/4459/1082 4327/4527/1082 4325/4175/1082
f 3763/4528/1068 3794/4174/1068 3764/4529/1068
f 3762/4530/1068 3793/4494/1068 3763/4528/1068
f 3761/4531/1068 3792/4495/1068 3762/4530/1068
f 3760/4532/1068 3791/4496/1068 3761/4531/1068
f 3759/4533/1068 3790/4497/1068 3760/4532/1068
f 3758/4534/1068 3789/4498/1068 3759/4533/1068
f 3757/4535/1068 3788/4499/1068 3758/4534/1068
f 3756/4536/1068 3787/4500/1068 3757/4535/1068
f 3725/4537/1082 4253/4538/1082 3695/4185/1082
f 3754/4539/1068 3785/4506/1068 3755/4540/1068
f 3753/4541/1068 3784/4505/1068 3754/4539/1068
f 3752/4542/1068 3783/4507/1068 3753/4541/1068
f 3751/4543/1068 3782/4508/1068 3752/4542/1068
f 3750/4544/1068 3781/4509/1068 3751/4543/1068
f 3749/4545/1068 3780/4510/1068 3750/4544/1068
f 3748/4546/1068 3779/4511/1068 3749/4545/1068
f 3747/4273/1068 3778/4512/1068 3748/4546/1068
f 3986/4274/1082 4399/4197/1082 3956/4309/1082
f 3745/3904/1068 3776/4478/1068 3746/4122/1068
f 3744/4547/1067 3233/4517/1067 3231/4548/1067
f 3743/4549/1067 3774/4516/1067 3744/4547/1067
f 3742/4550/1067 3773/4518/1067 3743/4549/1067
f 3741/4551/1067 3772/4519/1067 3742/4550/1067
f 3740/4552/1067 3771/4520/1067 3741/4551/1067
f 3739/4553/1067 3770/4521/1067 3740/4552/1067
f 3738/4554/1067 3769/4522/1067 3739/4553/1067
f 3737/4555/1067 3768/4523/1067 3738/4554/1067
f 3736/4556/1067 3767/4524/1067 3737/4555/1067
f 3735/4557/1067 3766/4525/1067 3736/4556/1067
f 3645/4558/1085 4312/4213/1085 4314/4559/1085
f 3733/4560/1067 3764/4529/1067 3734/4561/1067
f 3732/4562/1067 3763/4528/1067 3733/4560/1067
f 3731/4563/1067 3762/4530/1067 3732/4562/1067
f 3730/4564/1067 3761/4531/1067 3731/4563/1067
f 3729/4565/1067 3760/4532/1067 3730/4564/1067
f 3728/4566/1067 3759/4533/1067 3729/4565/1067
f 3727/4567/1067 3758/4534/1067 3728/4566/1067
f 3726/4568/1067 3757/4535/1067 3727/4567/1067
f 3516/4569/1085 4240/4224/1085 4242/4570/1085
f 3724/4571/1067 3755/4540/1067 3725/4537/1067
f 3723/4572/1067 3754/4539/1067 3724/4571/1067
f 3722/4573/1067 3753/4541/1067 3723/4572/1067
f 3721/4574/1067 3752/4542/1067 3722/4573/1067
f 3720/4575/1067 3751/4543/1067 3721/4574/1067
f 3719/4576/1067 3750/4544/1067 3720/4575/1067
f 3718/4577/1067 3749/4545/1067 3719/4576/1067
f 3717/4271/1067 3748/4546/1067 3718/4577/1067
f 4196/4007/1082 4413/4235/1082 4166/4047/1082
f 3715/3902/1067 3746/4122/1067 3716/4124/1067
f 3714/4578/1066 3231/4548/1066 3229/4579/1066
f 3713/4580/1066 3744/4547/1066 3714/4578/1066
f 3712/4581/1066 3743/4549/1066 3713/4580/1066
f 3711/4582/1066 3742/4550/1066 3712/4581/1066
f 3710/4583/1066 3741/4551/1066 3711/4582/1066
f 3709/4584/1066 3740/4552/1066 3710/4583/1066
f 3708/4585/1066 3739/4553/1066 3709/4584/1066
f 3707/4586/1066 3738/4554/1066 3708/4585/1066
f 3706/4587/1066 3737/4555/1066 3707/4586/1066
f 3705/4588/1066 3736/4556/1066 3706/4587/1066
f 4034/4215/1082 4341/4589/1082 4339/4249/1082
f 3703/4590/1066 3734/4561/1066 3704/4591/1066
f 3702/4592/1066 3733/4560/1066 3703/4590/1066
f 3701/4593/1066 3732/4562/1066 3702/4592/1066
f 3700/4594/1066 3731/4563/1066 3701/4593/1066
f 3699/4595/1066 3730/4564/1066 3700/4594/1066
f 3698/4596/1066 3729/4565/1066 3699/4595/1066
f 3697/4597/1066 3728/4566/1066 3698/4596/1066
f 3696/4334/1066 3727/4567/1066 3697/4597/1066
f 3935/4336/1082 4267/4260/1082 3905/4367/1082
f 3694/4598/1066 3725/4537/1066 3695/4185/1066
f 3693/4599/1066 3724/4571/1066 3694/4598/1066
f 3692/4600/1066 3723/4572/1066 3693/4599/1066
f 3691/4601/1066 3722/4573/1066 3692/4600/1066
f 3690/4602/1066 3721/4574/1066 3691/4601/1066
f 3689/4603/1066 3720/4575/1066 3690/4602/1066
f 3688/4604/1066 3719/4576/1066 3689/4603/1066
f 3687/4605/1066 3718/4577/1066 3688/4604/1066
f 3777/4513/1085 4386/4272/1085 4388/4606/1085
f 3685/3900/1066 3716/4124/1066 3686/4607/1066
f 3684/4608/1065 3229/4579/1065 3227/4609/1065
f 3683/4610/1065 3714/4578/1065 3684/4608/1065
f 3682/4611/1065 3713/4580/1065 3683/4610/1065
f 3681/4612/1065 3712/4581/1065 3682/4611/1065
f 3680/4613/1065 3711/4582/1065 3681/4612/1065
f 3679/4614/1065 3710/4583/1065 3680/4613/1065
f 3678/4615/1065 3709/4584/1065 3679/4614/1065
f 3677/4616/1065 3708/4585/1065 3678/4615/1065
f 3676/4617/1065 3707/4586/1065 3677/4616/1065
f 3675/4618/1065 3706/4587/1065 3676/4617/1065
f 3855/4420/1085 4326/4323/1085 4328/4619/1085
f 3673/4620/1065 3704/4591/1065 3674/4621/1065
f 3672/4622/1065 3703/4590/1065 3673/4620/1065
f 3671/4623/1065 3702/4592/1065 3672/4622/1065
f 3670/4624/1065 3701/4593/1065 3671/4623/1065
f 3669/4625/1065 3700/4594/1065 3670/4624/1065
f 3668/4626/1065 3699/4595/1065 3669/4625/1065
f 3667/4627/1065 3698/4596/1065 3668/4626/1065
f 3666/3986/1065 3697/4597/1065 3667/4627/1065
f 4145/4075/1082 4281/4628/1082 4115/4114/1082
f 3664/4629/1065 3695/4185/1065 3665/4187/1065
f 3663/4630/1065 3694/4598/1065 3664/4629/1065
f 3662/4631/1065 3693/4599/1065 3663/4630/1065
f 3661/4632/1065 3692/4600/1065 3662/4631/1065
f 3660/4633/1065 3691/4601/1065 3661/4632/1065
f 3659/4634/1065 3690/4602/1065 3660/4633/1065
f 3658/4635/1065 3689/4603/1065 3659/4634/1065
f 3657/4636/1065 3688/4604/1065 3658/4635/1065
f 3957/4306/1085 4402/4637/1085 3987/4270/1085
f 3655/3898/1065 3686/4607/1065 3656/4638/1065
f 3654/4639/1064 3227/4609/1064 3225/4640/1064
f 3653/4641/1064 3684/4608/1064 3654/4639/1064
f 3652/4642/1064 3683/4610/1064 3653/4641/1064
f 3651/4643/1064 3682/4611/1064 3652/4642/1064
f 3650/4644/1064 3681/4612/1064 3651/4643/1064
f 3649/4645/1064 3680/4613/1064 3650/4644/1064
f 3648/4646/1064 3679/4614/1064 3649/4645/1064
f 3647/4647/1064 3678/4615/1064 3648/4646/1064
f 3646/4648/1064 3677/4616/1064 3647/4647/1064
f 3645/4558/1064 3676/4617/1064 3646/4648/1064
f 4065/4173/1085 4340/4355/1085 4342/4649/1085
f 3643/4650/1064 3674/4621/1064 3644/4651/1064
f 3642/4652/1064 3673/4620/1064 3643/4650/1064
f 3641/4653/1064 3672/4622/1064 3642/4652/1064
f 3640/4654/1064 3671/4623/1064 3641/4653/1064
f 3639/4655/1064 3670/4624/1064 3640/4654/1064
f 3638/4656/1064 3669/4625/1064 3639/4655/1064
f 3637/4657/1064 3668/4626/1064 3638/4656/1064
f 3636/3984/1064 3667/4627/1064 3637/4657/1064
f 3726/4568/1085 4254/4333/1085 4256/4658/1085
f 3634/4659/1064 3665/4187/1064 3635/4660/1064
f 3633/4661/1064 3664/4629/1064 3634/4659/1064
f 3632/4662/1064 3663/4630/1064 3633/4661/1064
f 3631/4663/1064 3662/4631/1064 3632/4662/1064
f 3630/4664/1064 3661/4632/1064 3631/4663/1064
f 3629/4665/1064 3660/4633/1064 3630/4664/1064
f 3628/4666/1064 3659/4634/1064 3629/4665/1064
f 3627/4667/1064 3658/4635/1064 3628/4666/1064
f 4197/4668/1085 4414/4343/1085 4416/4669/1085
f 3625/3896/1064 3656/4638/1064 3626/4670/1064
f 3624/4671/1063 3225/4640/1063 3223/4672/1063
f 3623/4673/1063 3654/4639/1063 3624/4671/1063
f 3622/4674/1063 3653/4641/1063 3623/4673/1063
f 3621/4675/1063 3652/4642/1063 3622/4674/1063
f 3620/4676/1063 3651/4643/1063 3621/4675/1063
f 3619/4677/1063 3650/4644/1063 3620/4676/1063
f 3618/4678/1063 3649/4645/1063 3619/4677/1063
f 3617/4679/1063 3648/4646/1063 3618/4678/1063
f 3616/4680/1063 3647/4647/1063 3617/4679/1063
f 3615/4211/1063 3646/4648/1063 3616/4680/1063
f 3434/4681/1082 4301/4682/1082 4299/4422/1082
f 3613/4683/1063 3644/4651/1063 3614/4456/1063
f 3612/4684/1063 3643/4650/1063 3613/4683/1063
f 3611/4685/1063 3642/4652/1063 3612/4684/1063
f 3610/4686/1063 3641/4653/1063 3611/4685/1063
f 3609/4687/1063 3640/4654/1063 3610/4686/1063
f 3608/4688/1063 3639/4655/1063 3609/4687/1063
f 3607/4689/1063 3638/4656/1063 3608/4688/1063
f 3606/4690/1063 3637/4657/1063 3607/4689/1063
f 3906/4364/1085 4270/4691/1085 3936/4332/1085
f 3604/4692/1063 3635/4660/1063 3605/4693/1063
f 3603/4694/1063 3634/4659/1063 3604/4692/1063
f 3602/4695/1063 3633/4661/1063 3603/4694/1063
f 3601/4696/1063 3632/4662/1063 3602/4695/1063
f 3600/4697/1063 3631/4663/1063 3601/4696/1063
f 3599/4698/1063 3630/4664/1063 3600/4697/1063
f 3598/4699/1063 3629/4665/1063 3599/4698/1063
f 3597/4700/1063 3628/4666/1063 3598/4699/1063
f 3386/4701/1082 4359/4702/1082 3356/4375/1082
f 3595/3894/1063 3626/4670/1063 3596/4703/1063
f 3594/4704/1062 3223/4672/1062 3221/4705/1062
f 3593/4706/1062 3624/4671/1062 3594/4704/1062
f 3592/4707/1062 3623/4673/1062 3593/4706/1062
f 3591/4708/1062 3622/4674/1062 3592/4707/1062
f 3590/4709/1062 3621/4675/1062 3591/4708/1062
f 3589/4710/1062 3620/4676/1062 3590/4709/1062
f 3588/4711/1062 3619/4677/1062 3589/4710/1062
f 3587/4712/1062 3618/4678/1062 3588/4711/1062
f 3586/4713/1062 3617/4679/1062 3587/4712/1062
f 3585/4714/1062 3616/4680/1062 3586/4713/1062
f 3644/4651/1082 4315/4715/1082 4313/4457/1082
f 3583/4716/1062 3614/4456/1062 3584/4098/1062
f 3582/4717/1062 3613/4683/1062 3583/4716/1062
f 3581/4718/1062 3612/4684/1062 3582/4717/1062
f 3580/4719/1062 3611/4685/1062 3581/4718/1062
f 3579/4720/1062 3610/4686/1062 3580/4719/1062
f 3578/4721/1062 3609/4687/1062 3579/4720/1062
f 3577/4722/1062 3608/4688/1062 3578/4721/1062
f 3576/4723/1062 3607/4689/1062 3577/4722/1062
f 4116/4109/1085 4284/4724/1085 4146/4070/1085
f 3574/4725/1062 3605/4693/1062 3575/4726/1062
f 3573/4727/1062 3604/4692/1062 3574/4725/1062
f 3572/4728/1062 3603/4694/1062 3573/4727/1062
f 3571/4729/1062 3602/4695/1062 3572/4728/1062
f 3570/4730/1062 3601/4696/1062 3571/4729/1062
f 3569/4731/1062 3600/4697/1062 3570/4730/1062
f 3568/4732/1062 3599/4698/1062 3569/4731/1062
f 3567/4514/1062 3598/4699/1062 3568/4732/1062
f 3596/4703/1082 4373/4733/1082 3566/4407/1082
f 3565/3892/1062 3596/4703/1062 3566/4407/1062
f 3564/4734/1061 3221/4705/1061 3219/4735/1061
f 3563/4736/1061 3594/4704/1061 3564/4734/1061
f 3562/4737/1061 3593/4706/1061 3563/4736/1061
f 3561/4738/1061 3592/4707/1061 3562/4737/1061
f 3560/4739/1061 3591/4708/1061 3561/4738/1061
f 3559/4740/1061 3590/4709/1061 3560/4739/1061
f 3558/4741/1061 3589/4710/1061 3559/4740/1061
f 3557/4742/1061 3588/4711/1061 3558/4741/1061
f 3556/4743/1061 3587/4712/1061 3557/4742/1061
f 3555/4744/1061 3586/4713/1061 3556/4743/1061
f 3465/4745/1085 4300/4493/1085 4302/4746/1085
f 3553/4747/1061 3584/4098/1061 3554/4748/1061
f 3552/4749/1061 3583/4716/1061 3553/4747/1061
f 3551/4750/1061 3582/4717/1061 3552/4749/1061
f 3550/4751/1061 3581/4718/1061 3551/4750/1061
f 3549/4752/1061 3580/4719/1061 3550/4751/1061
f 3548/4753/1061 3579/4720/1061 3549/4752/1061
f 3547/4754/1061 3578/4721/1061 3548/4753/1061
f 3546/4755/1061 3577/4722/1061 3547/4754/1061
f 3335/4756/1082 4227/4432/1082 3305/4757/1082
f 3544/4758/1061 3575/4726/1061 3545/4759/1061
f 3543/4760/1061 3574/4725/1061 3544/4758/1061
f 3542/4761/1061 3573/4727/1061 3543/4760/1061
f 3541/4762/1061 3572/4728/1061 3542/4761/1061
f 3540/4763/1061 3571/4729/1061 3541/4762/1061
f 3539/4764/1061 3570/4730/1061 3540/4763/1061
f 3538/4765/1061 3569/4731/1061 3539/4764/1061
f 3537/4161/1061 3568/4732/1061 3538/4765/1061
f 3387/4766/1085 4360/4444/1085 4362/4767/1085
f 3535/3890/1061 3566/4407/1061 3536/4408/1061
f 3534/4768/1060 3219/4735/1060 3217/4769/1060
f 3533/4770/1060 3564/4734/1060 3534/4768/1060
f 3532/4771/1060 3563/4736/1060 3533/4770/1060
f 3531/4772/1060 3562/4737/1060 3532/4771/1060
f 3530/4773/1060 3561/4738/1060 3531/4772/1060
f 3529/4774/1060 3560/4739/1060 3530/4773/1060
f 3528/4775/1060 3559/4740/1060 3529/4774/1060
f 3527/4776/1060 3558/4741/1060 3528/4775/1060
f 3526/4777/1060 3557/4742/1060 3527/4776/1060
f 3525/4778/1060 3556/4743/1060 3526/4777/1060
f 3854/4424/1082 4329/4779/1082 4327/4527/1082
f 3523/4780/1060 3554/4748/1060 3524/4781/1060
f 3522/4782/1060 3553/4747/1060 3523/4780/1060
f 3521/4783/1060 3552/4749/1060 3522/4782/1060
f 3520/4784/1060 3551/4750/1060 3521/4783/1060
f 3519/4785/1060 3550/4751/1060 3520/4784/1060
f 3518/4786/1060 3549/4752/1060 3519/4785/1060
f 3517/4787/1060 3548/4753/1060 3518/4786/1060
f 3516/4569/1060 3547/4754/1060 3517/4787/1060
f 3545/4759/1082 4241/4788/1082 3515/4467/1082
f 3514/4789/1060 3545/4759/1060 3515/4467/1060
f 3513/4790/1060 3544/4758/1060 3514/4789/1060
f 3512/4791/1060 3543/4760/1060 3513/4790/1060
f 3511/4792/1060 3542/4761/1060 3512/4791/1060
f 3510/4793/1060 3541/4762/1060 3511/4792/1060
f 3509/4794/1060 3540/4763/1060 3510/4793/1060
f 3508/4795/1060 3539/4764/1060 3509/4794/1060
f 3507/4159/1060 3538/4765/1060 3508/4795/1060
f 3806/4480/1082 4387/4796/1082 3776/4478/1082
f 3505/3888/1060 3536/4408/1060 3506/4044/1060
f 3504/4797/1059 3217/4769/1059 3215/4798/1059
f 3503/4799/1059 3534/4768/1059 3504/4797/1059
f 3502/4800/1059 3533/4770/1059 3503/4799/1059
f 3501/4801/1059 3532/4771/1059 3502/4800/1059
f 3500/4802/1059 3531/4772/1059 3501/4801/1059
f 3499/4803/1059 3530/4773/1059 3500/4802/1059
f 3498/4804/1059 3529/4774/1059 3499/4803/1059
f 3497/4805/1059 3528/4775/1059 3498/4804/1059
f 3496/4806/1059 3527/4776/1059 3497/4805/1059
f 3495/4807/1059 3526/4777/1059 3496/4806/1059
f 4064/4178/1082 4343/4808/1082 4341/4589/1082
f 3493/4809/1059 3524/4781/1059 3494/4810/1059
f 3492/4811/1059 3523/4780/1059 3493/4809/1059
f 3491/4812/1059 3522/4782/1059 3492/4811/1059
f 3490/4813/1059 3521/4783/1059 3491/4812/1059
f 3489/4814/1059 3520/4784/1059 3490/4813/1059
f 3488/4815/1059 3519/4785/1059 3489/4814/1059
f 3487/4816/1059 3518/4786/1059 3488/4815/1059
f 3486/4225/1059 3517/4787/1059 3487/4816/1059
f 3336/4817/1085 4228/4503/1085 4230/4818/1085
f 3484/4819/1059 3515/4467/1059 3485/4468/1059
f 3483/4820/1059 3514/4789/1059 3484/4819/1059
f 3482/4821/1059 3513/4790/1059 3483/4820/1059
f 3481/4822/1059 3512/4791/1059 3482/4821/1059
f 3480/4823/1059 3511/4792/1059 3481/4822/1059
f 3479/4824/1059 3510/4793/1059 3480/4823/1059
f 3478/4825/1059 3509/4794/1059 3479/4824/1059
f 3477/4826/1059 3508/4795/1059 3478/4825/1059
f 3597/4700/1085 4374/4515/1085 4376/4827/1085
f 3475/3886/1059 3506/4044/1059 3476/4828/1059
f 3474/4829/1058 3215/4798/1058 3213/4830/1058
f 3473/4831/1058 3504/4797/1058 3474/4829/1058
f 3472/4832/1058 3503/4799/1058 3473/4831/1058
f 3471/4833/1058 3502/4800/1058 3472/4832/1058
f 3470/4834/1058 3501/4801/1058 3471/4833/1058
f 3469/4835/1058 3500/4802/1058 3470/4834/1058
f 3468/4836/1058 3499/4803/1058 3469/4835/1058
f 3467/4837/1058 3498/4804/1058 3468/4836/1058
f 3466/4838/1058 3497/4805/1058 3467/4837/1058
f 3465/4745/1058 3496/4806/1058 3466/4838/1058
f 3675/4618/1085 4314/4559/1085 4316/4839/1085
f 3463/4840/1058 3494/4810/1058 3464/4841/1058
f 3462/4842/1058 3493/4809/1058 3463/4840/1058
f 3461/4843/1058 3492/4811/1058 3462/4842/1058
f 3460/4844/1058 3491/4812/1058 3461/4843/1058
f 3459/4845/1058 3490/4813/1058 3460/4844/1058
f 3458/4846/1058 3489/4814/1058 3459/4845/1058
f 3457/4847/1058 3488/4815/1058 3458/4846/1058
f 3456/4223/1058 3487/4816/1058 3457/4847/1058
f 3725/4537/1082 4257/4848/1082 4255/4849/1082
f 3454/4850/1058 3485/4468/1058 3455/4148/1058
f 3453/4851/1058 3484/4819/1058 3454/4850/1058
f 3452/4852/1058 3483/4820/1058 3453/4851/1058
f 3451/4853/1058 3482/4821/1058 3452/4852/1058
f 3450/4854/1058 3481/4822/1058 3451/4853/1058
f 3449/4855/1058 3480/4823/1058 3450/4854/1058
f 3448/4856/1058 3479/4824/1058 3449/4855/1058
f 3447/4857/1058 3478/4825/1058 3448/4856/1058
f 4016/4237/1082 4401/4858/1082 3986/4274/1082
f 3445/3884/1058 3476/4828/1058 3446/4859/1058
f 3444/4860/1057 3213/4830/1057 3211/4861/1057
f 3443/4862/1057 3474/4829/1057 3444/4860/1057
f 3442/4863/1057 3473/4831/1057 3443/4862/1057
f 3441/4864/1057 3472/4832/1057 3442/4863/1057
f 3440/4865/1057 3471/4833/1057 3441/4864/1057
f 3439/4866/1057 3470/4834/1057 3440/4865/1057
f 3438/4867/1057 3469/4835/1057 3439/4866/1057
f 3437/4868/1057 3468/4836/1057 3438/4867/1057
f 3436/4869/1057 3467/4837/1057 3437/4868/1057
f 3435/4492/1057 3466/4838/1057 3436/4869/1057
f 3885/4388/1085 4328/4619/1085 4330/4870/1085
f 3433/4871/1057 3464/4841/1057 3434/4681/1057
f 3432/4872/1057 3463/4840/1057 3433/4871/1057
f 3431/4873/1057 3462/4842/1057 3432/4872/1057
f 3430/4874/1057 3461/4843/1057 3431/4873/1057
f 3429/4875/1057 3460/4844/1057 3430/4874/1057
f 3428/4876/1057 3459/4845/1057 3429/4875/1057
f 3427/4877/1057 3458/4846/1057 3428/4876/1057
f 3426/4878/1057 3457/4847/1057 3427/4877/1057
f 3516/4569/1085 4244/4879/1085 3546/4755/1085
f 3424/4880/1057 3455/4148/1057 3425/4881/1057
f 3423/4882/1057 3454/4850/1057 3424/4880/1057
f 3422/4883/1057 3453/4851/1057 3423/4882/1057
f 3421/4884/1057 3452/4852/1057 3422/4883/1057
f 3420/4885/1057 3451/4853/1057 3421/4884/1057
f 3419/4886/1057 3450/4854/1057 3420/4885/1057
f 3418/4887/1057 3449/4855/1057 3419/4886/1057
f 3417/4888/1057 3448/4856/1057 3418/4887/1057
f 4196/4007/1082 4354/4889/1082 4415/4890/1082
f 3415/3882/1057 3446/4859/1057 3416/4891/1057
f 3414/4892/1056 3211/4861/1056 3209/4893/1056
f 3413/4894/1056 3444/4860/1056 3414/4892/1056
f 3412/4895/1056 3443/4862/1056 3413/4894/1056
f 3411/4896/1056 3442/4863/1056 3412/4895/1056
f 3410/4897/1056 3441/4864/1056 3411/4896/1056
f 3409/4898/1056 3440/4865/1056 3410/4897/1056
f 3408/4899/1056 3439/4866/1056 3409/4898/1056
f 3407/4900/1056 3438/4867/1056 3408/4899/1056
f 3406/4901/1056 3437/4868/1056 3407/4900/1056
f 3405/4137/1056 3436/4869/1056 3406/4901/1056
f 4095/4136/1085 4342/4649/1085 4344/4902/1085
f 3403/4903/1056 3434/4681/1056 3404/4421/1056
f 3402/4904/1056 3433/4871/1056 3403/4903/1056
f 3401/4905/1056 3432/4872/1056 3402/4904/1056
f 3400/4906/1056 3431/4873/1056 3401/4905/1056
f 3399/4907/1056 3430/4874/1056 3400/4906/1056
f 3398/4908/1056 3429/4875/1056 3399/4907/1056
f 3397/4909/1056 3428/4876/1056 3398/4908/1056
f 3396/4910/1056 3427/4877/1056 3397/4909/1056
f 3965/4299/1082 4269/4911/1082 3935/4336/1082
f 3394/4912/1056 3425/4881/1056 3395/4913/1056
f 3393/4914/1056 3424/4880/1056 3394/4912/1056
f 3392/4915/1056 3423/4882/1056 3393/4914/1056
f 3391/4916/1056 3422/4883/1056 3392/4915/1056
f 3390/4917/1056 3421/4884/1056 3391/4916/1056
f 3389/4918/1056 3420/4885/1056 3390/4917/1056
f 3388/4919/1056 3419/4886/1056 3389/4918/1056
f 3387/4766/1056 3418/4887/1056 3388/4919/1056
f 3777/4513/1085 4390/4920/1085 3807/4477/1085
f 3385/3880/1056 3416/4891/1056 3386/4701/1056
f 3384/4921/1055 3209/4893/1055 3207/4922/1055
f 3383/4923/1055 3414/4892/1055 3384/4921/1055
f 3382/4924/1055 3413/4894/1055 3383/4923/1055
f 3381/4925/1055 3412/4895/1055 3382/4924/1055
f 3380/4926/1055 3411/4896/1055 3381/4925/1055
f 3379/4927/1055 3410/4897/1055 3380/4926/1055
f 3378/4928/1055 3409/4898/1055 3379/4927/1055
f 3377/4929/1055 3408/4899/1055 3378/4928/1055
f 3376/4930/1055 3407/4900/1055 3377/4929/1055
f 3375/4931/1055 3406/4901/1055 3376/4930/1055
f 3464/4841/1082 4303/4932/1082 4301/4682/1082
f 3373/4933/1055 3404/4421/1055 3374/4059/1055
f 3372/4934/1055 3403/4903/1055 3373/4933/1055
f 3371/4935/1055 3402/4904/1055 3372/4934/1055
f 3370/4936/1055 3401/4905/1055 3371/4935/1055
f 3369/4937/1055 3400/4906/1055 3370/4936/1055
f 3368/4938/1055 3399/4907/1055 3369/4937/1055
f 3367/4939/1055 3398/4908/1055 3368/4938/1055
f 3366/4940/1055 3397/4909/1055 3367/4939/1055
f 4145/4075/1082 4285/4941/1082 4283/4942/1082
f 3364/4943/1055 3395/4913/1055 3365/4944/1055
f 3363/4945/1055 3394/4912/1055 3364/4943/1055
f 3362/4946/1055 3393/4914/1055 3363/4945/1055
f 3361/4947/1055 3392/4915/1055 3362/4946/1055
f 3360/4948/1055 3391/4916/1055 3361/4947/1055
f 3359/4949/1055 3390/4917/1055 3360/4948/1055
f 3358/4950/1055 3389/4918/1055 3359/4949/1055
f 3357/4443/1055 3388/4919/1055 3358/4950/1055
f 3987/4270/1085 4404/4951/1085 4017/4234/1085
f 3355/3878/1055 3386/4701/1055 3356/4375/1055
f 3354/4952/1054 3207/4922/1054 3205/4953/1054
f 3353/4954/1054 3384/4921/1054 3354/4952/1054
f 3352/4955/1054 3383/4923/1054 3353/4954/1054
f 3351/4956/1054 3382/4924/1054 3352/4955/1054
f 3350/4957/1054 3381/4925/1054 3351/4956/1054
f 3349/4958/1054 3380/4926/1054 3350/4957/1054
f 3348/4959/1054 3379/4927/1054 3349/4958/1054
f 3347/4960/1054 3378/4928/1054 3348/4959/1054
f 3346/4961/1054 3377/4929/1054 3347/4960/1054
f 3345/4962/1054 3376/4930/1054 3346/4961/1054
f 3674/4621/1082 4317/4963/1082 4315/4715/1082
f 3343/4964/1054 3374/4059/1054 3344/4965/1054
f 3342/4966/1054 3373/4933/1054 3343/4964/1054
f 3341/4967/1054 3372/4934/1054 3342/4966/1054
f 3340/4968/1054 3371/4935/1054 3341/4967/1054
f 3339/4969/1054 3370/4936/1054 3340/4968/1054
f 3338/4970/1054 3369/4937/1054 3339/4969/1054
f 3337/4971/1054 3368/4938/1054 3338/4970/1054
f 3336/4817/1054 3367/4939/1054 3337/4971/1054
f 3726/4568/1085 4258/4972/1085 3756/4536/1085
f 3334/4973/1054 3365/4944/1054 3335/4756/1054
f 3333/4974/1054 3364/4943/1054 3334/4973/1054
f 3332/4975/1054 3363/4945/1054 3333/4974/1054
f 3331/4976/1054 3362/4946/1054 3332/4975/1054
f 3330/4977/1054 3361/4947/1054 3331/4976/1054
f 3329/4978/1054 3360/4948/1054 3330/4977/1054
f 3328/4979/1054 3359/4949/1054 3329/4978/1054
f 3327/4083/1054 3358/4950/1054 3328/4979/1054
f 4197/4668/1085 4353/4980/1085 3292/4003/1085
f 3325/3876/1054 3356/4375/1054 3326/4004/1054
f 3324/4981/1053 3205/4953/1053 3203/4982/1053
f 3323/4983/1053 3354/4952/1053 3324/4981/1053
f 3322/4984/1053 3353/4954/1053 3323/4983/1053
f 3321/4985/1053 3352/4955/1053 3322/4984/1053
f 3320/4986/1053 3351/4956/1053 3321/4985/1053
f 3319/4987/1053 3350/4957/1053 3320/4986/1053
f 3318/4988/1053 3349/4958/1053 3319/4987/1053
f 3317/4989/1053 3348/4959/1053 3318/4988/1053
f 3316/4990/1053 3347/4960/1053 3317/4989/1053
f 3315/4991/1053 3346/4961/1053 3316/4990/1053
f 3495/4807/1085 4302/4746/1085 4304/4992/1085
f 3313/4993/1053 3344/4965/1053 3314/4994/1053
f 3312/4995/1053 3343/4964/1053 3313/4993/1053
f 3311/4996/1053 3342/4966/1053 3312/4995/1053
f 3310/4997/1053 3341/4967/1053 3311/4996/1053
f 3309/4998/1053 3340/4968/1053 3310/4997/1053
f 3308/4999/1053 3339/4969/1053 3309/4998/1053
f 3307/5000/1053 3338/4970/1053 3308/4999/1053
f 3306/4504/1053 3337/4971/1053 3307/5000/1053
f 3966/4296/1085 4270/4691/1085 4272/5001/1085
f 3304/5002/1053 3335/4756/1053 3305/4757/1053
f 3303/5003/1053 3334/4973/1053 3304/5002/1053
f 3302/5004/1053 3333/4974/1053 3303/5003/1053
f 3301/5005/1053 3332/4975/1053 3302/5004/1053
f 3300/5006/1053 3331/4976/1053 3301/5005/1053
f 3299/5007/1053 3330/4977/1053 3300/5006/1053
f 3298/5008/1053 3329/4978/1053 3299/5007/1053
f 3297/5009/1053 3328/4979/1053 3298/5008/1053
f 3386/4701/1082 4363/5010/1082 4361/5011/1082
f 3295/3873/1053 3326/4004/1053 3296/4006/1053
f 3265/5012/1052 3203/4982/1052 3201/5013/1052
f 3266/5014/1052 3324/4981/1052 3265/5012/1052
f 3267/5015/1052 3323/4983/1052 3266/5014/1052
f 3268/5016/1052 3322/4984/1052 3267/5015/1052
f 3269/5017/1052 3321/4985/1052 3268/5016/1052
f 3270/5018/1052 3320/4986/1052 3269/5017/1052
f 3271/5019/1052 3319/4987/1052 3270/5018/1052
f 3272/5020/1052 3318/4988/1052 3271/5019/1052
f 3273/5021/1052 3317/4989/1052 3272/5020/1052
f 3274/5022/1052 3316/4990/1052 3273/5021/1052
f 3884/4391/1082 4331/5023/1082 4329/4779/1082
f 3276/5024/1052 3314/4994/1052 3275/5025/1052
f 3277/5026/1052 3313/4993/1052 3276/5024/1052
f 3278/5027/1052 3312/4995/1052 3277/5026/1052
f 3279/5028/1052 3311/4996/1052 3278/5027/1052
f 3280/5029/1052 3310/4997/1052 3279/5028/1052
f 3281/5030/1052 3309/4998/1052 3280/5029/1052
f 3282/5031/1052 3308/4999/1052 3281/5030/1052
f 3283/4502/1052 3307/5000/1052 3282/5031/1052
f 4146/4070/1085 4286/5032/1085 4176/4031/1085
f 3285/5033/1052 3305/4757/1052 3284/4431/1052
f 3286/5034/1052 3304/5002/1052 3285/5033/1052
f 3287/5035/1052 3303/5003/1052 3286/5034/1052
f 3288/5036/1052 3302/5004/1052 3287/5035/1052
f 3289/5037/1052 3301/5005/1052 3288/5036/1052
f 3290/5038/1052 3300/5006/1052 3289/5037/1052
f 3291/5039/1052 3299/5007/1052 3290/5038/1052
f 3292/5040/1052 3298/5008/1052 3291/5039/1052
f 3626/4670/1082 4375/5041/1082 3596/4703/1082
f 3294/3874/1052 3296/4006/1052 3293/5042/1052
f 4287/5043/1084 4225/5044/1084 4288/5045/1084
f 4285/4941/1083 4288/5045/1083 4286/5032/1083
f 4283/4942/1081 4286/5032/1081 4284/4724/1081
f 4281/4628/1080 4284/4724/1080 4282/4398/1080
f 4279/4297/1079 4282/4398/1079 4280/4111/1079
f 4277/4033/1078 4280/4111/1078 4278/5046/1078
f 4275/5047/1077 4278/5046/1077 4276/5048/1077
f 4273/5049/1076 4276/5048/1076 4274/5050/1076
f 4271/5051/1075 4274/5050/1075 4272/5001/1075
f 4269/4911/1074 4272/5001/1074 4270/4691/1074
f 4267/4260/1073 4270/4691/1073 4268/4365/1073
f 4265/4261/1072 4268/4365/1072 4266/4072/1072
f 4263/5052/1071 4266/4072/1071 4264/5053/1071
f 4261/5054/1070 4264/5053/1070 4262/5055/1070
f 4259/5056/1069 4262/5055/1069 4260/5057/1069
f 4257/4848/1068 4260/5057/1068 4258/4972/1068
f 4255/4849/1067 4258/4972/1067 4256/4658/1067
f 4253/4538/1066 4256/4658/1066 4254/4333/1066
f 4251/4186/1065 4254/4333/1065 4252/3985/1065
f 4249/5058/1064 4252/3985/1064 4250/5059/1064
f 4247/5060/1063 4250/5059/1063 4248/5061/1063
f 4245/5062/1062 4248/5061/1062 4246/5063/1062
f 4243/5064/1061 4246/5063/1061 4244/4879/1061
f 4241/4788/1060 4244/4879/1060 4242/4570/1060
f 4239/4149/1059 4242/4570/1059 4240/4224/1059
f 4237/4150/1058 4240/4224/1058 4238/5065/1058
f 4235/5066/1057 4238/5065/1057 4236/5067/1057
f 4233/5068/1056 4236/5067/1056 4234/5069/1056
f 4231/5070/1055 4234/5069/1055 4232/5071/1055
f 4229/5072/1054 4232/5071/1054 4230/4818/1054
f 4227/4432/1053 4230/4818/1053 4228/4503/1053
f 4226/4433/1052 4228/4503/1052 4225/5073/1052
f 3875/4259/1082 4263/5052/1082 3845/4435/1082
f 3426/4878/1085 4238/5065/1085 3456/4223/1085
f 3635/4660/1082 4251/4186/1082 4249/5058/1082
f 3425/4881/1082 4237/4150/1082 4235/5066/1082
f 4056/4110/1085 4276/5048/1085 4278/5046/1085
f 3846/4071/1085 4262/5055/1085 4264/5053/1085
f 4055/4034/1082 4275/5047/1082 4025/4227/1082
f 3636/3984/1085 4248/5061/1085 4250/5059/1085
f 3845/4435/1082 4261/5054/1082 3815/4470/1082
f 3396/4910/1085 4236/5067/1085 3426/4878/1085
f 3635/4660/1082 4247/5060/1082 3605/4693/1082
f 3395/4913/1082 4235/5066/1082 4233/5068/1082
f 4206/3982/1085 4225/5044/1085 3283/5074/1085
f 3996/4258/1085 4276/5048/1085 4026/4222/1085
f 3786/4501/1085 4262/5055/1085 3816/4466/1085
f 4205/3989/1082 4226/5075/1082 4287/5043/1082
f 4025/4227/1082 4273/5049/1082 3995/4263/1082
f 3576/4723/1085 4248/5061/1085 3606/4690/1085
f 3785/4506/1082 4261/5054/1082 4259/5056/1082
f 3396/4910/1085 4232/5071/1085 4234/5069/1085
f 3605/4693/1082 4245/5062/1082 3575/4726/1082
f 3395/4913/1082 4231/5070/1082 3365/4944/1082
f 4206/3982/1085 4286/5032/1085 4288/5045/1085
f 3966/4296/1085 4274/5050/1085 3996/4258/1085
f 3786/4501/1085 4258/4972/1085 4260/5057/1085
f 4205/3989/1082 4285/4941/1082 4175/4036/1082
f 3995/4263/1082 4271/5051/1082 3965/4299/1082
f 3576/4723/1085 4244/4879/1085 4246/5063/1085
f 3785/4506/1082 4257/4848/1082 3755/4540/1082
f 3336/4817/1085 4232/5071/1085 3366/4940/1085
f 3575/4726/1082 4243/5064/1082 3545/4759/1082
f 3365/4944/1082 4229/5072/1082 3335/4756/1082
f 4352/4022/1067 4290/4286/1067 4289/4389/1067
f 4349/5076/1066 4352/4022/1066 4350/4021/1066
f 4347/5077/1065 4350/4021/1065 4348/5078/1065
f 4345/5079/1064 4348/5078/1064 4346/5080/1064
f 4343/4808/1063 4346/5080/1063 4344/4902/1063
f 4341/4589/1062 4344/4902/1062 4342/4649/1062
f 4339/4249/1061 4342/4649/1061 4340/4355/1061
f 4337/4250/1060 4340/4355/1060 4338/3966/1060
f 4335/5081/1059 4338/3966/1059 4336/3965/1059
f 4333/5082/1058 4336/3965/1058 4334/5083/1058
f 4331/5023/1057 4334/5083/1057 4332/5084/1057
f 4329/4779/1056 4332/5084/1056 4330/4870/1056
f 4327/4527/1055 4330/4870/1055 4328/4619/1055
f 4325/4175/1054 4328/4619/1054 4326/4323/1054
f 4323/4176/1053 4326/4323/1053 4324/4322/1053
f 4321/5085/1052 4324/4322/1052 4322/5086/1052
f 4319/5087/1084 4322/5086/1084 4320/5088/1084
f 4317/4963/1083 4320/5088/1083 4318/5089/1083
f 4315/4715/1081 4318/5089/1081 4316/4839/1081
f 4313/4457/1080 4316/4839/1080 4314/4559/1080
f 4311/4099/1079 4314/4559/1079 4312/4213/1079
f 4309/4100/1078 4312/4213/1078 4310/4212/1078
f 4307/5090/1077 4310/4212/1077 4308/5091/1077
f 4305/5092/1076 4308/5091/1076 4306/5093/1076
f 4303/4932/1075 4306/5093/1075 4304/4992/1075
f 4301/4682/1074 4304/4992/1074 4302/4746/1074
f 4299/4422/1073 4302/4746/1073 4300/4493/1073
f 4297/4060/1072 4300/4493/1072 4298/4139/1072
f 4295/4061/1071 4298/4139/1071 4296/4138/1071
f 4293/5094/1070 4296/4138/1070 4294/5095/1070
f 4291/5096/1069 4294/5095/1069 4292/5097/1069
f 4290/5098/1068 4292/5097/1068 4289/5099/1068
f 3795/4491/1085 4322/5086/1085 4324/4322/1085
f 4184/4024/1082 4351/4287/1082 4349/5076/1082
f 3974/4289/1082 4337/4250/1082 4335/5081/1082
f 3585/4714/1085 4308/5091/1085 4310/4212/1085
f 3764/4529/1082 4323/4176/1082 4321/5085/1082
f 3375/4931/1085 4294/5095/1085 4296/4138/1085
f 3554/4748/1082 4309/4100/1082 4307/5090/1082
f 3344/4965/1082 4295/4061/1082 4293/5094/1082
f 4185/4019/1085 4348/5078/1085 4350/4021/1085
f 3975/4285/1085 4334/5083/1085 4336/3965/1085
f 3765/4526/1085 4320/5088/1085 4322/5086/1085
f 4154/4063/1082 4349/5076/1082 4347/5077/1082
f 3944/4325/1082 4335/5081/1082 4333/5082/1082
f 3555/4744/1085 4306/5093/1085 4308/5091/1085
f 3734/4561/1082 4321/5085/1082 4319/5087/1082
f 3345/4962/1085 4292/5097/1085 4294/5095/1085
f 3524/4781/1082 4307/5090/1082 4305/5092/1082
f 3314/4994/1082 4293/5094/1082 4291/5096/1082
f 4155/4058/1085 4346/5080/1085 4348/5078/1085
f 3945/4320/1085 4332/5084/1085 4334/5083/1085
f 3735/4557/1085 4318/5089/1085 4320/5088/1085
f 4124/4102/1082 4347/5077/1082 4345/5079/1082
f 3914/4357/1082 4333/5082/1082 4331/5023/1082
f 3525/4778/1085 4304/4992/1085 4306/5093/1085
f 3704/4591/1082 4319/5087/1082 4317/4963/1082
f 3315/4991/1085 4289/5099/1085 4292/5097/1085
f 3494/4810/1082 4305/5092/1082 4303/4932/1082
f 3275/5025/1082 4291/5096/1082 4290/5098/1082
f 4125/4097/1085 4344/4902/1085 4346/5080/1085
f 3915/4354/1085 4330/4870/1085 4332/5084/1085
f 3705/4588/1085 4316/4839/1085 4318/5089/1085
f 4094/4141/1082 4345/5079/1082 4343/4808/1082
f 4415/4890/1084 4353/4980/1084 4416/4669/1084
f 4413/4235/1083 4416/4669/1083 4414/4343/1083
f 4411/4236/1081 4414/4343/1081 4412/5100/1081
f 4409/5101/1080 4412/5100/1080 4410/5102/1080
f 4407/5103/1079 4410/5102/1079 4408/5104/1079
f 4405/5105/1078 4408/5104/1078 4406/5106/1078
f 4403/5107/1077 4406/5106/1077 4404/4951/1077
f 4401/4858/1076 4404/4951/1076 4402/4637/1076
f 4399/4197/1075 4402/4637/1075 4400/4308/1075
f 4397/4198/1074 4400/4308/1074 4398/5108/1074
f 4395/5109/1073 4398/5108/1073 4396/5110/1073
f 4393/5111/1072 4396/5110/1072 4394/5112/1072
f 4391/5113/1071 4394/5112/1071 4392/5114/1071
f 4389/5115/1070 4392/5114/1070 4390/4920/1070
f 4387/4796/1069 4390/4920/1069 4388/4606/1069
f 4385/4479/1068 4388/4606/1068 4386/4272/1068
f 4383/4123/1067 4386/4272/1067 4384/5116/1067
f 4381/5117/1066 4384/5116/1066 4382/5118/1066
f 4379/5119/1065 4382/5118/1065 4380/5120/1065
f 4377/5121/1064 4380/5120/1064 4378/5122/1064
f 4375/5041/1063 4378/5122/1063 4376/4827/1063
f 4373/4733/1062 4376/4827/1062 4374/4515/1062
f 4371/4045/1061 4374/4515/1061 4372/4160/1061
f 4369/4046/1060 4372/4160/1060 4370/5123/1060
f 4367/5124/1059 4370/5123/1059 4368/5125/1059
f 4365/5126/1058 4368/5125/1058 4366/5127/1058
f 4363/5010/1057 4366/5127/1057 4364/5128/1057
f 4361/5011/1056 4364/5128/1056 4362/4767/1056
f 4359/4702/1055 4362/4767/1055 4360/4444/1055
f 4357/4376/1054 4360/4444/1054 4358/4085/1054
f 4355/4005/1053 4358/4085/1053 4356/4084/1053
f 4354/5129/1052 4356/4084/1052 4353/5130/1052
f 4107/4121/1085 4412/5100/1085 4137/4082/1085
f 3897/4374/1085 4398/5108/1085 3927/4307/1085
f 3717/4271/1085 4382/5118/1085 4384/5116/1085
f 4136/4086/1082 4409/5101/1082 4106/4125/1082
f 3896/4377/1082 4397/4198/1082 4395/5109/1082
f 3477/4826/1085 4370/5123/1085 3507/4159/1085
f 3716/4124/1082 4381/5117/1082 3686/4607/1082
f 3292/5040/1085 4356/4084/1085 3297/5009/1085
f 3506/4044/1082 4367/5124/1082 3476/4828/1082
f 3296/4006/1082 4354/5129/1082 3293/5042/1082
f 4107/4121/1085 4408/5104/1085 4410/5102/1085
f 3867/4406/1085 4396/5110/1085 3897/4374/1085
f 3657/4636/1085 4382/5118/1085 3687/4605/1085
f 4106/4125/1082 4407/5103/1082 4076/4162/1082
f 3866/4409/1082 4395/5109/1082 4393/5111/1082
f 3447/4857/1085 4368/5125/1085 3477/4826/1085
f 3686/4607/1082 4379/5119/1082 3656/4638/1082
f 3476/4828/1082 4365/5126/1082 3446/4859/1082
f 4077/4158/1085 4406/5106/1085 4408/5104/1085
f 3837/4442/1085 4394/5112/1085 3867/4406/1085
f 4076/4162/1082 4405/5105/1082 4046/4199/1082
f 3627/4667/1085 4380/5120/1085 3657/4636/1085
f 3866/4409/1082 4391/5113/1082 3836/4445/1082
f 3417/4888/1085 4366/5127/1085 3447/4857/1085
f 3656/4638/1082 4377/5121/1082 3626/4670/1082
f 3416/4891/1082 4365/5126/1082 4363/5010/1082
f 4047/4195/1085 4404/4951/1085 4406/5106/1085
f 3807/4477/1085 4392/5114/1085 3837/4442/1085
f 4046/4199/1082 4403/5107/1082 4016/4237/1082
f 3597/4700/1085 4378/5122/1085 3627/4667/1085
f 3836/4445/1082 4389/5115/1082 3806/4480/1082
f 3387/4766/1085 4364/5128/1085 3417/4888/1085
f 4421/5131/1086 4429/5132/1086 4422/5133/1086
f 4422/5133/1087 4430/5134/1087 4423/5135/1087
f 4673/5136/1088 4430/5134/1088 4431/5137/1088
f 4417/5138/1089 4592/5139/1089 4424/5140/1089
f 4417/5138/1090 4425/5141/1090 4418/5142/1090
f 4418/5142/1091 4426/5143/1091 4419/5144/1091
f 4420/5145/1092 4426/5143/1092 4427/5146/1092
f 4420/5145/1093 4428/5147/1093 4421/5131/1093
f 4428/5147/1094 4435/5148/1094 4436/5149/1094
f 4428/5147/1095 4437/5150/1095 4429/5132/1095
f 4429/5132/1096 4438/5151/1096 4430/5134/1096
f 4431/5137/1097 4438/5151/1097 4439/5152/1097
f 4424/5140/1098 4592/5153/1098 4432/5154/1098
f 4424/5140/1099 4433/5155/1099 4425/5141/1099
f 4425/5141/1100 4434/5156/1100 4426/5143/1100
f 4426/5143/1101 4435/5148/1101 4427/5146/1101
f 4432/5154/1102 4441/5157/1102 4433/5155/1102
f 4433/5155/1103 4442/5158/1103 4434/5156/1103
f 4434/5156/1104 4443/5159/1104 4435/5148/1104
f 4436/5149/1105 4443/5159/1105 4444/5160/1105
f 4437/5150/1106 4444/5160/1106 4445/5161/1106
f 4437/5150/1107 4446/5162/1107 4438/5151/1107
f 4439/5152/1108 4446/5162/1108 4447/5163/1108
f 4432/5154/1109 4592/5164/1109 4440/5165/1109
f 4444/5160/1110 4453/5166/1110 4445/5161/1110
f 4445/5161/1111 4454/5167/1111 4446/5162/1111
f 4446/5162/1112 4455/5168/1112 4447/5163/1112
f 4440/5165/1113 4592/5169/1113 4448/5170/1113
f 4441/5157/1114 4448/5170/1114 4449/5171/1114
f 4441/5157/1115 4450/5172/1115 4442/5158/1115
f 4442/5158/1116 4451/5173/1116 4443/5159/1116
f 4443/5159/1117 4452/5174/1117 4444/5160/1117
f 4449/5171/1118 4456/5175/1118 4457/5176/1118
f 4449/5171/1119 4458/5177/1119 4450/5172/1119
f 4450/5172/1120 4459/5178/1120 4451/5173/1120
f 4451/5173/1121 4460/5179/1121 4452/5174/1121
f 4452/5174/1122 4461/5180/1122 4453/5166/1122
f 4454/5167/1123 4461/5180/1123 4462/5181/1123
f 4455/5168/1124 4462/5181/1124 4463/5182/1124
f 4448/5170/1125 4592/5183/1125 4456/5175/1125
f 4460/5179/1126 4469/5184/1126 4461/5180/1126
f 4462/5181/1127 4469/5184/1127 4470/5185/1127
f 4463/5182/1128 4470/5185/1128 4471/5186/1128
f 4456/5175/1129 4592/5187/1129 4464/5188/1129
f 4456/5175/1130 4465/5189/1130 4457/5176/1130
f 4457/5176/1131 4466/5190/1131 4458/5177/1131
f 4458/5177/1132 4467/5191/1132 4459/5178/1132
f 4459/5178/1133 4468/5192/1133 4460/5179/1133
f 4465/5189/1134 4474/5193/1134 4466/5190/1134
f 4466/5190/1135 4475/5194/1135 4467/5191/1135
f 4467/5191/1136 4476/5195/1136 4468/5192/1136
f 4468/5192/1137 4477/5196/1137 4469/5184/1137
f 4470/5185/1138 4477/5196/1138 4478/5197/1138
f 4471/5186/1139 4478/5197/1139 4479/5198/1139
f 4464/5188/1140 4592/5199/1140 4472/5200/1140
f 4464/5188/1141 4473/5201/1141 4465/5189/1141
f 4478/5197/1142 4485/5202/1142 4486/5203/1142
f 4479/5198/1143 4486/5203/1143 4487/5204/1143
f 4472/5200/1144 4592/5205/1144 4480/5206/1144
f 4473/5201/1145 4480/5206/1145 4481/5207/1145
f 4474/5193/1146 4481/5207/1146 4482/5208/1146
f 4474/5193/1147 4483/5209/1147 4475/5194/1147
f 4476/5195/1148 4483/5209/1148 4484/5210/1148
f 4476/5195/1149 4485/5202/1149 4477/5196/1149
f 4482/5208/1150 4489/5211/1150 4490/5212/1150
f 4482/5208/1151 4491/5213/1151 4483/5209/1151
f 4483/5209/1152 4492/5214/1152 4484/5210/1152
f 4484/5210/1153 4493/5215/1153 4485/5202/1153
f 4486/5203/1154 4493/5215/1154 4494/5216/1154
f 4487/5204/1155 4494/5216/1155 4495/5217/1155
f 4480/5206/1156 4592/5218/1156 4488/5219/1156
f 4481/5207/1157 4488/5219/1157 4489/5211/1157
f 4494/5216/1158 4501/5220/1158 4502/5221/1158
f 4495/5217/1159 4502/5221/1159 4503/5222/1159
f 4488/5219/1160 4592/5223/1160 4496/5224/1160
f 4488/5219/1161 4497/5225/1161 4489/5211/1161
f 4489/5211/1162 4498/5226/1162 4490/5212/1162
f 4490/5212/1163 4499/5227/1163 4491/5213/1163
f 4492/5214/1164 4499/5227/1164 4500/5228/1164
f 4492/5214/1165 4501/5220/1165 4493/5215/1165
f 4498/5226/1166 4507/5229/1166 4499/5227/1166
f 4500/5228/1167 4507/5229/1167 4508/5230/1167
f 4500/5228/1168 4509/5231/1168 4501/5220/1168
f 4502/5221/1169 4509/5231/1169 4510/5232/1169
f 4503/5222/1170 4510/5232/1170 4511/5233/1170
f 4496/5224/1171 4592/5234/1171 4504/5235/1171
f 4496/5224/1172 4505/5236/1172 4497/5225/1172
f 4498/5226/1173 4505/5236/1173 4506/5237/1173
f 4511/5233/1174 4518/5238/1174 4519/5239/1174
f 4504/5235/1175 4592/5240/1175 4512/5241/1175
f 4504/5235/1176 4513/5242/1176 4505/5236/1176
f 4505/5236/1177 4514/5243/1177 4506/5237/1177
f 4506/5237/1178 4515/5244/1178 4507/5229/1178
f 4508/5230/1179 4515/5244/1179 4516/5245/1179
f 4508/5230/1180 4517/5246/1180 4509/5231/1180
f 4510/5232/1181 4517/5246/1181 4518/5238/1181
f 4515/5244/1182 4524/5247/1182 4516/5245/1182
f 4516/5245/1183 4525/5248/1183 4517/5246/1183
f 4517/5246/1184 4526/5249/1184 4518/5238/1184
f 4519/5239/1185 4526/5249/1185 4527/5250/1185
f 4512/5241/1186 4592/5251/1186 4520/5252/1186
f 4512/5241/1187 4521/5253/1187 4513/5242/1187
f 4514/5243/1188 4521/5253/1188 4522/5254/1188
f 4514/5243/1189 4523/5255/1189 4515/5244/1189
f 4520/5252/1190 4592/5256/1190 4528/5257/1190
f 4520/5252/1191 4529/5258/1191 4521/5253/1191
f 4521/5253/1192 4530/5259/1192 4522/5254/1192
f 4522/5254/1193 4531/5260/1193 4523/5255/1193
f 4523/5255/1194 4532/5261/1194 4524/5247/1194
f 4524/5247/1195 4533/5262/1195 4525/5248/1195
f 4526/5249/1196 4533/5262/1196 4534/5263/1196
f 4527/5250/1197 4534/5263/1197 4535/5264/1197
f 4531/5260/1198 4540/5265/1198 4532/5261/1198
f 4532/5261/1199 4541/5266/1199 4533/5262/1199
f 4534/5263/1200 4541/5266/1200 4542/5267/1200
f 4535/5264/1201 4542/5267/1201 4543/5268/1201
f 4528/5257/1202 4592/5269/1202 4536/5270/1202
f 4528/5257/1203 4537/5271/1203 4529/5258/1203
f 4529/5258/1204 4538/5272/1204 4530/5259/1204
f 4530/5259/1205 4539/5273/1205 4531/5260/1205
f 4536/5270/1206 4545/5274/1206 4537/5271/1206
f 4537/5271/1207 4546/5275/1207 4538/5272/1207
f 4538/5272/1208 4547/5276/1208 4539/5273/1208
f 4539/5273/1209 4548/5277/1209 4540/5265/1209
f 4540/5265/1210 4549/5278/1210 4541/5266/1210
f 4542/5267/1211 4549/5278/1211 4550/5279/1211
f 4543/5268/1212 4550/5279/1212 4551/5280/1212
f 4536/5270/1213 4592/5281/1213 4544/5282/1213
f 4548/5277/1214 4557/5283/1214 4549/5278/1214
f 4550/5279/1215 4557/5283/1215 4558/5284/1215
f 4551/5280/1216 4558/5284/1216 4559/5285/1216
f 4544/5282/1217 4592/5286/1217 4552/5287/1217
f 4544/5282/1218 4553/5288/1218 4545/5274/1218
f 4545/5274/1219 4554/5289/1219 4546/5275/1219
f 4546/5275/1220 4555/5290/1220 4547/5276/1220
f 4547/5276/1221 4556/5291/1221 4548/5277/1221
f 4552/5287/1222 4561/5292/1222 4553/5288/1222
f 4553/5288/1223 4562/5293/1223 4554/5289/1223
f 4554/5289/1224 4563/5294/1224 4555/5290/1224
f 4556/5291/1225 4563/5294/1225 4564/5295/1225
f 4556/5291/1226 4565/5296/1226 4557/5283/1226
f 4558/5284/1227 4565/5296/1227 4566/5297/1227
f 4559/5285/1228 4566/5297/1228 4567/5298/1228
f 4552/5287/1229 4592/5299/1229 4560/5300/1229
f 4565/5296/1230 4572/5301/1230 4573/5302/1230
f 4566/5297/1231 4573/5302/1231 4574/5303/1231
f 4567/5298/1232 4574/5303/1232 4575/5304/1232
f 4560/5300/1233 4592/5305/1233 4568/5306/1233
f 4560/5300/1234 4569/5307/1234 4561/5292/1234
f 4561/5292/1235 4570/5308/1235 4562/5293/1235
f 4562/5293/1236 4571/5309/1236 4563/5294/1236
f 4563/5294/1237 4572/5301/1237 4564/5295/1237
f 4569/5307/1238 4578/5310/1238 4570/5308/1238
f 4570/5308/1239 4579/5311/1239 4571/5309/1239
f 4571/5309/1240 4580/5312/1240 4572/5301/1240
f 4573/5302/1241 4580/5312/1241 4581/5313/1241
f 4574/5303/1242 4581/5313/1242 4582/5314/1242
f 4575/5304/1243 4582/5314/1243 4583/5315/1243
f 4568/5306/1244 4592/5316/1244 4576/5317/1244
f 4568/5306/1245 4577/5318/1245 4569/5307/1245
f 4582/5314/1246 4589/5319/1246 4590/5320/1246
f 4583/5315/1247 4590/5320/1247 4591/5321/1247
f 4576/5317/1248 4592/5322/1248 4584/5323/1248
f 4577/5318/1249 4584/5323/1249 4585/5324/1249
f 4577/5318/1250 4586/5325/1250 4578/5310/1250
f 4578/5310/1251 4587/5326/1251 4579/5311/1251
f 4579/5311/1252 4588/5327/1252 4580/5312/1252
f 4581/5313/1253 4588/5327/1253 4589/5319/1253
f 4586/5325/1254 4596/5328/1254 4587/5326/1254
f 4587/5326/1255 4597/5329/1255 4588/5327/1255
f 4588/5327/1256 4598/5330/1256 4589/5319/1256
f 4590/5320/1257 4598/5330/1257 4599/5331/1257
f 4591/5321/1258 4599/5331/1258 4600/5332/1258
f 4584/5323/1259 4592/5333/1259 4593/5334/1259
f 4584/5323/1260 4594/5335/1260 4585/5324/1260
f 4586/5325/1261 4594/5335/1261 4595/5336/1261
f 4600/5332/1262 4607/5337/1262 4608/5338/1262
f 4593/5334/1263 4592/5339/1263 4601/5340/1263
f 4593/5334/1264 4602/5341/1264 4594/5335/1264
f 4595/5336/1265 4602/5341/1265 4603/5342/1265
f 4595/5336/1266 4604/5343/1266 4596/5328/1266
f 4597/5329/1267 4604/5343/1267 4605/5344/1267
f 4598/5330/1268 4605/5344/1268 4606/5345/1268
f 4599/5331/1269 4606/5345/1269 4607/5337/1269
f 4603/5342/1270 4612/5346/1270 4604/5343/1270
f 4605/5344/1271 4612/5346/1271 4613/5347/1271
f 4606/5345/1272 4613/5347/1272 4614/5348/1272
f 4607/5337/1273 4614/5348/1273 4615/5349/1273
f 4608/5338/1274 4615/5349/1274 4616/5350/1274
f 4601/5340/1275 4592/5351/1275 4609/5352/1275
f 4601/5340/1276 4610/5353/1276 4602/5341/1276
f 4602/5341/1277 4611/5354/1277 4603/5342/1277
f 4616/5355/1278 4623/5356/1278 4624/5357/1278
f 4609/5358/1279 4592/5359/1279 4617/5360/1279
f 4609/5358/1280 4618/5361/1280 4610/5362/1280
f 4610/5362/1281 4619/5363/1281 4611/5364/1281
f 4611/5364/1282 4620/5365/1282 4612/5366/1282
f 4612/5366/1283 4621/5367/1283 4613/5368/1283
f 4613/5368/1284 4622/5369/1284 4614/5370/1284
f 4615/5371/1285 4622/5369/1285 4623/5356/1285
f 4620/5365/1286 4629/5372/1286 4621/5367/1286
f 4621/5367/1287 4630/5373/1287 4622/5369/1287
f 4623/5356/1288 4630/5373/1288 4631/5374/1288
f 4624/5357/1289 4631/5374/1289 4632/5375/1289
f 4617/5360/1290 4592/5376/1290 4625/5377/1290
f 4617/5360/1291 4626/5378/1291 4618/5361/1291
f 4618/5361/1292 4627/5379/1292 4619/5363/1292
f 4619/5363/1293 4628/5380/1293 4620/5365/1293
f 4625/5377/1294 4592/5381/1294 4633/5382/1294
f 4626/5378/1295 4633/5382/1295 4634/5383/1295
f 4626/5378/1296 4635/5384/1296 4627/5379/1296
f 4627/5379/1297 4636/5385/1297 4628/5380/1297
f 4629/5372/1298 4636/5385/1298 4637/5386/1298
f 4629/5372/1299 4638/5387/1299 4630/5373/1299
f 4631/5374/1300 4638/5387/1300 4639/5388/1300
f 4632/5375/1301 4639/5388/1301 4640/5389/1301
f 4636/5385/1302 4645/5390/1302 4637/5386/1302
f 4637/5386/1303 4646/5391/1303 4638/5387/1303
f 4639/5388/1304 4646/5391/1304 4647/5392/1304
f 4640/5389/1305 4647/5392/1305 4648/5393/1305
f 4633/5382/1306 4592/5394/1306 4641/5395/1306
f 4634/5383/1307 4641/5395/1307 4642/5396/1307
f 4634/5383/1308 4643/5397/1308 4635/5384/1308
f 4635/5384/1309 4644/5398/1309 4636/5385/1309
f 4641/5395/1310 4650/5399/1310 4642/5396/1310
f 4642/5396/1311 4651/5400/1311 4643/5397/1311
f 4643/5397/1312 4652/5401/1312 4644/5398/1312
f 4644/5398/1313 4653/5402/1313 4645/5390/1313
f 4646/5391/1314 4653/5402/1314 4654/5403/1314
f 4647/5392/1315 4654/5403/1315 4655/5404/1315
f 4648/5393/1316 4655/5404/1316 4656/5405/1316
f 4641/5395/1317 4592/5406/1317 4649/5407/1317
f 4654/5403/1318 4661/5408/1318 4662/5409/1318
f 4655/5404/1319 4662/5409/1319 4663/5410/1319
f 4656/5405/1320 4663/5410/1320 4664/5411/1320
f 4649/5407/1321 4592/5412/1321 4657/5413/1321
f 4650/5399/1322 4657/5413/1322 4658/5414/1322
f 4650/5399/1323 4659/5415/1323 4651/5400/1323
f 4651/5400/1324 4660/5416/1324 4652/5401/1324
f 4653/5402/1325 4660/5416/1325 4661/5408/1325
f 4659/5415/1326 4666/5417/1326 4667/5418/1326
f 4659/5415/1327 4668/5419/1327 4660/5416/1327
f 4660/5416/1328 4669/5420/1328 4661/5408/1328
f 4662/5409/1329 4669/5420/1329 4670/5421/1329
f 4663/5410/1330 4670/5421/1330 4671/5422/1330
f 4664/5411/1331 4671/5422/1331 4672/5423/1331
f 4657/5413/1332 4592/5424/1332 4665/5425/1332
f 4657/5413/1333 4666/5417/1333 4658/5414/1333
f 4671/5422/1334 4422/5133/1334 4423/5135/1334
f 4672/5423/1335 4423/5135/1335 4673/5136/1335
f 4665/5425/1336 4592/5426/1336 4417/5138/1336
f 4666/5417/1337 4417/5138/1337 4418/5142/1337
f 4667/5418/1338 4418/5142/1338 4419/5144/1338
f 4668/5419/1339 4419/5144/1339 4420/5145/1339
f 4669/5420/1340 4420/5145/1340 4421/5131/1340
f 4559/5285/1085 4624/5357/1085 4431/5137/1085
f 4670/5421/1341 4421/5131/1341 4422/5133/1341
f 2307/2939/1052 2310/2942/1052 2423/2940/1052
f 2310/2942/1053 2313/2944/1053 2445/2943/1053
f 2313/2944/1054 2316/2946/1054 2467/2945/1054
f 2316/2946/1055 2319/2948/1055 2489/2947/1055
f 2319/2948/1056 2322/2950/1056 2511/2949/1056
f 2322/2950/1057 2325/2952/1057 2533/2951/1057
f 2325/2952/1058 2328/2954/1058 2555/2953/1058
f 2328/2954/1059 2331/2956/1059 2577/2955/1059
f 2331/2956/1060 2334/2958/1060 2599/2957/1060
f 2334/2958/1061 2337/2960/1061 2621/2959/1061
f 2337/2960/1062 2340/2962/1062 2643/2961/1062
f 2340/2962/1063 2343/2964/1063 2665/2963/1063
f 2343/2964/1064 2346/2966/1064 2687/2965/1064
f 2346/2966/1065 2349/2968/1065 2709/2967/1065
f 2349/2968/1066 2352/2970/1066 2731/2969/1066
f 2352/2970/1067 2355/2972/1067 2753/2971/1067
f 2355/2972/1068 2358/2974/1068 2775/2973/1068
f 2358/2974/1069 2361/2976/1069 2797/2975/1069
f 2361/2976/1070 2364/2978/1070 2819/2977/1070
f 2364/2978/1071 2367/2980/1071 2841/2979/1071
f 2367/2980/1072 2370/2982/1072 2863/2981/1072
f 2370/2982/1073 2373/2984/1073 2885/2983/1073
f 2373/2984/1074 2376/2986/1074 2907/2985/1074
f 2376/2986/1075 2379/2988/1075 2929/2987/1075
f 2379/2988/1076 2382/2990/1076 2951/2989/1076
f 2382/2990/1077 2385/2992/1077 2973/2991/1077
f 2385/2992/1078 2388/2994/1078 2995/2993/1078
f 2388/2994/1079 2391/2996/1079 3017/2995/1079
f 2391/2996/1080 2394/2998/1080 3039/2997/1080
f 2394/2998/1081 2397/3006/1081 3061/2999/1081
f 3131/5427/1082 3129/5428/1082 2361/5429/1082
f 2361/5429/1082 2358/5430/1082 3131/5427/1082
f 2358/5430/1082 2355/5431/1082 3115/5432/1082
f 2355/5431/1082 2352/5433/1082 3116/3002/1082
f 2352/5433/1082 2349/3000/1082 3116/3002/1082
f 2349/3000/1082 2346/5434/1082 3117/5435/1082
f 2346/5434/1082 2343/5436/1082 3118/5437/1082
f 2343/5436/1082 2340/5438/1082 3118/5437/1082
f 2340/5438/1082 2337/5439/1082 3134/5440/1082
f 3118/5437/1082 2340/5438/1082 3134/5440/1082
f 2337/5439/1082 3135/5441/1082 3134/5440/1082
f 2346/5434/1082 3118/5437/1082 3117/5435/1082
f 2358/5430/1082 3115/5432/1082 3131/5427/1082
f 3116/3002/1082 3115/5432/1082 2355/5431/1082
f 2349/3000/1082 3117/5435/1082 3119/3001/1082
f 3136/5442/1082 3135/5441/1082 2337/5439/1082
f 2337/5439/1082 2334/5443/1082 3136/5442/1082
f 2334/5443/1082 2331/5444/1082 3123/5445/1082
f 2331/5444/1082 2328/5446/1082 3122/5447/1082
f 2328/5446/1082 2325/5448/1082 3122/5447/1082
f 2325/5448/1082 2322/5449/1082 3121/5450/1082
f 2322/5449/1082 2319/5451/1082 3120/5452/1082
f 2319/5451/1082 2316/5453/1082 3120/5452/1082
f 2316/5453/1082 2313/5454/1082 3132/5455/1082
f 3120/5452/1082 2316/5453/1082 3132/5455/1082
f 2313/5454/1082 2310/5456/1082 3130/5457/1082
f 2310/5456/1082 2307/5458/1082 3130/5457/1082
f 2307/5458/1082 2400/5459/1082 3107/5460/1082
f 2400/5459/1082 2397/3003/1082 3108/3005/1082
f 3107/5460/1082 2400/5459/1082 3108/3005/1082
f 2397/3003/1082 2394/5461/1082 3106/5462/1082
f 2394/5461/1082 2391/5463/1082 3105/5464/1082
f 2391/5463/1082 2388/5465/1082 3105/5464/1082
f 2388/5465/1082 2385/5466/1082 3126/5467/1082
f 3105/5464/1082 2388/5465/1082 3126/5467/1082
f 2385/5466/1082 2382/5468/1082 3125/5469/1082
f 2382/5468/1082 2379/5470/1082 3110/5471/1082
f 2379/5470/1082 2376/5472/1082 3111/5473/1082
f 2376/5472/1082 2373/5474/1082 3111/5473/1082
f 2373/5474/1082 2370/5475/1082 3113/5476/1082
f 2370/5475/1082 2367/5477/1082 3112/5478/1082
f 2367/5477/1082 2364/5479/1082 3112/5478/1082
f 2364/5479/1082 2361/5429/1082 3128/5480/1082
f 3112/5478/1082 2364/5479/1082 3128/5480/1082
f 2361/5429/1082 3129/5428/1082 3128/5480/1082
f 2370/5475/1082 3112/5478/1082 3113/5476/1082
f 2382/5468/1082 3110/5471/1082 3125/5469/1082
f 2394/5461/1082 3105/5464/1082 3106/5462/1082
f 3130/5457/1082 2307/5458/1082 3107/5460/1082
f 2322/5449/1082 3120/5452/1082 3121/5450/1082
f 2334/5443/1082 3123/5445/1082 3136/5442/1082
f 3122/5447/1082 3123/5445/1082 2331/5444/1082
f 3124/5481/1082 3122/5447/1082 2325/5448/1082
f 2373/5474/1082 3113/5476/1082 3114/5482/1082
f 2373/5474/1082 3114/5482/1082 3111/5473/1082
f 3121/5450/1082 3124/5481/1082 2325/5448/1082
f 2379/5470/1082 3111/5473/1082 3110/5471/1082
f 2385/5466/1082 3125/5469/1082 3127/5483/1082
f 3133/5484/1082 3132/5455/1082 2313/5454/1082
f 3130/5457/1082 3133/5484/1082 2313/5454/1082
f 2385/5466/1082 3127/5483/1082 3126/5467/1082
f 2397/3003/1082 3106/5462/1082 3109/3004/1082
f 2397/3006/1083 2400/3008/1083 3083/3007/1083
f 2400/3008/1084 2307/5485/1084 2422/3009/1084
f 2396/5486/1342 2398/5487/1342 2306/5488/1342
f 2306/5488/1343 2309/5489/1343 2312/5490/1343
f 2312/5490/1085 2315/5491/1085 2323/3010/1085
f 2315/5491/1085 2318/5492/1085 2323/3010/1085
f 2318/5492/1085 2321/5493/1085 2323/3010/1085
f 2323/3010/1085 2326/5494/1085 2329/5495/1085
f 2329/5495/1085 2333/5496/1085 2323/3010/1085
f 2333/5496/1085 2336/5497/1085 2323/3010/1085
f 2336/5497/1085 2338/5498/1085 2341/5499/1085
f 2341/5499/1085 2344/5500/1085 2347/3011/1085
f 2347/3011/1085 2350/5501/1085 2353/5502/1085
f 2353/5502/1085 2356/5503/1085 2359/5504/1085
f 2359/5504/1085 2363/5505/1085 2365/5506/1085
f 2365/5506/1085 2368/5507/1085 2371/3012/1085
f 2371/3012/1085 2375/5508/1085 2383/5509/1085
f 2375/5508/1085 2378/5510/1085 2383/5509/1085
f 2378/5510/1085 2380/5511/1085 2383/5509/1085
f 2383/5509/1085 2386/5512/1085 2390/5513/1085
f 2390/5513/1343 2393/5514/1343 2396/5486/1343
f 2396/5486/1085 2306/5488/1085 2323/3010/1085
f 2306/5488/1085 2312/5490/1085 2323/3010/1085
f 2336/5497/1085 2341/5499/1085 2347/3011/1085
f 2347/3011/1085 2353/5502/1085 2359/5504/1085
f 2359/5504/1085 2365/5506/1085 2371/3012/1085
f 2383/5509/1085 2390/5513/1085 2371/3012/1085
f 2390/5513/1085 2396/5486/1085 2371/3012/1085
f 2323/3010/1085 2336/5497/1085 2347/3011/1085
f 2347/3011/1085 2359/5504/1085 2371/3012/1085
f 2396/5486/1085 2323/3010/1085 2371/3012/1085
f 3104/3013/1084 2401/3017/1084 2306/3014/1084
f 3101/3016/1084 2403/3019/1084 2401/3017/1084
f 3101/3016/1084 3100/3020/1084 2405/3018/1084
f 3100/3020/1084 3098/3022/1084 2407/3021/1084
f 3098/3022/1084 3095/3024/1084 2410/3023/1084
f 3095/3024/1084 3094/3026/1084 2412/3025/1084
f 3094/3026/1084 3091/3028/1084 2413/3027/1084
f 3091/3028/1084 3089/3030/1084 2415/3029/1084
f 3089/3030/1084 3087/3032/1084 2417/3031/1084
f 3087/3032/1084 3086/3034/1084 2419/3033/1084
f 3086/3034/1084 3085/3036/1084 2420/3035/1084
f 3085/3036/1084 3084/3287/1084 2421/3037/1084
f 2776/3038/1085 2754/3130/1085 3145/3039/1085
f 3082/3041/1083 3104/3013/1083 2398/3015/1083
f 3080/3043/1083 3101/3016/1083 3104/3013/1083
f 3077/3044/1083 3100/3020/1083 3101/3016/1083
f 3075/3045/1083 3098/3022/1083 3100/3020/1083
f 3073/3046/1083 3095/3024/1083 3098/3022/1083
f 3071/3047/1083 3094/3026/1083 3095/3024/1083
f 3069/3048/1083 3091/3028/1083 3094/3026/1083
f 3067/3049/1083 3089/3030/1083 3091/3028/1083
f 3065/3050/1083 3087/3032/1083 3089/3030/1083
f 3064/3051/1083 3086/3034/1083 3087/3032/1083
f 3063/3052/1083 3085/3036/1083 3086/3034/1083
f 3062/3053/1083 3084/3287/1083 3085/3036/1083
f 2577/2955/1082 3147/3861/1082 3172/3054/1082
f 3059/3055/1081 3082/3041/1081 2396/3042/1081
f 3057/3057/1081 3080/3043/1081 3082/3041/1081
f 3055/3058/1081 3077/3044/1081 3080/3043/1081
f 3053/3059/1081 3075/3045/1081 3077/3044/1081
f 3051/3060/1081 3073/3046/1081 3075/3045/1081
f 3049/3061/1081 3071/3047/1081 3073/3046/1081
f 3047/3062/1081 3069/3048/1081 3071/3047/1081
f 3045/3063/1081 3067/3049/1081 3069/3048/1081
f 3043/3064/1081 3065/3050/1081 3067/3049/1081
f 3042/3065/1081 3064/3051/1081 3065/3050/1081
f 3041/3066/1081 3063/3052/1081 3064/3051/1081
f 3040/3067/1081 3062/3053/1081 3063/3052/1081
f 2468/3068/1085 2446/3100/1085 3200/3069/1085
f 3037/3071/1080 3059/3055/1080 2393/3056/1080
f 3035/3073/1080 3057/3057/1080 3059/3055/1080
f 3034/3074/1080 3055/3058/1080 3057/3057/1080
f 3032/3075/1080 3053/3059/1080 3055/3058/1080
f 3029/3076/1080 3051/3060/1080 3053/3059/1080
f 3027/3077/1080 3049/3061/1080 3051/3060/1080
f 3025/3078/1080 3047/3062/1080 3049/3061/1080
f 3023/3079/1080 3045/3063/1080 3047/3062/1080
f 3021/3080/1080 3043/3064/1080 3045/3063/1080
f 3020/3081/1080 3042/3065/1080 3043/3064/1080
f 3019/3082/1080 3041/3066/1080 3042/3065/1080
f 3018/3083/1080 3040/3067/1080 3041/3066/1080
f 2688/3084/1085 2666/3313/1085 3153/3085/1085
f 3015/3087/1079 3037/3071/1079 2390/3072/1079
f 3013/3089/1079 3035/3073/1079 3037/3071/1079
f 3011/3090/1079 3034/3074/1079 3035/3073/1079
f 3009/3091/1079 3032/3075/1079 3034/3074/1079
f 3008/3092/1079 3029/3076/1079 3032/3075/1079
f 3005/3093/1079 3027/3077/1079 3029/3076/1079
f 3004/3094/1079 3025/3078/1079 3027/3077/1079
f 3002/3095/1079 3023/3079/1079 3025/3078/1079
f 3000/3096/1079 3021/3080/1079 3023/3079/1079
f 2998/3097/1079 3020/3081/1079 3021/3080/1079
f 2997/3098/1079 3019/3082/1079 3020/3081/1079
f 2996/3099/1079 3018/3083/1079 3019/3082/1079
f 2446/3100/1085 2424/3244/1085 3166/3101/1085
f 2994/3102/1078 3015/3087/1078 2386/3088/1078
f 2991/3104/1078 3013/3089/1078 3015/3087/1078
f 2990/3105/1078 3011/3090/1078 3013/3089/1078
f 2987/3106/1078 3009/3091/1078 3011/3090/1078
f 2985/3107/1078 3008/3092/1078 3009/3091/1078
f 2983/3108/1078 3005/3093/1078 3008/3092/1078
f 2981/3109/1078 3004/3094/1078 3005/3093/1078
f 2979/3110/1078 3002/3095/1078 3004/3094/1078
f 2977/3111/1078 3000/3096/1078 3002/3095/1078
f 2976/3112/1078 2998/3097/1078 3000/3096/1078
f 2975/3113/1078 2997/3098/1078 2998/3097/1078
f 2974/3114/1078 2996/3099/1078 2997/3098/1078
f 2555/2953/1082 3172/3054/1082 3170/3115/1082
f 2972/3116/1077 2994/3102/1077 2383/3103/1077
f 2970/3118/1077 2991/3104/1077 2994/3102/1077
f 2968/3119/1077 2990/3105/1077 2991/3104/1077
f 2966/3120/1077 2987/3106/1077 2990/3105/1077
f 2964/3121/1077 2985/3107/1077 2987/3106/1077
f 2962/3122/1077 2983/3108/1077 2985/3107/1077
f 2960/3123/1077 2981/3109/1077 2983/3108/1077
f 2958/3124/1077 2979/3110/1077 2981/3109/1077
f 2956/3125/1077 2977/3111/1077 2979/3110/1077
f 2954/3126/1077 2976/3112/1077 2977/3111/1077
f 2953/3127/1077 2975/3113/1077 2976/3112/1077
f 2952/3128/1077 2974/3114/1077 2975/3113/1077
f 2732/3129/1085 3169/3438/1085 3145/3039/1085
f 2949/3131/1076 2972/3116/1076 2380/3117/1076
f 2947/3133/1076 2970/3118/1076 2972/3116/1076
f 2945/3134/1076 2968/3119/1076 2970/3118/1076
f 2944/3135/1076 2966/3120/1076 2968/3119/1076
f 2942/3136/1076 2964/3121/1076 2966/3120/1076
f 2939/3137/1076 2962/3122/1076 2964/3121/1076
f 2937/3138/1076 2960/3123/1076 2962/3122/1076
f 2936/3139/1076 2958/3124/1076 2960/3123/1076
f 2934/3140/1076 2956/3125/1076 2958/3124/1076
f 2932/3141/1076 2954/3126/1076 2956/3125/1076
f 2931/3142/1076 2953/3127/1076 2954/3126/1076
f 2930/3143/1076 2952/3128/1076 2953/3127/1076
f 2776/3038/1085 3146/3040/1085 3187/3144/1085
f 2927/3146/1075 2949/3131/1075 2378/3132/1075
f 2925/3148/1075 2947/3133/1075 2949/3131/1075
f 2923/3149/1075 2945/3134/1075 2947/3133/1075
f 2922/3150/1075 2944/3135/1075 2945/3134/1075
f 2920/3151/1075 2942/3136/1075 2944/3135/1075
f 2917/3152/1075 2939/3137/1075 2942/3136/1075
f 2915/3153/1075 2937/3138/1075 2939/3137/1075
f 2913/3154/1075 2936/3139/1075 2937/3138/1075
f 2912/3155/1075 2934/3140/1075 2936/3139/1075
f 2910/3156/1075 2932/3141/1075 2934/3140/1075
f 2909/3157/1075 2931/3142/1075 2932/3141/1075
f 2908/3158/1075 2930/3143/1075 2931/3142/1075
f 2643/2961/1082 3160/3858/1082 3189/3159/1082
f 2905/3160/1074 2927/3146/1074 2375/3147/1074
f 2903/3162/1074 2925/3148/1074 2927/3146/1074
f 2901/3163/1074 2923/3149/1074 2925/3148/1074
f 2900/3164/1074 2922/3150/1074 2923/3149/1074
f 2897/3165/1074 2920/3151/1074 2922/3150/1074
f 2895/3166/1074 2917/3152/1074 2920/3151/1074
f 2893/3167/1074 2915/3153/1074 2917/3152/1074
f 2891/3168/1074 2913/3154/1074 2915/3153/1074
f 2889/3169/1074 2912/3155/1074 2913/3154/1074
f 2888/3170/1074 2910/3156/1074 2912/3155/1074
f 2887/3171/1074 2909/3157/1074 2910/3156/1074
f 2886/3172/1074 2908/3158/1074 2909/3157/1074
f 2533/2951/1082 3170/3115/1082 3193/3173/1082
f 2884/3174/1073 2905/3160/1073 2371/3161/1073
f 2882/3176/1073 2903/3162/1073 2905/3160/1073
f 2880/3177/1073 2901/3163/1073 2903/3162/1073
f 2878/3178/1073 2900/3164/1073 2901/3163/1073
f 2876/3179/1073 2897/3165/1073 2900/3164/1073
f 2874/3180/1073 2895/3166/1073 2897/3165/1073
f 2872/3181/1073 2893/3167/1073 2895/3166/1073
f 2870/3182/1073 2891/3168/1073 2893/3167/1073
f 2868/3183/1073 2889/3169/1073 2891/3168/1073
f 2866/3184/1073 2888/3170/1073 2889/3169/1073
f 2865/3185/1073 2887/3171/1073 2888/3170/1073
f 2864/3186/1073 2886/3172/1073 2887/3171/1073
f 3018/3083/1085 2996/3099/1085 3143/3187/1085
f 2862/3189/1072 2884/3174/1072 2368/3175/1072
f 2860/3191/1072 2882/3176/1072 2884/3174/1072
f 2857/3192/1072 2880/3177/1072 2882/3176/1072
f 2856/3193/1072 2878/3178/1072 2880/3177/1072
f 2854/3194/1072 2876/3179/1072 2878/3178/1072
f 2851/3195/1072 2874/3180/1072 2876/3179/1072
f 2849/3196/1072 2872/3181/1072 2874/3180/1072
f 2847/3197/1072 2870/3182/1072 2872/3181/1072
f 2845/3198/1072 2868/3183/1072 2870/3182/1072
f 2844/3199/1072 2866/3184/1072 2868/3183/1072
f 2843/3200/1072 2865/3185/1072 2866/3184/1072
f 2842/3201/1072 2864/3186/1072 2865/3185/1072
f 2951/2989/1082 3156/3852/1082 3154/3202/1082
f 2839/3203/1071 2862/3189/1071 2365/3190/1071
f 2837/3205/1071 2860/3191/1071 2862/3189/1071
f 2835/3206/1071 2857/3192/1071 2860/3191/1071
f 2833/3207/1071 2856/3193/1071 2857/3192/1071
f 2832/3208/1071 2854/3194/1071 2856/3193/1071
f 2829/3209/1071 2851/3195/1071 2854/3194/1071
f 2827/3210/1071 2849/3196/1071 2851/3195/1071
f 2825/3211/1071 2847/3197/1071 2849/3196/1071
f 2823/3212/1071 2845/3198/1071 2847/3197/1071
f 2822/3213/1071 2844/3199/1071 2845/3198/1071
f 2821/3214/1071 2843/3200/1071 2844/3199/1071
f 2820/3215/1071 2842/3201/1071 2843/3200/1071
f 2908/3158/1085 3190/3425/1085 3155/3216/1085
f 2817/3217/1070 2839/3203/1070 2363/3204/1070
f 2815/3219/1070 2837/3205/1070 2839/3203/1070
f 2813/3220/1070 2835/3206/1070 2837/3205/1070
f 2811/3221/1070 2833/3207/1070 2835/3206/1070
f 2809/3222/1070 2832/3208/1070 2833/3207/1070
f 2807/3223/1070 2829/3209/1070 2832/3208/1070
f 2805/3224/1070 2827/3210/1070 2829/3209/1070
f 2803/3225/1070 2825/3211/1070 2827/3210/1070
f 2801/3226/1070 2823/3212/1070 2825/3211/1070
f 2800/3227/1070 2822/3213/1070 2823/3212/1070
f 2799/3228/1070 2821/3214/1070 2822/3213/1070
f 2798/3145/1070 2820/3215/1070 2821/3214/1070
f 2842/3201/1085 2820/3215/1085 3138/3229/1085
f 2795/3231/1069 2817/3217/1069 2359/3218/1069
f 2793/3233/1069 2815/3219/1069 2817/3217/1069
f 2791/3234/1069 2813/3220/1069 2815/3219/1069
f 2789/3235/1069 2811/3221/1069 2813/3220/1069
f 2787/3236/1069 2809/3222/1069 2811/3221/1069
f 2785/3237/1069 2807/3223/1069 2809/3222/1069
f 2783/3238/1069 2805/3224/1069 2807/3223/1069
f 2782/3239/1069 2803/3225/1069 2805/3224/1069
f 2780/3240/1069 2801/3226/1069 2803/3225/1069
f 2778/3241/1069 2800/3227/1069 2801/3226/1069
f 2777/3242/1069 2799/3228/1069 2800/3227/1069
f 2776/3038/1069 2798/3145/1069 2799/3228/1069
f 2421/3243/1085 3164/3871/1085 3166/3101/1085
f 2773/3245/1068 2795/3231/1068 2356/3232/1068
f 2772/3247/1068 2793/3233/1068 2795/3231/1068
f 2769/3248/1068 2791/3234/1068 2793/3233/1068
f 2767/3249/1068 2789/3235/1068 2791/3234/1068
f 2765/3250/1068 2787/3236/1068 2789/3235/1068
f 2763/3251/1068 2785/3237/1068 2787/3236/1068
f 2761/3252/1068 2783/3238/1068 2785/3237/1068
f 2760/3253/1068 2782/3239/1068 2783/3238/1068
f 2758/3254/1068 2780/3240/1068 2782/3239/1068
f 2756/3255/1068 2778/3241/1068 2780/3240/1068
f 2755/3256/1068 2777/3242/1068 2778/3241/1068
f 2754/3130/1068 2776/3038/1068 2777/3242/1068
f 2644/3257/1085 2622/3341/1085 3182/3258/1085
f 2752/3260/1067 2773/3245/1067 2353/3246/1067
f 2749/3262/1067 2772/3247/1067 2773/3245/1067
f 2747/3263/1067 2769/3248/1067 2772/3247/1067
f 2745/3264/1067 2767/3249/1067 2769/3248/1067
f 2743/3265/1067 2765/3250/1067 2767/3249/1067
f 2741/3266/1067 2763/3251/1067 2765/3250/1067
f 2739/3267/1067 2761/3252/1067 2763/3251/1067
f 2737/3268/1067 2760/3253/1067 2761/3252/1067
f 2735/3269/1067 2758/3254/1067 2760/3253/1067
f 2734/3270/1067 2756/3255/1067 2758/3254/1067
f 2733/3271/1067 2755/3256/1067 2756/3255/1067
f 2732/3129/1067 2754/3130/1067 2755/3256/1067
f 3017/2995/1082 3144/3849/1082 3142/3272/1082
f 2729/3273/1066 2752/3260/1066 2350/3261/1066
f 2727/3275/1066 2749/3262/1066 2752/3260/1066
f 2725/3276/1066 2747/3263/1066 2749/3262/1066
f 2723/3277/1066 2745/3264/1066 2747/3263/1066
f 2721/3278/1066 2743/3265/1066 2745/3264/1066
f 2719/3279/1066 2741/3266/1066 2743/3265/1066
f 2717/3280/1066 2739/3267/1066 2741/3266/1066
f 2715/3281/1066 2737/3268/1066 2739/3267/1066
f 2713/3282/1066 2735/3269/1066 2737/3268/1066
f 2712/3283/1066 2734/3270/1066 2735/3269/1066
f 2711/3284/1066 2733/3271/1066 2734/3270/1066
f 2710/3285/1066 2732/3129/1066 2733/3271/1066
f 3062/3053/1085 3180/3846/1085 3181/3286/1085
f 2707/3288/1065 2729/3273/1065 2347/3274/1065
f 2705/3290/1065 2727/3275/1065 2729/3273/1065
f 2703/3291/1065 2725/3276/1065 2727/3275/1065
f 2702/3292/1065 2723/3277/1065 2725/3276/1065
f 2700/3293/1065 2721/3278/1065 2723/3277/1065
f 2698/3294/1065 2719/3279/1065 2721/3278/1065
f 2696/3295/1065 2717/3280/1065 2719/3279/1065
f 2694/3296/1065 2715/3281/1065 2717/3280/1065
f 2692/3297/1065 2713/3282/1065 2715/3281/1065
f 2690/3298/1065 2712/3283/1065 2713/3282/1065
f 2689/3299/1065 2711/3284/1065 2712/3283/1065
f 2688/3084/1065 2710/3285/1065 2711/3284/1065
f 2863/2981/1082 3196/3396/1082 3139/3300/1082
f 2686/3301/1064 2707/3288/1064 2344/3289/1064
f 2683/3303/1064 2705/3290/1064 2707/3288/1064
f 2681/3304/1064 2703/3291/1064 2705/3290/1064
f 2679/3305/1064 2702/3292/1064 2703/3291/1064
f 2677/3306/1064 2700/3293/1064 2702/3292/1064
f 2675/3307/1064 2698/3294/1064 2700/3293/1064
f 2673/3308/1064 2696/3295/1064 2698/3294/1064
f 2671/3309/1064 2694/3296/1064 2696/3295/1064
f 2669/3310/1064 2692/3297/1064 2694/3296/1064
f 2668/3311/1064 2690/3298/1064 2692/3297/1064
f 2667/3312/1064 2689/3299/1064 2690/3298/1064
f 2666/3313/1064 2688/3084/1064 2689/3299/1064
f 2885/2983/1082 2907/2985/1082 3185/3314/1082
f 2663/3316/1063 2686/3301/1063 2341/3302/1063
f 2661/3318/1063 2683/3303/1063 2686/3301/1063
f 2660/3319/1063 2681/3304/1063 2683/3303/1063
f 2658/3320/1063 2679/3305/1063 2681/3304/1063
f 2655/3321/1063 2677/3306/1063 2679/3305/1063
f 2654/3322/1063 2675/3307/1063 2677/3306/1063
f 2651/3323/1063 2673/3308/1063 2675/3307/1063
f 2650/3324/1063 2671/3309/1063 2673/3308/1063
f 2648/3325/1063 2669/3310/1063 2671/3309/1063
f 2646/3326/1063 2668/3311/1063 2669/3310/1063
f 2645/3327/1063 2667/3312/1063 2668/3311/1063
f 2644/3257/1063 2666/3313/1063 2667/3312/1063
f 2422/3009/1082 3165/5515/1082 3179/3328/1082
f 2642/3329/1062 2663/3316/1062 2338/3317/1062
f 2640/3331/1062 2661/3318/1062 2663/3316/1062
f 2638/3332/1062 2660/3319/1062 2661/3318/1062
f 2636/3333/1062 2658/3320/1062 2660/3319/1062
f 2634/3334/1062 2655/3321/1062 2658/3320/1062
f 2632/3335/1062 2654/3322/1062 2655/3321/1062
f 2630/3336/1062 2651/3323/1062 2654/3322/1062
f 2628/3337/1062 2650/3324/1062 2651/3323/1062
f 2626/3338/1062 2648/3325/1062 2650/3324/1062
f 2624/3339/1062 2646/3326/1062 2648/3325/1062
f 2623/3340/1062 2645/3327/1062 2646/3326/1062
f 2622/3341/1062 2644/3257/1062 2645/3327/1062
f 2974/3114/1085 3176/3851/1085 3143/3187/1085
f 2620/3342/1061 2642/3329/1061 2336/3330/1061
f 2617/3344/1061 2640/3331/1061 2642/3329/1061
f 2616/3345/1061 2638/3332/1061 2640/3331/1061
f 2614/3346/1061 2636/3333/1061 2638/3332/1061
f 2612/3347/1061 2634/3334/1061 2636/3333/1061
f 2610/3348/1061 2632/3335/1061 2634/3334/1061
f 2607/3349/1061 2630/3336/1061 2632/3335/1061
f 2606/3350/1061 2628/3337/1061 2630/3336/1061
f 2603/3351/1061 2626/3338/1061 2628/3337/1061
f 2602/3352/1061 2624/3339/1061 2626/3338/1061
f 2601/3353/1061 2623/3340/1061 2624/3339/1061
f 2600/3354/1061 2622/3341/1061 2623/3340/1061
f 2864/3186/1085 3198/3853/1085 3184/3355/1085
f 2598/3356/1060 2620/3342/1060 2333/3343/1060
f 2596/3358/1060 2617/3344/1060 2620/3342/1060
f 2594/3359/1060 2616/3345/1060 2617/3344/1060
f 2592/3360/1060 2614/3346/1060 2616/3345/1060
f 2590/3361/1060 2612/3347/1060 2614/3346/1060
f 2588/3362/1060 2610/3348/1060 2612/3347/1060
f 2586/3363/1060 2607/3349/1060 2610/3348/1060
f 2584/3364/1060 2606/3350/1060 2607/3349/1060
f 2582/3365/1060 2603/3351/1060 2606/3350/1060
f 2580/3366/1060 2602/3352/1060 2603/3351/1060
f 2579/3367/1060 2601/3353/1060 2602/3352/1060
f 2578/3368/1060 2600/3354/1060 2601/3353/1060
f 2710/3285/1085 2688/3084/1085 3192/3086/1085
f 2576/3370/1059 2598/3356/1059 2329/3357/1059
f 2574/3372/1059 2596/3358/1059 2598/3356/1059
f 2572/3373/1059 2594/3359/1059 2596/3358/1059
f 2570/3374/1059 2592/3360/1059 2594/3359/1059
f 2568/3375/1059 2590/3361/1059 2592/3360/1059
f 2566/3376/1059 2588/3362/1059 2590/3361/1059
f 2564/3377/1059 2586/3363/1059 2588/3362/1059
f 2562/3378/1059 2584/3364/1059 2586/3363/1059
f 2560/3379/1059 2582/3365/1059 2584/3364/1059
f 2558/3380/1059 2580/3366/1059 2582/3365/1059
f 2557/3381/1059 2579/3367/1059 2580/3366/1059
f 2556/3382/1059 2578/3368/1059 2579/3367/1059
f 2929/2987/1082 3154/3202/1082 3185/3314/1082
f 2554/3383/1058 2576/3370/1058 2326/3371/1058
f 2552/3385/1058 2574/3372/1058 2576/3370/1058
f 2550/3386/1058 2572/3373/1058 2574/3372/1058
f 2548/3387/1058 2570/3374/1058 2572/3373/1058
f 2546/3388/1058 2568/3375/1058 2570/3374/1058
f 2544/3389/1058 2566/3376/1058 2568/3375/1058
f 2542/3390/1058 2564/3377/1058 2566/3376/1058
f 2540/3391/1058 2562/3378/1058 2564/3377/1058
f 2538/3392/1058 2560/3379/1058 2562/3378/1058
f 2536/3393/1058 2558/3380/1058 2560/3379/1058
f 2535/3394/1058 2557/3381/1058 2558/3380/1058
f 2534/3395/1058 2556/3382/1058 2557/3381/1058
f 2885/2983/1082 3183/3315/1082 3196/3396/1082
f 2532/3397/1057 2554/3383/1057 2323/3384/1057
f 2529/3399/1057 2552/3385/1057 2554/3383/1057
f 2527/3400/1057 2550/3386/1057 2552/3385/1057
f 2526/3401/1057 2548/3387/1057 2550/3386/1057
f 2523/3402/1057 2546/3388/1057 2548/3387/1057
f 2521/3403/1057 2544/3389/1057 2546/3388/1057
f 2519/3404/1057 2542/3390/1057 2544/3389/1057
f 2517/3405/1057 2540/3391/1057 2542/3390/1057
f 2515/3406/1057 2538/3392/1057 2540/3391/1057
f 2514/3407/1057 2536/3393/1057 2538/3392/1057
f 2513/3408/1057 2535/3394/1057 2536/3393/1057
f 2512/3409/1057 2534/3395/1057 2535/3394/1057
f 2775/2973/1082 2797/2975/1082 3191/3410/1082
f 2510/3412/1056 2532/3397/1056 2321/3398/1056
f 2508/3414/1056 2529/3399/1056 2532/3397/1056
f 2506/3415/1056 2527/3400/1056 2529/3399/1056
f 2504/3416/1056 2526/3401/1056 2527/3400/1056
f 2501/3417/1056 2523/3402/1056 2526/3401/1056
f 2500/3418/1056 2521/3403/1056 2523/3402/1056
f 2498/3419/1056 2519/3404/1056 2521/3403/1056
f 2495/3420/1056 2517/3405/1056 2519/3404/1056
f 2493/3421/1056 2515/3406/1056 2517/3405/1056
f 2492/3422/1056 2514/3407/1056 2515/3406/1056
f 2491/3423/1056 2513/3408/1056 2514/3407/1056
f 2490/3424/1056 2512/3409/1056 2513/3408/1056
f 2886/3172/1085 3184/3355/1085 3190/3425/1085
f 2487/3426/1055 2510/3412/1055 2318/3413/1055
f 2486/3428/1055 2508/3414/1055 2510/3412/1055
f 2483/3429/1055 2506/3415/1055 2508/3414/1055
f 2481/3430/1055 2504/3416/1055 2506/3415/1055
f 2480/3431/1055 2501/3417/1055 2504/3416/1055
f 2478/3432/1055 2500/3418/1055 2501/3417/1055
f 2476/3433/1055 2498/3419/1055 2500/3418/1055
f 2473/3434/1055 2495/3420/1055 2498/3419/1055
f 2471/3435/1055 2493/3421/1055 2495/3420/1055
f 2470/3436/1055 2492/3422/1055 2493/3421/1055
f 2469/3437/1055 2491/3423/1055 2492/3422/1055
f 2468/3068/1055 2490/3424/1055 2491/3423/1055
f 2732/3129/1085 2710/3285/1085 3168/3369/1085
f 2465/3439/1054 2487/3426/1054 2315/3427/1054
f 2463/3441/1054 2486/3428/1054 2487/3426/1054
f 2462/3442/1054 2483/3429/1054 2486/3428/1054
f 2459/3443/1054 2481/3430/1054 2483/3429/1054
f 2458/3444/1054 2480/3431/1054 2481/3430/1054
f 2456/3445/1054 2478/3432/1054 2480/3431/1054
f 2454/3446/1054 2476/3433/1054 2478/3432/1054
f 2452/3447/1054 2473/3434/1054 2476/3433/1054
f 2449/3448/1054 2471/3435/1054 2473/3434/1054
f 2448/3449/1054 2470/3436/1054 2471/3435/1054
f 2447/3450/1054 2469/3437/1054 2470/3436/1054
f 2446/3100/1054 2468/3068/1054 2469/3437/1054
f 2930/3143/1085 3155/3216/1085 3162/3451/1085
f 2444/3452/1053 2465/3439/1053 2312/3440/1053
f 2442/3454/1053 2463/3441/1053 2465/3439/1053
f 2439/3455/1053 2462/3442/1053 2463/3441/1053
f 2437/3456/1053 2459/3443/1053 2462/3442/1053
f 2436/3457/1053 2458/3444/1053 2459/3443/1053
f 2434/3458/1053 2456/3445/1053 2458/3444/1053
f 2432/3459/1053 2454/3446/1053 2456/3445/1053
f 2430/3460/1053 2452/3447/1053 2454/3446/1053
f 2428/3461/1053 2449/3448/1053 2452/3447/1053
f 2426/3462/1053 2448/3449/1053 2449/3448/1053
f 2425/3463/1053 2447/3450/1053 2448/3449/1053
f 2424/3244/1053 2446/3100/1053 2447/3450/1053
f 2423/2940/1082 3173/3870/1082 3165/3464/1082
f 2401/3465/1052 2444/3452/1052 2309/3453/1052
f 2403/3467/1052 2442/3454/1052 2444/3452/1052
f 2405/3468/1052 2439/3455/1052 2442/3454/1052
f 2407/3469/1052 2437/3456/1052 2439/3455/1052
f 2410/3470/1052 2436/3457/1052 2437/3456/1052
f 2412/3471/1052 2434/3458/1052 2436/3457/1052
f 2413/3472/1052 2432/3459/1052 2434/3458/1052
f 2415/3473/1052 2430/3460/1052 2432/3459/1052
f 2417/3474/1052 2428/3461/1052 2430/3460/1052
f 2419/3475/1052 2426/3462/1052 2428/3461/1052
f 2420/3476/1052 2425/3463/1052 2426/3462/1052
f 2421/3243/1052 2424/3244/1052 2425/3463/1052
f 2731/2969/1082 2753/2971/1082 3149/3477/1082
f 2366/5516/1082 2362/5517/1082 2360/5518/1082
f 2360/5518/1082 2357/5519/1082 2354/5520/1082
f 2354/5520/1082 2351/5521/1082 2348/5522/1082
f 2348/5522/1082 2345/5523/1082 2342/3479/1082
f 2342/3479/1082 2339/5524/1082 2335/5525/1082
f 2335/5525/1082 2332/5526/1082 2342/3479/1082
f 2332/5526/1082 2330/5527/1082 2342/3479/1082
f 2330/5527/1082 2327/5528/1082 2324/5529/1082
f 2324/5529/1344 2320/5530/1344 2317/3480/1344
f 2317/3480/1345 2314/5531/1345 2311/5532/1345
f 2311/5532/1344 2308/5533/1344 2317/3480/1344
f 2308/5533/1082 2305/5534/1082 2317/3480/1082
f 2305/5534/1345 2399/5535/1345 2395/5536/1345
f 2395/5536/1345 2392/5537/1345 2389/3481/1345
f 2389/3481/1082 2387/5538/1082 2384/5539/1082
f 2384/5539/1082 2381/5540/1082 2377/5541/1082
f 2377/5541/1082 2374/5542/1082 2366/5516/1082
f 2374/5542/1082 2372/5543/1082 2366/5516/1082
f 2372/5543/1082 2369/5544/1082 2366/5516/1082
f 2366/5516/1082 2360/5518/1082 2354/5520/1082
f 2354/5520/1082 2348/5522/1082 2342/3479/1082
f 2330/5527/1082 2324/5529/1082 2342/3479/1082
f 2324/5529/1082 2317/3480/1082 2342/3479/1082
f 2305/5534/1082 2395/5536/1082 2317/3480/1082
f 2395/5536/1082 2389/3481/1082 2317/3480/1082
f 2389/3481/1082 2384/5539/1082 2366/5516/1082
f 2384/5539/1082 2377/5541/1082 2366/5516/1082
f 2366/5516/1082 2354/5520/1082 2342/3479/1082
f 2366/5516/1082 2342/3479/1082 2389/3481/1082
f 2305/3482/1067 2402/3485/1067 3103/3483/1067
f 2402/3485/1067 2404/5545/1067 3102/3486/1067
f 3102/3486/1067 2404/5545/1067 2406/3487/1067
f 3099/3488/1067 2406/3487/1067 2408/3489/1067
f 3097/3490/1067 2408/3489/1067 2409/3491/1067
f 3096/3492/1067 2409/3491/1067 2411/3493/1067
f 3093/3494/1067 2411/3493/1067 2414/3495/1067
f 3092/3496/1067 2414/3495/1067 2416/3497/1067
f 3090/3498/1067 2416/3497/1067 2418/3499/1067
f 3088/3500/1067 2418/3499/1067 3107/3501/1067
f 2399/3484/1066 3103/3483/1066 3081/3503/1066
f 3103/3483/1066 3102/3486/1066 3079/3505/1066
f 3102/3486/1066 3099/3488/1066 3078/3506/1066
f 3099/3488/1066 3097/3490/1066 3076/3507/1066
f 3097/3490/1066 3096/3492/1066 3074/3508/1066
f 3096/3492/1066 3093/3494/1066 3072/3509/1066
f 3093/3494/1066 3092/3496/1066 3070/3510/1066
f 3092/3496/1066 3090/3498/1066 3068/3511/1066
f 3090/3498/1066 3088/3500/1066 3066/3512/1066
f 3066/3512/1066 3088/3500/1066 3108/3502/1066
f 2395/3504/1065 3081/3503/1065 3060/3514/1065
f 3081/3503/1065 3079/3505/1065 3058/3516/1065
f 3079/3505/1065 3078/3506/1065 3056/3517/1065
f 3078/3506/1065 3076/3507/1065 3054/3518/1065
f 3076/3507/1065 3074/3508/1065 3052/3519/1065
f 3074/3508/1065 3072/3509/1065 3050/3520/1065
f 3072/3509/1065 3070/3510/1065 3048/3521/1065
f 3070/3510/1065 3068/3511/1065 3046/3522/1065
f 3068/3511/1065 3066/3512/1065 3044/3523/1065
f 3044/3523/1065 3066/3512/1065 3109/3513/1065
f 2392/3515/1064 3060/3514/1064 3038/3525/1064
f 3060/3514/1064 3058/3516/1064 3036/3527/1064
f 3058/3516/1064 3056/3517/1064 3033/3528/1064
f 3056/3517/1064 3054/3518/1064 3031/3529/1064
f 3054/3518/1064 3052/3519/1064 3030/3530/1064
f 3052/3519/1064 3050/3520/1064 3028/3531/1064
f 3050/3520/1064 3048/3521/1064 3026/3532/1064
f 3048/3521/1064 3046/3522/1064 3024/3533/1064
f 3046/3522/1064 3044/3523/1064 3022/3534/1064
f 3022/3534/1064 3044/3523/1064 3106/3524/1064
f 2389/3526/1063 3038/3525/1063 3016/3536/1063
f 3038/3525/1063 3036/3527/1063 3014/3538/1063
f 3036/3527/1063 3033/3528/1063 3012/3539/1063
f 3033/3528/1063 3031/3529/1063 3010/3540/1063
f 3031/3529/1063 3030/3530/1063 3007/3541/1063
f 3030/3530/1063 3028/3531/1063 3006/3542/1063
f 3028/3531/1063 3026/3532/1063 3003/3543/1063
f 3026/3532/1063 3024/3533/1063 3001/3544/1063
f 3024/3533/1063 3022/3534/1063 2999/3545/1063
f 2999/3545/1063 3022/3534/1063 3105/3535/1063
f 2387/3537/1062 3016/3536/1062 2993/3547/1062
f 3016/3536/1062 3014/3538/1062 2992/3549/1062
f 3014/3538/1062 3012/3539/1062 2989/3550/1062
f 3012/3539/1062 3010/3540/1062 2988/3551/1062
f 3010/3540/1062 3007/3541/1062 2986/3552/1062
f 3007/3541/1062 3006/3542/1062 2984/3553/1062
f 3006/3542/1062 3003/3543/1062 2982/3554/1062
f 3003/3543/1062 3001/3544/1062 2980/3555/1062
f 3001/3544/1062 2999/3545/1062 2978/3556/1062
f 2978/3556/1062 2999/3545/1062 3126/3546/1062
f 2384/3548/1061 2993/3547/1061 2971/3558/1061
f 2993/3547/1061 2992/3549/1061 2969/3560/1061
f 2992/3549/1061 2989/3550/1061 2967/3561/1061
f 2989/3550/1061 2988/3551/1061 2965/3562/1061
f 2988/3551/1061 2986/3552/1061 2963/3563/1061
f 2986/3552/1061 2984/3553/1061 2961/3564/1061
f 2984/3553/1061 2982/3554/1061 2959/3565/1061
f 2982/3554/1061 2980/3555/1061 2957/3566/1061
f 2980/3555/1061 2978/3556/1061 2955/3567/1061
f 2955/3567/1061 2978/3556/1061 3127/3557/1061
f 2381/3559/1060 2971/3558/1060 2950/3569/1060
f 2971/3558/1060 2969/3560/1060 2948/3571/1060
f 2969/3560/1060 2967/3561/1060 2946/3572/1060
f 2967/3561/1060 2965/3562/1060 2943/3573/1060
f 2965/3562/1060 2963/3563/1060 2941/3574/1060
f 2963/3563/1060 2961/3564/1060 2940/3575/1060
f 2961/3564/1060 2959/3565/1060 2938/3576/1060
f 2959/3565/1060 2957/3566/1060 2935/3577/1060
f 2957/3566/1060 2955/3567/1060 2933/3578/1060
f 2933/3578/1060 2955/3567/1060 3125/3568/1060
f 2377/3570/1059 2950/3569/1059 2928/3580/1059
f 2950/3569/1059 2948/3571/1059 2926/3582/1059
f 2948/3571/1059 2946/3572/1059 2924/3583/1059
f 2946/3572/1059 2943/3573/1059 2921/3584/1059
f 2943/3573/1059 2941/3574/1059 2919/3585/1059
f 2941/3574/1059 2940/3575/1059 2918/3586/1059
f 2940/3575/1059 2938/3576/1059 2916/3587/1059
f 2938/3576/1059 2935/3577/1059 2914/3588/1059
f 2935/3577/1059 2933/3578/1059 2911/3589/1059
f 2911/3589/1059 2933/3578/1059 3110/3579/1059
f 2374/3581/1058 2928/3580/1058 2906/3591/1058
f 2928/3580/1058 2926/3582/1058 2904/3593/1058
f 2926/3582/1058 2924/3583/1058 2902/3594/1058
f 2924/3583/1058 2921/3584/1058 2899/3595/1058
f 2921/3584/1058 2919/3585/1058 2898/3596/1058
f 2919/3585/1058 2918/3586/1058 2896/3597/1058
f 2918/3586/1058 2916/3587/1058 2894/3598/1058
f 2916/3587/1058 2914/3588/1058 2892/3599/1058
f 2914/3588/1058 2911/3589/1058 2890/3600/1058
f 2890/3600/1058 2911/3589/1058 3111/3590/1058
f 2372/3592/1057 2906/3591/1057 2883/3602/1057
f 2906/3591/1057 2904/3593/1057 2881/3604/1057
f 2904/3593/1057 2902/3594/1057 2879/3605/1057
f 2902/3594/1057 2899/3595/1057 2877/3606/1057
f 2899/3595/1057 2898/3596/1057 2875/3607/1057
f 2898/3596/1057 2896/3597/1057 2873/3608/1057
f 2896/3597/1057 2894/3598/1057 2871/3609/1057
f 2894/3598/1057 2892/3599/1057 2869/3610/1057
f 2892/3599/1057 2890/3600/1057 2867/3611/1057
f 2867/3611/1057 2890/3600/1057 3114/3601/1057
f 2369/3603/1056 2883/3602/1056 2861/3613/1056
f 2883/3602/1056 2881/3604/1056 2859/3615/1056
f 2881/3604/1056 2879/3605/1056 2858/3616/1056
f 2879/3605/1056 2877/3606/1056 2855/3617/1056
f 2877/3606/1056 2875/3607/1056 2853/3618/1056
f 2875/3607/1056 2873/3608/1056 2852/3619/1056
f 2873/3608/1056 2871/3609/1056 2850/3620/1056
f 2871/3609/1056 2869/3610/1056 2848/3621/1056
f 2869/3610/1056 2867/3611/1056 2846/3622/1056
f 2846/3622/1056 2867/3611/1056 3113/3612/1056
f 2366/3614/1055 2861/3613/1055 2840/3624/1055
f 2861/3613/1055 2859/3615/1055 2838/3626/1055
f 2859/3615/1055 2858/3616/1055 2836/3627/1055
f 2858/3616/1055 2855/3617/1055 2834/3628/1055
f 2855/3617/1055 2853/3618/1055 2831/3629/1055
f 2853/3618/1055 2852/3619/1055 2830/3630/1055
f 2852/3619/1055 2850/3620/1055 2828/3631/1055
f 2850/3620/1055 2848/3621/1055 2826/3632/1055
f 2848/3621/1055 2846/3622/1055 2824/3633/1055
f 2846/3622/1055 3112/3623/1055 3128/3634/1055
f 2362/3625/1054 2840/3624/1054 2818/3635/1054
f 2840/3624/1054 2838/3626/1054 2816/3637/1054
f 2838/3626/1054 2836/3627/1054 2814/3638/1054
f 2836/3627/1054 2834/3628/1054 2812/3639/1054
f 2834/3628/1054 2831/3629/1054 2810/3640/1054
f 2831/3629/1054 2830/3630/1054 2808/3641/1054
f 2830/3630/1054 2828/3631/1054 2806/3642/1054
f 2828/3631/1054 2826/3632/1054 2804/3643/1054
f 2826/3632/1054 2824/3633/1054 2802/3644/1054
f 2824/3633/1054 3128/3634/1054 3129/3645/1054
f 2360/3636/1053 2818/3635/1053 2796/3646/1053
f 2818/3635/1053 2816/3637/1053 2794/3648/1053
f 2816/3637/1053 2814/3638/1053 2792/3649/1053
f 2814/3638/1053 2812/3639/1053 2790/3650/1053
f 2812/3639/1053 2810/3640/1053 2788/3651/1053
f 2810/3640/1053 2808/3641/1053 2786/3652/1053
f 2808/3641/1053 2806/3642/1053 2784/3653/1053
f 2806/3642/1053 2804/3643/1053 2781/3654/1053
f 2804/3643/1053 2802/3644/1053 2779/3655/1053
f 2802/3644/1053 3129/3645/1053 3131/3656/1053
f 2357/3647/1052 2796/3646/1052 2774/3657/1052
f 2796/3646/1052 2794/3648/1052 2771/3659/1052
f 2794/3648/1052 2792/3649/1052 2770/3660/1052
f 2792/3649/1052 2790/3650/1052 2768/3661/1052
f 2790/3650/1052 2788/3651/1052 2766/3662/1052
f 2788/3651/1052 2786/3652/1052 2764/3663/1052
f 2786/3652/1052 2784/3653/1052 2762/3664/1052
f 2784/3653/1052 2781/3654/1052 2759/3665/1052
f 2781/3654/1052 2779/3655/1052 2757/3666/1052
f 2779/3655/1052 3131/3656/1052 3115/3667/1052
f 2354/3658/1084 2774/3657/1084 2751/3668/1084
f 2774/3657/1084 2771/3659/1084 2750/3670/1084
f 2771/3659/1084 2770/3660/1084 2748/3671/1084
f 2770/3660/1084 2768/3661/1084 2746/3672/1084
f 2768/3661/1084 2766/3662/1084 2744/3673/1084
f 2766/3662/1084 2764/3663/1084 2742/3674/1084
f 2764/3663/1084 2762/3664/1084 2740/3675/1084
f 2762/3664/1084 2759/3665/1084 2738/3676/1084
f 2759/3665/1084 2757/3666/1084 2736/3677/1084
f 2757/3666/1084 3115/3667/1084 3116/3678/1084
f 2351/3669/1083 2751/3668/1083 2730/3679/1083
f 2751/3668/1083 2750/3670/1083 2728/3681/1083
f 2750/3670/1083 2748/3671/1083 2726/3682/1083
f 2748/3671/1083 2746/3672/1083 2724/3683/1083
f 2746/3672/1083 2744/3673/1083 2722/3684/1083
f 2744/3673/1083 2742/3674/1083 2720/3685/1083
f 2742/3674/1083 2740/3675/1083 2718/3686/1083
f 2740/3675/1083 2738/3676/1083 2716/3687/1083
f 2738/3676/1083 2736/3677/1083 2714/3688/1083
f 2736/3677/1083 3116/3678/1083 3119/3689/1083
f 2348/3680/1081 2730/3679/1081 2708/3690/1081
f 2730/3679/1081 2728/3681/1081 2706/3692/1081
f 2728/3681/1081 2726/3682/1081 2704/3693/1081
f 2726/3682/1081 2724/3683/1081 2701/3694/1081
f 2724/3683/1081 2722/3684/1081 2699/3695/1081
f 2722/3684/1081 2720/3685/1081 2697/3696/1081
f 2720/3685/1081 2718/3686/1081 2695/3697/1081
f 2718/3686/1081 2716/3687/1081 2693/3698/1081
f 2716/3687/1081 2714/3688/1081 2691/3699/1081
f 2714/3688/1081 3119/3689/1081 3117/3700/1081
f 2345/3691/1080 2708/3690/1080 2685/3701/1080
f 2708/3690/1080 2706/3692/1080 2684/3703/1080
f 2706/3692/1080 2704/3693/1080 2682/3704/1080
f 2704/3693/1080 2701/3694/1080 2680/3705/1080
f 2701/3694/1080 2699/3695/1080 2678/3706/1080
f 2699/3695/1080 2697/3696/1080 2676/3707/1080
f 2697/3696/1080 2695/3697/1080 2674/3708/1080
f 2695/3697/1080 2693/3698/1080 2672/3709/1080
f 2693/3698/1080 2691/3699/1080 2670/3710/1080
f 2691/3699/1080 3117/3700/1080 3118/3711/1080
f 2342/3702/1079 2685/3701/1079 2664/3712/1079
f 2685/3701/1079 2684/3703/1079 2662/3714/1079
f 2684/3703/1079 2682/3704/1079 2659/3715/1079
f 2682/3704/1079 2680/3705/1079 2657/3716/1079
f 2680/3705/1079 2678/3706/1079 2656/3717/1079
f 2678/3706/1079 2676/3707/1079 2653/3718/1079
f 2676/3707/1079 2674/3708/1079 2652/3719/1079
f 2674/3708/1079 2672/3709/1079 2649/3720/1079
f 2672/3709/1079 2670/3710/1079 2647/3721/1079
f 2670/3710/1079 3118/3711/1079 3134/3722/1079
f 2339/3713/1078 2664/3712/1078 2641/3723/1078
f 2664/3712/1078 2662/3714/1078 2639/3725/1078
f 2662/3714/1078 2659/3715/1078 2637/3726/1078
f 2659/3715/1078 2657/3716/1078 2635/3727/1078
f 2657/3716/1078 2656/3717/1078 2633/3728/1078
f 2656/3717/1078 2653/3718/1078 2631/3729/1078
f 2653/3718/1078 2652/3719/1078 2629/3730/1078
f 2652/3719/1078 2649/3720/1078 2627/3731/1078
f 2649/3720/1078 2647/3721/1078 2625/3732/1078
f 2647/3721/1078 3134/3722/1078 3135/3733/1078
f 2335/3724/1077 2641/3723/1077 2619/3734/1077
f 2641/3723/1077 2639/3725/1077 2618/3736/1077
f 2639/3725/1077 2637/3726/1077 2615/3737/1077
f 2637/3726/1077 2635/3727/1077 2613/3738/1077
f 2635/3727/1077 2633/3728/1077 2611/3739/1077
f 2633/3728/1077 2631/3729/1077 2609/3740/1077
f 2631/3729/1077 2629/3730/1077 2608/3741/1077
f 2629/3730/1077 2627/3731/1077 2605/3742/1077
f 2627/3731/1077 2625/3732/1077 2604/3743/1077
f 2625/3732/1077 3135/3733/1077 3136/3744/1077
f 2332/3735/1076 2619/3734/1076 2597/3745/1076
f 2619/3734/1076 2618/3736/1076 2595/3747/1076
f 2618/3736/1076 2615/3737/1076 2593/3748/1076
f 2615/3737/1076 2613/3738/1076 2591/3749/1076
f 2613/3738/1076 2611/3739/1076 2589/3750/1076
f 2611/3739/1076 2609/3740/1076 2587/3751/1076
f 2609/3740/1076 2608/3741/1076 2585/3752/1076
f 2608/3741/1076 2605/3742/1076 2583/3753/1076
f 2605/3742/1076 2604/3743/1076 2581/3754/1076
f 2604/3743/1076 3136/3744/1076 3123/3755/1076
f 2330/3746/1075 2597/3745/1075 2575/3756/1075
f 2597/3745/1075 2595/3747/1075 2573/3758/1075
f 2595/3747/1075 2593/3748/1075 2571/3759/1075
f 2593/3748/1075 2591/3749/1075 2569/3760/1075
f 2591/3749/1075 2589/3750/1075 2567/3761/1075
f 2589/3750/1075 2587/3751/1075 2565/3762/1075
f 2587/3751/1075 2585/3752/1075 2563/3763/1075
f 2585/3752/1075 2583/3753/1075 2561/3764/1075
f 2583/3753/1075 2581/3754/1075 2559/3765/1075
f 2581/3754/1075 3123/3755/1075 3122/3766/1075
f 2327/3757/1074 2575/3756/1074 2553/3767/1074
f 2575/3756/1074 2573/3758/1074 2551/3769/1074
f 2573/3758/1074 2571/3759/1074 2549/3770/1074
f 2571/3759/1074 2569/3760/1074 2547/3771/1074
f 2569/3760/1074 2567/3761/1074 2545/3772/1074
f 2567/3761/1074 2565/3762/1074 2543/3773/1074
f 2565/3762/1074 2563/3763/1074 2541/3774/1074
f 2563/3763/1074 2561/3764/1074 2539/3775/1074
f 2561/3764/1074 2559/3765/1074 2537/3776/1074
f 2559/3765/1074 3122/3766/1074 3124/3777/1074
f 2324/3768/1073 2553/3767/1073 2531/3778/1073
f 2553/3767/1073 2551/3769/1073 2530/3780/1073
f 2551/3769/1073 2549/3770/1073 2528/3781/1073
f 2549/3770/1073 2547/3771/1073 2525/3782/1073
f 2547/3771/1073 2545/3772/1073 2524/3783/1073
f 2545/3772/1073 2543/3773/1073 2522/3784/1073
f 2543/3773/1073 2541/3774/1073 2520/3785/1073
f 2541/3774/1073 2539/3775/1073 2518/3786/1073
f 2539/3775/1073 2537/3776/1073 2516/3787/1073
f 2537/3776/1073 3124/3777/1073 3121/3788/1073
f 2320/3779/1072 2531/3778/1072 2509/3789/1072
f 2531/3778/1072 2530/3780/1072 2507/3791/1072
f 2530/3780/1072 2528/3781/1072 2505/3792/1072
f 2528/3781/1072 2525/3782/1072 2503/3793/1072
f 2525/3782/1072 2524/3783/1072 2502/3794/1072
f 2524/3783/1072 2522/3784/1072 2499/3795/1072
f 2522/3784/1072 2520/3785/1072 2497/3796/1072
f 2520/3785/1072 2518/3786/1072 2496/3797/1072
f 2518/3786/1072 2516/3787/1072 2494/3798/1072
f 2516/3787/1072 3121/3788/1072 3120/3799/1072
f 2317/3790/1071 2509/3789/1071 2488/3800/1071
f 2509/3789/1071 2507/3791/1071 2485/3802/1071
f 2507/3791/1071 2505/3792/1071 2484/3803/1071
f 2505/3792/1071 2503/3793/1071 2482/3804/1071
f 2503/3793/1071 2502/3794/1071 2479/3805/1071
f 2502/3794/1071 2499/3795/1071 2477/3806/1071
f 2499/3795/1071 2497/3796/1071 2475/3807/1071
f 2497/3796/1071 2496/3797/1071 2474/3808/1071
f 2496/3797/1071 2494/3798/1071 2472/3809/1071
f 2472/3809/1071 2494/3798/1071 3120/3799/1071
f 2314/3801/1070 2488/3800/1070 2466/3811/1070
f 2488/3800/1070 2485/3802/1070 2464/3813/1070
f 2485/3802/1070 2484/3803/1070 2461/3814/1070
f 2484/3803/1070 2482/3804/1070 2460/3815/1070
f 2482/3804/1070 2479/3805/1070 2457/3816/1070
f 2479/3805/1070 2477/3806/1070 2455/3817/1070
f 2477/3806/1070 2475/3807/1070 2453/3818/1070
f 2475/3807/1070 2474/3808/1070 2451/3819/1070
f 2474/3808/1070 2472/3809/1070 2450/3820/1070
f 2450/3820/1070 2472/3809/1070 3132/3810/1070
f 2311/3812/1069 2466/3811/1069 2443/3822/1069
f 2466/3811/1069 2464/3813/1069 2441/3824/1069
f 2464/3813/1069 2461/3814/1069 2440/3825/1069
f 2461/3814/1069 2460/3815/1069 2438/3826/1069
f 2460/3815/1069 2457/3816/1069 2435/3827/1069
f 2457/3816/1069 2455/3817/1069 2433/3828/1069
f 2455/3817/1069 2453/3818/1069 2431/3829/1069
f 2453/3818/1069 2451/3819/1069 2429/3830/1069
f 2451/3819/1069 2450/3820/1069 2427/3831/1069
f 2427/3831/1069 2450/3820/1069 3133/3821/1069
f 2308/3823/1068 2443/3822/1068 2402/3833/1068
f 2443/3822/1068 2441/3824/1068 2404/3835/1068
f 2441/3824/1068 2440/3825/1068 2406/3836/1068
f 2440/3825/1068 2438/3826/1068 2408/3837/1068
f 2438/3826/1068 2435/3827/1068 2409/3838/1068
f 2435/3827/1068 2433/3828/1068 2411/3839/1068
f 2433/3828/1068 2431/3829/1068 2414/3840/1068
f 2431/3829/1068 2429/3830/1068 2416/3841/1068
f 2429/3830/1068 2427/3831/1068 2418/3842/1068
f 2418/3842/1068 2427/3831/1068 3130/3832/1068
f 3179/3328/1084 3165/5515/1084 3164/3844/1084
f 3188/3845/1083 3179/3328/1083 3181/3286/1083
f 3197/3847/1081 3188/3845/1081 3180/3846/1081
f 3144/3849/1080 3197/3847/1080 3199/3848/1080
f 3142/3272/1079 3144/3849/1079 3150/3188/1079
f 3167/3850/1078 3142/3272/1078 3143/3187/1078
f 3156/3852/1077 3167/3850/1077 3176/3851/1077
f 3154/3202/1076 3156/3852/1076 3162/3451/1076
f 3185/3314/1075 3154/3202/1075 3155/3216/1075
f 3183/3315/1074 3185/3314/1074 3190/3425/1074
f 3196/3396/1073 3183/3315/1073 3184/3355/1073
f 3139/3300/1072 3196/3396/1072 3198/3853/1072
f 3137/3854/1071 3139/3300/1071 3174/3230/1071
f 3191/3410/1070 3137/3854/1070 3138/3229/1070
f 3151/3411/1069 3191/3410/1069 3187/3144/1069
f 3149/3477/1068 3151/3411/1068 3146/3040/1068
f 3177/3478/1067 3149/3477/1067 3145/3039/1067
f 3175/3855/1066 3177/3478/1066 3169/3438/1066
f 3194/3856/1065 3175/3855/1065 3168/3369/1065
f 3161/3857/1064 3194/3856/1064 3192/3086/1064
f 3160/3858/1063 3161/3857/1063 3153/3085/1063
f 3189/3159/1062 3160/3858/1062 3152/3259/1062
f 3148/3859/1061 3189/3159/1061 3182/3258/1061
f 3147/3861/1060 3148/3859/1060 3141/3860/1060
f 3172/3054/1059 3147/3861/1059 3140/3862/1059
f 3170/3115/1058 3172/3054/1058 3178/3863/1058
f 3193/3173/1057 3170/3115/1057 3171/3864/1057
f 3159/3866/1056 3193/3173/1056 3195/3865/1056
f 3157/3868/1055 3159/3866/1055 3163/3867/1055
f 3186/3869/1054 3157/3868/1054 3158/3070/1054
f 3173/3870/1053 3186/3869/1053 3200/3069/1053
f 3165/3464/1052 3173/3870/1052 3166/3101/1052
f 2687/2965/1082 3194/3856/1082 3161/3857/1082
f 3040/3067/1085 3018/3083/1085 3150/3188/1085
f 2467/2945/1082 3157/3868/1082 3186/3869/1082
f 2819/2977/1082 2841/2979/1082 3139/3300/1082
f 2599/2957/1082 3148/3859/1082 3147/3861/1082
f 2511/2949/1082 3193/3173/1082 3159/3866/1082
f 2973/2991/1082 2995/2993/1082 3142/3272/1082
f 2775/2973/1082 3151/3411/1082 3149/3477/1082
f 3040/3067/1085 3199/3848/1085 3180/3846/1085
f 2643/2961/1082 2665/2963/1082 3161/3857/1082
f 2621/2959/1082 3189/3159/1082 3148/3859/1082
f 2974/3114/1085 2952/3128/1085 3162/3451/1085
f 2578/3368/1085 2556/3382/1085 3178/3863/1085
f 2512/3409/1085 2490/3424/1085 3163/3867/1085
f 3039/2997/1082 3197/3847/1082 3144/3849/1082
f 2490/3424/1085 2468/3068/1085 3158/3070/1085
f 2819/2977/1082 3137/3854/1082 3191/3410/1082
f 2731/2969/1082 3177/3478/1082 3175/3855/1082
f 3061/2999/1082 3083/3007/1082 3179/3328/1082
f 2578/3368/1085 3140/3862/1085 3141/3860/1085
f 2709/2967/1082 3175/3855/1082 3194/3856/1082
f 3084/3287/1085 3181/3286/1085 3164/3844/1085
f 3039/2997/1082 3061/2999/1082 3188/3845/1082
f 2622/3341/1085 2600/3354/1085 3141/3860/1085
f 2820/3215/1085 2798/3145/1085 3187/3144/1085
f 2973/2991/1082 3167/3850/1082 3156/3852/1082
f 2842/3201/1085 3174/3230/1085 3198/3853/1085
f 2512/3409/1085 3195/3865/1085 3171/3864/1085
f 2644/3257/1085 3152/3259/1085 3153/3085/1085
f 2445/2943/1082 3186/3869/1082 3173/3870/1082
f 2489/2947/1082 3159/3866/1082 3157/3868/1082
f 2534/3395/1085 3171/3864/1085 3178/3863/1085
f 3202/3872/1052 3204/3875/1052 3295/3873/1052
f 3204/3875/1053 3206/3877/1053 3325/3876/1053
f 3206/3877/1054 3208/3879/1054 3355/3878/1054
f 3208/3879/1055 3210/3881/1055 3385/3880/1055
f 3210/3881/1056 3212/3883/1056 3415/3882/1056
f 3212/3883/1057 3214/3885/1057 3445/3884/1057
f 3214/3885/1058 3216/3887/1058 3475/3886/1058
f 3216/3887/1059 3218/3889/1059 3505/3888/1059
f 3218/3889/1060 3220/3891/1060 3535/3890/1060
f 3220/3891/1061 3222/3893/1061 3565/3892/1061
f 3222/3893/1062 3224/3895/1062 3595/3894/1062
f 3224/3895/1063 3226/3897/1063 3625/3896/1063
f 3226/3897/1064 3228/3899/1064 3655/3898/1064
f 3228/3899/1065 3230/3901/1065 3685/3900/1065
f 3230/3901/1066 3232/3903/1066 3715/3902/1066
f 3232/3903/1067 3234/3905/1067 3745/3904/1067
f 3234/3905/1068 3236/3907/1068 3775/3906/1068
f 3236/3907/1069 3238/3909/1069 3805/3908/1069
f 3238/3909/1070 3240/3911/1070 3835/3910/1070
f 3240/3911/1071 3242/3913/1071 3865/3912/1071
f 3242/3913/1072 3244/3915/1072 3895/3914/1072
f 3244/3915/1073 3246/3917/1073 3925/3916/1073
f 3246/3917/1074 3248/3919/1074 3955/3918/1074
f 3248/3919/1075 3250/3921/1075 3985/3920/1075
f 3250/3921/1076 3252/3923/1076 4015/3922/1076
f 3252/3923/1077 3254/3925/1077 4045/3924/1077
f 3254/3925/1078 3256/3927/1078 4075/3926/1078
f 3256/3927/1079 3258/3929/1079 4105/3928/1079
f 3258/3929/1080 3260/3931/1080 4135/3930/1080
f 3260/3931/1081 3262/3936/1081 4165/3932/1081
f 3206/3933/1082 3204/5546/1082 3262/5547/1082
f 3204/5546/1082 3202/5548/1082 3262/5547/1082
f 3202/5548/1082 3264/5549/1082 3262/5547/1082
f 3262/5547/1082 3260/5550/1082 3258/5551/1082
f 3258/5551/1082 3256/5552/1082 3262/5547/1082
f 3256/5552/1082 3254/3934/1082 3262/5547/1082
f 3254/3934/1082 3252/5553/1082 3250/5554/1082
f 3250/5554/1082 3248/5555/1082 3246/5556/1082
f 3246/5556/1082 3244/5557/1082 3238/3935/1082
f 3244/5557/1082 3242/5558/1082 3238/3935/1082
f 3242/5558/1082 3240/5559/1082 3238/3935/1082
f 3238/3935/1082 3236/5560/1082 3234/5561/1082
f 3234/5561/1082 3232/5562/1082 3230/5563/1082
f 3230/5563/1082 3228/5564/1082 3226/5565/1082
f 3226/5565/1082 3224/5566/1082 3222/5567/1082
f 3222/5567/1082 3220/5568/1082 3214/5569/1082
f 3220/5568/1082 3218/5570/1082 3214/5569/1082
f 3218/5570/1082 3216/5571/1082 3214/5569/1082
f 3214/5569/1082 3212/5572/1082 3206/3933/1082
f 3212/5572/1082 3210/5573/1082 3206/3933/1082
f 3210/5573/1082 3208/5574/1082 3206/3933/1082
f 3254/3934/1082 3250/5554/1082 3238/3935/1082
f 3250/5554/1082 3246/5556/1082 3238/3935/1082
f 3238/3935/1082 3234/5561/1082 3230/5563/1082
f 3230/5563/1082 3226/5565/1082 3222/5567/1082
f 3206/3933/1082 3262/5547/1082 3254/3934/1082
f 3238/3935/1082 3230/5563/1082 3206/3933/1082
f 3230/5563/1082 3222/5567/1082 3206/3933/1082
f 3222/5567/1082 3214/5569/1082 3206/3933/1082
f 3262/3936/1083 3264/5575/1083 4195/3937/1083
f 4195/3937/1084 3264/5575/1084 3202/3938/1084
f 3263/3942/1085 3201/5576/1085 3203/5577/1085
f 3203/5577/1085 3205/5578/1085 3207/5579/1085
f 3207/5579/1085 3209/5580/1085 3211/5581/1085
f 3211/5581/1085 3213/5582/1085 3215/5583/1085
f 3215/5583/1085 3217/5584/1085 3219/5585/1085
f 3219/5585/1085 3221/5586/1085 3223/5587/1085
f 3223/5587/1085 3225/5588/1085 3227/5589/1085
f 3227/5589/1085 3229/5590/1085 3231/3940/1085
f 3231/3940/1085 3233/5591/1085 3239/5592/1085
f 3233/5591/1085 3235/5593/1085 3239/5592/1085
f 3235/5593/1085 3237/5594/1085 3239/5592/1085
f 3239/5592/1085 3241/5595/1085 3243/5596/1085
f 3243/5596/1085 3245/5597/1085 3247/3941/1085
f 3247/3941/1085 3249/5598/1085 3251/5599/1085
f 3251/5599/1085 3253/5600/1085 3255/5601/1085
f 3255/5601/1085 3257/5602/1085 3259/5603/1085
f 3259/5603/1085 3261/5604/1085 3263/3942/1085
f 3263/3942/1085 3203/5577/1085 3207/5579/1085
f 3207/5579/1085 3211/5581/1085 3263/3942/1085
f 3211/5581/1085 3215/5583/1085 3263/3942/1085
f 3215/5583/1085 3219/5585/1085 3223/5587/1085
f 3223/5587/1085 3227/5589/1085 3215/5583/1085
f 3227/5589/1085 3231/3940/1085 3215/5583/1085
f 3239/5592/1085 3243/5596/1085 3247/3941/1085
f 3247/3941/1085 3251/5599/1085 3255/5601/1085
f 3255/5601/1085 3259/5603/1085 3263/3942/1085
f 3231/3940/1085 3239/5592/1085 3247/3941/1085
f 3247/3941/1085 3255/5601/1085 3263/3942/1085
f 3263/3942/1085 3215/5583/1085 3231/3940/1085
f 4224/3943/1084 3265/3947/1084 3201/3944/1084
f 4223/3946/1084 3266/3949/1084 3265/3947/1084
f 4222/3948/1084 3267/3951/1084 3266/3949/1084
f 4221/3950/1084 3268/3953/1084 3267/3951/1084
f 4220/3952/1084 3269/3955/1084 3268/3953/1084
f 4220/3952/1084 4219/3956/1084 3270/3954/1084
f 4219/3956/1084 4218/3958/1084 3271/3957/1084
f 4218/3958/1084 4217/3960/1084 3272/3959/1084
f 4217/3960/1084 4216/3962/1084 3273/3961/1084
f 4216/3962/1084 4215/4020/1084 3274/3963/1084
f 4005/3964/1082 3975/4285/1082 4336/3965/1082
f 4214/3967/1084 4213/3971/1084 3276/3968/1084
f 4212/3970/1084 3277/3973/1084 3276/3968/1084
f 4211/3972/1084 3278/3975/1084 3277/3973/1084
f 4211/3972/1084 4210/3976/1084 3279/3974/1084
f 4210/3976/1084 4209/3978/1084 3280/3977/1084
f 4209/3978/1084 4208/3981/1084 3281/3979/1084
f 4207/3980/1084 3282/3983/1084 3281/3979/1084
f 4206/3982/1084 3283/5074/1084 3282/3983/1084
f 3636/3984/1085 4250/5059/1085 4252/3985/1085
f 4204/3987/1084 3285/3991/1084 3284/3988/1084
f 4204/3987/1084 4203/3992/1084 3286/3990/1084
f 4203/3992/1084 4202/3994/1084 3287/3993/1084
f 4202/3994/1084 4201/3996/1084 3288/3995/1084
f 4201/3996/1084 4200/3998/1084 3289/3997/1084
f 4200/3998/1084 4199/4000/1084 3290/3999/1084
f 4199/4000/1084 4198/4002/1084 3291/4001/1084
f 4198/4002/1084 4197/4668/1084 3292/4003/1084
f 3326/4004/1082 4357/4376/1082 4355/4005/1082
f 4196/4007/1084 4195/3937/1084 3294/3939/1084
f 4194/4009/1083 4224/3943/1083 3263/3945/1083
f 4193/4011/1083 4223/3946/1083 4224/3943/1083
f 4192/4012/1083 4222/3948/1083 4223/3946/1083
f 4191/4013/1083 4221/3950/1083 4222/3948/1083
f 4190/4014/1083 4220/3952/1083 4221/3950/1083
f 4189/4015/1083 4219/3956/1083 4220/3952/1083
f 4188/4016/1083 4218/3958/1083 4219/3956/1083
f 4187/4017/1083 4217/3960/1083 4218/3958/1083
f 4186/4018/1083 4216/3962/1083 4217/3960/1083
f 4185/4019/1083 4215/4020/1083 4216/3962/1083
f 4215/4020/1082 4185/4019/1082 4350/4021/1082
f 4183/4023/1083 4213/3971/1083 4214/3967/1083
f 4182/4025/1083 4212/3970/1083 4213/3971/1083
f 4181/4026/1083 4211/3972/1083 4212/3970/1083
f 4180/4027/1083 4210/3976/1083 4211/3972/1083
f 4179/4028/1083 4209/3978/1083 4210/3976/1083
f 4178/4029/1083 4208/3981/1083 4209/3978/1083
f 4177/4030/1083 4207/3980/1083 4208/3981/1083
f 4176/4031/1083 4206/3982/1083 4207/3980/1083
f 4085/4032/1082 4279/4297/1082 4277/4033/1082
f 4174/4035/1083 4204/3987/1083 4205/3989/1083
f 4173/4037/1083 4203/3992/1083 4204/3987/1083
f 4172/4038/1083 4202/3994/1083 4203/3992/1083
f 4171/4039/1083 4201/3996/1083 4202/3994/1083
f 4170/4040/1083 4200/3998/1083 4201/3996/1083
f 4169/4041/1083 4199/4000/1083 4200/3998/1083
f 4168/4042/1083 4198/4002/1083 4199/4000/1083
f 4167/4043/1083 4197/4668/1083 4198/4002/1083
f 3506/4044/1082 3536/4408/1082 4371/4045/1082
f 4165/3932/1083 4195/3937/1083 4196/4007/1083
f 4164/4048/1081 4194/4009/1081 3261/4010/1081
f 4163/4050/1081 4193/4011/1081 4194/4009/1081
f 4162/4051/1081 4192/4012/1081 4193/4011/1081
f 4161/4052/1081 4191/4013/1081 4192/4012/1081
f 4160/4053/1081 4190/4014/1081 4191/4013/1081
f 4159/4054/1081 4189/4015/1081 4190/4014/1081
f 4158/4055/1081 4188/4016/1081 4189/4015/1081
f 4157/4056/1081 4187/4017/1081 4188/4016/1081
f 4156/4057/1081 4186/4018/1081 4187/4017/1081
f 4155/4058/1081 4185/4019/1081 4186/4018/1081
f 3374/4059/1085 3404/4421/1085 4297/4060/1085
f 4153/4062/1081 4183/4023/1081 4184/4024/1081
f 4152/4064/1081 4182/4025/1081 4183/4023/1081
f 4151/4065/1081 4181/4026/1081 4182/4025/1081
f 4150/4066/1081 4180/4027/1081 4181/4026/1081
f 4149/4067/1081 4179/4028/1081 4180/4027/1081
f 4148/4068/1081 4178/4029/1081 4179/4028/1081
f 4147/4069/1081 4177/4030/1081 4178/4029/1081
f 4146/4070/1081 4176/4031/1081 4177/4030/1081
f 3846/4071/1085 4264/5053/1085 4266/4072/1085
f 4144/4074/1081 4174/4035/1081 4175/4036/1081
f 4143/4076/1081 4173/4037/1081 4174/4035/1081
f 4142/4077/1081 4172/4038/1081 4173/4037/1081
f 4141/4078/1081 4171/4039/1081 4172/4038/1081
f 4140/4079/1081 4170/4040/1081 4171/4039/1081
f 4139/4080/1081 4169/4041/1081 4170/4040/1081
f 4138/4081/1081 4168/4042/1081 4169/4041/1081
f 4137/4082/1081 4167/4043/1081 4168/4042/1081
f 3327/4083/1085 3297/5009/1085 4356/4084/1085
f 4135/3930/1081 4165/3932/1081 4166/4047/1081
f 4134/4087/1080 4164/4048/1080 3259/4049/1080
f 4133/4089/1080 4163/4050/1080 4164/4048/1080
f 4132/4090/1080 4162/4051/1080 4163/4050/1080
f 4131/4091/1080 4161/4052/1080 4162/4051/1080
f 4130/4092/1080 4160/4053/1080 4161/4052/1080
f 4129/4093/1080 4159/4054/1080 4160/4053/1080
f 4128/4094/1080 4158/4055/1080 4159/4054/1080
f 4127/4095/1080 4157/4056/1080 4158/4055/1080
f 4126/4096/1080 4156/4057/1080 4157/4056/1080
f 4125/4097/1080 4155/4058/1080 4156/4057/1080
f 3584/4098/1085 3614/4456/1085 4311/4099/1085
f 4123/4101/1080 4153/4062/1080 4154/4063/1080
f 4122/4103/1080 4152/4064/1080 4153/4062/1080
f 4121/4104/1080 4151/4065/1080 4152/4064/1080
f 4120/4105/1080 4150/4066/1080 4151/4065/1080
f 4119/4106/1080 4149/4067/1080 4150/4066/1080
f 4118/4107/1080 4148/4068/1080 4149/4067/1080
f 4117/4108/1080 4147/4069/1080 4148/4068/1080
f 4116/4109/1080 4146/4070/1080 4147/4069/1080
f 4056/4110/1085 4278/5046/1085 4280/4111/1085
f 4114/4113/1080 4144/4074/1080 4145/4075/1080
f 4113/4115/1080 4143/4076/1080 4144/4074/1080
f 4112/4116/1080 4142/4077/1080 4143/4076/1080
f 4111/4117/1080 4141/4078/1080 4142/4077/1080
f 4110/4118/1080 4140/4079/1080 4141/4078/1080
f 4109/4119/1080 4139/4080/1080 4140/4079/1080
f 4108/4120/1080 4138/4081/1080 4139/4080/1080
f 4107/4121/1080 4137/4082/1080 4138/4081/1080
f 3746/4122/1082 4385/4479/1082 4383/4123/1082
f 4105/3928/1080 4135/3930/1080 4136/4086/1080
f 4104/4126/1079 4134/4087/1079 3257/4088/1079
f 4103/4128/1079 4133/4089/1079 4134/4087/1079
f 4102/4129/1079 4132/4090/1079 4133/4089/1079
f 4101/4130/1079 4131/4091/1079 4132/4090/1079
f 4100/4131/1079 4130/4092/1079 4131/4091/1079
f 4099/4132/1079 4129/4093/1079 4130/4092/1079
f 4098/4133/1079 4128/4094/1079 4129/4093/1079
f 4097/4134/1079 4127/4095/1079 4128/4094/1079
f 4096/4135/1079 4126/4096/1079 4127/4095/1079
f 4095/4136/1079 4125/4097/1079 4126/4096/1079
f 3405/4137/1082 3375/4931/1082 4296/4138/1082
f 4093/4140/1079 4123/4101/1079 4124/4102/1079
f 4092/4142/1079 4122/4103/1079 4123/4101/1079
f 4091/4143/1079 4121/4104/1079 4122/4103/1079
f 4090/4144/1079 4120/4105/1079 4121/4104/1079
f 4089/4145/1079 4119/4106/1079 4120/4105/1079
f 4088/4146/1079 4118/4107/1079 4119/4106/1079
f 4087/4147/1079 4117/4108/1079 4118/4107/1079
f 4086/4112/1079 4116/4109/1079 4117/4108/1079
f 3455/4148/1082 3485/4468/1082 4239/4149/1082
f 4084/4151/1079 4114/4113/1079 4115/4114/1079
f 4083/4152/1079 4113/4115/1079 4114/4113/1079
f 4082/4153/1079 4112/4116/1079 4113/4115/1079
f 4081/4154/1079 4111/4117/1079 4112/4116/1079
f 4080/4155/1079 4110/4118/1079 4111/4117/1079
f 4079/4156/1079 4109/4119/1079 4110/4118/1079
f 4078/4157/1079 4108/4120/1079 4109/4119/1079
f 4077/4158/1079 4107/4121/1079 4108/4120/1079
f 3507/4159/1085 4370/5123/1085 4372/4160/1085
f 4075/3926/1079 4105/3928/1079 4106/4125/1079
f 4074/4163/1078 4104/4126/1078 3255/4127/1078
f 4073/4165/1078 4103/4128/1078 4104/4126/1078
f 4072/4166/1078 4102/4129/1078 4103/4128/1078
f 4071/4167/1078 4101/4130/1078 4102/4129/1078
f 4070/4168/1078 4100/4131/1078 4101/4130/1078
f 4069/4169/1078 4099/4132/1078 4100/4131/1078
f 4068/4170/1078 4098/4133/1078 4099/4132/1078
f 4067/4171/1078 4097/4134/1078 4098/4133/1078
f 4066/4172/1078 4096/4135/1078 4097/4134/1078
f 4065/4173/1078 4095/4136/1078 4096/4135/1078
f 3794/4174/1085 3824/4459/1085 4325/4175/1085
f 4063/4177/1078 4093/4140/1078 4094/4141/1078
f 4062/4179/1078 4092/4142/1078 4093/4140/1078
f 4061/4180/1078 4091/4143/1078 4092/4142/1078
f 4060/4181/1078 4090/4144/1078 4091/4143/1078
f 4059/4182/1078 4089/4145/1078 4090/4144/1078
f 4058/4183/1078 4088/4146/1078 4089/4145/1078
f 4057/4184/1078 4087/4147/1078 4088/4146/1078
f 4056/4110/1078 4086/4112/1078 4087/4147/1078
f 3695/4185/1082 4253/4538/1082 4251/4186/1082
f 4054/4188/1078 4084/4151/1078 4085/4032/1078
f 4053/4189/1078 4083/4152/1078 4084/4151/1078
f 4052/4190/1078 4082/4153/1078 4083/4152/1078
f 4051/4191/1078 4081/4154/1078 4082/4153/1078
f 4050/4192/1078 4080/4155/1078 4081/4154/1078
f 4049/4193/1078 4079/4156/1078 4080/4155/1078
f 4048/4194/1078 4078/4157/1078 4079/4156/1078
f 4047/4195/1078 4077/4158/1078 4078/4157/1078
f 3926/4196/1082 3956/4309/1082 4399/4197/1082
f 4045/3924/1078 4075/3926/1078 4076/4162/1078
f 4044/4200/1077 4074/4163/1077 3253/4164/1077
f 4043/4202/1077 4073/4165/1077 4074/4163/1077
f 4042/4203/1077 4072/4166/1077 4073/4165/1077
f 4041/4204/1077 4071/4167/1077 4072/4166/1077
f 4040/4205/1077 4070/4168/1077 4071/4167/1077
f 4039/4206/1077 4069/4169/1077 4070/4168/1077
f 4038/4207/1077 4068/4170/1077 4069/4169/1077
f 4037/4208/1077 4067/4171/1077 4068/4170/1077
f 4036/4209/1077 4066/4172/1077 4067/4171/1077
f 4035/4210/1077 4065/4173/1077 4066/4172/1077
f 3615/4211/1082 3585/4714/1082 4310/4212/1082
f 4033/4214/1077 4063/4177/1077 4064/4178/1077
f 4032/4216/1077 4062/4179/1077 4063/4177/1077
f 4031/4217/1077 4061/4180/1077 4062/4179/1077
f 4030/4218/1077 4060/4181/1077 4061/4180/1077
f 4029/4219/1077 4059/4182/1077 4060/4181/1077
f 4028/4220/1077 4058/4183/1077 4059/4182/1077
f 4027/4221/1077 4057/4184/1077 4058/4183/1077
f 4026/4222/1077 4056/4110/1077 4057/4184/1077
f 3456/4223/1085 4238/5065/1085 4240/4224/1085
f 4024/4226/1077 4054/4188/1077 4055/4034/1077
f 4023/4228/1077 4053/4189/1077 4054/4188/1077
f 4022/4229/1077 4052/4190/1077 4053/4189/1077
f 4021/4230/1077 4051/4191/1077 4052/4190/1077
f 4020/4231/1077 4050/4192/1077 4051/4191/1077
f 4019/4232/1077 4049/4193/1077 4050/4192/1077
f 4018/4233/1077 4048/4194/1077 4049/4193/1077
f 4017/4234/1077 4047/4195/1077 4048/4194/1077
f 4136/4086/1082 4166/4047/1082 4413/4235/1082
f 4015/3922/1077 4045/3924/1077 4046/4199/1077
f 4014/4238/1076 4044/4200/1076 3251/4201/1076
f 4013/4240/1076 4043/4202/1076 4044/4200/1076
f 4012/4241/1076 4042/4203/1076 4043/4202/1076
f 4011/4242/1076 4041/4204/1076 4042/4203/1076
f 4010/4243/1076 4040/4205/1076 4041/4204/1076
f 4009/4244/1076 4039/4206/1076 4040/4205/1076
f 4008/4245/1076 4038/4207/1076 4039/4206/1076
f 4007/4246/1076 4037/4208/1076 4038/4207/1076
f 4006/4247/1076 4036/4209/1076 4037/4208/1076
f 4005/3964/1076 4035/4210/1076 4036/4209/1076
f 4004/4248/1085 4034/4215/1085 4339/4249/1085
f 4003/4251/1076 4033/4214/1076 4034/4215/1076
f 4002/4252/1076 4032/4216/1076 4033/4214/1076
f 4001/4253/1076 4031/4217/1076 4032/4216/1076
f 4000/4254/1076 4030/4218/1076 4031/4217/1076
f 3999/4255/1076 4029/4219/1076 4030/4218/1076
f 3998/4256/1076 4028/4220/1076 4029/4219/1076
f 3997/4257/1076 4027/4221/1076 4028/4220/1076
f 3996/4258/1076 4026/4222/1076 4027/4221/1076
f 3875/4259/1082 3905/4367/1082 4267/4260/1082
f 3994/4262/1076 4024/4226/1076 4025/4227/1076
f 3993/4264/1076 4023/4228/1076 4024/4226/1076
f 3992/4265/1076 4022/4229/1076 4023/4228/1076
f 3991/4266/1076 4021/4230/1076 4022/4229/1076
f 3990/4267/1076 4020/4231/1076 4021/4230/1076
f 3989/4268/1076 4019/4232/1076 4020/4231/1076
f 3988/4269/1076 4018/4233/1076 4019/4232/1076
f 3987/4270/1076 4017/4234/1076 4018/4233/1076
f 3717/4271/1085 4384/5116/1085 4386/4272/1085
f 3985/3920/1076 4015/3922/1076 4016/4237/1076
f 3984/4275/1075 4014/4238/1075 3249/4239/1075
f 3983/4277/1075 4013/4240/1075 4014/4238/1075
f 3982/4278/1075 4012/4241/1075 4013/4240/1075
f 3981/4279/1075 4011/4242/1075 4012/4241/1075
f 3980/4280/1075 4010/4243/1075 4011/4242/1075
f 3979/4281/1075 4009/4244/1075 4010/4243/1075
f 3978/4282/1075 4008/4245/1075 4009/4244/1075
f 3977/4283/1075 4007/4246/1075 4008/4245/1075
f 3976/4284/1075 4006/4247/1075 4007/4246/1075
f 3975/4285/1075 4005/3964/1075 4006/4247/1075
f 4214/3967/1085 3275/3969/1085 4290/4286/1085
f 3973/4288/1075 4003/4251/1075 4004/4248/1075
f 3972/4290/1075 4002/4252/1075 4003/4251/1075
f 3971/4291/1075 4001/4253/1075 4002/4252/1075
f 3970/4292/1075 4000/4254/1075 4001/4253/1075
f 3969/4293/1075 3999/4255/1075 4000/4254/1075
f 3968/4294/1075 3998/4256/1075 3999/4255/1075
f 3967/4295/1075 3997/4257/1075 3998/4256/1075
f 3966/4296/1075 3996/4258/1075 3997/4257/1075
f 4115/4114/1082 4281/4628/1082 4279/4297/1082
f 3964/4298/1075 3994/4262/1075 3995/4263/1075
f 3963/4300/1075 3993/4264/1075 3994/4262/1075
f 3962/4301/1075 3992/4265/1075 3993/4264/1075
f 3961/4302/1075 3991/4266/1075 3992/4265/1075
f 3960/4303/1075 3990/4267/1075 3991/4266/1075
f 3959/4304/1075 3989/4268/1075 3990/4267/1075
f 3958/4305/1075 3988/4269/1075 3989/4268/1075
f 3957/4306/1075 3987/4270/1075 3988/4269/1075
f 3927/4307/1085 4398/5108/1085 4400/4308/1085
f 3955/3918/1075 3985/3920/1075 3986/4274/1075
f 3954/4310/1074 3984/4275/1074 3247/4276/1074
f 3953/4312/1074 3983/4277/1074 3984/4275/1074
f 3952/4313/1074 3982/4278/1074 3983/4277/1074
f 3951/4314/1074 3981/4279/1074 3982/4278/1074
f 3950/4315/1074 3980/4280/1074 3981/4279/1074
f 3949/4316/1074 3979/4281/1074 3980/4280/1074
f 3948/4317/1074 3978/4282/1074 3979/4281/1074
f 3947/4318/1074 3977/4283/1074 3978/4282/1074
f 3946/4319/1074 3976/4284/1074 3977/4283/1074
f 3945/4320/1074 3975/4285/1074 3976/4284/1074
f 3825/4321/1082 3795/4491/1082 4324/4322/1082
f 3943/4324/1074 3973/4288/1074 3974/4289/1074
f 3942/4326/1074 3972/4290/1074 3973/4288/1074
f 3941/4327/1074 3971/4291/1074 3972/4290/1074
f 3940/4328/1074 3970/4292/1074 3971/4291/1074
f 3939/4329/1074 3969/4293/1074 3970/4292/1074
f 3938/4330/1074 3968/4294/1074 3969/4293/1074
f 3937/4331/1074 3967/4295/1074 3968/4294/1074
f 3936/4332/1074 3966/4296/1074 3967/4295/1074
f 3666/3986/1085 4252/3985/1085 4254/4333/1085
f 3934/4335/1074 3964/4298/1074 3965/4299/1074
f 3933/4337/1074 3963/4300/1074 3964/4298/1074
f 3932/4338/1074 3962/4301/1074 3963/4300/1074
f 3931/4339/1074 3961/4302/1074 3962/4301/1074
f 3930/4340/1074 3960/4303/1074 3961/4302/1074
f 3929/4341/1074 3959/4304/1074 3960/4303/1074
f 3928/4342/1074 3958/4305/1074 3959/4304/1074
f 3927/4307/1074 3957/4306/1074 3958/4305/1074
f 4137/4082/1085 4412/5100/1085 4414/4343/1085
f 3925/3916/1074 3955/3918/1074 3956/4309/1074
f 3924/4344/1073 3954/4310/1073 3245/4311/1073
f 3923/4346/1073 3953/4312/1073 3954/4310/1073
f 3922/4347/1073 3952/4313/1073 3953/4312/1073
f 3921/4348/1073 3951/4314/1073 3952/4313/1073
f 3920/4349/1073 3950/4315/1073 3951/4314/1073
f 3919/4350/1073 3949/4316/1073 3950/4315/1073
f 3918/4351/1073 3948/4317/1073 3949/4316/1073
f 3917/4352/1073 3947/4318/1073 3948/4317/1073
f 3916/4353/1073 3946/4319/1073 3947/4318/1073
f 3915/4354/1073 3945/4320/1073 3946/4319/1073
f 4035/4210/1082 4005/3964/1082 4338/3966/1082
f 3913/4356/1073 3943/4324/1073 3944/4325/1073
f 3912/4358/1073 3942/4326/1073 3943/4324/1073
f 3911/4359/1073 3941/4327/1073 3942/4326/1073
f 3910/4360/1073 3940/4328/1073 3941/4327/1073
f 3909/4361/1073 3939/4329/1073 3940/4328/1073
f 3908/4362/1073 3938/4330/1073 3939/4329/1073
f 3907/4363/1073 3937/4331/1073 3938/4330/1073
f 3906/4364/1073 3936/4332/1073 3937/4331/1073
f 3876/4073/1085 4266/4072/1085 4268/4365/1085
f 3904/4366/1073 3934/4335/1073 3935/4336/1073
f 3903/4368/1073 3933/4337/1073 3934/4335/1073
f 3902/4369/1073 3932/4338/1073 3933/4337/1073
f 3901/4370/1073 3931/4339/1073 3932/4338/1073
f 3900/4371/1073 3930/4340/1073 3931/4339/1073
f 3899/4372/1073 3929/4341/1073 3930/4340/1073
f 3898/4373/1073 3928/4342/1073 3929/4341/1073
f 3897/4374/1073 3927/4307/1073 3928/4342/1073
f 3356/4375/1082 4359/4702/1082 4357/4376/1082
f 3895/3914/1073 3925/3916/1073 3926/4196/1073
f 3894/4378/1072 3924/4344/1072 3243/4345/1072
f 3893/4380/1072 3923/4346/1072 3924/4344/1072
f 3892/4381/1072 3922/4347/1072 3923/4346/1072
f 3891/4382/1072 3921/4348/1072 3922/4347/1072
f 3890/4383/1072 3920/4349/1072 3921/4348/1072
f 3889/4384/1072 3919/4350/1072 3920/4349/1072
f 3888/4385/1072 3918/4351/1072 3919/4350/1072
f 3887/4386/1072 3917/4352/1072 3918/4351/1072
f 3886/4387/1072 3916/4353/1072 3917/4352/1072
f 3885/4388/1072 3915/4354/1072 3916/4353/1072
f 3274/3963/1082 4215/4020/1082 4352/4022/1082
f 3883/4390/1072 3913/4356/1072 3914/4357/1072
f 3882/4392/1072 3912/4358/1072 3913/4356/1072
f 3881/4393/1072 3911/4359/1072 3912/4358/1072
f 3880/4394/1072 3910/4360/1072 3911/4359/1072
f 3879/4395/1072 3909/4361/1072 3910/4360/1072
f 3878/4396/1072 3908/4362/1072 3909/4361/1072
f 3877/4397/1072 3907/4363/1072 3908/4362/1072
f 3876/4073/1072 3906/4364/1072 3907/4363/1072
f 4116/4109/1085 4086/4112/1085 4280/4111/1085
f 3874/4399/1072 3904/4366/1072 3905/4367/1072
f 3873/4400/1072 3903/4368/1072 3904/4366/1072
f 3872/4401/1072 3902/4369/1072 3903/4368/1072
f 3871/4402/1072 3901/4370/1072 3902/4369/1072
f 3870/4403/1072 3900/4371/1072 3901/4370/1072
f 3869/4404/1072 3899/4372/1072 3900/4371/1072
f 3868/4405/1072 3898/4373/1072 3899/4372/1072
f 3867/4406/1072 3897/4374/1072 3898/4373/1072
f 3566/4407/1082 4373/4733/1082 4371/4045/1082
f 3865/3912/1072 3895/3914/1072 3896/4377/1072
f 3864/4410/1071 3894/4378/1071 3241/4379/1071
f 3863/4412/1071 3893/4380/1071 3894/4378/1071
f 3862/4413/1071 3892/4381/1071 3893/4380/1071
f 3861/4414/1071 3891/4382/1071 3892/4381/1071
f 3860/4415/1071 3890/4383/1071 3891/4382/1071
f 3859/4416/1071 3889/4384/1071 3890/4383/1071
f 3858/4417/1071 3888/4385/1071 3889/4384/1071
f 3857/4418/1071 3887/4386/1071 3888/4385/1071
f 3856/4419/1071 3886/4387/1071 3887/4386/1071
f 3855/4420/1071 3885/4388/1071 3886/4387/1071
f 3404/4421/1085 3434/4681/1085 4299/4422/1085
f 3853/4423/1071 3883/4390/1071 3884/4391/1071
f 3852/4425/1071 3882/4392/1071 3883/4390/1071
f 3851/4426/1071 3881/4393/1071 3882/4392/1071
f 3850/4427/1071 3880/4394/1071 3881/4393/1071
f 3849/4428/1071 3879/4395/1071 3880/4394/1071
f 3848/4429/1071 3878/4396/1071 3879/4395/1071
f 3847/4430/1071 3877/4397/1071 3878/4396/1071
f 3846/4071/1071 3876/4073/1071 3877/4397/1071
f 3284/4431/1082 3305/4757/1082 4227/4432/1082
f 3844/4434/1071 3874/4399/1071 3875/4259/1071
f 3843/4436/1071 3873/4400/1071 3874/4399/1071
f 3842/4437/1071 3872/4401/1071 3873/4400/1071
f 3841/4438/1071 3871/4402/1071 3872/4401/1071
f 3840/4439/1071 3870/4403/1071 3871/4402/1071
f 3839/4440/1071 3869/4404/1071 3870/4403/1071
f 3838/4441/1071 3868/4405/1071 3869/4404/1071
f 3837/4442/1071 3867/4406/1071 3868/4405/1071
f 3357/4443/1085 3327/4083/1085 4358/4085/1085
f 3835/3910/1071 3865/3912/1071 3866/4409/1071
f 3834/4446/1070 3864/4410/1070 3239/4411/1070
f 3833/4448/1070 3863/4412/1070 3864/4410/1070
f 3832/4449/1070 3862/4413/1070 3863/4412/1070
f 3831/4450/1070 3861/4414/1070 3862/4413/1070
f 3830/4451/1070 3860/4415/1070 3861/4414/1070
f 3829/4452/1070 3859/4416/1070 3860/4415/1070
f 3828/4453/1070 3858/4417/1070 3859/4416/1070
f 3827/4454/1070 3857/4418/1070 3858/4417/1070
f 3826/4455/1070 3856/4419/1070 3857/4418/1070
f 3825/4321/1070 3855/4420/1070 3856/4419/1070
f 3614/4456/1085 3644/4651/1085 4313/4457/1085
f 3823/4458/1070 3853/4423/1070 3854/4424/1070
f 3822/4460/1070 3852/4425/1070 3853/4423/1070
f 3821/4461/1070 3851/4426/1070 3852/4425/1070
f 3820/4462/1070 3850/4427/1070 3851/4426/1070
f 3819/4463/1070 3849/4428/1070 3850/4427/1070
f 3818/4464/1070 3848/4429/1070 3849/4428/1070
f 3817/4465/1070 3847/4430/1070 3848/4429/1070
f 3816/4466/1070 3846/4071/1070 3847/4430/1070
f 3515/4467/1082 4241/4788/1082 4239/4149/1082
f 3814/4469/1070 3844/4434/1070 3845/4435/1070
f 3813/4471/1070 3843/4436/1070 3844/4434/1070
f 3812/4472/1070 3842/4437/1070 3843/4436/1070
f 3811/4473/1070 3841/4438/1070 3842/4437/1070
f 3810/4474/1070 3840/4439/1070 3841/4438/1070
f 3809/4475/1070 3839/4440/1070 3840/4439/1070
f 3808/4476/1070 3838/4441/1070 3839/4440/1070
f 3807/4477/1070 3837/4442/1070 3838/4441/1070
f 3776/4478/1082 4387/4796/1082 4385/4479/1082
f 3805/3908/1070 3835/3910/1070 3836/4445/1070
f 3804/4481/1069 3834/4446/1069 3237/4447/1069
f 3803/4483/1069 3833/4448/1069 3834/4446/1069
f 3802/4484/1069 3832/4449/1069 3833/4448/1069
f 3801/4485/1069 3831/4450/1069 3832/4449/1069
f 3800/4486/1069 3830/4451/1069 3831/4450/1069
f 3799/4487/1069 3829/4452/1069 3830/4451/1069
f 3798/4488/1069 3828/4453/1069 3829/4452/1069
f 3797/4489/1069 3827/4454/1069 3828/4453/1069
f 3796/4490/1069 3826/4455/1069 3827/4454/1069
f 3795/4491/1069 3825/4321/1069 3826/4455/1069
f 3435/4492/1082 3405/4137/1082 4298/4139/1082
f 3793/4494/1069 3823/4458/1069 3824/4459/1069
f 3792/4495/1069 3822/4460/1069 3823/4458/1069
f 3791/4496/1069 3821/4461/1069 3822/4460/1069
f 3790/4497/1069 3820/4462/1069 3821/4461/1069
f 3789/4498/1069 3819/4463/1069 3820/4462/1069
f 3788/4499/1069 3818/4464/1069 3819/4463/1069
f 3787/4500/1069 3817/4465/1069 3818/4464/1069
f 3786/4501/1069 3816/4466/1069 3817/4465/1069
f 3283/4502/1085 4225/5073/1085 4228/4503/1085
f 3784/4505/1069 3814/4469/1069 3815/4470/1069
f 3783/4507/1069 3813/4471/1069 3814/4469/1069
f 3782/4508/1069 3812/4472/1069 3813/4471/1069
f 3781/4509/1069 3811/4473/1069 3812/4472/1069
f 3780/4510/1069 3810/4474/1069 3811/4473/1069
f 3779/4511/1069 3809/4475/1069 3810/4474/1069
f 3778/4512/1069 3808/4476/1069 3809/4475/1069
f 3777/4513/1069 3807/4477/1069 3808/4476/1069
f 3567/4514/1085 3537/4161/1085 4372/4160/1085
f 3775/3906/1069 3805/3908/1069 3806/4480/1069
f 3774/4516/1068 3804/4481/1068 3235/4482/1068
f 3773/4518/1068 3803/4483/1068 3804/4481/1068
f 3772/4519/1068 3802/4484/1068 3803/4483/1068
f 3771/4520/1068 3801/4485/1068 3802/4484/1068
f 3770/4521/1068 3800/4486/1068 3801/4485/1068
f 3769/4522/1068 3799/4487/1068 3800/4486/1068
f 3768/4523/1068 3798/4488/1068 3799/4487/1068
f 3767/4524/1068 3797/4489/1068 3798/4488/1068
f 3766/4525/1068 3796/4490/1068 3797/4489/1068
f 3765/4526/1068 3795/4491/1068 3796/4490/1068
f 3824/4459/1085 3854/4424/1085 4327/4527/1085
f 3763/4528/1068 3793/4494/1068 3794/4174/1068
f 3762/4530/1068 3792/4495/1068 3793/4494/1068
f 3761/4531/1068 3791/4496/1068 3792/4495/1068
f 3760/4532/1068 3790/4497/1068 3791/4496/1068
f 3759/4533/1068 3789/4498/1068 3790/4497/1068
f 3758/4534/1068 3788/4499/1068 3789/4498/1068
f 3757/4535/1068 3787/4500/1068 3788/4499/1068
f 3756/4536/1068 3786/4501/1068 3787/4500/1068
f 3725/4537/1082 4255/4849/1082 4253/4538/1082
f 3754/4539/1068 3784/4505/1068 3785/4506/1068
f 3753/4541/1068 3783/4507/1068 3784/4505/1068
f 3752/4542/1068 3782/4508/1068 3783/4507/1068
f 3751/4543/1068 3781/4509/1068 3782/4508/1068
f 3750/4544/1068 3780/4510/1068 3781/4509/1068
f 3749/4545/1068 3779/4511/1068 3780/4510/1068
f 3748/4546/1068 3778/4512/1068 3779/4511/1068
f 3747/4273/1068 3777/4513/1068 3778/4512/1068
f 3986/4274/1082 4401/4858/1082 4399/4197/1082
f 3745/3904/1068 3775/3906/1068 3776/4478/1068
f 3744/4547/1067 3774/4516/1067 3233/4517/1067
f 3743/4549/1067 3773/4518/1067 3774/4516/1067
f 3742/4550/1067 3772/4519/1067 3773/4518/1067
f 3741/4551/1067 3771/4520/1067 3772/4519/1067
f 3740/4552/1067 3770/4521/1067 3771/4520/1067
f 3739/4553/1067 3769/4522/1067 3770/4521/1067
f 3738/4554/1067 3768/4523/1067 3769/4522/1067
f 3737/4555/1067 3767/4524/1067 3768/4523/1067
f 3736/4556/1067 3766/4525/1067 3767/4524/1067
f 3735/4557/1067 3765/4526/1067 3766/4525/1067
f 3645/4558/1082 3615/4211/1082 4312/4213/1082
f 3733/4560/1067 3763/4528/1067 3764/4529/1067
f 3732/4562/1067 3762/4530/1067 3763/4528/1067
f 3731/4563/1067 3761/4531/1067 3762/4530/1067
f 3730/4564/1067 3760/4532/1067 3761/4531/1067
f 3729/4565/1067 3759/4533/1067 3760/4532/1067
f 3728/4566/1067 3758/4534/1067 3759/4533/1067
f 3727/4567/1067 3757/4535/1067 3758/4534/1067
f 3726/4568/1067 3756/4536/1067 3757/4535/1067
f 3516/4569/1085 3486/4225/1085 4240/4224/1085
f 3724/4571/1067 3754/4539/1067 3755/4540/1067
f 3723/4572/1067 3753/4541/1067 3754/4539/1067
f 3722/4573/1067 3752/4542/1067 3753/4541/1067
f 3721/4574/1067 3751/4543/1067 3752/4542/1067
f 3720/4575/1067 3750/4544/1067 3751/4543/1067
f 3719/4576/1067 3749/4545/1067 3750/4544/1067
f 3718/4577/1067 3748/4546/1067 3749/4545/1067
f 3717/4271/1067 3747/4273/1067 3748/4546/1067
f 4196/4007/1082 4415/4890/1082 4413/4235/1082
f 3715/3902/1067 3745/3904/1067 3746/4122/1067
f 3714/4578/1066 3744/4547/1066 3231/4548/1066
f 3713/4580/1066 3743/4549/1066 3744/4547/1066
f 3712/4581/1066 3742/4550/1066 3743/4549/1066
f 3711/4582/1066 3741/4551/1066 3742/4550/1066
f 3710/4583/1066 3740/4552/1066 3741/4551/1066
f 3709/4584/1066 3739/4553/1066 3740/4552/1066
f 3708/4585/1066 3738/4554/1066 3739/4553/1066
f 3707/4586/1066 3737/4555/1066 3738/4554/1066
f 3706/4587/1066 3736/4556/1066 3737/4555/1066
f 3705/4588/1066 3735/4557/1066 3736/4556/1066
f 4034/4215/1085 4064/4178/1085 4341/4589/1085
f 3703/4590/1066 3733/4560/1066 3734/4561/1066
f 3702/4592/1066 3732/4562/1066 3733/4560/1066
f 3701/4593/1066 3731/4563/1066 3732/4562/1066
f 3700/4594/1066 3730/4564/1066 3731/4563/1066
f 3699/4595/1066 3729/4565/1066 3730/4564/1066
f 3698/4596/1066 3728/4566/1066 3729/4565/1066
f 3697/4597/1066 3727/4567/1066 3728/4566/1066
f 3696/4334/1066 3726/4568/1066 3727/4567/1066
f 3935/4336/1082 4269/4911/1082 4267/4260/1082
f 3694/4598/1066 3724/4571/1066 3725/4537/1066
f 3693/4599/1066 3723/4572/1066 3724/4571/1066
f 3692/4600/1066 3722/4573/1066 3723/4572/1066
f 3691/4601/1066 3721/4574/1066 3722/4573/1066
f 3690/4602/1066 3720/4575/1066 3721/4574/1066
f 3689/4603/1066 3719/4576/1066 3720/4575/1066
f 3688/4604/1066 3718/4577/1066 3719/4576/1066
f 3687/4605/1066 3717/4271/1066 3718/4577/1066
f 3777/4513/1085 3747/4273/1085 4386/4272/1085
f 3685/3900/1066 3715/3902/1066 3716/4124/1066
f 3684/4608/1065 3714/4578/1065 3229/4579/1065
f 3683/4610/1065 3713/4580/1065 3714/4578/1065
f 3682/4611/1065 3712/4581/1065 3713/4580/1065
f 3681/4612/1065 3711/4582/1065 3712/4581/1065
f 3680/4613/1065 3710/4583/1065 3711/4582/1065
f 3679/4614/1065 3709/4584/1065 3710/4583/1065
f 3678/4615/1065 3708/4585/1065 3709/4584/1065
f 3677/4616/1065 3707/4586/1065 3708/4585/1065
f 3676/4617/1065 3706/4587/1065 3707/4586/1065
f 3675/4618/1065 3705/4588/1065 3706/4587/1065
f 3855/4420/1082 3825/4321/1082 4326/4323/1082
f 3673/4620/1065 3703/4590/1065 3704/4591/1065
f 3672/4622/1065 3702/4592/1065 3703/4590/1065
f 3671/4623/1065 3701/4593/1065 3702/4592/1065
f 3670/4624/1065 3700/4594/1065 3701/4593/1065
f 3669/4625/1065 3699/4595/1065 3700/4594/1065
f 3668/4626/1065 3698/4596/1065 3699/4595/1065
f 3667/4627/1065 3697/4597/1065 3698/4596/1065
f 3666/3986/1065 3696/4334/1065 3697/4597/1065
f 4145/4075/1082 4283/4942/1082 4281/4628/1082
f 3664/4629/1065 3694/4598/1065 3695/4185/1065
f 3663/4630/1065 3693/4599/1065 3694/4598/1065
f 3662/4631/1065 3692/4600/1065 3693/4599/1065
f 3661/4632/1065 3691/4601/1065 3692/4600/1065
f 3660/4633/1065 3690/4602/1065 3691/4601/1065
f 3659/4634/1065 3689/4603/1065 3690/4602/1065
f 3658/4635/1065 3688/4604/1065 3689/4603/1065
f 3657/4636/1065 3687/4605/1065 3688/4604/1065
f 3957/4306/1085 4400/4308/1085 4402/4637/1085
f 3655/3898/1065 3685/3900/1065 3686/4607/1065
f 3654/4639/1064 3684/4608/1064 3227/4609/1064
f 3653/4641/1064 3683/4610/1064 3684/4608/1064
f 3652/4642/1064 3682/4611/1064 3683/4610/1064
f 3651/4643/1064 3681/4612/1064 3682/4611/1064
f 3650/4644/1064 3680/4613/1064 3681/4612/1064
f 3649/4645/1064 3679/4614/1064 3680/4613/1064
f 3648/4646/1064 3678/4615/1064 3679/4614/1064
f 3647/4647/1064 3677/4616/1064 3678/4615/1064
f 3646/4648/1064 3676/4617/1064 3677/4616/1064
f 3645/4558/1064 3675/4618/1064 3676/4617/1064
f 4065/4173/1082 4035/4210/1082 4340/4355/1082
f 3643/4650/1064 3673/4620/1064 3674/4621/1064
f 3642/4652/1064 3672/4622/1064 3673/4620/1064
f 3641/4653/1064 3671/4623/1064 3672/4622/1064
f 3640/4654/1064 3670/4624/1064 3671/4623/1064
f 3639/4655/1064 3669/4625/1064 3670/4624/1064
f 3638/4656/1064 3668/4626/1064 3669/4625/1064
f 3637/4657/1064 3667/4627/1064 3668/4626/1064
f 3636/3984/1064 3666/3986/1064 3667/4627/1064
f 3726/4568/1085 3696/4334/1085 4254/4333/1085
f 3634/4659/1064 3664/4629/1064 3665/4187/1064
f 3633/4661/1064 3663/4630/1064 3664/4629/1064
f 3632/4662/1064 3662/4631/1064 3663/4630/1064
f 3631/4663/1064 3661/4632/1064 3662/4631/1064
f 3630/4664/1064 3660/4633/1064 3661/4632/1064
f 3629/4665/1064 3659/4634/1064 3660/4633/1064
f 3628/4666/1064 3658/4635/1064 3659/4634/1064
f 3627/4667/1064 3657/4636/1064 3658/4635/1064
f 4197/4668/1085 4167/4043/1085 4414/4343/1085
f 3625/3896/1064 3655/3898/1064 3656/4638/1064
f 3624/4671/1063 3654/4639/1063 3225/4640/1063
f 3623/4673/1063 3653/4641/1063 3654/4639/1063
f 3622/4674/1063 3652/4642/1063 3653/4641/1063
f 3621/4675/1063 3651/4643/1063 3652/4642/1063
f 3620/4676/1063 3650/4644/1063 3651/4643/1063
f 3619/4677/1063 3649/4645/1063 3650/4644/1063
f 3618/4678/1063 3648/4646/1063 3649/4645/1063
f 3617/4679/1063 3647/4647/1063 3648/4646/1063
f 3616/4680/1063 3646/4648/1063 3647/4647/1063
f 3615/4211/1063 3645/4558/1063 3646/4648/1063
f 3434/4681/1085 3464/4841/1085 4301/4682/1085
f 3613/4683/1063 3643/4650/1063 3644/4651/1063
f 3612/4684/1063 3642/4652/1063 3643/4650/1063
f 3611/4685/1063 3641/4653/1063 3642/4652/1063
f 3610/4686/1063 3640/4654/1063 3641/4653/1063
f 3609/4687/1063 3639/4655/1063 3640/4654/1063
f 3608/4688/1063 3638/4656/1063 3639/4655/1063
f 3607/4689/1063 3637/4657/1063 3638/4656/1063
f 3606/4690/1063 3636/3984/1063 3637/4657/1063
f 3906/4364/1085 4268/4365/1085 4270/4691/1085
f 3604/4692/1063 3634/4659/1063 3635/4660/1063
f 3603/4694/1063 3633/4661/1063 3634/4659/1063
f 3602/4695/1063 3632/4662/1063 3633/4661/1063
f 3601/4696/1063 3631/4663/1063 3632/4662/1063
f 3600/4697/1063 3630/4664/1063 3631/4663/1063
f 3599/4698/1063 3629/4665/1063 3630/4664/1063
f 3598/4699/1063 3628/4666/1063 3629/4665/1063
f 3597/4700/1063 3627/4667/1063 3628/4666/1063
f 3386/4701/1082 4361/5011/1082 4359/4702/1082
f 3595/3894/1063 3625/3896/1063 3626/4670/1063
f 3594/4704/1062 3624/4671/1062 3223/4672/1062
f 3593/4706/1062 3623/4673/1062 3624/4671/1062
f 3592/4707/1062 3622/4674/1062 3623/4673/1062
f 3591/4708/1062 3621/4675/1062 3622/4674/1062
f 3590/4709/1062 3620/4676/1062 3621/4675/1062
f 3589/4710/1062 3619/4677/1062 3620/4676/1062
f 3588/4711/1062 3618/4678/1062 3619/4677/1062
f 3587/4712/1062 3617/4679/1062 3618/4678/1062
f 3586/4713/1062 3616/4680/1062 3617/4679/1062
f 3585/4714/1062 3615/4211/1062 3616/4680/1062
f 3644/4651/1085 3674/4621/1085 4315/4715/1085
f 3583/4716/1062 3613/4683/1062 3614/4456/1062
f 3582/4717/1062 3612/4684/1062 3613/4683/1062
f 3581/4718/1062 3611/4685/1062 3612/4684/1062
f 3580/4719/1062 3610/4686/1062 3611/4685/1062
f 3579/4720/1062 3609/4687/1062 3610/4686/1062
f 3578/4721/1062 3608/4688/1062 3609/4687/1062
f 3577/4722/1062 3607/4689/1062 3608/4688/1062
f 3576/4723/1062 3606/4690/1062 3607/4689/1062
f 4116/4109/1085 4282/4398/1085 4284/4724/1085
f 3574/4725/1062 3604/4692/1062 3605/4693/1062
f 3573/4727/1062 3603/4694/1062 3604/4692/1062
f 3572/4728/1062 3602/4695/1062 3603/4694/1062
f 3571/4729/1062 3601/4696/1062 3602/4695/1062
f 3570/4730/1062 3600/4697/1062 3601/4696/1062
f 3569/4731/1062 3599/4698/1062 3600/4697/1062
f 3568/4732/1062 3598/4699/1062 3599/4698/1062
f 3567/4514/1062 3597/4700/1062 3598/4699/1062
f 3596/4703/1082 4375/5041/1082 4373/4733/1082
f 3565/3892/1062 3595/3894/1062 3596/4703/1062
f 3564/4734/1061 3594/4704/1061 3221/4705/1061
f 3563/4736/1061 3593/4706/1061 3594/4704/1061
f 3562/4737/1061 3592/4707/1061 3593/4706/1061
f 3561/4738/1061 3591/4708/1061 3592/4707/1061
f 3560/4739/1061 3590/4709/1061 3591/4708/1061
f 3559/4740/1061 3589/4710/1061 3590/4709/1061
f 3558/4741/1061 3588/4711/1061 3589/4710/1061
f 3557/4742/1061 3587/4712/1061 3588/4711/1061
f 3556/4743/1061 3586/4713/1061 3587/4712/1061
f 3555/4744/1061 3585/4714/1061 3586/4713/1061
f 3465/4745/1082 3435/4492/1082 4300/4493/1082
f 3553/4747/1061 3583/4716/1061 3584/4098/1061
f 3552/4749/1061 3582/4717/1061 3583/4716/1061
f 3551/4750/1061 3581/4718/1061 3582/4717/1061
f 3550/4751/1061 3580/4719/1061 3581/4718/1061
f 3549/4752/1061 3579/4720/1061 3580/4719/1061
f 3548/4753/1061 3578/4721/1061 3579/4720/1061
f 3547/4754/1061 3577/4722/1061 3578/4721/1061
f 3546/4755/1061 3576/4723/1061 3577/4722/1061
f 3335/4756/1082 4229/5072/1082 4227/4432/1082
f 3544/4758/1061 3574/4725/1061 3575/4726/1061
f 3543/4760/1061 3573/4727/1061 3574/4725/1061
f 3542/4761/1061 3572/4728/1061 3573/4727/1061
f 3541/4762/1061 3571/4729/1061 3572/4728/1061
f 3540/4763/1061 3570/4730/1061 3571/4729/1061
f 3539/4764/1061 3569/4731/1061 3570/4730/1061
f 3538/4765/1061 3568/4732/1061 3569/4731/1061
f 3537/4161/1061 3567/4514/1061 3568/4732/1061
f 3387/4766/1085 3357/4443/1085 4360/4444/1085
f 3535/3890/1061 3565/3892/1061 3566/4407/1061
f 3534/4768/1060 3564/4734/1060 3219/4735/1060
f 3533/4770/1060 3563/4736/1060 3564/4734/1060
f 3532/4771/1060 3562/4737/1060 3563/4736/1060
f 3531/4772/1060 3561/4738/1060 3562/4737/1060
f 3530/4773/1060 3560/4739/1060 3561/4738/1060
f 3529/4774/1060 3559/4740/1060 3560/4739/1060
f 3528/4775/1060 3558/4741/1060 3559/4740/1060
f 3527/4776/1060 3557/4742/1060 3558/4741/1060
f 3526/4777/1060 3556/4743/1060 3557/4742/1060
f 3525/4778/1060 3555/4744/1060 3556/4743/1060
f 3854/4424/1085 3884/4391/1085 4329/4779/1085
f 3523/4780/1060 3553/4747/1060 3554/4748/1060
f 3522/4782/1060 3552/4749/1060 3553/4747/1060
f 3521/4783/1060 3551/4750/1060 3552/4749/1060
f 3520/4784/1060 3550/4751/1060 3551/4750/1060
f 3519/4785/1060 3549/4752/1060 3550/4751/1060
f 3518/4786/1060 3548/4753/1060 3549/4752/1060
f 3517/4787/1060 3547/4754/1060 3548/4753/1060
f 3516/4569/1060 3546/4755/1060 3547/4754/1060
f 3545/4759/1082 4243/5064/1082 4241/4788/1082
f 3514/4789/1060 3544/4758/1060 3545/4759/1060
f 3513/4790/1060 3543/4760/1060 3544/4758/1060
f 3512/4791/1060 3542/4761/1060 3543/4760/1060
f 3511/4792/1060 3541/4762/1060 3542/4761/1060
f 3510/4793/1060 3540/4763/1060 3541/4762/1060
f 3509/4794/1060 3539/4764/1060 3540/4763/1060
f 3508/4795/1060 3538/4765/1060 3539/4764/1060
f 3507/4159/1060 3537/4161/1060 3538/4765/1060
f 3806/4480/1082 4389/5115/1082 4387/4796/1082
f 3505/3888/1060 3535/3890/1060 3536/4408/1060
f 3504/4797/1059 3534/4768/1059 3217/4769/1059
f 3503/4799/1059 3533/4770/1059 3534/4768/1059
f 3502/4800/1059 3532/4771/1059 3533/4770/1059
f 3501/4801/1059 3531/4772/1059 3532/4771/1059
f 3500/4802/1059 3530/4773/1059 3531/4772/1059
f 3499/4803/1059 3529/4774/1059 3530/4773/1059
f 3498/4804/1059 3528/4775/1059 3529/4774/1059
f 3497/4805/1059 3527/4776/1059 3528/4775/1059
f 3496/4806/1059 3526/4777/1059 3527/4776/1059
f 3495/4807/1059 3525/4778/1059 3526/4777/1059
f 4064/4178/1085 4094/4141/1085 4343/4808/1085
f 3493/4809/1059 3523/4780/1059 3524/4781/1059
f 3492/4811/1059 3522/4782/1059 3523/4780/1059
f 3491/4812/1059 3521/4783/1059 3522/4782/1059
f 3490/4813/1059 3520/4784/1059 3521/4783/1059
f 3489/4814/1059 3519/4785/1059 3520/4784/1059
f 3488/4815/1059 3518/4786/1059 3519/4785/1059
f 3487/4816/1059 3517/4787/1059 3518/4786/1059
f 3486/4225/1059 3516/4569/1059 3517/4787/1059
f 3336/4817/1085 3306/4504/1085 4228/4503/1085
f 3484/4819/1059 3514/4789/1059 3515/4467/1059
f 3483/4820/1059 3513/4790/1059 3514/4789/1059
f 3482/4821/1059 3512/4791/1059 3513/4790/1059
f 3481/4822/1059 3511/4792/1059 3512/4791/1059
f 3480/4823/1059 3510/4793/1059 3511/4792/1059
f 3479/4824/1059 3509/4794/1059 3510/4793/1059
f 3478/4825/1059 3508/4795/1059 3509/4794/1059
f 3477/4826/1059 3507/4159/1059 3508/4795/1059
f 3597/4700/1085 3567/4514/1085 4374/4515/1085
f 3475/3886/1059 3505/3888/1059 3506/4044/1059
f 3474/4829/1058 3504/4797/1058 3215/4798/1058
f 3473/4831/1058 3503/4799/1058 3504/4797/1058
f 3472/4832/1058 3502/4800/1058 3503/4799/1058
f 3471/4833/1058 3501/4801/1058 3502/4800/1058
f 3470/4834/1058 3500/4802/1058 3501/4801/1058
f 3469/4835/1058 3499/4803/1058 3500/4802/1058
f 3468/4836/1058 3498/4804/1058 3499/4803/1058
f 3467/4837/1058 3497/4805/1058 3498/4804/1058
f 3466/4838/1058 3496/4806/1058 3497/4805/1058
f 3465/4745/1058 3495/4807/1058 3496/4806/1058
f 3675/4618/1082 3645/4558/1082 4314/4559/1082
f 3463/4840/1058 3493/4809/1058 3494/4810/1058
f 3462/4842/1058 3492/4811/1058 3493/4809/1058
f 3461/4843/1058 3491/4812/1058 3492/4811/1058
f 3460/4844/1058 3490/4813/1058 3491/4812/1058
f 3459/4845/1058 3489/4814/1058 3490/4813/1058
f 3458/4846/1058 3488/4815/1058 3489/4814/1058
f 3457/4847/1058 3487/4816/1058 3488/4815/1058
f 3456/4223/1058 3486/4225/1058 3487/4816/1058
f 3725/4537/1082 3755/4540/1082 4257/4848/1082
f 3454/4850/1058 3484/4819/1058 3485/4468/1058
f 3453/4851/1058 3483/4820/1058 3484/4819/1058
f 3452/4852/1058 3482/4821/1058 3483/4820/1058
f 3451/4853/1058 3481/4822/1058 3482/4821/1058
f 3450/4854/1058 3480/4823/1058 3481/4822/1058
f 3449/4855/1058 3479/4824/1058 3480/4823/1058
f 3448/4856/1058 3478/4825/1058 3479/4824/1058
f 3447/4857/1058 3477/4826/1058 3478/4825/1058
f 4016/4237/1082 4403/5107/1082 4401/4858/1082
f 3445/3884/1058 3475/3886/1058 3476/4828/1058
f 3444/4860/1057 3474/4829/1057 3213/4830/1057
f 3443/4862/1057 3473/4831/1057 3474/4829/1057
f 3442/4863/1057 3472/4832/1057 3473/4831/1057
f 3441/4864/1057 3471/4833/1057 3472/4832/1057
f 3440/4865/1057 3470/4834/1057 3471/4833/1057
f 3439/4866/1057 3469/4835/1057 3470/4834/1057
f 3438/4867/1057 3468/4836/1057 3469/4835/1057
f 3437/4868/1057 3467/4837/1057 3468/4836/1057
f 3436/4869/1057 3466/4838/1057 3467/4837/1057
f 3435/4492/1057 3465/4745/1057 3466/4838/1057
f 3885/4388/1082 3855/4420/1082 4328/4619/1082
f 3433/4871/1057 3463/4840/1057 3464/4841/1057
f 3432/4872/1057 3462/4842/1057 3463/4840/1057
f 3431/4873/1057 3461/4843/1057 3462/4842/1057
f 3430/4874/1057 3460/4844/1057 3461/4843/1057
f 3429/4875/1057 3459/4845/1057 3460/4844/1057
f 3428/4876/1057 3458/4846/1057 3459/4845/1057
f 3427/4877/1057 3457/4847/1057 3458/4846/1057
f 3426/4878/1057 3456/4223/1057 3457/4847/1057
f 3516/4569/1085 4242/4570/1085 4244/4879/1085
f 3424/4880/1057 3454/4850/1057 3455/4148/1057
f 3423/4882/1057 3453/4851/1057 3454/4850/1057
f 3422/4883/1057 3452/4852/1057 3453/4851/1057
f 3421/4884/1057 3451/4853/1057 3452/4852/1057
f 3420/4885/1057 3450/4854/1057 3451/4853/1057
f 3419/4886/1057 3449/4855/1057 3450/4854/1057
f 3418/4887/1057 3448/4856/1057 3449/4855/1057
f 3417/4888/1057 3447/4857/1057 3448/4856/1057
f 4196/4007/1082 3293/4008/1082 4354/4889/1082
f 3415/3882/1057 3445/3884/1057 3446/4859/1057
f 3414/4892/1056 3444/4860/1056 3211/4861/1056
f 3413/4894/1056 3443/4862/1056 3444/4860/1056
f 3412/4895/1056 3442/4863/1056 3443/4862/1056
f 3411/4896/1056 3441/4864/1056 3442/4863/1056
f 3410/4897/1056 3440/4865/1056 3441/4864/1056
f 3409/4898/1056 3439/4866/1056 3440/4865/1056
f 3408/4899/1056 3438/4867/1056 3439/4866/1056
f 3407/4900/1056 3437/4868/1056 3438/4867/1056
f 3406/4901/1056 3436/4869/1056 3437/4868/1056
f 3405/4137/1056 3435/4492/1056 3436/4869/1056
f 4095/4136/1082 4065/4173/1082 4342/4649/1082
f 3403/4903/1056 3433/4871/1056 3434/4681/1056
f 3402/4904/1056 3432/4872/1056 3433/4871/1056
f 3401/4905/1056 3431/4873/1056 3432/4872/1056
f 3400/4906/1056 3430/4874/1056 3431/4873/1056
f 3399/4907/1056 3429/4875/1056 3430/4874/1056
f 3398/4908/1056 3428/4876/1056 3429/4875/1056
f 3397/4909/1056 3427/4877/1056 3428/4876/1056
f 3396/4910/1056 3426/4878/1056 3427/4877/1056
f 3965/4299/1082 4271/5051/1082 4269/4911/1082
f 3394/4912/1056 3424/4880/1056 3425/4881/1056
f 3393/4914/1056 3423/4882/1056 3424/4880/1056
f 3392/4915/1056 3422/4883/1056 3423/4882/1056
f 3391/4916/1056 3421/4884/1056 3422/4883/1056
f 3390/4917/1056 3420/4885/1056 3421/4884/1056
f 3389/4918/1056 3419/4886/1056 3420/4885/1056
f 3388/4919/1056 3418/4887/1056 3419/4886/1056
f 3387/4766/1056 3417/4888/1056 3418/4887/1056
f 3777/4513/1085 4388/4606/1085 4390/4920/1085
f 3385/3880/1056 3415/3882/1056 3416/4891/1056
f 3384/4921/1055 3414/4892/1055 3209/4893/1055
f 3383/4923/1055 3413/4894/1055 3414/4892/1055
f 3382/4924/1055 3412/4895/1055 3413/4894/1055
f 3381/4925/1055 3411/4896/1055 3412/4895/1055
f 3380/4926/1055 3410/4897/1055 3411/4896/1055
f 3379/4927/1055 3409/4898/1055 3410/4897/1055
f 3378/4928/1055 3408/4899/1055 3409/4898/1055
f 3377/4929/1055 3407/4900/1055 3408/4899/1055
f 3376/4930/1055 3406/4901/1055 3407/4900/1055
f 3375/4931/1055 3405/4137/1055 3406/4901/1055
f 3464/4841/1085 3494/4810/1085 4303/4932/1085
f 3373/4933/1055 3403/4903/1055 3404/4421/1055
f 3372/4934/1055 3402/4904/1055 3403/4903/1055
f 3371/4935/1055 3401/4905/1055 3402/4904/1055
f 3370/4936/1055 3400/4906/1055 3401/4905/1055
f 3369/4937/1055 3399/4907/1055 3400/4906/1055
f 3368/4938/1055 3398/4908/1055 3399/4907/1055
f 3367/4939/1055 3397/4909/1055 3398/4908/1055
f 3366/4940/1055 3396/4910/1055 3397/4909/1055
f 4145/4075/1082 4175/4036/1082 4285/4941/1082
f 3364/4943/1055 3394/4912/1055 3395/4913/1055
f 3363/4945/1055 3393/4914/1055 3394/4912/1055
f 3362/4946/1055 3392/4915/1055 3393/4914/1055
f 3361/4947/1055 3391/4916/1055 3392/4915/1055
f 3360/4948/1055 3390/4917/1055 3391/4916/1055
f 3359/4949/1055 3389/4918/1055 3390/4917/1055
f 3358/4950/1055 3388/4919/1055 3389/4918/1055
f 3357/4443/1055 3387/4766/1055 3388/4919/1055
f 3987/4270/1085 4402/4637/1085 4404/4951/1085
f 3355/3878/1055 3385/3880/1055 3386/4701/1055
f 3354/4952/1054 3384/4921/1054 3207/4922/1054
f 3353/4954/1054 3383/4923/1054 3384/4921/1054
f 3352/4955/1054 3382/4924/1054 3383/4923/1054
f 3351/4956/1054 3381/4925/1054 3382/4924/1054
f 3350/4957/1054 3380/4926/1054 3381/4925/1054
f 3349/4958/1054 3379/4927/1054 3380/4926/1054
f 3348/4959/1054 3378/4928/1054 3379/4927/1054
f 3347/4960/1054 3377/4929/1054 3378/4928/1054
f 3346/4961/1054 3376/4930/1054 3377/4929/1054
f 3345/4962/1054 3375/4931/1054 3376/4930/1054
f 3674/4621/1085 3704/4591/1085 4317/4963/1085
f 3343/4964/1054 3373/4933/1054 3374/4059/1054
f 3342/4966/1054 3372/4934/1054 3373/4933/1054
f 3341/4967/1054 3371/4935/1054 3372/4934/1054
f 3340/4968/1054 3370/4936/1054 3371/4935/1054
f 3339/4969/1054 3369/4937/1054 3370/4936/1054
f 3338/4970/1054 3368/4938/1054 3369/4937/1054
f 3337/4971/1054 3367/4939/1054 3368/4938/1054
f 3336/4817/1054 3366/4940/1054 3367/4939/1054
f 3726/4568/1085 4256/4658/1085 4258/4972/1085
f 3334/4973/1054 3364/4943/1054 3365/4944/1054
f 3333/4974/1054 3363/4945/1054 3364/4943/1054
f 3332/4975/1054 3362/4946/1054 3363/4945/1054
f 3331/4976/1054 3361/4947/1054 3362/4946/1054
f 3330/4977/1054 3360/4948/1054 3361/4947/1054
f 3329/4978/1054 3359/4949/1054 3360/4948/1054
f 3328/4979/1054 3358/4950/1054 3359/4949/1054
f 3327/4083/1054 3357/4443/1054 3358/4950/1054
f 4197/4668/1085 4416/4669/1085 4353/4980/1085
f 3325/3876/1054 3355/3878/1054 3356/4375/1054
f 3324/4981/1053 3354/4952/1053 3205/4953/1053
f 3323/4983/1053 3353/4954/1053 3354/4952/1053
f 3322/4984/1053 3352/4955/1053 3353/4954/1053
f 3321/4985/1053 3351/4956/1053 3352/4955/1053
f 3320/4986/1053 3350/4957/1053 3351/4956/1053
f 3319/4987/1053 3349/4958/1053 3350/4957/1053
f 3318/4988/1053 3348/4959/1053 3349/4958/1053
f 3317/4989/1053 3347/4960/1053 3348/4959/1053
f 3316/4990/1053 3346/4961/1053 3347/4960/1053
f 3315/4991/1053 3345/4962/1053 3346/4961/1053
f 3495/4807/1082 3465/4745/1082 4302/4746/1082
f 3313/4993/1053 3343/4964/1053 3344/4965/1053
f 3312/4995/1053 3342/4966/1053 3343/4964/1053
f 3311/4996/1053 3341/4967/1053 3342/4966/1053
f 3310/4997/1053 3340/4968/1053 3341/4967/1053
f 3309/4998/1053 3339/4969/1053 3340/4968/1053
f 3308/4999/1053 3338/4970/1053 3339/4969/1053
f 3307/5000/1053 3337/4971/1053 3338/4970/1053
f 3306/4504/1053 3336/4817/1053 3337/4971/1053
f 3966/4296/1085 3936/4332/1085 4270/4691/1085
f 3304/5002/1053 3334/4973/1053 3335/4756/1053
f 3303/5003/1053 3333/4974/1053 3334/4973/1053
f 3302/5004/1053 3332/4975/1053 3333/4974/1053
f 3301/5005/1053 3331/4976/1053 3332/4975/1053
f 3300/5006/1053 3330/4977/1053 3331/4976/1053
f 3299/5007/1053 3329/4978/1053 3330/4977/1053
f 3298/5008/1053 3328/4979/1053 3329/4978/1053
f 3297/5009/1053 3327/4083/1053 3328/4979/1053
f 3386/4701/1082 3416/4891/1082 4363/5010/1082
f 3295/3873/1053 3325/3876/1053 3326/4004/1053
f 3265/5012/1052 3324/4981/1052 3203/4982/1052
f 3266/5014/1052 3323/4983/1052 3324/4981/1052
f 3267/5015/1052 3322/4984/1052 3323/4983/1052
f 3268/5016/1052 3321/4985/1052 3322/4984/1052
f 3269/5017/1052 3320/4986/1052 3321/4985/1052
f 3270/5018/1052 3319/4987/1052 3320/4986/1052
f 3271/5019/1052 3318/4988/1052 3319/4987/1052
f 3272/5020/1052 3317/4989/1052 3318/4988/1052
f 3273/5021/1052 3316/4990/1052 3317/4989/1052
f 3274/5022/1052 3315/4991/1052 3316/4990/1052
f 3884/4391/1085 3914/4357/1085 4331/5023/1085
f 3276/5024/1052 3313/4993/1052 3314/4994/1052
f 3277/5026/1052 3312/4995/1052 3313/4993/1052
f 3278/5027/1052 3311/4996/1052 3312/4995/1052
f 3279/5028/1052 3310/4997/1052 3311/4996/1052
f 3280/5029/1052 3309/4998/1052 3310/4997/1052
f 3281/5030/1052 3308/4999/1052 3309/4998/1052
f 3282/5031/1052 3307/5000/1052 3308/4999/1052
f 3283/4502/1052 3306/4504/1052 3307/5000/1052
f 4146/4070/1085 4284/4724/1085 4286/5032/1085
f 3285/5033/1052 3304/5002/1052 3305/4757/1052
f 3286/5034/1052 3303/5003/1052 3304/5002/1052
f 3287/5035/1052 3302/5004/1052 3303/5003/1052
f 3288/5036/1052 3301/5005/1052 3302/5004/1052
f 3289/5037/1052 3300/5006/1052 3301/5005/1052
f 3290/5038/1052 3299/5007/1052 3300/5006/1052
f 3291/5039/1052 3298/5008/1052 3299/5007/1052
f 3292/5040/1052 3297/5009/1052 3298/5008/1052
f 3626/4670/1082 4377/5121/1082 4375/5041/1082
f 3294/3874/1052 3295/3873/1052 3296/4006/1052
f 4287/5043/1084 4226/5075/1084 4225/5044/1084
f 4285/4941/1083 4287/5043/1083 4288/5045/1083
f 4283/4942/1081 4285/4941/1081 4286/5032/1081
f 4281/4628/1080 4283/4942/1080 4284/4724/1080
f 4279/4297/1079 4281/4628/1079 4282/4398/1079
f 4277/4033/1078 4279/4297/1078 4280/4111/1078
f 4275/5047/1077 4277/4033/1077 4278/5046/1077
f 4273/5049/1076 4275/5047/1076 4276/5048/1076
f 4271/5051/1075 4273/5049/1075 4274/5050/1075
f 4269/4911/1074 4271/5051/1074 4272/5001/1074
f 4267/4260/1073 4269/4911/1073 4270/4691/1073
f 4265/4261/1072 4267/4260/1072 4268/4365/1072
f 4263/5052/1071 4265/4261/1071 4266/4072/1071
f 4261/5054/1070 4263/5052/1070 4264/5053/1070
f 4259/5056/1069 4261/5054/1069 4262/5055/1069
f 4257/4848/1068 4259/5056/1068 4260/5057/1068
f 4255/4849/1067 4257/4848/1067 4258/4972/1067
f 4253/4538/1066 4255/4849/1066 4256/4658/1066
f 4251/4186/1065 4253/4538/1065 4254/4333/1065
f 4249/5058/1064 4251/4186/1064 4252/3985/1064
f 4247/5060/1063 4249/5058/1063 4250/5059/1063
f 4245/5062/1062 4247/5060/1062 4248/5061/1062
f 4243/5064/1061 4245/5062/1061 4246/5063/1061
f 4241/4788/1060 4243/5064/1060 4244/4879/1060
f 4239/4149/1059 4241/4788/1059 4242/4570/1059
f 4237/4150/1058 4239/4149/1058 4240/4224/1058
f 4235/5066/1057 4237/4150/1057 4238/5065/1057
f 4233/5068/1056 4235/5066/1056 4236/5067/1056
f 4231/5070/1055 4233/5068/1055 4234/5069/1055
f 4229/5072/1054 4231/5070/1054 4232/5071/1054
f 4227/4432/1053 4229/5072/1053 4230/4818/1053
f 4226/4433/1052 4227/4432/1052 4228/4503/1052
f 3875/4259/1082 4265/4261/1082 4263/5052/1082
f 3426/4878/1085 4236/5067/1085 4238/5065/1085
f 3635/4660/1082 3665/4187/1082 4251/4186/1082
f 3425/4881/1082 3455/4148/1082 4237/4150/1082
f 4056/4110/1085 4026/4222/1085 4276/5048/1085
f 3846/4071/1085 3816/4466/1085 4262/5055/1085
f 4055/4034/1082 4277/4033/1082 4275/5047/1082
f 3636/3984/1085 3606/4690/1085 4248/5061/1085
f 3845/4435/1082 4263/5052/1082 4261/5054/1082
f 3396/4910/1085 4234/5069/1085 4236/5067/1085
f 3635/4660/1082 4249/5058/1082 4247/5060/1082
f 3395/4913/1082 3425/4881/1082 4235/5066/1082
f 4206/3982/1085 4288/5045/1085 4225/5044/1085
f 3996/4258/1085 4274/5050/1085 4276/5048/1085
f 3786/4501/1085 4260/5057/1085 4262/5055/1085
f 4205/3989/1082 3284/3988/1082 4226/5075/1082
f 4025/4227/1082 4275/5047/1082 4273/5049/1082
f 3576/4723/1085 4246/5063/1085 4248/5061/1085
f 3785/4506/1082 3815/4470/1082 4261/5054/1082
f 3396/4910/1085 3366/4940/1085 4232/5071/1085
f 3605/4693/1082 4247/5060/1082 4245/5062/1082
f 3395/4913/1082 4233/5068/1082 4231/5070/1082
f 4206/3982/1085 4176/4031/1085 4286/5032/1085
f 3966/4296/1085 4272/5001/1085 4274/5050/1085
f 3786/4501/1085 3756/4536/1085 4258/4972/1085
f 4205/3989/1082 4287/5043/1082 4285/4941/1082
f 3995/4263/1082 4273/5049/1082 4271/5051/1082
f 3576/4723/1085 3546/4755/1085 4244/4879/1085
f 3785/4506/1082 4259/5056/1082 4257/4848/1082
f 3336/4817/1085 4230/4818/1085 4232/5071/1085
f 3575/4726/1082 4245/5062/1082 4243/5064/1082
f 3365/4944/1082 4231/5070/1082 4229/5072/1082
f 4352/4022/1067 4351/4287/1067 4290/4286/1067
f 4349/5076/1066 4351/4287/1066 4352/4022/1066
f 4347/5077/1065 4349/5076/1065 4350/4021/1065
f 4345/5079/1064 4347/5077/1064 4348/5078/1064
f 4343/4808/1063 4345/5079/1063 4346/5080/1063
f 4341/4589/1062 4343/4808/1062 4344/4902/1062
f 4339/4249/1061 4341/4589/1061 4342/4649/1061
f 4337/4250/1060 4339/4249/1060 4340/4355/1060
f 4335/5081/1059 4337/4250/1059 4338/3966/1059
f 4333/5082/1058 4335/5081/1058 4336/3965/1058
f 4331/5023/1057 4333/5082/1057 4334/5083/1057
f 4329/4779/1056 4331/5023/1056 4332/5084/1056
f 4327/4527/1055 4329/4779/1055 4330/4870/1055
f 4325/4175/1054 4327/4527/1054 4328/4619/1054
f 4323/4176/1053 4325/4175/1053 4326/4323/1053
f 4321/5085/1052 4323/4176/1052 4324/4322/1052
f 4319/5087/1084 4321/5085/1084 4322/5086/1084
f 4317/4963/1083 4319/5087/1083 4320/5088/1083
f 4315/4715/1081 4317/4963/1081 4318/5089/1081
f 4313/4457/1080 4315/4715/1080 4316/4839/1080
f 4311/4099/1079 4313/4457/1079 4314/4559/1079
f 4309/4100/1078 4311/4099/1078 4312/4213/1078
f 4307/5090/1077 4309/4100/1077 4310/4212/1077
f 4305/5092/1076 4307/5090/1076 4308/5091/1076
f 4303/4932/1075 4305/5092/1075 4306/5093/1075
f 4301/4682/1074 4303/4932/1074 4304/4992/1074
f 4299/4422/1073 4301/4682/1073 4302/4746/1073
f 4297/4060/1072 4299/4422/1072 4300/4493/1072
f 4295/4061/1071 4297/4060/1071 4298/4139/1071
f 4293/5094/1070 4295/4061/1070 4296/4138/1070
f 4291/5096/1069 4293/5094/1069 4294/5095/1069
f 4290/5098/1068 4291/5096/1068 4292/5097/1068
f 3795/4491/1082 3765/4526/1082 4322/5086/1082
f 4184/4024/1085 4214/3967/1085 4351/4287/1085
f 3974/4289/1085 4004/4248/1085 4337/4250/1085
f 3585/4714/1082 3555/4744/1082 4308/5091/1082
f 3764/4529/1085 3794/4174/1085 4323/4176/1085
f 3375/4931/1082 3345/4962/1082 4294/5095/1082
f 3554/4748/1085 3584/4098/1085 4309/4100/1085
f 3344/4965/1085 3374/4059/1085 4295/4061/1085
f 4185/4019/1082 4155/4058/1082 4348/5078/1082
f 3975/4285/1082 3945/4320/1082 4334/5083/1082
f 3765/4526/1082 3735/4557/1082 4320/5088/1082
f 4154/4063/1085 4184/4024/1085 4349/5076/1085
f 3944/4325/1085 3974/4289/1085 4335/5081/1085
f 3555/4744/1082 3525/4778/1082 4306/5093/1082
f 3734/4561/1085 3764/4529/1085 4321/5085/1085
f 3345/4962/1082 3315/4991/1082 4292/5097/1082
f 3524/4781/1085 3554/4748/1085 4307/5090/1085
f 3314/4994/1085 3344/4965/1085 4293/5094/1085
f 4155/4058/1082 4125/4097/1082 4346/5080/1082
f 3945/4320/1082 3915/4354/1082 4332/5084/1082
f 3735/4557/1082 3705/4588/1082 4318/5089/1082
f 4124/4102/1085 4154/4063/1085 4347/5077/1085
f 3914/4357/1085 3944/4325/1085 4333/5082/1085
f 3525/4778/1082 3495/4807/1082 4304/4992/1082
f 3704/4591/1085 3734/4561/1085 4319/5087/1085
f 3315/4991/1082 3274/5022/1082 4289/5099/1082
f 3494/4810/1085 3524/4781/1085 4305/5092/1085
f 3275/5025/1085 3314/4994/1085 4291/5096/1085
f 4125/4097/1082 4095/4136/1082 4344/4902/1082
f 3915/4354/1082 3885/4388/1082 4330/4870/1082
f 3705/4588/1082 3675/4618/1082 4316/4839/1082
f 4094/4141/1085 4124/4102/1085 4345/5079/1085
f 4415/4890/1084 4354/4889/1084 4353/4980/1084
f 4413/4235/1083 4415/4890/1083 4416/4669/1083
f 4411/4236/1081 4413/4235/1081 4414/4343/1081
f 4409/5101/1080 4411/4236/1080 4412/5100/1080
f 4407/5103/1079 4409/5101/1079 4410/5102/1079
f 4405/5105/1078 4407/5103/1078 4408/5104/1078
f 4403/5107/1077 4405/5105/1077 4406/5106/1077
f 4401/4858/1076 4403/5107/1076 4404/4951/1076
f 4399/4197/1075 4401/4858/1075 4402/4637/1075
f 4397/4198/1074 4399/4197/1074 4400/4308/1074
f 4395/5109/1073 4397/4198/1073 4398/5108/1073
f 4393/5111/1072 4395/5109/1072 4396/5110/1072
f 4391/5113/1071 4393/5111/1071 4394/5112/1071
f 4389/5115/1070 4391/5113/1070 4392/5114/1070
f 4387/4796/1069 4389/5115/1069 4390/4920/1069
f 4385/4479/1068 4387/4796/1068 4388/4606/1068
f 4383/4123/1067 4385/4479/1067 4386/4272/1067
f 4381/5117/1066 4383/4123/1066 4384/5116/1066
f 4379/5119/1065 4381/5117/1065 4382/5118/1065
f 4377/5121/1064 4379/5119/1064 4380/5120/1064
f 4375/5041/1063 4377/5121/1063 4378/5122/1063
f 4373/4733/1062 4375/5041/1062 4376/4827/1062
f 4371/4045/1061 4373/4733/1061 4374/4515/1061
f 4369/4046/1060 4371/4045/1060 4372/4160/1060
f 4367/5124/1059 4369/4046/1059 4370/5123/1059
f 4365/5126/1058 4367/5124/1058 4368/5125/1058
f 4363/5010/1057 4365/5126/1057 4366/5127/1057
f 4361/5011/1056 4363/5010/1056 4364/5128/1056
f 4359/4702/1055 4361/5011/1055 4362/4767/1055
f 4357/4376/1054 4359/4702/1054 4360/4444/1054
f 4355/4005/1053 4357/4376/1053 4358/4085/1053
f 4354/5129/1052 4355/4005/1052 4356/4084/1052
f 4107/4121/1085 4410/5102/1085 4412/5100/1085
f 3897/4374/1085 4396/5110/1085 4398/5108/1085
f 3717/4271/1085 3687/4605/1085 4382/5118/1085
f 4136/4086/1082 4411/4236/1082 4409/5101/1082
f 3896/4377/1082 3926/4196/1082 4397/4198/1082
f 3477/4826/1085 4368/5125/1085 4370/5123/1085
f 3716/4124/1082 4383/4123/1082 4381/5117/1082
f 3292/5040/1085 4353/5130/1085 4356/4084/1085
f 3506/4044/1082 4369/4046/1082 4367/5124/1082
f 3296/4006/1082 4355/4005/1082 4354/5129/1082
f 4107/4121/1085 4077/4158/1085 4408/5104/1085
f 3867/4406/1085 4394/5112/1085 4396/5110/1085
f 3657/4636/1085 4380/5120/1085 4382/5118/1085
f 4106/4125/1082 4409/5101/1082 4407/5103/1082
f 3866/4409/1082 3896/4377/1082 4395/5109/1082
f 3447/4857/1085 4366/5127/1085 4368/5125/1085
f 3686/4607/1082 4381/5117/1082 4379/5119/1082
f 3476/4828/1082 4367/5124/1082 4365/5126/1082
f 4077/4158/1085 4047/4195/1085 4406/5106/1085
f 3837/4442/1085 4392/5114/1085 4394/5112/1085
f 4076/4162/1082 4407/5103/1082 4405/5105/1082
f 3627/4667/1085 4378/5122/1085 4380/5120/1085
f 3866/4409/1082 4393/5111/1082 4391/5113/1082
f 3417/4888/1085 4364/5128/1085 4366/5127/1085
f 3656/4638/1082 4379/5119/1082 4377/5121/1082
f 3416/4891/1082 3446/4859/1082 4365/5126/1082
f 4047/4195/1085 4017/4234/1085 4404/4951/1085
f 3807/4477/1085 4390/4920/1085 4392/5114/1085
f 4046/4199/1082 4405/5105/1082 4403/5107/1082
f 3597/4700/1085 4376/4827/1085 4378/5122/1085
f 3836/4445/1082 4391/5113/1082 4389/5115/1082
f 3387/4766/1085 4362/4767/1085 4364/5128/1085
f 4421/5131/1086 4428/5147/1086 4429/5132/1086
f 4422/5133/1087 4429/5132/1087 4430/5134/1087
f 4673/5136/1346 4423/5135/1346 4430/5134/1346
f 4417/5138/1347 4424/5140/1347 4425/5141/1347
f 4418/5142/1091 4425/5141/1091 4426/5143/1091
f 4420/5145/1092 4419/5144/1092 4426/5143/1092
f 4420/5145/1093 4427/5146/1093 4428/5147/1093
f 4428/5147/1094 4427/5146/1094 4435/5148/1094
f 4428/5147/1095 4436/5149/1095 4437/5150/1095
f 4429/5132/1096 4437/5150/1096 4438/5151/1096
f 4431/5137/1348 4430/5134/1348 4438/5151/1348
f 4424/5140/1349 4432/5154/1349 4433/5155/1349
f 4425/5141/1100 4433/5155/1100 4434/5156/1100
f 4426/5143/1101 4434/5156/1101 4435/5148/1101
f 4432/5154/1102 4440/5165/1102 4441/5157/1102
f 4433/5155/1103 4441/5157/1103 4442/5158/1103
f 4434/5156/1104 4442/5158/1104 4443/5159/1104
f 4436/5149/1105 4435/5148/1105 4443/5159/1105
f 4437/5150/1106 4436/5149/1106 4444/5160/1106
f 4437/5150/1107 4445/5161/1107 4446/5162/1107
f 4439/5152/1108 4438/5151/1108 4446/5162/1108
f 4444/5160/1110 4452/5174/1110 4453/5166/1110
f 4445/5161/1111 4453/5166/1111 4454/5167/1111
f 4446/5162/1112 4454/5167/1112 4455/5168/1112
f 4441/5157/1114 4440/5165/1114 4448/5170/1114
f 4441/5157/1115 4449/5171/1115 4450/5172/1115
f 4442/5158/1116 4450/5172/1116 4451/5173/1116
f 4443/5159/1117 4451/5173/1117 4452/5174/1117
f 4449/5171/1118 4448/5170/1118 4456/5175/1118
f 4449/5171/1119 4457/5176/1119 4458/5177/1119
f 4450/5172/1120 4458/5177/1120 4459/5178/1120
f 4451/5173/1121 4459/5178/1121 4460/5179/1121
f 4452/5174/1122 4460/5179/1122 4461/5180/1122
f 4454/5167/1123 4453/5166/1123 4461/5180/1123
f 4455/5168/1350 4454/5167/1350 4462/5181/1350
f 4460/5179/1126 4468/5192/1126 4469/5184/1126
f 4462/5181/1127 4461/5180/1127 4469/5184/1127
f 4463/5182/1128 4462/5181/1128 4470/5185/1128
f 4456/5175/1130 4464/5188/1130 4465/5189/1130
f 4457/5176/1131 4465/5189/1131 4466/5190/1131
f 4458/5177/1132 4466/5190/1132 4467/5191/1132
f 4459/5178/1133 4467/5191/1133 4468/5192/1133
f 4465/5189/1134 4473/5201/1134 4474/5193/1134
f 4466/5190/1135 4474/5193/1135 4475/5194/1135
f 4467/5191/1136 4475/5194/1136 4476/5195/1136
f 4468/5192/1137 4476/5195/1137 4477/5196/1137
f 4470/5185/1138 4469/5184/1138 4477/5196/1138
f 4471/5186/1351 4470/5185/1351 4478/5197/1351
f 4464/5188/1141 4472/5200/1141 4473/5201/1141
f 4478/5197/1142 4477/5196/1142 4485/5202/1142
f 4479/5198/1352 4478/5197/1352 4486/5203/1352
f 4473/5201/1145 4472/5200/1145 4480/5206/1145
f 4474/5193/1146 4473/5201/1146 4481/5207/1146
f 4474/5193/1147 4482/5208/1147 4483/5209/1147
f 4476/5195/1148 4475/5194/1148 4483/5209/1148
f 4476/5195/1149 4484/5210/1149 4485/5202/1149
f 4482/5208/1150 4481/5207/1150 4489/5211/1150
f 4482/5208/1151 4490/5212/1151 4491/5213/1151
f 4483/5209/1152 4491/5213/1152 4492/5214/1152
f 4484/5210/1153 4492/5214/1153 4493/5215/1153
f 4486/5203/1154 4485/5202/1154 4493/5215/1154
f 4487/5204/1353 4486/5203/1353 4494/5216/1353
f 4481/5207/1157 4480/5206/1157 4488/5219/1157
f 4494/5216/1158 4493/5215/1158 4501/5220/1158
f 4495/5217/1159 4494/5216/1159 4502/5221/1159
f 4488/5219/1161 4496/5224/1161 4497/5225/1161
f 4489/5211/1162 4497/5225/1162 4498/5226/1162
f 4490/5212/1163 4498/5226/1163 4499/5227/1163
f 4492/5214/1164 4491/5213/1164 4499/5227/1164
f 4492/5214/1165 4500/5228/1165 4501/5220/1165
f 4498/5226/1166 4506/5237/1166 4507/5229/1166
f 4500/5228/1167 4499/5227/1167 4507/5229/1167
f 4500/5228/1168 4508/5230/1168 4509/5231/1168
f 4502/5221/1169 4501/5220/1169 4509/5231/1169
f 4503/5222/1170 4502/5221/1170 4510/5232/1170
f 4496/5224/1354 4504/5235/1354 4505/5236/1354
f 4498/5226/1355 4497/5225/1355 4505/5236/1355
f 4511/5233/1174 4510/5232/1174 4518/5238/1174
f 4504/5235/1176 4512/5241/1176 4513/5242/1176
f 4505/5236/1177 4513/5242/1177 4514/5243/1177
f 4506/5237/1178 4514/5243/1178 4515/5244/1178
f 4508/5230/1179 4507/5229/1179 4515/5244/1179
f 4508/5230/1180 4516/5245/1180 4517/5246/1180
f 4510/5232/1181 4509/5231/1181 4517/5246/1181
f 4515/5244/1182 4523/5255/1182 4524/5247/1182
f 4516/5245/1183 4524/5247/1183 4525/5248/1183
f 4517/5246/1184 4525/5248/1184 4526/5249/1184
f 4519/5239/1185 4518/5238/1185 4526/5249/1185
f 4512/5241/1187 4520/5252/1187 4521/5253/1187
f 4514/5243/1188 4513/5242/1188 4521/5253/1188
f 4514/5243/1189 4522/5254/1189 4523/5255/1189
f 4520/5252/1191 4528/5257/1191 4529/5258/1191
f 4521/5253/1192 4529/5258/1192 4530/5259/1192
f 4522/5254/1193 4530/5259/1193 4531/5260/1193
f 4523/5255/1194 4531/5260/1194 4532/5261/1194
f 4524/5247/1195 4532/5261/1195 4533/5262/1195
f 4526/5249/1196 4525/5248/1196 4533/5262/1196
f 4527/5250/1197 4526/5249/1197 4534/5263/1197
f 4531/5260/1198 4539/5273/1198 4540/5265/1198
f 4532/5261/1199 4540/5265/1199 4541/5266/1199
f 4534/5263/1200 4533/5262/1200 4541/5266/1200
f 4535/5264/1201 4534/5263/1201 4542/5267/1201
f 4528/5257/1203 4536/5270/1203 4537/5271/1203
f 4529/5258/1204 4537/5271/1204 4538/5272/1204
f 4530/5259/1205 4538/5272/1205 4539/5273/1205
f 4536/5270/1206 4544/5282/1206 4545/5274/1206
f 4537/5271/1207 4545/5274/1207 4546/5275/1207
f 4538/5272/1208 4546/5275/1208 4547/5276/1208
f 4539/5273/1209 4547/5276/1209 4548/5277/1209
f 4540/5265/1210 4548/5277/1210 4549/5278/1210
f 4542/5267/1211 4541/5266/1211 4549/5278/1211
f 4543/5268/1356 4542/5267/1356 4550/5279/1356
f 4548/5277/1214 4556/5291/1214 4557/5283/1214
f 4550/5279/1215 4549/5278/1215 4557/5283/1215
f 4551/5280/1216 4550/5279/1216 4558/5284/1216
f 4544/5282/1218 4552/5287/1218 4553/5288/1218
f 4545/5274/1219 4553/5288/1219 4554/5289/1219
f 4546/5275/1220 4554/5289/1220 4555/5290/1220
f 4547/5276/1221 4555/5290/1221 4556/5291/1221
f 4552/5287/1357 4560/5300/1357 4561/5292/1357
f 4553/5288/1223 4561/5292/1223 4562/5293/1223
f 4554/5289/1224 4562/5293/1224 4563/5294/1224
f 4556/5291/1225 4555/5290/1225 4563/5294/1225
f 4556/5291/1226 4564/5295/1226 4565/5296/1226
f 4558/5284/1227 4557/5283/1227 4565/5296/1227
f 4559/5285/1228 4558/5284/1228 4566/5297/1228
f 4565/5296/1230 4564/5295/1230 4572/5301/1230
f 4566/5297/1231 4565/5296/1231 4573/5302/1231
f 4567/5298/1232 4566/5297/1232 4574/5303/1232
f 4560/5300/1358 4568/5306/1358 4569/5307/1358
f 4561/5292/1235 4569/5307/1235 4570/5308/1235
f 4562/5293/1236 4570/5308/1236 4571/5309/1236
f 4563/5294/1237 4571/5309/1237 4572/5301/1237
f 4569/5307/1238 4577/5318/1238 4578/5310/1238
f 4570/5308/1239 4578/5310/1239 4579/5311/1239
f 4571/5309/1240 4579/5311/1240 4580/5312/1240
f 4573/5302/1241 4572/5301/1241 4580/5312/1241
f 4574/5303/1242 4573/5302/1242 4581/5313/1242
f 4575/5304/1243 4574/5303/1243 4582/5314/1243
f 4568/5306/1245 4576/5317/1245 4577/5318/1245
f 4582/5314/1246 4581/5313/1246 4589/5319/1246
f 4583/5315/1247 4582/5314/1247 4590/5320/1247
f 4577/5318/1249 4576/5317/1249 4584/5323/1249
f 4577/5318/1250 4585/5324/1250 4586/5325/1250
f 4578/5310/1251 4586/5325/1251 4587/5326/1251
f 4579/5311/1252 4587/5326/1252 4588/5327/1252
f 4581/5313/1253 4580/5312/1253 4588/5327/1253
f 4586/5325/1254 4595/5336/1254 4596/5328/1254
f 4587/5326/1255 4596/5328/1255 4597/5329/1255
f 4588/5327/1256 4597/5329/1256 4598/5330/1256
f 4590/5320/1257 4589/5319/1257 4598/5330/1257
f 4591/5321/1258 4590/5320/1258 4599/5331/1258
f 4584/5323/1359 4593/5334/1359 4594/5335/1359
f 4586/5325/1261 4585/5324/1261 4594/5335/1261
f 4600/5332/1262 4599/5331/1262 4607/5337/1262
f 4593/5334/1264 4601/5340/1264 4602/5341/1264
f 4595/5336/1265 4594/5335/1265 4602/5341/1265
f 4595/5336/1266 4603/5342/1266 4604/5343/1266
f 4597/5329/1267 4596/5328/1267 4604/5343/1267
f 4598/5330/1268 4597/5329/1268 4605/5344/1268
f 4599/5331/1269 4598/5330/1269 4606/5345/1269
f 4603/5342/1270 4611/5354/1270 4612/5346/1270
f 4605/5344/1271 4604/5343/1271 4612/5346/1271
f 4606/5345/1272 4605/5344/1272 4613/5347/1272
f 4607/5337/1273 4606/5345/1273 4614/5348/1273
f 4608/5338/1274 4607/5337/1274 4615/5349/1274
f 4601/5340/1276 4609/5352/1276 4610/5353/1276
f 4602/5341/1277 4610/5353/1277 4611/5354/1277
f 4616/5355/1360 4615/5371/1360 4623/5356/1360
f 4609/5358/1280 4617/5360/1280 4618/5361/1280
f 4610/5362/1281 4618/5361/1281 4619/5363/1281
f 4611/5364/1282 4619/5363/1282 4620/5365/1282
f 4612/5366/1283 4620/5365/1283 4621/5367/1283
f 4613/5368/1284 4621/5367/1284 4622/5369/1284
f 4615/5371/1285 4614/5370/1285 4622/5369/1285
f 4620/5365/1286 4628/5380/1286 4629/5372/1286
f 4621/5367/1287 4629/5372/1287 4630/5373/1287
f 4623/5356/1288 4622/5369/1288 4630/5373/1288
f 4624/5357/1289 4623/5356/1289 4631/5374/1289
f 4617/5360/1291 4625/5377/1291 4626/5378/1291
f 4618/5361/1292 4626/5378/1292 4627/5379/1292
f 4619/5363/1293 4627/5379/1293 4628/5380/1293
f 4626/5378/1295 4625/5377/1295 4633/5382/1295
f 4626/5378/1296 4634/5383/1296 4635/5384/1296
f 4627/5379/1297 4635/5384/1297 4636/5385/1297
f 4629/5372/1298 4628/5380/1298 4636/5385/1298
f 4629/5372/1299 4637/5386/1299 4638/5387/1299
f 4631/5374/1300 4630/5373/1300 4638/5387/1300
f 4632/5375/1301 4631/5374/1301 4639/5388/1301
f 4636/5385/1302 4644/5398/1302 4645/5390/1302
f 4637/5386/1303 4645/5390/1303 4646/5391/1303
f 4639/5388/1304 4638/5387/1304 4646/5391/1304
f 4640/5389/1305 4639/5388/1305 4647/5392/1305
f 4634/5383/1361 4633/5382/1361 4641/5395/1361
f 4634/5383/1308 4642/5396/1308 4643/5397/1308
f 4635/5384/1309 4643/5397/1309 4644/5398/1309
f 4641/5395/1310 4649/5407/1310 4650/5399/1310
f 4642/5396/1311 4650/5399/1311 4651/5400/1311
f 4643/5397/1312 4651/5400/1312 4652/5401/1312
f 4644/5398/1313 4652/5401/1313 4653/5402/1313
f 4646/5391/1314 4645/5390/1314 4653/5402/1314
f 4647/5392/1315 4646/5391/1315 4654/5403/1315
f 4648/5393/1316 4647/5392/1316 4655/5404/1316
f 4654/5403/1318 4653/5402/1318 4661/5408/1318
f 4655/5404/1319 4654/5403/1319 4662/5409/1319
f 4656/5405/1320 4655/5404/1320 4663/5410/1320
f 4650/5399/1362 4649/5407/1362 4657/5413/1362
f 4650/5399/1323 4658/5414/1323 4659/5415/1323
f 4651/5400/1324 4659/5415/1324 4660/5416/1324
f 4653/5402/1325 4652/5401/1325 4660/5416/1325
f 4659/5415/1326 4658/5414/1326 4666/5417/1326
f 4659/5415/1327 4667/5418/1327 4668/5419/1327
f 4660/5416/1328 4668/5419/1328 4669/5420/1328
f 4662/5409/1329 4661/5408/1329 4669/5420/1329
f 4663/5410/1330 4662/5409/1330 4670/5421/1330
f 4664/5411/1331 4663/5410/1331 4671/5422/1331
f 4657/5413/1333 4665/5425/1333 4666/5417/1333
f 4671/5422/1334 4670/5421/1334 4422/5133/1334
f 4672/5423/1363 4671/5422/1363 4423/5135/1363
f 4666/5417/1364 4665/5425/1364 4417/5138/1364
f 4667/5418/1338 4666/5417/1338 4418/5142/1338
f 4668/5419/1339 4667/5418/1339 4419/5144/1339
f 4669/5420/1340 4668/5419/1340 4420/5145/1340
f 4431/5137/1085 4439/5152/1085 4463/5182/1085
f 4439/5152/1085 4447/5163/1085 4463/5182/1085
f 4447/5163/1085 4455/5168/1085 4463/5182/1085
f 4463/5182/1085 4471/5186/1085 4479/5198/1085
f 4479/5198/1085 4487/5204/1085 4495/5217/1085
f 4495/5217/1085 4503/5222/1085 4511/5233/1085
f 4511/5233/1085 4519/5239/1085 4527/5250/1085
f 4527/5250/1085 4535/5264/1085 4559/5285/1085
f 4535/5264/1085 4543/5268/1085 4559/5285/1085
f 4543/5268/1085 4551/5280/1085 4559/5285/1085
f 4559/5285/1085 4567/5298/1085 4575/5304/1085
f 4575/5304/1085 4583/5315/1085 4591/5321/1085
f 4591/5321/1085 4600/5332/1085 4608/5338/1085
f 4608/5338/1085 4616/5350/1085 4624/5357/1085
f 4624/5357/1085 4632/5375/1085 4640/5389/1085
f 4640/5389/1085 4648/5393/1085 4656/5405/1085
f 4656/5405/1085 4664/5411/1085 4672/5423/1085
f 4672/5423/1085 4673/5136/1085 4431/5137/1085
f 4463/5182/1085 4479/5198/1085 4495/5217/1085
f 4495/5217/1085 4511/5233/1085 4527/5250/1085
f 4559/5285/1085 4575/5304/1085 4591/5321/1085
f 4591/5321/1085 4608/5338/1085 4559/5285/1085
f 4608/5338/1085 4624/5357/1085 4559/5285/1085
f 4624/5357/1085 4640/5389/1085 4656/5405/1085
f 4656/5405/1085 4672/5423/1085 4624/5357/1085
f 4672/5423/1085 4431/5137/1085 4624/5357/1085
f 4431/5137/1085 4463/5182/1085 4559/5285/1085
f 4463/5182/1085 4495/5217/1085 4559/5285/1085
f 4495/5217/1085 4527/5250/1085 4559/5285/1085
f 4670/5421/1341 4669/5420/1341 4421/5131/1341
