# Blender v3.1.2 OBJ File: 'SteamBoiler.blend'
# www.blender.org
mtllib SteamBoiler.mtl
o BoilBody_円柱.001
v 0.000000 -0.999883 -1.000000
v 0.195090 -0.999883 -0.980785
v 0.382683 -0.999883 -0.923880
v 0.555570 -0.999883 -0.831470
v 0.707107 -0.999883 -0.707107
v 0.831470 -0.999883 -0.555570
v 0.923880 -0.999883 -0.382683
v 0.980785 -0.999883 -0.195090
v 1.000000 -0.999883 0.000000
v 0.980785 -0.999883 0.195090
v 0.923880 -0.999883 0.382683
v 0.831470 -0.999883 0.555570
v 0.707107 -0.999883 0.707107
v 0.555570 -0.999883 0.831470
v 0.382683 -0.999883 0.923880
v 0.195090 -0.999883 0.980785
v -0.000000 -0.999883 1.000000
v -0.195090 -0.999883 0.980785
v -0.382683 -0.999883 0.923880
v -0.555570 -0.999883 0.831470
v -0.707107 -0.999883 0.707107
v -0.831469 -0.999883 0.555570
v -0.923880 -0.999883 0.382684
v -0.980785 -0.999883 0.195090
v -1.000000 -0.999883 -0.000000
v -0.980785 -0.999883 -0.195090
v -0.923879 -0.999883 -0.382684
v -0.831470 -0.999883 -0.555570
v -0.707107 -0.999883 -0.707107
v -0.555570 -0.999883 -0.831470
v -0.382683 -0.999883 -0.923880
v -0.195090 -0.999883 -0.980785
v -0.000000 -0.871354 -0.828543
v 0.000000 -0.957714 -1.000000
v 0.161641 -0.871354 -0.812623
v 0.195090 -0.957714 -0.980785
v 0.317070 -0.871354 -0.765474
v 0.382683 -0.957714 -0.923880
v 0.460314 -0.871354 -0.688909
v 0.555570 -0.957714 -0.831470
v 0.585869 -0.871354 -0.585869
v 0.707107 -0.957714 -0.707107
v 0.688909 -0.871354 -0.460314
v 0.831470 -0.957714 -0.555570
v 0.765474 -0.871354 -0.317070
v 0.923880 -0.957714 -0.382683
v 0.812623 -0.871354 -0.161641
v 0.980785 -0.957714 -0.195090
v 0.828543 -0.871354 0.000000
v 1.000000 -0.957714 0.000000
v 0.812623 -0.871354 0.161641
v 0.980785 -0.957714 0.195090
v 0.765474 -0.871354 0.317070
v 0.923880 -0.957714 0.382683
v 0.688908 -0.871354 0.460314
v 0.831470 -0.957714 0.555570
v 0.585869 -0.871354 0.585869
v 0.707107 -0.957714 0.707107
v 0.460313 -0.871354 0.688909
v 0.555570 -0.957714 0.831470
v 0.317070 -0.871354 0.765474
v 0.382683 -0.957714 0.923880
v 0.161641 -0.871354 0.812623
v 0.195090 -0.957714 0.980785
v -0.000000 -0.871354 0.828543
v -0.000000 -0.957714 1.000000
v -0.161641 -0.871354 0.812623
v -0.195090 -0.957714 0.980785
v -0.317070 -0.871354 0.765474
v -0.382683 -0.957714 0.923880
v -0.460314 -0.871354 0.688909
v -0.555570 -0.957714 0.831470
v -0.585869 -0.871354 0.585869
v -0.707107 -0.957714 0.707107
v -0.688909 -0.871354 0.460314
v -0.831469 -0.957714 0.555570
v -0.765474 -0.871354 0.317070
v -0.923880 -0.957714 0.382684
v -0.812623 -0.871354 0.161641
v -0.980785 -0.957714 0.195090
v -0.828543 -0.871354 -0.000000
v -1.000000 -0.957714 -0.000000
v -0.812623 -0.871354 -0.161641
v -0.980785 -0.957714 -0.195090
v -0.765474 -0.871354 -0.317070
v -0.923879 -0.957714 -0.382684
v -0.688909 -0.871354 -0.460314
v -0.831470 -0.957714 -0.555570
v -0.585869 -0.871354 -0.585869
v -0.707107 -0.957714 -0.707107
v -0.460314 -0.871354 -0.688909
v -0.555570 -0.957714 -0.831470
v -0.317070 -0.871354 -0.765474
v -0.382683 -0.957714 -0.923880
v -0.161640 -0.871354 -0.812623
v -0.195090 -0.957714 -0.980785
v 0.000000 -0.911005 -0.600000
v -0.309435 -0.220336 0.337874
v 0.000000 1.437088 -0.342483
v -0.309435 0.460979 0.337874
v -0.309435 -0.220336 -0.337874
v 0.117054 -0.911005 -0.588471
v 0.229610 -0.911005 -0.554328
v -0.309435 0.460979 -0.337874
v 0.066815 1.437088 -0.335902
v 0.333342 -0.911005 -0.498882
v 0.424264 -0.911005 -0.424264
v 0.131062 1.437088 -0.316413
v 0.498882 -0.911005 -0.333342
v 0.554328 -0.911005 -0.229610
v 0.190273 1.437088 -0.284764
v 0.588471 -0.911005 -0.117054
v 0.600000 -0.911005 0.000000
v 0.242172 1.437088 -0.242172
v 0.588471 -0.911005 0.117054
v 0.284764 1.437088 -0.190273
v 0.554328 -0.911005 0.229610
v 0.498882 -0.911005 0.333342
v 0.316413 1.437088 -0.131062
v 0.424264 -0.911005 0.424264
v 0.333342 -0.911005 0.498882
v 0.335902 1.437088 -0.066815
v 0.229610 -0.911005 0.554328
v 0.117054 -0.911005 0.588471
v 0.342483 1.437088 0.000000
v -0.000000 -0.911005 0.600000
v -0.117054 -0.911005 0.588471
v 0.335902 1.437088 0.066815
v -0.229610 -0.911005 0.554328
v -0.333342 -0.911005 0.498882
v 0.316413 1.437088 0.131062
v -0.424264 -0.911005 0.424264
v -0.498882 -0.911005 0.333342
v -0.554328 -0.911005 0.229610
v 0.284764 1.437088 0.190273
v -0.588471 -0.911005 0.117054
v -0.600000 -0.911005 -0.000000
v 0.242172 1.437088 0.242172
v -0.588471 -0.911005 -0.117054
v -0.554328 -0.911005 -0.229610
v 0.190273 1.437088 0.284764
v -0.498882 -0.911005 -0.333342
v -0.424264 -0.911005 -0.424264
v 0.131062 1.437088 0.316413
v -0.333342 -0.911005 -0.498882
v -0.229610 -0.911005 -0.554328
v 0.066815 1.437088 0.335902
v -0.117054 -0.911005 -0.588471
v -0.000000 1.437088 0.342483
v 0.000000 -0.773350 -0.600000
v 0.000000 -0.635695 -0.600000
v -0.066815 1.437088 0.335902
v 0.000000 -0.498041 -0.600000
v -0.000000 -0.360386 -0.524394
v -0.131062 1.437088 0.316413
v -0.000000 -0.222731 -0.524394
v -0.000000 -0.085076 -0.524394
v -0.190273 1.437088 0.284764
v -0.000000 0.052579 -0.524394
v -0.000000 0.190233 -0.524394
v -0.000000 0.327888 -0.524394
v -0.242172 1.437088 0.242172
v 0.102304 0.327888 -0.514318
v -0.284764 1.437088 0.190273
v 0.102304 0.190233 -0.514318
v 0.102304 0.052579 -0.514318
v 0.102304 -0.085076 -0.514318
v -0.316413 1.437088 0.131063
v 0.102304 -0.222731 -0.514318
v -0.335902 1.437088 0.066815
v 0.102304 -0.360386 -0.514318
v 0.117054 -0.498041 -0.588471
v -0.342483 1.437088 -0.000000
v 0.117054 -0.635695 -0.588471
v 0.117054 -0.773350 -0.588471
v -0.335902 1.437088 -0.066815
v 0.200677 0.327888 -0.484477
v 0.200677 0.190233 -0.484477
v -0.316413 1.437088 -0.131063
v 0.200677 0.052579 -0.484477
v 0.200677 -0.085076 -0.484477
v -0.284764 1.437088 -0.190273
v 0.200677 -0.222731 -0.484477
v 0.200677 -0.360386 -0.484477
v -0.242172 1.437088 -0.242172
v 0.229610 -0.498041 -0.554328
v 0.229610 -0.635695 -0.554328
v 0.229610 -0.773350 -0.554328
v -0.190273 1.437088 -0.284764
v 0.291338 0.327888 -0.436018
v -0.131062 1.437088 -0.316413
v 0.291338 0.190233 -0.436018
v 0.291338 0.052579 -0.436018
v -0.066815 1.437088 -0.335902
v 0.291338 -0.085076 -0.436018
v 0.291338 -0.222731 -0.436018
v 0.291338 -0.360386 -0.436018
v 0.333342 -0.498041 -0.498882
v 0.333342 -0.635695 -0.498882
v 0.333342 -0.773350 -0.498882
v 0.370803 0.327888 -0.370803
v 0.370803 0.190233 -0.370803
v 0.370803 0.052579 -0.370803
v 0.370803 -0.085076 -0.370803
v 0.370803 -0.222731 -0.370803
v 0.370803 -0.360386 -0.370803
v 0.424264 -0.498041 -0.424264
v 0.424264 -0.635695 -0.424264
v 0.424264 -0.773350 -0.424264
v 0.436018 -0.222731 -0.291338
v 0.436018 -0.360386 -0.291338
v 0.498882 -0.498041 -0.333342
v 0.498882 -0.635695 -0.333342
v 0.498882 -0.773350 -0.333342
v 0.484477 -0.222731 -0.200677
v 0.484477 -0.360386 -0.200677
v 0.554328 -0.498041 -0.229610
v 0.554328 -0.635695 -0.229610
v 0.554328 -0.773350 -0.229610
v 0.514318 -0.222731 -0.102304
v 0.514318 -0.360386 -0.102304
v 0.588471 -0.498041 -0.117054
v 0.588471 -0.635695 -0.117054
v 0.588471 -0.773350 -0.117054
v 0.524394 -0.222731 0.000000
v 0.524394 -0.360386 0.000000
v 0.600000 -0.498041 0.000000
v 0.600000 -0.635695 0.000000
v 0.600000 -0.773350 0.000000
v 0.514318 -0.222731 0.102304
v 0.514318 -0.360386 0.102304
v 0.588471 -0.498041 0.117054
v 0.588471 -0.635695 0.117054
v 0.588471 -0.773350 0.117054
v 0.484477 -0.222731 0.200677
v 0.484477 -0.360386 0.200677
v 0.554328 -0.498041 0.229610
v 0.554328 -0.635695 0.229610
v 0.554328 -0.773350 0.229610
v 0.436018 -0.222731 0.291338
v 0.436018 -0.360386 0.291338
v 0.498882 -0.498041 0.333342
v 0.498882 -0.635695 0.333342
v 0.498882 -0.773350 0.333342
v 0.370803 0.327888 0.370803
v 0.370803 0.190233 0.370803
v 0.370803 0.052579 0.370803
v 0.370803 -0.085076 0.370803
v 0.370803 -0.222731 0.370803
v 0.370803 -0.360386 0.370803
v 0.424264 -0.498041 0.424264
v 0.424264 -0.635695 0.424264
v 0.424264 -0.773350 0.424264
v 0.291338 0.327888 0.436018
v 0.291338 0.190233 0.436018
v 0.291338 0.052579 0.436018
v 0.291338 -0.085076 0.436018
v 0.291338 -0.222731 0.436018
v 0.291338 -0.360386 0.436018
v 0.333342 -0.498041 0.498882
v 0.333342 -0.635695 0.498882
v 0.333342 -0.773350 0.498882
v 0.200677 0.327888 0.484477
v 0.200677 0.190233 0.484477
v 0.200677 0.052579 0.484477
v 0.200677 -0.085076 0.484477
v 0.200677 -0.222731 0.484477
v 0.200677 -0.360386 0.484477
v 0.229610 -0.498041 0.554328
v 0.229610 -0.635695 0.554328
v 0.229610 -0.773350 0.554328
v 0.102304 0.327888 0.514318
v 0.102304 0.190233 0.514318
v 0.102304 0.052579 0.514318
v 0.102304 -0.085076 0.514318
v 0.102304 -0.222731 0.514318
v 0.102304 -0.360386 0.514318
v 0.117054 -0.498041 0.588471
v 0.117054 -0.635695 0.588471
v 0.117054 -0.773350 0.588471
v -0.000000 0.327888 0.524394
v -0.000000 0.190233 0.524394
v -0.000000 0.052579 0.524394
v -0.000000 -0.085076 0.524394
v -0.000000 -0.222731 0.524394
v -0.000000 -0.360386 0.524394
v -0.000000 -0.498041 0.600000
v -0.000000 -0.635695 0.600000
v -0.000000 -0.773350 0.600000
v -0.102304 0.327888 0.514318
v -0.102304 0.190233 0.514318
v -0.102304 0.052579 0.514318
v -0.102304 -0.085076 0.514318
v -0.102304 -0.222731 0.514318
v -0.102304 -0.360386 0.514318
v -0.117054 -0.498041 0.588471
v -0.117054 -0.635695 0.588471
v -0.117054 -0.773350 0.588471
v -0.200677 0.327888 0.484477
v -0.200677 0.190233 0.484477
v -0.200677 0.052579 0.484477
v -0.200677 -0.085076 0.484477
v -0.200677 -0.222731 0.484477
v -0.200677 -0.360386 0.484477
v -0.229610 -0.498041 0.554328
v -0.229610 -0.635695 0.554328
v -0.229610 -0.773350 0.554328
v -0.291338 0.327888 0.436018
v -0.291338 0.190233 0.436018
v -0.291338 0.052579 0.436018
v -0.291338 -0.085076 0.436018
v -0.291338 -0.222731 0.436018
v -0.291338 -0.360386 0.436018
v -0.333342 -0.498041 0.498882
v -0.333342 -0.635695 0.498882
v -0.333342 -0.773350 0.498882
v -0.370803 0.327888 0.370803
v -0.370803 0.190233 0.370803
v -0.370803 0.052579 0.370803
v -0.370803 -0.085076 0.370803
v -0.370803 -0.222731 0.370803
v -0.370803 -0.360386 0.370803
v -0.424264 -0.498041 0.424264
v -0.424264 -0.635695 0.424264
v -0.424264 -0.773350 0.424264
v -0.436018 0.327888 0.291338
v -0.436018 0.190233 0.291338
v -0.436018 0.052579 0.291338
v -0.436018 -0.085076 0.291338
v -0.436018 -0.222731 0.291338
v -0.436018 -0.360386 0.291338
v -0.498882 -0.498041 0.333342
v -0.498882 -0.635695 0.333342
v -0.498882 -0.773350 0.333342
v -0.484477 0.327888 0.200677
v -0.484477 0.190233 0.200677
v -0.484477 0.052579 0.200677
v -0.484477 -0.085076 0.200677
v -0.484477 -0.222731 0.200677
v -0.484477 -0.360386 0.200677
v -0.554328 -0.498041 0.229610
v -0.554328 -0.635695 0.229610
v -0.554328 -0.773350 0.229610
v -0.514318 0.327888 0.102304
v -0.514318 0.190233 0.102304
v -0.514318 0.052579 0.102304
v -0.514318 -0.085076 0.102304
v -0.514318 -0.222731 0.102304
v -0.514318 -0.360386 0.102304
v -0.588471 -0.498041 0.117054
v -0.588471 -0.635695 0.117054
v -0.588471 -0.773350 0.117054
v -0.524394 0.327888 -0.000000
v -0.524394 0.190233 -0.000000
v -0.524394 0.052579 -0.000000
v -0.524394 -0.085076 -0.000000
v -0.524394 -0.222731 -0.000000
v -0.524394 -0.360386 -0.000000
v -0.600000 -0.498041 -0.000000
v -0.600000 -0.635695 -0.000000
v -0.600000 -0.773350 -0.000000
v -0.514318 0.327888 -0.102304
v -0.514318 0.190233 -0.102304
v -0.514318 0.052579 -0.102304
v -0.514318 -0.085076 -0.102304
v -0.514318 -0.222731 -0.102304
v -0.514318 -0.360386 -0.102304
v -0.588471 -0.498041 -0.117054
v -0.588471 -0.635695 -0.117054
v -0.588471 -0.773350 -0.117054
v -0.484477 0.327888 -0.200677
v -0.484477 0.190233 -0.200677
v -0.484477 0.052579 -0.200677
v -0.484477 -0.085076 -0.200677
v -0.484477 -0.222731 -0.200677
v -0.484477 -0.360386 -0.200677
v -0.554328 -0.498041 -0.229610
v -0.554328 -0.635695 -0.229610
v -0.554328 -0.773350 -0.229610
v -0.436018 0.327888 -0.291338
v -0.436018 0.190233 -0.291338
v -0.436018 0.052579 -0.291338
v -0.436018 -0.085076 -0.291338
v -0.436018 -0.222731 -0.291338
v -0.436018 -0.360386 -0.291338
v -0.498882 -0.498041 -0.333342
v -0.498882 -0.635695 -0.333342
v -0.498882 -0.773350 -0.333342
v -0.370803 0.327888 -0.370803
v -0.370803 0.190233 -0.370803
v -0.370803 0.052579 -0.370803
v -0.370803 -0.085076 -0.370803
v -0.370803 -0.222731 -0.370803
v -0.370803 -0.360386 -0.370803
v -0.424264 -0.498041 -0.424264
v -0.424264 -0.635695 -0.424264
v -0.424264 -0.773350 -0.424264
v -0.291338 0.327888 -0.436018
v -0.291338 0.190233 -0.436018
v -0.291338 0.052579 -0.436018
v -0.291338 -0.085076 -0.436018
v -0.291338 -0.222731 -0.436018
v -0.291338 -0.360386 -0.436018
v -0.333342 -0.498041 -0.498882
v -0.333342 -0.635695 -0.498882
v -0.333342 -0.773350 -0.498882
v -0.200677 0.327888 -0.484477
v -0.200677 0.190233 -0.484477
v -0.200677 0.052579 -0.484477
v -0.200677 -0.085076 -0.484477
v -0.200677 -0.222731 -0.484477
v -0.200677 -0.360386 -0.484477
v -0.229610 -0.498041 -0.554328
v -0.229610 -0.635695 -0.554328
v -0.229610 -0.773350 -0.554328
v -0.102304 0.327888 -0.514318
v -0.102304 0.190233 -0.514318
v -0.102304 0.052579 -0.514318
v -0.102304 -0.085076 -0.514318
v -0.102304 -0.222731 -0.514318
v -0.102304 -0.360386 -0.514318
v -0.117054 -0.498041 -0.588471
v -0.117054 -0.635695 -0.588471
v -0.117054 -0.773350 -0.588471
v 0.000000 -0.773350 -0.631650
v 0.000000 -0.635695 -0.631650
v 0.123229 -0.635695 -0.619513
v 0.123229 -0.773350 -0.619513
v 0.241722 -0.635695 -0.583569
v 0.241722 -0.773350 -0.583569
v 0.350926 -0.635695 -0.525198
v 0.350926 -0.773350 -0.525198
v 0.446644 -0.635695 -0.446644
v 0.446644 -0.773350 -0.446644
v 0.525198 -0.635695 -0.350926
v 0.525198 -0.773350 -0.350926
v 0.583569 -0.635695 -0.241722
v 0.583569 -0.773350 -0.241722
v 0.619513 -0.635695 -0.123229
v 0.619513 -0.773350 -0.123229
v 0.631650 -0.635695 0.000000
v 0.631650 -0.773350 0.000000
v 0.619513 -0.635695 0.123229
v 0.619513 -0.773350 0.123229
v 0.583569 -0.635695 0.241722
v 0.583569 -0.773350 0.241722
v 0.525198 -0.635695 0.350926
v 0.525198 -0.773350 0.350926
v 0.446644 -0.635695 0.446644
v 0.446644 -0.773350 0.446644
v 0.350926 -0.635695 0.525198
v 0.350926 -0.773350 0.525198
v 0.241722 -0.635695 0.583569
v 0.241722 -0.773350 0.583569
v 0.123229 -0.635695 0.619513
v 0.123229 -0.773350 0.619513
v -0.000000 -0.635695 0.631650
v -0.000000 -0.773350 0.631650
v -0.123229 -0.635695 0.619513
v -0.123229 -0.773350 0.619513
v -0.241722 -0.635695 0.583569
v -0.241722 -0.773350 0.583569
v -0.350926 -0.635695 0.525198
v -0.350926 -0.773350 0.525198
v -0.446644 -0.635695 0.446644
v -0.446644 -0.773350 0.446644
v -0.525198 -0.635695 0.350926
v -0.525198 -0.773350 0.350926
v -0.583569 -0.635695 0.241722
v -0.583569 -0.773350 0.241722
v -0.619513 -0.635695 0.123229
v -0.619513 -0.773350 0.123229
v -0.631650 -0.635695 -0.000000
v -0.631650 -0.773350 -0.000000
v -0.619513 -0.635695 -0.123229
v -0.619513 -0.773350 -0.123229
v -0.583569 -0.635695 -0.241722
v -0.583569 -0.773350 -0.241722
v -0.525198 -0.635695 -0.350926
v -0.525198 -0.773350 -0.350926
v -0.446644 -0.635695 -0.446644
v -0.446644 -0.773350 -0.446644
v -0.350926 -0.635695 -0.525198
v -0.350926 -0.773350 -0.525198
v -0.241722 -0.635695 -0.583569
v -0.241722 -0.773350 -0.583569
v -0.123229 -0.635695 -0.619513
v -0.123229 -0.773350 -0.619513
v 0.000000 -0.498041 -0.631650
v 0.000000 -0.360386 -0.631650
v 0.123229 -0.360386 -0.619513
v 0.123229 -0.498041 -0.619513
v 0.241722 -0.360386 -0.583569
v 0.241722 -0.498041 -0.583569
v 0.350926 -0.360386 -0.525198
v 0.350926 -0.498041 -0.525198
v 0.446644 -0.360386 -0.446644
v 0.446644 -0.498041 -0.446644
v 0.525198 -0.360386 -0.350926
v 0.525198 -0.498041 -0.350926
v 0.583569 -0.360386 -0.241722
v 0.583569 -0.498041 -0.241722
v 0.619513 -0.360386 -0.123229
v 0.619513 -0.498041 -0.123229
v 0.631650 -0.360386 0.000000
v 0.631650 -0.498041 0.000000
v 0.619513 -0.360386 0.123229
v 0.619513 -0.498041 0.123229
v 0.583569 -0.360386 0.241722
v 0.583569 -0.498041 0.241722
v 0.525198 -0.360386 0.350926
v 0.525198 -0.498041 0.350926
v 0.446644 -0.360386 0.446644
v 0.446644 -0.498041 0.446644
v 0.350926 -0.360386 0.525198
v 0.350926 -0.498041 0.525198
v 0.241722 -0.360386 0.583569
v 0.241722 -0.498041 0.583569
v 0.123229 -0.360386 0.619513
v 0.123229 -0.498041 0.619513
v -0.000000 -0.360386 0.631650
v -0.000000 -0.498041 0.631650
v -0.123229 -0.360386 0.619513
v -0.123229 -0.498041 0.619513
v -0.241722 -0.360386 0.583569
v -0.241722 -0.498041 0.583569
v -0.350926 -0.360386 0.525198
v -0.350926 -0.498041 0.525198
v -0.446644 -0.360386 0.446644
v -0.446644 -0.498041 0.446644
v -0.525198 -0.360386 0.350926
v -0.525198 -0.498041 0.350926
v -0.583569 -0.360386 0.241722
v -0.583569 -0.498041 0.241722
v -0.619513 -0.360386 0.123229
v -0.619513 -0.498041 0.123229
v -0.631650 -0.360386 -0.000000
v -0.631650 -0.498041 -0.000000
v -0.619513 -0.360386 -0.123229
v -0.619513 -0.498041 -0.123229
v -0.583569 -0.360386 -0.241722
v -0.583569 -0.498041 -0.241722
v -0.525198 -0.360386 -0.350926
v -0.525198 -0.498041 -0.350926
v -0.446644 -0.360386 -0.446644
v -0.446644 -0.498041 -0.446644
v -0.350926 -0.360386 -0.525198
v -0.350926 -0.498041 -0.525198
v -0.241722 -0.360386 -0.583569
v -0.241722 -0.498041 -0.583569
v -0.123229 -0.360386 -0.619513
v -0.123229 -0.498041 -0.619513
v 0.000000 0.802339 -0.295116
v -0.000000 0.514420 -0.524394
v 0.000000 0.798794 -0.330983
v 0.000000 0.788247 -0.365967
v 0.000000 0.770957 -0.399206
v 0.000000 0.747351 -0.429883
v -0.000000 0.718009 -0.457240
v -0.000000 0.683654 -0.480606
v -0.000000 0.645133 -0.499405
v -0.000000 0.603392 -0.513173
v -0.000000 0.559461 -0.521572
v 0.057574 0.802339 -0.289446
v 0.102304 0.514420 -0.514318
v 0.064572 0.798794 -0.324623
v 0.071397 0.788247 -0.358935
v 0.077881 0.770957 -0.391536
v 0.083866 0.747351 -0.421622
v 0.089203 0.718009 -0.448455
v 0.093762 0.683654 -0.471372
v 0.097429 0.645133 -0.489809
v 0.100115 0.603392 -0.503312
v 0.101754 0.559461 -0.511550
v 0.112936 0.802339 -0.272652
v 0.200677 0.514420 -0.484477
v 0.126662 0.798794 -0.305789
v 0.140050 0.788247 -0.338109
v 0.152770 0.770957 -0.368819
v 0.164509 0.747351 -0.397160
v 0.174978 0.718009 -0.422435
v 0.183920 0.683654 -0.444022
v 0.191114 0.645133 -0.461390
v 0.196383 0.603392 -0.474110
v 0.199597 0.559461 -0.481869
v 0.163958 0.802339 -0.245380
v 0.291338 0.514420 -0.436018
v 0.183884 0.798794 -0.275202
v 0.203320 0.788247 -0.304290
v 0.221787 0.770957 -0.331928
v 0.238830 0.747351 -0.357434
v 0.254029 0.718009 -0.380181
v 0.267010 0.683654 -0.399609
v 0.277454 0.645133 -0.415240
v 0.285104 0.603392 -0.426688
v 0.289770 0.559461 -0.433671
v 0.208679 0.802339 -0.208679
v 0.370803 0.514420 -0.370803
v 0.234040 0.798794 -0.234040
v 0.258778 0.788247 -0.258778
v 0.282281 0.770957 -0.282281
v 0.303973 0.747351 -0.303973
v 0.323318 0.718009 -0.323318
v 0.339840 0.683654 -0.339840
v 0.353132 0.645133 -0.353132
v 0.362868 0.603392 -0.362868
v 0.368807 0.559461 -0.368807
v 0.245380 0.802339 -0.163958
v 0.436018 0.514420 -0.291338
v 0.275202 0.798794 -0.183884
v 0.304290 0.788247 -0.203320
v 0.331928 0.770957 -0.221787
v 0.357434 0.747351 -0.238830
v 0.380181 0.718009 -0.254029
v 0.399609 0.683654 -0.267011
v 0.415240 0.645133 -0.277454
v 0.426688 0.603392 -0.285104
v 0.433671 0.559461 -0.289770
v 0.272652 0.802339 -0.112936
v 0.484477 0.514420 -0.200677
v 0.305789 0.798794 -0.126662
v 0.338110 0.788247 -0.140049
v 0.368819 0.770957 -0.152770
v 0.397160 0.747351 -0.164509
v 0.422435 0.718009 -0.174978
v 0.444022 0.683654 -0.183920
v 0.461390 0.645133 -0.191114
v 0.474110 0.603392 -0.196383
v 0.481869 0.559461 -0.199597
v 0.289446 0.802339 -0.057574
v 0.514318 0.514420 -0.102304
v 0.324623 0.798794 -0.064572
v 0.358935 0.788247 -0.071397
v 0.391536 0.770957 -0.077881
v 0.421622 0.747351 -0.083866
v 0.448455 0.718009 -0.089203
v 0.471371 0.683654 -0.093762
v 0.489809 0.645133 -0.097429
v 0.503312 0.603392 -0.100115
v 0.511550 0.559461 -0.101754
v 0.295116 0.802339 0.000000
v 0.524394 0.514420 0.000000
v 0.330983 0.798794 0.000000
v 0.365967 0.788247 0.000000
v 0.399206 0.770957 0.000000
v 0.429883 0.747351 0.000000
v 0.457240 0.718009 0.000000
v 0.480606 0.683654 0.000000
v 0.499405 0.645133 0.000000
v 0.513173 0.603392 0.000000
v 0.521572 0.559461 0.000000
v 0.289446 0.802339 0.057574
v 0.514318 0.514420 0.102304
v 0.324623 0.798794 0.064572
v 0.358935 0.788247 0.071397
v 0.391536 0.770957 0.077881
v 0.421622 0.747351 0.083866
v 0.448455 0.718009 0.089203
v 0.471371 0.683654 0.093762
v 0.489809 0.645133 0.097429
v 0.503312 0.603392 0.100115
v 0.511550 0.559461 0.101754
v 0.272652 0.802339 0.112936
v 0.484477 0.514420 0.200677
v 0.305789 0.798794 0.126662
v 0.338109 0.788247 0.140050
v 0.368819 0.770957 0.152770
v 0.397160 0.747351 0.164509
v 0.422435 0.718009 0.174978
v 0.444022 0.683654 0.183920
v 0.461390 0.645133 0.191114
v 0.474110 0.603392 0.196383
v 0.481869 0.559461 0.199597
v 0.245380 0.802339 0.163958
v 0.436018 0.514420 0.291338
v 0.275203 0.798794 0.183884
v 0.304291 0.788247 0.203320
v 0.331928 0.770957 0.221787
v 0.357434 0.747351 0.238830
v 0.380182 0.718009 0.254029
v 0.399610 0.683654 0.267010
v 0.415240 0.645133 0.277454
v 0.426688 0.603392 0.285103
v 0.433671 0.559461 0.289770
v 0.208679 0.802339 0.208679
v 0.370803 0.514420 0.370803
v 0.234040 0.798794 0.234040
v 0.258778 0.788247 0.258778
v 0.282281 0.770957 0.282281
v 0.303973 0.747351 0.303973
v 0.323318 0.718009 0.323318
v 0.339840 0.683654 0.339840
v 0.353132 0.645133 0.353132
v 0.362868 0.603392 0.362868
v 0.368807 0.559461 0.368807
v 0.163958 0.802339 0.245380
v 0.291338 0.514420 0.436018
v 0.183884 0.798794 0.275203
v 0.203320 0.788247 0.304291
v 0.221787 0.770957 0.331928
v 0.238830 0.747351 0.357434
v 0.254029 0.718009 0.380182
v 0.267010 0.683654 0.399609
v 0.277454 0.645133 0.415240
v 0.285103 0.603392 0.426688
v 0.289770 0.559461 0.433671
v 0.112936 0.802339 0.272652
v 0.200677 0.514420 0.484477
v 0.126662 0.798794 0.305789
v 0.140050 0.788247 0.338109
v 0.152770 0.770957 0.368818
v 0.164509 0.747351 0.397160
v 0.174978 0.718009 0.422435
v 0.183920 0.683654 0.444022
v 0.191114 0.645133 0.461390
v 0.196383 0.603392 0.474110
v 0.199597 0.559461 0.481869
v 0.057574 0.802339 0.289446
v 0.102304 0.514420 0.514318
v 0.064572 0.798794 0.324623
v 0.071397 0.788247 0.358935
v 0.077881 0.770957 0.391536
v 0.083866 0.747351 0.421622
v 0.089203 0.718009 0.448455
v 0.093762 0.683654 0.471371
v 0.097429 0.645133 0.489809
v 0.100115 0.603392 0.503312
v 0.101754 0.559461 0.511550
v -0.000000 0.802339 0.295116
v -0.000000 0.514420 0.524394
v -0.000000 0.798794 0.330983
v -0.000000 0.788247 0.365967
v -0.000000 0.770957 0.399206
v -0.000000 0.747351 0.429883
v -0.000000 0.718009 0.457240
v -0.000000 0.683654 0.480606
v -0.000000 0.645133 0.499405
v -0.000000 0.603392 0.513173
v -0.000000 0.559461 0.521572
v -0.057574 0.802339 0.289446
v -0.102304 0.514420 0.514318
v -0.064571 0.798794 0.324623
v -0.071396 0.788247 0.358935
v -0.077881 0.770957 0.391536
v -0.083866 0.747351 0.421623
v -0.089203 0.718009 0.448455
v -0.093762 0.683654 0.471372
v -0.097429 0.645133 0.489809
v -0.100115 0.603392 0.503312
v -0.101754 0.559461 0.511550
v -0.112936 0.802339 0.272652
v -0.200677 0.514420 0.484477
v -0.126662 0.798794 0.305789
v -0.140050 0.788247 0.338109
v -0.152770 0.770957 0.368819
v -0.164509 0.747351 0.397160
v -0.174978 0.718009 0.422435
v -0.183920 0.683654 0.444022
v -0.191114 0.645133 0.461390
v -0.196383 0.603392 0.474110
v -0.199597 0.559461 0.481869
v -0.163958 0.802339 0.245380
v -0.291338 0.514420 0.436018
v -0.183884 0.798794 0.275202
v -0.203320 0.788247 0.304290
v -0.221787 0.770957 0.331928
v -0.238830 0.747351 0.357434
v -0.254029 0.718009 0.380181
v -0.267011 0.683654 0.399609
v -0.277454 0.645133 0.415240
v -0.285104 0.603392 0.426688
v -0.289770 0.559461 0.433671
v -0.208679 0.802339 0.208679
v -0.370803 0.514420 0.370803
v -0.234040 0.798794 0.234040
v -0.258778 0.788247 0.258778
v -0.282281 0.770957 0.282282
v -0.303973 0.747351 0.303973
v -0.323318 0.718009 0.323318
v -0.339840 0.683654 0.339840
v -0.353132 0.645133 0.353132
v -0.362868 0.603392 0.362868
v -0.368807 0.559461 0.368807
v -0.245380 0.802339 0.163958
v -0.436018 0.514420 0.291338
v -0.275202 0.798794 0.183884
v -0.304290 0.788247 0.203320
v -0.331928 0.770957 0.221787
v -0.357434 0.747351 0.238830
v -0.380181 0.718009 0.254029
v -0.399609 0.683654 0.267011
v -0.415240 0.645133 0.277454
v -0.426688 0.603392 0.285104
v -0.433671 0.559461 0.289770
v -0.272652 0.802339 0.112936
v -0.484477 0.514420 0.200677
v -0.305789 0.798794 0.126662
v -0.338109 0.788247 0.140050
v -0.368819 0.770957 0.152770
v -0.397160 0.747351 0.164509
v -0.422435 0.718009 0.174978
v -0.444022 0.683654 0.183920
v -0.461390 0.645133 0.191114
v -0.474110 0.603392 0.196383
v -0.481869 0.559461 0.199597
v -0.289446 0.802339 0.057574
v -0.514318 0.514420 0.102304
v -0.324623 0.798794 0.064572
v -0.358935 0.788247 0.071397
v -0.391536 0.770957 0.077881
v -0.421622 0.747351 0.083866
v -0.448455 0.718009 0.089203
v -0.471371 0.683654 0.093762
v -0.489809 0.645133 0.097429
v -0.503312 0.603392 0.100115
v -0.511550 0.559461 0.101754
v -0.295116 0.802339 -0.000000
v -0.524394 0.514420 -0.000000
v -0.330983 0.798794 -0.000000
v -0.365967 0.788247 -0.000000
v -0.399206 0.770957 -0.000000
v -0.429883 0.747351 -0.000000
v -0.457240 0.718009 -0.000000
v -0.480606 0.683654 -0.000000
v -0.499405 0.645133 -0.000000
v -0.513173 0.603392 -0.000000
v -0.521572 0.559461 -0.000000
v -0.289446 0.802339 -0.057574
v -0.514318 0.514420 -0.102304
v -0.324623 0.798794 -0.064572
v -0.358935 0.788247 -0.071397
v -0.391536 0.770957 -0.077881
v -0.421622 0.747351 -0.083866
v -0.448455 0.718009 -0.089203
v -0.471371 0.683654 -0.093762
v -0.489809 0.645133 -0.097429
v -0.503312 0.603392 -0.100115
v -0.511550 0.559461 -0.101754
v -0.272652 0.802339 -0.112936
v -0.484477 0.514420 -0.200677
v -0.305789 0.798794 -0.126662
v -0.338109 0.788247 -0.140050
v -0.368818 0.770957 -0.152770
v -0.397160 0.747351 -0.164509
v -0.422435 0.718009 -0.174978
v -0.444022 0.683654 -0.183920
v -0.461390 0.645133 -0.191114
v -0.474110 0.603392 -0.196383
v -0.481869 0.559461 -0.199597
v -0.245380 0.802339 -0.163958
v -0.436018 0.514420 -0.291338
v -0.275202 0.798794 -0.183884
v -0.304291 0.788247 -0.203320
v -0.331928 0.770957 -0.221787
v -0.357434 0.747351 -0.238830
v -0.380182 0.718009 -0.254029
v -0.399609 0.683654 -0.267010
v -0.415240 0.645133 -0.277454
v -0.426688 0.603392 -0.285103
v -0.433671 0.559461 -0.289770
v -0.208679 0.802339 -0.208679
v -0.370803 0.514420 -0.370803
v -0.234040 0.798794 -0.234040
v -0.258778 0.788247 -0.258778
v -0.282282 0.770957 -0.282281
v -0.303973 0.747351 -0.303973
v -0.323318 0.718009 -0.323318
v -0.339840 0.683654 -0.339840
v -0.353132 0.645133 -0.353132
v -0.362868 0.603392 -0.362868
v -0.368807 0.559461 -0.368807
v -0.163958 0.802339 -0.245380
v -0.291338 0.514420 -0.436018
v -0.183885 0.798794 -0.275202
v -0.203321 0.788247 -0.304290
v -0.221787 0.770957 -0.331928
v -0.238830 0.747351 -0.357434
v -0.254029 0.718009 -0.380181
v -0.267011 0.683654 -0.399609
v -0.277454 0.645133 -0.415240
v -0.285104 0.603392 -0.426688
v -0.289770 0.559461 -0.433671
v -0.112936 0.802339 -0.272652
v -0.200677 0.514420 -0.484477
v -0.126662 0.798794 -0.305789
v -0.140049 0.788247 -0.338109
v -0.152770 0.770957 -0.368819
v -0.164509 0.747351 -0.397160
v -0.174978 0.718009 -0.422435
v -0.183920 0.683654 -0.444022
v -0.191114 0.645133 -0.461390
v -0.196383 0.603392 -0.474110
v -0.199597 0.559461 -0.481869
v -0.057574 0.802339 -0.289446
v -0.102304 0.514420 -0.514318
v -0.064572 0.798794 -0.324623
v -0.071397 0.788247 -0.358935
v -0.077881 0.770957 -0.391536
v -0.083866 0.747351 -0.421622
v -0.089203 0.718009 -0.448455
v -0.093762 0.683654 -0.471372
v -0.097429 0.645133 -0.489809
v -0.100115 0.603392 -0.503312
v -0.101754 0.559461 -0.511550
v 0.097787 1.603092 -0.491607
v 0.191816 1.603092 -0.463084
v 0.278473 1.603092 -0.416764
v 0.354429 1.603092 -0.354429
v 0.416765 1.603092 -0.278473
v 0.463084 1.603092 -0.191815
v 0.491607 1.603092 -0.097787
v 0.501239 1.603092 0.000000
v 0.491607 1.603092 0.097787
v 0.463084 1.603092 0.191816
v 0.416765 1.603092 0.278473
v 0.354429 1.603092 0.354429
v 0.278473 1.603092 0.416765
v 0.191816 1.603092 0.463084
v 0.097787 1.603092 0.491607
v -0.000000 1.603092 0.501238
v -0.097786 1.603092 0.491607
v -0.191816 1.603092 0.463084
v -0.278473 1.603092 0.416764
v -0.354429 1.603092 0.354429
v -0.416764 1.603092 0.278473
v -0.463084 1.603092 0.191816
v -0.491607 1.603092 0.097787
v -0.501238 1.603092 -0.000000
v -0.491607 1.603092 -0.097787
v -0.463084 1.603092 -0.191816
v -0.416764 1.603092 -0.278473
v -0.354429 1.603092 -0.354429
v -0.278473 1.603092 -0.416764
v -0.191815 1.603092 -0.463084
v 0.000000 1.603092 -0.501238
v -0.097787 1.603092 -0.491607
v -0.272652 0.866656 0.112936
v -0.272652 0.930973 0.112936
v -0.272652 0.995290 0.112936
v -0.272652 1.059608 0.112936
v -0.272652 1.123925 0.112936
v -0.289445 1.123925 0.057574
v -0.289446 1.059608 0.057574
v -0.289446 0.995290 0.057574
v -0.289446 0.930973 0.057574
v -0.289446 0.866656 0.057574
v -0.163958 0.866656 -0.245380
v -0.163958 0.930973 -0.245380
v -0.163958 0.995290 -0.245380
v -0.163958 1.059608 -0.245380
v -0.163958 1.123925 -0.245380
v -0.112936 1.123925 -0.272652
v -0.112936 1.059608 -0.272652
v -0.112936 0.995290 -0.272652
v -0.112936 0.930973 -0.272652
v -0.112936 0.866656 -0.272652
v 0.272652 0.866656 -0.112936
v 0.272652 0.930973 -0.112936
v 0.272652 0.995290 -0.112936
v 0.272652 1.059608 -0.112936
v 0.272652 1.123925 -0.112936
v 0.289446 1.123925 -0.057574
v 0.289446 1.059608 -0.057574
v 0.289446 0.995290 -0.057574
v 0.289446 0.930973 -0.057574
v 0.289446 0.866656 -0.057574
v 0.163958 0.866656 0.245380
v 0.163958 0.930973 0.245380
v 0.163958 0.995290 0.245380
v 0.163958 1.059608 0.245380
v 0.163958 1.123925 0.245380
v 0.112936 1.123925 0.272652
v 0.112936 1.059608 0.272652
v 0.112936 0.995290 0.272652
v 0.112936 0.930973 0.272652
v 0.112936 0.866656 0.272652
v -0.208679 0.866656 0.208679
v -0.208679 0.930973 0.208679
v -0.208679 0.995290 0.208679
v -0.208679 1.059608 0.208679
v -0.208679 1.123925 0.208679
v -0.245380 1.123925 0.163958
v -0.245380 1.059608 0.163958
v -0.245380 0.995290 0.163958
v -0.245380 0.930973 0.163958
v -0.245380 0.866656 0.163958
v -0.057574 0.866656 -0.289446
v -0.057574 0.930973 -0.289446
v -0.057574 0.995290 -0.289446
v -0.057574 1.059608 -0.289446
v -0.057574 1.123925 -0.289446
v 0.000000 1.123925 -0.295116
v 0.000000 1.059608 -0.295116
v 0.000000 0.995290 -0.295116
v 0.000000 0.930973 -0.295116
v 0.000000 0.866656 -0.295116
v -0.245380 0.866656 -0.163958
v -0.245380 0.930973 -0.163958
v -0.245380 0.995290 -0.163958
v -0.245380 1.059608 -0.163958
v -0.245380 1.123925 -0.163958
v -0.208679 1.123925 -0.208679
v -0.208679 1.059608 -0.208679
v -0.208679 0.995290 -0.208679
v -0.208679 0.930973 -0.208679
v -0.208679 0.866656 -0.208679
v 0.208679 0.866656 -0.208679
v 0.208679 0.930973 -0.208679
v 0.208679 0.995290 -0.208679
v 0.208679 1.059608 -0.208679
v 0.208679 1.123925 -0.208679
v 0.245380 1.123925 -0.163958
v 0.245380 1.059608 -0.163958
v 0.245380 0.995290 -0.163958
v 0.245380 0.930973 -0.163958
v 0.245380 0.866656 -0.163958
v 0.245380 0.866656 0.163958
v 0.245380 0.930973 0.163958
v 0.245380 0.995290 0.163958
v 0.245380 1.059608 0.163958
v 0.245380 1.123925 0.163958
v 0.208679 1.123925 0.208679
v 0.208679 1.059608 0.208679
v 0.208679 0.995290 0.208679
v 0.208679 0.930973 0.208679
v 0.208679 0.866656 0.208679
v -0.112936 0.866656 0.272652
v -0.112936 0.930973 0.272652
v -0.112936 0.995290 0.272652
v -0.112936 1.059608 0.272652
v -0.112936 1.123925 0.272652
v -0.163958 1.123925 0.245380
v -0.163958 1.059608 0.245380
v -0.163958 0.995290 0.245380
v -0.163958 0.930973 0.245380
v -0.163958 0.866656 0.245380
v -0.289446 0.866656 -0.057574
v -0.289446 0.930973 -0.057574
v -0.289446 0.995290 -0.057574
v -0.289445 1.059608 -0.057574
v -0.289445 1.123925 -0.057574
v -0.272652 1.123925 -0.112936
v -0.272652 1.059608 -0.112936
v -0.272652 0.995290 -0.112936
v -0.272652 0.930973 -0.112936
v -0.272652 0.866656 -0.112936
v 0.112936 0.866656 -0.272652
v 0.112936 0.930973 -0.272652
v 0.112936 0.995290 -0.272652
v 0.112936 1.059608 -0.272652
v 0.112936 1.123925 -0.272652
v 0.163958 1.123925 -0.245380
v 0.163958 1.059608 -0.245380
v 0.163958 0.995290 -0.245380
v 0.163958 0.930973 -0.245380
v 0.163958 0.866656 -0.245380
v 0.289446 0.866656 0.057574
v 0.289446 0.930973 0.057574
v 0.289446 0.995290 0.057574
v 0.289446 1.059608 0.057574
v 0.289446 1.123925 0.057574
v 0.272652 1.123925 0.112936
v 0.272652 1.059608 0.112936
v 0.272652 0.995290 0.112936
v 0.272652 0.930973 0.112936
v 0.272652 0.866656 0.112936
v 0.057574 1.123925 -0.289446
v 0.057574 1.059608 -0.289446
v 0.057574 0.995290 -0.289446
v 0.057574 0.930973 -0.289446
v 0.057574 0.866656 -0.289446
v -0.000000 0.866656 0.295116
v -0.000000 0.930973 0.295116
v -0.000000 0.995290 0.295116
v -0.000000 1.059608 0.295116
v -0.000000 1.123925 0.295116
v -0.057574 1.123925 0.289446
v -0.057574 1.059608 0.289446
v -0.057574 0.995290 0.289446
v -0.057574 0.930973 0.289446
v -0.057574 0.866656 0.289446
v -0.295116 1.123925 -0.000000
v -0.295116 1.059608 -0.000000
v -0.295116 0.995290 -0.000000
v -0.295116 0.930973 -0.000000
v -0.295116 0.866656 -0.000000
v 0.295116 1.123925 0.000000
v 0.295116 1.059608 0.000000
v 0.295116 0.995290 0.000000
v 0.295116 0.930973 0.000000
v 0.295116 0.866656 0.000000
v 0.057574 1.123925 0.289446
v 0.057574 1.059608 0.289446
v 0.057574 0.995290 0.289446
v 0.057574 0.930973 0.289446
v 0.057574 0.866656 0.289446
v -0.288163 0.866656 0.119361
v -0.288163 0.930973 0.119361
v -0.305913 0.930973 0.060850
v -0.305913 0.866656 0.060850
v -0.173286 0.866656 -0.259340
v -0.173286 0.930973 -0.259340
v -0.119361 0.930973 -0.288164
v -0.119361 0.866656 -0.288164
v 0.288164 0.866656 -0.119361
v 0.288164 0.930973 -0.119361
v 0.305913 0.930973 -0.060850
v 0.305913 0.866656 -0.060850
v 0.173286 0.866656 0.259340
v 0.173286 0.930973 0.259340
v 0.119361 0.930973 0.288163
v 0.119361 0.866656 0.288163
v -0.220551 0.866656 0.220551
v -0.220551 0.930973 0.220551
v -0.259340 0.930973 0.173286
v -0.259340 0.866656 0.173286
v -0.060850 0.866656 -0.305913
v -0.060850 0.930973 -0.305913
v 0.000000 0.930973 -0.311906
v 0.000000 0.866656 -0.311906
v -0.259340 0.866656 -0.173286
v -0.259340 0.930973 -0.173286
v -0.220551 0.930973 -0.220551
v -0.220551 0.866656 -0.220551
v 0.220551 0.866656 -0.220551
v 0.220551 0.930973 -0.220551
v 0.259340 0.930973 -0.173286
v 0.259340 0.866656 -0.173286
v 0.259340 0.866656 0.173286
v 0.259340 0.930973 0.173286
v 0.220551 0.930973 0.220551
v 0.220551 0.866656 0.220551
v -0.119361 0.866656 0.288163
v -0.119361 0.930973 0.288163
v -0.173286 0.930973 0.259340
v -0.173286 0.866656 0.259340
v -0.305913 0.866656 -0.060850
v -0.305913 0.930973 -0.060850
v -0.288163 0.930973 -0.119361
v -0.288163 0.866656 -0.119361
v 0.119361 0.866656 -0.288163
v 0.119361 0.930973 -0.288163
v 0.173286 0.930973 -0.259340
v 0.173286 0.866656 -0.259340
v 0.305913 0.866656 0.060850
v 0.305913 0.930973 0.060850
v 0.288163 0.930973 0.119361
v 0.288163 0.866656 0.119361
v 0.060850 0.930973 -0.305913
v 0.060850 0.866656 -0.305913
v -0.000000 0.866656 0.311906
v -0.000000 0.930973 0.311906
v -0.060850 0.930973 0.305913
v -0.060850 0.866656 0.305913
v -0.311906 0.930973 -0.000000
v -0.311906 0.866656 -0.000000
v 0.311906 0.930973 0.000000
v 0.311906 0.866656 0.000000
v 0.060850 0.930973 0.305913
v 0.060850 0.866656 0.305913
v -0.303675 0.995290 0.125787
v -0.303675 1.059608 0.125787
v -0.322380 1.059608 0.064125
v -0.322380 0.995290 0.064125
v -0.182614 0.995290 -0.273300
v -0.182614 1.059608 -0.273300
v -0.125786 1.059608 -0.303675
v -0.125786 0.995290 -0.303675
v 0.303675 0.995290 -0.125786
v 0.303675 1.059608 -0.125786
v 0.322380 1.059608 -0.064125
v 0.322380 0.995290 -0.064125
v 0.182614 0.995290 0.273301
v 0.182614 1.059608 0.273301
v 0.125787 1.059608 0.303675
v 0.125787 0.995290 0.303675
v -0.232423 0.995290 0.232423
v -0.232423 1.059608 0.232423
v -0.273300 1.059608 0.182614
v -0.273300 0.995290 0.182614
v -0.064125 0.995290 -0.322380
v -0.064125 1.059608 -0.322380
v 0.000000 1.059608 -0.328696
v 0.000000 0.995290 -0.328696
v -0.273300 0.995290 -0.182614
v -0.273300 1.059608 -0.182614
v -0.232423 1.059608 -0.232423
v -0.232423 0.995290 -0.232423
v 0.232423 0.995290 -0.232423
v 0.232423 1.059608 -0.232423
v 0.273300 1.059608 -0.182614
v 0.273300 0.995290 -0.182614
v 0.273301 0.995290 0.182613
v 0.273301 1.059608 0.182613
v 0.232423 1.059608 0.232423
v 0.232423 0.995290 0.232423
v -0.125786 0.995290 0.303675
v -0.125786 1.059608 0.303675
v -0.182614 1.059608 0.273300
v -0.182614 0.995290 0.273300
v -0.322380 0.995290 -0.064125
v -0.322380 1.059608 -0.064125
v -0.303675 1.059608 -0.125786
v -0.303675 0.995290 -0.125786
v 0.125786 0.995290 -0.303675
v 0.125786 1.059608 -0.303675
v 0.182614 1.059608 -0.273300
v 0.182614 0.995290 -0.273300
v 0.322380 0.995290 0.064125
v 0.322380 1.059608 0.064125
v 0.303675 1.059608 0.125787
v 0.303675 0.995290 0.125787
v 0.064125 1.059608 -0.322380
v 0.064125 0.995290 -0.322380
v -0.000000 0.995290 0.328696
v -0.000000 1.059608 0.328696
v -0.064125 1.059608 0.322380
v -0.064125 0.995290 0.322380
v -0.328696 1.059608 -0.000000
v -0.328696 0.995290 -0.000000
v 0.328696 1.059608 0.000000
v 0.328696 0.995290 0.000000
v 0.064125 1.059608 0.322380
v 0.064125 0.995290 0.322380
v -0.055980 1.170117 -0.281430
v 0.000000 1.170117 -0.286944
v -0.109809 1.170117 -0.265102
v -0.159418 1.170117 -0.238585
v -0.202900 1.170117 -0.202900
v -0.238585 1.170117 -0.159418
v -0.265102 1.170117 -0.109809
v -0.281430 1.170117 -0.055980
v -0.286944 1.170117 -0.000000
v -0.281430 1.170117 0.055980
v -0.265102 1.170117 0.109809
v -0.238585 1.170117 0.159418
v -0.202900 1.170117 0.202900
v -0.159417 1.170117 0.238585
v -0.109809 1.170117 0.265102
v -0.055980 1.170117 0.281431
v -0.000000 1.170117 0.286944
v 0.055980 1.170117 0.281430
v 0.109809 1.170117 0.265102
v 0.159418 1.170117 0.238585
v 0.202900 1.170117 0.202900
v 0.238585 1.170117 0.159417
v 0.265102 1.170117 0.109809
v 0.281431 1.170117 0.055980
v 0.286944 1.170117 0.000000
v 0.281431 1.170117 -0.055980
v 0.265102 1.170117 -0.109809
v 0.238585 1.170117 -0.159418
v 0.202900 1.170117 -0.202900
v 0.159418 1.170117 -0.238585
v 0.109809 1.170117 -0.265102
v 0.055980 1.170117 -0.281430
v -0.316366 1.123925 0.131043
v -0.190245 1.123925 -0.284722
v 0.316367 1.123925 -0.131043
v 0.190245 1.123925 0.284722
v -0.242136 1.123925 0.242137
v -0.066805 1.123925 -0.335853
v -0.284722 1.123925 -0.190245
v 0.242137 1.123925 -0.242136
v 0.284723 1.123925 0.190245
v -0.131043 1.123925 0.316367
v -0.335853 1.123925 -0.066805
v 0.131043 1.123925 -0.316367
v 0.335853 1.123925 0.066805
v -0.000000 1.123925 0.342433
v -0.335853 1.123925 0.066805
v -0.131043 1.123925 -0.316367
v 0.335853 1.123925 -0.066805
v 0.131044 1.123925 0.316367
v -0.284722 1.123925 0.190245
v 0.000000 1.123925 -0.342433
v -0.242136 1.123925 -0.242136
v 0.284722 1.123925 -0.190245
v 0.242137 1.123925 0.242137
v -0.190245 1.123925 0.284722
v -0.316366 1.123925 -0.131043
v 0.190245 1.123925 -0.284722
v 0.316367 1.123925 0.131043
v 0.066805 1.123925 -0.335853
v -0.066805 1.123925 0.335853
v -0.342433 1.123925 -0.000000
v 0.342433 1.123925 0.000000
v 0.066805 1.123925 0.335853
v -0.342483 1.603092 -0.000000
v -0.316413 1.603092 0.131063
v -0.335902 1.603092 0.066815
v -0.335902 1.603092 -0.066815
v -0.284764 1.603092 0.190273
v -0.284764 1.603092 -0.190273
v -0.242172 1.603092 0.242172
v -0.316413 1.603092 -0.131063
v -0.242172 1.603092 -0.242172
v -0.131062 1.603092 -0.316413
v -0.190273 1.603092 0.284764
v -0.190273 1.603092 -0.284764
v -0.066815 1.603092 0.335902
v 0.000000 1.603092 -0.342483
v -0.066815 1.603092 -0.335902
v -0.131062 1.603092 0.316413
v -0.000000 1.603092 0.342483
v 0.066815 1.603092 -0.335902
v 0.066815 1.603092 0.335902
v 0.190273 1.603092 -0.284764
v 0.131062 1.603092 0.316413
v 0.131062 1.603092 -0.316413
v 0.190273 1.603092 0.284764
v 0.284764 1.603092 0.190273
v 0.242172 1.603092 0.242172
v 0.284764 1.603092 -0.190273
v 0.342483 1.603092 0.000000
v 0.335902 1.603092 -0.066815
v 0.316413 1.603092 0.131062
v 0.335902 1.603092 0.066815
v 0.316413 1.603092 -0.131062
v 0.242172 1.603092 -0.242172
v 0.397827 -0.085076 0.337874
v 0.436018 -0.220336 0.291338
v 0.397827 -0.220336 0.337874
v 0.397827 0.052579 0.337874
v 0.397827 0.190233 0.337874
v 0.397827 0.327888 0.337874
v 0.484477 -0.220336 0.200677
v 0.397827 0.460979 0.337874
v 0.436018 0.460979 0.291338
v 0.514318 -0.220336 0.102304
v 0.484477 0.460979 0.200677
v 0.524394 -0.220336 0.000000
v 0.514318 0.460979 0.102304
v 0.514318 -0.220336 -0.102304
v 0.524394 0.460979 0.000000
v 0.484477 -0.220336 -0.200677
v 0.514318 0.460979 -0.102304
v 0.436018 -0.220336 -0.291338
v 0.484477 0.460979 -0.200677
v 0.397827 -0.085076 -0.337874
v 0.397827 -0.220336 -0.337874
v 0.397827 0.052579 -0.337874
v 0.397827 0.190233 -0.337874
v 0.397827 0.327888 -0.337874
v 0.436018 0.460979 -0.291338
v 0.397827 0.460979 -0.337874
v 0.000000 -0.405896 -1.112636
v 0.000000 -1.041304 -1.112636
v -0.036876 -0.405896 -1.116269
v -0.036876 -1.041304 -1.116269
v -0.072336 -0.405896 -1.127025
v -0.072336 -1.041304 -1.127025
v -0.105015 -0.405896 -1.144493
v -0.105015 -1.041304 -1.144493
v -0.133659 -0.405896 -1.168000
v -0.133659 -1.041304 -1.168000
v -0.157167 -0.405896 -1.196644
v -0.157167 -1.041304 -1.196644
v -0.174634 -0.405896 -1.229323
v -0.174634 -1.041304 -1.229323
v -0.185391 -0.405896 -1.264783
v -0.185391 -1.041304 -1.264783
v -0.189023 -0.405896 -1.301659
v -0.189023 -1.041304 -1.301659
v -0.185391 -0.405896 -1.338536
v -0.185391 -1.041304 -1.338536
v -0.174634 -0.405896 -1.373995
v -0.174634 -1.041304 -1.373995
v -0.157167 -0.405896 -1.406675
v -0.157167 -1.041304 -1.406675
v -0.133659 -0.405896 -1.435318
v -0.133659 -1.041304 -1.435318
v -0.105015 -0.405896 -1.458826
v -0.105015 -1.041304 -1.458826
v -0.072336 -0.405896 -1.476293
v -0.072336 -1.041304 -1.476293
v -0.036876 -0.405896 -1.487050
v -0.036876 -1.041304 -1.487050
v 0.000000 -0.405896 -1.490682
v 0.000000 -1.041304 -1.490682
v 0.036876 -0.405896 -1.487050
v 0.036876 -1.041304 -1.487050
v 0.072336 -0.405896 -1.476293
v 0.072336 -1.041304 -1.476293
v 0.105015 -0.405896 -1.458826
v 0.105015 -1.041304 -1.458826
v 0.133659 -0.405896 -1.435318
v 0.133659 -1.041304 -1.435318
v 0.157167 -0.405896 -1.406675
v 0.157167 -1.041304 -1.406675
v 0.174634 -0.405896 -1.373995
v 0.174634 -1.041304 -1.373995
v 0.185391 -0.405896 -1.338536
v 0.185391 -1.041304 -1.338536
v 0.189023 -0.405896 -1.301659
v 0.189023 -1.041304 -1.301659
v 0.185391 -0.405896 -1.264783
v 0.185391 -1.041304 -1.264783
v 0.174634 -0.405896 -1.229323
v 0.174634 -1.041304 -1.229323
v 0.157167 -0.405896 -1.196644
v 0.157167 -1.041304 -1.196644
v 0.133659 -0.405896 -1.168000
v 0.133659 -1.041304 -1.168000
v 0.105015 -0.405896 -1.144493
v 0.105015 -1.041304 -1.144493
v 0.072336 -0.405896 -1.127025
v 0.072336 -1.041304 -1.127025
v 0.036876 -0.405896 -1.116268
v 0.036876 -1.041304 -1.116268
v 0.000000 -0.405896 1.481415
v 0.000000 -1.041304 1.481415
v -0.036876 -0.405896 1.477783
v -0.036876 -1.041304 1.477783
v -0.072336 -0.405896 1.467026
v -0.072336 -1.041304 1.467026
v -0.105015 -0.405896 1.449559
v -0.105015 -1.041304 1.449559
v -0.133659 -0.405896 1.426051
v -0.133659 -1.041304 1.426051
v -0.157167 -0.405896 1.397408
v -0.157167 -1.041304 1.397408
v -0.174634 -0.405896 1.364728
v -0.174634 -1.041304 1.364728
v -0.185391 -0.405896 1.329269
v -0.185391 -1.041304 1.329269
v -0.189023 -0.405896 1.292392
v -0.189023 -1.041304 1.292392
v -0.185391 -0.405896 1.255516
v -0.185391 -1.041304 1.255516
v -0.174634 -0.405896 1.220056
v -0.174634 -1.041304 1.220056
v -0.157167 -0.405896 1.187377
v -0.157167 -1.041304 1.187377
v -0.133659 -0.405896 1.158733
v -0.133659 -1.041304 1.158733
v -0.105015 -0.405896 1.135226
v -0.105015 -1.041304 1.135226
v -0.072336 -0.405896 1.117758
v -0.072336 -1.041304 1.117758
v -0.036876 -0.405896 1.107002
v -0.036876 -1.041304 1.107002
v 0.000000 -0.405896 1.103369
v 0.000000 -1.041304 1.103369
v 0.036876 -0.405896 1.107002
v 0.036876 -1.041304 1.107002
v 0.072336 -0.405896 1.117758
v 0.072336 -1.041304 1.117758
v 0.105015 -0.405896 1.135226
v 0.105015 -1.041304 1.135226
v 0.133659 -0.405896 1.158733
v 0.133659 -1.041304 1.158733
v 0.157167 -0.405896 1.187377
v 0.157167 -1.041304 1.187377
v 0.174634 -0.405896 1.220056
v 0.174634 -1.041304 1.220056
v 0.185391 -0.405896 1.255516
v 0.185391 -1.041304 1.255516
v 0.189023 -0.405896 1.292392
v 0.189023 -1.041304 1.292392
v 0.185391 -0.405896 1.329269
v 0.185391 -1.041304 1.329269
v 0.174634 -0.405896 1.364728
v 0.174634 -1.041304 1.364728
v 0.157167 -0.405896 1.397407
v 0.157167 -1.041304 1.397407
v 0.133659 -0.405896 1.426051
v 0.133659 -1.041304 1.426051
v 0.105015 -0.405896 1.449559
v 0.105015 -1.041304 1.449559
v 0.072336 -0.405896 1.467026
v 0.072336 -1.041304 1.467026
v 0.036876 -0.405896 1.477783
v 0.036876 -1.041304 1.477783
v 0.000000 -0.692450 -1.537091
v 0.000000 -0.228191 -1.537091
v 0.045286 -0.692450 -1.532631
v 0.045286 -0.228191 -1.532631
v 0.088832 -0.692450 -1.519422
v 0.088832 -0.228191 -1.519422
v 0.128964 -0.692450 -1.497970
v 0.128964 -0.228191 -1.497970
v 0.164140 -0.692450 -1.469102
v 0.164140 -0.228191 -1.469102
v 0.193009 -0.692450 -1.433926
v 0.193009 -0.228191 -1.433926
v 0.214460 -0.692450 -1.393794
v 0.214460 -0.228191 -1.393794
v 0.227669 -0.692450 -1.350248
v 0.227669 -0.228191 -1.350248
v 0.232130 -0.692450 -1.304962
v 0.232130 -0.228191 -1.304962
v 0.227669 -0.692450 -1.259676
v 0.227669 -0.228191 -1.259676
v 0.214460 -0.692450 -1.216130
v 0.214460 -0.228191 -1.216130
v 0.193009 -0.692450 -1.175997
v 0.193009 -0.228191 -1.175997
v 0.164140 -0.692450 -1.140821
v 0.164140 -0.228191 -1.140821
v 0.128964 -0.692450 -1.111953
v 0.128964 -0.228191 -1.111953
v 0.088832 -0.692450 -1.090502
v 0.088832 -0.228191 -1.090502
v 0.045286 -0.692450 -1.077293
v 0.045286 -0.228191 -1.077293
v -0.000000 -0.692450 -1.072832
v -0.000000 -0.228191 -1.072832
v -0.045286 -0.692450 -1.077293
v -0.045286 -0.228191 -1.077293
v -0.088832 -0.692450 -1.090502
v -0.088832 -0.228191 -1.090502
v -0.128964 -0.692450 -1.111953
v -0.128964 -0.228191 -1.111953
v -0.164140 -0.692450 -1.140821
v -0.164140 -0.228191 -1.140821
v -0.193009 -0.692450 -1.175997
v -0.193009 -0.228191 -1.175997
v -0.214460 -0.692450 -1.216130
v -0.214460 -0.228191 -1.216130
v -0.227669 -0.692450 -1.259676
v -0.227669 -0.228191 -1.259676
v -0.232130 -0.692450 -1.304962
v -0.232130 -0.228191 -1.304962
v -0.227669 -0.692450 -1.350248
v -0.227669 -0.228191 -1.350248
v -0.214460 -0.692450 -1.393794
v -0.214460 -0.228191 -1.393794
v -0.193009 -0.692450 -1.433926
v -0.193009 -0.228191 -1.433926
v -0.164140 -0.692450 -1.469102
v -0.164140 -0.228191 -1.469102
v -0.128964 -0.692450 -1.497970
v -0.128964 -0.228191 -1.497970
v -0.088832 -0.692450 -1.519422
v -0.088832 -0.228191 -1.519422
v -0.045286 -0.692450 -1.532631
v -0.045286 -0.228191 -1.532631
v 0.000000 -0.692450 1.074979
v 0.000000 -0.228191 1.074979
v 0.045286 -0.692450 1.079440
v 0.045286 -0.228191 1.079440
v 0.088832 -0.692450 1.092649
v 0.088832 -0.228191 1.092649
v 0.128964 -0.692450 1.114100
v 0.128964 -0.228191 1.114100
v 0.164140 -0.692450 1.142969
v 0.164140 -0.228191 1.142969
v 0.193009 -0.692450 1.178145
v 0.193009 -0.228191 1.178145
v 0.214460 -0.692450 1.218277
v 0.214460 -0.228191 1.218277
v 0.227669 -0.692450 1.261823
v 0.227669 -0.228191 1.261823
v 0.232130 -0.692450 1.307109
v 0.232130 -0.228191 1.307109
v 0.227669 -0.692450 1.352395
v 0.227669 -0.228191 1.352395
v 0.214460 -0.692450 1.395941
v 0.214460 -0.228191 1.395941
v 0.193009 -0.692450 1.436073
v 0.193009 -0.228191 1.436073
v 0.164140 -0.692450 1.471249
v 0.164140 -0.228191 1.471249
v 0.128964 -0.692450 1.500118
v 0.128964 -0.228191 1.500118
v 0.088832 -0.692450 1.521569
v 0.088832 -0.228191 1.521569
v 0.045286 -0.692450 1.534778
v 0.045286 -0.228191 1.534778
v -0.000000 -0.692450 1.539239
v -0.000000 -0.228191 1.539239
v -0.045286 -0.692450 1.534778
v -0.045286 -0.228191 1.534778
v -0.088832 -0.692450 1.521569
v -0.088832 -0.228191 1.521569
v -0.128964 -0.692450 1.500118
v -0.128964 -0.228191 1.500118
v -0.164140 -0.692450 1.471249
v -0.164140 -0.228191 1.471249
v -0.193009 -0.692450 1.436073
v -0.193009 -0.228191 1.436073
v -0.214460 -0.692450 1.395941
v -0.214460 -0.228191 1.395941
v -0.227669 -0.692450 1.352395
v -0.227669 -0.228191 1.352395
v -0.232130 -0.692450 1.307109
v -0.232130 -0.228191 1.307109
v -0.227669 -0.692450 1.261823
v -0.227669 -0.228191 1.261823
v -0.214460 -0.692450 1.218277
v -0.214460 -0.228191 1.218277
v -0.193009 -0.692450 1.178145
v -0.193009 -0.228191 1.178145
v -0.164140 -0.692450 1.142969
v -0.164140 -0.228191 1.142969
v -0.128964 -0.692450 1.114100
v -0.128964 -0.228191 1.114100
v -0.088832 -0.692450 1.092649
v -0.088832 -0.228191 1.092649
v -0.045286 -0.692450 1.079440
v -0.045286 -0.228191 1.079440
v 0.000000 0.525879 0.373832
v 0.000000 0.525879 0.563923
v 0.045286 0.521418 0.373832
v 0.045286 0.521418 0.563923
v 0.088832 0.508209 0.373832
v 0.088832 0.508209 0.563923
v 0.128964 0.486758 0.373832
v 0.128964 0.486758 0.563923
v 0.164140 0.457889 0.373832
v 0.164140 0.457889 0.563923
v 0.193009 0.422713 0.373832
v 0.193009 0.422713 0.563923
v 0.214460 0.382581 0.373832
v 0.214460 0.382581 0.563923
v 0.227669 0.339035 0.373832
v 0.227669 0.339035 0.563923
v 0.232130 0.293749 0.373832
v 0.232130 0.293749 0.563923
v 0.227669 0.248463 0.373832
v 0.227669 0.248463 0.563923
v 0.214460 0.204917 0.373832
v 0.214460 0.204917 0.563923
v 0.193009 0.164785 0.373832
v 0.193009 0.164785 0.563923
v 0.164140 0.129609 0.373832
v 0.164140 0.129609 0.563923
v 0.128964 0.100740 0.373832
v 0.128964 0.100740 0.563923
v 0.088832 0.079289 0.373832
v 0.088832 0.079289 0.563923
v 0.045286 0.066080 0.373832
v 0.045286 0.066080 0.563923
v -0.000000 0.061619 0.373832
v -0.000000 0.061619 0.563923
v -0.045286 0.066080 0.373832
v -0.045286 0.066080 0.563923
v -0.088832 0.079289 0.373832
v -0.088832 0.079289 0.563923
v -0.128964 0.100740 0.373832
v -0.128964 0.100740 0.563923
v -0.164140 0.129609 0.373832
v -0.164140 0.129609 0.563923
v -0.193009 0.164785 0.373832
v -0.193009 0.164785 0.563923
v -0.214460 0.204917 0.373832
v -0.214460 0.204917 0.563923
v -0.227669 0.248463 0.373832
v -0.227669 0.248463 0.563923
v -0.232130 0.293749 0.373832
v -0.232130 0.293749 0.563923
v -0.227669 0.339035 0.373832
v -0.227669 0.339035 0.563923
v -0.214460 0.382581 0.373832
v -0.214460 0.382581 0.563923
v -0.193009 0.422713 0.373832
v -0.193009 0.422713 0.563923
v -0.164140 0.457889 0.373832
v -0.164140 0.457889 0.563923
v -0.128964 0.486758 0.373832
v -0.128964 0.486758 0.563923
v -0.088832 0.508209 0.373832
v -0.088832 0.508209 0.563923
v -0.045286 0.521418 0.373832
v -0.045286 0.521418 0.563923
v 0.000000 0.525879 -0.556640
v 0.000000 0.525879 -0.351548
v 0.045286 0.521418 -0.556640
v 0.045286 0.521418 -0.351548
v 0.088832 0.508209 -0.556640
v 0.088832 0.508209 -0.351548
v 0.128964 0.486758 -0.556640
v 0.128964 0.486758 -0.351548
v 0.164140 0.457889 -0.556640
v 0.164140 0.457889 -0.351548
v 0.193009 0.422713 -0.556640
v 0.193009 0.422713 -0.351548
v 0.214460 0.382581 -0.556640
v 0.214460 0.382581 -0.351548
v 0.227669 0.339035 -0.556640
v 0.227669 0.339035 -0.351548
v 0.232130 0.293749 -0.556640
v 0.232130 0.293749 -0.351548
v 0.227669 0.248463 -0.556640
v 0.227669 0.248463 -0.351548
v 0.214460 0.204917 -0.556640
v 0.214460 0.204917 -0.351548
v 0.193009 0.164785 -0.556640
v 0.193009 0.164785 -0.351548
v 0.164140 0.129609 -0.556640
v 0.164140 0.129609 -0.351548
v 0.128964 0.100740 -0.556640
v 0.128964 0.100740 -0.351548
v 0.088832 0.079289 -0.556640
v 0.088832 0.079289 -0.351548
v 0.045286 0.066080 -0.556640
v 0.045286 0.066080 -0.351548
v -0.000000 0.061619 -0.556640
v -0.000000 0.061619 -0.351548
v -0.045286 0.066080 -0.556640
v -0.045286 0.066080 -0.351548
v -0.088832 0.079289 -0.556640
v -0.088832 0.079289 -0.351548
v -0.128964 0.100740 -0.556640
v -0.128964 0.100740 -0.351548
v -0.164140 0.129609 -0.556640
v -0.164140 0.129609 -0.351548
v -0.193009 0.164785 -0.556640
v -0.193009 0.164785 -0.351548
v -0.214460 0.204917 -0.556640
v -0.214460 0.204917 -0.351548
v -0.227669 0.248463 -0.556640
v -0.227669 0.248463 -0.351548
v -0.232130 0.293749 -0.556640
v -0.232130 0.293749 -0.351548
v -0.227669 0.339035 -0.556640
v -0.227669 0.339035 -0.351548
v -0.214460 0.382581 -0.556640
v -0.214460 0.382581 -0.351548
v -0.193009 0.422713 -0.556640
v -0.193009 0.422713 -0.351548
v -0.164140 0.457889 -0.556640
v -0.164140 0.457889 -0.351548
v -0.128964 0.486758 -0.556640
v -0.128964 0.486758 -0.351548
v -0.088832 0.508209 -0.556640
v -0.088832 0.508209 -0.351548
v -0.045286 0.521418 -0.556640
v -0.045286 0.521418 -0.351548
vt 0.031250 0.913429
vt 0.000000 0.500000
vt 0.031250 0.500000
vt 0.937500 0.913429
vt 0.906250 0.500000
vt 0.937500 0.500000
vt 0.906250 0.913429
vt 0.875000 0.500000
vt 0.875000 0.913429
vt 0.843750 0.500000
vt 0.843750 0.913429
vt 0.812500 0.500000
vt 0.812500 0.913429
vt 0.781250 0.500000
vt 0.781250 0.913429
vt 0.750000 0.500000
vt 0.750000 0.913429
vt 0.718750 0.500000
vt 0.718750 0.913429
vt 0.687500 0.500000
vt 0.687500 0.913429
vt 0.656250 0.500000
vt 0.656250 0.913429
vt 0.625000 0.500000
vt 0.625000 0.913429
vt 0.593750 0.500000
vt 0.593750 0.913429
vt 0.562500 0.500000
vt 0.562500 0.913429
vt 0.531250 0.500000
vt 0.531250 0.913429
vt 0.500000 0.500000
vt 0.500000 0.913429
vt 0.468750 0.500000
vt 0.468750 0.913429
vt 0.437500 0.500000
vt 0.437500 0.913429
vt 0.406250 0.500000
vt 0.406250 0.913429
vt 0.375000 0.500000
vt 0.375000 0.913429
vt 0.343750 0.500000
vt 0.343750 0.913429
vt 0.312500 0.500000
vt 0.312500 0.913429
vt 0.281250 0.500000
vt 0.281250 0.913429
vt 0.250000 0.500000
vt 0.250000 0.913429
vt 0.218750 0.500000
vt 0.218750 0.913429
vt 0.187500 0.500000
vt 0.187500 0.913429
vt 0.156250 0.500000
vt 0.156250 0.913429
vt 0.125000 0.500000
vt 0.125000 0.913429
vt 0.093750 0.500000
vt 0.093750 0.913429
vt 0.062500 0.500000
vt 0.062500 0.913429
vt 1.000000 0.913429
vt 0.968750 0.500000
vt 1.000000 0.500000
vt 0.968750 0.913429
vt 0.985388 0.296822
vt 0.796822 0.014612
vt 0.514612 0.203178
vt 0.974187 1.000000
vt 0.942937 1.000000
vt 0.911687 1.000000
vt 0.880437 1.000000
vt 0.849187 1.000000
vt 0.817937 1.000000
vt 0.786687 1.000000
vt 0.755437 1.000000
vt 0.724187 1.000000
vt 0.713313 1.000000
vt 0.692937 1.000000
vt 0.682063 1.000000
vt 0.661687 1.000000
vt 0.650813 1.000000
vt 0.630437 1.000000
vt 0.599187 1.000000
vt 0.567937 1.000000
vt 0.536687 1.000000
vt 0.505437 1.000000
vt 0.474187 1.000000
vt 0.442937 1.000000
vt 0.411687 1.000000
vt 0.380437 1.000000
vt 0.349187 1.000000
vt 0.317937 1.000000
vt 0.286687 1.000000
vt 0.255437 1.000000
vt 0.244563 1.000000
vt 0.224187 1.000000
vt 0.192937 1.000000
vt 0.161687 1.000000
vt 0.130437 1.000000
vt 0.099187 1.000000
vt 0.067937 1.000000
vt 0.036687 1.000000
vt 0.005437 1.000000
vt 0.000000 0.913429
vt 0.105422 0.309886
vt 0.190114 0.105422
vt 0.394578 0.190114
vt 0.968750 0.859473
vt 0.937500 0.909091
vt 0.968750 0.909091
vt 0.883337 0.050447
vt 0.550447 0.116663
vt 0.616663 0.449553
vt 0.031250 0.545455
vt 0.000000 0.500000
vt 0.031250 0.500000
vt 0.468750 0.590909
vt 0.500000 0.590909
vt 0.500000 0.590909
vt 0.031250 0.636364
vt 0.000000 0.590909
vt 0.031250 0.590909
vt 0.218750 0.681818
vt 0.250000 0.681818
vt 0.250000 0.681818
vt 0.031250 0.727273
vt 0.000000 0.681818
vt 0.031250 0.681818
vt 0.031250 0.772727
vt 0.000000 0.727273
vt 0.031250 0.818182
vt 0.000000 0.772727
vt 0.031250 0.863636
vt 0.000000 0.818182
vt 0.031250 0.909091
vt 0.000000 0.863636
vt 0.556433 0.954545
vt 0.540275 0.954545
vt 0.548163 0.954545
vt 0.388074 0.954546
vt 0.391582 0.954546
vt 0.324930 0.954546
vt 0.062500 0.545455
vt 0.062500 0.500000
vt 0.093750 0.545455
vt 0.062500 0.545455
vt 0.062500 0.636364
vt 0.062500 0.590909
vt 0.906250 0.636364
vt 0.875000 0.636364
vt 0.875000 0.636364
vt 0.062500 0.727273
vt 0.062500 0.681818
vt 0.062500 0.772727
vt 0.062500 0.818182
vt 0.062500 0.863636
vt 0.062500 0.909091
vt 0.093750 0.500000
vt 0.500000 0.545455
vt 0.468750 0.545455
vt 0.468750 0.545455
vt 0.093750 0.636364
vt 0.093750 0.590909
vt 0.625000 0.681818
vt 0.656250 0.681818
vt 0.656250 0.681818
vt 0.093750 0.727273
vt 0.093750 0.681818
vt 0.093750 0.772727
vt 0.093750 0.818182
vt 0.093750 0.863636
vt 0.093750 0.909091
vt 0.062500 0.859473
vt 0.125000 0.545455
vt 0.125000 0.500000
vt 0.875000 0.590909
vt 0.906250 0.590909
vt 0.906250 0.590909
vt 0.125000 0.636364
vt 0.125000 0.590909
vt 0.250000 0.636364
vt 0.218750 0.636364
vt 0.218750 0.636364
vt 0.125000 0.727273
vt 0.125000 0.681818
vt 0.125000 0.772727
vt 0.125000 0.818182
vt 0.125000 0.863636
vt 0.125000 0.909091
vt 0.093750 0.859473
vt 0.156250 0.545455
vt 0.156250 0.500000
vt 0.250000 0.590909
vt 0.218750 0.590909
vt 0.250000 0.590909
vt 0.156250 0.636364
vt 0.156250 0.590909
vt 0.656250 0.636364
vt 0.625000 0.636364
vt 0.625000 0.636364
vt 0.156250 0.727273
vt 0.156250 0.681818
vt 0.156250 0.772727
vt 0.156250 0.818182
vt 0.156250 0.863636
vt 0.156250 0.909091
vt 0.125000 0.859473
vt 0.187500 0.545455
vt 0.187500 0.500000
vt 0.875000 0.545455
vt 0.906250 0.545455
vt 0.875000 0.545455
vt 0.187500 0.636364
vt 0.187500 0.590909
vt 0.375000 0.681818
vt 0.406250 0.681818
vt 0.406250 0.681818
vt 0.187500 0.727273
vt 0.187500 0.681818
vt 0.187500 0.772727
vt 0.187500 0.818182
vt 0.187500 0.863636
vt 0.187500 0.909091
vt 0.156250 0.859473
vt 0.218750 0.545455
vt 0.218750 0.500000
vt 0.625000 0.590909
vt 0.656250 0.590909
vt 0.656250 0.590909
vt 0.218750 0.590909
vt 0.406250 0.636364
vt 0.375000 0.636364
vt 0.375000 0.636364
vt 0.218750 0.727273
vt 0.218750 0.772727
vt 0.218750 0.818182
vt 0.218750 0.863636
vt 0.218750 0.909091
vt 0.187500 0.859473
vt 0.250000 0.545455
vt 0.250000 0.500000
vt 0.218750 0.545455
vt 0.812500 0.681818
vt 0.781250 0.681818
vt 0.812500 0.681818
vt 0.250000 0.727273
vt 0.250000 0.772727
vt 0.250000 0.818182
vt 0.250000 0.863636
vt 0.250000 0.909091
vt 0.218750 0.859473
vt 0.281250 0.545455
vt 0.281250 0.500000
vt 0.656250 0.545455
vt 0.625000 0.545455
vt 0.625000 0.545455
vt 0.281250 0.636364
vt 0.281250 0.590909
vt 0.156250 0.681818
vt 0.281250 0.727273
vt 0.281250 0.681818
vt 0.281250 0.772727
vt 0.281250 0.818182
vt 0.281250 0.863636
vt 0.281250 0.909091
vt 0.250000 0.859473
vt 0.312500 0.545455
vt 0.312500 0.500000
vt 0.406250 0.590909
vt 0.375000 0.590909
vt 0.406250 0.590909
vt 0.312500 0.636364
vt 0.312500 0.590909
vt 0.812500 0.636364
vt 0.781250 0.636364
vt 0.781250 0.636364
vt 0.312500 0.727273
vt 0.312500 0.681818
vt 0.312500 0.772727
vt 0.312500 0.818182
vt 0.312500 0.863636
vt 0.312500 0.909091
vt 0.281250 0.859473
vt 0.343750 0.545455
vt 0.343750 0.500000
vt 0.406250 0.545455
vt 0.375000 0.545455
vt 0.375000 0.545455
vt 0.343750 0.636364
vt 0.343750 0.590909
vt 0.156250 0.636364
vt 0.125000 0.636364
vt 0.343750 0.727273
vt 0.343750 0.681818
vt 0.343750 0.772727
vt 0.343750 0.818182
vt 0.343750 0.863636
vt 0.343750 0.909091
vt 0.312500 0.859473
vt 0.375000 0.500000
vt 0.781250 0.590909
vt 0.812500 0.590909
vt 0.812500 0.590909
vt 0.375000 0.590909
vt 0.531250 0.681818
vt 0.562500 0.681818
vt 0.562500 0.681818
vt 0.375000 0.727273
vt 0.375000 0.772727
vt 0.375000 0.818182
vt 0.375000 0.863636
vt 0.375000 0.909091
vt 0.343750 0.859473
vt 0.406250 0.500000
vt 0.125000 0.590909
vt 0.156250 0.590909
vt 0.562500 0.636364
vt 0.531250 0.636364
vt 0.531250 0.636364
vt 0.406250 0.727273
vt 0.406250 0.772727
vt 0.406250 0.818182
vt 0.406250 0.863636
vt 0.406250 0.909091
vt 0.375000 0.859473
vt 0.437500 0.545455
vt 0.437500 0.500000
vt 0.812500 0.545455
vt 0.781250 0.545455
vt 0.781250 0.545455
vt 0.437500 0.636364
vt 0.437500 0.590909
vt 0.937500 0.681818
vt 0.968750 0.681818
vt 0.968750 0.681818
vt 0.437500 0.727273
vt 0.437500 0.681818
vt 0.437500 0.772727
vt 0.437500 0.818182
vt 0.437500 0.863636
vt 0.437500 0.909091
vt 0.406250 0.859473
vt 0.468750 0.500000
vt 0.125000 0.545455
vt 0.468750 0.636364
vt 0.312500 0.681818
vt 0.468750 0.727273
vt 0.468750 0.681818
vt 0.468750 0.772727
vt 0.468750 0.818182
vt 0.468750 0.863636
vt 0.468750 0.909091
vt 0.437500 0.859473
vt 0.500000 0.500000
vt 0.531250 0.590909
vt 0.562500 0.590909
vt 0.562500 0.590909
vt 0.500000 0.636364
vt 0.968750 0.636364
vt 0.937500 0.636364
vt 0.937500 0.636364
vt 0.500000 0.727273
vt 0.500000 0.681818
vt 0.500000 0.772727
vt 0.500000 0.818182
vt 0.500000 0.863636
vt 0.500000 0.909091
vt 0.468750 0.859473
vt 0.531250 0.545455
vt 0.531250 0.500000
vt 0.562500 0.545455
vt 0.531250 0.545455
vt 0.687500 0.681818
vt 0.718750 0.681818
vt 0.718750 0.681818
vt 0.531250 0.727273
vt 0.531250 0.772727
vt 0.531250 0.818182
vt 0.531250 0.863636
vt 0.531250 0.909091
vt 0.500000 0.859473
vt 0.562500 0.545455
vt 0.562500 0.500000
vt 0.937500 0.590909
vt 0.968750 0.590909
vt 0.968750 0.590909
vt 0.281250 0.636364
vt 0.562500 0.727273
vt 0.562500 0.772727
vt 0.562500 0.818182
vt 0.562500 0.863636
vt 0.562500 0.909091
vt 0.531250 0.859473
vt 0.593750 0.545455
vt 0.593750 0.500000
vt 0.312500 0.590909
vt 0.593750 0.636364
vt 0.593750 0.590909
vt 0.062500 0.681818
vt 0.593750 0.727273
vt 0.593750 0.681818
vt 0.593750 0.772727
vt 0.593750 0.818182
vt 0.593750 0.863636
vt 0.593750 0.909091
vt 0.562500 0.859473
vt 0.625000 0.500000
vt 0.968750 0.545455
vt 0.937500 0.545455
vt 0.937500 0.545455
vt 0.687500 0.636364
vt 0.718750 0.636364
vt 0.687500 0.636364
vt 0.625000 0.727273
vt 0.625000 0.772727
vt 0.625000 0.818182
vt 0.625000 0.863636
vt 0.625000 0.909091
vt 0.593750 0.859473
vt 0.656250 0.500000
vt 0.687500 0.590909
vt 0.718750 0.590909
vt 0.718750 0.590909
vt 0.468750 0.681818
vt 0.656250 0.727273
vt 0.656250 0.728064
vt 0.637950 0.728064
vt 0.637950 0.818182
vt 0.637950 0.863636
vt 0.637950 0.909091
vt 0.625000 0.859473
vt 0.687500 0.545455
vt 0.687500 0.500000
vt 0.281250 0.545455
vt 0.031250 0.636364
vt 0.687500 0.727273
vt 0.687500 0.728064
vt 0.637950 0.873688
vt 0.656250 0.859473
vt 0.718750 0.545455
vt 0.718750 0.500000
vt 0.031250 0.590909
vt 0.062500 0.590909
vt 0.718750 0.636364
vt 0.437500 0.636364
vt 0.718750 0.727273
vt 0.718750 0.728064
vt 0.687500 0.859473
vt 0.656250 0.873688
vt 0.687500 0.873688
vt 0.750000 0.545455
vt 0.750000 0.500000
vt 0.718750 0.545455
vt 0.687500 0.545455
vt 0.750000 0.636364
vt 0.750000 0.590909
vt 0.843750 0.681818
vt 0.875000 0.681818
vt 0.875000 0.681818
vt 0.750000 0.727273
vt 0.750000 0.681818
vt 0.750000 0.728064
vt 0.718750 0.859473
vt 0.718750 0.873688
vt 0.781250 0.500000
vt 0.468750 0.590909
vt 0.218750 0.681818
vt 0.781250 0.727273
vt 0.781250 0.681818
vt 0.750000 0.859473
vt 0.718750 0.873689
vt 0.750000 0.873689
vt 0.812500 0.500000
vt 0.031250 0.545455
vt 0.843750 0.636364
vt 0.843750 0.636364
vt 0.812500 0.727273
vt 0.812500 0.728064
vt 0.781250 0.728064
vt 0.781250 0.859473
vt 0.781250 0.873688
vt 0.843750 0.545455
vt 0.843750 0.500000
vt 0.437500 0.545455
vt 0.843750 0.590909
vt 0.625000 0.681818
vt 0.843750 0.727273
vt 0.843750 0.728064
vt 0.812500 0.859473
vt 0.781250 0.873688
vt 0.812500 0.873688
vt 0.875000 0.500000
vt 0.875000 0.590909
vt 0.187500 0.636364
vt 0.875000 0.727273
vt 0.862050 0.728064
vt 0.875000 0.772727
vt 0.862050 0.818182
vt 0.862050 0.772727
vt 0.875000 0.818182
vt 0.862050 0.863636
vt 0.875000 0.863636
vt 0.862050 0.909091
vt 0.843750 0.859473
vt 0.843750 0.873689
vt 0.906250 0.545455
vt 0.906250 0.500000
vt 0.187500 0.590909
vt 0.593750 0.636364
vt 0.906250 0.727273
vt 0.906250 0.681818
vt 0.906250 0.772727
vt 0.906250 0.818182
vt 0.906250 0.863636
vt 0.906250 0.909091
vt 0.843750 0.859473
vt 0.862050 0.873688
vt 0.937500 0.500000
vt 0.843750 0.545455
vt 0.375000 0.681818
vt 0.937500 0.727273
vt 0.937500 0.772727
vt 0.937500 0.818182
vt 0.937500 0.863636
vt 0.906250 0.859473
vt 0.875000 0.909091
vt 0.968750 0.500000
vt 0.625000 0.590909
vt 0.968750 0.727273
vt 0.968750 0.772727
vt 0.968750 0.818182
vt 0.968750 0.863636
vt 0.937500 0.859473
vt 1.000000 0.545455
vt 1.000000 0.500000
vt 0.187500 0.545455
vt 1.000000 0.636364
vt 1.000000 0.590909
vt 0.343750 0.636364
vt 1.000000 0.727273
vt 1.000000 0.681818
vt 1.000000 0.772727
vt 1.000000 0.818182
vt 1.000000 0.863636
vt 1.000000 0.909091
vt 0.031250 0.859473
vt 0.000000 0.909091
vt 0.000000 0.545455
vt 0.093750 0.590909
vt 0.093750 0.545455
vt 0.156250 0.545455
vt 0.250000 0.545455
vt 0.281250 0.590909
vt 0.312500 0.545455
vt 0.343750 0.590909
vt 0.343750 0.545455
vt 0.406250 0.545455
vt 0.437500 0.590909
vt 0.500000 0.545455
vt 0.531250 0.590909
vt 0.593750 0.590909
vt 0.593750 0.545455
vt 0.656250 0.545455
vt 0.687500 0.590909
vt 0.750000 0.590909
vt 0.750000 0.545455
vt 0.781250 0.590909
vt 0.812500 0.545455
vt 0.843750 0.590909
vt 0.937500 0.590909
vt 0.968750 0.545455
vt 1.000000 0.590909
vt 1.000000 0.545455
vt 0.000000 0.545455
vt 0.031250 0.681818
vt 0.000000 0.636364
vt 0.062500 0.636364
vt 0.093750 0.681818
vt 0.093750 0.636364
vt 0.125000 0.681818
vt 0.187500 0.681818
vt 0.250000 0.636364
vt 0.281250 0.681818
vt 0.312500 0.636364
vt 0.343750 0.681818
vt 0.406250 0.636364
vt 0.437500 0.681818
vt 0.468750 0.636364
vt 0.500000 0.681818
vt 0.500000 0.636364
vt 0.531250 0.681818
vt 0.562500 0.636364
vt 0.593750 0.681818
vt 0.656250 0.636364
vt 0.687500 0.681818
vt 0.750000 0.681818
vt 0.750000 0.636364
vt 0.812500 0.636364
vt 0.843750 0.681818
vt 0.906250 0.681818
vt 0.906250 0.636364
vt 0.937500 0.681818
vt 0.968750 0.636364
vt 1.000000 0.681818
vt 1.000000 0.636364
vt 0.000000 0.636364
vt 0.559951 0.954546
vt 0.455990 0.954545
vt 0.471299 0.954546
vt 0.575260 0.954546
vt 0.434659 0.954545
vt 0.596591 0.954545
vt 0.404773 0.954545
vt 0.626477 0.954545
vt 0.363292 0.954546
vt 0.667957 0.954545
vt 0.093279 0.954545
vt 0.002001 0.954545
vt 0.029945 0.915355
vt 0.029249 0.954545
vt 0.001305 0.915355
vt 0.030505 0.902635
vt 0.000745 0.902635
vt 0.030916 0.888852
vt 0.000334 0.888852
vt 0.031166 0.874345
vt 0.000084 0.874345
vt 0.396772 0.954546
vt 0.362648 0.954545
vt 0.320918 0.954545
vt 0.272387 0.954545
vt 0.220167 0.954546
vt 0.062500 0.954545
vt 0.032555 0.915355
vt 0.062500 0.915355
vt 0.062500 0.902635
vt 0.031995 0.902635
vt 0.062500 0.888852
vt 0.031584 0.888852
vt 0.062500 0.874345
vt 0.031334 0.874345
vt 0.350486 0.954545
vt 0.313719 0.954545
vt 0.274119 0.954545
vt 0.234136 0.954545
vt 0.196620 0.954545
vt 0.093750 0.954545
vt 0.093750 0.915355
vt 0.093750 0.902635
vt 0.093750 0.888852
vt 0.093750 0.874345
vt 0.295320 0.954545
vt 0.328254 0.954545
vt 0.262435 0.954546
vt 0.231296 0.954545
vt 0.203288 0.954545
vt 0.125000 0.954545
vt 0.125000 0.915355
vt 0.125000 0.902635
vt 0.125000 0.888852
vt 0.125000 0.874345
vt 0.293673 0.954545
vt 0.321753 0.954545
vt 0.266721 0.954545
vt 0.241867 0.954545
vt 0.219760 0.954546
vt 0.156250 0.954545
vt 0.156250 0.915355
vt 0.156250 0.902635
vt 0.156250 0.888852
vt 0.156250 0.874345
vt 0.301227 0.954545
vt 0.324930 0.954546
vt 0.278935 0.954545
vt 0.258600 0.954545
vt 0.240541 0.954546
vt 0.187500 0.954545
vt 0.187500 0.915355
vt 0.187500 0.902635
vt 0.187500 0.888852
vt 0.187500 0.874345
vt 0.314161 0.954546
vt 0.334158 0.954545
vt 0.295555 0.954545
vt 0.278654 0.954545
vt 0.263626 0.954546
vt 0.218750 0.954545
vt 0.218750 0.915355
vt 0.218750 0.902635
vt 0.218750 0.888852
vt 0.218750 0.874345
vt 0.330456 0.954545
vt 0.347318 0.954545
vt 0.314859 0.954546
vt 0.300711 0.954545
vt 0.288107 0.954546
vt 0.250000 0.954545
vt 0.250000 0.915355
vt 0.250000 0.902635
vt 0.250000 0.888852
vt 0.250000 0.874345
vt 0.348974 0.954545
vt 0.363137 0.954546
vt 0.335916 0.954545
vt 0.324075 0.954545
vt 0.313505 0.954546
vt 0.281250 0.954545
vt 0.281250 0.915355
vt 0.281250 0.902635
vt 0.281250 0.888852
vt 0.281250 0.874345
vt 0.369025 0.954545
vt 0.380812 0.954545
vt 0.358177 0.954546
vt 0.348337 0.954545
vt 0.339538 0.954546
vt 0.312500 0.954545
vt 0.312500 0.915355
vt 0.312500 0.902635
vt 0.312500 0.888852
vt 0.312500 0.874345
vt 0.390165 0.954546
vt 0.399817 0.954546
vt 0.381291 0.954546
vt 0.373239 0.954545
vt 0.366027 0.954545
vt 0.343750 0.954545
vt 0.343750 0.915355
vt 0.343750 0.902635
vt 0.343750 0.888852
vt 0.343750 0.874345
vt 0.412090 0.954545
vt 0.419784 0.954546
vt 0.405020 0.954545
vt 0.398602 0.954545
vt 0.392847 0.954546
vt 0.375000 0.954545
vt 0.375000 0.915355
vt 0.375000 0.902635
vt 0.375000 0.888852
vt 0.375000 0.874345
vt 0.434582 0.954545
vt 0.440448 0.954546
vt 0.429194 0.954545
vt 0.424301 0.954545
vt 0.419909 0.954545
vt 0.406250 0.954545
vt 0.406250 0.915355
vt 0.406250 0.902635
vt 0.406250 0.888852
vt 0.406250 0.874345
vt 0.457474 0.954545
vt 0.461603 0.954545
vt 0.453682 0.954545
vt 0.450237 0.954545
vt 0.447143 0.954546
vt 0.437500 0.954545
vt 0.437500 0.915355
vt 0.437500 0.902635
vt 0.437500 0.888852
vt 0.437500 0.874345
vt 0.480633 0.954545
vt 0.483087 0.954545
vt 0.478379 0.954545
vt 0.476331 0.954545
vt 0.474492 0.954546
vt 0.468750 0.954545
vt 0.468750 0.915355
vt 0.468750 0.902635
vt 0.468750 0.888852
vt 0.468750 0.874345
vt 0.504758 0.954545
vt 0.503944 0.954546
vt 0.503197 0.954545
vt 0.502517 0.954545
vt 0.501907 0.954545
vt 0.500000 0.954545
vt 0.500000 0.915355
vt 0.500000 0.902635
vt 0.500000 0.888852
vt 0.500000 0.874345
vt 0.527306 0.954545
vt 0.526491 0.954545
vt 0.528053 0.954545
vt 0.528733 0.954545
vt 0.529343 0.954546
vt 0.531250 0.954545
vt 0.531250 0.915355
vt 0.531250 0.902635
vt 0.531250 0.888852
vt 0.531250 0.874345
vt 0.550617 0.954545
vt 0.548163 0.954545
vt 0.552871 0.954545
vt 0.554919 0.954545
vt 0.556758 0.954546
vt 0.562500 0.954545
vt 0.562500 0.915355
vt 0.562500 0.902635
vt 0.562500 0.888852
vt 0.562500 0.874345
vt 0.573776 0.954545
vt 0.569647 0.954545
vt 0.577568 0.954546
vt 0.581013 0.954545
vt 0.584107 0.954545
vt 0.593750 0.954545
vt 0.593750 0.915355
vt 0.593750 0.902635
vt 0.593750 0.888852
vt 0.593750 0.874345
vt 0.596668 0.954545
vt 0.590802 0.954545
vt 0.602056 0.954545
vt 0.606949 0.954545
vt 0.611341 0.954546
vt 0.625000 0.954545
vt 0.625000 0.915355
vt 0.625000 0.902635
vt 0.625000 0.888852
vt 0.625000 0.874346
vt 0.611466 0.954545
vt 0.619160 0.954545
vt 0.626230 0.954545
vt 0.632648 0.954545
vt 0.638403 0.954546
vt 0.656250 0.954545
vt 0.656250 0.915355
vt 0.656250 0.902635
vt 0.656250 0.888852
vt 0.656250 0.874345
vt 0.631433 0.954545
vt 0.641085 0.954545
vt 0.649959 0.954545
vt 0.658011 0.954545
vt 0.665223 0.954546
vt 0.687500 0.954545
vt 0.687500 0.915355
vt 0.687500 0.902635
vt 0.687500 0.888852
vt 0.687500 0.874345
vt 0.662224 0.954545
vt 0.650437 0.954545
vt 0.673073 0.954545
vt 0.682913 0.954545
vt 0.691712 0.954546
vt 0.718750 0.954545
vt 0.718750 0.915355
vt 0.718750 0.902635
vt 0.718750 0.888852
vt 0.718750 0.874345
vt 0.668113 0.954545
vt 0.682276 0.954545
vt 0.695334 0.954546
vt 0.707175 0.954545
vt 0.717745 0.954545
vt 0.750000 0.954545
vt 0.750000 0.915355
vt 0.750000 0.902635
vt 0.750000 0.888852
vt 0.750000 0.874345
vt 0.700794 0.954545
vt 0.683932 0.954545
vt 0.716391 0.954545
vt 0.730539 0.954545
vt 0.743143 0.954546
vt 0.781250 0.954545
vt 0.781250 0.915355
vt 0.781250 0.902635
vt 0.781250 0.888852
vt 0.781250 0.874345
vt 0.697092 0.954545
vt 0.717089 0.954545
vt 0.735695 0.954545
vt 0.752596 0.954545
vt 0.767624 0.954545
vt 0.812500 0.954545
vt 0.812500 0.915355
vt 0.812500 0.902635
vt 0.812500 0.888852
vt 0.812500 0.874345
vt 0.730023 0.954545
vt 0.706320 0.954546
vt 0.752314 0.954545
vt 0.772650 0.954545
vt 0.790709 0.954546
vt 0.843750 0.954545
vt 0.843750 0.915355
vt 0.843750 0.902635
vt 0.843750 0.888852
vt 0.843750 0.874345
vt 0.737577 0.954546
vt 0.709497 0.954545
vt 0.764529 0.954545
vt 0.789383 0.954545
vt 0.811490 0.954545
vt 0.875000 0.954545
vt 0.875000 0.915355
vt 0.875000 0.902635
vt 0.875000 0.888852
vt 0.875000 0.874345
vt 0.875000 0.859473
vt 0.735930 0.954545
vt 0.702996 0.954545
vt 0.768815 0.954545
vt 0.799954 0.954545
vt 0.827962 0.954545
vt 0.906250 0.954545
vt 0.906250 0.915355
vt 0.906250 0.902635
vt 0.906250 0.888852
vt 0.906250 0.874345
vt 0.717531 0.954545
vt 0.680764 0.954545
vt 0.757131 0.954545
vt 0.797114 0.954545
vt 0.834630 0.954545
vt 0.937500 0.954545
vt 0.937500 0.915355
vt 0.937500 0.902635
vt 0.937500 0.888852
vt 0.937500 0.874345
vt 0.668602 0.954545
vt 0.634478 0.954546
vt 0.710332 0.954545
vt 0.758863 0.954545
vt 0.811083 0.954545
vt 0.968750 0.954545
vt 0.968750 0.915355
vt 0.968750 0.902635
vt 0.968750 0.888852
vt 0.968750 0.874345
vt 0.997999 0.954545
vt 0.998695 0.915355
vt 0.999255 0.902635
vt 0.999666 0.888852
vt 0.999916 0.874345
vt 0.968750 0.859473
vt 1.000000 0.859473
vt 0.483087 0.954545
vt 0.461603 0.954545
vt 0.461603 0.954545
vt 0.380812 0.954545
vt 0.399817 0.954546
vt 0.380812 0.954545
vt 0.680764 0.954545
vt 0.702996 0.954545
vt 0.702996 0.954545
vt 0.569647 0.954545
vt 0.548163 0.954545
vt 0.548163 0.954545
vt 0.650437 0.954545
vt 0.668113 0.954545
vt 0.650437 0.954545
vt 0.590802 0.954545
vt 0.569647 0.954545
vt 0.504758 0.954545
vt 0.483087 0.954545
vt 0.328254 0.954545
vt 0.321753 0.954545
vt 0.328254 0.954545
vt 0.709497 0.954545
vt 0.709497 0.954545
vt 0.683932 0.954545
vt 0.668113 0.954545
vt 0.440448 0.954545
vt 0.440448 0.954545
vt 0.396772 0.954546
vt 0.350486 0.954545
vt 0.396772 0.954546
vt 0.347318 0.954545
vt 0.334158 0.954545
vt 0.334158 0.954545
vt 0.350486 0.954545
vt 0.631433 0.954545
vt 0.631433 0.954545
vt 0.399817 0.954546
vt 0.419784 0.954546
vt 0.526492 0.954545
vt 0.504758 0.954545
vt 0.419784 0.954546
vt 0.363137 0.954546
vt 0.347318 0.954545
vt 0.706320 0.954545
vt 0.706320 0.954545
vt 0.611466 0.954545
vt 0.611466 0.954545
vt 0.526492 0.954545
vt 0.324930 0.954546
vt 0.324930 0.954546
vt 0.697092 0.954545
vt 0.683932 0.954545
vt 0.634478 0.954546
vt 0.680764 0.954545
vt 0.697092 0.954545
vt 0.559951 0.954546
vt 0.634478 0.954546
vt 0.471299 0.954546
vt 0.559951 0.954546
vt 0.321753 0.954545
vt 0.471299 0.954546
vt 0.590802 0.954545
vt 0.363137 0.954546
vt 0.526492 0.954545
vt 0.504758 0.954545
vt 0.334158 0.954545
vt 0.324930 0.954546
vt 0.324930 0.954546
vt 0.504758 0.954545
vt 0.526491 0.954545
vt 0.504758 0.954545
vt 0.709497 0.954545
vt 0.702996 0.954545
vt 0.709497 0.954545
vt 0.526492 0.954545
vt 0.504758 0.954545
vt 0.668113 0.954545
vt 0.650437 0.954545
vt 0.504758 0.954545
vt 0.650437 0.954545
vt 0.668113 0.954545
vt 0.650437 0.954545
vt 0.328254 0.954546
vt 0.350486 0.954545
vt 0.328254 0.954546
vt 0.668113 0.954545
vt 0.650437 0.954545
vt 0.634478 0.954546
vt 0.680764 0.954545
vt 0.559951 0.954546
vt 0.471299 0.954546
vt 0.471299 0.954546
vt 0.680764 0.954545
vt 0.634478 0.954545
vt 0.680764 0.954545
vt 0.328254 0.954545
vt 0.350486 0.954545
vt 0.350486 0.954545
vt 0.634478 0.954546
vt 0.680764 0.954545
vt 0.347318 0.954545
vt 0.611466 0.954545
vt 0.631433 0.954545
vt 0.631433 0.954545
vt 0.334158 0.954545
vt 0.347318 0.954545
vt 0.334158 0.954545
vt 0.347318 0.954545
vt 0.363137 0.954546
vt 0.363137 0.954546
vt 0.334158 0.954545
vt 0.483087 0.954545
vt 0.461603 0.954545
vt 0.559951 0.954546
vt 0.471299 0.954545
vt 0.559951 0.954546
vt 0.461603 0.954545
vt 0.483087 0.954545
vt 0.461603 0.954545
vt 0.363137 0.954546
vt 0.347318 0.954545
vt 0.483087 0.954545
vt 0.461603 0.954545
vt 0.631433 0.954545
vt 0.611466 0.954545
vt 0.611466 0.954545
vt 0.631433 0.954545
vt 0.611466 0.954545
vt 0.324930 0.954546
vt 0.334158 0.954545
vt 0.631433 0.954545
vt 0.611466 0.954545
vt 0.702996 0.954545
vt 0.709497 0.954545
vt 0.380812 0.954545
vt 0.363137 0.954546
vt 0.380812 0.954545
vt 0.709497 0.954545
vt 0.702996 0.954545
vt 0.504758 0.954545
vt 0.526492 0.954545
vt 0.702996 0.954545
vt 0.709497 0.954545
vt 0.321753 0.954545
vt 0.706320 0.954545
vt 0.697092 0.954545
vt 0.706320 0.954545
vt 0.321753 0.954545
vt 0.324930 0.954546
vt 0.321753 0.954545
vt 0.334158 0.954545
vt 0.324930 0.954546
vt 0.321753 0.954545
vt 0.440448 0.954546
vt 0.419784 0.954546
vt 0.380812 0.954545
vt 0.363137 0.954546
vt 0.363137 0.954546
vt 0.419784 0.954546
vt 0.440448 0.954546
vt 0.419784 0.954546
vt 0.504758 0.954545
vt 0.440448 0.954546
vt 0.419784 0.954546
vt 0.590802 0.954545
vt 0.569647 0.954545
vt 0.697092 0.954545
vt 0.706320 0.954546
vt 0.697092 0.954545
vt 0.569647 0.954545
vt 0.590802 0.954545
vt 0.569647 0.954545
vt 0.559951 0.954546
vt 0.471299 0.954545
vt 0.471299 0.954545
vt 0.590802 0.954545
vt 0.569647 0.954545
vt 0.706320 0.954546
vt 0.396772 0.954546
vt 0.396772 0.954546
vt 0.697092 0.954545
vt 0.706320 0.954546
vt 0.697092 0.954545
vt 0.631433 0.954545
vt 0.706320 0.954546
vt 0.697092 0.954545
vt 0.328254 0.954545
vt 0.350486 0.954545
vt 0.396772 0.954546
vt 0.471299 0.954545
vt 0.350486 0.954545
vt 0.471299 0.954546
vt 0.559951 0.954546
vt 0.559951 0.954546
vt 0.350486 0.954545
vt 0.399817 0.954546
vt 0.702996 0.954545
vt 0.680764 0.954545
vt 0.399817 0.954546
vt 0.380812 0.954545
vt 0.631433 0.954545
vt 0.611466 0.954545
vt 0.399817 0.954546
vt 0.380812 0.954545
vt 0.702996 0.954545
vt 0.548163 0.954545
vt 0.526492 0.954545
vt 0.380812 0.954545
vt 0.548163 0.954545
vt 0.328254 0.954546
vt 0.321753 0.954545
vt 0.683932 0.954546
vt 0.668113 0.954545
vt 0.706320 0.954546
vt 0.683932 0.954545
vt 0.483087 0.954545
vt 0.483087 0.954545
vt 0.396771 0.954545
vt 0.363137 0.954546
vt 0.396772 0.954546
vt 0.321753 0.954545
vt 0.328254 0.954545
vt 0.363137 0.954546
vt 0.347318 0.954545
vt 0.706320 0.954546
vt 0.697092 0.954545
vt 0.461603 0.954545
vt 0.396772 0.954546
vt 0.350486 0.954545
vt 0.634478 0.954546
vt 0.471299 0.954546
vt 0.590802 0.954545
vt 0.590802 0.954545
vt 0.680764 0.954545
vt 0.350486 0.954545
vt 0.396772 0.954546
vt 0.569647 0.954545
vt 0.324930 0.954546
vt 0.321753 0.954545
vt 0.683932 0.954546
vt 0.440448 0.954546
vt 0.483087 0.954545
vt 0.683932 0.954545
vt 0.668113 0.954545
vt 0.321753 0.954545
vt 0.328254 0.954545
vt 0.650437 0.954545
vt 0.461603 0.954545
vt 0.650437 0.954545
vt 0.631433 0.954545
vt 0.709497 0.954545
vt 0.590802 0.954545
vt 0.347318 0.954545
vt 0.399817 0.954545
vt 0.396771 0.954545
vt 0.548163 0.954545
vt 0.548163 0.954545
vt 0.590802 0.954545
vt 0.569647 0.954545
vt 0.683932 0.954545
vt 0.334158 0.954545
vt 0.683932 0.954545
vt 0.683932 0.954545
vt 0.683932 0.954545
vt 0.668113 0.954545
vt 0.440448 0.954546
vt 0.650437 0.954545
vt 0.526492 0.954545
vt 0.504758 0.954545
vt 0.668113 0.954545
vt 0.680764 0.954545
vt 0.634478 0.954546
vt 0.334158 0.954545
vt 0.461603 0.954545
vt 0.611466 0.954545
vt 0.709497 0.954545
vt 0.702996 0.954545
vt 0.324930 0.954546
vt 0.419784 0.954546
vt 0.419784 0.954546
vt 0.569647 0.954545
vt 0.328254 0.954546
vt 0.380812 0.954545
vt 0.399817 0.954545
vt 0.548163 0.954545
vt 0.526492 0.954545
vt 0.347318 0.954545
vt 0.483087 0.954545
vt 0.634478 0.954546
vt 0.440448 0.954546
vt 0.590802 0.954545
vt 0.559951 0.954546
vt 0.399817 0.954546
vt 0.548163 0.954545
vt 0.526491 0.954545
vt 0.650437 0.954545
vt 0.634478 0.954545
vt 0.680764 0.954545
vt 0.483087 0.954545
vt 0.461603 0.954545
vt 0.611466 0.954545
vt 0.709497 0.954545
vt 0.440448 0.954546
vt 0.419784 0.954546
vt 0.419784 0.954546
vt 0.569647 0.954545
vt 0.697092 0.954545
vt 0.399817 0.954546
vt 0.380812 0.954545
vt 0.548163 0.954545
vt 0.668113 0.954545
vt 0.347318 0.954545
vt 0.634478 0.954546
vt 0.702996 0.954545
vt 0.324930 0.954546
vt 0.440448 0.954546
vt 0.559951 0.954546
vt 0.399817 0.954546
vt 0.548163 0.954545
vt 0.363137 0.954546
vt 0.419784 0.954546
vt 0.399817 0.954546
vt 0.399817 0.954546
vt 0.396772 0.954546
vt 0.683932 0.954545
vt 0.548163 0.954545
vt 0.559951 0.954546
vt 0.328254 0.954545
vt 0.706320 0.954546
vt 0.590802 0.954545
vt 0.440448 0.954546
vt 0.324930 0.954546
vt 0.702996 0.954545
vt 0.631433 0.954545
vt 0.634478 0.954546
vt 0.483087 0.954545
vt 0.347318 0.954545
vt 0.471299 0.954546
vt 0.668113 0.954545
vt 0.526491 0.954545
vt 0.380812 0.954545
vt 0.350486 0.954545
vt 0.697092 0.954545
vt 0.569647 0.954545
vt 0.321753 0.954545
vt 0.709497 0.954545
vt 0.611466 0.954545
vt 0.461603 0.954545
vt 0.334158 0.954545
vt 0.680764 0.954545
vt 0.650437 0.954545
vt 0.504758 0.954545
vt 0.683932 0.954545
vt 0.419784 0.954546
vt 0.697092 0.954545
vt 0.440448 0.954546
vt 0.559951 0.954546
vt 0.706320 0.954546
vt 0.461603 0.954545
vt 0.471299 0.954546
vt 0.709497 0.954545
vt 0.483087 0.954545
vt 0.396772 0.954546
vt 0.702996 0.954545
vt 0.504758 0.954545
vt 0.350486 0.954545
vt 0.680764 0.954545
vt 0.526491 0.954545
vt 0.328254 0.954545
vt 0.634478 0.954546
vt 0.321753 0.954545
vt 0.569647 0.954545
vt 0.590802 0.954545
vt 0.334158 0.954545
vt 0.611466 0.954545
vt 0.347318 0.954545
vt 0.631433 0.954545
vt 0.363137 0.954546
vt 0.650437 0.954545
vt 0.380812 0.954545
vt 0.668113 0.954545
vt 1.000000 0.500000
vt 0.968750 0.621177
vt 1.000000 0.621177
vt 0.968750 0.500000
vt 0.937500 0.621177
vt 0.937500 0.500000
vt 0.906250 0.621177
vt 0.906250 0.500000
vt 0.875000 0.621177
vt 0.843750 0.500000
vt 0.875000 0.500000
vt 0.812500 0.500000
vt 0.843750 0.621177
vt 0.781250 0.500000
vt 0.812500 0.621177
vt 0.750000 0.500000
vt 0.781250 0.621177
vt 0.718750 0.500000
vt 0.750000 0.621177
vt 0.687500 0.500000
vt 0.718750 0.621177
vt 0.656250 0.500000
vt 0.687500 0.621177
vt 0.625000 0.500000
vt 0.656250 0.621177
vt 0.593750 0.500000
vt 0.625000 0.621177
vt 0.562500 0.500000
vt 0.593750 0.621177
vt 0.531250 0.500000
vt 0.562500 0.621177
vt 0.500000 0.500000
vt 0.531250 0.621177
vt 0.468750 0.500000
vt 0.500000 0.621177
vt 0.437500 0.500000
vt 0.468750 0.621177
vt 0.406250 0.500000
vt 0.437500 0.621177
vt 0.375000 0.500000
vt 0.406250 0.621177
vt 0.343750 0.621177
vt 0.375000 0.621177
vt 0.343750 0.500000
vt 0.312500 0.621177
vt 0.312500 0.500000
vt 0.281250 0.621177
vt 0.281250 0.500000
vt 0.250000 0.621177
vt 0.250000 0.500000
vt 0.218750 0.621177
vt 0.218750 0.500000
vt 0.187500 0.621177
vt 0.187500 0.500000
vt 0.156250 0.621177
vt 0.156250 0.500000
vt 0.125000 0.621177
vt 0.125000 0.500000
vt 0.093750 0.621177
vt 0.093750 0.500000
vt 0.062500 0.621177
vt 0.062500 0.500000
vt 0.031250 0.621177
vt 0.031250 0.500000
vt 0.000000 0.621177
vt 0.550447 0.116663
vt 0.883337 0.050447
vt 0.949553 0.383337
vt 0.375000 0.250000
vt 0.625000 0.000000
vt 0.375000 0.000000
vt 0.525653 0.372853
vt 0.576164 0.372853
vt 0.625000 0.250000
vt 0.475143 0.877147
vt 0.424632 0.877147
vt 0.375000 1.000000
vt 0.268088 0.587151
vt 0.262904 0.550757
vt 0.125000 0.500000
vt 0.737096 0.550757
vt 0.731912 0.587151
vt 0.875000 0.500000
vt 1.000000 1.000000
vt 0.968750 0.500000
vt 1.000000 0.500000
vt 0.968750 1.000000
vt 0.937500 0.500000
vt 0.937500 1.000000
vt 0.906250 0.500000
vt 0.906250 1.000000
vt 0.875000 0.500000
vt 0.875000 1.000000
vt 0.843750 0.500000
vt 0.843750 1.000000
vt 0.812500 0.500000
vt 0.812500 1.000000
vt 0.781250 0.500000
vt 0.781250 1.000000
vt 0.750000 0.500000
vt 0.750000 1.000000
vt 0.718750 0.500000
vt 0.718750 1.000000
vt 0.687500 0.500000
vt 0.687500 1.000000
vt 0.656250 0.500000
vt 0.656250 1.000000
vt 0.625000 0.500000
vt 0.625000 1.000000
vt 0.593750 0.500000
vt 0.593750 1.000000
vt 0.562500 0.500000
vt 0.562500 1.000000
vt 0.531250 0.500000
vt 0.531250 1.000000
vt 0.500000 0.500000
vt 0.500000 1.000000
vt 0.468750 0.500000
vt 0.468750 1.000000
vt 0.437500 0.500000
vt 0.437500 1.000000
vt 0.406250 0.500000
vt 0.406250 1.000000
vt 0.375000 0.500000
vt 0.375000 1.000000
vt 0.343750 0.500000
vt 0.343750 1.000000
vt 0.312500 0.500000
vt 0.312500 1.000000
vt 0.281250 0.500000
vt 0.281250 1.000000
vt 0.250000 0.500000
vt 0.250000 1.000000
vt 0.218750 0.500000
vt 0.218750 1.000000
vt 0.187500 0.500000
vt 0.187500 1.000000
vt 0.156250 0.500000
vt 0.156250 1.000000
vt 0.125000 0.500000
vt 0.125000 1.000000
vt 0.093750 0.500000
vt 0.093750 1.000000
vt 0.062500 0.500000
vt 0.028269 0.341844
vt 0.158156 0.028269
vt 0.471731 0.158156
vt 0.062500 1.000000
vt 0.031250 0.500000
vt 0.031250 1.000000
vt 0.000000 0.500000
vt 0.985388 0.296822
vt 0.796822 0.014612
vt 0.514612 0.203178
vt 1.000000 1.000000
vt 0.968750 0.500000
vt 1.000000 0.500000
vt 0.968750 1.000000
vt 0.937500 0.500000
vt 0.937500 1.000000
vt 0.906250 0.500000
vt 0.906250 1.000000
vt 0.875000 0.500000
vt 0.875000 1.000000
vt 0.843750 0.500000
vt 0.843750 1.000000
vt 0.812500 0.500000
vt 0.812500 1.000000
vt 0.781250 0.500000
vt 0.781250 1.000000
vt 0.750000 0.500000
vt 0.750000 1.000000
vt 0.718750 0.500000
vt 0.718750 1.000000
vt 0.687500 0.500000
vt 0.687500 1.000000
vt 0.656250 0.500000
vt 0.656250 1.000000
vt 0.625000 0.500000
vt 0.625000 1.000000
vt 0.593750 0.500000
vt 0.593750 1.000000
vt 0.562500 0.500000
vt 0.562500 1.000000
vt 0.531250 0.500000
vt 0.531250 1.000000
vt 0.500000 0.500000
vt 0.500000 1.000000
vt 0.468750 0.500000
vt 0.468750 1.000000
vt 0.437500 0.500000
vt 0.437500 1.000000
vt 0.406250 0.500000
vt 0.406250 1.000000
vt 0.375000 0.500000
vt 0.375000 1.000000
vt 0.343750 0.500000
vt 0.343750 1.000000
vt 0.312500 0.500000
vt 0.312500 1.000000
vt 0.281250 0.500000
vt 0.281250 1.000000
vt 0.250000 0.500000
vt 0.250000 1.000000
vt 0.218750 0.500000
vt 0.218750 1.000000
vt 0.187500 0.500000
vt 0.187500 1.000000
vt 0.156250 0.500000
vt 0.156250 1.000000
vt 0.125000 0.500000
vt 0.125000 1.000000
vt 0.093750 0.500000
vt 0.093750 1.000000
vt 0.062500 0.500000
vt 0.341844 0.471731
vt 0.028269 0.341844
vt 0.158156 0.028269
vt 0.062500 1.000000
vt 0.031250 0.500000
vt 0.031250 1.000000
vt 0.000000 0.500000
vt 0.703178 0.485388
vt 0.985388 0.296822
vt 0.796822 0.014612
vt 1.000000 1.000000
vt 0.968750 0.500000
vt 1.000000 0.500000
vt 0.968750 1.000000
vt 0.937500 0.500000
vt 0.937500 1.000000
vt 0.906250 0.500000
vt 0.906250 1.000000
vt 0.875000 0.500000
vt 0.875000 1.000000
vt 0.843750 0.500000
vt 0.843750 1.000000
vt 0.812500 0.500000
vt 0.812500 1.000000
vt 0.781250 0.500000
vt 0.781250 1.000000
vt 0.750000 0.500000
vt 0.750000 1.000000
vt 0.718750 0.500000
vt 0.718750 1.000000
vt 0.687500 0.500000
vt 0.687500 1.000000
vt 0.656250 0.500000
vt 0.656250 1.000000
vt 0.625000 0.500000
vt 0.625000 1.000000
vt 0.593750 0.500000
vt 0.593750 1.000000
vt 0.562500 0.500000
vt 0.562500 1.000000
vt 0.531250 0.500000
vt 0.531250 1.000000
vt 0.500000 0.500000
vt 0.500000 1.000000
vt 0.468750 0.500000
vt 0.468750 1.000000
vt 0.437500 0.500000
vt 0.437500 1.000000
vt 0.406250 0.500000
vt 0.406250 1.000000
vt 0.375000 0.500000
vt 0.375000 1.000000
vt 0.343750 0.500000
vt 0.343750 1.000000
vt 0.312500 0.500000
vt 0.312500 1.000000
vt 0.281250 0.500000
vt 0.281250 1.000000
vt 0.250000 0.500000
vt 0.250000 1.000000
vt 0.218750 0.500000
vt 0.218750 1.000000
vt 0.187500 0.500000
vt 0.187500 1.000000
vt 0.156250 0.500000
vt 0.156250 1.000000
vt 0.125000 0.500000
vt 0.125000 1.000000
vt 0.093750 0.500000
vt 0.093750 1.000000
vt 0.062500 0.500000
vt 0.158156 0.028269
vt 0.471731 0.158156
vt 0.341844 0.471731
vt 0.062500 1.000000
vt 0.031250 0.500000
vt 0.031250 1.000000
vt 0.000000 0.500000
vt 0.796822 0.014612
vt 0.514612 0.203178
vt 0.703178 0.485388
vt 1.000000 1.000000
vt 0.968750 0.500000
vt 1.000000 0.500000
vt 0.968750 1.000000
vt 0.937500 0.500000
vt 0.937500 1.000000
vt 0.906250 0.500000
vt 0.906250 1.000000
vt 0.875000 0.500000
vt 0.875000 1.000000
vt 0.843750 0.500000
vt 0.843750 1.000000
vt 0.812500 0.500000
vt 0.812500 1.000000
vt 0.781250 0.500000
vt 0.781250 1.000000
vt 0.750000 0.500000
vt 0.750000 1.000000
vt 0.718750 0.500000
vt 0.718750 1.000000
vt 0.687500 0.500000
vt 0.687500 1.000000
vt 0.656250 0.500000
vt 0.656250 1.000000
vt 0.625000 0.500000
vt 0.625000 1.000000
vt 0.593750 0.500000
vt 0.593750 1.000000
vt 0.562500 0.500000
vt 0.562500 1.000000
vt 0.531250 0.500000
vt 0.531250 1.000000
vt 0.500000 0.500000
vt 0.500000 1.000000
vt 0.468750 0.500000
vt 0.468750 1.000000
vt 0.437500 0.500000
vt 0.437500 1.000000
vt 0.406250 0.500000
vt 0.406250 1.000000
vt 0.375000 0.500000
vt 0.375000 1.000000
vt 0.343750 0.500000
vt 0.343750 1.000000
vt 0.312500 0.500000
vt 0.312500 1.000000
vt 0.281250 0.500000
vt 0.281250 1.000000
vt 0.250000 0.500000
vt 0.250000 1.000000
vt 0.218750 0.500000
vt 0.218750 1.000000
vt 0.187500 0.500000
vt 0.187500 1.000000
vt 0.156250 0.500000
vt 0.156250 1.000000
vt 0.125000 0.500000
vt 0.125000 1.000000
vt 0.093750 0.500000
vt 0.093750 1.000000
vt 0.062500 0.500000
vt 0.158156 0.028269
vt 0.471731 0.158156
vt 0.341844 0.471731
vt 0.062500 1.000000
vt 0.031250 0.500000
vt 0.031250 1.000000
vt 0.000000 0.500000
vt 0.796822 0.014612
vt 0.514612 0.203178
vt 0.703178 0.485388
vt 1.000000 1.000000
vt 0.968750 0.500000
vt 1.000000 0.500000
vt 0.968750 1.000000
vt 0.937500 0.500000
vt 0.937500 1.000000
vt 0.906250 0.500000
vt 0.906250 1.000000
vt 0.875000 0.500000
vt 0.875000 1.000000
vt 0.843750 0.500000
vt 0.843750 1.000000
vt 0.812500 0.500000
vt 0.812500 1.000000
vt 0.781250 0.500000
vt 0.781250 1.000000
vt 0.750000 0.500000
vt 0.750000 1.000000
vt 0.718750 0.500000
vt 0.718750 1.000000
vt 0.687500 0.500000
vt 0.687500 1.000000
vt 0.656250 0.500000
vt 0.656250 1.000000
vt 0.625000 0.500000
vt 0.625000 1.000000
vt 0.593750 0.500000
vt 0.593750 1.000000
vt 0.562500 0.500000
vt 0.562500 1.000000
vt 0.531250 0.500000
vt 0.531250 1.000000
vt 0.500000 0.500000
vt 0.500000 1.000000
vt 0.468750 0.500000
vt 0.468750 1.000000
vt 0.437500 0.500000
vt 0.437500 1.000000
vt 0.406250 0.500000
vt 0.406250 1.000000
vt 0.375000 0.500000
vt 0.375000 1.000000
vt 0.343750 0.500000
vt 0.343750 1.000000
vt 0.312500 0.500000
vt 0.312500 1.000000
vt 0.281250 0.500000
vt 0.281250 1.000000
vt 0.250000 0.500000
vt 0.250000 1.000000
vt 0.218750 0.500000
vt 0.218750 1.000000
vt 0.187500 0.500000
vt 0.187500 1.000000
vt 0.156250 0.500000
vt 0.156250 1.000000
vt 0.125000 0.500000
vt 0.125000 1.000000
vt 0.093750 0.500000
vt 0.093750 1.000000
vt 0.062500 0.500000
vt 0.419706 0.419706
vt 0.383337 0.449553
vt 0.080294 0.419706
vt 0.062500 1.000000
vt 0.031250 0.500000
vt 0.031250 1.000000
vt 0.000000 0.500000
vt 0.616663 0.449553
vt 0.658156 0.471731
vt 0.883337 0.449553
vt 1.000000 1.000000
vt 0.968750 0.500000
vt 1.000000 0.500000
vt 0.968750 1.000000
vt 0.937500 0.500000
vt 0.937500 1.000000
vt 0.906250 0.500000
vt 0.906250 1.000000
vt 0.875000 0.500000
vt 0.875000 1.000000
vt 0.843750 0.500000
vt 0.843750 1.000000
vt 0.812500 0.500000
vt 0.812500 1.000000
vt 0.781250 0.500000
vt 0.781250 1.000000
vt 0.750000 0.500000
vt 0.750000 1.000000
vt 0.718750 0.500000
vt 0.718750 1.000000
vt 0.687500 0.500000
vt 0.687500 1.000000
vt 0.656250 0.500000
vt 0.656250 1.000000
vt 0.625000 0.500000
vt 0.625000 1.000000
vt 0.593750 0.500000
vt 0.593750 1.000000
vt 0.562500 0.500000
vt 0.562500 1.000000
vt 0.531250 0.500000
vt 0.531250 1.000000
vt 0.500000 0.500000
vt 0.500000 1.000000
vt 0.468750 0.500000
vt 0.468750 1.000000
vt 0.437500 0.500000
vt 0.437500 1.000000
vt 0.406250 0.500000
vt 0.406250 1.000000
vt 0.375000 0.500000
vt 0.375000 1.000000
vt 0.343750 0.500000
vt 0.343750 1.000000
vt 0.312500 0.500000
vt 0.312500 1.000000
vt 0.281250 0.500000
vt 0.281250 1.000000
vt 0.250000 0.500000
vt 0.250000 1.000000
vt 0.218750 0.500000
vt 0.218750 1.000000
vt 0.187500 0.500000
vt 0.187500 1.000000
vt 0.156250 0.500000
vt 0.156250 1.000000
vt 0.125000 0.500000
vt 0.125000 1.000000
vt 0.093750 0.500000
vt 0.093750 1.000000
vt 0.062500 0.500000
vt 0.419706 0.419706
vt 0.383337 0.449553
vt 0.080294 0.419706
vt 0.062500 1.000000
vt 0.031250 0.500000
vt 0.031250 1.000000
vt 0.000000 0.500000
vt 0.616663 0.449553
vt 0.658156 0.471731
vt 0.883337 0.449553
vt 0.703178 0.485388
vt 0.750000 0.490000
vt 0.796822 0.485388
vt 0.841844 0.471731
vt 0.883337 0.449553
vt 0.919706 0.419706
vt 0.949553 0.383337
vt 0.971731 0.341844
vt 0.990000 0.250000
vt 0.985388 0.203178
vt 0.971731 0.158156
vt 0.949553 0.116663
vt 0.919706 0.080294
vt 0.883337 0.050447
vt 0.841844 0.028269
vt 0.750000 0.010000
vt 0.703178 0.014612
vt 0.658156 0.028269
vt 0.616663 0.050447
vt 0.580294 0.080294
vt 0.550447 0.116663
vt 0.528269 0.158156
vt 0.510000 0.250000
vt 0.514612 0.296822
vt 0.528269 0.341844
vt 0.550447 0.383337
vt 0.580294 0.419706
vt 0.616663 0.449553
vt 0.658156 0.471731
vt 0.994563 1.000000
vt 0.963313 1.000000
vt 0.932063 1.000000
vt 0.900813 1.000000
vt 0.869563 1.000000
vt 0.838313 1.000000
vt 0.807063 1.000000
vt 0.775813 1.000000
vt 0.744563 1.000000
vt 0.619563 1.000000
vt 0.588313 1.000000
vt 0.557063 1.000000
vt 0.525813 1.000000
vt 0.494563 1.000000
vt 0.463313 1.000000
vt 0.432063 1.000000
vt 0.400813 1.000000
vt 0.369563 1.000000
vt 0.338313 1.000000
vt 0.307063 1.000000
vt 0.275813 1.000000
vt 0.213313 1.000000
vt 0.182063 1.000000
vt 0.150813 1.000000
vt 0.119563 1.000000
vt 0.088313 1.000000
vt 0.057063 1.000000
vt 0.025813 1.000000
vt 0.309886 0.394578
vt 0.280530 0.403483
vt 0.250000 0.406490
vt 0.219470 0.403483
vt 0.190114 0.394578
vt 0.163059 0.380117
vt 0.139345 0.360655
vt 0.119883 0.336941
vt 0.096517 0.280530
vt 0.093510 0.250000
vt 0.096517 0.219470
vt 0.105422 0.190114
vt 0.119883 0.163059
vt 0.139345 0.139345
vt 0.163059 0.119883
vt 0.219470 0.096517
vt 0.250000 0.093510
vt 0.280530 0.096517
vt 0.309886 0.105422
vt 0.336941 0.119883
vt 0.360655 0.139345
vt 0.380117 0.163059
vt 0.403483 0.219470
vt 0.406490 0.250000
vt 0.403483 0.280530
vt 0.394578 0.309886
vt 0.380117 0.336941
vt 0.360655 0.360655
vt 0.336941 0.380117
vt 0.658156 0.471731
vt 0.703178 0.485388
vt 0.750000 0.490000
vt 0.796822 0.485388
vt 0.841844 0.471731
vt 0.883337 0.449553
vt 0.919706 0.419706
vt 0.949553 0.383337
vt 0.971731 0.341844
vt 0.985388 0.203178
vt 0.985388 0.296822
vt 0.990000 0.250000
vt 0.971731 0.158156
vt 0.949553 0.116663
vt 0.919706 0.080294
vt 0.841844 0.028269
vt 0.796822 0.014612
vt 0.750000 0.010000
vt 0.703178 0.014612
vt 0.658156 0.028269
vt 0.616663 0.050447
vt 0.580294 0.080294
vt 0.528269 0.158156
vt 0.514612 0.203178
vt 0.510000 0.250000
vt 0.514612 0.296822
vt 0.528269 0.341844
vt 0.550447 0.383337
vt 0.580294 0.419706
vt 0.405472 0.954546
vt 0.396320 0.954546
vt 0.416822 0.954545
vt 0.429805 0.954545
vt 0.444001 0.954546
vt 0.459089 0.954546
vt 0.474817 0.954546
vt 0.490975 0.954546
vt 0.523869 0.954545
vt 0.572161 0.954545
vt 0.587249 0.954546
vt 0.601445 0.954545
vt 0.614428 0.954545
vt 0.634929 0.954545
vt 0.641095 0.954545
vt 0.643176 0.954545
vt 0.639668 0.954546
vt 0.628656 0.954546
vt 0.608153 0.954545
vt 0.577146 0.954545
vt 0.537312 0.954546
vt 0.507381 0.954545
vt 0.625778 0.954545
vt 0.493938 0.954546
vt 0.454104 0.954545
vt 0.423097 0.954545
vt 0.402594 0.954545
vt 0.390155 0.954546
vt 0.031250 0.859473
vt 0.093750 0.859473
vt 0.468750 0.859473
vt 0.637950 0.772727
vt 0.718750 0.859473
vt 0.781250 0.859473
vt 0.000000 0.859473
vt 0.000000 0.590909
vt 0.000000 0.681818
vt 0.937971 0.954545
vt 0.033251 0.954545
vt 0.000000 0.500000
vt 0.616663 0.449553
vt 0.580294 0.419706
vt 0.550447 0.383337
vt 0.528269 0.341844
vt 0.514612 0.296822
vt 0.510000 0.250000
vt 0.514612 0.203178
vt 0.528269 0.158156
vt 0.580294 0.080294
vt 0.703178 0.014612
vt 0.616663 0.050447
vt 0.658156 0.028269
vt 0.750000 0.010000
vt 0.796822 0.014612
vt 0.841844 0.028269
vt 0.919706 0.080294
vt 0.985388 0.203178
vt 0.949553 0.116663
vt 0.971731 0.158156
vt 0.990000 0.250000
vt 0.985388 0.296822
vt 0.971731 0.341844
vt 0.919706 0.419706
vt 0.796822 0.485388
vt 0.883337 0.449553
vt 0.841844 0.471731
vt 0.750000 0.490000
vt 0.703178 0.485388
vt 0.658156 0.471731
vt 0.625000 0.372853
vt 0.475143 0.372853
vt 0.375000 0.372853
vt 0.424632 0.372853
vt 0.375000 0.877147
vt 0.625000 1.000000
vt 0.625000 0.877147
vt 0.576164 0.877147
vt 0.525653 0.877147
vt 0.254487 0.517216
vt 0.247853 0.500000
vt 0.125000 0.750000
vt 0.269838 0.625000
vt 0.247853 0.750000
vt 0.262904 0.699243
vt 0.254487 0.732784
vt 0.268088 0.662849
vt 0.730162 0.625000
vt 0.731912 0.662849
vt 0.875000 0.750000
vt 0.737096 0.699243
vt 0.745513 0.732784
vt 0.752147 0.750000
vt 0.752147 0.500000
vt 0.745513 0.517216
vt 0.341844 0.471731
vt 0.296822 0.485388
vt 0.250000 0.490000
vt 0.203178 0.485388
vt 0.158156 0.471731
vt 0.116663 0.449553
vt 0.080294 0.419706
vt 0.050447 0.383337
vt 0.014612 0.296822
vt 0.010000 0.250000
vt 0.014612 0.203178
vt 0.028269 0.158156
vt 0.050447 0.116663
vt 0.080294 0.080294
vt 0.116663 0.050447
vt 0.203178 0.014612
vt 0.250000 0.010000
vt 0.296822 0.014612
vt 0.341844 0.028269
vt 0.383337 0.050447
vt 0.419706 0.080294
vt 0.449553 0.116663
vt 0.485388 0.203178
vt 0.471731 0.341844
vt 0.490000 0.250000
vt 0.485388 0.296822
vt 0.449553 0.383337
vt 0.419706 0.419706
vt 0.383337 0.449553
vt 0.000000 1.000000
vt 0.703178 0.485388
vt 0.750000 0.490000
vt 0.796822 0.485388
vt 0.841844 0.471731
vt 0.883337 0.449553
vt 0.919706 0.419706
vt 0.949553 0.383337
vt 0.971731 0.341844
vt 0.990000 0.250000
vt 0.985388 0.203178
vt 0.971731 0.158156
vt 0.949553 0.116663
vt 0.919706 0.080294
vt 0.883337 0.050447
vt 0.841844 0.028269
vt 0.750000 0.010000
vt 0.616663 0.050447
vt 0.703178 0.014612
vt 0.658156 0.028269
vt 0.580294 0.080294
vt 0.550447 0.116663
vt 0.528269 0.158156
vt 0.510000 0.250000
vt 0.550447 0.383337
vt 0.514612 0.296822
vt 0.528269 0.341844
vt 0.580294 0.419706
vt 0.616663 0.449553
vt 0.658156 0.471731
vt 0.296822 0.485388
vt 0.250000 0.490000
vt 0.203178 0.485388
vt 0.158156 0.471731
vt 0.116663 0.449553
vt 0.080294 0.419706
vt 0.050447 0.383337
vt 0.014612 0.296822
vt 0.010000 0.250000
vt 0.014612 0.203178
vt 0.028269 0.158156
vt 0.050447 0.116663
vt 0.080294 0.080294
vt 0.116663 0.050447
vt 0.203178 0.014612
vt 0.250000 0.010000
vt 0.296822 0.014612
vt 0.341844 0.028269
vt 0.383337 0.050447
vt 0.419706 0.080294
vt 0.449553 0.116663
vt 0.471731 0.158156
vt 0.485388 0.203178
vt 0.471731 0.341844
vt 0.490000 0.250000
vt 0.485388 0.296822
vt 0.449553 0.383337
vt 0.419706 0.419706
vt 0.383337 0.449553
vt 0.000000 1.000000
vt 0.750000 0.490000
vt 0.796822 0.485388
vt 0.841844 0.471731
vt 0.883337 0.449553
vt 0.919706 0.419706
vt 0.949553 0.383337
vt 0.971731 0.341844
vt 0.990000 0.250000
vt 0.985388 0.203178
vt 0.971731 0.158156
vt 0.949553 0.116663
vt 0.919706 0.080294
vt 0.883337 0.050447
vt 0.841844 0.028269
vt 0.750000 0.010000
vt 0.703178 0.014612
vt 0.658156 0.028269
vt 0.616663 0.050447
vt 0.580294 0.080294
vt 0.550447 0.116663
vt 0.528269 0.158156
vt 0.514612 0.203178
vt 0.510000 0.250000
vt 0.550447 0.383337
vt 0.514612 0.296822
vt 0.528269 0.341844
vt 0.580294 0.419706
vt 0.616663 0.449553
vt 0.658156 0.471731
vt 0.296822 0.485388
vt 0.250000 0.490000
vt 0.203178 0.485388
vt 0.158156 0.471731
vt 0.116663 0.449553
vt 0.080294 0.419706
vt 0.050447 0.383337
vt 0.028269 0.341844
vt 0.014612 0.296822
vt 0.010000 0.250000
vt 0.014612 0.203178
vt 0.028269 0.158156
vt 0.050447 0.116663
vt 0.080294 0.080294
vt 0.116663 0.050447
vt 0.203178 0.014612
vt 0.250000 0.010000
vt 0.296822 0.014612
vt 0.341844 0.028269
vt 0.383337 0.050447
vt 0.419706 0.080294
vt 0.449553 0.116663
vt 0.485388 0.203178
vt 0.471731 0.341844
vt 0.490000 0.250000
vt 0.485388 0.296822
vt 0.449553 0.383337
vt 0.419706 0.419706
vt 0.383337 0.449553
vt 0.000000 1.000000
vt 0.750000 0.490000
vt 0.796822 0.485388
vt 0.841844 0.471731
vt 0.883337 0.449553
vt 0.919706 0.419706
vt 0.985388 0.296822
vt 0.949553 0.383337
vt 0.971731 0.341844
vt 0.990000 0.250000
vt 0.985388 0.203178
vt 0.971731 0.158156
vt 0.949553 0.116663
vt 0.919706 0.080294
vt 0.883337 0.050447
vt 0.841844 0.028269
vt 0.750000 0.010000
vt 0.703178 0.014612
vt 0.658156 0.028269
vt 0.616663 0.050447
vt 0.580294 0.080294
vt 0.550447 0.116663
vt 0.528269 0.158156
vt 0.510000 0.250000
vt 0.514612 0.296822
vt 0.528269 0.341844
vt 0.550447 0.383337
vt 0.580294 0.419706
vt 0.616663 0.449553
vt 0.658156 0.471731
vt 0.296822 0.485388
vt 0.250000 0.490000
vt 0.203178 0.485388
vt 0.158156 0.471731
vt 0.116663 0.449553
vt 0.080294 0.419706
vt 0.050447 0.383337
vt 0.028269 0.341844
vt 0.014612 0.296822
vt 0.010000 0.250000
vt 0.014612 0.203178
vt 0.028269 0.158156
vt 0.050447 0.116663
vt 0.080294 0.080294
vt 0.116663 0.050447
vt 0.203178 0.014612
vt 0.250000 0.010000
vt 0.296822 0.014612
vt 0.341844 0.028269
vt 0.383337 0.050447
vt 0.419706 0.080294
vt 0.449553 0.116663
vt 0.485388 0.203178
vt 0.471731 0.341844
vt 0.490000 0.250000
vt 0.485388 0.296822
vt 0.449553 0.383337
vt 0.419706 0.419706
vt 0.383337 0.449553
vt 0.000000 1.000000
vt 0.750000 0.490000
vt 0.796822 0.485388
vt 0.841844 0.471731
vt 0.883337 0.449553
vt 0.919706 0.419706
vt 0.985388 0.296822
vt 0.949553 0.383337
vt 0.971731 0.341844
vt 0.990000 0.250000
vt 0.985388 0.203178
vt 0.971731 0.158156
vt 0.949553 0.116663
vt 0.919706 0.080294
vt 0.883337 0.050447
vt 0.841844 0.028269
vt 0.750000 0.010000
vt 0.703178 0.014612
vt 0.658156 0.028269
vt 0.616663 0.050447
vt 0.580294 0.080294
vt 0.550447 0.116663
vt 0.528269 0.158156
vt 0.510000 0.250000
vt 0.514612 0.296822
vt 0.528269 0.341844
vt 0.550447 0.383337
vt 0.580294 0.419706
vt 0.616663 0.449553
vt 0.658156 0.471731
vt 0.341844 0.471731
vt 0.296822 0.485388
vt 0.158156 0.471731
vt 0.250000 0.490000
vt 0.203178 0.485388
vt 0.116663 0.449553
vt 0.050447 0.383337
vt 0.028269 0.341844
vt 0.449553 0.383337
vt 0.014612 0.296822
vt 0.485388 0.296822
vt 0.010000 0.250000
vt 0.490000 0.250000
vt 0.014612 0.203178
vt 0.485388 0.203178
vt 0.028269 0.158156
vt 0.471731 0.158156
vt 0.050447 0.116663
vt 0.080294 0.080294
vt 0.449553 0.116663
vt 0.116663 0.050447
vt 0.419706 0.080294
vt 0.158156 0.028269
vt 0.383337 0.050447
vt 0.203178 0.014612
vt 0.296822 0.014612
vt 0.250000 0.010000
vt 0.341844 0.028269
vt 0.471731 0.341844
vt 0.000000 1.000000
vt 0.703178 0.485388
vt 0.750000 0.490000
vt 0.796822 0.485388
vt 0.841844 0.471731
vt 0.919706 0.419706
vt 0.580294 0.419706
vt 0.949553 0.383337
vt 0.550447 0.383337
vt 0.971731 0.341844
vt 0.985388 0.296822
vt 0.528269 0.341844
vt 0.990000 0.250000
vt 0.510000 0.250000
vt 0.985388 0.203178
vt 0.514612 0.203178
vt 0.971731 0.158156
vt 0.949553 0.116663
vt 0.528269 0.158156
vt 0.919706 0.080294
vt 0.580294 0.080294
vt 0.883337 0.050447
vt 0.616663 0.050447
vt 0.841844 0.028269
vt 0.796822 0.014612
vt 0.658156 0.028269
vt 0.750000 0.010000
vt 0.703178 0.014612
vt 0.550447 0.116663
vt 0.514612 0.296822
vt 0.341844 0.471731
vt 0.296822 0.485388
vt 0.158156 0.471731
vt 0.250000 0.490000
vt 0.203178 0.485388
vt 0.116663 0.449553
vt 0.050447 0.383337
vt 0.028269 0.341844
vt 0.449553 0.383337
vt 0.014612 0.296822
vt 0.485388 0.296822
vt 0.010000 0.250000
vt 0.490000 0.250000
vt 0.014612 0.203178
vt 0.485388 0.203178
vt 0.028269 0.158156
vt 0.471731 0.158156
vt 0.050447 0.116663
vt 0.080294 0.080294
vt 0.449553 0.116663
vt 0.116663 0.050447
vt 0.419706 0.080294
vt 0.158156 0.028269
vt 0.383337 0.050447
vt 0.203178 0.014612
vt 0.296822 0.014612
vt 0.250000 0.010000
vt 0.341844 0.028269
vt 0.471731 0.341844
vt 0.000000 1.000000
vt 0.703178 0.485388
vt 0.750000 0.490000
vt 0.796822 0.485388
vt 0.841844 0.471731
vt 0.919706 0.419706
vt 0.580294 0.419706
vt 0.949553 0.383337
vt 0.550447 0.383337
vt 0.971731 0.341844
vt 0.985388 0.296822
vt 0.528269 0.341844
vt 0.990000 0.250000
vt 0.510000 0.250000
vt 0.985388 0.203178
vt 0.514612 0.203178
vt 0.971731 0.158156
vt 0.949553 0.116663
vt 0.528269 0.158156
vt 0.919706 0.080294
vt 0.580294 0.080294
vt 0.883337 0.050447
vt 0.616663 0.050447
vt 0.841844 0.028269
vt 0.796822 0.014612
vt 0.658156 0.028269
vt 0.750000 0.010000
vt 0.703178 0.014612
vt 0.550447 0.116663
vt 0.514612 0.296822
vn -0.0980 0.0000 -0.9952
vn 0.4714 0.0000 -0.8819
vn 0.6344 0.0000 -0.7730
vn 0.7730 0.0000 -0.6344
vn 0.8819 0.0000 -0.4714
vn 0.9569 0.0000 -0.2903
vn 0.9952 0.0000 -0.0980
vn 0.9952 0.0000 0.0980
vn 0.9569 0.0000 0.2903
vn 0.8819 0.0000 0.4714
vn 0.7730 0.0000 0.6344
vn 0.6344 0.0000 0.7730
vn 0.4714 0.0000 0.8819
vn 0.2903 0.0000 0.9569
vn 0.0980 0.0000 0.9952
vn -0.0980 0.0000 0.9952
vn -0.2903 0.0000 0.9569
vn -0.4714 0.0000 0.8819
vn -0.6344 0.0000 0.7730
vn -0.7730 0.0000 0.6344
vn -0.8819 0.0000 0.4714
vn -0.9569 0.0000 0.2903
vn -0.9952 0.0000 0.0980
vn -0.9952 0.0000 -0.0980
vn -0.9569 0.0000 -0.2903
vn -0.8819 0.0000 -0.4714
vn -0.7730 0.0000 -0.6344
vn -0.6344 0.0000 -0.7730
vn -0.4714 0.0000 -0.8819
vn -0.2903 0.0000 -0.9569
vn 0.0980 0.0000 -0.9952
vn 0.2903 0.0000 -0.9569
vn 0.0000 -1.0000 0.0000
vn 0.0443 0.8922 -0.4494
vn 0.1311 0.8922 -0.4321
vn 0.2129 0.8922 -0.3983
vn 0.2865 0.8922 -0.3491
vn 0.3491 0.8922 -0.2865
vn 0.3983 0.8922 -0.2129
vn 0.4321 0.8922 -0.1311
vn 0.4494 0.8922 -0.0443
vn 0.4494 0.8922 0.0443
vn 0.4321 0.8922 0.1311
vn 0.3983 0.8922 0.2129
vn 0.3491 0.8922 0.2865
vn 0.2865 0.8922 0.3491
vn 0.2129 0.8922 0.3983
vn 0.1311 0.8922 0.4321
vn 0.0443 0.8922 0.4494
vn -0.0443 0.8922 0.4494
vn -0.1311 0.8922 0.4321
vn -0.2129 0.8922 0.3983
vn -0.2865 0.8922 0.3491
vn -0.3491 0.8922 0.2865
vn -0.3983 0.8922 0.2129
vn -0.4321 0.8922 0.1311
vn -0.4494 0.8922 0.0443
vn -0.4494 0.8922 -0.0443
vn -0.4321 0.8922 -0.1311
vn -0.3983 0.8922 -0.2129
vn -0.3491 0.8922 -0.2865
vn -0.2865 0.8922 -0.3491
vn -0.2129 0.8922 -0.3983
vn -0.1311 0.8922 -0.4321
vn -0.0443 0.8922 -0.4494
vn 0.0000 1.0000 -0.0000
vn -0.0097 0.9951 -0.0983
vn -0.0284 0.9570 -0.2885
vn -0.0454 0.8862 -0.4610
vn -0.0600 0.7911 -0.6088
vn -0.0719 0.6802 -0.7295
vn -0.0812 0.5605 -0.8241
vn -0.0882 0.4369 -0.8952
vn -0.0931 0.3119 -0.9455
vn -0.0963 0.1869 -0.9776
vn -0.0978 0.0623 -0.9933
vn -0.0287 0.9951 -0.0946
vn -0.0842 0.9570 -0.2774
vn -0.1345 0.8862 -0.4433
vn -0.1776 0.7911 -0.5854
vn -0.2128 0.6802 -0.7015
vn -0.2404 0.5605 -0.7925
vn -0.2611 0.4369 -0.8608
vn -0.2758 0.3119 -0.9092
vn -0.2852 0.1869 -0.9401
vn -0.2897 0.0623 -0.9551
vn -0.0466 0.9951 -0.0872
vn -0.1367 0.9570 -0.2557
vn -0.2184 0.8862 -0.4085
vn -0.2884 0.7911 -0.5395
vn -0.3456 0.6802 -0.6465
vn -0.3904 0.5605 -0.7304
vn -0.4240 0.4369 -0.7933
vn -0.4479 0.3119 -0.8379
vn -0.4631 0.1869 -0.8664
vn -0.4705 0.0622 -0.8802
vn -0.0627 0.9951 -0.0764
vn -0.1839 0.9570 -0.2241
vn -0.2939 0.8862 -0.3581
vn -0.3881 0.7911 -0.4729
vn -0.4650 0.6802 -0.5667
vn -0.5254 0.5605 -0.6402
vn -0.5707 0.4369 -0.6953
vn -0.6027 0.3119 -0.7345
vn -0.6232 0.1869 -0.7594
vn -0.6332 0.0622 -0.7715
vn -0.0764 0.9951 -0.0627
vn -0.2241 0.9570 -0.1839
vn -0.3581 0.8862 -0.2939
vn -0.4729 0.7911 -0.3881
vn -0.5666 0.6802 -0.4650
vn -0.6402 0.5605 -0.5254
vn -0.6953 0.4369 -0.5707
vn -0.7345 0.3119 -0.6027
vn -0.7594 0.1869 -0.6232
vn -0.7715 0.0622 -0.6332
vn -0.0872 0.9951 -0.0466
vn -0.2557 0.9570 -0.1367
vn -0.4085 0.8862 -0.2184
vn -0.5395 0.7911 -0.2884
vn -0.6465 0.6802 -0.3456
vn -0.7304 0.5605 -0.3904
vn -0.7933 0.4369 -0.4240
vn -0.8379 0.3119 -0.4479
vn -0.8664 0.1869 -0.4631
vn -0.8802 0.0623 -0.4705
vn -0.0946 0.9951 -0.0287
vn -0.2774 0.9570 -0.0842
vn -0.4433 0.8862 -0.1345
vn -0.5854 0.7911 -0.1776
vn -0.7015 0.6802 -0.2128
vn -0.7925 0.5605 -0.2404
vn -0.8608 0.4369 -0.2611
vn -0.9092 0.3119 -0.2758
vn -0.9401 0.1869 -0.2852
vn -0.9551 0.0623 -0.2897
vn -0.0983 0.9951 -0.0097
vn -0.2885 0.9570 -0.0284
vn -0.4610 0.8862 -0.0454
vn -0.6088 0.7911 -0.0600
vn -0.7295 0.6802 -0.0718
vn -0.8241 0.5605 -0.0812
vn -0.8952 0.4369 -0.0882
vn -0.9455 0.3119 -0.0931
vn -0.9776 0.1869 -0.0963
vn -0.9933 0.0623 -0.0978
vn -0.0983 0.9951 0.0097
vn -0.2885 0.9570 0.0284
vn -0.4610 0.8862 0.0454
vn -0.6088 0.7911 0.0600
vn -0.7295 0.6802 0.0718
vn -0.8241 0.5605 0.0812
vn -0.8952 0.4369 0.0882
vn -0.9455 0.3119 0.0931
vn -0.9776 0.1869 0.0963
vn -0.9933 0.0623 0.0978
vn -0.0946 0.9951 0.0287
vn -0.2774 0.9570 0.0842
vn -0.4433 0.8862 0.1345
vn -0.5854 0.7911 0.1776
vn -0.7015 0.6802 0.2128
vn -0.7925 0.5605 0.2404
vn -0.8608 0.4369 0.2611
vn -0.9092 0.3119 0.2758
vn -0.9401 0.1869 0.2852
vn -0.9551 0.0622 0.2897
vn -0.0872 0.9951 0.0466
vn -0.2557 0.9570 0.1367
vn -0.4085 0.8862 0.2184
vn -0.5395 0.7911 0.2884
vn -0.6465 0.6802 0.3456
vn -0.7304 0.5605 0.3904
vn -0.7933 0.4369 0.4240
vn -0.8379 0.3119 0.4479
vn -0.8664 0.1869 0.4631
vn -0.8802 0.0622 0.4705
vn -0.0764 0.9951 0.0627
vn -0.2241 0.9570 0.1839
vn -0.3581 0.8862 0.2939
vn -0.4729 0.7911 0.3881
vn -0.5666 0.6802 0.4650
vn -0.6402 0.5605 0.5254
vn -0.6953 0.4369 0.5707
vn -0.7345 0.3119 0.6027
vn -0.7594 0.1869 0.6232
vn -0.7715 0.0622 0.6332
vn -0.0627 0.9951 0.0764
vn -0.1839 0.9570 0.2241
vn -0.2939 0.8862 0.3581
vn -0.3881 0.7911 0.4729
vn -0.4650 0.6802 0.5666
vn -0.5254 0.5605 0.6402
vn -0.5707 0.4369 0.6953
vn -0.6027 0.3119 0.7345
vn -0.6232 0.1869 0.7594
vn -0.6332 0.0623 0.7715
vn -0.0466 0.9951 0.0872
vn -0.1367 0.9570 0.2557
vn -0.2184 0.8862 0.4085
vn -0.2884 0.7911 0.5395
vn -0.3456 0.6802 0.6465
vn -0.3904 0.5605 0.7303
vn -0.4240 0.4369 0.7933
vn -0.4479 0.3119 0.8379
vn -0.4631 0.1869 0.8664
vn -0.4705 0.0622 0.8802
vn -0.0287 0.9951 0.0946
vn -0.0842 0.9570 0.2774
vn -0.1345 0.8862 0.4433
vn -0.1776 0.7911 0.5854
vn -0.2128 0.6802 0.7015
vn -0.2404 0.5605 0.7925
vn -0.2611 0.4369 0.8608
vn -0.2758 0.3119 0.9092
vn -0.2852 0.1869 0.9401
vn -0.2897 0.0622 0.9551
vn -0.0097 0.9951 0.0983
vn -0.0284 0.9570 0.2885
vn -0.0454 0.8862 0.4610
vn -0.0600 0.7911 0.6088
vn -0.0719 0.6802 0.7295
vn -0.0812 0.5605 0.8241
vn -0.0882 0.4369 0.8952
vn -0.0931 0.3119 0.9455
vn -0.0963 0.1869 0.9776
vn -0.0978 0.0623 0.9933
vn 0.0097 0.9951 0.0983
vn 0.0284 0.9570 0.2885
vn 0.0454 0.8862 0.4610
vn 0.0600 0.7911 0.6088
vn 0.0719 0.6802 0.7295
vn 0.0812 0.5605 0.8241
vn 0.0882 0.4369 0.8952
vn 0.0931 0.3119 0.9455
vn 0.0963 0.1869 0.9776
vn 0.0978 0.0623 0.9933
vn 0.0287 0.9951 0.0946
vn 0.0842 0.9570 0.2774
vn 0.1345 0.8862 0.4433
vn 0.1776 0.7911 0.5854
vn 0.2128 0.6802 0.7015
vn 0.2404 0.5605 0.7925
vn 0.2611 0.4369 0.8608
vn 0.2758 0.3119 0.9092
vn 0.2852 0.1869 0.9401
vn 0.2897 0.0623 0.9551
vn 0.0466 0.9951 0.0872
vn 0.1367 0.9570 0.2557
vn 0.2184 0.8862 0.4085
vn 0.2884 0.7911 0.5395
vn 0.3456 0.6802 0.6465
vn 0.3904 0.5605 0.7304
vn 0.4240 0.4369 0.7933
vn 0.4479 0.3119 0.8379
vn 0.4631 0.1869 0.8664
vn 0.4705 0.0622 0.8802
vn 0.0627 0.9951 0.0764
vn 0.1839 0.9570 0.2241
vn 0.2939 0.8862 0.3581
vn 0.3881 0.7911 0.4729
vn 0.4650 0.6802 0.5666
vn 0.5254 0.5605 0.6402
vn 0.5707 0.4369 0.6953
vn 0.6027 0.3119 0.7345
vn 0.6232 0.1869 0.7594
vn 0.6332 0.0622 0.7715
vn 0.0764 0.9951 0.0627
vn 0.2241 0.9570 0.1839
vn 0.3581 0.8862 0.2939
vn 0.4729 0.7911 0.3881
vn 0.5666 0.6802 0.4650
vn 0.6402 0.5605 0.5254
vn 0.6953 0.4369 0.5707
vn 0.7345 0.3119 0.6028
vn 0.7594 0.1869 0.6232
vn 0.7715 0.0622 0.6332
vn 0.0872 0.9951 0.0466
vn 0.2557 0.9570 0.1367
vn 0.4085 0.8862 0.2184
vn 0.5395 0.7911 0.2884
vn 0.6465 0.6802 0.3456
vn 0.7304 0.5605 0.3904
vn 0.7933 0.4369 0.4240
vn 0.8379 0.3119 0.4479
vn 0.8664 0.1869 0.4631
vn 0.8802 0.0622 0.4705
vn 0.0946 0.9951 0.0287
vn 0.2774 0.9570 0.0842
vn 0.4433 0.8862 0.1345
vn 0.5854 0.7911 0.1776
vn 0.7015 0.6802 0.2128
vn 0.7925 0.5605 0.2404
vn 0.8608 0.4369 0.2611
vn 0.9092 0.3119 0.2758
vn 0.9401 0.1869 0.2852
vn 0.9551 0.0623 0.2897
vn 0.0983 0.9951 0.0097
vn 0.2885 0.9570 0.0284
vn 0.4610 0.8862 0.0454
vn 0.6088 0.7911 0.0600
vn 0.7295 0.6802 0.0718
vn 0.8241 0.5605 0.0812
vn 0.8952 0.4369 0.0882
vn 0.9455 0.3119 0.0931
vn 0.9776 0.1869 0.0963
vn 0.9933 0.0623 0.0978
vn 0.0983 0.9951 -0.0097
vn 0.2885 0.9570 -0.0284
vn 0.4610 0.8862 -0.0454
vn 0.6088 0.7911 -0.0600
vn 0.7295 0.6802 -0.0718
vn 0.8241 0.5605 -0.0812
vn 0.8952 0.4369 -0.0882
vn 0.9455 0.3119 -0.0931
vn 0.9776 0.1869 -0.0963
vn 0.9933 0.0623 -0.0978
vn 0.0946 0.9951 -0.0287
vn 0.2774 0.9570 -0.0842
vn 0.4433 0.8862 -0.1345
vn 0.5854 0.7911 -0.1776
vn 0.7015 0.6802 -0.2128
vn 0.7925 0.5605 -0.2404
vn 0.8608 0.4369 -0.2611
vn 0.9092 0.3119 -0.2758
vn 0.9401 0.1869 -0.2852
vn 0.9551 0.0622 -0.2897
vn 0.0872 0.9951 -0.0466
vn 0.2557 0.9570 -0.1367
vn 0.4085 0.8862 -0.2184
vn 0.5395 0.7911 -0.2884
vn 0.6465 0.6802 -0.3456
vn 0.7303 0.5605 -0.3904
vn 0.7933 0.4369 -0.4240
vn 0.8379 0.3119 -0.4479
vn 0.8664 0.1869 -0.4631
vn 0.8802 0.0622 -0.4705
vn 0.0764 0.9951 -0.0627
vn 0.2241 0.9570 -0.1839
vn 0.3581 0.8862 -0.2939
vn 0.4729 0.7911 -0.3881
vn 0.5666 0.6802 -0.4650
vn 0.6402 0.5605 -0.5254
vn 0.6953 0.4369 -0.5707
vn 0.7345 0.3119 -0.6027
vn 0.7594 0.1869 -0.6232
vn 0.7715 0.0622 -0.6332
vn 0.0627 0.9951 -0.0764
vn 0.1839 0.9570 -0.2241
vn 0.2939 0.8862 -0.3581
vn 0.3881 0.7911 -0.4729
vn 0.4650 0.6802 -0.5667
vn 0.5254 0.5605 -0.6402
vn 0.5707 0.4369 -0.6953
vn 0.6027 0.3119 -0.7345
vn 0.6232 0.1869 -0.7594
vn 0.6332 0.0623 -0.7715
vn 0.0466 0.9951 -0.0872
vn 0.1367 0.9570 -0.2557
vn 0.2184 0.8862 -0.4085
vn 0.2884 0.7911 -0.5395
vn 0.3456 0.6802 -0.6465
vn 0.3904 0.5605 -0.7303
vn 0.4240 0.4369 -0.7933
vn 0.4479 0.3119 -0.8379
vn 0.4631 0.1869 -0.8664
vn 0.4705 0.0622 -0.8802
vn 0.0287 0.9951 -0.0946
vn 0.0842 0.9570 -0.2774
vn 0.1345 0.8862 -0.4433
vn 0.1776 0.7911 -0.5854
vn 0.2128 0.6802 -0.7015
vn 0.2404 0.5605 -0.7925
vn 0.2611 0.4369 -0.8608
vn 0.2758 0.3119 -0.9092
vn 0.2852 0.1869 -0.9401
vn 0.2897 0.0623 -0.9551
vn 0.0097 0.9951 -0.0984
vn 0.0284 0.9570 -0.2885
vn 0.0454 0.8862 -0.4610
vn 0.0600 0.7911 -0.6088
vn 0.0719 0.6802 -0.7295
vn 0.0812 0.5605 -0.8241
vn 0.0882 0.4369 -0.8952
vn 0.0931 0.3119 -0.9455
vn 0.0963 0.1869 -0.9776
vn 0.0978 0.0622 -0.9933
vn -0.6140 0.7670 0.1862
vn -0.6935 -0.4419 0.5691
vn -0.3025 0.7670 -0.5659
vn 0.6140 0.7670 -0.1863
vn 0.3025 0.7670 0.5659
vn -0.4960 0.7670 0.4070
vn -0.0629 0.7670 -0.6385
vn -0.4960 0.7670 -0.4070
vn 0.4960 0.7670 -0.4070
vn 0.4960 0.7670 0.4070
vn -0.3025 0.7670 0.5659
vn -0.6140 0.7670 -0.1863
vn 0.3025 0.7670 -0.5659
vn 0.6140 0.7670 0.1862
vn 0.0629 0.7670 -0.6385
vn -0.0629 0.7670 0.6385
vn -0.6385 0.7670 0.0629
vn -0.1862 0.7670 -0.6140
vn 0.6385 0.7670 -0.0629
vn 0.1863 0.7670 0.6140
vn -0.5659 0.7670 0.3025
vn -0.4070 0.7670 -0.4960
vn 0.5659 0.7670 -0.3025
vn 0.4070 0.7670 0.4960
vn -0.4070 0.7670 0.4960
vn -0.5659 0.7670 -0.3025
vn 0.4070 0.7670 -0.4960
vn 0.5659 0.7670 0.3025
vn -0.1863 0.7670 0.6140
vn -0.6385 0.7670 -0.0629
vn 0.1863 0.7670 -0.6140
vn 0.6385 0.7670 0.0629
vn 0.0629 0.7670 0.6385
vn 0.8585 -0.4419 -0.2604
vn -0.5691 -0.4419 0.6935
vn 0.7912 -0.4419 -0.4229
vn -0.4229 -0.4419 0.7912
vn -0.0879 -0.4419 -0.8928
vn 0.6935 -0.4419 -0.5691
vn -0.2604 -0.4419 0.8585
vn -0.2604 -0.4419 -0.8585
vn 0.5691 -0.4419 -0.6935
vn -0.0879 -0.4419 0.8928
vn -0.4229 -0.4419 -0.7912
vn 0.4229 -0.4419 -0.7912
vn 0.0879 -0.4419 0.8928
vn -0.5691 -0.4419 -0.6935
vn 0.2604 -0.4419 -0.8585
vn 0.2604 -0.4419 0.8585
vn -0.6935 -0.4419 -0.5691
vn 0.0879 -0.4419 -0.8928
vn 0.4229 -0.4419 0.7912
vn -0.7912 -0.4419 -0.4229
vn 0.5691 -0.4419 0.6935
vn -0.8585 -0.4419 -0.2604
vn 0.6935 -0.4419 0.5691
vn -0.8928 -0.4419 -0.0879
vn 0.7912 -0.4419 0.4229
vn -0.8928 -0.4419 0.0879
vn 0.8585 -0.4419 0.2604
vn -0.8585 -0.4419 0.2604
vn 0.8928 -0.4419 0.0879
vn -0.7912 -0.4419 0.4229
vn 0.8928 -0.4419 -0.0879
vn 1.0000 0.0000 0.0000
vn 0.0000 0.0000 1.0000
vn -0.0000 0.0000 -1.0000
vn 0.0980 0.9952 0.0000
vn 0.2903 0.9569 0.0000
vn 0.4714 0.8819 0.0000
vn 0.6344 0.7730 0.0000
vn 0.7730 0.6344 0.0000
vn 0.8819 0.4714 0.0000
vn 0.9569 0.2903 0.0000
vn 0.9952 0.0980 0.0000
vn 0.9952 -0.0980 0.0000
vn 0.9569 -0.2903 0.0000
vn 0.8819 -0.4714 0.0000
vn 0.7730 -0.6344 0.0000
vn 0.6344 -0.7730 0.0000
vn 0.4714 -0.8819 0.0000
vn 0.2903 -0.9569 0.0000
vn 0.0980 -0.9952 0.0000
vn -0.0980 -0.9952 0.0000
vn -0.2903 -0.9569 0.0000
vn -0.4714 -0.8819 0.0000
vn -0.6344 -0.7730 0.0000
vn -0.7730 -0.6344 0.0000
vn -0.8819 -0.4714 0.0000
vn -0.9569 -0.2903 0.0000
vn -0.9952 -0.0980 0.0000
vn -0.9952 0.0980 0.0000
vn -0.9569 0.2903 0.0000
vn -0.8819 0.4714 0.0000
vn -0.7730 0.6344 0.0000
vn -0.6344 0.7730 0.0000
vn -0.4714 0.8819 0.0000
vn -0.2903 0.9569 0.0000
vn -0.0980 0.9952 0.0000
vn -0.0978 0.0622 -0.9933
vn -0.3904 0.5605 -0.7303
vn -0.4650 0.6802 -0.5666
vn -0.6332 0.0623 -0.7715
vn -0.5667 0.6802 -0.4650
vn -0.7295 0.6802 -0.0719
vn -0.7295 0.6802 0.0719
vn -0.9551 0.0623 0.2897
vn -0.7303 0.5605 0.3904
vn -0.8802 0.0623 0.4705
vn -0.5667 0.6802 0.4650
vn -0.7715 0.0623 0.6332
vn -0.6332 0.0622 0.7715
vn -0.3904 0.5605 0.7304
vn -0.0097 0.9951 0.0984
vn -0.0978 0.0622 0.9933
vn 0.3904 0.5605 0.7303
vn 0.4705 0.0623 0.8802
vn 0.7345 0.3119 0.6027
vn 0.7715 0.0623 0.6332
vn 0.8802 0.0623 0.4705
vn 0.9551 0.0622 0.2897
vn 0.7295 0.6802 0.0719
vn 0.9933 0.0622 0.0978
vn 0.7295 0.6802 -0.0719
vn 0.9551 0.0623 -0.2897
vn 0.7304 0.5605 -0.3904
vn 0.8802 0.0623 -0.4705
vn 0.7715 0.0623 -0.6332
vn 0.4650 0.6802 -0.5666
vn 0.6332 0.0622 -0.7715
vn 0.3904 0.5605 -0.7304
vn 0.2897 0.0622 -0.9551
vn 0.0097 0.9951 -0.0983
vn 0.0978 0.0623 -0.9933
vn -0.6140 0.7670 0.1863
vn -0.6140 0.7670 -0.1862
vn 0.6140 0.7670 0.1863
vn -0.1863 0.7670 -0.6140
usemtl None
s off
f 96/1/1 1/2/1 32/3/1
f 38/4/2 4/5/2 3/6/2
f 40/7/3 5/8/3 4/5/3
f 42/9/4 6/10/4 5/8/4
f 44/11/5 7/12/5 6/10/5
f 46/13/6 8/14/6 7/12/6
f 48/15/7 9/16/7 8/14/7
f 50/17/8 10/18/8 9/16/8
f 52/19/9 11/20/9 10/18/9
f 54/21/10 12/22/10 11/20/10
f 56/23/11 13/24/11 12/22/11
f 58/25/12 14/26/12 13/24/12
f 60/27/13 15/28/13 14/26/13
f 62/29/14 16/30/14 15/28/14
f 64/31/15 17/32/15 16/30/15
f 66/33/16 18/34/16 17/32/16
f 68/35/17 19/36/17 18/34/17
f 70/37/18 20/38/18 19/36/18
f 72/39/19 21/40/19 20/38/19
f 74/41/20 22/42/20 21/40/20
f 76/43/21 23/44/21 22/42/21
f 78/45/22 24/46/22 23/44/22
f 80/47/23 25/48/23 24/46/23
f 82/49/24 26/50/24 25/48/24
f 84/51/25 27/52/25 26/50/25
f 86/53/26 28/54/26 27/52/26
f 88/55/27 29/56/27 28/54/27
f 90/57/28 30/58/28 29/56/28
f 92/59/29 31/60/29 30/58/29
f 94/61/30 32/3/30 31/60/30
f 34/62/31 2/63/31 1/64/31
f 36/65/32 3/6/32 2/63/32
f 8/66/33 16/67/33 24/68/33
f 34/62/34 35/69/34 36/65/34
f 36/65/35 37/70/35 38/4/35
f 38/4/36 39/71/36 40/7/36
f 40/7/37 41/72/37 42/9/37
f 42/9/38 43/73/38 44/11/38
f 44/11/39 45/74/39 46/13/39
f 46/13/40 47/75/40 48/15/40
f 48/15/41 49/76/41 50/17/41
f 50/17/42 51/77/42 52/19/42
f 54/21/43 51/78/43 53/79/43
f 56/23/44 53/80/44 55/81/44
f 58/25/45 55/82/45 57/83/45
f 58/25/46 59/84/46 60/27/46
f 60/27/47 61/85/47 62/29/47
f 62/29/48 63/86/48 64/31/48
f 64/31/49 65/87/49 66/33/49
f 66/33/50 67/88/50 68/35/50
f 68/35/51 69/89/51 70/37/51
f 70/37/52 71/90/52 72/39/52
f 72/39/53 73/91/53 74/41/53
f 74/41/54 75/92/54 76/43/54
f 76/43/55 77/93/55 78/45/55
f 78/45/56 79/94/56 80/47/56
f 80/47/57 81/95/57 82/49/57
f 84/51/58 81/96/58 83/97/58
f 84/51/59 85/98/59 86/53/59
f 86/53/60 87/99/60 88/55/60
f 88/55/61 89/100/61 90/57/61
f 90/57/62 91/101/62 92/59/62
f 92/59/63 93/102/63 94/61/63
f 94/61/64 95/103/64 96/1/64
f 96/1/65 33/104/65 34/105/65
f 85/106/66 69/107/66 53/108/66
f 565/109/32 177/110/32 163/111/32
f 121/112/33 133/113/33 145/114/33
f 424/115/1 97/116/1 148/117/1
f 297/118/66 457/119/66 288/120/66
f 422/121/1 151/122/1 423/123/1
f 367/124/66 537/125/66 358/126/66
f 420/127/1 154/128/1 421/129/1
f 419/130/1 156/131/1 420/127/1
f 418/132/1 157/133/1 419/130/1
f 417/134/1 159/135/1 418/132/1
f 416/136/1 160/137/1 417/134/1
f 1311/138/66 1309/139/66 918/140/66
f 1296/141/66 1294/142/66 930/143/66
f 415/144/30 148/117/30 146/145/30
f 406/146/33 486/147/33 415/144/33
f 413/148/30 423/123/30 414/149/30
f 198/150/33 498/151/33 207/152/33
f 411/153/30 421/129/30 412/154/30
f 410/155/30 420/127/30 411/153/30
f 409/156/30 419/130/30 410/155/30
f 408/157/30 418/132/30 409/156/30
f 407/158/30 417/134/30 408/157/30
f 406/146/29 146/145/29 145/159/29
f 289/160/33 460/161/33 298/162/33
f 404/163/29 414/149/29 405/164/29
f 250/165/66 511/166/66 241/167/66
f 402/168/29 412/154/29 403/169/29
f 401/170/29 411/153/29 402/168/29
f 400/171/29 410/155/29 401/170/29
f 399/172/29 409/156/29 400/171/29
f 398/173/29 408/157/29 399/172/29
f 884/174/30 416/136/30 407/158/30
f 397/175/28 145/159/28 143/176/28
f 208/177/66 431/178/66 199/179/66
f 395/180/28 405/164/28 396/181/28
f 359/182/33 540/183/33 368/184/33
f 393/185/28 403/169/28 394/186/28
f 392/187/28 402/168/28 393/185/28
f 391/188/28 401/170/28 392/187/28
f 390/189/28 400/171/28 391/188/28
f 389/190/28 399/172/28 390/189/28
f 873/191/29 407/158/29 398/173/29
f 388/192/27 143/176/27 142/193/27
f 360/194/66 475/195/66 473/196/66
f 386/197/27 396/181/27 387/198/27
f 242/199/33 514/200/33 251/201/33
f 384/202/27 394/186/27 385/203/27
f 383/204/27 393/185/27 384/202/27
f 382/205/27 392/187/27 383/204/27
f 381/206/27 391/188/27 382/205/27
f 380/207/27 390/189/27 381/206/27
f 862/208/28 398/173/28 389/190/28
f 379/209/26 142/193/26 140/210/26
f 209/211/33 432/212/33 434/213/33
f 377/214/26 387/198/26 378/215/26
f 322/216/66 527/217/66 313/218/66
f 375/219/26 385/203/26 376/220/26
f 374/221/26 384/202/26 375/219/26
f 373/222/26 383/204/26 374/221/26
f 372/223/26 382/205/26 373/222/26
f 371/224/26 381/206/26 372/223/26
f 851/225/27 389/190/27 380/207/27
f 370/226/25 140/210/25 139/227/25
f 252/228/66 447/229/66 243/230/66
f 368/184/25 378/215/25 369/231/25
f 314/232/33 530/233/33 323/234/33
f 366/235/25 376/220/25 367/124/25
f 365/236/25 375/219/25 366/235/25
f 364/237/25 374/221/25 365/236/25
f 363/238/25 373/222/25 364/237/25
f 362/239/25 372/223/25 363/238/25
f 840/240/26 380/207/26 371/224/26
f 361/241/24 139/227/24 137/242/24
f 361/241/33 476/243/33 370/226/33
f 359/182/24 369/231/24 360/194/24
f 216/244/66 503/245/66 501/246/66
f 357/247/24 367/124/24 358/126/24
f 356/248/24 366/235/24 357/247/24
f 355/249/24 365/236/24 356/248/24
f 354/250/24 364/237/24 355/249/24
f 353/251/24 363/238/24 354/250/24
f 829/252/25 371/224/25 362/239/25
f 352/253/23 137/242/23 136/254/23
f 244/255/33 450/256/33 253/257/33
f 350/258/23 360/194/23 351/259/23
f 394/186/66 543/260/66 385/203/66
f 348/261/23 358/126/23 349/262/23
f 347/263/23 357/247/23 348/261/23
f 346/264/23 356/248/23 347/263/23
f 345/265/23 355/249/23 346/264/23
f 344/266/23 354/250/23 345/265/23
f 818/267/24 362/239/24 353/251/24
f 343/268/22 136/254/22 134/269/22
f 315/270/66 465/271/66 463/272/66
f 341/273/22 351/259/22 342/274/22
f 217/275/33 504/276/33 222/277/33
f 339/278/22 349/262/22 340/279/22
f 338/280/22 348/261/22 339/278/22
f 337/281/22 347/263/22 338/280/22
f 336/282/22 346/264/22 337/281/22
f 335/283/22 345/265/22 336/282/22
f 807/284/23 353/251/23 344/266/23
f 334/285/21 134/269/21 133/286/21
f 316/287/33 466/288/33 325/289/33
f 332/290/21 342/274/21 333/291/21
f 395/180/33 544/292/33 546/293/33
f 330/294/21 340/279/21 331/295/21
f 329/296/21 339/278/21 330/294/21
f 328/297/21 338/280/21 329/296/21
f 327/298/21 337/281/21 328/297/21
f 326/299/21 336/282/21 327/298/21
f 796/300/22 344/266/22 335/283/22
f 325/289/20 133/286/20 132/301/20
f 223/302/66 437/303/66 218/304/66
f 323/234/20 333/291/20 324/305/20
f 277/306/66 517/307/66 268/308/66
f 321/309/20 331/295/20 322/216/20
f 320/310/20 330/294/20 321/309/20
f 319/311/20 329/296/20 320/310/20
f 318/312/20 328/297/20 319/311/20
f 317/313/20 327/298/20 318/312/20
f 785/314/21 335/283/21 326/299/21
f 316/287/19 132/301/19 130/315/19
f 387/198/66 481/316/66 479/317/66
f 314/232/19 324/305/19 315/270/19
f 269/318/33 520/319/33 278/320/33
f 312/321/19 322/216/19 313/218/19
f 311/322/19 321/309/19 312/321/19
f 310/323/19 320/310/19 311/322/19
f 309/324/19 319/311/19 310/323/19
f 308/325/19 318/312/19 309/324/19
f 774/326/20 326/299/20 317/313/20
f 307/327/18 130/315/18 129/328/18
f 219/329/33 440/330/33 224/331/33
f 305/332/18 315/270/18 306/333/18
f 184/334/66 491/335/66 171/336/66
f 303/337/18 313/218/18 304/338/18
f 302/339/18 312/321/18 303/337/18
f 301/340/18 311/322/18 302/339/18
f 300/341/18 310/323/18 301/340/18
f 299/342/18 309/324/18 300/341/18
f 763/343/19 317/313/19 308/325/19
f 298/162/17 129/328/17 127/344/17
f 388/192/33 482/345/33 397/175/33
f 296/346/17 306/333/17 297/118/17
f 349/262/66 533/347/66 340/279/66
f 294/348/17 304/338/17 295/349/17
f 293/350/17 303/337/17 294/348/17
f 292/351/17 302/339/17 293/350/17
f 291/352/17 301/340/17 292/351/17
f 290/353/17 300/341/17 291/352/17
f 752/354/18 308/325/18 299/342/18
f 289/160/16 127/344/16 126/355/16
f 279/356/66 453/357/66 270/358/66
f 287/359/16 297/118/16 288/120/16
f 172/360/33 494/361/33 186/362/33
f 285/363/16 295/349/16 286/364/16
f 284/365/16 294/348/16 285/363/16
f 283/366/16 293/350/16 284/365/16
f 282/367/16 292/351/16 283/366/16
f 281/368/16 291/352/16 282/367/16
f 741/369/17 299/342/17 290/353/17
f 280/370/15 126/355/15 124/371/15
f 280/370/33 454/372/33 456/373/33
f 278/320/15 288/120/15 279/356/15
f 236/374/66 507/375/66 231/376/66
f 276/377/15 286/364/15 277/306/15
f 275/378/15 285/363/15 276/377/15
f 274/379/15 284/365/15 275/378/15
f 273/380/15 283/366/15 274/379/15
f 272/381/15 282/367/15 273/380/15
f 730/382/16 290/353/16 281/368/16
f 271/383/14 124/371/14 123/384/14
f 187/385/66 427/386/66 174/387/66
f 269/318/14 279/356/14 270/358/14
f 341/273/33 536/388/33 350/258/33
f 267/389/14 277/306/14 268/308/14
f 266/390/14 276/377/14 267/389/14
f 265/391/14 275/378/14 266/390/14
f 264/392/14 274/379/14 265/391/14
f 263/393/14 273/380/14 264/392/14
f 719/394/15 281/368/15 272/381/15
f 262/395/13 123/384/13 121/396/13
f 351/259/66 469/397/66 342/274/66
f 260/398/13 270/358/13 261/399/13
f 421/129/66 549/400/66 412/154/66
f 258/401/13 268/308/13 259/402/13
f 257/403/13 267/389/13 258/401/13
f 256/404/13 266/390/13 257/403/13
f 255/405/13 265/391/13 256/404/13
f 254/406/13 264/392/13 255/405/13
f 708/407/14 272/381/14 263/393/14
f 253/257/12 121/396/12 120/408/12
f 175/409/33 430/410/33 188/411/33
f 251/201/12 261/399/12 252/228/12
f 237/412/33 508/413/33 510/414/33
f 249/415/12 259/402/12 250/165/12
f 248/416/12 258/401/12 249/415/12
f 247/417/12 257/403/12 248/416/12
f 246/418/12 256/404/12 247/417/12
f 245/419/12 255/405/12 246/418/12
f 697/420/13 263/393/13 254/406/13
f 244/255/11 120/408/11 118/421/11
f 238/422/66 443/423/66 233/424/66
f 242/199/11 252/228/11 243/230/11
f 304/338/66 523/425/66 295/349/66
f 240/426/11 250/165/11 241/167/11
f 240/426/11 1322/427/11 1323/428/11
f 248/416/11 1324/429/11 247/417/11
f 247/417/11 1325/430/11 246/418/11
f 246/418/11 1326/431/11 245/419/11
f 686/432/12 254/406/12 245/419/12
f 239/433/10 118/421/10 117/434/10
f 343/268/33 472/435/33 352/253/33
f 237/412/10 243/230/10 238/422/10
f 413/148/33 552/436/33 422/121/33
f 235/437/10 241/167/10 236/374/10
f 240/426/10 1327/438/10 1322/427/10
f 1328/439/11 675/440/11 686/432/11
f 234/441/9 117/434/9 115/442/9
f 414/149/66 487/443/66 485/444/66
f 232/445/9 238/422/9 233/424/9
f 296/346/33 526/446/33 305/332/33
f 230/447/9 236/374/9 231/376/9
f 235/437/9 1330/448/9 1327/438/9
f 664/449/10 1329/450/10 1331/451/10
f 229/452/8 115/442/8 113/453/8
f 239/433/33 444/454/33 446/455/33
f 227/456/8 233/424/8 228/457/8
f 211/458/66 497/459/66 206/460/66
f 225/461/8 231/376/8 226/462/8
f 230/447/8 1332/463/8 1330/448/8
f 653/464/9 1331/451/9 1333/465/9
f 224/331/7 113/453/7 112/466/7
f 306/333/66 459/467/66 297/118/66
f 222/277/7 228/457/7 223/302/7
f 376/220/66 539/468/66 367/124/66
f 220/469/7 226/462/7 221/470/7
f 220/469/7 1332/463/7 225/461/7
f 642/471/8 1333/472/8 1335/473/8
f 219/329/6 112/466/6 110/474/6
f 415/144/33 488/475/33 424/115/33
f 217/275/6 223/302/6 218/304/6
f 212/476/33 498/151/33 500/477/33
f 215/478/6 221/470/6 216/244/6
f 220/469/6 1336/479/6 1334/480/6
f 631/481/7 1335/473/7 1337/482/7
f 214/483/5 110/474/5 109/484/5
f 298/162/33 462/485/33 307/327/33
f 212/476/5 218/304/5 213/486/5
f 259/402/66 513/487/66 250/165/66
f 210/488/5 216/244/5 211/458/5
f 215/478/5 1338/489/5 1336/479/5
f 620/490/6 1337/491/6 1339/492/6
f 209/211/4 109/484/4 107/493/4
f 213/486/66 433/494/66 208/177/66
f 207/152/4 213/486/4 208/177/4
f 368/184/33 542/495/33 377/214/33
f 205/496/4 211/458/4 206/460/4
f 1341/497/4 210/488/4 205/496/4
f 204/498/4 1342/499/4 1340/500/4
f 203/501/4 1343/502/4 1342/499/4
f 202/503/4 1344/504/4 1343/502/4
f 609/505/5 1339/492/5 1345/506/5
f 200/507/3 107/493/3 106/508/3
f 369/231/66 477/509/66 475/195/66
f 198/150/3 208/177/3 199/179/3
f 251/201/33 516/510/33 260/398/33
f 196/511/3 206/460/3 197/512/3
f 195/513/3 205/496/3 196/511/3
f 193/514/3 204/498/3 195/513/3
f 192/515/3 203/501/3 193/514/3
f 190/516/3 202/503/3 192/515/3
f 609/517/4 1345/506/4 1346/518/4
f 188/411/2 106/508/2 103/519/2
f 214/483/33 434/213/33 436/520/33
f 186/362/2 199/179/2 187/385/2
f 331/295/66 529/521/66 322/216/66
f 183/522/2 197/512/2 184/334/2
f 181/523/2 196/511/2 183/522/2
f 180/524/2 195/513/2 181/523/2
f 178/525/2 193/514/2 180/524/2
f 177/110/2 192/515/2 178/525/2
f 587/526/3 201/527/3 190/516/3
f 175/409/32 103/519/32 102/528/32
f 261/399/66 449/529/66 252/228/66
f 172/360/32 187/385/32 174/387/32
f 226/462/66 503/245/66 221/470/66
f 169/530/32 184/334/32 171/336/32
f 167/531/32 183/522/32 169/530/32
f 166/532/32 181/523/32 167/531/32
f 165/533/32 180/524/32 166/532/32
f 163/111/32 178/525/32 165/533/32
f 576/534/2 190/516/2 177/110/2
f 150/535/31 102/528/31 97/536/31
f 370/226/33 478/537/33 379/209/33
f 153/538/31 174/387/31 151/539/31
f 323/234/33 532/540/33 332/290/33
f 156/541/31 171/336/31 154/542/31
f 157/543/31 169/530/31 156/541/31
f 159/544/31 167/531/31 157/543/31
f 160/545/31 166/532/31 159/544/31
f 161/546/31 165/533/31 160/545/31
f 895/547/1 161/548/1 416/136/1
f 487/443/1 425/549/1 488/475/1
f 485/444/30 488/475/30 486/147/30
f 483/550/29 486/147/29 484/551/29
f 481/316/28 484/551/28 482/345/28
f 479/317/27 482/345/27 480/552/27
f 477/509/26 480/552/26 478/537/26
f 475/195/25 478/537/25 476/243/25
f 473/196/24 476/243/24 474/553/24
f 471/554/23 474/553/23 472/435/23
f 469/397/22 472/435/22 470/555/22
f 467/556/21 470/555/21 468/557/21
f 465/271/20 468/557/20 466/288/20
f 463/272/19 466/288/19 464/558/19
f 461/559/18 464/558/18 462/485/18
f 459/467/17 462/485/17 460/161/17
f 457/119/16 460/161/16 458/560/16
f 455/561/15 458/560/15 456/373/15
f 453/357/14 456/373/14 454/372/14
f 451/562/13 454/372/13 452/563/13
f 449/529/12 452/563/12 450/256/12
f 447/229/11 450/256/11 448/564/11
f 445/565/10 448/564/10 446/455/10
f 443/423/9 446/455/9 444/454/9
f 441/566/8 444/454/8 442/567/8
f 439/568/7 442/567/7 440/330/7
f 437/303/6 440/330/6 438/569/6
f 435/570/5 438/569/5 436/520/5
f 433/494/4 436/520/4 434/213/4
f 431/178/3 434/213/3 432/212/3
f 429/571/2 432/212/2 430/410/2
f 427/386/32 430/410/32 428/572/32
f 426/573/31 428/572/31 425/574/31
f 229/452/33 444/454/33 234/441/33
f 405/164/66 485/444/66 483/550/66
f 343/268/33 468/557/33 470/555/33
f 228/457/66 443/423/66 441/566/66
f 150/535/33 428/572/33 175/409/33
f 342/274/66 467/556/66 333/291/66
f 151/539/66 427/386/66 426/573/66
f 262/395/33 454/372/33 271/383/33
f 379/209/33 480/552/33 388/192/33
f 261/399/66 453/357/66 451/562/66
f 214/483/33 438/569/33 219/329/33
f 378/215/66 479/317/66 477/509/66
f 213/486/66 437/303/66 435/570/66
f 307/327/33 464/558/33 316/287/33
f 306/333/66 463/272/66 461/559/66
f 424/115/33 425/549/33 150/575/33
f 244/255/33 446/455/33 448/564/33
f 151/122/66 487/443/66 423/123/66
f 361/241/33 472/435/33 474/553/33
f 243/230/66 445/565/66 238/422/66
f 188/411/33 432/212/33 200/507/33
f 360/194/66 471/554/66 351/259/66
f 199/179/66 429/571/66 187/385/66
f 280/370/33 458/560/33 289/160/33
f 397/175/33 484/551/33 406/146/33
f 288/120/66 455/561/66 279/356/66
f 224/331/33 442/567/33 229/452/33
f 396/181/66 483/550/66 481/316/66
f 325/289/33 468/557/33 334/285/33
f 223/302/66 441/566/66 439/568/66
f 324/305/66 467/556/66 465/271/66
f 253/257/33 452/563/33 262/395/33
f 551/576/1 489/577/1 552/436/1
f 549/400/30 552/436/30 550/578/30
f 547/579/29 550/578/29 548/580/29
f 545/581/28 548/580/28 546/293/28
f 543/260/27 546/293/27 544/292/27
f 541/582/26 544/292/26 542/495/26
f 539/468/25 542/495/25 540/183/25
f 537/125/24 540/183/24 538/583/24
f 535/584/23 538/583/23 536/388/23
f 533/347/22 536/388/22 534/585/22
f 531/586/21 534/585/21 532/540/21
f 529/521/20 532/540/20 530/233/20
f 527/217/19 530/233/19 528/587/19
f 525/588/18 528/587/18 526/446/18
f 523/425/17 526/446/17 524/589/17
f 521/590/16 524/589/16 522/591/16
f 519/592/15 522/591/15 520/319/15
f 517/307/14 520/319/14 518/593/14
f 515/594/13 518/593/13 516/510/13
f 513/487/12 516/510/12 514/200/12
f 511/166/11 514/200/11 512/595/11
f 509/596/10 512/595/10 510/414/10
f 507/375/9 510/414/9 508/413/9
f 505/597/8 508/413/8 506/598/8
f 503/245/7 506/598/7 504/276/7
f 501/246/6 504/276/6 502/599/6
f 499/600/5 502/599/5 500/477/5
f 497/459/4 500/477/4 498/151/4
f 495/601/3 498/151/3 496/602/3
f 493/603/2 496/602/2 494/361/2
f 491/335/32 494/361/32 492/604/32
f 490/605/31 492/604/31 489/606/31
f 197/512/66 497/459/66 495/601/66
f 287/359/33 524/589/33 296/346/33
f 413/148/33 548/580/33 550/578/33
f 295/349/66 521/590/66 286/364/66
f 227/456/33 508/413/33 232/445/33
f 412/154/66 547/579/66 403/169/66
f 341/273/33 532/540/33 534/585/33
f 226/462/66 507/375/66 505/597/66
f 153/538/33 492/604/33 172/360/33
f 340/279/66 531/586/66 331/295/66
f 171/336/66 490/605/66 154/542/66
f 260/398/33 518/593/33 269/318/33
f 377/214/33 544/292/33 386/197/33
f 268/308/66 515/594/66 259/402/66
f 212/476/33 502/599/33 217/275/33
f 376/220/66 543/260/66 541/582/66
f 216/244/66 499/600/66 211/458/66
f 305/332/33 528/587/33 314/232/33
f 313/218/66 525/588/66 304/338/66
f 422/121/33 489/577/33 153/607/33
f 242/199/33 510/414/33 512/595/33
f 154/128/66 551/576/66 421/129/66
f 241/167/66 509/596/66 236/374/66
f 359/182/33 536/388/33 538/583/33
f 186/362/33 496/602/33 198/150/33
f 349/262/66 537/125/66 535/584/66
f 184/334/66 495/601/66 493/603/66
f 278/320/33 522/591/33 287/359/33
f 404/163/33 546/293/33 548/580/33
f 277/306/66 521/590/66 519/592/66
f 222/277/33 506/598/33 227/456/33
f 403/169/66 545/581/66 394/186/66
f 553/608/67 896/609/67 894/610/67
f 555/611/68 897/612/68 896/609/68
f 556/613/69 898/614/69 897/612/69
f 557/615/70 899/616/70 898/614/70
f 558/617/71 900/618/71 899/616/71
f 559/619/72 901/620/72 900/621/72
f 560/622/73 902/623/73 901/620/73
f 561/624/74 903/625/74 902/623/74
f 562/626/75 904/627/75 903/625/75
f 563/628/76 895/547/76 904/627/76
f 883/629/77 896/609/77 885/630/77
f 885/630/78 897/612/78 886/631/78
f 897/612/79 887/632/79 886/631/79
f 898/614/80 888/633/80 887/632/80
f 899/616/81 889/634/81 888/633/81
f 889/634/82 901/635/82 890/636/82
f 901/635/83 891/637/83 890/636/83
f 902/638/84 892/639/84 891/637/84
f 903/640/85 893/641/85 892/639/85
f 904/642/86 884/174/86 893/641/86
f 872/643/87 885/630/87 874/644/87
f 885/630/88 875/645/88 874/644/88
f 875/645/89 887/632/89 876/646/89
f 887/632/90 877/647/90 876/646/90
f 888/633/91 878/648/91 877/647/91
f 889/634/92 879/649/92 878/648/92
f 890/636/93 880/650/93 879/649/93
f 891/637/94 881/651/94 880/650/94
f 892/639/95 882/652/95 881/651/95
f 893/641/96 873/191/96 882/652/96
f 872/643/97 863/653/97 861/654/97
f 874/644/98 864/655/98 863/653/98
f 875/645/99 865/656/99 864/655/99
f 876/646/100 866/657/100 865/656/100
f 877/647/101 867/658/101 866/657/101
f 878/648/102 868/659/102 867/658/102
f 879/649/103 869/660/103 868/659/103
f 880/650/104 870/661/104 869/660/104
f 881/651/105 871/662/105 870/661/105
f 882/652/106 862/208/106 871/662/106
f 861/654/107 852/663/107 850/664/107
f 863/653/108 853/665/108 852/663/108
f 864/655/109 854/666/109 853/665/109
f 865/656/110 855/667/110 854/666/110
f 866/657/111 856/668/111 855/667/111
f 867/658/112 857/669/112 856/668/112
f 868/659/113 858/670/113 857/669/113
f 869/660/114 859/671/114 858/670/114
f 859/671/115 871/662/115 860/672/115
f 871/662/116 851/225/116 860/672/116
f 850/664/117 841/673/117 839/674/117
f 852/663/118 842/675/118 841/673/118
f 853/665/119 843/676/119 842/675/119
f 854/666/120 844/677/120 843/676/120
f 855/667/121 845/678/121 844/677/121
f 856/668/122 846/679/122 845/678/122
f 857/669/123 847/680/123 846/679/123
f 858/670/124 848/681/124 847/680/124
f 859/671/125 849/682/125 848/681/125
f 860/672/126 840/240/126 849/682/126
f 839/674/127 830/683/127 828/684/127
f 830/683/128 842/675/128 831/685/128
f 842/675/129 832/686/129 831/685/129
f 843/676/130 833/687/130 832/686/130
f 844/677/131 834/688/131 833/687/131
f 845/678/132 835/689/132 834/688/132
f 846/679/133 836/690/133 835/689/133
f 847/680/134 837/691/134 836/690/134
f 848/681/135 838/692/135 837/691/135
f 849/682/136 829/252/136 838/692/136
f 828/684/137 819/693/137 817/694/137
f 830/683/138 820/695/138 819/693/138
f 831/685/139 821/696/139 820/695/139
f 832/686/140 822/697/140 821/696/140
f 833/687/141 823/698/141 822/697/141
f 834/688/142 824/699/142 823/698/142
f 835/689/143 825/700/143 824/699/143
f 825/700/144 837/691/144 826/701/144
f 837/691/145 827/702/145 826/701/145
f 838/692/146 818/267/146 827/702/146
f 817/694/147 808/703/147 806/704/147
f 819/693/148 809/705/148 808/703/148
f 820/695/149 810/706/149 809/705/149
f 821/696/150 811/707/150 810/706/150
f 822/697/151 812/708/151 811/707/151
f 823/698/152 813/709/152 812/708/152
f 824/699/153 814/710/153 813/709/153
f 825/700/154 815/711/154 814/710/154
f 826/701/155 816/712/155 815/711/155
f 827/702/156 807/284/156 816/712/156
f 806/704/157 797/713/157 795/714/157
f 808/703/158 798/715/158 797/713/158
f 798/715/159 810/706/159 799/716/159
f 810/706/160 800/717/160 799/716/160
f 811/707/161 801/718/161 800/717/161
f 812/708/162 802/719/162 801/718/162
f 813/709/163 803/720/163 802/719/163
f 814/710/164 804/721/164 803/720/164
f 815/711/165 805/722/165 804/721/165
f 816/712/166 796/300/166 805/722/166
f 795/714/167 786/723/167 784/724/167
f 797/713/168 787/725/168 786/723/168
f 798/715/169 788/726/169 787/725/169
f 799/716/170 789/727/170 788/726/170
f 800/717/171 790/728/171 789/727/171
f 801/718/172 791/729/172 790/728/172
f 802/719/173 792/730/173 791/729/173
f 803/720/174 793/731/174 792/730/174
f 804/721/175 794/732/175 793/731/175
f 805/722/176 785/314/176 794/732/176
f 784/724/177 775/733/177 773/734/177
f 786/723/178 776/735/178 775/733/178
f 787/725/179 777/736/179 776/735/179
f 788/726/180 778/737/180 777/736/180
f 789/727/181 779/738/181 778/737/181
f 790/728/182 780/739/182 779/738/182
f 791/729/183 781/740/183 780/739/183
f 792/730/184 782/741/184 781/740/184
f 793/731/185 783/742/185 782/741/185
f 794/732/186 774/326/186 783/742/186
f 773/734/187 764/743/187 762/744/187
f 775/733/188 765/745/188 764/743/188
f 776/735/189 766/746/189 765/745/189
f 777/736/190 767/747/190 766/746/190
f 778/737/191 768/748/191 767/747/191
f 779/738/192 769/749/192 768/748/192
f 780/739/193 770/750/193 769/749/193
f 781/740/194 771/751/194 770/750/194
f 782/741/195 772/752/195 771/751/195
f 783/742/196 763/343/196 772/752/196
f 762/744/197 753/753/197 751/754/197
f 764/743/198 754/755/198 753/753/198
f 765/745/199 755/756/199 754/755/199
f 766/746/200 756/757/200 755/756/200
f 767/747/201 757/758/201 756/757/201
f 768/748/202 758/759/202 757/758/202
f 769/749/203 759/760/203 758/759/203
f 770/750/204 760/761/204 759/760/204
f 771/751/205 761/762/205 760/761/205
f 772/752/206 752/354/206 761/762/206
f 751/754/207 742/763/207 740/764/207
f 753/753/208 743/765/208 742/763/208
f 754/755/209 744/766/209 743/765/209
f 755/756/210 745/767/210 744/766/210
f 756/757/211 746/768/211 745/767/211
f 757/758/212 747/769/212 746/768/212
f 758/759/213 748/770/213 747/769/213
f 759/760/214 749/771/214 748/770/214
f 760/761/215 750/772/215 749/771/215
f 761/762/216 741/369/216 750/772/216
f 729/773/217 742/763/217 731/774/217
f 731/774/218 743/765/218 732/775/218
f 743/765/219 733/776/219 732/775/219
f 744/766/220 734/777/220 733/776/220
f 745/767/221 735/778/221 734/777/221
f 746/768/222 736/779/222 735/778/222
f 747/769/223 737/780/223 736/779/223
f 737/780/224 749/771/224 738/781/224
f 749/771/225 739/782/225 738/781/225
f 750/772/226 730/382/226 739/782/226
f 729/773/227 720/783/227 718/784/227
f 731/774/228 721/785/228 720/783/228
f 732/775/229 722/786/229 721/785/229
f 733/776/230 723/787/230 722/786/230
f 734/777/231 724/788/231 723/787/231
f 735/778/232 725/789/232 724/788/232
f 736/779/233 726/790/233 725/789/233
f 726/790/234 738/781/234 727/791/234
f 727/791/235 739/782/235 728/792/235
f 739/782/236 719/394/236 728/792/236
f 718/784/237 709/793/237 707/794/237
f 720/783/238 710/795/238 709/793/238
f 721/785/239 711/796/239 710/795/239
f 722/786/240 712/797/240 711/796/240
f 723/787/241 713/798/241 712/797/241
f 724/788/242 714/799/242 713/798/242
f 725/789/243 715/800/243 714/799/243
f 726/790/244 716/801/244 715/800/244
f 727/791/245 717/802/245 716/801/245
f 728/792/246 708/407/246 717/802/246
f 707/794/247 698/803/247 696/804/247
f 698/803/248 710/795/248 699/805/248
f 710/795/249 700/806/249 699/805/249
f 711/796/250 701/807/250 700/806/250
f 712/797/251 702/808/251 701/807/251
f 713/798/252 703/809/252 702/808/252
f 714/799/253 704/810/253 703/809/253
f 715/800/254 705/811/254 704/810/254
f 716/801/255 706/812/255 705/811/255
f 717/802/256 697/420/256 706/812/256
f 696/804/257 687/813/257 685/814/257
f 698/803/258 688/815/258 687/813/258
f 699/805/259 689/816/259 688/815/259
f 700/806/260 690/817/260 689/816/260
f 701/807/261 691/818/261 690/817/261
f 702/808/262 692/819/262 691/818/262
f 703/809/263 693/820/263 692/819/263
f 704/810/264 694/821/264 693/820/264
f 705/811/265 695/822/265 694/821/265
f 706/812/266 686/432/266 695/822/266
f 674/823/267 687/813/267 676/824/267
f 687/813/268 677/825/268 676/824/268
f 688/815/269 678/826/269 677/825/269
f 689/816/270 679/827/270 678/826/270
f 690/817/271 680/828/271 679/827/271
f 691/818/272 681/829/272 680/828/272
f 692/819/273 682/830/273 681/829/273
f 682/830/274 694/821/274 683/831/274
f 694/821/275 684/832/275 683/831/275
f 684/832/276 686/432/276 675/440/276
f 663/833/277 676/824/277 665/834/277
f 676/824/278 666/835/278 665/834/278
f 677/825/279 667/836/279 666/835/279
f 678/826/280 668/837/280 667/836/280
f 679/827/281 669/838/281 668/837/281
f 680/828/282 670/839/282 669/838/282
f 681/829/283 671/840/283 670/839/283
f 682/830/284 672/841/284 671/840/284
f 683/831/285 673/842/285 672/841/285
f 684/832/286 664/449/286 673/842/286
f 663/833/287 654/843/287 652/844/287
f 665/834/288 655/845/288 654/843/288
f 666/835/289 656/846/289 655/845/289
f 667/836/290 657/847/290 656/846/290
f 668/837/291 658/848/291 657/847/291
f 669/838/292 659/849/292 658/848/292
f 670/839/293 660/850/293 659/849/293
f 671/840/294 661/851/294 660/850/294
f 672/841/295 662/852/295 661/851/295
f 673/842/296 653/464/296 662/852/296
f 641/853/297 654/843/297 643/854/297
f 643/854/298 655/845/298 644/855/298
f 655/845/299 645/856/299 644/855/299
f 656/846/300 646/857/300 645/856/300
f 657/847/301 647/858/301 646/857/301
f 658/848/302 648/859/302 647/858/302
f 659/849/303 649/860/303 648/859/303
f 660/850/304 650/861/304 649/860/304
f 650/861/305 662/852/305 651/862/305
f 662/852/306 642/471/306 651/862/306
f 641/853/307 632/863/307 630/864/307
f 643/854/308 633/865/308 632/863/308
f 644/855/309 634/866/309 633/865/309
f 645/856/310 635/867/310 634/866/310
f 646/857/311 636/868/311 635/867/311
f 636/868/312 648/859/312 637/869/312
f 648/859/313 638/870/313 637/869/313
f 649/860/314 639/871/314 638/870/314
f 650/861/315 640/872/315 639/871/315
f 651/862/316 631/481/316 640/872/316
f 619/873/317 632/863/317 621/874/317
f 632/863/318 622/875/318 621/874/318
f 633/865/319 623/876/319 622/875/319
f 634/866/320 624/877/320 623/876/320
f 635/867/321 625/878/321 624/877/321
f 636/868/322 626/879/322 625/878/322
f 637/869/323 627/880/323 626/879/323
f 638/870/324 628/881/324 627/880/324
f 639/871/325 629/882/325 628/881/325
f 640/872/326 620/490/326 629/882/326
f 619/873/327 610/883/327 608/884/327
f 621/874/328 611/885/328 610/883/328
f 622/875/329 612/886/329 611/885/329
f 623/876/330 613/887/330 612/886/330
f 613/887/331 625/878/331 614/888/331
f 625/878/332 615/889/332 614/888/332
f 626/879/333 616/890/333 615/889/333
f 627/880/334 617/891/334 616/890/334
f 628/881/335 618/892/335 617/891/335
f 629/882/336 609/505/336 618/892/336
f 608/884/337 599/893/337 597/894/337
f 610/883/338 600/895/338 599/893/338
f 611/885/339 601/896/339 600/895/339
f 612/886/340 602/897/340 601/896/340
f 602/897/341 614/888/341 603/898/341
f 614/888/342 604/899/342 603/898/342
f 615/889/343 605/900/343 604/899/343
f 616/890/344 606/901/344 605/900/344
f 617/891/345 607/902/345 606/901/345
f 618/892/346 598/903/346 607/902/346
f 597/894/347 588/904/347 586/905/347
f 599/893/348 589/906/348 588/904/348
f 600/895/349 590/907/349 589/906/349
f 601/896/350 591/908/350 590/907/350
f 602/897/351 592/909/351 591/908/351
f 603/898/352 593/910/352 592/909/352
f 604/899/353 594/911/353 593/910/353
f 605/900/354 595/912/354 594/911/354
f 606/901/355 596/913/355 595/912/355
f 607/902/356 587/526/356 596/913/356
f 586/905/357 577/914/357 575/915/357
f 577/914/358 589/906/358 578/916/358
f 589/906/359 579/917/359 578/916/359
f 590/907/360 580/918/360 579/917/360
f 591/908/361 581/919/361 580/918/361
f 581/919/362 593/910/362 582/920/362
f 593/910/363 583/921/363 582/920/363
f 583/921/364 595/912/364 584/922/364
f 595/912/365 585/923/365 584/922/365
f 585/923/366 587/526/366 576/534/366
f 575/915/367 566/924/367 564/925/367
f 577/914/368 567/926/368 566/924/368
f 578/916/369 568/927/369 567/926/369
f 579/917/370 569/928/370 568/927/370
f 580/918/371 570/929/371 569/928/371
f 581/919/372 571/930/372 570/929/372
f 582/920/373 572/931/373 571/930/373
f 583/921/374 573/932/374 572/931/374
f 584/922/375 574/933/375 573/932/375
f 585/923/376 565/109/376 574/933/376
f 553/608/377 566/924/377 555/611/377
f 566/924/378 556/613/378 555/611/378
f 567/926/379 557/615/379 556/613/379
f 568/927/380 558/617/380 557/615/380
f 569/928/381 559/934/381 558/617/381
f 570/929/382 560/935/382 559/934/382
f 571/930/383 561/936/383 560/935/383
f 572/931/384 562/937/384 561/936/384
f 573/932/385 563/938/385 562/937/385
f 563/938/386 565/939/386 554/940/386
f 554/940/31 163/111/31 161/546/31
f 1077/941/33 1266/942/33 1031/943/33
f 941/944/33 1275/945/33 1257/946/33
f 1051/947/33 1282/948/33 1052/949/33
f 971/950/33 1274/951/33 972/952/33
f 1061/953/33 1287/954/33 1269/955/33
f 971/950/33 1279/956/33 1260/957/33
f 1076/958/33 1285/959/33 1077/941/33
f 1002/960/33 1263/961/33 1277/962/33
f 1011/963/33 1282/948/33 1264/964/33
f 962/965/33 1287/954/33 1087/966/33
f 1031/943/33 1280/967/33 1032/968/33
f 952/969/33 1258/970/33 1272/971/33
f 1082/972/33 1267/973/33 1041/974/33
f 1002/960/33 1258/970/33 951/975/33
f 1061/953/33 1283/976/33 1062/977/33
f 982/978/33 1261/979/33 1275/945/33
f 1092/980/33 1270/981/33 1076/958/33
f 1032/968/33 1261/979/33 981/982/33
f 1082/972/33 1271/983/33 1286/984/33
f 1011/963/33 1278/985/33 1012/986/33
f 1062/977/33 1265/987/33 1021/988/33
f 1092/980/33 1274/951/33 1288/989/33
f 1042/990/33 1267/973/33 1281/991/33
f 961/992/33 1273/993/33 962/965/33
f 1051/947/33 1284/994/33 1268/995/33
f 1012/986/33 1259/996/33 961/992/33
f 992/997/33 1284/994/33 1067/998/33
f 992/997/33 1262/999/33 1276/1000/33
f 1042/990/33 1263/961/33 1001/1001/33
f 952/969/33 1262/999/33 991/1002/33
f 1021/988/33 1279/956/33 1022/1003/33
f 941/944/33 1271/983/33 942/1004/33
f 729/773/15 1096/1005/15 1072/1006/15
f 1037/1007/33 1140/1008/33 1046/1009/33
f 1073/1010/15 1094/1011/15 1074/1012/15
f 1009/1013/33 1208/1014/33 1189/1015/33
f 1093/1016/15 1076/958/15 1075/1017/15
f 652/844/8 1091/1018/8 1057/1019/8
f 1096/1005/33 1151/1020/33 1072/1006/33
f 1058/1021/8 1089/1022/8 1059/1023/8
f 1003/1024/66 1166/1025/66 1187/1026/66
f 1088/1027/8 1061/953/8 1060/1028/8
f 575/915/32 1071/1029/32 1047/1030/32
f 995/1031/66 1118/1032/66 988/1033/66
f 1048/1034/32 1069/1035/32 1049/1036/32
f 1004/1037/33 1165/1038/33 949/1039/33
f 1068/1040/32 1051/947/32 1050/1041/32
f 828/684/24 1086/1042/24 1037/1007/24
f 1018/1043/66 1147/1044/66 1065/1045/66
f 1038/1046/24 1084/1047/24 1039/1048/24
f 1083/1049/66 1163/1050/66 943/1051/66
f 1083/1049/24 1041/974/24 1040/1052/24
f 751/754/17 1081/1053/17 1027/1054/17
f 996/1055/33 1117/1056/33 1120/1057/33
f 1028/1058/17 1079/1059/17 1029/1060/17
f 944/1061/33 1220/1062/33 1084/1047/33
f 1078/1063/17 1031/943/17 1030/1064/17
f 674/823/10 1066/1065/10 1017/1066/10
f 1066/1065/33 1129/1067/33 1017/1066/33
f 1018/1043/10 1064/1068/10 1019/1069/10
f 1043/1070/66 1202/1071/66 1040/1052/66
f 1063/1072/10 1021/988/10 1020/1073/10
f 597/894/3 1056/1074/3 1007/1075/3
f 938/1076/66 1099/1077/66 1098/1078/66
f 1008/1079/3 1054/1080/3 1009/1013/3
f 1093/1016/66 1216/1081/66 1223/1082/66
f 1053/1083/3 1011/963/3 1010/1084/3
f 850/664/26 1046/1009/26 997/1085/26
f 1015/1086/66 1106/1087/66 1127/1088/66
f 998/1089/26 1044/1090/26 999/1091/26
f 1044/1090/33 1201/1092/33 1204/1093/33
f 1043/1070/26 1001/1001/26 1000/1094/26
f 773/734/19 1036/1095/19 977/1096/19
f 937/1097/33 1100/1098/33 946/1099/33
f 978/1100/19 1034/1101/19 979/1102/19
f 1094/1011/33 1215/1103/33 1074/1012/33
f 1033/1104/19 981/982/19 980/1105/19
f 696/804/12 1026/1106/12 967/1107/12
f 957/1108/33 1128/1109/33 1105/1110/33
f 968/1111/12 1024/1112/12 969/1113/12
f 993/1114/66 1182/1115/66 990/1116/66
f 1023/1117/12 971/950/12 970/1118/12
f 619/873/5 1016/1119/5 957/1108/5
f 988/1033/66 1103/1120/66 955/1121/66
f 958/1122/5 1014/1123/5 959/1124/5
f 1020/1073/66 1211/1125/66 1063/1072/66
f 1013/1126/5 961/992/5 960/1127/5
f 872/643/28 1006/1128/28 947/1129/28
f 956/1130/33 1117/1056/33 987/1131/33
f 948/1132/28 1004/1037/28 949/1039/28
f 989/1133/33 1184/1134/33 994/1135/33
f 1003/1024/28 951/975/28 950/1136/28
f 795/714/21 986/1137/21 937/1097/21
f 1055/1138/66 1142/1139/66 1048/1034/66
f 938/1076/21 984/1140/21 939/1141/21
f 1019/1069/33 1212/1142/33 1193/1143/33
f 983/1144/21 941/944/21 940/1145/21
f 707/794/14 1096/1005/14 718/784/14
f 1047/1030/33 1144/1146/33 1056/1074/33
f 975/1147/14 1094/1011/14 1095/1148/14
f 940/1145/66 1163/1050/66 1162/1149/66
f 973/1150/14 1092/980/14 1093/1016/14
f 630/864/7 1091/1018/7 641/853/7
f 1005/1151/66 1122/1152/66 998/1089/66
f 965/1153/7 1089/1022/7 1090/1154/7
f 960/1127/66 1191/1155/66 1013/1126/66
f 963/1156/7 1087/966/7 1088/1027/7
f 894/610/30 956/1130/30 987/1131/30
f 1028/1058/66 1153/1157/66 1080/1158/66
f 988/1033/30 954/1159/30 989/1133/30
f 939/1141/33 1164/1160/33 944/1061/33
f 953/1161/30 991/1002/30 990/1116/30
f 806/704/23 1086/1042/23 817/694/23
f 1006/1128/33 1121/1162/33 1124/1163/33
f 945/1164/23 1084/1047/23 1085/1165/23
f 959/1124/33 1192/1166/33 1169/1167/33
f 943/1051/23 1082/972/23 1083/1049/23
f 729/773/16 1081/1053/16 740/764/16
f 1081/1053/33 1133/1168/33 1027/1054/33
f 1073/1010/16 1079/1059/16 1080/1158/16
f 990/1116/66 1167/1169/66 953/1161/66
f 1075/1017/16 1077/941/16 1078/1063/16
f 564/925/31 996/1055/31 1071/1029/31
f 955/1121/66 1102/1170/66 948/1132/66
f 995/1031/31 1069/1035/31 1070/1171/31
f 954/1159/33 1181/1172/33 989/1133/33
f 993/1114/31 1067/998/31 1068/1040/31
f 652/844/9 1066/1065/9 663/833/9
f 968/1111/66 1131/1173/66 1025/1174/66
f 1058/1021/9 1064/1068/9 1065/1045/9
f 1053/1083/66 1206/1175/66 1050/1041/66
f 1060/1028/9 1062/977/9 1063/1072/9
f 575/915/2 1056/1074/2 586/905/2
f 956/1130/33 1101/1176/33 1104/1177/33
f 1048/1034/2 1054/1080/2 1055/1138/2
f 1049/1036/33 1208/1014/33 1054/1080/33
f 1050/1041/2 1052/949/2 1053/1083/2
f 828/684/25 1046/1009/25 839/674/25
f 1026/1106/33 1109/1178/33 967/1107/33
f 1038/1046/25 1044/1090/25 1045/1179/25
f 1003/1024/66 1186/1180/66 1000/1094/66
f 1040/1052/25 1042/990/25 1043/1070/25
f 751/754/18 1036/1095/18 762/744/18
f 1090/1154/66 1107/1181/66 965/1153/66
f 1028/1058/18 1034/1101/18 1035/1182/18
f 1030/1064/66 1217/1183/66 1078/1063/66
f 1030/1064/18 1032/968/18 1033/1104/18
f 674/823/11 1026/1106/11 685/814/11
f 1091/1018/33 1108/1184/33 1158/1185/33
f 1018/1043/11 1024/1112/11 1025/1174/11
f 1004/1037/33 1185/1186/33 1188/1187/33
f 1020/1073/11 1022/1003/11 1023/1117/11
f 597/894/4 1016/1119/4 608/884/4
f 1065/1045/66 1146/1188/66 1058/1021/66
f 1008/1079/4 1014/1123/4 1015/1086/4
f 1079/1059/33 1197/1189/33 1029/1060/33
f 1010/1084/4 1012/986/4 1013/1126/4
f 850/664/27 1006/1128/27 861/654/27
f 1066/1065/33 1145/1190/33 1148/1191/33
f 998/1089/27 1004/1037/27 1005/1151/27
f 953/1161/66 1166/1025/66 950/1136/66
f 1000/1094/27 1002/960/27 1003/1024/27
f 894/610/1 996/1055/1 553/608/1
f 1015/1086/66 1126/1192/66 1008/1079/66
f 988/1033/1 994/1135/1 995/1031/1
f 970/1118/66 1195/1193/66 1023/1117/66
f 990/1116/1 992/997/1 993/1114/1
f 773/734/20 986/1137/20 784/724/20
f 1038/1046/66 1155/1194/66 1085/1165/66
f 978/1100/20 984/1140/20 985/1195/20
f 954/1159/33 1165/1038/33 1168/1196/33
f 980/1105/20 982/978/20 983/1144/20
f 696/804/13 976/1197/13 707/794/13
f 1007/1075/33 1128/1109/33 1016/1119/33
f 968/1111/13 974/1198/13 975/1147/13
f 969/1113/33 1196/1199/33 1173/1200/33
f 970/1118/13 972/952/13 973/1150/13
f 619/873/6 966/1201/6 630/864/6
f 1086/1042/33 1137/1202/33 1037/1007/33
f 958/1122/6 964/1203/6 965/1153/6
f 1088/1027/66 1171/1204/66 963/1156/66
f 960/1127/6 962/965/6 963/1156/6
f 872/643/29 956/1130/29 883/629/29
f 958/1122/66 1107/1181/66 1106/1087/66
f 948/1132/29 954/1159/29 955/1121/29
f 1089/1022/33 1172/1205/33 1222/1206/33
f 950/1136/29 952/969/29 953/1161/29
f 795/714/22 946/1099/22 806/704/22
f 978/1100/66 1135/1207/66 1035/1182/66
f 938/1076/22 944/1061/22 945/1164/22
f 1060/1028/66 1211/1125/66 1210/1208/66
f 940/1145/22 942/1004/22 943/1051/22
f 1151/1020/15 1159/1209/15 1152/1210/15
f 1145/1190/8 1157/1211/8 1146/1188/8
f 1141/1212/32 1149/1213/32 1142/1139/32
f 1137/1202/24 1155/1194/24 1138/1214/24
f 1133/1168/17 1153/1157/17 1134/1215/17
f 1129/1067/10 1147/1044/10 1130/1216/10
f 1125/1217/3 1143/1218/3 1126/1192/3
f 1121/1162/26 1139/1219/26 1122/1152/26
f 1113/1220/19 1135/1207/19 1114/1221/19
f 1109/1178/12 1131/1173/12 1110/1222/12
f 1105/1110/5 1127/1088/5 1106/1087/5
f 1101/1176/28 1123/1223/28 1102/1170/28
f 1097/1224/21 1115/1225/21 1098/1078/21
f 1112/1226/14 1159/1209/14 1160/1227/14
f 1108/1184/7 1157/1211/7 1158/1185/7
f 1117/1056/30 1103/1120/30 1118/1032/30
f 1100/1098/23 1155/1194/23 1156/1228/23
f 1151/1020/16 1153/1157/16 1154/1229/16
f 1120/1057/31 1149/1213/31 1150/1230/31
f 1145/1190/9 1147/1044/9 1148/1191/9
f 1141/1212/2 1143/1218/2 1144/1146/2
f 1137/1202/25 1139/1219/25 1140/1008/25
f 1133/1168/18 1135/1207/18 1136/1231/18
f 1129/1067/11 1131/1173/11 1132/1232/11
f 1125/1217/4 1127/1088/4 1128/1109/4
f 1121/1162/27 1123/1223/27 1124/1163/27
f 1117/1056/1 1119/1233/1 1120/1057/1
f 1113/1220/20 1115/1225/20 1116/1234/20
f 1109/1178/13 1111/1235/13 1112/1226/13
f 1105/1110/6 1107/1181/6 1108/1184/6
f 1101/1176/29 1103/1120/29 1104/1177/29
f 1097/1224/22 1099/1077/22 1100/1098/22
f 1095/1148/66 1152/1210/66 1159/1209/66
f 1045/1179/66 1138/1214/66 1038/1046/66
f 1086/1042/33 1100/1098/33 1156/1228/33
f 1085/1165/66 1099/1077/66 945/1164/66
f 947/1129/33 1124/1163/33 1101/1176/33
f 948/1132/66 1123/1223/66 1005/1151/66
f 1007/1075/33 1144/1146/33 1125/1217/33
f 986/1137/33 1113/1220/33 1116/1234/33
f 1008/1079/66 1143/1218/66 1055/1138/66
f 985/1195/66 1114/1221/66 978/1100/66
f 1091/1018/33 1145/1190/33 1057/1019/33
f 1027/1054/33 1136/1231/33 1036/1095/33
f 1058/1021/66 1157/1211/66 1090/1154/66
f 1035/1182/66 1134/1215/66 1028/1058/66
f 1072/1006/33 1154/1229/33 1081/1053/33
f 1080/1158/66 1152/1210/66 1073/1010/66
f 986/1137/33 1097/1224/33 937/1097/33
f 938/1076/66 1115/1225/66 985/1195/66
f 1046/1009/33 1121/1162/33 997/1085/33
f 967/1107/33 1112/1226/33 976/1197/33
f 1045/1179/66 1122/1152/66 1139/1219/66
f 968/1111/66 1111/1235/66 1110/1222/66
f 1047/1030/33 1150/1230/33 1141/1212/33
f 1017/1066/33 1132/1232/33 1026/1106/33
f 1048/1034/66 1149/1213/66 1070/1171/66
f 1025/1174/66 1130/1216/66 1018/1043/66
f 996/1055/33 1150/1230/33 1071/1029/33
f 995/1031/66 1149/1213/66 1119/1233/66
f 976/1197/33 1160/1227/33 1096/1005/33
f 1095/1148/66 1111/1235/66 975/1147/66
f 1036/1095/33 1113/1220/33 977/1096/33
f 957/1108/33 1108/1184/33 966/1201/33
f 1224/1236/15 1216/1081/15 1215/1103/15
f 1222/1206/8 1210/1208/8 1209/1237/8
f 1214/1238/32 1206/1175/32 1205/1239/32
f 1220/1062/24 1202/1071/24 1201/1092/24
f 1218/1240/17 1198/1241/17 1197/1189/17
f 1212/1142/10 1194/1242/10 1193/1143/10
f 1208/1014/3 1190/1243/3 1189/1015/3
f 1204/1093/26 1186/1180/26 1185/1186/26
f 1200/1244/19 1178/1245/19 1177/1246/19
f 1196/1199/12 1174/1247/12 1173/1200/12
f 1192/1166/5 1170/1248/5 1169/1167/5
f 1188/1187/28 1166/1025/28 1165/1038/28
f 1180/1249/21 1162/1149/21 1161/1250/21
f 1176/1251/14 1223/1082/14 1224/1236/14
f 1172/1205/7 1221/1252/7 1222/1206/7
f 1168/1196/30 1182/1115/30 1181/1172/30
f 1220/1062/23 1163/1050/23 1219/1253/23
f 1215/1103/16 1217/1183/16 1218/1240/16
f 1184/1134/31 1213/1254/31 1214/1238/31
f 1209/1237/9 1211/1125/9 1212/1142/9
f 1205/1239/2 1207/1255/2 1208/1014/2
f 1201/1092/25 1203/1256/25 1204/1093/25
f 1197/1189/18 1199/1257/18 1200/1244/18
f 1193/1143/11 1195/1193/11 1196/1199/11
f 1189/1015/4 1191/1155/4 1192/1166/4
f 1185/1186/27 1187/1026/27 1188/1187/27
f 1181/1172/1 1183/1258/1 1184/1134/1
f 1177/1246/20 1179/1259/20 1180/1249/20
f 1173/1200/13 1175/1260/13 1176/1251/13
f 1169/1167/6 1171/1204/6 1172/1205/6
f 1165/1038/29 1167/1169/29 1168/1196/29
f 1161/1250/22 1163/1050/22 1164/1160/22
f 979/1102/33 1180/1249/33 984/1140/33
f 1010/1084/66 1207/1255/66 1053/1083/66
f 983/1144/66 1178/1245/66 980/1105/66
f 1089/1022/33 1209/1237/33 1059/1023/33
f 1029/1060/33 1200/1244/33 1034/1101/33
f 1060/1028/66 1221/1252/66 1088/1027/66
f 1030/1064/66 1199/1257/66 1198/1241/66
f 1079/1059/33 1215/1103/33 1218/1240/33
f 1078/1063/66 1216/1081/66 1075/1017/66
f 939/1141/33 1180/1249/33 1161/1250/33
f 940/1145/66 1179/1259/66 983/1144/66
f 1044/1090/33 1185/1186/33 999/1091/33
f 974/1198/33 1173/1200/33 1176/1251/33
f 1043/1070/66 1186/1180/66 1203/1256/66
f 973/1150/66 1174/1247/66 970/1118/66
f 1049/1036/33 1214/1238/33 1205/1239/33
f 1019/1069/33 1196/1199/33 1024/1112/33
f 1050/1041/66 1213/1254/66 1068/1040/66
f 1020/1073/66 1195/1193/66 1194/1242/66
f 994/1135/33 1214/1238/33 1069/1035/33
f 993/1114/66 1213/1254/66 1183/1258/66
f 1094/1011/33 1176/1251/33 1224/1236/33
f 1093/1016/66 1175/1260/66 973/1150/66
f 1034/1101/33 1177/1246/33 979/1102/33
f 959/1124/33 1172/1205/33 964/1203/33
f 1033/1104/66 1178/1245/66 1199/1257/66
f 963/1156/66 1170/1248/66 960/1127/66
f 1084/1047/33 1201/1092/33 1039/1048/33
f 1014/1123/33 1189/1015/33 1192/1166/33
f 1040/1052/66 1219/1253/66 1083/1049/66
f 1010/1084/66 1191/1155/66 1190/1243/66
f 1064/1068/33 1209/1237/33 1212/1142/33
f 1257/946/387 1234/1261/387 1271/983/387
f 1237/1262/388 925/1263/388 1236/1264/388
f 1258/970/389 1227/1265/389 1272/971/389
f 1259/996/390 1250/1266/390 1273/993/390
f 1260/957/391 1243/1267/391 1274/951/391
f 1261/979/392 1236/1264/392 1275/945/392
f 1262/999/393 1226/1268/393 1276/1000/393
f 1263/961/394 1229/1269/394 1277/962/394
f 1264/964/395 1252/1270/395 1278/985/395
f 1265/987/396 1245/1271/396 1279/956/396
f 1266/942/397 1238/1272/397 1280/967/397
f 1267/973/398 1231/1273/398 1281/991/398
f 1268/995/399 1254/1274/399 1282/948/399
f 1269/955/400 1247/1275/400 1283/976/400
f 1276/1000/401 1256/1276/401 1284/994/401
f 1270/981/402 1240/1277/402 1285/959/402
f 1286/984/403 1234/1261/403 1233/1278/403
f 1272/971/404 1225/1279/404 1262/999/404
f 1273/993/405 1249/1280/405 1287/954/405
f 1288/989/406 1243/1267/406 1242/1281/406
f 1275/945/407 1235/1282/407 1257/946/407
f 1277/962/408 1228/1283/408 1258/970/408
f 1278/985/409 1251/1284/409 1259/996/409
f 1279/956/410 1244/1285/410 1260/957/410
f 1280/967/411 1237/1262/411 1261/979/411
f 1281/991/412 1230/1286/412 1263/961/412
f 1282/948/413 1253/1287/413 1264/964/413
f 1283/976/414 1246/1288/414 1265/987/414
f 1285/959/415 1239/1289/415 1266/942/415
f 1286/984/416 1232/1290/416 1267/973/416
f 1268/995/417 1256/1276/417 1255/1291/417
f 1287/954/418 1248/1292/418 1269/955/418
f 1288/989/419 1241/1293/419 1270/981/419
f 1251/1284/420 911/1294/420 1250/1266/420
f 1238/1272/421 924/1295/421 1237/1262/421
f 1252/1270/422 910/1296/422 1251/1284/422
f 1239/1289/423 923/1297/423 1238/1272/423
f 1225/1279/424 935/1298/424 1226/1268/424
f 1253/1287/425 909/1299/425 1252/1270/425
f 1240/1277/426 922/1300/426 1239/1289/426
f 1227/1265/427 936/1301/427 1225/1279/427
f 1254/1274/428 908/1302/428 1253/1287/428
f 1241/1293/429 921/1303/429 1240/1277/429
f 1228/1283/430 934/1304/430 1227/1265/430
f 1255/1291/431 907/1305/431 1254/1274/431
f 1242/1281/432 920/1306/432 1241/1293/432
f 1229/1269/433 933/1307/433 1228/1283/433
f 1256/1276/434 906/1308/434 1255/1291/434
f 1243/1267/435 919/1309/435 1242/1281/435
f 1230/1286/436 932/1310/436 1229/1269/436
f 1226/1268/437 905/1311/437 1256/1276/437
f 1244/1285/438 918/140/438 1243/1267/438
f 1231/1273/439 931/1312/439 1230/1286/439
f 1245/1271/440 917/1313/440 1244/1285/440
f 1232/1290/441 930/143/441 1231/1273/441
f 1246/1288/442 916/1314/442 1245/1271/442
f 1233/1278/443 929/1315/443 1232/1290/443
f 1247/1275/444 915/1316/444 1246/1288/444
f 1234/1261/445 928/1317/445 1233/1278/445
f 1248/1292/446 914/1318/446 1247/1275/446
f 1235/1282/447 927/1319/447 1234/1261/447
f 1249/1280/448 913/1320/448 1248/1292/448
f 1236/1264/449 926/1321/449 1235/1282/449
f 1250/1266/450 912/1322/450 1249/1280/450
f 99/1323/16 1306/1324/16 1302/1325/16
f 105/1326/17 1310/1327/17 1306/1324/17
f 108/1328/18 1308/1329/18 1310/1327/18
f 111/1330/19 1320/1331/19 1308/1329/19
f 116/1332/20 1320/1331/20 114/1333/20
f 119/1334/21 1314/1335/21 116/1332/21
f 122/1336/22 1319/1337/22 119/1334/22
f 125/1338/23 1316/1339/23 122/1336/23
f 128/1340/24 1315/1341/24 125/1338/24
f 131/1342/25 1318/1343/25 128/1340/25
f 135/1344/26 1317/1345/26 131/1342/26
f 138/1346/27 1312/1347/27 135/1344/27
f 141/1348/28 1313/1349/28 138/1346/28
f 144/1350/29 1311/1351/29 141/1348/29
f 147/1352/30 1309/1353/30 144/1350/30
f 149/1354/1 1307/1355/1 147/1352/1
f 152/1356/31 1305/1357/31 149/1354/31
f 155/1358/32 1301/1359/32 152/1356/32
f 158/1360/2 1304/1361/2 155/1358/2
f 162/1362/3 1299/1363/3 158/1360/3
f 162/1362/4 1293/1364/4 1295/1365/4
f 164/1366/5 1290/1367/5 1293/1364/5
f 168/1368/6 1291/1369/6 1290/1367/6
f 170/1370/7 1289/1371/7 1291/1369/7
f 173/1372/8 1292/1373/8 1289/1371/8
f 176/1374/9 1296/1375/9 1292/1373/9
f 179/1376/10 1294/1377/10 1296/1375/10
f 182/1378/11 1297/1379/11 1294/1377/11
f 185/1380/12 1300/1381/12 1297/1379/12
f 189/1382/13 1298/1383/13 1300/1381/13
f 191/1384/14 1303/1385/14 1298/1383/14
f 194/1386/15 1302/1387/15 1303/1385/15
f 164/1388/66 141/1389/66 116/1390/66
f 101/1391/451 100/1392/451 98/1393/451
f 1343/1394/452 1344/1395/452 104/1396/452
f 1324/1397/453 1321/1398/453 98/1399/453
f 1334/1400/66 1336/1401/66 101/1402/66
f 1339/1403/33 1337/1404/33 104/1405/33
f 1348/1406/31 1349/1407/31 1347/1408/31
f 1350/1409/32 1351/1410/32 1349/1407/32
f 1352/1411/2 1353/1412/2 1351/1410/2
f 1354/1413/3 1355/1414/3 1353/1412/3
f 1356/1415/4 1357/1416/4 1355/1414/4
f 1358/1417/5 1359/1418/5 1357/1416/5
f 1360/1419/6 1361/1420/6 1359/1418/6
f 1362/1421/7 1363/1422/7 1361/1420/7
f 1364/1423/8 1365/1424/8 1363/1422/8
f 1366/1425/9 1367/1426/9 1365/1424/9
f 1368/1427/10 1369/1428/10 1367/1426/10
f 1370/1429/11 1371/1430/11 1369/1428/11
f 1372/1431/12 1373/1432/12 1371/1430/12
f 1374/1433/13 1375/1434/13 1373/1432/13
f 1376/1435/14 1377/1436/14 1375/1434/14
f 1378/1437/15 1379/1438/15 1377/1436/15
f 1380/1439/16 1381/1440/16 1379/1438/16
f 1382/1441/17 1383/1442/17 1381/1440/17
f 1384/1443/18 1385/1444/18 1383/1442/18
f 1386/1445/19 1387/1446/19 1385/1444/19
f 1388/1447/20 1389/1448/20 1387/1446/20
f 1390/1449/21 1391/1450/21 1389/1448/21
f 1392/1451/22 1393/1452/22 1391/1450/22
f 1394/1453/23 1395/1454/23 1393/1452/23
f 1396/1455/24 1397/1456/24 1395/1454/24
f 1398/1457/25 1399/1458/25 1397/1456/25
f 1400/1459/26 1401/1460/26 1399/1458/26
f 1402/1461/27 1403/1462/27 1401/1460/27
f 1404/1463/28 1405/1464/28 1403/1462/28
f 1406/1465/29 1407/1466/29 1405/1464/29
f 1400/1467/66 1384/1468/66 1368/1469/66
f 1408/1470/30 1409/1471/30 1407/1466/30
f 1410/1472/1 1347/1473/1 1409/1471/1
f 1361/1474/33 1377/1475/33 1393/1476/33
f 1412/1477/31 1413/1478/31 1411/1479/31
f 1414/1480/32 1415/1481/32 1413/1478/32
f 1416/1482/2 1417/1483/2 1415/1481/2
f 1418/1484/3 1419/1485/3 1417/1483/3
f 1420/1486/4 1421/1487/4 1419/1485/4
f 1422/1488/5 1423/1489/5 1421/1487/5
f 1424/1490/6 1425/1491/6 1423/1489/6
f 1426/1492/7 1427/1493/7 1425/1491/7
f 1428/1494/8 1429/1495/8 1427/1493/8
f 1430/1496/9 1431/1497/9 1429/1495/9
f 1432/1498/10 1433/1499/10 1431/1497/10
f 1434/1500/11 1435/1501/11 1433/1499/11
f 1436/1502/12 1437/1503/12 1435/1501/12
f 1438/1504/13 1439/1505/13 1437/1503/13
f 1440/1506/14 1441/1507/14 1439/1505/14
f 1442/1508/15 1443/1509/15 1441/1507/15
f 1444/1510/16 1445/1511/16 1443/1509/16
f 1446/1512/17 1447/1513/17 1445/1511/17
f 1448/1514/18 1449/1515/18 1447/1513/18
f 1450/1516/19 1451/1517/19 1449/1515/19
f 1452/1518/20 1453/1519/20 1451/1517/20
f 1454/1520/21 1455/1521/21 1453/1519/21
f 1456/1522/22 1457/1523/22 1455/1521/22
f 1458/1524/23 1459/1525/23 1457/1523/23
f 1460/1526/24 1461/1527/24 1459/1525/24
f 1462/1528/25 1463/1529/25 1461/1527/25
f 1464/1530/26 1465/1531/26 1463/1529/26
f 1466/1532/27 1467/1533/27 1465/1531/27
f 1468/1534/28 1469/1535/28 1467/1533/28
f 1470/1536/29 1471/1537/29 1469/1535/29
f 1416/1538/66 1464/1539/66 1448/1540/66
f 1472/1541/30 1473/1542/30 1471/1537/30
f 1474/1543/1 1411/1544/1 1473/1542/1
f 1473/1545/33 1425/1546/33 1441/1547/33
f 1476/1548/31 1477/1549/31 1475/1550/31
f 1478/1551/32 1479/1552/32 1477/1549/32
f 1480/1553/2 1481/1554/2 1479/1552/2
f 1482/1555/3 1483/1556/3 1481/1554/3
f 1484/1557/4 1485/1558/4 1483/1556/4
f 1486/1559/5 1487/1560/5 1485/1558/5
f 1488/1561/6 1489/1562/6 1487/1560/6
f 1490/1563/7 1491/1564/7 1489/1562/7
f 1492/1565/8 1493/1566/8 1491/1564/8
f 1494/1567/9 1495/1568/9 1493/1566/9
f 1496/1569/10 1497/1570/10 1495/1568/10
f 1498/1571/11 1499/1572/11 1497/1570/11
f 1500/1573/12 1501/1574/12 1499/1572/12
f 1502/1575/13 1503/1576/13 1501/1574/13
f 1504/1577/14 1505/1578/14 1503/1576/14
f 1506/1579/15 1507/1580/15 1505/1578/15
f 1508/1581/16 1509/1582/16 1507/1580/16
f 1510/1583/17 1511/1584/17 1509/1582/17
f 1512/1585/18 1513/1586/18 1511/1584/18
f 1514/1587/19 1515/1588/19 1513/1586/19
f 1516/1589/20 1517/1590/20 1515/1588/20
f 1518/1591/21 1519/1592/21 1517/1590/21
f 1520/1593/22 1521/1594/22 1519/1592/22
f 1522/1595/23 1523/1596/23 1521/1594/23
f 1524/1597/24 1525/1598/24 1523/1596/24
f 1526/1599/25 1527/1600/25 1525/1598/25
f 1528/1601/26 1529/1602/26 1527/1600/26
f 1530/1603/27 1531/1604/27 1529/1602/27
f 1532/1605/28 1533/1606/28 1531/1604/28
f 1534/1607/29 1535/1608/29 1533/1606/29
f 1512/1609/66 1496/1610/66 1480/1611/66
f 1536/1612/30 1537/1613/30 1535/1608/30
f 1538/1614/1 1475/1615/1 1537/1613/1
f 1505/1616/33 1521/1617/33 1537/1618/33
f 1540/1619/31 1541/1620/31 1539/1621/31
f 1542/1622/32 1543/1623/32 1541/1620/32
f 1544/1624/2 1545/1625/2 1543/1623/2
f 1546/1626/3 1547/1627/3 1545/1625/3
f 1548/1628/4 1549/1629/4 1547/1627/4
f 1550/1630/5 1551/1631/5 1549/1629/5
f 1552/1632/6 1553/1633/6 1551/1631/6
f 1554/1634/7 1555/1635/7 1553/1633/7
f 1556/1636/8 1557/1637/8 1555/1635/8
f 1558/1638/9 1559/1639/9 1557/1637/9
f 1560/1640/10 1561/1641/10 1559/1639/10
f 1562/1642/11 1563/1643/11 1561/1641/11
f 1564/1644/12 1565/1645/12 1563/1643/12
f 1566/1646/13 1567/1647/13 1565/1645/13
f 1568/1648/14 1569/1649/14 1567/1647/14
f 1570/1650/15 1571/1651/15 1569/1649/15
f 1572/1652/16 1573/1653/16 1571/1651/16
f 1574/1654/17 1575/1655/17 1573/1653/17
f 1576/1656/18 1577/1657/18 1575/1655/18
f 1578/1658/19 1579/1659/19 1577/1657/19
f 1580/1660/20 1581/1661/20 1579/1659/20
f 1582/1662/21 1583/1663/21 1581/1661/21
f 1584/1664/22 1585/1665/22 1583/1663/22
f 1586/1666/23 1587/1667/23 1585/1665/23
f 1588/1668/24 1589/1669/24 1587/1667/24
f 1590/1670/25 1591/1671/25 1589/1669/25
f 1592/1672/26 1593/1673/26 1591/1671/26
f 1594/1674/27 1595/1675/27 1593/1673/27
f 1596/1676/28 1597/1677/28 1595/1675/28
f 1598/1678/29 1599/1679/29 1597/1677/29
f 1576/1680/66 1560/1681/66 1544/1682/66
f 1600/1683/30 1601/1684/30 1599/1679/30
f 1602/1685/1 1539/1686/1 1601/1684/1
f 1569/1687/33 1585/1688/33 1601/1689/33
f 1604/1690/454 1605/1691/454 1603/1692/454
f 1606/1693/455 1607/1694/455 1605/1691/455
f 1608/1695/456 1609/1696/456 1607/1694/456
f 1610/1697/457 1611/1698/457 1609/1696/457
f 1612/1699/458 1613/1700/458 1611/1698/458
f 1614/1701/459 1615/1702/459 1613/1700/459
f 1616/1703/460 1617/1704/460 1615/1702/460
f 1618/1705/461 1619/1706/461 1617/1704/461
f 1620/1707/462 1621/1708/462 1619/1706/462
f 1622/1709/463 1623/1710/463 1621/1708/463
f 1624/1711/464 1625/1712/464 1623/1710/464
f 1626/1713/465 1627/1714/465 1625/1712/465
f 1628/1715/466 1629/1716/466 1627/1714/466
f 1630/1717/467 1631/1718/467 1629/1716/467
f 1632/1719/468 1633/1720/468 1631/1718/468
f 1634/1721/469 1635/1722/469 1633/1720/469
f 1636/1723/470 1637/1724/470 1635/1722/470
f 1638/1725/471 1639/1726/471 1637/1724/471
f 1640/1727/472 1641/1728/472 1639/1726/472
f 1642/1729/473 1643/1730/473 1641/1728/473
f 1644/1731/474 1645/1732/474 1643/1730/474
f 1646/1733/475 1647/1734/475 1645/1732/475
f 1648/1735/476 1649/1736/476 1647/1734/476
f 1650/1737/477 1651/1738/477 1649/1736/477
f 1652/1739/478 1653/1740/478 1651/1738/478
f 1654/1741/479 1655/1742/479 1653/1740/479
f 1656/1743/480 1657/1744/480 1655/1742/480
f 1658/1745/481 1659/1746/481 1657/1744/481
f 1660/1747/482 1661/1748/482 1659/1746/482
f 1662/1749/483 1663/1750/483 1661/1748/483
f 1612/1751/452 1610/1752/452 1660/1753/452
f 1664/1754/484 1665/1755/484 1663/1750/484
f 1666/1756/485 1603/1757/485 1665/1755/485
f 1661/1758/453 1663/1759/453 1609/1760/453
f 1668/1761/454 1669/1762/454 1667/1763/454
f 1670/1764/455 1671/1765/455 1669/1762/455
f 1672/1766/456 1673/1767/456 1671/1765/456
f 1674/1768/457 1675/1769/457 1673/1767/457
f 1676/1770/458 1677/1771/458 1675/1769/458
f 1678/1772/459 1679/1773/459 1677/1771/459
f 1680/1774/460 1681/1775/460 1679/1773/460
f 1682/1776/461 1683/1777/461 1681/1775/461
f 1684/1778/462 1685/1779/462 1683/1777/462
f 1686/1780/463 1687/1781/463 1685/1779/463
f 1688/1782/464 1689/1783/464 1687/1781/464
f 1690/1784/465 1691/1785/465 1689/1783/465
f 1692/1786/466 1693/1787/466 1691/1785/466
f 1694/1788/467 1695/1789/467 1693/1787/467
f 1696/1790/468 1697/1791/468 1695/1789/468
f 1698/1792/469 1699/1793/469 1697/1791/469
f 1700/1794/470 1701/1795/470 1699/1793/470
f 1702/1796/471 1703/1797/471 1701/1795/471
f 1704/1798/472 1705/1799/472 1703/1797/472
f 1706/1800/473 1707/1801/473 1705/1799/473
f 1708/1802/474 1709/1803/474 1707/1801/474
f 1710/1804/475 1711/1805/475 1709/1803/475
f 1712/1806/476 1713/1807/476 1711/1805/476
f 1714/1808/477 1715/1809/477 1713/1807/477
f 1716/1810/478 1717/1811/478 1715/1809/478
f 1718/1812/479 1719/1813/479 1717/1811/479
f 1720/1814/480 1721/1815/480 1719/1813/480
f 1722/1816/481 1723/1817/481 1721/1815/481
f 1724/1818/482 1725/1819/482 1723/1817/482
f 1726/1820/483 1727/1821/483 1725/1819/483
f 1676/1822/452 1674/1823/452 1724/1824/452
f 1728/1825/484 1729/1826/484 1727/1821/484
f 1730/1827/485 1667/1828/485 1729/1826/485
f 1725/1829/453 1727/1830/453 1673/1831/453
f 96/1/1 34/105/1 1/2/1
f 38/4/2 40/7/2 4/5/2
f 40/7/3 42/9/3 5/8/3
f 42/9/4 44/11/4 6/10/4
f 44/11/5 46/13/5 7/12/5
f 46/13/6 48/15/6 8/14/6
f 48/15/7 50/17/7 9/16/7
f 50/17/8 52/19/8 10/18/8
f 52/19/9 54/21/9 11/20/9
f 54/21/10 56/23/10 12/22/10
f 56/23/11 58/25/11 13/24/11
f 58/25/12 60/27/12 14/26/12
f 60/27/13 62/29/13 15/28/13
f 62/29/14 64/31/14 16/30/14
f 64/31/15 66/33/15 17/32/15
f 66/33/16 68/35/16 18/34/16
f 68/35/17 70/37/17 19/36/17
f 70/37/18 72/39/18 20/38/18
f 72/39/19 74/41/19 21/40/19
f 74/41/20 76/43/20 22/42/20
f 76/43/21 78/45/21 23/44/21
f 78/45/22 80/47/22 24/46/22
f 80/47/23 82/49/23 25/48/23
f 82/49/24 84/51/24 26/50/24
f 84/51/25 86/53/25 27/52/25
f 86/53/26 88/55/26 28/54/26
f 88/55/27 90/57/27 29/56/27
f 90/57/28 92/59/28 30/58/28
f 92/59/29 94/61/29 31/60/29
f 94/61/30 96/1/30 32/3/30
f 34/62/31 36/65/31 2/63/31
f 36/65/32 38/4/32 3/6/32
f 32/1832/33 1/1833/33 2/1834/33
f 2/1834/33 3/1835/33 4/1836/33
f 4/1836/33 5/1837/33 6/1838/33
f 6/1838/33 7/1839/33 8/66/33
f 8/66/33 9/1840/33 10/1841/33
f 10/1841/33 11/1842/33 12/1843/33
f 12/1843/33 13/1844/33 14/1845/33
f 14/1845/33 15/1846/33 16/67/33
f 16/67/33 17/1847/33 18/1848/33
f 18/1848/33 19/1849/33 20/1850/33
f 20/1850/33 21/1851/33 22/1852/33
f 22/1852/33 23/1853/33 24/68/33
f 24/68/33 25/1854/33 26/1855/33
f 26/1855/33 27/1856/33 24/68/33
f 27/1856/33 28/1857/33 24/68/33
f 28/1857/33 29/1858/33 30/1859/33
f 30/1859/33 31/1860/33 28/1857/33
f 31/1860/33 32/1832/33 28/1857/33
f 32/1832/33 2/1834/33 8/66/33
f 2/1834/33 4/1836/33 8/66/33
f 4/1836/33 6/1838/33 8/66/33
f 8/66/33 10/1841/33 12/1843/33
f 12/1843/33 14/1845/33 8/66/33
f 14/1845/33 16/67/33 8/66/33
f 16/67/33 18/1848/33 24/68/33
f 18/1848/33 20/1850/33 24/68/33
f 20/1850/33 22/1852/33 24/68/33
f 24/68/33 28/1857/33 32/1832/33
f 32/1832/33 8/66/33 24/68/33
f 34/62/34 33/1861/34 35/69/34
f 36/65/35 35/1862/35 37/70/35
f 38/4/36 37/1863/36 39/71/36
f 40/7/37 39/1864/37 41/72/37
f 42/9/38 41/1865/38 43/73/38
f 44/11/39 43/1866/39 45/74/39
f 46/13/40 45/1867/40 47/75/40
f 48/15/41 47/1868/41 49/76/41
f 50/17/42 49/1869/42 51/77/42
f 54/21/43 52/19/43 51/78/43
f 56/23/44 54/21/44 53/80/44
f 58/25/45 56/23/45 55/82/45
f 58/25/46 57/1870/46 59/84/46
f 60/27/47 59/1871/47 61/85/47
f 62/29/48 61/1872/48 63/86/48
f 64/31/49 63/1873/49 65/87/49
f 66/33/50 65/1874/50 67/88/50
f 68/35/51 67/1875/51 69/89/51
f 70/37/52 69/1876/52 71/90/52
f 72/39/53 71/1877/53 73/91/53
f 74/41/54 73/1878/54 75/92/54
f 76/43/55 75/1879/55 77/93/55
f 78/45/56 77/1880/56 79/94/56
f 80/47/57 79/1881/57 81/95/57
f 84/51/58 82/49/58 81/96/58
f 84/51/59 83/1882/59 85/98/59
f 86/53/60 85/1883/60 87/99/60
f 88/55/61 87/1884/61 89/100/61
f 90/57/62 89/1885/62 91/101/62
f 92/59/63 91/1886/63 93/102/63
f 94/61/64 93/1887/64 95/103/64
f 96/1/65 95/1888/65 33/104/65
f 37/1889/66 35/1890/66 33/1891/66
f 33/1891/66 95/1892/66 93/1893/66
f 93/1893/66 91/1894/66 89/1895/66
f 89/1895/66 87/1896/66 85/106/66
f 85/106/66 83/1897/66 81/1898/66
f 81/1898/66 79/1899/66 77/1900/66
f 77/1900/66 75/1901/66 73/1902/66
f 73/1902/66 71/1903/66 77/1900/66
f 71/1903/66 69/107/66 77/1900/66
f 69/107/66 67/1904/66 65/1905/66
f 65/1905/66 63/1906/66 61/1907/66
f 61/1907/66 59/1908/66 57/1909/66
f 57/1909/66 55/1910/66 53/108/66
f 53/108/66 51/1911/66 49/1912/66
f 49/1912/66 47/1913/66 45/1914/66
f 45/1914/66 43/1915/66 41/1916/66
f 41/1916/66 39/1917/66 45/1914/66
f 39/1917/66 37/1889/66 45/1914/66
f 37/1889/66 33/1891/66 85/106/66
f 33/1891/66 93/1893/66 85/106/66
f 93/1893/66 89/1895/66 85/106/66
f 85/106/66 81/1898/66 69/107/66
f 81/1898/66 77/1900/66 69/107/66
f 69/107/66 65/1905/66 61/1907/66
f 61/1907/66 57/1909/66 69/107/66
f 57/1909/66 53/108/66 69/107/66
f 53/108/66 49/1912/66 37/1889/66
f 49/1912/66 45/1914/66 37/1889/66
f 37/1889/66 85/106/66 53/108/66
f 565/109/32 576/534/32 177/110/32
f 145/114/33 146/1918/33 148/1919/33
f 148/1919/33 97/1920/33 145/114/33
f 97/1920/33 102/1921/33 145/114/33
f 102/1921/33 103/1922/33 106/1923/33
f 106/1923/33 107/1924/33 102/1921/33
f 107/1924/33 109/1925/33 102/1921/33
f 109/1925/33 110/1926/33 115/1927/33
f 110/1926/33 112/1928/33 115/1927/33
f 112/1928/33 113/1929/33 115/1927/33
f 115/1927/33 117/1930/33 118/1931/33
f 118/1931/33 120/1932/33 115/1927/33
f 120/1932/33 121/112/33 115/1927/33
f 121/112/33 123/1933/33 124/1934/33
f 124/1934/33 126/1935/33 121/112/33
f 126/1935/33 127/1936/33 121/112/33
f 127/1936/33 129/1937/33 130/1938/33
f 130/1938/33 132/1939/33 133/113/33
f 133/113/33 134/1940/33 136/1941/33
f 136/1941/33 137/1942/33 139/1943/33
f 139/1943/33 140/1944/33 145/114/33
f 140/1944/33 142/1945/33 145/114/33
f 142/1945/33 143/1946/33 145/114/33
f 127/1936/33 130/1938/33 121/112/33
f 130/1938/33 133/113/33 121/112/33
f 133/113/33 136/1941/33 145/114/33
f 136/1941/33 139/1943/33 145/114/33
f 145/114/33 102/1921/33 109/1925/33
f 109/1925/33 115/1927/33 121/112/33
f 145/114/33 109/1925/33 121/112/33
f 424/115/1 150/575/1 97/116/1
f 297/118/66 459/467/66 457/119/66
f 422/121/1 153/607/1 151/122/1
f 367/124/66 539/468/66 537/125/66
f 420/127/1 156/131/1 154/128/1
f 419/130/1 157/133/1 156/131/1
f 418/132/1 159/135/1 157/133/1
f 417/134/1 160/137/1 159/135/1
f 416/136/1 161/548/1 160/137/1
f 1291/1947/66 1289/1948/66 928/1317/66
f 928/1317/66 927/1319/66 1291/1947/66
f 927/1319/66 926/1321/66 1290/1949/66
f 926/1321/66 925/1263/66 1293/1950/66
f 925/1263/66 924/1295/66 1295/1951/66
f 924/1295/66 923/1297/66 1295/1951/66
f 923/1297/66 922/1300/66 1299/1952/66
f 1295/1951/66 923/1297/66 1299/1952/66
f 922/1300/66 921/1303/66 1304/1953/66
f 921/1303/66 920/1306/66 1301/1954/66
f 1304/1953/66 921/1303/66 1301/1954/66
f 920/1306/66 919/1309/66 1307/1955/66
f 919/1309/66 918/140/66 1309/139/66
f 918/140/66 917/1313/66 1311/138/66
f 917/1313/66 916/1314/66 1313/1956/66
f 916/1314/66 915/1316/66 1313/1956/66
f 915/1316/66 914/1318/66 1312/1957/66
f 1313/1956/66 915/1316/66 1312/1957/66
f 914/1318/66 913/1320/66 1317/1958/66
f 913/1320/66 912/1322/66 1318/1959/66
f 1317/1958/66 913/1320/66 1318/1959/66
f 912/1322/66 911/1294/66 1316/1960/66
f 911/1294/66 910/1296/66 1319/1961/66
f 910/1296/66 909/1299/66 1314/1962/66
f 909/1299/66 908/1302/66 1320/1963/66
f 908/1302/66 907/1305/66 1320/1963/66
f 907/1305/66 906/1308/66 1308/1964/66
f 1320/1963/66 907/1305/66 1308/1964/66
f 906/1308/66 905/1311/66 1310/1965/66
f 905/1311/66 935/1298/66 1306/1966/66
f 1310/1965/66 905/1311/66 1306/1966/66
f 935/1298/66 1302/1967/66 1306/1966/66
f 911/1294/66 1319/1961/66 1316/1960/66
f 909/1299/66 1320/1963/66 1314/1962/66
f 919/1309/66 1309/139/66 1307/1955/66
f 917/1313/66 1313/1956/66 1311/138/66
f 927/1319/66 1290/1949/66 1291/1947/66
f 925/1263/66 1295/1951/66 1293/1950/66
f 1293/1950/66 1290/1949/66 926/1321/66
f 1310/1965/66 1308/1964/66 906/1308/66
f 1299/1952/66 922/1300/66 1304/1953/66
f 910/1296/66 1314/1962/66 1319/1961/66
f 1305/1968/66 1301/1954/66 920/1306/66
f 912/1322/66 1316/1960/66 1315/1969/66
f 912/1322/66 1315/1969/66 1318/1959/66
f 1307/1955/66 1305/1968/66 920/1306/66
f 1317/1958/66 1312/1957/66 914/1318/66
f 1303/1970/66 1302/1967/66 935/1298/66
f 935/1298/66 936/1301/66 1303/1970/66
f 936/1301/66 934/1304/66 1298/1971/66
f 934/1304/66 933/1307/66 1300/1972/66
f 933/1307/66 932/1310/66 1297/1973/66
f 932/1310/66 931/1312/66 1297/1973/66
f 931/1312/66 930/143/66 1294/142/66
f 1297/1973/66 931/1312/66 1294/142/66
f 930/143/66 929/1315/66 1296/141/66
f 929/1315/66 928/1317/66 1292/1974/66
f 1296/141/66 929/1315/66 1292/1974/66
f 928/1317/66 1289/1948/66 1292/1974/66
f 936/1301/66 1298/1971/66 1303/1970/66
f 933/1307/66 1297/1973/66 1300/1972/66
f 1300/1972/66 1298/1971/66 934/1304/66
f 415/144/30 424/115/30 148/117/30
f 406/146/33 484/551/33 486/147/33
f 413/148/30 422/121/30 423/123/30
f 198/150/33 496/602/33 498/151/33
f 411/153/30 420/127/30 421/129/30
f 410/155/30 419/130/30 420/127/30
f 409/156/30 418/132/30 419/130/30
f 408/157/30 417/134/30 418/132/30
f 407/158/30 416/136/30 417/134/30
f 406/146/29 415/144/29 146/145/29
f 289/160/33 458/560/33 460/161/33
f 404/163/29 413/148/29 414/149/29
f 250/165/66 513/487/66 511/166/66
f 402/168/29 411/153/29 412/154/29
f 401/170/29 410/155/29 411/153/29
f 400/171/29 409/156/29 410/155/29
f 399/172/29 408/157/29 409/156/29
f 398/173/29 407/158/29 408/157/29
f 884/174/30 895/1975/30 416/136/30
f 397/175/28 406/146/28 145/159/28
f 208/177/66 433/494/66 431/178/66
f 395/180/28 404/163/28 405/164/28
f 359/182/33 538/583/33 540/183/33
f 393/185/28 402/168/28 403/169/28
f 392/187/28 401/170/28 402/168/28
f 391/188/28 400/171/28 401/170/28
f 390/189/28 399/172/28 400/171/28
f 389/190/28 398/173/28 399/172/28
f 873/191/29 884/174/29 407/158/29
f 388/192/27 397/175/27 143/176/27
f 360/194/66 369/231/66 475/195/66
f 386/197/27 395/180/27 396/181/27
f 242/199/33 512/595/33 514/200/33
f 384/202/27 393/185/27 394/186/27
f 383/204/27 392/187/27 393/185/27
f 382/205/27 391/188/27 392/187/27
f 381/206/27 390/189/27 391/188/27
f 380/207/27 389/190/27 390/189/27
f 862/208/28 873/1976/28 398/173/28
f 379/209/26 388/192/26 142/193/26
f 209/211/33 200/507/33 432/212/33
f 377/214/26 386/197/26 387/198/26
f 322/216/66 529/521/66 527/217/66
f 375/219/26 384/202/26 385/203/26
f 374/221/26 383/204/26 384/202/26
f 373/222/26 382/205/26 383/204/26
f 372/223/26 381/206/26 382/205/26
f 371/224/26 380/207/26 381/206/26
f 851/225/27 862/208/27 389/190/27
f 370/226/25 379/209/25 140/210/25
f 252/228/66 449/529/66 447/229/66
f 368/184/25 377/214/25 378/215/25
f 314/232/33 528/587/33 530/233/33
f 366/235/25 375/219/25 376/220/25
f 365/236/25 374/221/25 375/219/25
f 364/237/25 373/222/25 374/221/25
f 363/238/25 372/223/25 373/222/25
f 362/239/25 371/224/25 372/223/25
f 840/240/26 851/225/26 380/207/26
f 361/241/24 370/226/24 139/227/24
f 361/241/33 474/553/33 476/243/33
f 359/182/24 368/184/24 369/231/24
f 216/244/66 221/470/66 503/245/66
f 357/247/24 366/235/24 367/124/24
f 356/248/24 365/236/24 366/235/24
f 355/249/24 364/237/24 365/236/24
f 354/250/24 363/238/24 364/237/24
f 353/251/24 362/239/24 363/238/24
f 829/252/25 840/240/25 371/224/25
f 352/253/23 361/241/23 137/242/23
f 244/255/33 448/564/33 450/256/33
f 350/258/23 359/182/23 360/194/23
f 394/186/66 545/581/66 543/260/66
f 348/261/23 357/247/23 358/126/23
f 347/263/23 356/248/23 357/247/23
f 346/264/23 355/249/23 356/248/23
f 345/265/23 354/250/23 355/249/23
f 344/266/23 353/251/23 354/250/23
f 818/267/24 829/252/24 362/239/24
f 343/268/22 352/253/22 136/254/22
f 315/270/66 324/305/66 465/271/66
f 341/273/22 350/258/22 351/259/22
f 217/275/33 502/599/33 504/276/33
f 339/278/22 348/261/22 349/262/22
f 338/280/22 347/263/22 348/261/22
f 337/281/22 346/264/22 347/263/22
f 336/282/22 345/265/22 346/264/22
f 335/283/22 344/266/22 345/265/22
f 807/284/23 818/267/23 353/251/23
f 334/285/21 343/268/21 134/269/21
f 316/287/33 464/558/33 466/288/33
f 332/290/21 341/273/21 342/274/21
f 395/180/33 386/197/33 544/292/33
f 330/294/21 339/278/21 340/279/21
f 329/296/21 338/280/21 339/278/21
f 328/297/21 337/281/21 338/280/21
f 327/298/21 336/282/21 337/281/21
f 326/299/21 335/283/21 336/282/21
f 796/300/22 807/284/22 344/266/22
f 325/289/20 334/285/20 133/286/20
f 223/302/66 439/568/66 437/303/66
f 323/234/20 332/290/20 333/291/20
f 277/306/66 519/592/66 517/307/66
f 321/309/20 330/294/20 331/295/20
f 320/310/20 329/296/20 330/294/20
f 319/311/20 328/297/20 329/296/20
f 318/312/20 327/298/20 328/297/20
f 317/313/20 326/299/20 327/298/20
f 785/314/21 796/300/21 335/283/21
f 316/287/19 325/289/19 132/301/19
f 387/198/66 396/181/66 481/316/66
f 314/232/19 323/234/19 324/305/19
f 269/318/33 518/593/33 520/319/33
f 312/321/19 321/309/19 322/216/19
f 311/322/19 320/310/19 321/309/19
f 310/323/19 319/311/19 320/310/19
f 309/324/19 318/312/19 319/311/19
f 308/325/19 317/313/19 318/312/19
f 774/326/20 785/314/20 326/299/20
f 307/327/18 316/287/18 130/315/18
f 219/329/33 438/569/33 440/330/33
f 305/332/18 314/232/18 315/270/18
f 184/334/66 493/603/66 491/335/66
f 303/337/18 312/321/18 313/218/18
f 302/339/18 311/322/18 312/321/18
f 301/340/18 310/323/18 311/322/18
f 300/341/18 309/324/18 310/323/18
f 299/342/18 308/325/18 309/324/18
f 763/343/19 774/326/19 317/313/19
f 298/162/17 307/327/17 129/328/17
f 388/192/33 480/552/33 482/345/33
f 296/346/17 305/332/17 306/333/17
f 349/262/66 535/584/66 533/347/66
f 294/348/17 303/337/17 304/338/17
f 293/350/17 302/339/17 303/337/17
f 292/351/17 301/340/17 302/339/17
f 291/352/17 300/341/17 301/340/17
f 290/353/17 299/342/17 300/341/17
f 752/354/18 763/343/18 308/325/18
f 289/160/16 298/162/16 127/344/16
f 279/356/66 455/561/66 453/357/66
f 287/359/16 296/346/16 297/118/16
f 172/360/33 492/604/33 494/361/33
f 285/363/16 294/348/16 295/349/16
f 284/365/16 293/350/16 294/348/16
f 283/366/16 292/351/16 293/350/16
f 282/367/16 291/352/16 292/351/16
f 281/368/16 290/353/16 291/352/16
f 741/369/17 752/354/17 299/342/17
f 280/370/15 289/160/15 126/355/15
f 280/370/33 271/383/33 454/372/33
f 278/320/15 287/359/15 288/120/15
f 236/374/66 509/596/66 507/375/66
f 276/377/15 285/363/15 286/364/15
f 275/378/15 284/365/15 285/363/15
f 274/379/15 283/366/15 284/365/15
f 273/380/15 282/367/15 283/366/15
f 272/381/15 281/368/15 282/367/15
f 730/382/16 741/1977/16 290/353/16
f 271/383/14 280/370/14 124/371/14
f 187/385/66 429/571/66 427/386/66
f 269/318/14 278/320/14 279/356/14
f 341/273/33 534/585/33 536/388/33
f 267/389/14 276/377/14 277/306/14
f 266/390/14 275/378/14 276/377/14
f 265/391/14 274/379/14 275/378/14
f 264/392/14 273/380/14 274/379/14
f 263/393/14 272/381/14 273/380/14
f 719/394/15 730/382/15 281/368/15
f 262/395/13 271/383/13 123/384/13
f 351/259/66 471/554/66 469/397/66
f 260/398/13 269/318/13 270/358/13
f 421/129/66 551/576/66 549/400/66
f 258/401/13 267/389/13 268/308/13
f 257/403/13 266/390/13 267/389/13
f 256/404/13 265/391/13 266/390/13
f 255/405/13 264/392/13 265/391/13
f 254/406/13 263/393/13 264/392/13
f 708/407/14 719/394/14 272/381/14
f 253/257/12 262/395/12 121/396/12
f 175/409/33 428/572/33 430/410/33
f 251/201/12 260/398/12 261/399/12
f 237/412/33 232/445/33 508/413/33
f 249/415/12 258/401/12 259/402/12
f 248/416/12 257/403/12 258/401/12
f 247/417/12 256/404/12 257/403/12
f 246/418/12 255/405/12 256/404/12
f 245/419/12 254/406/12 255/405/12
f 697/420/13 708/407/13 263/393/13
f 244/255/11 253/257/11 120/408/11
f 238/422/66 445/565/66 443/423/66
f 242/199/11 251/201/11 252/228/11
f 304/338/66 525/588/66 523/425/66
f 240/426/11 249/415/11 250/165/11
f 1321/1978/11 248/416/11 1323/428/11
f 248/416/11 249/415/11 1323/428/11
f 249/415/11 240/426/11 1323/428/11
f 248/416/11 1321/1978/11 1324/429/11
f 247/417/11 1324/429/11 1325/430/11
f 246/418/11 1325/430/11 1326/431/11
f 686/432/12 697/420/12 254/406/12
f 239/433/10 244/255/10 118/421/10
f 343/268/33 470/555/33 472/435/33
f 237/412/10 242/199/10 243/230/10
f 413/148/33 550/578/33 552/436/33
f 235/437/10 240/426/10 241/167/10
f 240/426/10 235/437/10 1327/438/10
f 1328/439/11 1329/450/11 675/440/11
f 686/432/11 245/419/11 1328/439/11
f 245/419/11 1326/431/11 1328/439/11
f 234/441/9 239/433/9 117/434/9
f 414/149/66 423/123/66 487/443/66
f 232/445/9 237/412/9 238/422/9
f 296/346/33 524/589/33 526/446/33
f 230/447/9 235/437/9 236/374/9
f 235/437/9 230/447/9 1330/448/9
f 664/449/10 675/440/10 1329/450/10
f 229/452/8 234/441/8 115/442/8
f 239/433/33 234/441/33 444/454/33
f 227/456/8 232/445/8 233/424/8
f 211/458/66 499/600/66 497/459/66
f 225/461/8 230/447/8 231/376/8
f 230/447/8 225/461/8 1332/463/8
f 653/464/9 664/449/9 1331/451/9
f 224/331/7 229/452/7 113/453/7
f 306/333/66 461/559/66 459/467/66
f 222/277/7 227/456/7 228/457/7
f 376/220/66 541/582/66 539/468/66
f 220/469/7 225/461/7 226/462/7
f 220/469/7 1334/480/7 1332/463/7
f 642/471/8 653/1979/8 1333/472/8
f 219/329/6 224/331/6 112/466/6
f 415/144/33 486/147/33 488/475/33
f 217/275/6 222/277/6 223/302/6
f 212/476/33 207/152/33 498/151/33
f 215/478/6 220/469/6 221/470/6
f 220/469/6 215/478/6 1336/479/6
f 631/481/7 642/471/7 1335/473/7
f 214/483/5 219/329/5 110/474/5
f 298/162/33 460/161/33 462/485/33
f 212/476/5 217/275/5 218/304/5
f 259/402/66 515/594/66 513/487/66
f 210/488/5 215/478/5 216/244/5
f 215/478/5 210/488/5 1338/489/5
f 620/490/6 631/1980/6 1337/491/6
f 209/211/4 214/483/4 109/484/4
f 213/486/66 435/570/66 433/494/66
f 207/152/4 212/476/4 213/486/4
f 368/184/33 540/183/33 542/495/33
f 205/496/4 210/488/4 211/458/4
f 1341/497/4 1338/489/4 210/488/4
f 205/496/4 204/498/4 1341/497/4
f 204/498/4 1340/500/4 1341/497/4
f 204/498/4 203/501/4 1342/499/4
f 203/501/4 202/503/4 1343/502/4
f 202/503/4 201/527/4 1344/504/4
f 609/505/5 620/490/5 1339/492/5
f 200/507/3 209/211/3 107/493/3
f 369/231/66 378/215/66 477/509/66
f 198/150/3 207/152/3 208/177/3
f 251/201/33 514/200/33 516/510/33
f 196/511/3 205/496/3 206/460/3
f 195/513/3 204/498/3 205/496/3
f 193/514/3 203/501/3 204/498/3
f 192/515/3 202/503/3 203/501/3
f 190/516/3 201/527/3 202/503/3
f 1344/504/4 201/527/4 1346/518/4
f 201/527/4 598/903/4 1346/518/4
f 598/903/4 609/517/4 1346/518/4
f 188/411/2 200/507/2 106/508/2
f 214/483/33 209/211/33 434/213/33
f 186/362/2 198/150/2 199/179/2
f 331/295/66 531/586/66 529/521/66
f 183/522/2 196/511/2 197/512/2
f 181/523/2 195/513/2 196/511/2
f 180/524/2 193/514/2 195/513/2
f 178/525/2 192/515/2 193/514/2
f 177/110/2 190/516/2 192/515/2
f 587/526/3 598/903/3 201/527/3
f 175/409/32 188/411/32 103/519/32
f 261/399/66 451/562/66 449/529/66
f 172/360/32 186/362/32 187/385/32
f 226/462/66 505/597/66 503/245/66
f 169/530/32 183/522/32 184/334/32
f 167/531/32 181/523/32 183/522/32
f 166/532/32 180/524/32 181/523/32
f 165/533/32 178/525/32 180/524/32
f 163/111/32 177/110/32 178/525/32
f 576/534/2 587/526/2 190/516/2
f 150/535/31 175/409/31 102/528/31
f 370/226/33 476/243/33 478/537/33
f 153/538/31 172/360/31 174/387/31
f 323/234/33 530/233/33 532/540/33
f 156/541/31 169/530/31 171/336/31
f 157/543/31 167/531/31 169/530/31
f 159/544/31 166/532/31 167/531/31
f 160/545/31 165/533/31 166/532/31
f 161/546/31 163/111/31 165/533/31
f 895/547/1 554/1981/1 161/548/1
f 487/443/1 426/1982/1 425/549/1
f 485/444/30 487/443/30 488/475/30
f 483/550/29 485/444/29 486/147/29
f 481/316/28 483/550/28 484/551/28
f 479/317/27 481/316/27 482/345/27
f 477/509/26 479/317/26 480/552/26
f 475/195/25 477/509/25 478/537/25
f 473/196/24 475/195/24 476/243/24
f 471/554/23 473/196/23 474/553/23
f 469/397/22 471/554/22 472/435/22
f 467/556/21 469/397/21 470/555/21
f 465/271/20 467/556/20 468/557/20
f 463/272/19 465/271/19 466/288/19
f 461/559/18 463/272/18 464/558/18
f 459/467/17 461/559/17 462/485/17
f 457/119/16 459/467/16 460/161/16
f 455/561/15 457/119/15 458/560/15
f 453/357/14 455/561/14 456/373/14
f 451/562/13 453/357/13 454/372/13
f 449/529/12 451/562/12 452/563/12
f 447/229/11 449/529/11 450/256/11
f 445/565/10 447/229/10 448/564/10
f 443/423/9 445/565/9 446/455/9
f 441/566/8 443/423/8 444/454/8
f 439/568/7 441/566/7 442/567/7
f 437/303/6 439/568/6 440/330/6
f 435/570/5 437/303/5 438/569/5
f 433/494/4 435/570/4 436/520/4
f 431/178/3 433/494/3 434/213/3
f 429/571/2 431/178/2 432/212/2
f 427/386/32 429/571/32 430/410/32
f 426/573/31 427/386/31 428/572/31
f 229/452/33 442/567/33 444/454/33
f 405/164/66 414/149/66 485/444/66
f 343/268/33 334/285/33 468/557/33
f 228/457/66 233/424/66 443/423/66
f 150/535/33 425/574/33 428/572/33
f 342/274/66 469/397/66 467/556/66
f 151/539/66 174/387/66 427/386/66
f 262/395/33 452/563/33 454/372/33
f 379/209/33 478/537/33 480/552/33
f 261/399/66 270/358/66 453/357/66
f 214/483/33 436/520/33 438/569/33
f 378/215/66 387/198/66 479/317/66
f 213/486/66 218/304/66 437/303/66
f 307/327/33 462/485/33 464/558/33
f 306/333/66 315/270/66 463/272/66
f 424/115/33 488/475/33 425/549/33
f 244/255/33 239/433/33 446/455/33
f 151/122/66 426/1982/66 487/443/66
f 361/241/33 352/253/33 472/435/33
f 243/230/66 447/229/66 445/565/66
f 188/411/33 430/410/33 432/212/33
f 360/194/66 473/196/66 471/554/66
f 199/179/66 431/178/66 429/571/66
f 280/370/33 456/373/33 458/560/33
f 397/175/33 482/345/33 484/551/33
f 288/120/66 457/119/66 455/561/66
f 224/331/33 440/330/33 442/567/33
f 396/181/66 405/164/66 483/550/66
f 325/289/33 466/288/33 468/557/33
f 223/302/66 228/457/66 441/566/66
f 324/305/66 333/291/66 467/556/66
f 253/257/33 450/256/33 452/563/33
f 551/576/1 490/1983/1 489/577/1
f 549/400/30 551/576/30 552/436/30
f 547/579/29 549/400/29 550/578/29
f 545/581/28 547/579/28 548/580/28
f 543/260/27 545/581/27 546/293/27
f 541/582/26 543/260/26 544/292/26
f 539/468/25 541/582/25 542/495/25
f 537/125/24 539/468/24 540/183/24
f 535/584/23 537/125/23 538/583/23
f 533/347/22 535/584/22 536/388/22
f 531/586/21 533/347/21 534/585/21
f 529/521/20 531/586/20 532/540/20
f 527/217/19 529/521/19 530/233/19
f 525/588/18 527/217/18 528/587/18
f 523/425/17 525/588/17 526/446/17
f 521/590/16 523/425/16 524/589/16
f 519/592/15 521/590/15 522/591/15
f 517/307/14 519/592/14 520/319/14
f 515/594/13 517/307/13 518/593/13
f 513/487/12 515/594/12 516/510/12
f 511/166/11 513/487/11 514/200/11
f 509/596/10 511/166/10 512/595/10
f 507/375/9 509/596/9 510/414/9
f 505/597/8 507/375/8 508/413/8
f 503/245/7 505/597/7 506/598/7
f 501/246/6 503/245/6 504/276/6
f 499/600/5 501/246/5 502/599/5
f 497/459/4 499/600/4 500/477/4
f 495/601/3 497/459/3 498/151/3
f 493/603/2 495/601/2 496/602/2
f 491/335/32 493/603/32 494/361/32
f 490/605/31 491/335/31 492/604/31
f 197/512/66 206/460/66 497/459/66
f 287/359/33 522/591/33 524/589/33
f 413/148/33 404/163/33 548/580/33
f 295/349/66 523/425/66 521/590/66
f 227/456/33 506/598/33 508/413/33
f 412/154/66 549/400/66 547/579/66
f 341/273/33 332/290/33 532/540/33
f 226/462/66 231/376/66 507/375/66
f 153/538/33 489/606/33 492/604/33
f 340/279/66 533/347/66 531/586/66
f 171/336/66 491/335/66 490/605/66
f 260/398/33 516/510/33 518/593/33
f 377/214/33 542/495/33 544/292/33
f 268/308/66 517/307/66 515/594/66
f 212/476/33 500/477/33 502/599/33
f 376/220/66 385/203/66 543/260/66
f 216/244/66 501/246/66 499/600/66
f 305/332/33 526/446/33 528/587/33
f 313/218/66 527/217/66 525/588/66
f 422/121/33 552/436/33 489/577/33
f 242/199/33 237/412/33 510/414/33
f 154/128/66 490/1983/66 551/576/66
f 241/167/66 511/166/66 509/596/66
f 359/182/33 350/258/33 536/388/33
f 186/362/33 494/361/33 496/602/33
f 349/262/66 358/126/66 537/125/66
f 184/334/66 197/512/66 495/601/66
f 278/320/33 520/319/33 522/591/33
f 404/163/33 395/180/33 546/293/33
f 277/306/66 286/364/66 521/590/66
f 222/277/33 504/276/33 506/598/33
f 403/169/66 547/579/66 545/581/66
f 553/608/67 555/611/67 896/609/67
f 555/611/68 556/613/68 897/612/68
f 556/613/69 557/615/69 898/614/69
f 557/615/70 558/617/70 899/616/70
f 558/617/71 559/1984/71 900/618/71
f 559/619/72 560/622/72 901/620/72
f 560/622/73 561/624/73 902/623/73
f 561/624/74 562/626/74 903/625/74
f 562/626/75 563/628/75 904/627/75
f 563/628/486 554/1981/486 895/547/486
f 883/629/77 894/610/77 896/609/77
f 885/630/78 896/609/78 897/612/78
f 897/612/79 898/614/79 887/632/79
f 898/614/80 899/616/80 888/633/80
f 899/616/81 900/1985/81 889/634/81
f 889/634/82 900/1985/82 901/635/82
f 901/635/83 902/638/83 891/637/83
f 902/638/84 903/640/84 892/639/84
f 903/640/85 904/642/85 893/641/85
f 904/642/86 895/1975/86 884/174/86
f 872/643/87 883/629/87 885/630/87
f 885/630/88 886/631/88 875/645/88
f 875/645/89 886/631/89 887/632/89
f 887/632/90 888/633/90 877/647/90
f 888/633/91 889/634/91 878/648/91
f 889/634/487 890/636/487 879/649/487
f 890/636/93 891/637/93 880/650/93
f 891/637/94 892/639/94 881/651/94
f 892/639/95 893/641/95 882/652/95
f 893/641/96 884/174/96 873/191/96
f 872/643/97 874/644/97 863/653/97
f 874/644/98 875/645/98 864/655/98
f 875/645/99 876/646/99 865/656/99
f 876/646/100 877/647/100 866/657/100
f 877/647/488 878/648/488 867/658/488
f 878/648/102 879/649/102 868/659/102
f 879/649/103 880/650/103 869/660/103
f 880/650/104 881/651/104 870/661/104
f 881/651/105 882/652/105 871/662/105
f 882/652/489 873/1976/489 862/208/489
f 861/654/107 863/653/107 852/663/107
f 863/653/108 864/655/108 853/665/108
f 864/655/109 865/656/109 854/666/109
f 865/656/110 866/657/110 855/667/110
f 866/657/490 867/658/490 856/668/490
f 867/658/112 868/659/112 857/669/112
f 868/659/113 869/660/113 858/670/113
f 869/660/114 870/661/114 859/671/114
f 859/671/115 870/661/115 871/662/115
f 871/662/116 862/208/116 851/225/116
f 850/664/117 852/663/117 841/673/117
f 852/663/118 853/665/118 842/675/118
f 853/665/119 854/666/119 843/676/119
f 854/666/120 855/667/120 844/677/120
f 855/667/121 856/668/121 845/678/121
f 856/668/122 857/669/122 846/679/122
f 857/669/123 858/670/123 847/680/123
f 858/670/124 859/671/124 848/681/124
f 859/671/125 860/672/125 849/682/125
f 860/672/126 851/225/126 840/240/126
f 839/674/127 841/673/127 830/683/127
f 830/683/128 841/673/128 842/675/128
f 842/675/129 843/676/129 832/686/129
f 843/676/130 844/677/130 833/687/130
f 844/677/131 845/678/131 834/688/131
f 845/678/132 846/679/132 835/689/132
f 846/679/133 847/680/133 836/690/133
f 847/680/134 848/681/134 837/691/134
f 848/681/135 849/682/135 838/692/135
f 849/682/136 840/240/136 829/252/136
f 828/684/137 830/683/137 819/693/137
f 830/683/138 831/685/138 820/695/138
f 831/685/139 832/686/139 821/696/139
f 832/686/140 833/687/140 822/697/140
f 833/687/491 834/688/491 823/698/491
f 834/688/142 835/689/142 824/699/142
f 835/689/143 836/690/143 825/700/143
f 825/700/144 836/690/144 837/691/144
f 837/691/145 838/692/145 827/702/145
f 838/692/146 829/252/146 818/267/146
f 817/694/147 819/693/147 808/703/147
f 819/693/148 820/695/148 809/705/148
f 820/695/149 821/696/149 810/706/149
f 821/696/150 822/697/150 811/707/150
f 822/697/492 823/698/492 812/708/492
f 823/698/152 824/699/152 813/709/152
f 824/699/153 825/700/153 814/710/153
f 825/700/154 826/701/154 815/711/154
f 826/701/155 827/702/155 816/712/155
f 827/702/156 818/267/156 807/284/156
f 806/704/157 808/703/157 797/713/157
f 808/703/158 809/705/158 798/715/158
f 798/715/159 809/705/159 810/706/159
f 810/706/160 811/707/160 800/717/160
f 811/707/161 812/708/161 801/718/161
f 812/708/162 813/709/162 802/719/162
f 813/709/163 814/710/163 803/720/163
f 814/710/164 815/711/164 804/721/164
f 815/711/165 816/712/165 805/722/165
f 816/712/493 807/284/493 796/300/493
f 795/714/167 797/713/167 786/723/167
f 797/713/168 798/715/168 787/725/168
f 798/715/169 799/716/169 788/726/169
f 799/716/170 800/717/170 789/727/170
f 800/717/171 801/718/171 790/728/171
f 801/718/494 802/719/494 791/729/494
f 802/719/173 803/720/173 792/730/173
f 803/720/174 804/721/174 793/731/174
f 804/721/175 805/722/175 794/732/175
f 805/722/495 796/300/495 785/314/495
f 784/724/177 786/723/177 775/733/177
f 786/723/178 787/725/178 776/735/178
f 787/725/179 788/726/179 777/736/179
f 788/726/180 789/727/180 778/737/180
f 789/727/496 790/728/496 779/738/496
f 790/728/182 791/729/182 780/739/182
f 791/729/183 792/730/183 781/740/183
f 792/730/184 793/731/184 782/741/184
f 793/731/185 794/732/185 783/742/185
f 794/732/497 785/314/497 774/326/497
f 773/734/187 775/733/187 764/743/187
f 775/733/188 776/735/188 765/745/188
f 776/735/189 777/736/189 766/746/189
f 777/736/190 778/737/190 767/747/190
f 778/737/191 779/738/191 768/748/191
f 779/738/192 780/739/192 769/749/192
f 780/739/193 781/740/193 770/750/193
f 781/740/194 782/741/194 771/751/194
f 782/741/195 783/742/195 772/752/195
f 783/742/498 774/326/498 763/343/498
f 762/744/197 764/743/197 753/753/197
f 764/743/198 765/745/198 754/755/198
f 765/745/199 766/746/199 755/756/199
f 766/746/200 767/747/200 756/757/200
f 767/747/201 768/748/201 757/758/201
f 768/748/499 769/749/499 758/759/499
f 769/749/203 770/750/203 759/760/203
f 770/750/204 771/751/204 760/761/204
f 771/751/205 772/752/205 761/762/205
f 772/752/206 763/343/206 752/354/206
f 751/754/207 753/753/207 742/763/207
f 753/753/208 754/755/208 743/765/208
f 754/755/209 755/756/209 744/766/209
f 755/756/210 756/757/210 745/767/210
f 756/757/211 757/758/211 746/768/211
f 757/758/212 758/759/212 747/769/212
f 758/759/213 759/760/213 748/770/213
f 759/760/214 760/761/214 749/771/214
f 760/761/215 761/762/215 750/772/215
f 761/762/216 752/354/216 741/369/216
f 729/773/500 740/764/500 742/763/500
f 731/774/218 742/763/218 743/765/218
f 743/765/219 744/766/219 733/776/219
f 744/766/220 745/767/220 734/777/220
f 745/767/221 746/768/221 735/778/221
f 746/768/222 747/769/222 736/779/222
f 747/769/223 748/770/223 737/780/223
f 737/780/224 748/770/224 749/771/224
f 749/771/225 750/772/225 739/782/225
f 750/772/501 741/1977/501 730/382/501
f 729/773/227 731/774/227 720/783/227
f 731/774/228 732/775/228 721/785/228
f 732/775/229 733/776/229 722/786/229
f 733/776/230 734/777/230 723/787/230
f 734/777/231 735/778/231 724/788/231
f 735/778/232 736/779/232 725/789/232
f 736/779/233 737/780/233 726/790/233
f 726/790/234 737/780/234 738/781/234
f 727/791/235 738/781/235 739/782/235
f 739/782/236 730/382/236 719/394/236
f 718/784/237 720/783/237 709/793/237
f 720/783/238 721/785/238 710/795/238
f 721/785/239 722/786/239 711/796/239
f 722/786/240 723/787/240 712/797/240
f 723/787/241 724/788/241 713/798/241
f 724/788/242 725/789/242 714/799/242
f 725/789/243 726/790/243 715/800/243
f 726/790/244 727/791/244 716/801/244
f 727/791/245 728/792/245 717/802/245
f 728/792/246 719/394/246 708/407/246
f 707/794/247 709/793/247 698/803/247
f 698/803/248 709/793/248 710/795/248
f 710/795/249 711/796/249 700/806/249
f 711/796/250 712/797/250 701/807/250
f 712/797/251 713/798/251 702/808/251
f 713/798/502 714/799/502 703/809/502
f 714/799/253 715/800/253 704/810/253
f 715/800/254 716/801/254 705/811/254
f 716/801/255 717/802/255 706/812/255
f 717/802/503 708/407/503 697/420/503
f 696/804/257 698/803/257 687/813/257
f 698/803/258 699/805/258 688/815/258
f 699/805/259 700/806/259 689/816/259
f 700/806/260 701/807/260 690/817/260
f 701/807/261 702/808/261 691/818/261
f 702/808/262 703/809/262 692/819/262
f 703/809/263 704/810/263 693/820/263
f 704/810/264 705/811/264 694/821/264
f 705/811/265 706/812/265 695/822/265
f 706/812/266 697/420/266 686/432/266
f 674/823/267 685/814/267 687/813/267
f 687/813/268 688/815/268 677/825/268
f 688/815/269 689/816/269 678/826/269
f 689/816/270 690/817/270 679/827/270
f 690/817/271 691/818/271 680/828/271
f 691/818/272 692/819/272 681/829/272
f 692/819/273 693/820/273 682/830/273
f 682/830/504 693/820/504 694/821/504
f 694/821/275 695/822/275 684/832/275
f 684/832/505 695/822/505 686/432/505
f 663/833/277 674/823/277 676/824/277
f 676/824/278 677/825/278 666/835/278
f 677/825/279 678/826/279 667/836/279
f 678/826/280 679/827/280 668/837/280
f 679/827/281 680/828/281 669/838/281
f 680/828/282 681/829/282 670/839/282
f 681/829/283 682/830/283 671/840/283
f 682/830/284 683/831/284 672/841/284
f 683/831/285 684/832/285 673/842/285
f 684/832/506 675/440/506 664/449/506
f 663/833/287 665/834/287 654/843/287
f 665/834/288 666/835/288 655/845/288
f 666/835/289 667/836/289 656/846/289
f 667/836/290 668/837/290 657/847/290
f 668/837/291 669/838/291 658/848/291
f 669/838/292 670/839/292 659/849/292
f 670/839/293 671/840/293 660/850/293
f 671/840/294 672/841/294 661/851/294
f 672/841/295 673/842/295 662/852/295
f 673/842/507 664/449/507 653/464/507
f 641/853/297 652/844/297 654/843/297
f 643/854/298 654/843/298 655/845/298
f 655/845/299 656/846/299 645/856/299
f 656/846/300 657/847/300 646/857/300
f 657/847/508 658/848/508 647/858/508
f 658/848/302 659/849/302 648/859/302
f 659/849/303 660/850/303 649/860/303
f 660/850/304 661/851/304 650/861/304
f 650/861/305 661/851/305 662/852/305
f 662/852/509 653/1979/509 642/471/509
f 641/853/307 643/854/307 632/863/307
f 643/854/308 644/855/308 633/865/308
f 644/855/309 645/856/309 634/866/309
f 645/856/310 646/857/310 635/867/310
f 646/857/510 647/858/510 636/868/510
f 636/868/312 647/858/312 648/859/312
f 648/859/313 649/860/313 638/870/313
f 649/860/314 650/861/314 639/871/314
f 650/861/315 651/862/315 640/872/315
f 651/862/316 642/471/316 631/481/316
f 619/873/317 630/864/317 632/863/317
f 632/863/318 633/865/318 622/875/318
f 633/865/319 634/866/319 623/876/319
f 634/866/320 635/867/320 624/877/320
f 635/867/321 636/868/321 625/878/321
f 636/868/322 637/869/322 626/879/322
f 637/869/323 638/870/323 627/880/323
f 638/870/324 639/871/324 628/881/324
f 639/871/325 640/872/325 629/882/325
f 640/872/511 631/1980/511 620/490/511
f 619/873/327 621/874/327 610/883/327
f 621/874/328 622/875/328 611/885/328
f 622/875/329 623/876/329 612/886/329
f 623/876/330 624/877/330 613/887/330
f 613/887/331 624/877/331 625/878/331
f 625/878/512 626/879/512 615/889/512
f 626/879/333 627/880/333 616/890/333
f 627/880/334 628/881/334 617/891/334
f 628/881/335 629/882/335 618/892/335
f 629/882/513 620/490/513 609/505/513
f 608/884/337 610/883/337 599/893/337
f 610/883/338 611/885/338 600/895/338
f 611/885/339 612/886/339 601/896/339
f 612/886/340 613/887/340 602/897/340
f 602/897/341 613/887/341 614/888/341
f 614/888/342 615/889/342 604/899/342
f 615/889/343 616/890/343 605/900/343
f 616/890/344 617/891/344 606/901/344
f 617/891/345 618/892/345 607/902/345
f 618/892/514 609/517/514 598/903/514
f 597/894/347 599/893/347 588/904/347
f 599/893/348 600/895/348 589/906/348
f 600/895/349 601/896/349 590/907/349
f 601/896/350 602/897/350 591/908/350
f 602/897/515 603/898/515 592/909/515
f 603/898/352 604/899/352 593/910/352
f 604/899/353 605/900/353 594/911/353
f 605/900/354 606/901/354 595/912/354
f 606/901/355 607/902/355 596/913/355
f 607/902/516 598/903/516 587/526/516
f 586/905/357 588/904/357 577/914/357
f 577/914/358 588/904/358 589/906/358
f 589/906/359 590/907/359 579/917/359
f 590/907/360 591/908/360 580/918/360
f 591/908/361 592/909/361 581/919/361
f 581/919/517 592/909/517 593/910/517
f 593/910/363 594/911/363 583/921/363
f 583/921/364 594/911/364 595/912/364
f 595/912/365 596/913/365 585/923/365
f 585/923/366 596/913/366 587/526/366
f 575/915/367 577/914/367 566/924/367
f 577/914/368 578/916/368 567/926/368
f 578/916/369 579/917/369 568/927/369
f 579/917/370 580/918/370 569/928/370
f 580/918/371 581/919/371 570/929/371
f 581/919/372 582/920/372 571/930/372
f 582/920/373 583/921/373 572/931/373
f 583/921/374 584/922/374 573/932/374
f 584/922/375 585/923/375 574/933/375
f 585/923/518 576/534/518 565/109/518
f 553/608/519 564/925/519 566/924/519
f 566/924/378 567/926/378 556/613/378
f 567/926/379 568/927/379 557/615/379
f 568/927/380 569/928/380 558/617/380
f 569/928/381 570/929/381 559/934/381
f 570/929/382 571/930/382 560/935/382
f 571/930/383 572/931/383 561/936/383
f 572/931/384 573/932/384 562/937/384
f 573/932/385 574/933/385 563/938/385
f 563/938/520 574/933/520 565/939/520
f 554/940/31 565/939/31 163/111/31
f 1077/941/33 1285/959/33 1266/942/33
f 941/944/33 982/978/33 1275/945/33
f 1051/947/33 1268/995/33 1282/948/33
f 971/950/33 1260/957/33 1274/951/33
f 1061/953/33 1087/966/33 1287/954/33
f 971/950/33 1022/1003/33 1279/956/33
f 1076/958/33 1270/981/33 1285/959/33
f 1002/960/33 1001/1001/33 1263/961/33
f 1011/963/33 1052/949/33 1282/948/33
f 962/965/33 1273/993/33 1287/954/33
f 1031/943/33 1266/942/33 1280/967/33
f 952/969/33 951/975/33 1258/970/33
f 1082/972/33 1286/984/33 1267/973/33
f 1002/960/33 1277/962/33 1258/970/33
f 1061/953/33 1269/955/33 1283/976/33
f 982/978/33 981/982/33 1261/979/33
f 1092/980/33 1288/989/33 1270/981/33
f 1032/968/33 1280/967/33 1261/979/33
f 1082/972/33 942/1004/33 1271/983/33
f 1011/963/33 1264/964/33 1278/985/33
f 1062/977/33 1283/976/33 1265/987/33
f 1092/980/33 972/952/33 1274/951/33
f 1042/990/33 1041/974/33 1267/973/33
f 961/992/33 1259/996/33 1273/993/33
f 1051/947/33 1067/998/33 1284/994/33
f 1012/986/33 1278/985/33 1259/996/33
f 992/997/33 1276/1000/33 1284/994/33
f 992/997/33 991/1002/33 1262/999/33
f 1042/990/33 1281/991/33 1263/961/33
f 952/969/33 1272/971/33 1262/999/33
f 1021/988/33 1265/987/33 1279/956/33
f 941/944/33 1257/946/33 1271/983/33
f 729/773/15 718/784/15 1096/1005/15
f 1037/1007/33 1137/1202/33 1140/1008/33
f 1073/1010/15 1095/1148/15 1094/1011/15
f 1009/1013/33 1054/1080/33 1208/1014/33
f 1093/1016/15 1092/980/15 1076/958/15
f 652/844/8 641/853/8 1091/1018/8
f 1096/1005/33 1160/1227/33 1151/1020/33
f 1058/1021/8 1090/1154/8 1089/1022/8
f 1003/1024/66 950/1136/66 1166/1025/66
f 1088/1027/8 1087/966/8 1061/953/8
f 575/915/32 564/925/32 1071/1029/32
f 995/1031/66 1119/1233/66 1118/1032/66
f 1048/1034/32 1070/1171/32 1069/1035/32
f 1004/1037/33 1188/1187/33 1165/1038/33
f 1068/1040/32 1067/998/32 1051/947/32
f 828/684/24 817/694/24 1086/1042/24
f 1018/1043/66 1130/1216/66 1147/1044/66
f 1038/1046/24 1085/1165/24 1084/1047/24
f 1083/1049/66 1219/1253/66 1163/1050/66
f 1083/1049/24 1082/972/24 1041/974/24
f 751/754/17 740/764/17 1081/1053/17
f 996/1055/33 987/1131/33 1117/1056/33
f 1028/1058/17 1080/1158/17 1079/1059/17
f 944/1061/33 1164/1160/33 1220/1062/33
f 1078/1063/17 1077/941/17 1031/943/17
f 674/823/10 663/833/10 1066/1065/10
f 1066/1065/33 1148/1191/33 1129/1067/33
f 1018/1043/10 1065/1045/10 1064/1068/10
f 1043/1070/66 1203/1256/66 1202/1071/66
f 1063/1072/10 1062/977/10 1021/988/10
f 597/894/3 586/905/3 1056/1074/3
f 938/1076/66 945/1164/66 1099/1077/66
f 1008/1079/3 1055/1138/3 1054/1080/3
f 1093/1016/66 1075/1017/66 1216/1081/66
f 1053/1083/3 1052/949/3 1011/963/3
f 850/664/26 839/674/26 1046/1009/26
f 1015/1086/66 958/1122/66 1106/1087/66
f 998/1089/26 1045/1179/26 1044/1090/26
f 1044/1090/33 1039/1048/33 1201/1092/33
f 1043/1070/26 1042/990/26 1001/1001/26
f 773/734/19 762/744/19 1036/1095/19
f 937/1097/33 1097/1224/33 1100/1098/33
f 978/1100/19 1035/1182/19 1034/1101/19
f 1094/1011/33 1224/1236/33 1215/1103/33
f 1033/1104/19 1032/968/19 981/982/19
f 696/804/12 685/814/12 1026/1106/12
f 957/1108/33 1016/1119/33 1128/1109/33
f 968/1111/12 1025/1174/12 1024/1112/12
f 993/1114/66 1183/1258/66 1182/1115/66
f 1023/1117/12 1022/1003/12 971/950/12
f 619/873/5 608/884/5 1016/1119/5
f 988/1033/66 1118/1032/66 1103/1120/66
f 958/1122/5 1015/1086/5 1014/1123/5
f 1020/1073/66 1194/1242/66 1211/1125/66
f 1013/1126/5 1012/986/5 961/992/5
f 872/643/28 861/654/28 1006/1128/28
f 956/1130/33 1104/1177/33 1117/1056/33
f 948/1132/28 1005/1151/28 1004/1037/28
f 989/1133/33 1181/1172/33 1184/1134/33
f 1003/1024/28 1002/960/28 951/975/28
f 795/714/21 784/724/21 986/1137/21
f 1055/1138/66 1143/1218/66 1142/1139/66
f 938/1076/21 985/1195/21 984/1140/21
f 1019/1069/33 1064/1068/33 1212/1142/33
f 983/1144/21 982/978/21 941/944/21
f 707/794/14 976/1197/14 1096/1005/14
f 1047/1030/33 1141/1212/33 1144/1146/33
f 975/1147/14 974/1198/14 1094/1011/14
f 940/1145/66 943/1051/66 1163/1050/66
f 973/1150/14 972/952/14 1092/980/14
f 630/864/7 966/1201/7 1091/1018/7
f 1005/1151/66 1123/1223/66 1122/1152/66
f 965/1153/7 964/1203/7 1089/1022/7
f 960/1127/66 1170/1248/66 1191/1155/66
f 963/1156/7 962/965/7 1087/966/7
f 894/610/30 883/629/30 956/1130/30
f 1028/1058/66 1134/1215/66 1153/1157/66
f 988/1033/30 955/1121/30 954/1159/30
f 939/1141/33 1161/1250/33 1164/1160/33
f 953/1161/30 952/969/30 991/1002/30
f 806/704/23 946/1099/23 1086/1042/23
f 1006/1128/33 997/1085/33 1121/1162/33
f 945/1164/23 944/1061/23 1084/1047/23
f 959/1124/33 1014/1123/33 1192/1166/33
f 943/1051/23 942/1004/23 1082/972/23
f 729/773/16 1072/1006/16 1081/1053/16
f 1081/1053/33 1154/1229/33 1133/1168/33
f 1073/1010/16 1074/1012/16 1079/1059/16
f 990/1116/66 1182/1115/66 1167/1169/66
f 1075/1017/16 1076/958/16 1077/941/16
f 564/925/31 553/608/31 996/1055/31
f 955/1121/66 1103/1120/66 1102/1170/66
f 995/1031/31 994/1135/31 1069/1035/31
f 954/1159/33 1168/1196/33 1181/1172/33
f 993/1114/31 992/997/31 1067/998/31
f 652/844/9 1057/1019/9 1066/1065/9
f 968/1111/66 1110/1222/66 1131/1173/66
f 1058/1021/9 1059/1023/9 1064/1068/9
f 1053/1083/66 1207/1255/66 1206/1175/66
f 1060/1028/9 1061/953/9 1062/977/9
f 575/915/2 1047/1030/2 1056/1074/2
f 956/1130/33 947/1129/33 1101/1176/33
f 1048/1034/2 1049/1036/2 1054/1080/2
f 1049/1036/33 1205/1239/33 1208/1014/33
f 1050/1041/2 1051/947/2 1052/949/2
f 828/684/25 1037/1007/25 1046/1009/25
f 1026/1106/33 1132/1232/33 1109/1178/33
f 1038/1046/25 1039/1048/25 1044/1090/25
f 1003/1024/66 1187/1026/66 1186/1180/66
f 1040/1052/25 1041/974/25 1042/990/25
f 751/754/18 1027/1054/18 1036/1095/18
f 1090/1154/66 1157/1211/66 1107/1181/66
f 1028/1058/18 1029/1060/18 1034/1101/18
f 1030/1064/66 1198/1241/66 1217/1183/66
f 1030/1064/18 1031/943/18 1032/968/18
f 674/823/11 1017/1066/11 1026/1106/11
f 1091/1018/33 966/1201/33 1108/1184/33
f 1018/1043/11 1019/1069/11 1024/1112/11
f 1004/1037/33 999/1091/33 1185/1186/33
f 1020/1073/11 1021/988/11 1022/1003/11
f 597/894/4 1007/1075/4 1016/1119/4
f 1065/1045/66 1147/1044/66 1146/1188/66
f 1008/1079/4 1009/1013/4 1014/1123/4
f 1079/1059/33 1218/1240/33 1197/1189/33
f 1010/1084/4 1011/963/4 1012/986/4
f 850/664/27 997/1085/27 1006/1128/27
f 1066/1065/33 1057/1019/33 1145/1190/33
f 998/1089/27 999/1091/27 1004/1037/27
f 953/1161/66 1167/1169/66 1166/1025/66
f 1000/1094/27 1001/1001/27 1002/960/27
f 894/610/1 987/1131/1 996/1055/1
f 1015/1086/66 1127/1088/66 1126/1192/66
f 988/1033/1 989/1133/1 994/1135/1
f 970/1118/66 1174/1247/66 1195/1193/66
f 990/1116/1 991/1002/1 992/997/1
f 773/734/20 977/1096/20 986/1137/20
f 1038/1046/66 1138/1214/66 1155/1194/66
f 978/1100/20 979/1102/20 984/1140/20
f 954/1159/33 949/1039/33 1165/1038/33
f 980/1105/20 981/982/20 982/978/20
f 696/804/13 967/1107/13 976/1197/13
f 1007/1075/33 1125/1217/33 1128/1109/33
f 968/1111/13 969/1113/13 974/1198/13
f 969/1113/33 1024/1112/33 1196/1199/33
f 970/1118/13 971/950/13 972/952/13
f 619/873/6 957/1108/6 966/1201/6
f 1086/1042/33 1156/1228/33 1137/1202/33
f 958/1122/6 959/1124/6 964/1203/6
f 1088/1027/66 1221/1252/66 1171/1204/66
f 960/1127/6 961/992/6 962/965/6
f 872/643/29 947/1129/29 956/1130/29
f 958/1122/66 965/1153/66 1107/1181/66
f 948/1132/29 949/1039/29 954/1159/29
f 1089/1022/33 964/1203/33 1172/1205/33
f 950/1136/29 951/975/29 952/969/29
f 795/714/22 937/1097/22 946/1099/22
f 978/1100/66 1114/1221/66 1135/1207/66
f 938/1076/22 939/1141/22 944/1061/22
f 1060/1028/66 1063/1072/66 1211/1125/66
f 940/1145/22 941/944/22 942/1004/22
f 1151/1020/15 1160/1227/15 1159/1209/15
f 1145/1190/8 1158/1185/8 1157/1211/8
f 1141/1212/32 1150/1230/32 1149/1213/32
f 1137/1202/24 1156/1228/24 1155/1194/24
f 1133/1168/17 1154/1229/17 1153/1157/17
f 1129/1067/10 1148/1191/10 1147/1044/10
f 1125/1217/3 1144/1146/3 1143/1218/3
f 1121/1162/26 1140/1008/26 1139/1219/26
f 1113/1220/19 1136/1231/19 1135/1207/19
f 1109/1178/12 1132/1232/12 1131/1173/12
f 1105/1110/5 1128/1109/5 1127/1088/5
f 1101/1176/28 1124/1163/28 1123/1223/28
f 1097/1224/21 1116/1234/21 1115/1225/21
f 1112/1226/14 1111/1235/14 1159/1209/14
f 1108/1184/7 1107/1181/7 1157/1211/7
f 1117/1056/30 1104/1177/30 1103/1120/30
f 1100/1098/23 1099/1077/23 1155/1194/23
f 1151/1020/16 1152/1210/16 1153/1157/16
f 1120/1057/31 1119/1233/31 1149/1213/31
f 1145/1190/9 1146/1188/9 1147/1044/9
f 1141/1212/2 1142/1139/2 1143/1218/2
f 1137/1202/25 1138/1214/25 1139/1219/25
f 1133/1168/18 1134/1215/18 1135/1207/18
f 1129/1067/11 1130/1216/11 1131/1173/11
f 1125/1217/4 1126/1192/4 1127/1088/4
f 1121/1162/27 1122/1152/27 1123/1223/27
f 1117/1056/1 1118/1032/1 1119/1233/1
f 1113/1220/20 1114/1221/20 1115/1225/20
f 1109/1178/13 1110/1222/13 1111/1235/13
f 1105/1110/6 1106/1087/6 1107/1181/6
f 1101/1176/29 1102/1170/29 1103/1120/29
f 1097/1224/22 1098/1078/22 1099/1077/22
f 1095/1148/66 1073/1010/66 1152/1210/66
f 1045/1179/66 1139/1219/66 1138/1214/66
f 1086/1042/33 946/1099/33 1100/1098/33
f 1085/1165/66 1155/1194/66 1099/1077/66
f 947/1129/33 1006/1128/33 1124/1163/33
f 948/1132/66 1102/1170/66 1123/1223/66
f 1007/1075/33 1056/1074/33 1144/1146/33
f 986/1137/33 977/1096/33 1113/1220/33
f 1008/1079/66 1126/1192/66 1143/1218/66
f 985/1195/66 1115/1225/66 1114/1221/66
f 1091/1018/33 1158/1185/33 1145/1190/33
f 1027/1054/33 1133/1168/33 1136/1231/33
f 1058/1021/66 1146/1188/66 1157/1211/66
f 1035/1182/66 1135/1207/66 1134/1215/66
f 1072/1006/33 1151/1020/33 1154/1229/33
f 1080/1158/66 1153/1157/66 1152/1210/66
f 986/1137/33 1116/1234/33 1097/1224/33
f 938/1076/66 1098/1078/66 1115/1225/66
f 1046/1009/33 1140/1008/33 1121/1162/33
f 967/1107/33 1109/1178/33 1112/1226/33
f 1045/1179/66 998/1089/66 1122/1152/66
f 968/1111/66 975/1147/66 1111/1235/66
f 1047/1030/33 1071/1029/33 1150/1230/33
f 1017/1066/33 1129/1067/33 1132/1232/33
f 1048/1034/66 1142/1139/66 1149/1213/66
f 1025/1174/66 1131/1173/66 1130/1216/66
f 996/1055/33 1120/1057/33 1150/1230/33
f 995/1031/66 1070/1171/66 1149/1213/66
f 976/1197/33 1112/1226/33 1160/1227/33
f 1095/1148/66 1159/1209/66 1111/1235/66
f 1036/1095/33 1136/1231/33 1113/1220/33
f 957/1108/33 1105/1110/33 1108/1184/33
f 1224/1236/15 1223/1082/15 1216/1081/15
f 1222/1206/8 1221/1252/8 1210/1208/8
f 1214/1238/32 1213/1254/32 1206/1175/32
f 1220/1062/24 1219/1253/24 1202/1071/24
f 1218/1240/17 1217/1183/17 1198/1241/17
f 1212/1142/10 1211/1125/10 1194/1242/10
f 1208/1014/3 1207/1255/3 1190/1243/3
f 1204/1093/26 1203/1256/26 1186/1180/26
f 1200/1244/19 1199/1257/19 1178/1245/19
f 1196/1199/12 1195/1193/12 1174/1247/12
f 1192/1166/5 1191/1155/5 1170/1248/5
f 1188/1187/28 1187/1026/28 1166/1025/28
f 1180/1249/21 1179/1259/21 1162/1149/21
f 1176/1251/14 1175/1260/14 1223/1082/14
f 1172/1205/7 1171/1204/7 1221/1252/7
f 1168/1196/30 1167/1169/30 1182/1115/30
f 1220/1062/23 1164/1160/23 1163/1050/23
f 1215/1103/16 1216/1081/16 1217/1183/16
f 1184/1134/31 1183/1258/31 1213/1254/31
f 1209/1237/9 1210/1208/9 1211/1125/9
f 1205/1239/2 1206/1175/2 1207/1255/2
f 1201/1092/25 1202/1071/25 1203/1256/25
f 1197/1189/18 1198/1241/18 1199/1257/18
f 1193/1143/11 1194/1242/11 1195/1193/11
f 1189/1015/4 1190/1243/4 1191/1155/4
f 1185/1186/27 1186/1180/27 1187/1026/27
f 1181/1172/1 1182/1115/1 1183/1258/1
f 1177/1246/20 1178/1245/20 1179/1259/20
f 1173/1200/13 1174/1247/13 1175/1260/13
f 1169/1167/6 1170/1248/6 1171/1204/6
f 1165/1038/29 1166/1025/29 1167/1169/29
f 1161/1250/22 1162/1149/22 1163/1050/22
f 979/1102/33 1177/1246/33 1180/1249/33
f 1010/1084/66 1190/1243/66 1207/1255/66
f 983/1144/66 1179/1259/66 1178/1245/66
f 1089/1022/33 1222/1206/33 1209/1237/33
f 1029/1060/33 1197/1189/33 1200/1244/33
f 1060/1028/66 1210/1208/66 1221/1252/66
f 1030/1064/66 1033/1104/66 1199/1257/66
f 1079/1059/33 1074/1012/33 1215/1103/33
f 1078/1063/66 1217/1183/66 1216/1081/66
f 939/1141/33 984/1140/33 1180/1249/33
f 940/1145/66 1162/1149/66 1179/1259/66
f 1044/1090/33 1204/1093/33 1185/1186/33
f 974/1198/33 969/1113/33 1173/1200/33
f 1043/1070/66 1000/1094/66 1186/1180/66
f 973/1150/66 1175/1260/66 1174/1247/66
f 1049/1036/33 1069/1035/33 1214/1238/33
f 1019/1069/33 1193/1143/33 1196/1199/33
f 1050/1041/66 1206/1175/66 1213/1254/66
f 1020/1073/66 1023/1117/66 1195/1193/66
f 994/1135/33 1184/1134/33 1214/1238/33
f 993/1114/66 1068/1040/66 1213/1254/66
f 1094/1011/33 974/1198/33 1176/1251/33
f 1093/1016/66 1223/1082/66 1175/1260/66
f 1034/1101/33 1200/1244/33 1177/1246/33
f 959/1124/33 1169/1167/33 1172/1205/33
f 1033/1104/66 980/1105/66 1178/1245/66
f 963/1156/66 1171/1204/66 1170/1248/66
f 1084/1047/33 1220/1062/33 1201/1092/33
f 1014/1123/33 1009/1013/33 1189/1015/33
f 1040/1052/66 1202/1071/66 1219/1253/66
f 1010/1084/66 1013/1126/66 1191/1155/66
f 1064/1068/33 1059/1023/33 1209/1237/33
f 1257/946/521 1235/1282/521 1234/1261/521
f 1237/1262/388 924/1295/388 925/1263/388
f 1258/970/389 1228/1283/389 1227/1265/389
f 1259/996/390 1251/1284/390 1250/1266/390
f 1260/957/391 1244/1285/391 1243/1267/391
f 1261/979/392 1237/1262/392 1236/1264/392
f 1262/999/393 1225/1279/393 1226/1268/393
f 1263/961/394 1230/1286/394 1229/1269/394
f 1264/964/395 1253/1287/395 1252/1270/395
f 1265/987/396 1246/1288/396 1245/1271/396
f 1266/942/397 1239/1289/397 1238/1272/397
f 1267/973/522 1232/1290/522 1231/1273/522
f 1268/995/399 1255/1291/399 1254/1274/399
f 1269/955/523 1248/1292/523 1247/1275/523
f 1276/1000/401 1226/1268/401 1256/1276/401
f 1270/981/402 1241/1293/402 1240/1277/402
f 1286/984/403 1271/983/403 1234/1261/403
f 1272/971/524 1227/1265/524 1225/1279/524
f 1273/993/405 1250/1266/405 1249/1280/405
f 1288/989/406 1274/951/406 1243/1267/406
f 1275/945/407 1236/1264/407 1235/1282/407
f 1277/962/408 1229/1269/408 1228/1283/408
f 1278/985/409 1252/1270/409 1251/1284/409
f 1279/956/410 1245/1271/410 1244/1285/410
f 1280/967/411 1238/1272/411 1237/1262/411
f 1281/991/412 1231/1273/412 1230/1286/412
f 1282/948/413 1254/1274/413 1253/1287/413
f 1283/976/414 1247/1275/414 1246/1288/414
f 1285/959/415 1240/1277/415 1239/1289/415
f 1286/984/416 1233/1278/416 1232/1290/416
f 1268/995/417 1284/994/417 1256/1276/417
f 1287/954/418 1249/1280/418 1248/1292/418
f 1288/989/419 1242/1281/419 1241/1293/419
f 1251/1284/420 910/1296/420 911/1294/420
f 1238/1272/421 923/1297/421 924/1295/421
f 1252/1270/422 909/1299/422 910/1296/422
f 1239/1289/423 922/1300/423 923/1297/423
f 1225/1279/424 936/1301/424 935/1298/424
f 1253/1287/425 908/1302/425 909/1299/425
f 1240/1277/426 921/1303/426 922/1300/426
f 1227/1265/427 934/1304/427 936/1301/427
f 1254/1274/428 907/1305/428 908/1302/428
f 1241/1293/429 920/1306/429 921/1303/429
f 1228/1283/430 933/1307/430 934/1304/430
f 1255/1291/431 906/1308/431 907/1305/431
f 1242/1281/432 919/1309/432 920/1306/432
f 1229/1269/433 932/1310/433 933/1307/433
f 1256/1276/434 905/1311/434 906/1308/434
f 1243/1267/435 918/140/435 919/1309/435
f 1230/1286/436 931/1312/436 932/1310/436
f 1226/1268/437 935/1298/437 905/1311/437
f 1244/1285/438 917/1313/438 918/140/438
f 1231/1273/439 930/143/439 931/1312/439
f 1245/1271/440 916/1314/440 917/1313/440
f 1232/1290/441 929/1315/441 930/143/441
f 1246/1288/442 915/1316/442 916/1314/442
f 1233/1278/443 928/1317/443 929/1315/443
f 1247/1275/444 914/1318/444 915/1316/444
f 1234/1261/445 927/1319/445 928/1317/445
f 1248/1292/446 913/1320/446 914/1318/446
f 1235/1282/447 926/1321/447 927/1319/447
f 1249/1280/448 912/1322/448 913/1320/448
f 1236/1264/449 925/1263/449 926/1321/449
f 1250/1266/450 911/1294/450 912/1322/450
f 99/1323/16 105/1326/16 1306/1324/16
f 105/1326/17 108/1328/17 1310/1327/17
f 108/1328/18 111/1330/18 1308/1329/18
f 111/1330/19 114/1333/19 1320/1331/19
f 116/1332/20 1314/1335/20 1320/1331/20
f 119/1334/21 1319/1337/21 1314/1335/21
f 122/1336/22 1316/1339/22 1319/1337/22
f 125/1338/23 1315/1341/23 1316/1339/23
f 128/1340/24 1318/1343/24 1315/1341/24
f 131/1342/25 1317/1345/25 1318/1343/25
f 135/1344/26 1312/1347/26 1317/1345/26
f 138/1346/27 1313/1349/27 1312/1347/27
f 141/1348/28 1311/1351/28 1313/1349/28
f 144/1350/29 1309/1353/29 1311/1351/29
f 147/1352/30 1307/1355/30 1309/1353/30
f 149/1354/1 1305/1357/1 1307/1355/1
f 152/1356/31 1301/1359/31 1305/1357/31
f 155/1358/32 1304/1361/32 1301/1359/32
f 158/1360/2 1299/1363/2 1304/1361/2
f 162/1362/3 1295/1365/3 1299/1363/3
f 162/1362/4 164/1366/4 1293/1364/4
f 164/1366/5 168/1368/5 1290/1367/5
f 168/1368/6 170/1370/6 1291/1369/6
f 170/1370/7 173/1372/7 1289/1371/7
f 173/1372/8 176/1374/8 1292/1373/8
f 176/1374/9 179/1376/9 1296/1375/9
f 179/1376/10 182/1378/10 1294/1377/10
f 182/1378/11 185/1380/11 1297/1379/11
f 185/1380/12 189/1382/12 1300/1381/12
f 189/1382/13 191/1384/13 1298/1383/13
f 191/1384/14 194/1386/14 1303/1385/14
f 194/1386/15 99/1986/15 1302/1387/15
f 189/1987/66 185/1988/66 182/1989/66
f 182/1989/66 179/1990/66 176/1991/66
f 176/1991/66 173/1992/66 170/1993/66
f 170/1993/66 168/1994/66 164/1388/66
f 164/1388/66 162/1995/66 152/1996/66
f 162/1995/66 158/1997/66 152/1996/66
f 158/1997/66 155/1998/66 152/1996/66
f 152/1996/66 149/1999/66 147/2000/66
f 147/2000/66 144/2001/66 141/1389/66
f 141/1389/66 138/2002/66 128/2003/66
f 138/2002/66 135/2004/66 128/2003/66
f 135/2004/66 131/2005/66 128/2003/66
f 128/2003/66 125/2006/66 122/2007/66
f 122/2007/66 119/2008/66 116/1390/66
f 116/1390/66 114/2009/66 105/2010/66
f 114/2009/66 111/2011/66 105/2010/66
f 111/2011/66 108/2012/66 105/2010/66
f 105/2010/66 99/2013/66 194/2014/66
f 194/2014/66 191/2015/66 189/1987/66
f 189/1987/66 182/1989/66 176/1991/66
f 176/1991/66 170/1993/66 164/1388/66
f 152/1996/66 147/2000/66 141/1389/66
f 128/2003/66 122/2007/66 141/1389/66
f 122/2007/66 116/1390/66 141/1389/66
f 105/2010/66 194/2014/66 116/1390/66
f 194/2014/66 189/1987/66 116/1390/66
f 189/1987/66 176/1991/66 164/1388/66
f 164/1388/66 152/1996/66 141/1389/66
f 189/1987/66 164/1388/66 116/1390/66
f 101/1391/451 104/1396/451 100/1392/451
f 1344/1395/452 1346/2016/452 104/1396/452
f 104/1396/452 101/1391/452 1342/2017/452
f 101/1391/452 1341/2018/452 1340/2019/452
f 1340/2019/452 1342/2017/452 101/1391/452
f 1342/2017/452 1343/1394/452 104/1396/452
f 1321/1398/453 1323/2020/453 98/1399/453
f 98/1399/453 100/2021/453 1324/1397/453
f 100/2021/453 1328/2022/453 1326/2023/453
f 1326/2023/453 1325/2024/453 100/2021/453
f 1325/2024/453 1324/1397/453 100/2021/453
f 1338/2025/66 1341/2026/66 1336/1401/66
f 1341/2026/66 101/1402/66 1336/1401/66
f 101/1402/66 98/2027/66 1332/2028/66
f 98/2027/66 1323/2029/66 1327/2030/66
f 1323/2029/66 1322/2031/66 1327/2030/66
f 1327/2030/66 1330/2032/66 98/2027/66
f 1330/2032/66 1332/2028/66 98/2027/66
f 1332/2028/66 1334/1400/66 101/1402/66
f 1337/1404/33 1335/2033/33 104/1405/33
f 1335/2033/33 1333/2034/33 100/2035/33
f 1333/2034/33 1331/2036/33 100/2035/33
f 1331/2036/33 1329/2037/33 1328/2038/33
f 100/2035/33 1331/2036/33 1328/2038/33
f 100/2035/33 104/1405/33 1335/2033/33
f 104/1405/33 1346/2039/33 1339/1403/33
f 1346/2039/33 1345/2040/33 1339/1403/33
f 1348/1406/31 1350/1409/31 1349/1407/31
f 1350/1409/32 1352/1411/32 1351/1410/32
f 1352/1411/2 1354/1413/2 1353/1412/2
f 1354/1413/3 1356/1415/3 1355/1414/3
f 1356/1415/4 1358/1417/4 1357/1416/4
f 1358/1417/5 1360/1419/5 1359/1418/5
f 1360/1419/6 1362/1421/6 1361/1420/6
f 1362/1421/7 1364/1423/7 1363/1422/7
f 1364/1423/8 1366/1425/8 1365/1424/8
f 1366/1425/9 1368/1427/9 1367/1426/9
f 1368/1427/10 1370/1429/10 1369/1428/10
f 1370/1429/11 1372/1431/11 1371/1430/11
f 1372/1431/12 1374/1433/12 1373/1432/12
f 1374/1433/13 1376/1435/13 1375/1434/13
f 1376/1435/14 1378/1437/14 1377/1436/14
f 1378/1437/15 1380/1439/15 1379/1438/15
f 1380/1439/16 1382/1441/16 1381/1440/16
f 1382/1441/17 1384/1443/17 1383/1442/17
f 1384/1443/18 1386/1445/18 1385/1444/18
f 1386/1445/19 1388/1447/19 1387/1446/19
f 1388/1447/20 1390/1449/20 1389/1448/20
f 1390/1449/21 1392/1451/21 1391/1450/21
f 1392/1451/22 1394/1453/22 1393/1452/22
f 1394/1453/23 1396/1455/23 1395/1454/23
f 1396/1455/24 1398/1457/24 1397/1456/24
f 1398/1457/25 1400/1459/25 1399/1458/25
f 1400/1459/26 1402/1461/26 1401/1460/26
f 1402/1461/27 1404/1463/27 1403/1462/27
f 1404/1463/28 1406/1465/28 1405/1464/28
f 1406/1465/29 1408/1470/29 1407/1466/29
f 1352/2041/66 1350/2042/66 1348/2043/66
f 1348/2043/66 1410/2044/66 1408/2045/66
f 1408/2045/66 1406/2046/66 1404/2047/66
f 1404/2047/66 1402/2048/66 1400/1467/66
f 1400/1467/66 1398/2049/66 1396/2050/66
f 1396/2050/66 1394/2051/66 1392/2052/66
f 1392/2052/66 1390/2053/66 1388/2054/66
f 1388/2054/66 1386/2055/66 1392/2052/66
f 1386/2055/66 1384/1468/66 1392/2052/66
f 1384/1468/66 1382/2056/66 1380/2057/66
f 1380/2057/66 1378/2058/66 1376/2059/66
f 1376/2059/66 1374/2060/66 1368/1469/66
f 1374/2060/66 1372/2061/66 1368/1469/66
f 1372/2061/66 1370/2062/66 1368/1469/66
f 1368/1469/66 1366/2063/66 1360/2064/66
f 1366/2063/66 1364/2065/66 1360/2064/66
f 1364/2065/66 1362/2066/66 1360/2064/66
f 1360/2064/66 1358/2067/66 1356/2068/66
f 1356/2068/66 1354/2069/66 1360/2064/66
f 1354/2069/66 1352/2041/66 1360/2064/66
f 1352/2041/66 1348/2043/66 1400/1467/66
f 1348/2043/66 1408/2045/66 1400/1467/66
f 1408/2045/66 1404/2047/66 1400/1467/66
f 1400/1467/66 1396/2050/66 1392/2052/66
f 1384/1468/66 1380/2057/66 1368/1469/66
f 1380/2057/66 1376/2059/66 1368/1469/66
f 1400/1467/66 1392/2052/66 1384/1468/66
f 1368/1469/66 1360/2064/66 1352/2041/66
f 1352/2041/66 1400/1467/66 1368/1469/66
f 1408/1470/30 1410/1472/30 1409/1471/30
f 1410/1472/1 1348/2070/1 1347/1473/1
f 1409/2071/33 1347/2072/33 1349/2073/33
f 1349/2073/33 1351/2074/33 1353/2075/33
f 1353/2075/33 1355/2076/33 1357/2077/33
f 1357/2077/33 1359/2078/33 1353/2075/33
f 1359/2078/33 1361/1474/33 1353/2075/33
f 1361/1474/33 1363/2079/33 1365/2080/33
f 1365/2080/33 1367/2081/33 1369/2082/33
f 1369/2082/33 1371/2083/33 1373/2084/33
f 1373/2084/33 1375/2085/33 1377/1475/33
f 1377/1475/33 1379/2086/33 1385/2087/33
f 1379/2086/33 1381/2088/33 1385/2087/33
f 1381/2088/33 1383/2089/33 1385/2087/33
f 1385/2087/33 1387/2090/33 1389/2091/33
f 1389/2091/33 1391/2092/33 1393/1476/33
f 1393/1476/33 1395/2093/33 1401/2094/33
f 1395/2093/33 1397/2095/33 1401/2094/33
f 1397/2095/33 1399/2096/33 1401/2094/33
f 1401/2094/33 1403/2097/33 1409/2071/33
f 1403/2097/33 1405/2098/33 1409/2071/33
f 1405/2098/33 1407/2099/33 1409/2071/33
f 1409/2071/33 1349/2073/33 1361/1474/33
f 1349/2073/33 1353/2075/33 1361/1474/33
f 1361/1474/33 1365/2080/33 1369/2082/33
f 1369/2082/33 1373/2084/33 1361/1474/33
f 1373/2084/33 1377/1475/33 1361/1474/33
f 1385/2087/33 1389/2091/33 1377/1475/33
f 1389/2091/33 1393/1476/33 1377/1475/33
f 1393/1476/33 1401/2094/33 1409/2071/33
f 1409/2071/33 1361/1474/33 1393/1476/33
f 1412/1477/31 1414/1480/31 1413/1478/31
f 1414/1480/32 1416/1482/32 1415/1481/32
f 1416/1482/2 1418/1484/2 1417/1483/2
f 1418/1484/3 1420/1486/3 1419/1485/3
f 1420/1486/4 1422/1488/4 1421/1487/4
f 1422/1488/5 1424/1490/5 1423/1489/5
f 1424/1490/6 1426/1492/6 1425/1491/6
f 1426/1492/7 1428/1494/7 1427/1493/7
f 1428/1494/8 1430/1496/8 1429/1495/8
f 1430/1496/9 1432/1498/9 1431/1497/9
f 1432/1498/10 1434/1500/10 1433/1499/10
f 1434/1500/11 1436/1502/11 1435/1501/11
f 1436/1502/12 1438/1504/12 1437/1503/12
f 1438/1504/13 1440/1506/13 1439/1505/13
f 1440/1506/14 1442/1508/14 1441/1507/14
f 1442/1508/15 1444/1510/15 1443/1509/15
f 1444/1510/16 1446/1512/16 1445/1511/16
f 1446/1512/17 1448/1514/17 1447/1513/17
f 1448/1514/18 1450/1516/18 1449/1515/18
f 1450/1516/19 1452/1518/19 1451/1517/19
f 1452/1518/20 1454/1520/20 1453/1519/20
f 1454/1520/21 1456/1522/21 1455/1521/21
f 1456/1522/22 1458/1524/22 1457/1523/22
f 1458/1524/23 1460/1526/23 1459/1525/23
f 1460/1526/24 1462/1528/24 1461/1527/24
f 1462/1528/25 1464/1530/25 1463/1529/25
f 1464/1530/26 1466/1532/26 1465/1531/26
f 1466/1532/27 1468/1534/27 1467/1533/27
f 1468/1534/28 1470/1536/28 1469/1535/28
f 1470/1536/29 1472/1541/29 1471/1537/29
f 1416/1538/66 1414/2100/66 1412/2101/66
f 1412/2101/66 1474/2102/66 1416/1538/66
f 1474/2102/66 1472/2103/66 1416/1538/66
f 1472/2103/66 1470/2104/66 1468/2105/66
f 1468/2105/66 1466/2106/66 1472/2103/66
f 1466/2106/66 1464/1539/66 1472/2103/66
f 1464/1539/66 1462/2107/66 1460/2108/66
f 1460/2108/66 1458/2109/66 1456/2110/66
f 1456/2110/66 1454/2111/66 1448/1540/66
f 1454/2111/66 1452/2112/66 1448/1540/66
f 1452/2112/66 1450/2113/66 1448/1540/66
f 1448/1540/66 1446/2114/66 1444/2115/66
f 1444/2115/66 1442/2116/66 1448/1540/66
f 1442/2116/66 1440/2117/66 1448/1540/66
f 1440/2117/66 1438/2118/66 1436/2119/66
f 1436/2119/66 1434/2120/66 1440/2117/66
f 1434/2120/66 1432/2121/66 1440/2117/66
f 1432/2121/66 1430/2122/66 1424/2123/66
f 1430/2122/66 1428/2124/66 1424/2123/66
f 1428/2124/66 1426/2125/66 1424/2123/66
f 1424/2123/66 1422/2126/66 1416/1538/66
f 1422/2126/66 1420/2127/66 1416/1538/66
f 1420/2127/66 1418/2128/66 1416/1538/66
f 1464/1539/66 1460/2108/66 1456/2110/66
f 1416/1538/66 1472/2103/66 1464/1539/66
f 1464/1539/66 1456/2110/66 1448/1540/66
f 1448/1540/66 1440/2117/66 1416/1538/66
f 1440/2117/66 1432/2121/66 1416/1538/66
f 1432/2121/66 1424/2123/66 1416/1538/66
f 1472/1541/30 1474/1543/30 1473/1542/30
f 1474/1543/1 1412/2129/1 1411/1544/1
f 1473/1545/33 1411/2130/33 1413/2131/33
f 1413/2131/33 1415/2132/33 1417/2133/33
f 1417/2133/33 1419/2134/33 1421/2135/33
f 1421/2135/33 1423/2136/33 1417/2133/33
f 1423/2136/33 1425/1546/33 1417/2133/33
f 1425/1546/33 1427/2137/33 1429/2138/33
f 1429/2138/33 1431/2139/33 1433/2140/33
f 1433/2140/33 1435/2141/33 1437/2142/33
f 1437/2142/33 1439/2143/33 1433/2140/33
f 1439/2143/33 1441/1547/33 1433/2140/33
f 1441/1547/33 1443/2144/33 1445/2145/33
f 1445/2145/33 1447/2146/33 1441/1547/33
f 1447/2146/33 1449/2147/33 1441/1547/33
f 1449/2147/33 1451/2148/33 1453/2149/33
f 1453/2149/33 1455/2150/33 1457/2151/33
f 1457/2151/33 1459/2152/33 1465/2153/33
f 1459/2152/33 1461/2154/33 1465/2153/33
f 1461/2154/33 1463/2155/33 1465/2153/33
f 1465/2153/33 1467/2156/33 1469/2157/33
f 1469/2157/33 1471/2158/33 1473/1545/33
f 1473/1545/33 1413/2131/33 1425/1546/33
f 1413/2131/33 1417/2133/33 1425/1546/33
f 1425/1546/33 1429/2138/33 1441/1547/33
f 1429/2138/33 1433/2140/33 1441/1547/33
f 1449/2147/33 1453/2149/33 1441/1547/33
f 1453/2149/33 1457/2151/33 1441/1547/33
f 1465/2153/33 1469/2157/33 1473/1545/33
f 1457/2151/33 1465/2153/33 1441/1547/33
f 1465/2153/33 1473/1545/33 1441/1547/33
f 1476/1548/31 1478/1551/31 1477/1549/31
f 1478/1551/32 1480/1553/32 1479/1552/32
f 1480/1553/2 1482/1555/2 1481/1554/2
f 1482/1555/3 1484/1557/3 1483/1556/3
f 1484/1557/4 1486/1559/4 1485/1558/4
f 1486/1559/5 1488/1561/5 1487/1560/5
f 1488/1561/6 1490/1563/6 1489/1562/6
f 1490/1563/7 1492/1565/7 1491/1564/7
f 1492/1565/8 1494/1567/8 1493/1566/8
f 1494/1567/9 1496/1569/9 1495/1568/9
f 1496/1569/10 1498/1571/10 1497/1570/10
f 1498/1571/11 1500/1573/11 1499/1572/11
f 1500/1573/12 1502/1575/12 1501/1574/12
f 1502/1575/13 1504/1577/13 1503/1576/13
f 1504/1577/14 1506/1579/14 1505/1578/14
f 1506/1579/15 1508/1581/15 1507/1580/15
f 1508/1581/16 1510/1583/16 1509/1582/16
f 1510/1583/17 1512/1585/17 1511/1584/17
f 1512/1585/18 1514/1587/18 1513/1586/18
f 1514/1587/19 1516/1589/19 1515/1588/19
f 1516/1589/20 1518/1591/20 1517/1590/20
f 1518/1591/21 1520/1593/21 1519/1592/21
f 1520/1593/22 1522/1595/22 1521/1594/22
f 1522/1595/23 1524/1597/23 1523/1596/23
f 1524/1597/24 1526/1599/24 1525/1598/24
f 1526/1599/25 1528/1601/25 1527/1600/25
f 1528/1601/26 1530/1603/26 1529/1602/26
f 1530/1603/27 1532/1605/27 1531/1604/27
f 1532/1605/28 1534/1607/28 1533/1606/28
f 1534/1607/29 1536/1612/29 1535/1608/29
f 1480/1611/66 1478/2159/66 1476/2160/66
f 1476/2160/66 1538/2161/66 1480/1611/66
f 1538/2161/66 1536/2162/66 1480/1611/66
f 1536/2162/66 1534/2163/66 1532/2164/66
f 1532/2164/66 1530/2165/66 1528/2166/66
f 1528/2166/66 1526/2167/66 1524/2168/66
f 1524/2168/66 1522/2169/66 1520/2170/66
f 1520/2170/66 1518/2171/66 1516/2172/66
f 1516/2172/66 1514/2173/66 1512/1609/66
f 1512/1609/66 1510/2174/66 1508/2175/66
f 1508/2175/66 1506/2176/66 1512/1609/66
f 1506/2176/66 1504/2177/66 1512/1609/66
f 1504/2177/66 1502/2178/66 1500/2179/66
f 1500/2179/66 1498/2180/66 1496/1610/66
f 1496/1610/66 1494/2181/66 1488/2182/66
f 1494/2181/66 1492/2183/66 1488/2182/66
f 1492/2183/66 1490/2184/66 1488/2182/66
f 1488/2182/66 1486/2185/66 1484/2186/66
f 1484/2186/66 1482/2187/66 1480/1611/66
f 1536/2162/66 1532/2164/66 1528/2166/66
f 1528/2166/66 1524/2168/66 1520/2170/66
f 1520/2170/66 1516/2172/66 1528/2166/66
f 1516/2172/66 1512/1609/66 1528/2166/66
f 1504/2177/66 1500/2179/66 1512/1609/66
f 1500/2179/66 1496/1610/66 1512/1609/66
f 1488/2182/66 1484/2186/66 1496/1610/66
f 1484/2186/66 1480/1611/66 1496/1610/66
f 1480/1611/66 1536/2162/66 1528/2166/66
f 1480/1611/66 1528/2166/66 1512/1609/66
f 1536/1612/30 1538/1614/30 1537/1613/30
f 1538/1614/1 1476/2188/1 1475/1615/1
f 1537/1618/33 1475/2189/33 1477/2190/33
f 1477/2190/33 1479/2191/33 1481/2192/33
f 1481/2192/33 1483/2193/33 1489/2194/33
f 1483/2193/33 1485/2195/33 1489/2194/33
f 1485/2195/33 1487/2196/33 1489/2194/33
f 1489/2194/33 1491/2197/33 1493/2198/33
f 1493/2198/33 1495/2199/33 1497/2200/33
f 1497/2200/33 1499/2201/33 1505/1616/33
f 1499/2201/33 1501/2202/33 1505/1616/33
f 1501/2202/33 1503/2203/33 1505/1616/33
f 1505/1616/33 1507/2204/33 1509/2205/33
f 1509/2205/33 1511/2206/33 1513/2207/33
f 1513/2207/33 1515/2208/33 1521/1617/33
f 1515/2208/33 1517/2209/33 1521/1617/33
f 1517/2209/33 1519/2210/33 1521/1617/33
f 1521/1617/33 1523/2211/33 1525/2212/33
f 1525/2212/33 1527/2213/33 1521/1617/33
f 1527/2213/33 1529/2214/33 1521/1617/33
f 1529/2214/33 1531/2215/33 1537/1618/33
f 1531/2215/33 1533/2216/33 1537/1618/33
f 1533/2216/33 1535/2217/33 1537/1618/33
f 1537/1618/33 1477/2190/33 1481/2192/33
f 1489/2194/33 1493/2198/33 1505/1616/33
f 1493/2198/33 1497/2200/33 1505/1616/33
f 1505/1616/33 1509/2205/33 1521/1617/33
f 1509/2205/33 1513/2207/33 1521/1617/33
f 1537/1618/33 1481/2192/33 1489/2194/33
f 1521/1617/33 1529/2214/33 1537/1618/33
f 1537/1618/33 1489/2194/33 1505/1616/33
f 1540/1619/31 1542/1622/31 1541/1620/31
f 1542/1622/32 1544/1624/32 1543/1623/32
f 1544/1624/2 1546/1626/2 1545/1625/2
f 1546/1626/3 1548/1628/3 1547/1627/3
f 1548/1628/4 1550/1630/4 1549/1629/4
f 1550/1630/5 1552/1632/5 1551/1631/5
f 1552/1632/6 1554/1634/6 1553/1633/6
f 1554/1634/7 1556/1636/7 1555/1635/7
f 1556/1636/8 1558/1638/8 1557/1637/8
f 1558/1638/9 1560/1640/9 1559/1639/9
f 1560/1640/10 1562/1642/10 1561/1641/10
f 1562/1642/11 1564/1644/11 1563/1643/11
f 1564/1644/12 1566/1646/12 1565/1645/12
f 1566/1646/13 1568/1648/13 1567/1647/13
f 1568/1648/14 1570/1650/14 1569/1649/14
f 1570/1650/15 1572/1652/15 1571/1651/15
f 1572/1652/16 1574/1654/16 1573/1653/16
f 1574/1654/17 1576/1656/17 1575/1655/17
f 1576/1656/18 1578/1658/18 1577/1657/18
f 1578/1658/19 1580/1660/19 1579/1659/19
f 1580/1660/20 1582/1662/20 1581/1661/20
f 1582/1662/21 1584/1664/21 1583/1663/21
f 1584/1664/22 1586/1666/22 1585/1665/22
f 1586/1666/23 1588/1668/23 1587/1667/23
f 1588/1668/24 1590/1670/24 1589/1669/24
f 1590/1670/25 1592/1672/25 1591/1671/25
f 1592/1672/26 1594/1674/26 1593/1673/26
f 1594/1674/27 1596/1676/27 1595/1675/27
f 1596/1676/28 1598/1678/28 1597/1677/28
f 1598/1678/29 1600/1683/29 1599/1679/29
f 1544/1682/66 1542/2218/66 1540/2219/66
f 1540/2219/66 1602/2220/66 1544/1682/66
f 1602/2220/66 1600/2221/66 1544/1682/66
f 1600/2221/66 1598/2222/66 1596/2223/66
f 1596/2223/66 1594/2224/66 1592/2225/66
f 1592/2225/66 1590/2226/66 1588/2227/66
f 1588/2227/66 1586/2228/66 1584/2229/66
f 1584/2229/66 1582/2230/66 1580/2231/66
f 1580/2231/66 1578/2232/66 1576/1680/66
f 1576/1680/66 1574/2233/66 1572/2234/66
f 1572/2234/66 1570/2235/66 1576/1680/66
f 1570/2235/66 1568/2236/66 1576/1680/66
f 1568/2236/66 1566/2237/66 1564/2238/66
f 1564/2238/66 1562/2239/66 1560/1681/66
f 1560/1681/66 1558/2240/66 1552/2241/66
f 1558/2240/66 1556/2242/66 1552/2241/66
f 1556/2242/66 1554/2243/66 1552/2241/66
f 1552/2241/66 1550/2244/66 1548/2245/66
f 1548/2245/66 1546/2246/66 1544/1682/66
f 1600/2221/66 1596/2223/66 1592/2225/66
f 1592/2225/66 1588/2227/66 1584/2229/66
f 1584/2229/66 1580/2231/66 1592/2225/66
f 1580/2231/66 1576/1680/66 1592/2225/66
f 1568/2236/66 1564/2238/66 1576/1680/66
f 1564/2238/66 1560/1681/66 1576/1680/66
f 1552/2241/66 1548/2245/66 1560/1681/66
f 1548/2245/66 1544/1682/66 1560/1681/66
f 1544/1682/66 1600/2221/66 1592/2225/66
f 1544/1682/66 1592/2225/66 1576/1680/66
f 1600/1683/30 1602/1685/30 1601/1684/30
f 1602/1685/1 1540/2247/1 1539/1686/1
f 1601/1689/33 1539/2248/33 1541/2249/33
f 1541/2249/33 1543/2250/33 1545/2251/33
f 1545/2251/33 1547/2252/33 1553/2253/33
f 1547/2252/33 1549/2254/33 1553/2253/33
f 1549/2254/33 1551/2255/33 1553/2253/33
f 1553/2253/33 1555/2256/33 1557/2257/33
f 1557/2257/33 1559/2258/33 1561/2259/33
f 1561/2259/33 1563/2260/33 1569/1687/33
f 1563/2260/33 1565/2261/33 1569/1687/33
f 1565/2261/33 1567/2262/33 1569/1687/33
f 1569/1687/33 1571/2263/33 1573/2264/33
f 1573/2264/33 1575/2265/33 1577/2266/33
f 1577/2266/33 1579/2267/33 1585/1688/33
f 1579/2267/33 1581/2268/33 1585/1688/33
f 1581/2268/33 1583/2269/33 1585/1688/33
f 1585/1688/33 1587/2270/33 1589/2271/33
f 1589/2271/33 1591/2272/33 1585/1688/33
f 1591/2272/33 1593/2273/33 1585/1688/33
f 1593/2273/33 1595/2274/33 1601/1689/33
f 1595/2274/33 1597/2275/33 1601/1689/33
f 1597/2275/33 1599/2276/33 1601/1689/33
f 1601/1689/33 1541/2249/33 1545/2251/33
f 1553/2253/33 1557/2257/33 1569/1687/33
f 1557/2257/33 1561/2259/33 1569/1687/33
f 1569/1687/33 1573/2264/33 1585/1688/33
f 1573/2264/33 1577/2266/33 1585/1688/33
f 1601/1689/33 1545/2251/33 1553/2253/33
f 1585/1688/33 1593/2273/33 1601/1689/33
f 1601/1689/33 1553/2253/33 1569/1687/33
f 1604/1690/454 1606/1693/454 1605/1691/454
f 1606/1693/455 1608/1695/455 1607/1694/455
f 1608/1695/456 1610/1697/456 1609/1696/456
f 1610/1697/457 1612/1699/457 1611/1698/457
f 1612/1699/458 1614/1701/458 1613/1700/458
f 1614/1701/459 1616/1703/459 1615/1702/459
f 1616/1703/460 1618/1705/460 1617/1704/460
f 1618/1705/461 1620/1707/461 1619/1706/461
f 1620/1707/462 1622/1709/462 1621/1708/462
f 1622/1709/463 1624/1711/463 1623/1710/463
f 1624/1711/464 1626/1713/464 1625/1712/464
f 1626/1713/465 1628/1715/465 1627/1714/465
f 1628/1715/466 1630/1717/466 1629/1716/466
f 1630/1717/467 1632/1719/467 1631/1718/467
f 1632/1719/468 1634/1721/468 1633/1720/468
f 1634/1721/469 1636/1723/469 1635/1722/469
f 1636/1723/470 1638/1725/470 1637/1724/470
f 1638/1725/471 1640/1727/471 1639/1726/471
f 1640/1727/472 1642/1729/472 1641/1728/472
f 1642/1729/473 1644/1731/473 1643/1730/473
f 1644/1731/474 1646/1733/474 1645/1732/474
f 1646/1733/475 1648/1735/475 1647/1734/475
f 1648/1735/476 1650/1737/476 1649/1736/476
f 1650/1737/477 1652/1739/477 1651/1738/477
f 1652/1739/478 1654/1741/478 1653/1740/478
f 1654/1741/479 1656/1743/479 1655/1742/479
f 1656/1743/480 1658/1745/480 1657/1744/480
f 1658/1745/481 1660/1747/481 1659/1746/481
f 1660/1747/482 1662/1749/482 1661/1748/482
f 1662/1749/483 1664/1754/483 1663/1750/483
f 1608/2277/452 1606/2278/452 1664/2279/452
f 1606/2278/452 1604/2280/452 1666/2281/452
f 1664/2279/452 1606/2278/452 1666/2281/452
f 1664/2279/452 1662/2282/452 1608/2277/452
f 1662/2282/452 1660/1753/452 1610/1752/452
f 1608/2277/452 1662/2282/452 1610/1752/452
f 1660/1753/452 1658/2283/452 1612/1751/452
f 1658/2283/452 1656/2284/452 1614/2285/452
f 1612/1751/452 1658/2283/452 1614/2285/452
f 1656/2284/452 1654/2286/452 1618/2287/452
f 1654/2286/452 1652/2288/452 1620/2289/452
f 1652/2288/452 1650/2290/452 1622/2291/452
f 1650/2290/452 1648/2292/452 1624/2293/452
f 1648/2292/452 1646/2294/452 1624/2293/452
f 1646/2294/452 1644/2295/452 1626/2296/452
f 1624/2293/452 1646/2294/452 1626/2296/452
f 1644/2295/452 1642/2297/452 1628/2298/452
f 1642/2297/452 1640/2299/452 1630/2300/452
f 1628/2298/452 1642/2297/452 1630/2300/452
f 1640/2299/452 1638/2301/452 1634/2302/452
f 1638/2301/452 1636/2303/452 1634/2302/452
f 1634/2302/452 1632/2304/452 1640/2299/452
f 1632/2304/452 1630/2300/452 1640/2299/452
f 1628/2298/452 1626/2296/452 1644/2295/452
f 1624/2293/452 1622/2291/452 1650/2290/452
f 1622/2291/452 1620/2289/452 1652/2288/452
f 1620/2289/452 1618/2287/452 1654/2286/452
f 1618/2287/452 1616/2305/452 1656/2284/452
f 1616/2305/452 1614/2285/452 1656/2284/452
f 1664/1754/484 1666/1756/484 1665/1755/484
f 1666/1756/485 1604/2306/485 1603/1757/485
f 1665/2307/453 1603/2308/453 1605/2309/453
f 1605/2309/453 1607/2310/453 1665/2307/453
f 1607/2310/453 1609/1760/453 1663/1759/453
f 1665/2307/453 1607/2310/453 1663/1759/453
f 1609/1760/453 1611/2311/453 1659/2312/453
f 1611/2311/453 1613/2313/453 1657/2314/453
f 1613/2313/453 1615/2315/453 1657/2314/453
f 1615/2315/453 1617/2316/453 1655/2317/453
f 1657/2314/453 1615/2315/453 1655/2317/453
f 1617/2316/453 1619/2318/453 1651/2319/453
f 1619/2318/453 1621/2320/453 1649/2321/453
f 1621/2320/453 1623/2322/453 1649/2321/453
f 1623/2322/453 1625/2323/453 1647/2324/453
f 1649/2321/453 1623/2322/453 1647/2324/453
f 1625/2323/453 1627/2325/453 1643/2326/453
f 1627/2325/453 1629/2327/453 1641/2328/453
f 1629/2327/453 1631/2329/453 1641/2328/453
f 1631/2329/453 1633/2330/453 1639/2331/453
f 1641/2328/453 1631/2329/453 1639/2331/453
f 1633/2330/453 1635/2332/453 1637/2333/453
f 1637/2333/453 1639/2331/453 1633/2330/453
f 1641/2328/453 1643/2326/453 1627/2325/453
f 1643/2326/453 1645/2334/453 1625/2323/453
f 1645/2334/453 1647/2324/453 1625/2323/453
f 1649/2321/453 1651/2319/453 1619/2318/453
f 1651/2319/453 1653/2335/453 1617/2316/453
f 1653/2335/453 1655/2317/453 1617/2316/453
f 1657/2314/453 1659/2312/453 1611/2311/453
f 1659/2312/453 1661/1758/453 1609/1760/453
f 1668/1761/454 1670/1764/454 1669/1762/454
f 1670/1764/455 1672/1766/455 1671/1765/455
f 1672/1766/456 1674/1768/456 1673/1767/456
f 1674/1768/457 1676/1770/457 1675/1769/457
f 1676/1770/458 1678/1772/458 1677/1771/458
f 1678/1772/459 1680/1774/459 1679/1773/459
f 1680/1774/460 1682/1776/460 1681/1775/460
f 1682/1776/461 1684/1778/461 1683/1777/461
f 1684/1778/462 1686/1780/462 1685/1779/462
f 1686/1780/463 1688/1782/463 1687/1781/463
f 1688/1782/464 1690/1784/464 1689/1783/464
f 1690/1784/465 1692/1786/465 1691/1785/465
f 1692/1786/466 1694/1788/466 1693/1787/466
f 1694/1788/467 1696/1790/467 1695/1789/467
f 1696/1790/468 1698/1792/468 1697/1791/468
f 1698/1792/469 1700/1794/469 1699/1793/469
f 1700/1794/470 1702/1796/470 1701/1795/470
f 1702/1796/471 1704/1798/471 1703/1797/471
f 1704/1798/472 1706/1800/472 1705/1799/472
f 1706/1800/473 1708/1802/473 1707/1801/473
f 1708/1802/474 1710/1804/474 1709/1803/474
f 1710/1804/475 1712/1806/475 1711/1805/475
f 1712/1806/476 1714/1808/476 1713/1807/476
f 1714/1808/477 1716/1810/477 1715/1809/477
f 1716/1810/478 1718/1812/478 1717/1811/478
f 1718/1812/479 1720/1814/479 1719/1813/479
f 1720/1814/480 1722/1816/480 1721/1815/480
f 1722/1816/481 1724/1818/481 1723/1817/481
f 1724/1818/482 1726/1820/482 1725/1819/482
f 1726/1820/483 1728/1825/483 1727/1821/483
f 1672/2336/452 1670/2337/452 1728/2338/452
f 1670/2337/452 1668/2339/452 1730/2340/452
f 1728/2338/452 1670/2337/452 1730/2340/452
f 1728/2338/452 1726/2341/452 1672/2336/452
f 1726/2341/452 1724/1824/452 1674/1823/452
f 1672/2336/452 1726/2341/452 1674/1823/452
f 1724/1824/452 1722/2342/452 1676/1822/452
f 1722/2342/452 1720/2343/452 1678/2344/452
f 1676/1822/452 1722/2342/452 1678/2344/452
f 1720/2343/452 1718/2345/452 1682/2346/452
f 1718/2345/452 1716/2347/452 1684/2348/452
f 1716/2347/452 1714/2349/452 1686/2350/452
f 1714/2349/452 1712/2351/452 1688/2352/452
f 1712/2351/452 1710/2353/452 1688/2352/452
f 1710/2353/452 1708/2354/452 1690/2355/452
f 1688/2352/452 1710/2353/452 1690/2355/452
f 1708/2354/452 1706/2356/452 1692/2357/452
f 1706/2356/452 1704/2358/452 1694/2359/452
f 1692/2357/452 1706/2356/452 1694/2359/452
f 1704/2358/452 1702/2360/452 1698/2361/452
f 1702/2360/452 1700/2362/452 1698/2361/452
f 1698/2361/452 1696/2363/452 1704/2358/452
f 1696/2363/452 1694/2359/452 1704/2358/452
f 1692/2357/452 1690/2355/452 1708/2354/452
f 1688/2352/452 1686/2350/452 1714/2349/452
f 1686/2350/452 1684/2348/452 1716/2347/452
f 1684/2348/452 1682/2346/452 1718/2345/452
f 1682/2346/452 1680/2364/452 1720/2343/452
f 1680/2364/452 1678/2344/452 1720/2343/452
f 1728/1825/484 1730/1827/484 1729/1826/484
f 1730/1827/485 1668/2365/485 1667/1828/485
f 1729/2366/453 1667/2367/453 1669/2368/453
f 1669/2368/453 1671/2369/453 1729/2366/453
f 1671/2369/453 1673/1831/453 1727/1830/453
f 1729/2366/453 1671/2369/453 1727/1830/453
f 1673/1831/453 1675/2370/453 1723/2371/453
f 1675/2370/453 1677/2372/453 1721/2373/453
f 1677/2372/453 1679/2374/453 1721/2373/453
f 1679/2374/453 1681/2375/453 1719/2376/453
f 1721/2373/453 1679/2374/453 1719/2376/453
f 1681/2375/453 1683/2377/453 1715/2378/453
f 1683/2377/453 1685/2379/453 1713/2380/453
f 1685/2379/453 1687/2381/453 1713/2380/453
f 1687/2381/453 1689/2382/453 1711/2383/453
f 1713/2380/453 1687/2381/453 1711/2383/453
f 1689/2382/453 1691/2384/453 1707/2385/453
f 1691/2384/453 1693/2386/453 1705/2387/453
f 1693/2386/453 1695/2388/453 1705/2387/453
f 1695/2388/453 1697/2389/453 1703/2390/453
f 1705/2387/453 1695/2388/453 1703/2390/453
f 1697/2389/453 1699/2391/453 1701/2392/453
f 1701/2392/453 1703/2390/453 1697/2389/453
f 1705/2387/453 1707/2385/453 1691/2384/453
f 1707/2385/453 1709/2393/453 1689/2382/453
f 1709/2393/453 1711/2383/453 1689/2382/453
f 1713/2380/453 1715/2378/453 1683/2377/453
f 1715/2378/453 1717/2394/453 1681/2375/453
f 1717/2394/453 1719/2376/453 1681/2375/453
f 1721/2373/453 1723/2371/453 1675/2370/453
f 1723/2371/453 1725/1829/453 1673/1831/453
o Pipe.001_平面
v -0.173205 0.200268 -0.454424
v -0.100000 0.127063 -0.454424
v -0.000000 0.100268 -0.454424
v 0.100000 0.127063 -0.454424
v 0.173205 0.200268 -0.454424
v 0.200000 0.300268 -0.454424
v 0.173205 0.400268 -0.454424
v 0.100000 0.473473 -0.454424
v 0.000000 0.500268 -0.454424
v -0.100000 0.473473 -0.454424
v -0.173205 0.400268 -0.454424
v -0.200000 0.300268 -0.454424
v -0.173205 -0.500000 -1.200000
v -0.100000 -0.500000 -1.126795
v -0.000000 -0.500000 -1.100000
v 0.100000 -0.500000 -1.126795
v 0.173205 -0.500000 -1.200000
v 0.200000 -0.500000 -1.300000
v 0.173205 -0.500000 -1.400000
v 0.100000 -0.500000 -1.473205
v 0.000000 -0.500000 -1.500000
v -0.100000 -0.500000 -1.473205
v -0.173205 -0.500000 -1.400000
v -0.200000 -0.500000 -1.300000
v -0.173205 -0.500000 -1.200000
v -0.100000 -0.500000 -1.126795
v -0.000000 -0.500000 -1.100000
v 0.100000 -0.500000 -1.126795
v 0.173205 -0.500000 -1.200000
v 0.200000 -0.500000 -1.300000
v 0.173205 -0.500000 -1.400000
v 0.100000 -0.500000 -1.473205
v 0.000000 -0.500000 -1.500000
v -0.100000 -0.500000 -1.473205
v -0.173205 -0.500000 -1.400000
v -0.200000 -0.500000 -1.300000
v -0.173205 0.089474 -1.200555
v -0.100000 0.081768 -1.127757
v -0.000000 0.078948 -1.101111
v 0.100000 0.081768 -1.127757
v 0.173205 0.089474 -1.200555
v 0.200000 0.100000 -1.300000
v 0.173205 0.110526 -1.399444
v 0.100000 0.118232 -1.472243
v 0.000000 0.121052 -1.498889
v -0.100000 0.118232 -1.472243
v -0.173205 0.110526 -1.399445
v -0.200000 0.100000 -1.300000
v -0.173205 0.169126 -1.191083
v -0.100000 0.127020 -1.131199
v -0.000000 0.111609 -1.109280
v 0.100000 0.127020 -1.131199
v 0.173205 0.169126 -1.191083
v 0.200000 0.226643 -1.272886
v 0.173205 0.284160 -1.354689
v 0.100000 0.326266 -1.414574
v 0.000000 0.341677 -1.436493
v -0.100000 0.326266 -1.414574
v -0.173205 0.284160 -1.354690
v -0.200000 0.226643 -1.272886
v -0.173205 0.204108 -1.126976
v -0.100000 0.133715 -1.106884
v -0.000000 0.107949 -1.099529
v 0.100000 0.133715 -1.106884
v 0.173205 0.204108 -1.126976
v 0.200000 0.300268 -1.154424
v 0.173205 0.396427 -1.181871
v 0.100000 0.466821 -1.201963
v 0.000000 0.492587 -1.209318
v -0.100000 0.466821 -1.201964
v -0.173205 0.396428 -1.181871
v -0.200000 0.300268 -1.154424
v -0.173205 0.200268 -0.454424
v -0.100000 0.127063 -0.454424
v -0.000000 0.100268 -0.454424
v 0.100000 0.127063 -0.454424
v 0.173205 0.200268 -0.454424
v 0.200000 0.300268 -0.454424
v 0.173205 0.400268 -0.454424
v 0.100000 0.473473 -0.454424
v 0.000000 0.500268 -0.454424
v -0.100000 0.473473 -0.454424
v -0.173205 0.400268 -0.454424
v -0.200000 0.300268 -0.454424
vt 0.272727 0.000000
vt 0.090909 0.000000
vt 0.181818 0.000000
vt 0.363636 0.000000
vt 0.000000 0.000000
vt 0.454545 0.000000
vt 1.000000 0.000000
vt 0.545455 0.000000
vt 0.909091 0.000000
vt 0.636364 0.000000
vt 0.818182 0.000000
vt 0.727273 0.000000
vt 0.090909 0.000000
vt 0.272727 0.000000
vt 0.181818 0.000000
vt 0.363636 0.000000
vt 0.000000 0.000000
vt 0.454545 0.000000
vt 1.000000 0.000000
vt 0.545455 0.000000
vt 0.909091 0.000000
vt 0.636364 0.000000
vt 0.818182 0.000000
vt 0.727273 0.000000
vt 0.250000 1.000000
vt 0.000000 0.916667
vt 0.000000 1.000000
vt 0.250000 0.083333
vt 0.000000 0.000000
vt 0.000000 0.083333
vt 0.250000 0.166667
vt 0.000000 0.166667
vt 0.000000 0.250000
vt 0.000000 0.333333
vt 0.250000 0.250000
vt 0.000000 0.416667
vt 0.250000 0.333333
vt 0.000000 0.500000
vt 0.250000 0.416667
vt 0.000000 0.583333
vt 0.250000 0.500000
vt 0.000000 0.666667
vt 0.250000 0.583333
vt 0.250000 0.750000
vt 0.000000 0.750000
vt 0.250000 0.833333
vt 0.000000 0.833333
vt 0.250000 0.916667
vt 0.500000 1.000000
vt 0.500000 0.083333
vt 0.250000 0.000000
vt 0.500000 0.166667
vt 0.500000 0.250000
vt 0.500000 0.333333
vt 0.500000 0.416667
vt 0.500000 0.500000
vt 0.250000 0.666667
vt 0.500000 0.583333
vt 0.500000 0.750000
vt 0.500000 0.833333
vt 0.500000 0.916667
vt 0.750000 0.916667
vt 0.750000 0.000000
vt 0.500000 0.000000
vt 0.750000 0.083333
vt 0.750000 0.250000
vt 0.750000 0.333333
vt 0.750000 0.416667
vt 0.750000 0.500000
vt 0.750000 0.583333
vt 0.750000 0.666667
vt 0.500000 0.666667
vt 0.750000 0.750000
vt 0.750000 0.833333
vt 0.750000 1.000000
vt 1.000000 0.916667
vt 1.000000 0.000000
vt 0.750000 0.166667
vt 1.000000 0.083333
vt 1.000000 0.250000
vt 1.000000 0.333333
vt 1.000000 0.416667
vt 1.000000 0.500000
vt 1.000000 0.583333
vt 1.000000 0.666667
vt 1.000000 0.750000
vt 1.000000 0.833333
vt 1.000000 1.000000
vt 1.000000 0.166667
vn 0.0000 0.0000 1.0000
vn 0.0000 -1.0000 0.0000
vn -0.9659 0.0002 0.2588
vn -0.7071 0.0012 0.7071
vn -0.2588 0.0019 0.9659
vn 0.2588 0.0019 0.9659
vn 0.7071 0.0012 0.7071
vn 0.9659 0.0002 0.2588
vn 0.9659 -0.0000 -0.2588
vn 0.7071 0.0006 -0.7071
vn 0.2588 0.0015 -0.9659
vn -0.2588 0.0015 -0.9659
vn -0.7071 0.0006 -0.7071
vn -0.9659 -0.0000 -0.2588
vn -0.9659 -0.0306 0.2570
vn -0.7012 0.0541 0.7109
vn -0.2440 0.2353 0.9408
vn 0.2440 0.2353 0.9408
vn 0.7012 0.0541 0.7109
vn 0.9659 -0.0306 0.2570
vn 0.9656 0.0545 -0.2544
vn 0.7033 0.1774 -0.6884
vn 0.2555 0.2583 -0.9317
vn -0.2555 0.2583 -0.9317
vn -0.7033 0.1774 -0.6884
vn -0.9656 0.0545 -0.2544
vn -0.9601 -0.2374 0.1476
vn -0.6676 -0.6535 0.3566
vn -0.2025 -0.9442 0.2599
vn 0.2025 -0.9442 0.2599
vn 0.6676 -0.6535 0.3566
vn 0.9601 -0.2374 0.1476
vn 0.9608 0.2326 -0.1511
vn 0.6814 0.6106 -0.4036
vn 0.2422 0.8082 -0.5368
vn -0.2422 0.8082 -0.5368
vn -0.6814 0.6106 -0.4036
vn -0.9608 0.2326 -0.1511
vn -0.9633 -0.2684 0.0000
vn -0.6925 -0.7214 -0.0041
vn -0.2488 -0.9685 -0.0099
vn 0.2488 -0.9685 -0.0099
vn 0.6925 -0.7214 -0.0041
vn 0.9633 -0.2684 0.0000
vn 0.9634 0.2680 -0.0014
vn 0.6940 0.7199 -0.0064
vn 0.2502 0.9681 -0.0099
vn -0.2502 0.9682 -0.0099
vn -0.6940 0.7199 -0.0064
vn -0.9634 0.2681 -0.0014
vn -0.9656 0.0000 0.2602
vn -0.7051 0.0007 0.7091
vn -0.2574 0.0016 0.9663
vn 0.2574 0.0016 0.9663
vn 0.7051 0.0007 0.7091
vn 0.9656 -0.0000 0.2602
vn 0.9656 0.0002 -0.2601
vn 0.7052 0.0011 -0.7090
vn 0.2575 0.0017 -0.9663
vn -0.2575 0.0017 -0.9663
vn -0.7052 0.0011 -0.7090
vn -0.9656 0.0002 -0.2601
vn -0.9601 -0.0585 0.2733
vn -0.6607 -0.0886 0.7454
vn -0.2026 0.0743 0.9764
vn 0.2026 0.0743 0.9764
vn 0.6607 -0.0886 0.7454
vn 0.9601 -0.0585 0.2733
vn 0.9614 0.0687 -0.2666
vn 0.6857 0.1945 -0.7015
vn 0.2451 0.2638 -0.9329
vn -0.2451 0.2638 -0.9329
vn -0.6857 0.1945 -0.7015
vn -0.9614 0.0687 -0.2666
vn -0.9643 -0.2325 0.1269
vn -0.7071 -0.6818 0.1877
vn -0.2106 -0.9152 -0.3435
vn 0.2106 -0.9152 -0.3435
vn 0.7071 -0.6818 0.1877
vn 0.9643 -0.2325 0.1269
vn 0.9633 0.2280 -0.1417
vn 0.6910 0.6062 -0.3938
vn 0.2475 0.8082 -0.5343
vn -0.2475 0.8082 -0.5343
vn -0.6910 0.6062 -0.3938
vn -0.9633 0.2280 -0.1417
vn -0.9659 -0.2588 -0.0015
vn -0.7071 -0.7071 -0.0072
vn -0.2588 -0.9659 -0.0115
vn 0.2588 -0.9659 -0.0115
vn 0.7071 -0.7071 -0.0072
vn 0.9659 -0.2588 -0.0015
vn 0.9659 0.2588 0.0000
vn 0.7071 0.7071 -0.0037
vn 0.2588 0.9659 -0.0086
vn -0.2588 0.9659 -0.0086
vn -0.7071 0.7071 -0.0037
vn -0.9659 0.2588 0.0000
usemtl None
s off
f 1734/2395/525 1732/2396/525 1733/2397/525
f 1735/2398/525 1732/2396/525 1734/2395/525
f 1735/2398/525 1731/2399/525 1732/2396/525
f 1736/2400/525 1731/2399/525 1735/2398/525
f 1736/2400/525 1742/2401/525 1731/2399/525
f 1737/2402/525 1742/2401/525 1736/2400/525
f 1737/2402/525 1741/2403/525 1742/2401/525
f 1738/2404/525 1741/2403/525 1737/2402/525
f 1738/2404/525 1740/2405/525 1741/2403/525
f 1739/2406/525 1740/2405/525 1738/2404/525
f 1744/2407/526 1746/2408/526 1745/2409/526
f 1744/2407/526 1747/2410/526 1746/2408/526
f 1743/2411/526 1747/2410/526 1744/2407/526
f 1743/2411/526 1748/2412/526 1747/2410/526
f 1754/2413/526 1748/2412/526 1743/2411/526
f 1754/2413/526 1749/2414/526 1748/2412/526
f 1753/2415/526 1749/2414/526 1754/2413/526
f 1753/2415/526 1750/2416/526 1749/2414/526
f 1752/2417/526 1750/2416/526 1753/2415/526
f 1752/2417/526 1751/2418/526 1750/2416/526
f 1767/2419/527 1766/2420/527 1755/2421/527
f 1768/2422/528 1755/2423/528 1756/2424/528
f 1769/2425/529 1756/2424/529 1757/2426/529
f 1758/2427/530 1769/2425/530 1757/2426/530
f 1759/2428/531 1770/2429/531 1758/2427/531
f 1760/2430/532 1771/2431/532 1759/2428/532
f 1761/2432/533 1772/2433/533 1760/2430/533
f 1762/2434/534 1773/2435/534 1761/2432/534
f 1763/2436/535 1774/2437/535 1762/2434/535
f 1776/2438/536 1763/2436/536 1764/2439/536
f 1777/2440/537 1764/2439/537 1765/2441/537
f 1778/2442/538 1765/2441/538 1766/2420/538
f 1779/2443/539 1778/2442/539 1767/2419/539
f 1780/2444/540 1767/2445/540 1768/2422/540
f 1781/2446/541 1768/2422/541 1769/2425/541
f 1770/2429/542 1781/2446/542 1769/2425/542
f 1771/2431/543 1782/2447/543 1770/2429/543
f 1772/2433/544 1783/2448/544 1771/2431/544
f 1773/2435/545 1784/2449/545 1772/2433/545
f 1774/2437/546 1785/2450/546 1773/2435/546
f 1775/2451/547 1786/2452/547 1774/2437/547
f 1788/2453/548 1775/2451/548 1776/2438/548
f 1789/2454/549 1776/2438/549 1777/2440/549
f 1790/2455/550 1777/2440/550 1778/2442/550
f 1779/2443/551 1802/2456/551 1790/2455/551
f 1780/2444/552 1791/2457/552 1779/2458/552
f 1781/2446/553 1792/2459/553 1780/2444/553
f 1794/2460/554 1781/2446/554 1782/2447/554
f 1795/2461/555 1782/2447/555 1783/2448/555
f 1796/2462/556 1783/2448/556 1784/2449/556
f 1797/2463/557 1784/2449/557 1785/2450/557
f 1798/2464/558 1785/2450/558 1786/2452/558
f 1799/2465/559 1786/2452/559 1787/2466/559
f 1788/2453/560 1799/2465/560 1787/2466/560
f 1789/2454/561 1800/2467/561 1788/2453/561
f 1790/2455/562 1801/2468/562 1789/2454/562
f 1791/2469/563 1814/2470/563 1802/2456/563
f 1792/2459/564 1803/2471/564 1791/2457/564
f 1793/2472/565 1804/2473/565 1792/2459/565
f 1806/2474/566 1793/2472/566 1794/2460/566
f 1807/2475/567 1794/2460/567 1795/2461/567
f 1808/2476/568 1795/2461/568 1796/2462/568
f 1809/2477/569 1796/2462/569 1797/2463/569
f 1810/2478/570 1797/2463/570 1798/2464/570
f 1811/2479/571 1798/2464/571 1799/2465/571
f 1800/2467/572 1811/2479/572 1799/2465/572
f 1801/2468/573 1812/2480/573 1800/2467/573
f 1802/2456/574 1813/2481/574 1801/2468/574
f 1767/2419/575 1778/2442/575 1766/2420/575
f 1768/2422/576 1767/2445/576 1755/2423/576
f 1769/2425/577 1768/2422/577 1756/2424/577
f 1758/2427/578 1770/2429/578 1769/2425/578
f 1759/2428/579 1771/2431/579 1770/2429/579
f 1760/2430/580 1772/2433/580 1771/2431/580
f 1761/2432/581 1773/2435/581 1772/2433/581
f 1762/2434/582 1774/2437/582 1773/2435/582
f 1763/2436/583 1775/2451/583 1774/2437/583
f 1776/2438/584 1775/2451/584 1763/2436/584
f 1777/2440/585 1776/2438/585 1764/2439/585
f 1778/2442/586 1777/2440/586 1765/2441/586
f 1779/2443/587 1790/2455/587 1778/2442/587
f 1780/2444/588 1779/2458/588 1767/2445/588
f 1781/2446/589 1780/2444/589 1768/2422/589
f 1770/2429/590 1782/2447/590 1781/2446/590
f 1771/2431/591 1783/2448/591 1782/2447/591
f 1772/2433/592 1784/2449/592 1783/2448/592
f 1773/2435/593 1785/2450/593 1784/2449/593
f 1774/2437/594 1786/2452/594 1785/2450/594
f 1775/2451/595 1787/2466/595 1786/2452/595
f 1788/2453/596 1787/2466/596 1775/2451/596
f 1789/2454/597 1788/2453/597 1776/2438/597
f 1790/2455/598 1789/2454/598 1777/2440/598
f 1779/2443/599 1791/2469/599 1802/2456/599
f 1780/2444/600 1792/2459/600 1791/2457/600
f 1781/2446/601 1793/2472/601 1792/2459/601
f 1794/2460/602 1793/2472/602 1781/2446/602
f 1795/2461/603 1794/2460/603 1782/2447/603
f 1796/2462/604 1795/2461/604 1783/2448/604
f 1797/2463/605 1796/2462/605 1784/2449/605
f 1798/2464/606 1797/2463/606 1785/2450/606
f 1799/2465/607 1798/2464/607 1786/2452/607
f 1788/2453/608 1800/2467/608 1799/2465/608
f 1789/2454/609 1801/2468/609 1800/2467/609
f 1790/2455/610 1802/2456/610 1801/2468/610
f 1791/2469/611 1803/2482/611 1814/2470/611
f 1792/2459/612 1804/2473/612 1803/2471/612
f 1793/2472/613 1805/2483/613 1804/2473/613
f 1806/2474/614 1805/2483/614 1793/2472/614
f 1807/2475/615 1806/2474/615 1794/2460/615
f 1808/2476/616 1807/2475/616 1795/2461/616
f 1809/2477/617 1808/2476/617 1796/2462/617
f 1810/2478/618 1809/2477/618 1797/2463/618
f 1811/2479/619 1810/2478/619 1798/2464/619
f 1800/2467/620 1812/2480/620 1811/2479/620
f 1801/2468/621 1813/2481/621 1812/2480/621
f 1802/2456/622 1814/2470/622 1813/2481/622
o Pipe_平面.001
v 0.173205 0.200268 0.454424
v 0.100000 0.127063 0.454424
v 0.000000 0.100268 0.454424
v -0.100000 0.127063 0.454424
v -0.173205 0.200268 0.454424
v -0.200000 0.300268 0.454424
v -0.173205 0.400268 0.454424
v -0.100000 0.473473 0.454424
v -0.000000 0.500268 0.454424
v 0.100000 0.473473 0.454424
v 0.173205 0.400268 0.454424
v 0.200000 0.300268 0.454424
v 0.173205 -0.500000 1.200000
v 0.100000 -0.500000 1.126795
v 0.000000 -0.500000 1.100000
v -0.100000 -0.500000 1.126795
v -0.173205 -0.500000 1.200000
v -0.200000 -0.500000 1.300000
v -0.173205 -0.500000 1.400000
v -0.100000 -0.500000 1.473205
v -0.000000 -0.500000 1.500000
v 0.100000 -0.500000 1.473205
v 0.173205 -0.500000 1.400000
v 0.200000 -0.500000 1.300000
v 0.173205 -0.500000 1.200000
v 0.100000 -0.500000 1.126795
v 0.000000 -0.500000 1.100000
v -0.100000 -0.500000 1.126795
v -0.173205 -0.500000 1.200000
v -0.200000 -0.500000 1.300000
v -0.173205 -0.500000 1.400000
v -0.100000 -0.500000 1.473205
v -0.000000 -0.500000 1.500000
v 0.100000 -0.500000 1.473205
v 0.173205 -0.500000 1.400000
v 0.200000 -0.500000 1.300000
v 0.173205 0.089474 1.200555
v 0.100000 0.081768 1.127757
v 0.000000 0.078948 1.101111
v -0.100000 0.081768 1.127757
v -0.173205 0.089474 1.200555
v -0.200000 0.100000 1.300000
v -0.173205 0.110526 1.399444
v -0.100000 0.118232 1.472243
v -0.000000 0.121052 1.498889
v 0.100000 0.118232 1.472243
v 0.173205 0.110526 1.399445
v 0.200000 0.100000 1.300000
v 0.173205 0.169126 1.191083
v 0.100000 0.127020 1.131199
v 0.000000 0.111609 1.109280
v -0.100000 0.127020 1.131199
v -0.173205 0.169126 1.191083
v -0.200000 0.226643 1.272886
v -0.173205 0.284160 1.354689
v -0.100000 0.326266 1.414574
v -0.000000 0.341677 1.436493
v 0.100000 0.326266 1.414574
v 0.173205 0.284160 1.354690
v 0.200000 0.226643 1.272886
v 0.173205 0.204108 1.126976
v 0.100000 0.133715 1.106884
v 0.000000 0.107949 1.099529
v -0.100000 0.133715 1.106884
v -0.173205 0.204108 1.126976
v -0.200000 0.300268 1.154424
v -0.173205 0.396427 1.181871
v -0.100000 0.466821 1.201963
v -0.000000 0.492587 1.209318
v 0.100000 0.466821 1.201964
v 0.173205 0.396428 1.181871
v 0.200000 0.300268 1.154424
v 0.173205 0.200268 0.454424
v 0.100000 0.127063 0.454424
v 0.000000 0.100268 0.454424
v -0.100000 0.127063 0.454424
v -0.173205 0.200268 0.454424
v -0.200000 0.300268 0.454424
v -0.173205 0.400268 0.454424
v -0.100000 0.473473 0.454424
v -0.000000 0.500268 0.454424
v 0.100000 0.473473 0.454424
v 0.173205 0.400268 0.454424
v 0.200000 0.300268 0.454424
vt 0.272727 0.000000
vt 0.090909 0.000000
vt 0.181818 0.000000
vt 0.363636 0.000000
vt 0.000000 0.000000
vt 0.454545 0.000000
vt 1.000000 0.000000
vt 0.545455 0.000000
vt 0.909091 0.000000
vt 0.636364 0.000000
vt 0.818182 0.000000
vt 0.727273 0.000000
vt 0.090909 0.000000
vt 0.272727 0.000000
vt 0.181818 0.000000
vt 0.363636 0.000000
vt 0.000000 0.000000
vt 0.454545 0.000000
vt 1.000000 0.000000
vt 0.545455 0.000000
vt 0.909091 0.000000
vt 0.636364 0.000000
vt 0.818182 0.000000
vt 0.727273 0.000000
vt 0.250000 1.000000
vt 0.000000 0.916667
vt 0.000000 1.000000
vt 0.250000 0.083333
vt 0.000000 0.000000
vt 0.000000 0.083333
vt 0.250000 0.166667
vt 0.000000 0.166667
vt 0.000000 0.250000
vt 0.000000 0.333333
vt 0.250000 0.250000
vt 0.000000 0.416667
vt 0.250000 0.333333
vt 0.000000 0.500000
vt 0.250000 0.416667
vt 0.000000 0.583333
vt 0.250000 0.500000
vt 0.000000 0.666667
vt 0.250000 0.583333
vt 0.250000 0.750000
vt 0.000000 0.750000
vt 0.250000 0.833333
vt 0.000000 0.833333
vt 0.250000 0.916667
vt 0.500000 1.000000
vt 0.500000 0.083333
vt 0.250000 0.000000
vt 0.500000 0.166667
vt 0.500000 0.250000
vt 0.500000 0.333333
vt 0.500000 0.416667
vt 0.500000 0.500000
vt 0.250000 0.666667
vt 0.500000 0.583333
vt 0.500000 0.750000
vt 0.500000 0.833333
vt 0.500000 0.916667
vt 0.750000 0.916667
vt 0.750000 0.000000
vt 0.500000 0.000000
vt 0.750000 0.083333
vt 0.750000 0.250000
vt 0.750000 0.333333
vt 0.750000 0.416667
vt 0.750000 0.500000
vt 0.750000 0.583333
vt 0.750000 0.666667
vt 0.500000 0.666667
vt 0.750000 0.750000
vt 0.750000 0.833333
vt 0.750000 1.000000
vt 1.000000 0.916667
vt 1.000000 0.000000
vt 0.750000 0.166667
vt 1.000000 0.083333
vt 1.000000 0.250000
vt 1.000000 0.333333
vt 1.000000 0.416667
vt 1.000000 0.500000
vt 1.000000 0.583333
vt 1.000000 0.666667
vt 1.000000 0.750000
vt 1.000000 0.833333
vt 1.000000 1.000000
vt 1.000000 0.166667
vn 0.0000 0.0000 -1.0000
vn 0.0000 -1.0000 0.0000
vn 0.9659 0.0002 -0.2588
vn 0.7071 0.0012 -0.7071
vn 0.2588 0.0019 -0.9659
vn -0.2588 0.0019 -0.9659
vn -0.7071 0.0012 -0.7071
vn -0.9659 0.0002 -0.2588
vn -0.9659 -0.0000 0.2588
vn -0.7071 0.0006 0.7071
vn -0.2588 0.0015 0.9659
vn 0.2588 0.0015 0.9659
vn 0.7071 0.0006 0.7071
vn 0.9659 -0.0000 0.2588
vn 0.9659 -0.0306 -0.2570
vn 0.7012 0.0541 -0.7109
vn 0.2440 0.2353 -0.9408
vn -0.2440 0.2353 -0.9408
vn -0.7012 0.0541 -0.7109
vn -0.9659 -0.0306 -0.2570
vn -0.9656 0.0545 0.2544
vn -0.7033 0.1774 0.6884
vn -0.2555 0.2583 0.9317
vn 0.2555 0.2583 0.9317
vn 0.7033 0.1774 0.6884
vn 0.9656 0.0545 0.2544
vn 0.9601 -0.2374 -0.1476
vn 0.6676 -0.6535 -0.3566
vn 0.2025 -0.9442 -0.2599
vn -0.2025 -0.9442 -0.2599
vn -0.6676 -0.6535 -0.3566
vn -0.9601 -0.2374 -0.1476
vn -0.9608 0.2326 0.1511
vn -0.6814 0.6106 0.4036
vn -0.2422 0.8082 0.5368
vn 0.2422 0.8082 0.5368
vn 0.6814 0.6106 0.4036
vn 0.9608 0.2326 0.1511
vn 0.9633 -0.2684 -0.0000
vn 0.6925 -0.7214 0.0041
vn 0.2488 -0.9685 0.0099
vn -0.2488 -0.9685 0.0099
vn -0.6925 -0.7214 0.0041
vn -0.9633 -0.2684 0.0000
vn -0.9634 0.2680 0.0014
vn -0.6940 0.7199 0.0064
vn -0.2502 0.9681 0.0099
vn 0.2502 0.9682 0.0099
vn 0.6940 0.7199 0.0064
vn 0.9634 0.2681 0.0014
vn 0.9656 -0.0000 -0.2602
vn 0.7051 0.0007 -0.7091
vn 0.2574 0.0016 -0.9663
vn -0.2574 0.0016 -0.9663
vn -0.7051 0.0007 -0.7091
vn -0.9656 -0.0000 -0.2602
vn -0.9656 0.0002 0.2601
vn -0.7052 0.0011 0.7090
vn -0.2575 0.0017 0.9663
vn 0.2575 0.0017 0.9663
vn 0.7052 0.0011 0.7090
vn 0.9656 0.0002 0.2601
vn 0.9601 -0.0585 -0.2733
vn 0.6607 -0.0886 -0.7454
vn 0.2026 0.0743 -0.9764
vn -0.2026 0.0743 -0.9764
vn -0.6607 -0.0886 -0.7454
vn -0.9601 -0.0585 -0.2733
vn -0.9614 0.0687 0.2666
vn -0.6857 0.1945 0.7015
vn -0.2451 0.2638 0.9329
vn 0.2451 0.2638 0.9329
vn 0.6857 0.1945 0.7015
vn 0.9614 0.0687 0.2666
vn 0.9643 -0.2325 -0.1269
vn 0.7071 -0.6818 -0.1877
vn 0.2106 -0.9152 0.3435
vn -0.2106 -0.9152 0.3435
vn -0.7071 -0.6818 -0.1877
vn -0.9643 -0.2325 -0.1269
vn -0.9633 0.2280 0.1417
vn -0.6910 0.6062 0.3938
vn -0.2475 0.8082 0.5343
vn 0.2475 0.8082 0.5343
vn 0.6910 0.6062 0.3938
vn 0.9633 0.2280 0.1417
vn 0.9659 -0.2588 0.0015
vn 0.7071 -0.7071 0.0072
vn 0.2588 -0.9659 0.0115
vn -0.2588 -0.9659 0.0115
vn -0.7071 -0.7071 0.0072
vn -0.9659 -0.2588 0.0015
vn -0.9659 0.2588 0.0000
vn -0.7071 0.7071 0.0037
vn -0.2588 0.9659 0.0086
vn 0.2588 0.9659 0.0086
vn 0.7071 0.7071 0.0037
vn 0.9659 0.2588 -0.0000
usemtl None
s off
f 1818/2484/623 1816/2485/623 1817/2486/623
f 1819/2487/623 1816/2485/623 1818/2484/623
f 1819/2487/623 1815/2488/623 1816/2485/623
f 1820/2489/623 1815/2488/623 1819/2487/623
f 1820/2489/623 1826/2490/623 1815/2488/623
f 1821/2491/623 1826/2490/623 1820/2489/623
f 1821/2491/623 1825/2492/623 1826/2490/623
f 1822/2493/623 1825/2492/623 1821/2491/623
f 1822/2493/623 1824/2494/623 1825/2492/623
f 1823/2495/623 1824/2494/623 1822/2493/623
f 1828/2496/624 1830/2497/624 1829/2498/624
f 1828/2496/624 1831/2499/624 1830/2497/624
f 1827/2500/624 1831/2499/624 1828/2496/624
f 1827/2500/624 1832/2501/624 1831/2499/624
f 1838/2502/624 1832/2501/624 1827/2500/624
f 1838/2502/624 1833/2503/624 1832/2501/624
f 1837/2504/624 1833/2503/624 1838/2502/624
f 1837/2504/624 1834/2505/624 1833/2503/624
f 1836/2506/624 1834/2505/624 1837/2504/624
f 1836/2506/624 1835/2507/624 1834/2505/624
f 1851/2508/625 1850/2509/625 1839/2510/625
f 1852/2511/626 1839/2512/626 1840/2513/626
f 1853/2514/627 1840/2513/627 1841/2515/627
f 1842/2516/628 1853/2514/628 1841/2515/628
f 1843/2517/629 1854/2518/629 1842/2516/629
f 1844/2519/630 1855/2520/630 1843/2517/630
f 1845/2521/631 1856/2522/631 1844/2519/631
f 1846/2523/632 1857/2524/632 1845/2521/632
f 1847/2525/633 1858/2526/633 1846/2523/633
f 1860/2527/634 1847/2525/634 1848/2528/634
f 1861/2529/635 1848/2528/635 1849/2530/635
f 1862/2531/636 1849/2530/636 1850/2509/636
f 1863/2532/637 1862/2531/637 1851/2508/637
f 1864/2533/638 1851/2534/638 1852/2511/638
f 1865/2535/639 1852/2511/639 1853/2514/639
f 1854/2518/640 1865/2535/640 1853/2514/640
f 1855/2520/641 1866/2536/641 1854/2518/641
f 1856/2522/642 1867/2537/642 1855/2520/642
f 1857/2524/643 1868/2538/643 1856/2522/643
f 1858/2526/644 1869/2539/644 1857/2524/644
f 1859/2540/645 1870/2541/645 1858/2526/645
f 1872/2542/646 1859/2540/646 1860/2527/646
f 1873/2543/647 1860/2527/647 1861/2529/647
f 1874/2544/648 1861/2529/648 1862/2531/648
f 1863/2532/649 1886/2545/649 1874/2544/649
f 1864/2533/650 1875/2546/650 1863/2547/650
f 1865/2535/651 1876/2548/651 1864/2533/651
f 1878/2549/652 1865/2535/652 1866/2536/652
f 1879/2550/653 1866/2536/653 1867/2537/653
f 1880/2551/654 1867/2537/654 1868/2538/654
f 1881/2552/655 1868/2538/655 1869/2539/655
f 1882/2553/656 1869/2539/656 1870/2541/656
f 1883/2554/657 1870/2541/657 1871/2555/657
f 1872/2542/658 1883/2554/658 1871/2555/658
f 1873/2543/659 1884/2556/659 1872/2542/659
f 1874/2544/660 1885/2557/660 1873/2543/660
f 1875/2558/661 1898/2559/661 1886/2545/661
f 1876/2548/662 1887/2560/662 1875/2546/662
f 1877/2561/663 1888/2562/663 1876/2548/663
f 1890/2563/664 1877/2561/664 1878/2549/664
f 1891/2564/665 1878/2549/665 1879/2550/665
f 1892/2565/666 1879/2550/666 1880/2551/666
f 1893/2566/667 1880/2551/667 1881/2552/667
f 1894/2567/668 1881/2552/668 1882/2553/668
f 1895/2568/669 1882/2553/669 1883/2554/669
f 1884/2556/670 1895/2568/670 1883/2554/670
f 1885/2557/671 1896/2569/671 1884/2556/671
f 1886/2545/672 1897/2570/672 1885/2557/672
f 1851/2508/673 1862/2531/673 1850/2509/673
f 1852/2511/674 1851/2534/674 1839/2512/674
f 1853/2514/675 1852/2511/675 1840/2513/675
f 1842/2516/676 1854/2518/676 1853/2514/676
f 1843/2517/677 1855/2520/677 1854/2518/677
f 1844/2519/678 1856/2522/678 1855/2520/678
f 1845/2521/679 1857/2524/679 1856/2522/679
f 1846/2523/680 1858/2526/680 1857/2524/680
f 1847/2525/681 1859/2540/681 1858/2526/681
f 1860/2527/682 1859/2540/682 1847/2525/682
f 1861/2529/683 1860/2527/683 1848/2528/683
f 1862/2531/684 1861/2529/684 1849/2530/684
f 1863/2532/685 1874/2544/685 1862/2531/685
f 1864/2533/686 1863/2547/686 1851/2534/686
f 1865/2535/687 1864/2533/687 1852/2511/687
f 1854/2518/688 1866/2536/688 1865/2535/688
f 1855/2520/689 1867/2537/689 1866/2536/689
f 1856/2522/690 1868/2538/690 1867/2537/690
f 1857/2524/691 1869/2539/691 1868/2538/691
f 1858/2526/692 1870/2541/692 1869/2539/692
f 1859/2540/693 1871/2555/693 1870/2541/693
f 1872/2542/694 1871/2555/694 1859/2540/694
f 1873/2543/695 1872/2542/695 1860/2527/695
f 1874/2544/696 1873/2543/696 1861/2529/696
f 1863/2532/697 1875/2558/697 1886/2545/697
f 1864/2533/698 1876/2548/698 1875/2546/698
f 1865/2535/699 1877/2561/699 1876/2548/699
f 1878/2549/700 1877/2561/700 1865/2535/700
f 1879/2550/701 1878/2549/701 1866/2536/701
f 1880/2551/702 1879/2550/702 1867/2537/702
f 1881/2552/703 1880/2551/703 1868/2538/703
f 1882/2553/704 1881/2552/704 1869/2539/704
f 1883/2554/705 1882/2553/705 1870/2541/705
f 1872/2542/706 1884/2556/706 1883/2554/706
f 1873/2543/707 1885/2557/707 1884/2556/707
f 1874/2544/708 1886/2545/708 1885/2557/708
f 1875/2558/709 1887/2571/709 1898/2559/709
f 1876/2548/710 1888/2562/710 1887/2560/710
f 1877/2561/711 1889/2572/711 1888/2562/711
f 1890/2563/712 1889/2572/712 1877/2561/712
f 1891/2564/713 1890/2563/713 1878/2549/713
f 1892/2565/714 1891/2564/714 1879/2550/714
f 1893/2566/715 1892/2565/715 1880/2551/715
f 1894/2567/716 1893/2566/716 1881/2552/716
f 1895/2568/717 1894/2567/717 1882/2553/717
f 1884/2556/718 1896/2569/718 1895/2568/718
f 1885/2557/719 1897/2570/719 1896/2569/719
f 1886/2545/720 1898/2559/720 1897/2570/720
o cage_円柱.008
v 0.343435 0.052579 0.331874
v 0.347827 0.052579 0.327481
v 0.353827 0.052579 0.325874
v 0.359827 0.052579 0.327481
v 0.364219 0.052579 0.331874
v 0.365827 0.052579 0.337874
v 0.364219 0.052579 0.343874
v 0.359827 0.052579 0.348266
v 0.353827 0.052579 0.349874
v 0.347827 0.052579 0.348266
v 0.343435 0.052579 0.343874
v 0.341827 0.052579 0.337874
v 0.343804 -0.086832 0.331424
v 0.347029 -0.081280 0.328454
v 0.352076 -0.076745 0.328007
v 0.357592 -0.074443 0.330205
v 0.362099 -0.074989 0.334457
v 0.364390 -0.078239 0.339625
v 0.363850 -0.083321 0.344323
v 0.360625 -0.088873 0.347294
v 0.355578 -0.093407 0.347740
v 0.350062 -0.095710 0.345542
v 0.345555 -0.095163 0.341290
v 0.343264 -0.091913 0.336123
v 0.382122 -0.085939 0.284714
v 0.382811 -0.078176 0.285223
v 0.385967 -0.071993 0.287371
v 0.390744 -0.069047 0.290582
v 0.395863 -0.070127 0.293995
v 0.399951 -0.074943 0.296697
v 0.401914 -0.082206 0.297962
v 0.401225 -0.089970 0.297453
v 0.398069 -0.096153 0.295305
v 0.393292 -0.099099 0.292094
v 0.388173 -0.098019 0.288681
v 0.384085 -0.093202 0.285979
v 0.429476 -0.085949 0.196120
v 0.430263 -0.078185 0.196446
v 0.433787 -0.071999 0.197906
v 0.439103 -0.069048 0.200108
v 0.444788 -0.070122 0.202463
v 0.449318 -0.074935 0.204339
v 0.451478 -0.082197 0.205234
v 0.450691 -0.089961 0.204908
v 0.447167 -0.096147 0.203448
v 0.441851 -0.099098 0.201246
v 0.436166 -0.098023 0.198891
v 0.431637 -0.093210 0.197015
v 0.458640 -0.085949 0.099981
v 0.459475 -0.078185 0.100147
v 0.463216 -0.071999 0.100892
v 0.468860 -0.069048 0.102014
v 0.474894 -0.070122 0.103215
v 0.479703 -0.074935 0.104171
v 0.481997 -0.082197 0.104627
v 0.481161 -0.089961 0.104461
v 0.477421 -0.096147 0.103717
v 0.471777 -0.099098 0.102594
v 0.465742 -0.098023 0.101394
v 0.460933 -0.093210 0.100438
v 0.468487 -0.085949 0.000000
v 0.469339 -0.078185 0.000000
v 0.473153 -0.071999 0.000000
v 0.478907 -0.069048 0.000000
v 0.485060 -0.070122 0.000000
v 0.489963 -0.074935 0.000000
v 0.492302 -0.082197 0.000000
v 0.491450 -0.089961 0.000000
v 0.487636 -0.096147 0.000000
v 0.481881 -0.099098 0.000000
v 0.475728 -0.098023 0.000000
v 0.470826 -0.093210 0.000000
v 0.458640 -0.085949 -0.099981
v 0.459475 -0.078185 -0.100147
v 0.463216 -0.071999 -0.100892
v 0.468860 -0.069048 -0.102014
v 0.474894 -0.070122 -0.103215
v 0.479703 -0.074935 -0.104171
v 0.481997 -0.082197 -0.104627
v 0.481161 -0.089961 -0.104461
v 0.477421 -0.096147 -0.103717
v 0.471777 -0.099098 -0.102594
v 0.465742 -0.098023 -0.101394
v 0.460933 -0.093210 -0.100438
v 0.429476 -0.085949 -0.196120
v 0.430263 -0.078185 -0.196446
v 0.433787 -0.071999 -0.197906
v 0.439103 -0.069048 -0.200108
v 0.444788 -0.070122 -0.202463
v 0.449317 -0.074935 -0.204339
v 0.451478 -0.082197 -0.205234
v 0.450691 -0.089961 -0.204908
v 0.447167 -0.096147 -0.203448
v 0.441851 -0.099098 -0.201246
v 0.436166 -0.098023 -0.198891
v 0.431637 -0.093210 -0.197015
v 0.382122 -0.085939 -0.284714
v 0.382811 -0.078176 -0.285223
v 0.385967 -0.071993 -0.287371
v 0.390744 -0.069047 -0.290582
v 0.395863 -0.070127 -0.293995
v 0.399951 -0.074943 -0.296697
v 0.401914 -0.082206 -0.297962
v 0.401225 -0.089970 -0.297453
v 0.398069 -0.096153 -0.295305
v 0.393292 -0.099099 -0.292094
v 0.388173 -0.098019 -0.288681
v 0.384084 -0.093202 -0.285979
v 0.343804 -0.086832 -0.331424
v 0.347029 -0.081280 -0.328454
v 0.352076 -0.076745 -0.328007
v 0.357592 -0.074443 -0.330205
v 0.362099 -0.074989 -0.334457
v 0.364390 -0.078239 -0.339625
v 0.363850 -0.083321 -0.344323
v 0.360625 -0.088873 -0.347294
v 0.355578 -0.093407 -0.347740
v 0.350062 -0.095710 -0.345542
v 0.345555 -0.095163 -0.341290
v 0.343264 -0.091913 -0.336123
v 0.343800 0.054327 -0.331428
v 0.347037 0.048797 -0.328444
v 0.352093 0.044281 -0.327987
v 0.357613 0.041988 -0.330179
v 0.362120 0.042532 -0.334432
v 0.364404 0.045769 -0.339608
v 0.363854 0.050830 -0.344319
v 0.360617 0.056360 -0.347303
v 0.355561 0.060876 -0.347760
v 0.350041 0.063170 -0.345569
v 0.345534 0.062625 -0.341315
v 0.343250 0.059388 -0.336139
v 0.382118 0.054051 -0.284718
v 0.382823 0.046288 -0.285208
v 0.385991 0.040106 -0.287341
v 0.390775 0.037163 -0.290544
v 0.395891 0.038246 -0.293960
v 0.399970 0.043065 -0.296674
v 0.401918 0.050330 -0.297957
v 0.401213 0.058092 -0.297467
v 0.398044 0.064274 -0.295335
v 0.393261 0.067217 -0.292132
v 0.388144 0.066134 -0.288716
v 0.384066 0.061315 -0.286002
v 0.429475 0.054054 -0.196120
v 0.430266 0.046291 -0.196448
v 0.433794 0.040109 -0.197909
v 0.439112 0.037163 -0.200112
v 0.444796 0.038244 -0.202466
v 0.449323 0.043062 -0.204341
v 0.451479 0.050326 -0.205234
v 0.450688 0.058089 -0.204906
v 0.447160 0.064272 -0.203445
v 0.441842 0.067217 -0.201242
v 0.436158 0.066136 -0.198888
v 0.431631 0.061318 -0.197013
v 0.458638 0.054054 -0.099981
v 0.459479 0.046291 -0.100148
v 0.463223 0.040109 -0.100893
v 0.468869 0.037163 -0.102016
v 0.474903 0.038244 -0.103216
v 0.479709 0.043062 -0.104172
v 0.481998 0.050326 -0.104628
v 0.481158 0.058089 -0.104460
v 0.477413 0.064272 -0.103716
v 0.471767 0.067217 -0.102593
v 0.465733 0.066136 -0.101392
v 0.460928 0.061318 -0.100436
v 0.468486 0.054054 0.000000
v 0.469342 0.046291 0.000000
v 0.473160 0.040109 0.000000
v 0.478917 0.037163 0.000000
v 0.485069 0.038244 0.000000
v 0.489969 0.043062 0.000000
v 0.492303 0.050326 0.000000
v 0.491446 0.058089 0.000000
v 0.487628 0.064272 0.000000
v 0.481872 0.067217 0.000000
v 0.475720 0.066136 0.000000
v 0.470820 0.061318 0.000000
v 0.458638 0.054054 0.099981
v 0.459479 0.046291 0.100148
v 0.463223 0.040109 0.100893
v 0.468869 0.037163 0.102016
v 0.474903 0.038244 0.103216
v 0.479709 0.043062 0.104172
v 0.481998 0.050326 0.104628
v 0.481158 0.058089 0.104460
v 0.477413 0.064272 0.103716
v 0.471767 0.067217 0.102593
v 0.465733 0.066136 0.101392
v 0.460928 0.061318 0.100436
v 0.429475 0.054054 0.196120
v 0.430266 0.046291 0.196448
v 0.433794 0.040109 0.197909
v 0.439112 0.037163 0.200112
v 0.444796 0.038244 0.202466
v 0.449323 0.043062 0.204341
v 0.451479 0.050326 0.205234
v 0.450688 0.058089 0.204906
v 0.447160 0.064272 0.203445
v 0.441842 0.067217 0.201242
v 0.436158 0.066136 0.198888
v 0.431631 0.061318 0.197013
v 0.382118 0.054051 0.284718
v 0.382823 0.046288 0.285208
v 0.385991 0.040106 0.287341
v 0.390775 0.037163 0.290544
v 0.395891 0.038246 0.293960
v 0.399970 0.043065 0.296674
v 0.401918 0.050330 0.297957
v 0.401213 0.058092 0.297467
v 0.398044 0.064274 0.295335
v 0.393261 0.067217 0.292132
v 0.388144 0.066134 0.288716
v 0.384066 0.061315 0.286002
v 0.345026 0.053456 0.329746
v 0.343134 0.048017 0.333800
v 0.344108 0.043800 0.338944
v 0.347686 0.041935 0.343802
v 0.352910 0.042922 0.347071
v 0.358379 0.046497 0.347876
v 0.362628 0.051701 0.346001
v 0.364520 0.057141 0.341948
v 0.363546 0.061357 0.336803
v 0.359967 0.063222 0.331945
v 0.354744 0.062235 0.328676
v 0.349275 0.058660 0.327871
v 0.345019 0.189344 0.329754
v 0.343167 0.194860 0.333759
v 0.344172 0.199137 0.338867
v 0.347763 0.201028 0.343708
v 0.352980 0.200027 0.346986
v 0.358423 0.196401 0.347823
v 0.362635 0.191123 0.345993
v 0.364487 0.185606 0.341988
v 0.363482 0.181329 0.336881
v 0.359891 0.179438 0.332039
v 0.354674 0.180440 0.328761
v 0.349231 0.184065 0.327925
v 0.383210 0.187563 0.283218
v 0.381358 0.193080 0.287224
v 0.382363 0.197357 0.292331
v 0.385954 0.199248 0.297173
v 0.391171 0.198247 0.300451
v 0.396614 0.194621 0.301287
v 0.400826 0.189343 0.299457
v 0.402677 0.183826 0.295452
v 0.401673 0.179549 0.290345
v 0.398082 0.177658 0.285503
v 0.392865 0.178659 0.282225
v 0.387422 0.182285 0.281389
v 0.383399 0.324716 0.282989
v 0.380379 0.324716 0.288417
v 0.380478 0.324716 0.294628
v 0.383669 0.324716 0.299957
v 0.389097 0.324716 0.302977
v 0.395308 0.324716 0.302878
v 0.400637 0.324716 0.299687
v 0.403657 0.324716 0.294259
v 0.403558 0.324716 0.288048
v 0.400367 0.324716 0.282719
v 0.394939 0.324716 0.279699
v 0.388728 0.324716 0.279798
v 0.383215 0.461859 0.283212
v 0.381331 0.456405 0.287257
v 0.382311 0.452177 0.292395
v 0.385891 0.450308 0.297250
v 0.391113 0.451298 0.300520
v 0.396578 0.454882 0.301331
v 0.400820 0.460099 0.299464
v 0.402705 0.465553 0.295419
v 0.401725 0.469780 0.290281
v 0.398145 0.471650 0.285426
v 0.392923 0.470660 0.282155
v 0.387458 0.467076 0.281345
v 0.344140 0.461859 0.330826
v 0.347739 0.456405 0.328189
v 0.352970 0.452177 0.328147
v 0.358430 0.450308 0.330711
v 0.362657 0.451298 0.335195
v 0.364518 0.454882 0.340396
v 0.363514 0.460099 0.344922
v 0.359915 0.465553 0.347559
v 0.354684 0.469780 0.347601
v 0.349224 0.471650 0.345036
v 0.344997 0.470660 0.340552
v 0.343136 0.467076 0.335351
v 0.343957 0.327888 0.331049
v 0.348692 0.327888 0.327028
v 0.354803 0.327888 0.325913
v 0.360652 0.327888 0.328004
v 0.364673 0.327888 0.332738
v 0.365787 0.327888 0.338849
v 0.363697 0.327888 0.344699
v 0.358962 0.327888 0.348719
v 0.352851 0.327888 0.349834
v 0.347002 0.327888 0.347744
v 0.342981 0.327888 0.343009
v 0.341867 0.327888 0.336898
v 0.343957 0.190233 0.331049
v 0.348692 0.190233 0.327028
v 0.354803 0.190233 0.325913
v 0.360652 0.190233 0.328004
v 0.364673 0.190233 0.332738
v 0.365787 0.190233 0.338849
v 0.363697 0.190233 0.344699
v 0.358962 0.190233 0.348719
v 0.352851 0.190233 0.349834
v 0.347002 0.190233 0.347744
v 0.342981 0.190233 0.343009
v 0.341867 0.190233 0.336898
v 0.343435 -0.085076 0.331874
v 0.347827 -0.085076 0.327481
v 0.353827 -0.085076 0.325874
v 0.359827 -0.085076 0.327481
v 0.364219 -0.085076 0.331874
v 0.365827 -0.085076 0.337874
v 0.364219 -0.085076 0.343874
v 0.359827 -0.085076 0.348266
v 0.353827 -0.085076 0.349874
v 0.347827 -0.085076 0.348266
v 0.343435 -0.085076 0.343874
v 0.341827 -0.085076 0.337874
v 0.343798 -0.222080 0.331431
v 0.347042 -0.216564 0.328438
v 0.352103 -0.212059 0.327974
v 0.357627 -0.209772 0.330162
v 0.362132 -0.210315 0.334416
v 0.364412 -0.213543 0.339597
v 0.363856 -0.218592 0.344316
v 0.360612 -0.224107 0.347309
v 0.355551 -0.228612 0.347773
v 0.350027 -0.230900 0.345585
v 0.345521 -0.230357 0.341331
v 0.343241 -0.227128 0.336150
v 0.383743 -0.222080 0.282758
v 0.381440 -0.216564 0.286524
v 0.381972 -0.212059 0.291579
v 0.385196 -0.209772 0.296569
v 0.390247 -0.210315 0.300158
v 0.395774 -0.213543 0.301384
v 0.400293 -0.218592 0.299917
v 0.402596 -0.224107 0.296152
v 0.402064 -0.228612 0.291097
v 0.398840 -0.230900 0.286106
v 0.393788 -0.230357 0.282518
v 0.388262 -0.227128 0.281292
v 0.384106 -0.084073 0.282316
v 0.380655 -0.084073 0.287481
v 0.380248 -0.084073 0.293679
v 0.382996 -0.084073 0.299250
v 0.388161 -0.084073 0.302701
v 0.394359 -0.084073 0.303107
v 0.399930 -0.084073 0.300360
v 0.403381 -0.084073 0.295195
v 0.403787 -0.084073 0.288997
v 0.401040 -0.084073 0.283426
v 0.395875 -0.084073 0.279975
v 0.389677 -0.084073 0.279568
v 0.384106 0.052190 0.282316
v 0.380655 0.052190 0.287481
v 0.380248 0.052190 0.293679
v 0.382996 0.052190 0.299250
v 0.388161 0.052190 0.302701
v 0.394359 0.052190 0.303107
v 0.399930 0.052190 0.300360
v 0.403381 0.052190 0.295195
v 0.403787 0.052190 0.288997
v 0.401040 0.052190 0.283426
v 0.395875 0.052190 0.279975
v 0.389677 0.052190 0.279568
v 0.383522 0.184681 0.283408
v 0.380925 0.190197 0.286976
v 0.381300 0.195245 0.291713
v 0.384546 0.198474 0.296349
v 0.389795 0.199017 0.299643
v 0.395640 0.196730 0.300711
v 0.400514 0.192225 0.299268
v 0.403111 0.186709 0.295700
v 0.402736 0.181661 0.290963
v 0.399489 0.178432 0.286327
v 0.394240 0.177889 0.283033
v 0.388396 0.180176 0.281965
v 0.430269 0.182547 0.196449
v 0.429474 0.190310 0.196120
v 0.431628 0.197575 0.197012
v 0.436153 0.202396 0.198886
v 0.441837 0.203481 0.201240
v 0.447156 0.200539 0.203443
v 0.450686 0.194359 0.204906
v 0.451480 0.186596 0.205235
v 0.449326 0.179331 0.204342
v 0.444801 0.174510 0.202468
v 0.439118 0.173425 0.200114
v 0.433798 0.176367 0.197911
v 0.459481 0.182547 0.100149
v 0.458638 0.190310 0.099981
v 0.460924 0.197575 0.100436
v 0.465728 0.202396 0.101391
v 0.471761 0.203481 0.102591
v 0.477408 0.200539 0.103715
v 0.481155 0.194359 0.104460
v 0.481999 0.186596 0.104628
v 0.479712 0.179331 0.104173
v 0.474909 0.174510 0.103217
v 0.468875 0.173425 0.102017
v 0.463228 0.176367 0.100894
v 0.469345 0.182547 0.000000
v 0.468485 0.190310 0.000000
v 0.470816 0.197575 0.000000
v 0.475714 0.202396 0.000000
v 0.481866 0.203481 0.000000
v 0.487623 0.200539 0.000000
v 0.491444 0.194359 0.000000
v 0.492304 0.186596 0.000000
v 0.489972 0.179331 0.000000
v 0.485075 0.174510 0.000000
v 0.478923 0.173425 0.000000
v 0.473165 0.176367 0.000000
v 0.459481 0.182547 -0.100149
v 0.458638 0.190310 -0.099981
v 0.460924 0.197575 -0.100436
v 0.465728 0.202396 -0.101391
v 0.471761 0.203481 -0.102591
v 0.477408 0.200539 -0.103715
v 0.481155 0.194359 -0.104460
v 0.481999 0.186596 -0.104628
v 0.479712 0.179331 -0.104173
v 0.474909 0.174510 -0.103217
v 0.468875 0.173425 -0.102017
v 0.463228 0.176367 -0.100894
v 0.430269 0.182547 -0.196449
v 0.429474 0.190310 -0.196120
v 0.431628 0.197575 -0.197012
v 0.436153 0.202396 -0.198886
v 0.441837 0.203481 -0.201240
v 0.447156 0.200539 -0.203443
v 0.450686 0.194359 -0.204906
v 0.451480 0.186596 -0.205235
v 0.449326 0.179331 -0.204342
v 0.444801 0.174510 -0.202468
v 0.439118 0.173425 -0.200114
v 0.433798 0.176367 -0.197911
v 0.382804 0.182531 -0.285248
v 0.382124 0.190292 -0.284706
v 0.384094 0.197560 -0.285941
v 0.388188 0.202388 -0.288622
v 0.393308 0.203482 -0.292031
v 0.398082 0.200549 -0.295254
v 0.401232 0.194375 -0.297428
v 0.401912 0.186614 -0.297970
v 0.399942 0.179346 -0.296734
v 0.395848 0.174518 -0.294053
v 0.390728 0.173424 -0.290645
v 0.385954 0.176357 -0.287422
v 0.343111 0.185691 -0.333846
v 0.345015 0.191078 -0.329756
v 0.349280 0.196238 -0.327840
v 0.354764 0.199790 -0.328613
v 0.359996 0.200780 -0.331867
v 0.363575 0.198945 -0.336731
v 0.364543 0.194775 -0.341901
v 0.362639 0.189389 -0.345992
v 0.358374 0.184228 -0.347908
v 0.352890 0.180677 -0.347135
v 0.347658 0.179686 -0.343880
v 0.344079 0.181522 -0.339016
v 0.343187 0.332579 -0.333754
v 0.345001 0.327016 -0.329773
v 0.349180 0.321686 -0.327962
v 0.354604 0.318018 -0.328807
v 0.359820 0.316995 -0.332081
v 0.363430 0.318891 -0.336908
v 0.364467 0.323197 -0.341993
v 0.362653 0.328761 -0.345975
v 0.358474 0.334090 -0.347786
v 0.353050 0.337758 -0.346941
v 0.347834 0.338781 -0.343666
v 0.344224 0.336886 -0.338840
v 0.382902 0.330681 -0.285128
v 0.382093 0.322925 -0.284743
v 0.383944 0.315649 -0.286125
v 0.387958 0.310802 -0.288903
v 0.393059 0.309684 -0.292334
v 0.397882 0.312593 -0.295498
v 0.401133 0.318751 -0.297547
v 0.401942 0.326507 -0.297933
v 0.400092 0.333783 -0.296551
v 0.396078 0.338630 -0.293773
v 0.390976 0.339748 -0.290342
v 0.386154 0.336839 -0.287178
v 0.430297 0.330711 -0.196460
v 0.429466 0.322956 -0.196116
v 0.431585 0.315672 -0.196994
v 0.436087 0.310811 -0.198859
v 0.441766 0.309677 -0.201211
v 0.447099 0.312572 -0.203420
v 0.450658 0.318721 -0.204894
v 0.451489 0.326476 -0.205238
v 0.449369 0.333760 -0.204360
v 0.444867 0.338621 -0.202495
v 0.439188 0.339755 -0.200143
v 0.433855 0.336860 -0.197934
v 0.459511 0.330711 -0.100155
v 0.458629 0.322956 -0.099979
v 0.460879 0.315672 -0.100427
v 0.465658 0.310811 -0.101377
v 0.471686 0.309677 -0.102576
v 0.477348 0.312572 -0.103703
v 0.481126 0.318721 -0.104454
v 0.482008 0.326476 -0.104630
v 0.479758 0.333760 -0.104182
v 0.474978 0.338621 -0.103231
v 0.468950 0.339755 -0.102032
v 0.463289 0.336860 -0.100906
v 0.469375 0.330711 0.000000
v 0.468476 0.322956 0.000000
v 0.470770 0.315672 0.000000
v 0.475643 0.310811 0.000000
v 0.481789 0.309677 0.000000
v 0.487562 0.312572 0.000000
v 0.491414 0.318721 0.000000
v 0.492313 0.326476 0.000000
v 0.490019 0.333760 0.000000
v 0.485146 0.338621 0.000000
v 0.478999 0.339755 0.000000
v 0.473227 0.336860 0.000000
v 0.459511 0.330711 0.100155
v 0.458629 0.322956 0.099979
v 0.460879 0.315672 0.100427
v 0.465658 0.310811 0.101377
v 0.471686 0.309677 0.102576
v 0.477348 0.312572 0.103703
v 0.481126 0.318721 0.104454
v 0.482008 0.326476 0.104629
v 0.479758 0.333760 0.104182
v 0.474978 0.338621 0.103231
v 0.468950 0.339755 0.102032
v 0.463289 0.336860 0.100906
v 0.430297 0.330711 0.196460
v 0.429466 0.322956 0.196116
v 0.431585 0.315672 0.196994
v 0.436088 0.310811 0.198859
v 0.441766 0.309677 0.201211
v 0.447099 0.312572 0.203420
v 0.450658 0.318721 0.204894
v 0.451489 0.326476 0.205238
v 0.449369 0.333760 0.204360
v 0.444867 0.338621 0.202495
v 0.439188 0.339755 0.200143
v 0.433855 0.336860 0.197934
v 0.382902 0.330681 0.285128
v 0.382094 0.322925 0.284743
v 0.383944 0.315649 0.286125
v 0.387958 0.310802 0.288903
v 0.393059 0.309684 0.292334
v 0.397882 0.312593 0.295498
v 0.401133 0.318751 0.297547
v 0.401942 0.326507 0.297933
v 0.400092 0.333783 0.296551
v 0.396078 0.338630 0.293772
v 0.390976 0.339748 0.290342
v 0.386154 0.336839 0.287178
v 0.345414 0.333807 0.330716
v 0.344581 0.326052 0.330364
v 0.346225 0.318790 0.332024
v 0.349906 0.313965 0.335252
v 0.354637 0.312871 0.339182
v 0.359152 0.315801 0.342761
v 0.362240 0.321970 0.345031
v 0.363073 0.329724 0.345383
v 0.361429 0.336987 0.343723
v 0.357748 0.341811 0.340496
v 0.353017 0.342905 0.336566
v 0.348502 0.339975 0.332986
v 0.490737 0.468550 0.001019
v 0.486365 0.474092 0.000588
v 0.480394 0.476121 0.000000
v 0.474423 0.474092 -0.000588
v 0.470052 0.468550 -0.001019
v 0.468452 0.460979 -0.001176
v 0.470052 0.453408 -0.001019
v 0.474423 0.447866 -0.000588
v 0.480394 0.445837 0.000000
v 0.486365 0.447866 0.000588
v 0.490737 0.453408 0.001019
v 0.492337 0.460979 0.001176
v 0.480245 0.466332 0.107545
v 0.475569 0.470252 0.110205
v 0.469486 0.471686 0.110749
v 0.463627 0.470252 0.109029
v 0.459560 0.466332 0.105508
v 0.458376 0.460979 0.101128
v 0.460392 0.455625 0.097063
v 0.465067 0.451706 0.094403
v 0.471150 0.450272 0.093860
v 0.477010 0.451706 0.095579
v 0.481076 0.455625 0.099101
v 0.482260 0.460979 0.103480
v 0.480072 0.324716 0.109294
v 0.475271 0.324716 0.113235
v 0.469142 0.324716 0.114246
v 0.463328 0.324716 0.112058
v 0.459388 0.324716 0.107257
v 0.458376 0.324716 0.101128
v 0.460564 0.324716 0.095315
v 0.465366 0.324716 0.091374
v 0.471494 0.324716 0.090362
v 0.477308 0.324716 0.092550
v 0.481249 0.324716 0.097352
v 0.482260 0.324716 0.103480
v 0.480072 0.188453 0.109294
v 0.475271 0.188453 0.113235
v 0.469142 0.188453 0.114246
v 0.463328 0.188453 0.112058
v 0.459388 0.188453 0.107257
v 0.458376 0.188453 0.101128
v 0.460564 0.188453 0.095315
v 0.465366 0.188453 0.091374
v 0.471494 0.188453 0.090362
v 0.477308 0.188453 0.092550
v 0.481249 0.188453 0.097352
v 0.482260 0.188453 0.103480
v 0.480072 0.052190 0.109294
v 0.475271 0.052190 0.113235
v 0.469142 0.052190 0.114246
v 0.463328 0.052190 0.112058
v 0.459388 0.052190 0.107257
v 0.458376 0.052190 0.101128
v 0.460564 0.052190 0.095315
v 0.465366 0.052190 0.091374
v 0.471494 0.052190 0.090362
v 0.477308 0.052190 0.092550
v 0.481249 0.052190 0.097352
v 0.482260 0.052190 0.103480
v 0.480072 -0.084073 0.109294
v 0.475271 -0.084073 0.113235
v 0.469142 -0.084073 0.114246
v 0.463328 -0.084073 0.112058
v 0.459388 -0.084073 0.107257
v 0.458376 -0.084073 0.101128
v 0.460564 -0.084073 0.095315
v 0.465366 -0.084073 0.091374
v 0.471494 -0.084073 0.090362
v 0.477308 -0.084073 0.092550
v 0.481249 -0.084073 0.097352
v 0.482260 -0.084073 0.103480
v 0.480245 -0.225689 0.107545
v 0.475569 -0.229608 0.110205
v 0.469486 -0.231043 0.110749
v 0.463627 -0.229608 0.109029
v 0.459560 -0.225689 0.105508
v 0.458376 -0.220336 0.101128
v 0.460392 -0.214982 0.097063
v 0.465067 -0.211063 0.094403
v 0.471150 -0.209629 0.093860
v 0.477010 -0.211063 0.095579
v 0.481076 -0.214982 0.099101
v 0.482260 -0.220336 0.103480
v 0.490534 -0.228434 0.000000
v 0.485967 -0.233746 0.000000
v 0.479906 -0.235465 0.000000
v 0.473976 -0.233130 0.000000
v 0.469766 -0.227367 0.000000
v 0.468404 -0.219720 0.000000
v 0.470255 -0.212238 0.000000
v 0.474822 -0.206925 0.000000
v 0.480882 -0.205206 0.000000
v 0.486812 -0.207541 0.000000
v 0.491022 -0.213305 0.000000
v 0.492384 -0.220952 0.000000
v 0.480263 -0.228434 -0.104282
v 0.475783 -0.233746 -0.103391
v 0.469839 -0.235465 -0.102209
v 0.464024 -0.233130 -0.101052
v 0.459895 -0.227367 -0.100231
v 0.458558 -0.219720 -0.099965
v 0.460373 -0.212238 -0.100326
v 0.464853 -0.206925 -0.101217
v 0.470797 -0.205206 -0.102400
v 0.476613 -0.207541 -0.103556
v 0.480742 -0.213305 -0.104378
v 0.482078 -0.220952 -0.104643
v 0.449845 -0.228434 -0.204557
v 0.445625 -0.233746 -0.202809
v 0.440026 -0.235465 -0.200490
v 0.434548 -0.233130 -0.198221
v 0.430658 -0.227367 -0.196610
v 0.429400 -0.219720 -0.196089
v 0.431109 -0.212238 -0.196797
v 0.435329 -0.206925 -0.198545
v 0.440928 -0.205206 -0.200864
v 0.446406 -0.207541 -0.203133
v 0.450296 -0.213305 -0.204744
v 0.451555 -0.220952 -0.205265
v 0.399183 -0.225689 -0.299979
v 0.393845 -0.229608 -0.300647
v 0.388018 -0.231043 -0.298821
v 0.383262 -0.229608 -0.294990
v 0.380853 -0.225689 -0.290181
v 0.381435 -0.220336 -0.285681
v 0.384853 -0.214982 -0.282697
v 0.390190 -0.211063 -0.282029
v 0.396018 -0.209629 -0.283855
v 0.400773 -0.211063 -0.287686
v 0.403183 -0.214982 -0.292495
v 0.402601 -0.220336 -0.296995
v 0.398355 -0.084073 -0.301528
v 0.392411 -0.084073 -0.303332
v 0.386361 -0.084073 -0.301921
v 0.381827 -0.084073 -0.297675
v 0.380024 -0.084073 -0.291731
v 0.381435 -0.084073 -0.285681
v 0.385681 -0.084073 -0.281148
v 0.391625 -0.084073 -0.279344
v 0.397675 -0.084073 -0.280755
v 0.402208 -0.084073 -0.285001
v 0.404011 -0.084073 -0.290945
v 0.402601 -0.084073 -0.296995
v 0.398355 0.052190 -0.301528
v 0.392411 0.052190 -0.303332
v 0.386361 0.052190 -0.301921
v 0.381827 0.052190 -0.297675
v 0.380024 0.052190 -0.291731
v 0.381435 0.052190 -0.285681
v 0.385681 0.052190 -0.281148
v 0.391625 0.052190 -0.279344
v 0.397675 0.052190 -0.280755
v 0.402208 0.052190 -0.285001
v 0.404011 0.052190 -0.290945
v 0.402601 0.052190 -0.296995
v 0.398355 0.188453 -0.301528
v 0.392411 0.188453 -0.303332
v 0.386361 0.188453 -0.301921
v 0.381827 0.188453 -0.297675
v 0.380024 0.188453 -0.291731
v 0.381435 0.188453 -0.285681
v 0.385681 0.188453 -0.281148
v 0.391625 0.188453 -0.279344
v 0.397675 0.188453 -0.280755
v 0.402208 0.188453 -0.285001
v 0.404011 0.188453 -0.290945
v 0.402601 0.188453 -0.296995
v 0.398355 0.324716 -0.301528
v 0.392411 0.324716 -0.303332
v 0.386361 0.324716 -0.301921
v 0.381827 0.324716 -0.297675
v 0.380024 0.324716 -0.291731
v 0.381435 0.324716 -0.285681
v 0.385681 0.324716 -0.281148
v 0.391625 0.324716 -0.279344
v 0.397675 0.324716 -0.280755
v 0.402208 0.324716 -0.285001
v 0.404011 0.324716 -0.290945
v 0.402601 0.324716 -0.296995
v 0.399183 0.466332 -0.299979
v 0.393845 0.470252 -0.300647
v 0.388018 0.471686 -0.298821
v 0.383262 0.470252 -0.294990
v 0.380853 0.466332 -0.290181
v 0.381435 0.460979 -0.285681
v 0.384853 0.455625 -0.282697
v 0.390190 0.451706 -0.282029
v 0.396018 0.450272 -0.283855
v 0.400773 0.451706 -0.287686
v 0.403183 0.455625 -0.292495
v 0.402601 0.460979 -0.296995
v 0.449845 0.469077 -0.204557
v 0.445625 0.474389 -0.202809
v 0.440026 0.476108 -0.200490
v 0.434548 0.473773 -0.198221
v 0.430658 0.468010 -0.196610
v 0.429400 0.460363 -0.196089
v 0.431109 0.452881 -0.196797
v 0.435329 0.447568 -0.198545
v 0.440928 0.445849 -0.200864
v 0.446406 0.448184 -0.203133
v 0.450296 0.453948 -0.204744
v 0.451555 0.461595 -0.205265
v 0.480263 0.469077 -0.104282
v 0.475783 0.474389 -0.103391
v 0.469839 0.476108 -0.102209
v 0.464024 0.473773 -0.101052
v 0.459895 0.468010 -0.100231
v 0.458558 0.460363 -0.099965
v 0.460373 0.452881 -0.100326
v 0.464853 0.447568 -0.101217
v 0.470797 0.445849 -0.102400
v 0.476613 0.448184 -0.103556
v 0.480742 0.453948 -0.104378
v 0.482078 0.461595 -0.104643
v 0.491152 0.466332 0.003204
v 0.487086 0.470252 0.006725
v 0.481226 0.471686 0.008444
v 0.475143 0.470252 0.007901
v 0.470468 0.466332 0.005241
v 0.468452 0.460979 0.001176
v 0.469636 0.455625 -0.003204
v 0.473703 0.451706 -0.006725
v 0.479563 0.450272 -0.008444
v 0.485645 0.451706 -0.007901
v 0.490321 0.455625 -0.005241
v 0.492337 0.460979 -0.001176
v 0.491325 0.324716 0.004953
v 0.487384 0.324716 0.009754
v 0.481570 0.324716 0.011942
v 0.475442 0.324716 0.010930
v 0.470640 0.324716 0.006990
v 0.468452 0.324716 0.001176
v 0.469464 0.324716 -0.004952
v 0.473405 0.324716 -0.009754
v 0.479218 0.324716 -0.011942
v 0.485347 0.324716 -0.010930
v 0.490148 0.324716 -0.006990
v 0.492337 0.324716 -0.001176
v 0.491325 0.188453 0.004953
v 0.487384 0.188453 0.009754
v 0.481570 0.188453 0.011942
v 0.475442 0.188453 0.010930
v 0.470640 0.188453 0.006990
v 0.468452 0.188453 0.001176
v 0.469464 0.188453 -0.004952
v 0.473405 0.188453 -0.009754
v 0.479218 0.188453 -0.011942
v 0.485347 0.188453 -0.010930
v 0.490148 0.188453 -0.006990
v 0.492337 0.188453 -0.001176
v 0.491325 0.052190 0.004953
v 0.487384 0.052190 0.009754
v 0.481570 0.052190 0.011942
v 0.475442 0.052190 0.010930
v 0.470640 0.052190 0.006990
v 0.468452 0.052190 0.001176
v 0.469464 0.052190 -0.004952
v 0.473405 0.052190 -0.009754
v 0.479218 0.052190 -0.011942
v 0.485347 0.052190 -0.010930
v 0.490148 0.052190 -0.006990
v 0.492337 0.052190 -0.001176
v 0.491325 -0.084073 0.004953
v 0.487384 -0.084073 0.009754
v 0.481570 -0.084073 0.011942
v 0.475442 -0.084073 0.010930
v 0.470640 -0.084073 0.006990
v 0.468452 -0.084073 0.001176
v 0.469464 -0.084073 -0.004952
v 0.473405 -0.084073 -0.009754
v 0.479218 -0.084073 -0.011942
v 0.485347 -0.084073 -0.010930
v 0.490148 -0.084073 -0.006990
v 0.492337 -0.084073 -0.001176
v 0.491325 -0.220336 0.004953
v 0.487384 -0.220336 0.009754
v 0.481570 -0.220336 0.011942
v 0.475442 -0.220336 0.010930
v 0.470640 -0.220336 0.006990
v 0.468452 -0.220336 0.001176
v 0.469464 -0.220336 -0.004952
v 0.473405 -0.220336 -0.009754
v 0.479218 -0.220336 -0.011942
v 0.485347 -0.220336 -0.010930
v 0.490148 -0.220336 -0.006990
v 0.492337 -0.220336 -0.001176
v 0.430085 -0.220336 -0.194677
v 0.434477 -0.220336 -0.190285
v 0.440477 -0.220336 -0.188677
v 0.446477 -0.220336 -0.190285
v 0.450869 -0.220336 -0.194677
v 0.452477 -0.220336 -0.200677
v 0.450869 -0.220336 -0.206677
v 0.446477 -0.220336 -0.211069
v 0.440477 -0.220336 -0.212677
v 0.434477 -0.220336 -0.211069
v 0.430085 -0.220336 -0.206677
v 0.428477 -0.220336 -0.200677
v 0.430085 -0.084073 -0.194677
v 0.434477 -0.084073 -0.190285
v 0.440477 -0.084073 -0.188677
v 0.446477 -0.084073 -0.190285
v 0.450869 -0.084073 -0.194677
v 0.452477 -0.084073 -0.200677
v 0.450869 -0.084073 -0.206677
v 0.446477 -0.084073 -0.211069
v 0.440477 -0.084073 -0.212677
v 0.434477 -0.084073 -0.211069
v 0.430085 -0.084073 -0.206677
v 0.428477 -0.084073 -0.200677
v 0.430085 0.052190 -0.194677
v 0.434477 0.052190 -0.190285
v 0.440477 0.052190 -0.188677
v 0.446477 0.052190 -0.190285
v 0.450869 0.052190 -0.194677
v 0.452477 0.052190 -0.200677
v 0.450869 0.052190 -0.206677
v 0.446477 0.052190 -0.211069
v 0.440477 0.052190 -0.212677
v 0.434477 0.052190 -0.211069
v 0.430085 0.052190 -0.206677
v 0.428477 0.052190 -0.200677
v 0.430085 0.188453 -0.194677
v 0.434477 0.188453 -0.190285
v 0.440477 0.188453 -0.188677
v 0.446477 0.188453 -0.190285
v 0.450869 0.188453 -0.194677
v 0.452477 0.188453 -0.200677
v 0.450869 0.188453 -0.206677
v 0.446477 0.188453 -0.211069
v 0.440477 0.188453 -0.212677
v 0.434477 0.188453 -0.211069
v 0.430085 0.188453 -0.206677
v 0.428477 0.188453 -0.200677
v 0.430085 0.324716 -0.194677
v 0.434477 0.324716 -0.190285
v 0.440477 0.324716 -0.188677
v 0.446477 0.324716 -0.190285
v 0.450869 0.324716 -0.194677
v 0.452477 0.324716 -0.200677
v 0.450869 0.324716 -0.206677
v 0.446477 0.324716 -0.211069
v 0.440477 0.324716 -0.212677
v 0.434477 0.324716 -0.211069
v 0.430085 0.324716 -0.206677
v 0.428477 0.324716 -0.200677
v 0.430085 0.460979 -0.194677
v 0.434477 0.460979 -0.190285
v 0.440477 0.460979 -0.188677
v 0.446477 0.460979 -0.190285
v 0.450869 0.460979 -0.194677
v 0.452477 0.460979 -0.200677
v 0.450869 0.460979 -0.206677
v 0.446477 0.460979 -0.211069
v 0.440477 0.460979 -0.212677
v 0.434477 0.460979 -0.211069
v 0.430085 0.460979 -0.206677
v 0.428477 0.460979 -0.200677
v 0.459926 -0.220336 -0.096304
v 0.464318 -0.220336 -0.091912
v 0.470318 -0.220336 -0.090304
v 0.476318 -0.220336 -0.091912
v 0.480711 -0.220336 -0.096304
v 0.482318 -0.220336 -0.102304
v 0.480711 -0.220336 -0.108304
v 0.476318 -0.220336 -0.112697
v 0.470318 -0.220336 -0.114304
v 0.464318 -0.220336 -0.112697
v 0.459926 -0.220336 -0.108304
v 0.458318 -0.220336 -0.102304
v 0.459926 -0.084073 -0.096304
v 0.464318 -0.084073 -0.091912
v 0.470318 -0.084073 -0.090304
v 0.476318 -0.084073 -0.091912
v 0.480711 -0.084073 -0.096304
v 0.482318 -0.084073 -0.102304
v 0.480711 -0.084073 -0.108304
v 0.476318 -0.084073 -0.112697
v 0.470318 -0.084073 -0.114304
v 0.464318 -0.084073 -0.112697
v 0.459926 -0.084073 -0.108304
v 0.458318 -0.084073 -0.102304
v 0.459926 0.052190 -0.096304
v 0.464318 0.052190 -0.091912
v 0.470318 0.052190 -0.090304
v 0.476318 0.052190 -0.091912
v 0.480711 0.052190 -0.096304
v 0.482318 0.052190 -0.102304
v 0.480711 0.052190 -0.108304
v 0.476318 0.052190 -0.112697
v 0.470318 0.052190 -0.114304
v 0.464318 0.052190 -0.112697
v 0.459926 0.052190 -0.108304
v 0.458318 0.052190 -0.102304
v 0.459926 0.188453 -0.096304
v 0.464318 0.188453 -0.091912
v 0.470318 0.188453 -0.090304
v 0.476318 0.188453 -0.091912
v 0.480711 0.188453 -0.096304
v 0.482318 0.188453 -0.102304
v 0.480711 0.188453 -0.108304
v 0.476318 0.188453 -0.112697
v 0.470318 0.188453 -0.114304
v 0.464318 0.188453 -0.112697
v 0.459926 0.188453 -0.108304
v 0.458318 0.188453 -0.102304
v 0.459926 0.324716 -0.096304
v 0.464318 0.324716 -0.091912
v 0.470318 0.324716 -0.090304
v 0.476318 0.324716 -0.091912
v 0.480711 0.324716 -0.096304
v 0.482318 0.324716 -0.102304
v 0.480711 0.324716 -0.108304
v 0.476318 0.324716 -0.112697
v 0.470318 0.324716 -0.114304
v 0.464318 0.324716 -0.112697
v 0.459926 0.324716 -0.108304
v 0.458318 0.324716 -0.102304
v 0.459926 0.460979 -0.096304
v 0.464318 0.460979 -0.091912
v 0.470318 0.460979 -0.090304
v 0.476318 0.460979 -0.091912
v 0.480711 0.460979 -0.096304
v 0.482318 0.460979 -0.102304
v 0.480711 0.460979 -0.108304
v 0.476318 0.460979 -0.112697
v 0.470318 0.460979 -0.114304
v 0.464318 0.460979 -0.112697
v 0.459926 0.460979 -0.108304
v 0.458318 0.460979 -0.102304
v 0.480263 -0.212765 0.105321
v 0.476060 -0.207222 0.104046
v 0.470318 -0.205194 0.102304
v 0.464577 -0.207222 0.100563
v 0.460373 -0.212765 0.099288
v 0.458835 -0.220336 0.098821
v 0.460373 -0.227907 0.099288
v 0.464577 -0.233449 0.100563
v 0.470318 -0.235478 0.102304
v 0.476060 -0.233449 0.104046
v 0.480263 -0.227907 0.105321
v 0.481801 -0.220336 0.105788
v 0.451654 -0.214982 0.199634
v 0.448352 -0.211063 0.195387
v 0.442940 -0.209629 0.192557
v 0.436869 -0.211063 0.191903
v 0.431764 -0.214982 0.193600
v 0.428994 -0.220336 0.197194
v 0.429301 -0.225689 0.201720
v 0.432602 -0.229608 0.205967
v 0.438014 -0.231043 0.208797
v 0.444086 -0.229608 0.209451
v 0.449190 -0.225689 0.207754
v 0.451960 -0.220336 0.204160
v 0.452164 -0.084073 0.197952
v 0.449236 -0.084073 0.192474
v 0.443961 -0.084073 0.189194
v 0.437752 -0.084073 0.188991
v 0.432274 -0.084073 0.191919
v 0.428994 -0.084073 0.197194
v 0.428791 -0.084073 0.203402
v 0.431719 -0.084073 0.208880
v 0.436994 -0.084073 0.212160
v 0.443202 -0.084073 0.212364
v 0.448680 -0.084073 0.209435
v 0.451960 -0.084073 0.204160
v 0.452164 0.052190 0.197952
v 0.449236 0.052190 0.192474
v 0.443961 0.052190 0.189194
v 0.437752 0.052190 0.188991
v 0.432274 0.052190 0.191919
v 0.428994 0.052190 0.197194
v 0.428791 0.052190 0.203402
v 0.431719 0.052190 0.208880
v 0.436994 0.052190 0.212160
v 0.443202 0.052190 0.212364
v 0.448680 0.052190 0.209435
v 0.451960 0.052190 0.204160
v 0.452164 0.188453 0.197952
v 0.449236 0.188453 0.192474
v 0.443961 0.188453 0.189194
v 0.437752 0.188453 0.188991
v 0.432274 0.188453 0.191919
v 0.428994 0.188453 0.197194
v 0.428791 0.188453 0.203402
v 0.431719 0.188453 0.208880
v 0.436994 0.188453 0.212160
v 0.443202 0.188453 0.212364
v 0.448680 0.188453 0.209435
v 0.451960 0.188453 0.204160
v 0.452164 0.324716 0.197952
v 0.449236 0.324716 0.192474
v 0.443961 0.324716 0.189194
v 0.437752 0.324716 0.188991
v 0.432274 0.324716 0.191919
v 0.428994 0.324716 0.197194
v 0.428791 0.324716 0.203402
v 0.431719 0.324716 0.208880
v 0.436994 0.324716 0.212160
v 0.443202 0.324716 0.212364
v 0.448680 0.324716 0.209435
v 0.451960 0.324716 0.204160
v 0.451071 0.468039 0.199996
v 0.447667 0.471118 0.195409
v 0.442336 0.471480 0.192234
v 0.436507 0.469029 0.191321
v 0.431742 0.464421 0.192915
v 0.429317 0.458890 0.196589
v 0.429883 0.453919 0.201358
v 0.433288 0.450840 0.205945
v 0.438619 0.450478 0.209120
v 0.444448 0.452929 0.210033
v 0.449213 0.457537 0.208439
v 0.451637 0.463068 0.204765
v 0.399975 0.470963 0.295591
v 0.395420 0.475317 0.293156
v 0.389953 0.475830 0.290234
v 0.385040 0.472363 0.287608
v 0.381996 0.465846 0.285981
v 0.381638 0.458025 0.285790
v 0.384061 0.450995 0.287085
v 0.388616 0.446640 0.289520
v 0.394083 0.446128 0.292441
v 0.398996 0.449594 0.295068
v 0.402039 0.456112 0.296694
v 0.402398 0.463933 0.296886
v 0.343435 0.327888 -0.331874
v 0.347827 0.327888 -0.327481
v 0.353827 0.327888 -0.325874
v 0.359827 0.327888 -0.327481
v 0.364219 0.327888 -0.331874
v 0.365827 0.327888 -0.337874
v 0.364219 0.327888 -0.343874
v 0.359827 0.327888 -0.348266
v 0.353827 0.327888 -0.349874
v 0.347827 0.327888 -0.348266
v 0.343435 0.327888 -0.343874
v 0.341827 0.327888 -0.337874
v 0.343798 0.462723 -0.331431
v 0.347042 0.457207 -0.328438
v 0.352103 0.452702 -0.327974
v 0.357627 0.450415 -0.330162
v 0.362132 0.450958 -0.334416
v 0.364412 0.454186 -0.339597
v 0.363856 0.459235 -0.344316
v 0.360612 0.464750 -0.347309
v 0.355551 0.469256 -0.347773
v 0.350027 0.471543 -0.345585
v 0.345521 0.471000 -0.341331
v 0.343241 0.467771 -0.336150
v 0.382866 0.463445 -0.283827
v 0.383336 0.455645 -0.284213
v 0.386133 0.449274 -0.286508
v 0.390507 0.446039 -0.290098
v 0.395285 0.446807 -0.294020
v 0.399188 0.451373 -0.297223
v 0.401170 0.458512 -0.298849
v 0.400699 0.466313 -0.298463
v 0.397903 0.472684 -0.296167
v 0.393529 0.475919 -0.292578
v 0.388750 0.475150 -0.288656
v 0.384847 0.470585 -0.285453
v 0.343435 0.052579 -0.331874
v 0.347827 0.052579 -0.327481
v 0.353827 0.052579 -0.325874
v 0.359827 0.052579 -0.327481
v 0.364219 0.052579 -0.331874
v 0.365827 0.052579 -0.337874
v 0.364219 0.052579 -0.343874
v 0.359827 0.052579 -0.348266
v 0.353827 0.052579 -0.349874
v 0.347827 0.052579 -0.348266
v 0.343435 0.052579 -0.343874
v 0.341827 0.052579 -0.337874
v 0.343435 0.190233 -0.331874
v 0.347827 0.190233 -0.327481
v 0.353827 0.190233 -0.325874
v 0.359827 0.190233 -0.327481
v 0.364219 0.190233 -0.331874
v 0.365827 0.190233 -0.337874
v 0.364219 0.190233 -0.343874
v 0.359827 0.190233 -0.348266
v 0.353827 0.190233 -0.349874
v 0.347827 0.190233 -0.348266
v 0.343435 0.190233 -0.343874
v 0.341827 0.190233 -0.337874
v 0.343435 -0.085076 -0.343874
v 0.347827 -0.085076 -0.348266
v 0.353827 -0.085076 -0.349874
v 0.359827 -0.085076 -0.348266
v 0.364219 -0.085076 -0.343874
v 0.365827 -0.085076 -0.337874
v 0.364219 -0.085076 -0.331874
v 0.359827 -0.085076 -0.327481
v 0.353827 -0.085076 -0.325874
v 0.347827 -0.085076 -0.327481
v 0.343435 -0.085076 -0.331874
v 0.341827 -0.085076 -0.337874
v 0.345521 -0.230357 -0.341331
v 0.350027 -0.230900 -0.345585
v 0.355551 -0.228612 -0.347773
v 0.360612 -0.224107 -0.347309
v 0.363856 -0.218592 -0.344316
v 0.364412 -0.213543 -0.339597
v 0.362132 -0.210315 -0.334416
v 0.357627 -0.209772 -0.330162
v 0.352103 -0.212059 -0.327974
v 0.347042 -0.216564 -0.328438
v 0.343798 -0.222080 -0.331431
v 0.343241 -0.227128 -0.336150
v 0.388750 -0.234507 -0.288656
v 0.393529 -0.235276 -0.292578
v 0.397903 -0.232041 -0.296167
v 0.400699 -0.225670 -0.298463
v 0.401170 -0.217869 -0.298849
v 0.399188 -0.210730 -0.297223
v 0.395285 -0.206164 -0.294020
v 0.390507 -0.205396 -0.290098
v 0.386133 -0.208631 -0.286508
v 0.383336 -0.215002 -0.284213
v 0.382866 -0.222802 -0.283827
v 0.384847 -0.229942 -0.285453
v 0.430532 0.468550 0.197660
v 0.434736 0.474092 0.198935
v 0.440477 0.476121 0.200677
v 0.446219 0.474092 0.202419
v 0.450422 0.468550 0.203694
v 0.451960 0.460979 0.204160
v 0.450422 0.453408 0.203694
v 0.446219 0.447866 0.202419
v 0.440477 0.445837 0.200677
v 0.434736 0.447866 0.198935
v 0.430532 0.453408 0.197660
v 0.428994 0.460979 0.197194
v 0.460373 0.468550 0.099288
v 0.464577 0.474092 0.100563
v 0.470318 0.476121 0.102304
v 0.476060 0.474092 0.104046
v 0.480263 0.468550 0.105321
v 0.481801 0.460979 0.105788
v 0.480263 0.453408 0.105321
v 0.476060 0.447866 0.104046
v 0.470318 0.445837 0.102304
v 0.464577 0.447866 0.100563
v 0.460373 0.453408 0.099288
v 0.458835 0.460979 0.098821
v 0.382853 -0.212765 0.286439
v 0.386726 -0.207222 0.288510
v 0.392018 -0.205194 0.291338
v 0.397309 -0.207222 0.294166
v 0.401183 -0.212765 0.296237
v 0.402601 -0.220336 0.296995
v 0.401183 -0.227907 0.296237
v 0.397309 -0.233449 0.294166
v 0.392018 -0.235478 0.291338
v 0.386726 -0.233449 0.288510
v 0.382853 -0.227907 0.286439
v 0.381435 -0.220336 0.285681
v 0.431312 -0.212765 0.195778
v 0.435186 -0.207222 0.197849
v 0.440477 -0.205194 0.200677
v 0.445769 -0.207222 0.203505
v 0.449642 -0.212765 0.205576
v 0.451060 -0.220336 0.206334
v 0.449642 -0.227907 0.205576
v 0.445769 -0.233449 0.203505
v 0.440477 -0.235478 0.200677
v 0.435186 -0.233449 0.197849
v 0.431312 -0.227907 0.195778
v 0.429894 -0.220336 0.195020
vt 0.040000 1.000000
vt 0.000000 0.916667
vt 0.000000 1.000000
vt 0.040000 0.083333
vt 0.000000 0.000000
vt 0.000000 0.083333
vt 0.040000 0.166667
vt 0.000000 0.166667
vt 0.040000 0.250000
vt 0.000000 0.250000
vt 0.000000 0.333333
vt 0.000000 0.416667
vt 0.040000 0.333333
vt 0.000000 0.500000
vt 0.040000 0.416667
vt 0.000000 0.583333
vt 0.040000 0.500000
vt 0.000000 0.666667
vt 0.040000 0.583333
vt 0.000000 0.750000
vt 0.040000 0.666667
vt 0.040000 0.833333
vt 0.000000 0.833333
vt 0.040000 0.916667
vt 0.080000 0.916667
vt 0.080000 0.000000
vt 0.040000 0.000000
vt 0.080000 0.083333
vt 0.080000 0.166667
vt 0.080000 0.250000
vt 0.080000 0.416667
vt 0.080000 0.500000
vt 0.080000 0.583333
vt 0.080000 0.666667
vt 0.080000 0.750000
vt 0.040000 0.750000
vt 0.080000 0.833333
vt 0.120000 1.000000
vt 0.080000 1.000000
vt 0.120000 0.083333
vt 0.120000 0.166667
vt 0.120000 0.250000
vt 0.080000 0.333333
vt 0.120000 0.333333
vt 0.120000 0.416667
vt 0.120000 0.500000
vt 0.120000 0.583333
vt 0.120000 0.666667
vt 0.120000 0.833333
vt 0.120000 0.916667
vt 0.160000 1.000000
vt 0.160000 0.083333
vt 0.120000 0.000000
vt 0.160000 0.166667
vt 0.160000 0.250000
vt 0.160000 0.333333
vt 0.160000 0.416667
vt 0.160000 0.583333
vt 0.160000 0.666667
vt 0.160000 0.750000
vt 0.120000 0.750000
vt 0.160000 0.833333
vt 0.160000 0.916667
vt 0.200000 1.000000
vt 0.200000 0.083333
vt 0.160000 0.000000
vt 0.200000 0.166667
vt 0.200000 0.333333
vt 0.200000 0.416667
vt 0.200000 0.500000
vt 0.160000 0.500000
vt 0.200000 0.583333
vt 0.200000 0.666667
vt 0.200000 0.833333
vt 0.240000 1.000000
vt 0.200000 0.916667
vt 0.240000 0.083333
vt 0.200000 0.000000
vt 0.240000 0.166667
vt 0.240000 0.250000
vt 0.200000 0.250000
vt 0.240000 0.333333
vt 0.240000 0.416667
vt 0.240000 0.500000
vt 0.240000 0.583333
vt 0.240000 0.666667
vt 0.240000 0.750000
vt 0.200000 0.750000
vt 0.240000 0.833333
vt 0.240000 0.916667
vt 0.280000 1.000000
vt 0.280000 0.000000
vt 0.240000 0.000000
vt 0.280000 0.083333
vt 0.280000 0.250000
vt 0.280000 0.333333
vt 0.280000 0.416667
vt 0.280000 0.583333
vt 0.280000 0.666667
vt 0.280000 0.750000
vt 0.280000 0.833333
vt 0.280000 0.916667
vt 0.320000 0.916667
vt 0.320000 0.000000
vt 0.280000 0.166667
vt 0.320000 0.083333
vt 0.320000 0.166667
vt 0.320000 0.333333
vt 0.320000 0.416667
vt 0.320000 0.500000
vt 0.280000 0.500000
vt 0.320000 0.583333
vt 0.320000 0.666667
vt 0.320000 0.750000
vt 0.320000 0.833333
vt 0.360000 1.000000
vt 0.320000 1.000000
vt 0.360000 0.083333
vt 0.360000 0.166667
vt 0.360000 0.250000
vt 0.320000 0.250000
vt 0.360000 0.333333
vt 0.360000 0.416667
vt 0.360000 0.500000
vt 0.360000 0.583333
vt 0.360000 0.666667
vt 0.360000 0.750000
vt 0.360000 0.916667
vt 0.400000 0.916667
vt 0.400000 0.000000
vt 0.360000 0.000000
vt 0.400000 0.083333
vt 0.400000 0.166667
vt 0.400000 0.333333
vt 0.400000 0.416667
vt 0.400000 0.500000
vt 0.400000 0.583333
vt 0.400000 0.666667
vt 0.400000 0.750000
vt 0.360000 0.833333
vt 0.400000 0.833333
vt 0.400000 1.000000
vt 0.440000 0.916667
vt 0.440000 0.000000
vt 0.440000 0.083333
vt 0.400000 0.250000
vt 0.440000 0.166667
vt 0.440000 0.250000
vt 0.440000 0.416667
vt 0.440000 0.500000
vt 0.440000 0.583333
vt 0.440000 0.666667
vt 0.440000 0.750000
vt 0.440000 0.833333
vt 0.480000 1.000000
vt 0.440000 1.000000
vt 0.480000 0.083333
vt 0.480000 0.166667
vt 0.480000 0.250000
vt 0.440000 0.333333
vt 0.480000 0.333333
vt 0.480000 0.416667
vt 0.480000 0.500000
vt 0.480000 0.583333
vt 0.480000 0.666667
vt 0.480000 0.833333
vt 0.480000 0.916667
vt 0.520000 1.000000
vt 0.520000 0.083333
vt 0.480000 0.000000
vt 0.520000 0.166667
vt 0.520000 0.250000
vt 0.520000 0.333333
vt 0.520000 0.500000
vt 0.520000 0.583333
vt 0.520000 0.750000
vt 0.480000 0.750000
vt 0.520000 0.833333
vt 0.560000 0.916667
vt 0.520000 0.916667
vt 0.560000 0.083333
vt 0.520000 0.000000
vt 0.560000 0.250000
vt 0.560000 0.333333
vt 0.560000 0.416667
vt 0.520000 0.416667
vt 0.560000 0.500000
vt 0.560000 0.583333
vt 0.560000 0.666667
vt 0.520000 0.666667
vt 0.560000 0.750000
vt 0.560000 0.833333
vt 0.600000 1.000000
vt 0.560000 1.000000
vt 0.600000 0.083333
vt 0.560000 0.000000
vt 0.560000 0.166667
vt 0.600000 0.166667
vt 0.600000 0.333333
vt 0.600000 0.416667
vt 0.600000 0.500000
vt 0.600000 0.583333
vt 0.600000 0.666667
vt 0.600000 0.750000
vt 0.600000 0.833333
vt 0.600000 0.916667
vt 0.640000 1.000000
vt 0.640000 0.083333
vt 0.600000 0.000000
vt 0.640000 0.250000
vt 0.600000 0.250000
vt 0.640000 0.333333
vt 0.640000 0.416667
vt 0.640000 0.500000
vt 0.640000 0.666667
vt 0.640000 0.750000
vt 0.640000 0.916667
vt 0.680000 0.916667
vt 0.680000 0.000000
vt 0.640000 0.000000
vt 0.640000 0.166667
vt 0.680000 0.083333
vt 0.680000 0.166667
vt 0.680000 0.333333
vt 0.680000 0.416667
vt 0.680000 0.500000
vt 0.680000 0.583333
vt 0.640000 0.583333
vt 0.680000 0.666667
vt 0.680000 0.750000
vt 0.640000 0.833333
vt 0.680000 0.833333
vt 0.680000 1.000000
vt 0.720000 0.916667
vt 0.720000 0.000000
vt 0.720000 0.083333
vt 0.680000 0.250000
vt 0.720000 0.166667
vt 0.720000 0.333333
vt 0.720000 0.416667
vt 0.720000 0.500000
vt 0.720000 0.583333
vt 0.720000 0.666667
vt 0.720000 0.750000
vt 0.720000 0.833333
vt 0.720000 1.000000
vt 0.760000 0.916667
vt 0.760000 0.000000
vt 0.760000 0.083333
vt 0.720000 0.250000
vt 0.760000 0.166667
vt 0.760000 0.333333
vt 0.760000 0.416667
vt 0.760000 0.500000
vt 0.760000 0.583333
vt 0.760000 0.666667
vt 0.760000 0.750000
vt 0.760000 0.833333
vt 0.800000 1.000000
vt 0.760000 1.000000
vt 0.800000 0.083333
vt 0.800000 0.166667
vt 0.800000 0.250000
vt 0.760000 0.250000
vt 0.800000 0.333333
vt 0.800000 0.416667
vt 0.800000 0.500000
vt 0.800000 0.583333
vt 0.800000 0.666667
vt 0.800000 0.833333
vt 0.800000 0.916667
vt 0.840000 0.916667
vt 0.840000 0.000000
vt 0.800000 0.000000
vt 0.840000 0.083333
vt 0.840000 0.166667
vt 0.840000 0.333333
vt 0.840000 0.416667
vt 0.840000 0.500000
vt 0.840000 0.583333
vt 0.840000 0.666667
vt 0.840000 0.750000
vt 0.800000 0.750000
vt 0.840000 0.833333
vt 0.880000 1.000000
vt 0.840000 1.000000
vt 0.880000 0.083333
vt 0.880000 0.166667
vt 0.880000 0.250000
vt 0.840000 0.250000
vt 0.880000 0.333333
vt 0.880000 0.416667
vt 0.880000 0.500000
vt 0.880000 0.583333
vt 0.880000 0.666667
vt 0.880000 0.833333
vt 0.880000 0.916667
vt 0.920000 1.000000
vt 0.920000 0.083333
vt 0.880000 0.000000
vt 0.920000 0.166667
vt 0.920000 0.250000
vt 0.920000 0.416667
vt 0.920000 0.500000
vt 0.920000 0.583333
vt 0.920000 0.750000
vt 0.880000 0.750000
vt 0.920000 0.833333
vt 0.960000 0.916667
vt 0.920000 0.916667
vt 0.960000 0.000000
vt 0.920000 0.000000
vt 0.960000 0.083333
vt 0.960000 0.166667
vt 0.960000 0.333333
vt 0.920000 0.333333
vt 0.960000 0.416667
vt 0.960000 0.500000
vt 0.960000 0.583333
vt 0.960000 0.666667
vt 0.920000 0.666667
vt 0.960000 0.750000
vt 0.960000 0.833333
vt 1.000000 1.000000
vt 0.960000 1.000000
vt 1.000000 0.083333
vt 1.000000 0.166667
vt 1.000000 0.250000
vt 0.960000 0.250000
vt 1.000000 0.333333
vt 1.000000 0.416667
vt 1.000000 0.500000
vt 1.000000 0.583333
vt 1.000000 0.666667
vt 1.000000 0.750000
vt 1.000000 0.833333
vt 1.000000 0.916667
vt 0.047619 1.000000
vt 0.000000 0.916667
vt 0.000000 1.000000
vt 0.047619 0.083333
vt 0.000000 0.000000
vt 0.000000 0.083333
vt 0.047619 0.166667
vt 0.000000 0.166667
vt 0.047619 0.250000
vt 0.000000 0.250000
vt 0.000000 0.333333
vt 0.000000 0.416667
vt 0.047619 0.333333
vt 0.000000 0.500000
vt 0.047619 0.416667
vt 0.000000 0.583333
vt 0.047619 0.500000
vt 0.000000 0.666667
vt 0.047619 0.583333
vt 0.000000 0.750000
vt 0.047619 0.666667
vt 0.047619 0.833333
vt 0.000000 0.833333
vt 0.047619 0.916667
vt 0.095238 1.000000
vt 0.095238 0.083333
vt 0.047619 0.000000
vt 0.095238 0.166667
vt 0.095238 0.250000
vt 0.095238 0.333333
vt 0.095238 0.416667
vt 0.095238 0.583333
vt 0.095238 0.666667
vt 0.047619 0.750000
vt 0.095238 0.833333
vt 0.095238 0.916667
vt 0.142857 0.916667
vt 0.142857 0.000000
vt 0.095238 0.000000
vt 0.142857 0.083333
vt 0.142857 0.166667
vt 0.142857 0.333333
vt 0.142857 0.416667
vt 0.142857 0.500000
vt 0.095238 0.500000
vt 0.142857 0.583333
vt 0.142857 0.666667
vt 0.142857 0.750000
vt 0.095238 0.750000
vt 0.142857 0.833333
vt 0.190476 1.000000
vt 0.142857 1.000000
vt 0.190476 0.083333
vt 0.190476 0.166667
vt 0.190476 0.250000
vt 0.142857 0.250000
vt 0.190476 0.333333
vt 0.190476 0.416667
vt 0.190476 0.500000
vt 0.190476 0.583333
vt 0.190476 0.666667
vt 0.190476 0.750000
vt 0.190476 0.833333
vt 0.190476 0.916667
vt 0.238095 0.916667
vt 0.238095 0.000000
vt 0.190476 0.000000
vt 0.238095 0.083333
vt 0.238095 0.166667
vt 0.238095 0.250000
vt 0.238095 0.416667
vt 0.238095 0.500000
vt 0.238095 0.583333
vt 0.238095 0.666667
vt 0.238095 0.750000
vt 0.238095 0.833333
vt 0.285714 1.000000
vt 0.238095 1.000000
vt 0.285714 0.083333
vt 0.285714 0.166667
vt 0.285714 0.250000
vt 0.238095 0.333333
vt 0.285714 0.333333
vt 0.285714 0.416667
vt 0.285714 0.500000
vt 0.285714 0.583333
vt 0.285714 0.666667
vt 0.285714 0.833333
vt 0.285714 0.916667
vt 0.333333 0.916667
vt 0.333333 0.083333
vt 0.285714 0.000000
vt 0.333333 0.250000
vt 0.333333 0.416667
vt 0.333333 0.500000
vt 0.333333 0.583333
vt 0.333333 0.750000
vt 0.285714 0.750000
vt 0.333333 0.833333
vt 0.333333 1.000000
vt 0.380952 0.916667
vt 0.380952 0.083333
vt 0.333333 0.000000
vt 0.380952 0.166667
vt 0.333333 0.166667
vt 0.333333 0.333333
vt 0.380952 0.250000
vt 0.380952 0.333333
vt 0.380952 0.500000
vt 0.380952 0.583333
vt 0.380952 0.666667
vt 0.333333 0.666667
vt 0.380952 0.750000
vt 0.380952 0.833333
vt 0.428571 1.000000
vt 0.380952 1.000000
vt 0.428571 0.083333
vt 0.380952 0.000000
vt 0.428571 0.166667
vt 0.428571 0.250000
vt 0.428571 0.333333
vt 0.428571 0.416667
vt 0.380952 0.416667
vt 0.428571 0.500000
vt 0.428571 0.583333
vt 0.428571 0.666667
vt 0.428571 0.750000
vt 0.428571 0.916667
vt 0.476190 1.000000
vt 0.476190 0.083333
vt 0.428571 0.000000
vt 0.476190 0.166667
vt 0.476190 0.250000
vt 0.476190 0.333333
vt 0.476190 0.416667
vt 0.476190 0.500000
vt 0.476190 0.583333
vt 0.476190 0.666667
vt 0.476190 0.750000
vt 0.476190 0.833333
vt 0.428571 0.833333
vt 0.523810 1.000000
vt 0.476190 0.916667
vt 0.523810 0.083333
vt 0.476190 0.000000
vt 0.523810 0.166667
vt 0.523810 0.250000
vt 0.523810 0.333333
vt 0.523810 0.416667
vt 0.523810 0.500000
vt 0.523810 0.583333
vt 0.523810 0.666667
vt 0.523810 0.750000
vt 0.523810 0.916667
vt 0.571429 1.000000
vt 0.571429 0.083333
vt 0.523810 0.000000
vt 0.571429 0.166667
vt 0.571429 0.250000
vt 0.571429 0.333333
vt 0.571429 0.416667
vt 0.571429 0.500000
vt 0.571429 0.583333
vt 0.571429 0.666667
vt 0.523810 0.833333
vt 0.571429 0.750000
vt 0.571429 0.916667
vt 0.619048 1.000000
vt 0.619048 0.083333
vt 0.571429 0.000000
vt 0.619048 0.166667
vt 0.619048 0.250000
vt 0.619048 0.333333
vt 0.619048 0.416667
vt 0.619048 0.500000
vt 0.619048 0.583333
vt 0.619048 0.666667
vt 0.571429 0.833333
vt 0.619048 0.750000
vt 0.619048 0.916667
vt 0.666667 0.916667
vt 0.666667 0.000000
vt 0.619048 0.000000
vt 0.666667 0.083333
vt 0.666667 0.166667
vt 0.666667 0.250000
vt 0.666667 0.416667
vt 0.666667 0.500000
vt 0.666667 0.583333
vt 0.666667 0.666667
vt 0.666667 0.750000
vt 0.666667 0.833333
vt 0.619048 0.833333
vt 0.714286 1.000000
vt 0.666667 1.000000
vt 0.714286 0.083333
vt 0.714286 0.166667
vt 0.714286 0.250000
vt 0.714286 0.333333
vt 0.666667 0.333333
vt 0.714286 0.416667
vt 0.714286 0.500000
vt 0.714286 0.583333
vt 0.714286 0.666667
vt 0.714286 0.750000
vt 0.714286 0.916667
vt 0.761905 1.000000
vt 0.761905 0.083333
vt 0.714286 0.000000
vt 0.761905 0.166667
vt 0.761905 0.333333
vt 0.761905 0.416667
vt 0.761905 0.500000
vt 0.761905 0.583333
vt 0.761905 0.750000
vt 0.714286 0.833333
vt 0.761905 0.916667
vt 0.809524 1.000000
vt 0.809524 0.083333
vt 0.761905 0.000000
vt 0.809524 0.166667
vt 0.809524 0.250000
vt 0.761905 0.250000
vt 0.809524 0.416667
vt 0.809524 0.583333
vt 0.761905 0.666667
vt 0.809524 0.750000
vt 0.761905 0.833333
vt 0.809524 0.916667
vt 0.857143 0.916667
vt 0.857143 0.083333
vt 0.809524 0.000000
vt 0.857143 0.166667
vt 0.857143 0.333333
vt 0.809524 0.333333
vt 0.857143 0.416667
vt 0.857143 0.500000
vt 0.809524 0.500000
vt 0.857143 0.583333
vt 0.857143 0.666667
vt 0.809524 0.666667
vt 0.857143 0.750000
vt 0.857143 0.833333
vt 0.809524 0.833333
vt 0.857143 1.000000
vt 0.904762 0.916667
vt 0.904762 0.083333
vt 0.857143 0.000000
vt 0.904762 0.166667
vt 0.904762 0.250000
vt 0.857143 0.250000
vt 0.904762 0.333333
vt 0.904762 0.416667
vt 0.904762 0.500000
vt 0.904762 0.583333
vt 0.904762 0.750000
vt 0.904762 0.833333
vt 0.904762 1.000000
vt 0.952381 0.916667
vt 0.952381 0.000000
vt 0.904762 0.000000
vt 0.952381 0.083333
vt 0.952381 0.166667
vt 0.952381 0.250000
vt 0.952381 0.416667
vt 0.952381 0.500000
vt 0.952381 0.583333
vt 0.952381 0.666667
vt 0.904762 0.666667
vt 0.952381 0.750000
vt 0.952381 0.833333
vt 0.952381 1.000000
vt 1.000000 0.916667
vt 1.000000 0.083333
vt 1.000000 0.166667
vt 1.000000 0.250000
vt 1.000000 0.333333
vt 0.952381 0.333333
vt 1.000000 0.416667
vt 1.000000 0.500000
vt 1.000000 0.583333
vt 1.000000 0.666667
vt 1.000000 0.750000
vt 1.000000 0.833333
vt 0.000000 1.000000
vt 0.043478 0.916667
vt 0.000000 0.916667
vt 0.000000 0.083333
vt 0.043478 0.000000
vt 0.000000 0.000000
vt 0.000000 0.166667
vt 0.043478 0.083333
vt 0.043478 0.250000
vt 0.000000 0.250000
vt 0.043478 0.333333
vt 0.000000 0.333333
vt 0.043478 0.416667
vt 0.000000 0.416667
vt 0.043478 0.500000
vt 0.000000 0.500000
vt 0.043478 0.583333
vt 0.000000 0.583333
vt 0.043478 0.666667
vt 0.000000 0.666667
vt 0.000000 0.750000
vt 0.000000 0.833333
vt 0.043478 0.750000
vt 0.043478 0.833333
vt 0.086957 1.000000
vt 0.043478 1.000000
vt 0.086957 0.083333
vt 0.086957 0.166667
vt 0.043478 0.166667
vt 0.086957 0.250000
vt 0.086957 0.333333
vt 0.086957 0.416667
vt 0.086957 0.500000
vt 0.086957 0.583333
vt 0.086957 0.750000
vt 0.086957 0.833333
vt 0.086957 0.916667
vt 0.130435 1.000000
vt 0.130435 0.083333
vt 0.086957 0.000000
vt 0.130435 0.166667
vt 0.130435 0.250000
vt 0.130435 0.333333
vt 0.130435 0.416667
vt 0.130435 0.500000
vt 0.130435 0.583333
vt 0.130435 0.666667
vt 0.086957 0.666667
vt 0.130435 0.750000
vt 0.130435 0.833333
vt 0.130435 0.916667
vt 0.173913 1.000000
vt 0.173913 0.083333
vt 0.130435 0.000000
vt 0.173913 0.166667
vt 0.173913 0.250000
vt 0.173913 0.333333
vt 0.173913 0.416667
vt 0.173913 0.500000
vt 0.173913 0.583333
vt 0.173913 0.666667
vt 0.173913 0.750000
vt 0.173913 0.833333
vt 0.173913 0.916667
vt 0.217391 1.000000
vt 0.217391 0.083333
vt 0.173913 0.000000
vt 0.217391 0.166667
vt 0.217391 0.250000
vt 0.217391 0.333333
vt 0.217391 0.416667
vt 0.217391 0.500000
vt 0.217391 0.583333
vt 0.217391 0.666667
vt 0.217391 0.750000
vt 0.217391 0.833333
vt 0.217391 0.916667
vt 0.260870 0.916667
vt 0.260870 0.000000
vt 0.217391 0.000000
vt 0.260870 0.083333
vt 0.260870 0.250000
vt 0.260870 0.333333
vt 0.260870 0.416667
vt 0.260870 0.500000
vt 0.260870 0.583333
vt 0.260870 0.666667
vt 0.260870 0.750000
vt 0.260870 0.833333
vt 0.304348 1.000000
vt 0.260870 1.000000
vt 0.304348 0.083333
vt 0.304348 0.166667
vt 0.260870 0.166667
vt 0.304348 0.250000
vt 0.304348 0.333333
vt 0.304348 0.416667
vt 0.304348 0.500000
vt 0.304348 0.583333
vt 0.304348 0.750000
vt 0.304348 0.833333
vt 0.304348 0.916667
vt 0.347826 1.000000
vt 0.347826 0.083333
vt 0.304348 0.000000
vt 0.347826 0.166667
vt 0.347826 0.333333
vt 0.347826 0.416667
vt 0.347826 0.500000
vt 0.347826 0.666667
vt 0.304348 0.666667
vt 0.347826 0.750000
vt 0.347826 0.833333
vt 0.347826 0.916667
vt 0.391304 0.916667
vt 0.391304 0.083333
vt 0.347826 0.000000
vt 0.391304 0.166667
vt 0.391304 0.250000
vt 0.347826 0.250000
vt 0.391304 0.333333
vt 0.391304 0.416667
vt 0.391304 0.500000
vt 0.347826 0.583333
vt 0.391304 0.583333
vt 0.391304 0.750000
vt 0.391304 0.833333
vt 0.391304 1.000000
vt 0.434783 0.916667
vt 0.434783 0.000000
vt 0.391304 0.000000
vt 0.434783 0.083333
vt 0.434783 0.250000
vt 0.434783 0.333333
vt 0.434783 0.416667
vt 0.434783 0.500000
vt 0.434783 0.583333
vt 0.434783 0.666667
vt 0.391304 0.666667
vt 0.434783 0.750000
vt 0.434783 0.833333
vt 0.478261 1.000000
vt 0.434783 1.000000
vt 0.478261 0.083333
vt 0.478261 0.166667
vt 0.434783 0.166667
vt 0.478261 0.250000
vt 0.478261 0.333333
vt 0.478261 0.416667
vt 0.478261 0.500000
vt 0.478261 0.583333
vt 0.478261 0.750000
vt 0.478261 0.833333
vt 0.478261 0.916667
vt 0.521739 0.916667
vt 0.521739 0.083333
vt 0.478261 0.000000
vt 0.521739 0.166667
vt 0.521739 0.250000
vt 0.521739 0.333333
vt 0.521739 0.416667
vt 0.521739 0.500000
vt 0.521739 0.583333
vt 0.521739 0.666667
vt 0.478261 0.666667
vt 0.521739 0.750000
vt 0.521739 0.833333
vt 0.565217 1.000000
vt 0.521739 1.000000
vt 0.565217 0.083333
vt 0.521739 0.000000
vt 0.565217 0.166667
vt 0.565217 0.250000
vt 0.565217 0.333333
vt 0.565217 0.416667
vt 0.565217 0.500000
vt 0.565217 0.583333
vt 0.565217 0.666667
vt 0.565217 0.750000
vt 0.565217 0.833333
vt 0.565217 0.916667
vt 0.608696 1.000000
vt 0.608696 0.083333
vt 0.565217 0.000000
vt 0.608696 0.166667
vt 0.608696 0.250000
vt 0.608696 0.333333
vt 0.608696 0.416667
vt 0.608696 0.500000
vt 0.608696 0.583333
vt 0.608696 0.666667
vt 0.608696 0.750000
vt 0.608696 0.833333
vt 0.608696 0.916667
vt 0.652174 0.916667
vt 0.652174 0.000000
vt 0.608696 0.000000
vt 0.652174 0.083333
vt 0.652174 0.250000
vt 0.652174 0.333333
vt 0.652174 0.416667
vt 0.652174 0.500000
vt 0.652174 0.583333
vt 0.652174 0.666667
vt 0.652174 0.750000
vt 0.652174 0.833333
vt 0.695652 1.000000
vt 0.652174 1.000000
vt 0.695652 0.083333
vt 0.695652 0.166667
vt 0.652174 0.166667
vt 0.695652 0.250000
vt 0.695652 0.333333
vt 0.695652 0.416667
vt 0.695652 0.500000
vt 0.695652 0.583333
vt 0.695652 0.750000
vt 0.695652 0.833333
vt 0.695652 0.916667
vt 0.739130 1.000000
vt 0.739130 0.000000
vt 0.695652 0.000000
vt 0.739130 0.166667
vt 0.739130 0.250000
vt 0.739130 0.416667
vt 0.739130 0.500000
vt 0.739130 0.583333
vt 0.739130 0.666667
vt 0.695652 0.666667
vt 0.739130 0.750000
vt 0.739130 0.833333
vt 0.782609 0.916667
vt 0.739130 0.916667
vt 0.739130 0.083333
vt 0.782609 0.000000
vt 0.782609 0.083333
vt 0.782609 0.250000
vt 0.782609 0.333333
vt 0.739130 0.333333
vt 0.782609 0.416667
vt 0.782609 0.500000
vt 0.782609 0.583333
vt 0.782609 0.666667
vt 0.782609 0.750000
vt 0.782609 0.833333
vt 0.826087 1.000000
vt 0.782609 1.000000
vt 0.826087 0.083333
vt 0.826087 0.166667
vt 0.782609 0.166667
vt 0.826087 0.250000
vt 0.826087 0.333333
vt 0.826087 0.416667
vt 0.826087 0.500000
vt 0.826087 0.583333
vt 0.826087 0.750000
vt 0.826087 0.833333
vt 0.826087 0.916667
vt 0.869565 1.000000
vt 0.869565 0.083333
vt 0.826087 0.000000
vt 0.869565 0.166667
vt 0.869565 0.250000
vt 0.869565 0.333333
vt 0.869565 0.416667
vt 0.869565 0.500000
vt 0.869565 0.583333
vt 0.869565 0.666667
vt 0.826087 0.666667
vt 0.869565 0.750000
vt 0.869565 0.833333
vt 0.869565 0.916667
vt 0.913043 1.000000
vt 0.913043 0.083333
vt 0.869565 0.000000
vt 0.913043 0.166667
vt 0.913043 0.250000
vt 0.913043 0.333333
vt 0.913043 0.416667
vt 0.913043 0.500000
vt 0.913043 0.583333
vt 0.913043 0.666667
vt 0.913043 0.750000
vt 0.913043 0.833333
vt 0.913043 0.916667
vt 0.956522 1.000000
vt 0.956522 0.083333
vt 0.913043 0.000000
vt 0.956522 0.166667
vt 0.956522 0.250000
vt 0.956522 0.333333
vt 0.956522 0.416667
vt 0.956522 0.500000
vt 0.956522 0.583333
vt 0.956522 0.666667
vt 0.956522 0.750000
vt 0.956522 0.833333
vt 0.956522 0.916667
vt 1.000000 1.000000
vt 1.000000 0.083333
vt 0.956522 0.000000
vt 1.000000 0.166667
vt 1.000000 0.250000
vt 1.000000 0.333333
vt 1.000000 0.416667
vt 1.000000 0.500000
vt 1.000000 0.583333
vt 1.000000 0.666667
vt 1.000000 0.750000
vt 1.000000 0.833333
vt 1.000000 0.916667
vt 0.200000 1.000000
vt 0.000000 0.916667
vt 0.000000 1.000000
vt 0.200000 0.083333
vt 0.000000 0.000000
vt 0.000000 0.083333
vt 0.200000 0.166667
vt 0.000000 0.166667
vt 0.200000 0.250000
vt 0.000000 0.250000
vt 0.200000 0.333333
vt 0.000000 0.333333
vt 0.200000 0.416667
vt 0.000000 0.416667
vt 0.200000 0.500000
vt 0.000000 0.500000
vt 0.200000 0.583333
vt 0.000000 0.583333
vt 0.200000 0.666667
vt 0.000000 0.666667
vt 0.200000 0.750000
vt 0.000000 0.750000
vt 0.200000 0.833333
vt 0.000000 0.833333
vt 0.200000 0.916667
vt 0.400000 1.000000
vt 0.400000 0.083333
vt 0.200000 0.000000
vt 0.400000 0.166667
vt 0.400000 0.250000
vt 0.400000 0.333333
vt 0.400000 0.416667
vt 0.400000 0.500000
vt 0.400000 0.583333
vt 0.400000 0.666667
vt 0.400000 0.750000
vt 0.400000 0.833333
vt 0.400000 0.916667
vt 0.600000 1.000000
vt 0.600000 0.083333
vt 0.400000 0.000000
vt 0.600000 0.166667
vt 0.600000 0.250000
vt 0.600000 0.333333
vt 0.600000 0.416667
vt 0.600000 0.500000
vt 0.600000 0.583333
vt 0.600000 0.666667
vt 0.600000 0.750000
vt 0.600000 0.833333
vt 0.600000 0.916667
vt 0.800000 1.000000
vt 0.800000 0.083333
vt 0.600000 0.000000
vt 0.800000 0.166667
vt 0.800000 0.250000
vt 0.800000 0.333333
vt 0.800000 0.416667
vt 0.800000 0.500000
vt 0.800000 0.583333
vt 0.800000 0.666667
vt 0.800000 0.750000
vt 0.800000 0.833333
vt 0.800000 0.916667
vt 1.000000 1.000000
vt 1.000000 0.083333
vt 0.800000 0.000000
vt 1.000000 0.166667
vt 1.000000 0.250000
vt 1.000000 0.333333
vt 1.000000 0.416667
vt 1.000000 0.500000
vt 1.000000 0.583333
vt 1.000000 0.666667
vt 1.000000 0.750000
vt 1.000000 0.833333
vt 1.000000 0.916667
vt 0.200000 1.000000
vt 0.000000 0.916667
vt 0.000000 1.000000
vt 0.200000 0.083333
vt 0.000000 0.000000
vt 0.000000 0.083333
vt 0.200000 0.166667
vt 0.000000 0.166667
vt 0.200000 0.250000
vt 0.000000 0.250000
vt 0.200000 0.333333
vt 0.000000 0.333333
vt 0.200000 0.416667
vt 0.000000 0.416667
vt 0.200000 0.500000
vt 0.000000 0.500000
vt 0.200000 0.583333
vt 0.000000 0.583333
vt 0.200000 0.666667
vt 0.000000 0.666667
vt 0.200000 0.750000
vt 0.000000 0.750000
vt 0.200000 0.833333
vt 0.000000 0.833333
vt 0.200000 0.916667
vt 0.400000 1.000000
vt 0.400000 0.083333
vt 0.200000 0.000000
vt 0.400000 0.166667
vt 0.400000 0.250000
vt 0.400000 0.333333
vt 0.400000 0.416667
vt 0.400000 0.500000
vt 0.400000 0.583333
vt 0.400000 0.666667
vt 0.400000 0.750000
vt 0.400000 0.833333
vt 0.400000 0.916667
vt 0.600000 1.000000
vt 0.600000 0.083333
vt 0.400000 0.000000
vt 0.600000 0.166667
vt 0.600000 0.250000
vt 0.600000 0.333333
vt 0.600000 0.416667
vt 0.600000 0.500000
vt 0.600000 0.583333
vt 0.600000 0.666667
vt 0.600000 0.750000
vt 0.600000 0.833333
vt 0.600000 0.916667
vt 0.800000 1.000000
vt 0.800000 0.083333
vt 0.600000 0.000000
vt 0.800000 0.166667
vt 0.800000 0.250000
vt 0.800000 0.333333
vt 0.800000 0.416667
vt 0.800000 0.500000
vt 0.800000 0.583333
vt 0.800000 0.666667
vt 0.800000 0.750000
vt 0.800000 0.833333
vt 0.800000 0.916667
vt 1.000000 1.000000
vt 1.000000 0.083333
vt 0.800000 0.000000
vt 1.000000 0.166667
vt 1.000000 0.250000
vt 1.000000 0.333333
vt 1.000000 0.416667
vt 1.000000 0.500000
vt 1.000000 0.583333
vt 1.000000 0.666667
vt 1.000000 0.750000
vt 1.000000 0.833333
vt 1.000000 0.916667
vt 0.142857 1.000000
vt 0.000000 0.916667
vt 0.000000 1.000000
vt 0.142857 0.083333
vt 0.000000 0.000000
vt 0.000000 0.083333
vt 0.142857 0.166667
vt 0.000000 0.166667
vt 0.000000 0.250000
vt 0.000000 0.333333
vt 0.142857 0.250000
vt 0.000000 0.416667
vt 0.142857 0.333333
vt 0.000000 0.500000
vt 0.142857 0.416667
vt 0.000000 0.583333
vt 0.142857 0.500000
vt 0.000000 0.666667
vt 0.142857 0.583333
vt 0.142857 0.750000
vt 0.000000 0.750000
vt 0.142857 0.833333
vt 0.000000 0.833333
vt 0.142857 0.916667
vt 0.285714 0.916667
vt 0.285714 0.000000
vt 0.142857 0.000000
vt 0.285714 0.083333
vt 0.285714 0.250000
vt 0.285714 0.333333
vt 0.285714 0.416667
vt 0.285714 0.500000
vt 0.285714 0.583333
vt 0.285714 0.666667
vt 0.142857 0.666667
vt 0.285714 0.750000
vt 0.285714 0.833333
vt 0.428571 1.000000
vt 0.285714 1.000000
vt 0.428571 0.083333
vt 0.285714 0.166667
vt 0.428571 0.250000
vt 0.428571 0.333333
vt 0.428571 0.416667
vt 0.428571 0.500000
vt 0.428571 0.583333
vt 0.428571 0.666667
vt 0.428571 0.750000
vt 0.428571 0.833333
vt 0.428571 0.916667
vt 0.571429 1.000000
vt 0.571429 0.083333
vt 0.428571 0.000000
vt 0.571429 0.166667
vt 0.428571 0.166667
vt 0.571429 0.250000
vt 0.571429 0.333333
vt 0.571429 0.416667
vt 0.571429 0.500000
vt 0.571429 0.583333
vt 0.571429 0.666667
vt 0.571429 0.750000
vt 0.571429 0.833333
vt 0.571429 0.916667
vt 0.714286 1.000000
vt 0.714286 0.083333
vt 0.571429 0.000000
vt 0.714286 0.166667
vt 0.714286 0.250000
vt 0.714286 0.333333
vt 0.714286 0.416667
vt 0.714286 0.500000
vt 0.714286 0.583333
vt 0.714286 0.666667
vt 0.714286 0.750000
vt 0.714286 0.833333
vt 0.714286 0.916667
vt 0.857143 0.916667
vt 0.857143 0.000000
vt 0.714286 0.000000
vt 0.857143 0.083333
vt 0.857143 0.250000
vt 0.857143 0.333333
vt 0.857143 0.416667
vt 0.857143 0.500000
vt 0.857143 0.583333
vt 0.857143 0.666667
vt 0.857143 0.750000
vt 0.857143 0.833333
vt 1.000000 1.000000
vt 0.857143 1.000000
vt 1.000000 0.083333
vt 1.000000 0.166667
vt 0.857143 0.166667
vt 1.000000 0.250000
vt 1.000000 0.333333
vt 1.000000 0.416667
vt 1.000000 0.500000
vt 1.000000 0.583333
vt 1.000000 0.750000
vt 1.000000 0.833333
vt 1.000000 0.916667
vt 0.500000 1.000000
vt 0.000000 0.916667
vt 0.000000 1.000000
vt 0.500000 0.083333
vt 0.000000 0.000000
vt 0.000000 0.083333
vt 0.500000 0.166667
vt 0.000000 0.166667
vt 0.500000 0.250000
vt 0.000000 0.250000
vt 0.000000 0.333333
vt 0.000000 0.416667
vt 0.500000 0.333333
vt 0.000000 0.500000
vt 0.500000 0.416667
vt 0.000000 0.583333
vt 0.500000 0.500000
vt 0.000000 0.666667
vt 0.500000 0.583333
vt 0.000000 0.750000
vt 0.500000 0.666667
vt 0.500000 0.833333
vt 0.000000 0.833333
vt 0.500000 0.916667
vt 1.000000 0.916667
vt 1.000000 0.000000
vt 0.500000 0.000000
vt 1.000000 0.083333
vt 1.000000 0.166667
vt 1.000000 0.333333
vt 1.000000 0.416667
vt 1.000000 0.500000
vt 1.000000 0.583333
vt 1.000000 0.666667
vt 1.000000 0.750000
vt 0.500000 0.750000
vt 1.000000 0.833333
vt 1.000000 1.000000
vt 0.000000 0.916667
vt 0.000000 1.000000
vt 1.000000 0.083333
vt 0.000000 0.000000
vt 0.000000 0.083333
vt 1.000000 0.166667
vt 0.000000 0.166667
vt 1.000000 0.250000
vt 0.000000 0.250000
vt 1.000000 0.333333
vt 0.000000 0.333333
vt 1.000000 0.416667
vt 0.000000 0.416667
vt 1.000000 0.500000
vt 0.000000 0.500000
vt 1.000000 0.583333
vt 0.000000 0.583333
vt 1.000000 0.666667
vt 0.000000 0.666667
vt 1.000000 0.750000
vt 0.000000 0.750000
vt 1.000000 0.833333
vt 0.000000 0.833333
vt 1.000000 0.916667
vt 0.000000 1.000000
vt 0.500000 0.916667
vt 0.000000 0.916667
vt 0.000000 0.083333
vt 0.500000 0.000000
vt 0.000000 0.000000
vt 0.500000 0.166667
vt 0.000000 0.166667
vt 0.500000 0.250000
vt 0.000000 0.250000
vt 0.500000 0.333333
vt 0.000000 0.333333
vt 0.500000 0.416667
vt 0.000000 0.416667
vt 0.500000 0.500000
vt 0.000000 0.500000
vt 0.500000 0.583333
vt 0.000000 0.583333
vt 0.000000 0.666667
vt 0.000000 0.750000
vt 0.500000 0.666667
vt 0.000000 0.833333
vt 0.500000 0.750000
vt 0.500000 0.833333
vt 1.000000 1.000000
vt 0.500000 1.000000
vt 1.000000 0.083333
vt 0.500000 0.083333
vt 1.000000 0.166667
vt 1.000000 0.250000
vt 1.000000 0.333333
vt 1.000000 0.416667
vt 1.000000 0.500000
vt 1.000000 0.666667
vt 1.000000 0.750000
vt 1.000000 0.833333
vt 1.000000 0.916667
vt 1.000000 1.000000
vt 0.000000 0.916667
vt 0.000000 1.000000
vt 1.000000 0.083333
vt 0.000000 0.000000
vt 0.000000 0.083333
vt 1.000000 0.166667
vt 0.000000 0.166667
vt 1.000000 0.250000
vt 0.000000 0.250000
vt 1.000000 0.333333
vt 0.000000 0.333333
vt 1.000000 0.416667
vt 0.000000 0.416667
vt 1.000000 0.500000
vt 0.000000 0.500000
vt 1.000000 0.583333
vt 0.000000 0.583333
vt 1.000000 0.666667
vt 0.000000 0.666667
vt 1.000000 0.750000
vt 0.000000 0.750000
vt 1.000000 0.833333
vt 0.000000 0.833333
vt 1.000000 0.916667
vt 0.000000 1.000000
vt 1.000000 0.916667
vt 0.000000 0.916667
vt 1.000000 0.083333
vt 0.000000 0.000000
vt 0.000000 0.083333
vt 1.000000 0.166667
vt 0.000000 0.166667
vt 0.000000 0.250000
vt 1.000000 0.333333
vt 0.000000 0.333333
vt 1.000000 0.416667
vt 0.000000 0.416667
vt 1.000000 0.500000
vt 0.000000 0.500000
vt 1.000000 0.583333
vt 0.000000 0.583333
vt 0.000000 0.666667
vt 1.000000 0.750000
vt 0.000000 0.750000
vt 1.000000 0.833333
vt 0.000000 0.833333
vt 1.000000 0.000000
vt 1.000000 1.000000
vt 1.000000 0.000000
vt 1.000000 0.000000
vt 1.000000 0.000000
vt 1.000000 0.000000
vt 1.000000 0.000000
vt 1.000000 0.666667
vt 1.000000 1.000000
vt 1.000000 0.250000
vt 1.000000 0.000000
vt 1.000000 0.000000
vt 1.000000 0.583333
vt 1.000000 0.000000
vt 1.000000 1.000000
vt 1.000000 0.000000
vt 1.000000 0.250000
vt 1.000000 0.666667
vn -0.9659 -0.0017 -0.2588
vn -0.7071 -0.0009 -0.7071
vn -0.2588 -0.0124 -0.9659
vn 0.2587 -0.0253 -0.9656
vn 0.7068 -0.0276 -0.7068
vn 0.9657 -0.0213 -0.2588
vn 0.9659 -0.0071 0.2588
vn 0.7071 0.0004 0.7071
vn 0.2588 -0.0052 0.9659
vn -0.2588 -0.0172 0.9658
vn -0.7069 -0.0225 0.7069
vn -0.9658 -0.0127 0.2588
vn -0.7009 -0.4427 -0.5592
vn -0.7694 0.1104 -0.6291
vn -0.6147 0.6386 -0.4630
vn -0.3246 0.9319 -0.1617
vn -0.0040 0.9913 0.1317
vn 0.3697 0.8516 0.3716
vn 0.6825 0.4558 0.5713
vn 0.7694 -0.1104 0.6292
vn 0.5973 -0.6139 0.5161
vn 0.2730 -0.9206 0.2792
vn -0.0973 -0.9949 -0.0248
vn -0.4531 -0.8313 -0.3219
vn -0.8399 -0.3052 -0.4489
vn -0.8767 0.1085 -0.4686
vn -0.7516 0.5232 -0.4018
vn -0.4035 0.8892 -0.2157
vn 0.1532 0.9848 0.0819
vn 0.6196 0.7116 0.3312
vn 0.8398 0.3052 0.4489
vn 0.8767 -0.1086 0.4686
vn 0.7516 -0.5232 0.4017
vn 0.4035 -0.8892 0.2156
vn -0.1532 -0.9848 -0.0818
vn -0.6196 -0.7116 -0.3311
vn -0.9113 -0.3052 -0.2764
vn -0.9513 0.1085 -0.2886
vn -0.8156 0.5230 -0.2474
vn -0.4384 0.8889 -0.1330
vn 0.1654 0.9849 0.0502
vn 0.6720 0.7119 0.2039
vn 0.9113 0.3052 0.2764
vn 0.9513 -0.1085 0.2886
vn 0.8156 -0.5230 0.2474
vn 0.4384 -0.8889 0.1330
vn -0.1654 -0.9849 -0.0502
vn -0.6720 -0.7119 -0.2039
vn -0.9477 -0.3052 -0.0933
vn -0.9893 0.1085 -0.0974
vn -0.8482 0.5230 -0.0835
vn -0.4559 0.8889 -0.0449
vn 0.1721 0.9849 0.0169
vn 0.6989 0.7119 0.0688
vn 0.9477 0.3052 0.0933
vn 0.9893 -0.1085 0.0974
vn 0.8482 -0.5230 0.0835
vn 0.4559 -0.8889 0.0449
vn -0.1721 -0.9849 -0.0169
vn -0.6989 -0.7119 -0.0688
vn -0.9477 -0.3052 0.0933
vn -0.9893 0.1085 0.0974
vn -0.8482 0.5230 0.0835
vn -0.4559 0.8889 0.0449
vn 0.1721 0.9849 -0.0169
vn 0.6989 0.7119 -0.0688
vn 0.9477 0.3052 -0.0933
vn 0.9893 -0.1085 -0.0974
vn 0.8482 -0.5230 -0.0835
vn 0.4559 -0.8889 -0.0449
vn -0.1721 -0.9849 0.0169
vn -0.6989 -0.7119 0.0688
vn -0.9113 -0.3052 0.2764
vn -0.9513 0.1085 0.2886
vn -0.8156 0.5230 0.2474
vn -0.4383 0.8889 0.1330
vn 0.1654 0.9849 -0.0502
vn 0.6720 0.7119 -0.2039
vn 0.9113 0.3052 -0.2764
vn 0.9513 -0.1085 -0.2886
vn 0.8156 -0.5230 -0.2474
vn 0.4384 -0.8889 -0.1330
vn -0.1654 -0.9849 0.0502
vn -0.6720 -0.7119 0.2039
vn -0.8398 -0.3053 0.4489
vn -0.8767 0.1085 0.4686
vn -0.7517 0.5230 0.4018
vn -0.4040 0.8889 0.2160
vn 0.1525 0.9849 -0.0815
vn 0.6193 0.7119 -0.3311
vn 0.8398 0.3052 -0.4489
vn 0.8767 -0.1085 -0.4686
vn 0.7517 -0.5230 -0.4018
vn 0.4040 -0.8889 -0.2159
vn -0.1525 -0.9849 0.0815
vn -0.6194 -0.7119 0.3310
vn -0.7337 -0.3041 0.6077
vn -0.7696 0.1096 0.6291
vn -0.6828 0.5250 0.5081
vn -0.4031 0.8892 0.2162
vn 0.0823 0.9790 -0.1863
vn 0.4999 0.7058 -0.5020
vn 0.7222 0.3035 -0.6216
vn 0.7695 -0.1096 -0.6292
vn 0.6549 -0.5236 -0.5450
vn 0.3342 -0.8875 -0.3172
vn -0.1620 -0.9844 0.0686
vn -0.5534 -0.7121 0.4322
vn -0.9935 -0.0001 0.1142
vn -0.6774 0.0000 0.7356
vn -0.0880 -0.0001 0.9961
vn 0.3702 -0.0002 0.9290
vn 0.6862 -0.0003 0.7274
vn 0.9142 -0.0002 0.4053
vn 0.9935 -0.0000 -0.1141
vn 0.6774 -0.0000 -0.7356
vn 0.0882 -0.0001 -0.9961
vn -0.3700 -0.0002 -0.9290
vn -0.6862 -0.0002 -0.7274
vn -0.9142 -0.0002 -0.4052
vn -0.7042 0.4413 0.5563
vn -0.7688 -0.1100 0.6300
vn -0.6116 -0.6371 0.4692
vn -0.3194 -0.9321 0.1707
vn 0.0033 -0.9923 -0.1236
vn 0.3769 -0.8510 -0.3658
vn 0.6861 -0.4543 -0.5682
vn 0.7687 0.1100 -0.6300
vn 0.5943 0.6125 -0.5213
vn 0.2682 0.9197 -0.2866
vn -0.1036 0.9945 0.0176
vn -0.4591 0.8301 0.3165
vn -0.8400 0.3046 0.4490
vn -0.8766 -0.1092 0.4686
vn -0.7513 -0.5237 0.4016
vn -0.4031 -0.8895 0.2154
vn 0.1536 -0.9847 -0.0821
vn 0.6199 -0.7112 -0.3314
vn 0.8400 -0.3046 -0.4490
vn 0.8767 0.1092 -0.4686
vn 0.7513 0.5237 -0.4016
vn 0.4031 0.8895 -0.2154
vn -0.1536 0.9847 0.0821
vn -0.6200 0.7112 0.3314
vn -0.9115 0.3046 0.2765
vn -0.9512 -0.1092 0.2885
vn -0.8153 -0.5236 0.2473
vn -0.4376 -0.8893 0.1327
vn 0.1664 -0.9848 -0.0505
vn 0.6726 -0.7113 -0.2040
vn 0.9115 -0.3046 -0.2765
vn 0.9512 0.1092 -0.2885
vn 0.8153 0.5236 -0.2473
vn 0.4376 0.8893 -0.1327
vn -0.1664 0.9848 0.0505
vn -0.6726 0.7113 0.2040
vn -0.9479 0.3046 0.0934
vn -0.9892 -0.1092 0.0974
vn -0.8479 -0.5236 0.0835
vn -0.4550 -0.8893 0.0448
vn 0.1730 -0.9848 -0.0170
vn 0.6995 -0.7113 -0.0689
vn 0.9479 -0.3046 -0.0934
vn 0.9892 0.1092 -0.0974
vn 0.8479 0.5236 -0.0835
vn 0.4551 0.8893 -0.0448
vn -0.1730 0.9848 0.0170
vn -0.6995 0.7114 0.0689
vn -0.9479 0.3046 -0.0934
vn -0.9892 -0.1092 -0.0974
vn -0.8479 -0.5236 -0.0835
vn -0.4550 -0.8893 -0.0448
vn 0.1730 -0.9848 0.0170
vn 0.6995 -0.7113 0.0689
vn 0.9479 -0.3046 0.0934
vn 0.9892 0.1092 0.0974
vn 0.8479 0.5236 0.0835
vn 0.4551 0.8893 0.0448
vn -0.1730 0.9848 -0.0170
vn -0.6995 0.7113 -0.0689
vn -0.9115 0.3046 -0.2765
vn -0.9512 -0.1092 -0.2885
vn -0.8153 -0.5236 -0.2473
vn -0.4376 -0.8893 -0.1327
vn 0.1664 -0.9848 0.0505
vn 0.6726 -0.7113 0.2040
vn 0.9115 -0.3046 0.2765
vn 0.9512 0.1092 0.2885
vn 0.8153 0.5236 0.2473
vn 0.4376 0.8893 0.1327
vn -0.1664 0.9848 -0.0505
vn -0.6726 0.7113 -0.2040
vn -0.8400 0.3046 -0.4490
vn -0.8766 -0.1092 -0.4686
vn -0.7514 -0.5236 -0.4016
vn -0.4033 -0.8893 -0.2156
vn 0.1533 -0.9848 0.0820
vn 0.6198 -0.7113 0.3313
vn 0.8400 -0.3046 0.4490
vn 0.8767 0.1092 0.4686
vn 0.7514 0.5236 0.4016
vn 0.4033 0.8893 0.2155
vn -0.1533 0.9848 -0.0820
vn -0.6199 0.7114 -0.3313
vn -0.7420 0.3045 -0.5973
vn -0.7665 -0.1095 -0.6329
vn -0.6684 -0.5245 -0.5273
vn -0.3826 -0.8903 -0.2468
vn 0.0974 -0.9814 0.1652
vn 0.5234 -0.7090 0.4726
vn 0.7332 -0.3041 0.6083
vn 0.7656 0.1095 0.6339
vn 0.6372 0.5222 0.5668
vn 0.3107 0.8843 0.3486
vn -0.1758 0.9832 -0.0484
vn -0.5709 0.7127 -0.4076
vn -0.4040 0.0002 -0.9148
vn -0.9062 -0.0000 -0.4228
vn -0.9825 0.0003 0.1862
vn -0.8050 0.0006 0.5932
vn -0.5306 0.0007 0.8476
vn -0.1458 0.0004 0.9893
vn 0.4037 0.0000 0.9149
vn 0.9062 0.0001 0.4229
vn 0.9826 0.0006 -0.1855
vn 0.8053 0.0010 -0.5928
vn 0.5304 0.0010 -0.8477
vn 0.1451 0.0008 -0.9894
vn -0.7232 -0.3763 -0.5791
vn -0.7533 0.2016 -0.6260
vn -0.5442 0.6928 -0.4731
vn -0.2149 0.9531 -0.2129
vn 0.1407 0.9870 0.0777
vn 0.4778 0.8007 0.3615
vn 0.7232 0.3763 0.5791
vn 0.7533 -0.2016 0.6260
vn 0.5442 -0.6928 0.4731
vn 0.2149 -0.9531 0.2129
vn -0.1407 -0.9870 -0.0777
vn -0.4778 -0.8007 -0.3615
vn -0.4052 -0.0065 -0.9142
vn -0.9074 0.0005 -0.4203
vn -0.9797 -0.0091 0.2003
vn -0.7987 -0.0227 0.6013
vn -0.5354 -0.0256 0.8442
vn -0.1607 -0.0137 0.9869
vn 0.3974 -0.0010 0.9177
vn 0.9062 -0.0027 0.4228
vn 0.9835 -0.0156 -0.1803
vn 0.8073 -0.0237 -0.5896
vn 0.5286 -0.0243 -0.8485
vn 0.1394 -0.0191 -0.9901
vn -0.5137 0.0007 -0.8580
vn -0.8739 0.0020 -0.4861
vn -0.9998 0.0147 0.0159
vn -0.8577 0.0262 0.5136
vn -0.4860 0.0274 0.8736
vn 0.0159 0.0191 0.9997
vn 0.5137 0.0052 0.8579
vn 0.8739 -0.0004 0.4861
vn 0.9998 0.0069 -0.0159
vn 0.8578 0.0187 -0.5136
vn 0.4860 0.0214 -0.8737
vn -0.0159 0.0107 -0.9998
vn -0.7173 0.3726 -0.5887
vn -0.7575 -0.1993 -0.6217
vn -0.5604 -0.6888 -0.4599
vn -0.2354 -0.9525 -0.1932
vn 0.1236 -0.9871 0.1014
vn 0.4663 -0.7976 0.3827
vn 0.7173 -0.3726 0.5887
vn 0.7575 0.1994 0.6217
vn 0.5604 0.6888 0.4599
vn 0.2354 0.9525 0.1932
vn -0.1236 0.9871 -0.1014
vn -0.4663 0.7976 -0.3827
vn -0.9747 0.0064 -0.2235
vn -0.5915 -0.0005 -0.8063
vn -0.0007 0.0090 -1.0000
vn 0.4313 0.0226 -0.9019
vn 0.7246 0.0255 -0.6887
vn 0.9385 0.0136 -0.3451
vn 0.9765 0.0010 0.2154
vn 0.5936 0.0027 0.8047
vn 0.0205 0.0155 0.9997
vn -0.4184 0.0236 0.9080
vn -0.7301 0.0241 0.6829
vn -0.9455 0.0189 0.3252
vn -0.9417 0.0000 -0.3365
vn -0.6473 0.0000 -0.7623
vn -0.1794 0.0000 -0.9838
vn 0.3365 0.0000 -0.9417
vn 0.7622 0.0000 -0.6473
vn 0.9838 0.0000 -0.1794
vn 0.9417 0.0000 0.3365
vn 0.6473 0.0000 0.7622
vn 0.1794 0.0000 0.9838
vn -0.3365 0.0000 0.9417
vn -0.7622 0.0000 0.6473
vn -0.9838 0.0000 0.1794
vn -0.2588 -0.0125 -0.9659
vn 0.7068 -0.0277 -0.7068
vn 0.9659 -0.0072 0.2588
vn -0.9658 -0.0128 0.2588
vn -0.6892 -0.4528 -0.5656
vn -0.7683 0.1097 -0.6306
vn -0.6027 0.6262 -0.4946
vn -0.2897 0.9271 -0.2378
vn 0.0677 0.9962 0.0555
vn 0.4164 0.8425 0.3417
vn 0.6892 0.4528 0.5656
vn 0.7683 -0.1097 0.6306
vn 0.6027 -0.6262 0.4946
vn 0.2897 -0.9271 0.2378
vn -0.0677 -0.9962 -0.0555
vn -0.4164 -0.8425 -0.3417
vn -0.3170 -0.0083 -0.9484
vn -0.8528 0.0006 -0.5223
vn -0.9938 -0.0067 0.1105
vn -0.8356 -0.0203 0.5490
vn -0.5808 -0.0260 0.8136
vn -0.2251 -0.0154 0.9742
vn 0.3062 -0.0023 0.9519
vn 0.8523 -0.0012 0.5230
vn 0.9956 -0.0132 -0.0930
vn 0.8444 -0.0224 -0.5352
vn 0.5773 -0.0236 -0.8162
vn 0.2054 -0.0199 -0.9785
vn -0.4423 0.0000 -0.8969
vn -0.8315 0.0000 -0.5556
vn -0.9979 0.0000 -0.0654
vn -0.8969 0.0000 0.4423
vn -0.5556 0.0000 0.8315
vn -0.0654 0.0000 0.9979
vn 0.4423 0.0000 0.8969
vn 0.8315 0.0000 0.5556
vn 0.9979 0.0000 0.0654
vn 0.8969 0.0000 -0.4423
vn 0.5556 0.0000 -0.8315
vn 0.0654 0.0000 -0.9979
vn -0.4422 0.0124 -0.8968
vn -0.8315 0.0009 -0.5556
vn -0.9979 0.0017 -0.0654
vn -0.8968 0.0127 0.4422
vn -0.5554 0.0224 0.8313
vn -0.0654 0.0171 0.9977
vn 0.4423 0.0051 0.8969
vn 0.8315 -0.0004 0.5556
vn 0.9978 0.0071 0.0654
vn 0.8967 0.0212 -0.4422
vn 0.5554 0.0274 -0.8312
vn 0.0654 0.0251 -0.9975
vn -0.6891 -0.6318 -0.3549
vn -0.8766 -0.1097 -0.4686
vn -0.7952 0.4453 -0.4116
vn -0.4999 0.8347 -0.2311
vn -0.0962 0.9953 -0.0109
vn 0.3223 0.9225 0.2123
vn 0.6851 0.6172 0.3870
vn 0.8766 0.1097 0.4686
vn 0.7859 -0.4532 0.4208
vn 0.4580 -0.8472 0.2691
vn 0.0518 -0.9953 0.0816
vn -0.3384 -0.9304 -0.1406
vn -0.8150 -0.5240 -0.2472
vn -0.9512 -0.1096 -0.2885
vn -0.9116 0.3042 -0.2765
vn -0.6729 0.7110 -0.2041
vn -0.1670 0.9847 -0.0507
vn 0.4371 0.8896 0.1326
vn 0.8150 0.5240 0.2472
vn 0.9512 0.1096 0.2885
vn 0.9116 -0.3042 0.2765
vn 0.6729 -0.7110 0.2041
vn 0.1670 -0.9847 0.0507
vn -0.4371 -0.8896 -0.1326
vn -0.8476 -0.5240 -0.0835
vn -0.9892 -0.1096 -0.0974
vn -0.9480 0.3042 -0.0934
vn -0.6998 0.7110 -0.0689
vn -0.1737 0.9847 -0.0171
vn 0.4545 0.8896 0.0448
vn 0.8476 0.5240 0.0835
vn 0.9892 0.1096 0.0974
vn 0.9480 -0.3042 0.0934
vn 0.6998 -0.7110 0.0689
vn 0.1737 -0.9847 0.0171
vn -0.4545 -0.8896 -0.0448
vn -0.8476 -0.5240 0.0835
vn -0.9892 -0.1096 0.0974
vn -0.9480 0.3042 0.0934
vn -0.6998 0.7110 0.0689
vn -0.1737 0.9847 0.0171
vn 0.4545 0.8896 -0.0448
vn 0.8476 0.5240 -0.0835
vn 0.9892 0.1096 -0.0974
vn 0.9480 -0.3042 -0.0934
vn 0.6998 -0.7110 -0.0689
vn 0.1737 -0.9847 -0.0171
vn -0.4545 -0.8896 0.0448
vn -0.8150 -0.5240 0.2472
vn -0.9512 -0.1096 0.2885
vn -0.9116 0.3042 0.2765
vn -0.6729 0.7110 0.2041
vn -0.1670 0.9847 0.0507
vn 0.4371 0.8896 -0.1326
vn 0.8150 0.5240 -0.2472
vn 0.9512 0.1096 -0.2885
vn 0.9116 -0.3042 -0.2765
vn 0.6729 -0.7110 -0.2041
vn 0.1670 -0.9847 -0.0507
vn -0.4371 -0.8896 0.1326
vn -0.7511 -0.5240 0.4016
vn -0.8766 -0.1096 0.4686
vn -0.8401 0.3042 0.4490
vn -0.6202 0.7110 0.3314
vn -0.1539 0.9847 0.0823
vn 0.4028 0.8896 -0.2153
vn 0.7512 0.5240 -0.4015
vn 0.8766 0.1096 -0.4685
vn 0.8401 -0.3042 -0.4491
vn 0.6201 -0.7110 -0.3316
vn 0.1539 -0.9847 -0.0823
vn -0.4028 -0.8896 0.2154
vn -0.6750 -0.5263 0.5171
vn -0.7680 -0.1114 0.6307
vn -0.7378 0.3026 0.6035
vn -0.5615 0.7111 0.4231
vn -0.1636 0.9840 0.0701
vn 0.3225 0.8873 -0.3298
vn 0.6444 0.5246 -0.5564
vn 0.7671 0.1114 -0.6318
vn 0.7293 -0.3021 -0.6139
vn 0.5149 -0.7064 -0.4857
vn 0.0868 -0.9791 -0.1838
vn -0.3924 -0.8907 0.2293
vn -0.9829 0.0006 -0.1844
vn -0.9066 -0.0000 0.4220
vn -0.4103 0.0006 0.9119
vn 0.1384 0.0018 0.9904
vn 0.5278 0.0024 0.8494
vn 0.8058 0.0023 0.5921
vn 0.9832 0.0015 0.1828
vn 0.9065 0.0002 -0.4222
vn 0.4097 0.0001 -0.9122
vn -0.1402 0.0009 -0.9901
vn -0.5284 0.0016 -0.8490
vn -0.8052 0.0014 -0.5931
vn -0.5678 0.6816 0.4615
vn -0.7549 0.2007 0.6244
vn -0.7306 -0.3801 0.5673
vn -0.5019 -0.8113 0.2999
vn -0.1990 -0.9799 -0.0108
vn 0.1452 -0.9531 -0.2657
vn 0.5113 -0.7044 -0.4923
vn 0.7535 -0.2021 -0.6257
vn 0.7228 0.3680 -0.5849
vn 0.4717 0.7885 -0.3947
vn 0.1208 0.9859 -0.1156
vn -0.2507 0.9501 0.1856
vn -0.7488 0.5285 0.4000
vn -0.8761 0.1146 0.4683
vn -0.8414 -0.2994 0.4498
vn -0.6234 -0.7073 0.3333
vn -0.1587 -0.9837 0.0847
vn 0.3984 -0.8921 -0.2130
vn 0.7486 -0.5285 -0.4003
vn 0.8761 -0.1146 -0.4683
vn 0.8415 0.2994 -0.4497
vn 0.6235 0.7073 -0.3331
vn 0.1587 0.9837 -0.0847
vn -0.3986 0.8921 0.2128
vn -0.8121 0.5290 0.2463
vn -0.9506 0.1146 0.2884
vn -0.9131 -0.2991 0.2770
vn -0.6774 -0.7063 0.2055
vn -0.1746 -0.9832 0.0530
vn 0.4306 -0.8930 -0.1306
vn 0.8121 -0.5290 -0.2463
vn 0.9506 -0.1146 -0.2884
vn 0.9131 0.2991 -0.2770
vn 0.6774 0.7063 -0.2055
vn 0.1746 0.9832 -0.0530
vn -0.4306 0.8930 0.1306
vn -0.8445 0.5290 0.0832
vn -0.9886 0.1146 0.0974
vn -0.9496 -0.2991 0.0935
vn -0.7045 -0.7063 0.0694
vn -0.1815 -0.9832 0.0179
vn 0.4479 -0.8930 -0.0441
vn 0.8445 -0.5290 -0.0832
vn 0.9886 -0.1146 -0.0974
vn 0.9496 0.2991 -0.0935
vn 0.7045 0.7063 -0.0694
vn 0.1816 0.9832 -0.0179
vn -0.4479 0.8930 0.0441
vn -0.8445 0.5290 -0.0832
vn -0.9886 0.1146 -0.0974
vn -0.9496 -0.2991 -0.0935
vn -0.7045 -0.7063 -0.0694
vn -0.1815 -0.9832 -0.0179
vn 0.4479 -0.8930 0.0441
vn 0.8445 -0.5290 0.0832
vn 0.9886 -0.1146 0.0974
vn 0.9496 0.2991 0.0935
vn 0.7045 0.7063 0.0694
vn 0.1815 0.9832 0.0179
vn -0.4479 0.8930 -0.0441
vn -0.8121 0.5290 -0.2463
vn -0.9506 0.1146 -0.2884
vn -0.9131 -0.2991 -0.2770
vn -0.6774 -0.7063 -0.2055
vn -0.1746 -0.9832 -0.0530
vn 0.4307 -0.8930 0.1306
vn 0.8121 -0.5290 0.2463
vn 0.9506 -0.1146 0.2884
vn 0.9131 0.2991 0.2770
vn 0.6774 0.7063 0.2055
vn 0.1746 0.9832 0.0530
vn -0.4307 0.8930 -0.1306
vn -0.7485 0.5290 -0.3999
vn -0.8761 0.1146 -0.4683
vn -0.8415 -0.2991 -0.4499
vn -0.6242 -0.7063 -0.3338
vn -0.1608 -0.9832 -0.0861
vn 0.3968 -0.8930 0.2123
vn 0.7483 -0.5290 0.4002
vn 0.8761 -0.1146 0.4683
vn 0.8416 0.2991 0.4498
vn 0.6243 0.7063 0.3336
vn 0.1609 0.9832 0.0861
vn -0.3969 0.8930 -0.2121
vn -0.6397 0.5247 -0.5617
vn -0.7639 0.1112 -0.6357
vn -0.7465 -0.3024 -0.5927
vn -0.5676 -0.7095 -0.4176
vn -0.1679 -0.9832 -0.0708
vn 0.3230 -0.8888 0.3250
vn 0.6407 -0.5248 0.5604
vn 0.7651 -0.1113 0.6342
vn 0.7473 0.3024 0.5917
vn 0.5679 0.7095 0.4173
vn 0.1679 0.9832 0.0708
vn -0.3226 0.8888 -0.3256
vn 0.9735 0.2077 0.0959
vn 0.7786 0.6211 0.0896
vn 0.3153 0.9468 0.0642
vn -0.3218 0.9468 0.0015
vn -0.7811 0.6211 -0.0640
vn -0.9735 0.2077 -0.0959
vn -0.9739 -0.2077 -0.0912
vn -0.7822 -0.6209 -0.0519
vn -0.3228 -0.9464 0.0129
vn 0.3141 -0.9464 0.0757
vn 0.7773 -0.6209 0.1017
vn 0.9730 -0.2077 0.1005
vn 0.8981 0.0043 0.4397
vn 0.5051 0.0169 0.8629
vn 0.0944 0.0235 0.9953
vn -0.2868 0.0235 0.9577
vn -0.6638 0.0169 0.7477
vn -0.9667 0.0043 0.2560
vn -0.8959 0.0000 -0.4443
vn -0.4875 0.0110 -0.8730
vn -0.0834 0.0236 -0.9962
vn 0.2762 0.0236 -0.9608
vn 0.6485 0.0110 -0.7612
vn 0.9653 0.0000 -0.2610
vn 0.9359 0.0000 0.3523
vn 0.6344 0.0000 0.7730
vn 0.1629 0.0000 0.9866
vn -0.3523 0.0000 0.9359
vn -0.7730 0.0000 0.6344
vn -0.9866 0.0000 0.1629
vn -0.9359 0.0000 -0.3523
vn -0.6344 0.0000 -0.7730
vn -0.1629 0.0000 -0.9866
vn 0.3522 0.0000 -0.9359
vn 0.7730 0.0000 -0.6344
vn 0.9866 0.0000 -0.1629
vn 0.6344 -0.0088 0.7730
vn 0.1629 -0.0202 0.9864
vn -0.3522 -0.0202 0.9357
vn -0.7730 -0.0088 0.6344
vn -0.9359 -0.0035 -0.3523
vn -0.6343 -0.0169 -0.7729
vn -0.1628 -0.0270 -0.9863
vn 0.3521 -0.0270 -0.9356
vn 0.7729 -0.0169 -0.6343
vn 0.9866 -0.0035 -0.1629
vn 0.9537 -0.2843 0.0985
vn 0.6696 -0.7372 0.0909
vn 0.2343 -0.9703 0.0608
vn -0.2422 -0.9701 0.0160
vn -0.6750 -0.7367 -0.0403
vn -0.9550 -0.2831 -0.0879
vn -0.9530 0.2884 -0.0927
vn -0.6568 0.7527 -0.0455
vn -0.2279 0.9735 0.0191
vn 0.2211 0.9735 0.0586
vn 0.6557 0.7509 0.0785
vn 0.9539 0.2859 0.0916
vn 0.9663 -0.2390 -0.0952
vn 0.7562 -0.6501 -0.0745
vn 0.2728 -0.9617 -0.0269
vn -0.3662 -0.9299 0.0361
vn -0.8050 -0.5880 0.0793
vn -0.9799 -0.1746 0.0965
vn -0.9663 0.2390 0.0952
vn -0.7562 0.6501 0.0745
vn -0.2728 0.9617 0.0269
vn 0.3662 0.9299 -0.0361
vn 0.8050 0.5880 -0.0793
vn 0.9799 0.1746 -0.0965
vn 0.9292 -0.2390 -0.2819
vn 0.7271 -0.6501 -0.2206
vn 0.2623 -0.9617 -0.0796
vn -0.3521 -0.9299 0.1068
vn -0.7740 -0.5880 0.2348
vn -0.9422 -0.1746 0.2858
vn -0.9292 0.2390 0.2819
vn -0.7271 0.6501 0.2206
vn -0.2623 0.9617 0.0796
vn 0.3521 0.9299 -0.1068
vn 0.7740 0.5880 -0.2348
vn 0.9422 0.1746 -0.2858
vn 0.8560 -0.2390 -0.4584
vn 0.6638 -0.6494 -0.3711
vn 0.2280 -0.9602 -0.1613
vn -0.3367 -0.9305 0.1446
vn -0.7180 -0.5885 0.3716
vn -0.8676 -0.1745 0.4657
vn -0.8581 0.2391 0.4544
vn -0.6807 0.6511 0.3358
vn -0.2586 0.9619 0.0887
vn 0.3062 0.9274 -0.2151
vn 0.7022 0.5867 -0.4034
vn 0.8661 0.1745 -0.4684
vn 0.6615 -0.0043 -0.7499
vn 0.1365 -0.0169 -0.9905
vn -0.2936 -0.0235 -0.9556
vn -0.6314 -0.0235 -0.7751
vn -0.8994 -0.0169 -0.4368
vn -0.9911 -0.0043 0.1334
vn -0.6577 0.0000 0.7533
vn -0.1163 -0.0110 0.9931
vn 0.3042 -0.0236 0.9523
vn 0.6228 -0.0236 0.7820
vn 0.8904 -0.0110 0.4551
vn 0.9917 0.0000 -0.1283
vn 0.7299 0.0000 -0.6836
vn 0.2903 0.0000 -0.9569
vn -0.2271 0.0000 -0.9739
vn -0.6836 0.0000 -0.7299
vn -0.9569 0.0000 -0.2903
vn -0.9739 0.0000 0.2271
vn -0.7299 0.0000 0.6836
vn -0.2903 0.0000 0.9569
vn 0.2271 0.0000 0.9739
vn 0.6836 0.0000 0.7299
vn 0.9569 0.0000 0.2903
vn 0.9739 0.0000 -0.2271
vn 0.2903 0.0088 -0.9569
vn -0.2270 0.0202 -0.9737
vn -0.6835 0.0202 -0.7297
vn -0.9569 0.0088 -0.2903
vn -0.7299 0.0035 0.6836
vn -0.2902 0.0169 0.9568
vn 0.2270 0.0270 0.9735
vn 0.6833 0.0270 0.7296
vn 0.9568 0.0169 0.2902
vn 0.9739 0.0035 -0.2271
vn 0.8434 0.2843 -0.4559
vn 0.5838 0.7372 -0.3402
vn 0.1932 0.9703 -0.1458
vn -0.2298 0.9701 0.0779
vn -0.6082 0.7367 0.2956
vn -0.8487 0.2831 0.4467
vn -0.8450 -0.2884 0.4504
vn -0.5894 -0.7527 0.2933
vn -0.2178 -0.9735 0.0695
vn 0.1819 -0.9735 -0.1387
vn 0.5757 -0.7509 -0.3235
vn 0.8462 -0.2859 -0.4497
vn 0.9292 0.2390 -0.2819
vn 0.7271 0.6501 -0.2206
vn 0.2623 0.9617 -0.0796
vn -0.3521 0.9299 0.1068
vn -0.7740 0.5880 0.2348
vn -0.9422 0.1746 0.2858
vn -0.9292 -0.2390 0.2819
vn -0.7271 -0.6501 0.2206
vn -0.2623 -0.9617 0.0796
vn 0.3521 -0.9299 -0.1068
vn 0.7740 -0.5880 -0.2348
vn 0.9422 -0.1746 -0.2858
vn 0.9664 0.2390 -0.0944
vn 0.7581 0.6494 -0.0602
vn 0.2792 0.9602 0.0074
vn -0.3603 0.9304 0.0668
vn -0.8035 0.5885 0.0899
vn -0.9801 0.1745 0.0948
vn -0.9660 -0.2391 0.0989
vn -0.7525 -0.6511 0.0990
vn -0.2643 -0.9619 0.0699
vn 0.3741 -0.9274 0.0088
vn 0.8080 -0.5867 -0.0547
vn 0.9804 -0.1745 -0.0918
vn 0.9667 0.0043 0.2560
vn 0.6638 0.0169 0.7477
vn 0.2868 0.0235 0.9577
vn -0.0944 0.0235 0.9953
vn -0.5051 0.0169 0.8629
vn -0.8981 0.0043 0.4397
vn -0.9653 -0.0000 -0.2610
vn -0.6485 0.0110 -0.7612
vn -0.2762 0.0236 -0.9608
vn 0.0834 0.0236 -0.9962
vn 0.4875 0.0110 -0.8730
vn 0.8959 -0.0000 -0.4443
vn 0.9866 0.0000 0.1629
vn 0.7730 0.0000 0.6344
vn 0.3522 0.0000 0.9359
vn -0.1629 0.0000 0.9866
vn -0.6344 0.0000 0.7730
vn -0.9359 -0.0000 0.3522
vn -0.9866 0.0000 -0.1629
vn -0.7730 0.0000 -0.6344
vn -0.3523 0.0000 -0.9359
vn 0.1629 0.0000 -0.9866
vn 0.6344 0.0000 -0.7730
vn 0.9359 -0.0000 -0.3522
vn -0.9659 0.0000 0.2588
vn -0.7071 0.0000 0.7071
vn -0.2588 0.0000 0.9659
vn 0.2588 0.0000 0.9659
vn 0.7071 0.0000 0.7071
vn 0.9659 0.0000 0.2588
vn 0.9659 0.0000 -0.2588
vn 0.7071 0.0000 -0.7071
vn 0.2588 0.0000 -0.9659
vn -0.2588 0.0000 -0.9659
vn -0.7071 0.0000 -0.7071
vn -0.9659 0.0000 -0.2588
vn 0.9347 0.2077 0.2884
vn 0.7425 0.6209 0.2513
vn 0.2933 0.9464 0.1355
vn -0.3191 0.9464 -0.0503
vn -0.7570 0.6209 -0.2035
vn -0.9374 0.2077 -0.2795
vn -0.9361 -0.2077 -0.2840
vn -0.7537 -0.6211 -0.2152
vn -0.3159 -0.9468 -0.0613
vn 0.2968 -0.9468 0.1245
vn 0.7462 -0.6210 0.2398
vn 0.9361 -0.2077 0.2840
vn 0.9977 0.0000 -0.0676
vn 0.7845 -0.0110 -0.6200
vn 0.4583 -0.0236 -0.8885
vn 0.1125 -0.0236 -0.9934
vn -0.3078 -0.0110 -0.9514
vn -0.7920 0.0000 -0.6105
vn -0.9980 -0.0043 0.0625
vn -0.7969 -0.0169 0.6039
vn -0.4681 -0.0235 0.8834
vn -0.1015 -0.0235 0.9946
vn 0.3271 -0.0169 0.9448
vn 0.7951 -0.0043 0.6065
vn 0.9995 0.0000 0.0327
vn 0.8819 0.0000 -0.4714
vn 0.5281 0.0000 -0.8492
vn 0.0327 0.0000 -0.9995
vn -0.4714 0.0000 -0.8819
vn -0.8492 0.0000 -0.5281
vn -0.9995 0.0000 -0.0327
vn -0.8819 0.0000 0.4714
vn -0.5281 0.0000 0.8492
vn -0.0327 0.0000 0.9995
vn 0.4714 0.0000 0.8819
vn 0.8492 0.0000 0.5281
vn 0.9995 0.0022 0.0327
vn 0.8818 0.0134 -0.4714
vn 0.5279 0.0227 -0.8490
vn 0.0327 0.0164 -0.9993
vn -0.4714 0.0045 -0.8819
vn -0.8492 -0.0003 -0.5281
vn -0.9994 0.0079 -0.0327
vn -0.8817 0.0219 0.4713
vn -0.5279 0.0273 0.8489
vn -0.0327 0.0246 0.9992
vn 0.4714 0.0114 0.8819
vn 0.8492 0.0006 0.5281
vn 0.7816 0.4759 0.4032
vn 0.4765 0.8517 0.2181
vn 0.0714 0.9974 -0.0061
vn -0.3473 0.9101 -0.2260
vn -0.7033 0.5901 -0.3964
vn -0.8791 0.0725 -0.4710
vn -0.7687 -0.4862 -0.4156
vn -0.4312 -0.8640 -0.2600
vn -0.0288 -0.9974 -0.0655
vn 0.3618 -0.9189 0.1573
vn 0.7071 -0.6038 0.3682
vn 0.8793 -0.0728 0.4707
vn -0.9659 0.0018 0.2588
vn -0.7071 0.0009 0.7071
vn -0.2588 0.0127 0.9658
vn 0.2587 0.0258 0.9656
vn 0.7068 0.0282 0.7068
vn 0.9657 0.0217 0.2588
vn 0.9659 0.0073 -0.2588
vn 0.7071 -0.0004 -0.7071
vn 0.2588 0.0053 -0.9659
vn -0.2588 0.0175 -0.9658
vn -0.7069 0.0229 -0.7069
vn -0.9658 0.0130 -0.2588
vn -0.7057 0.4407 0.5547
vn -0.7676 -0.1087 0.6316
vn -0.6084 -0.6344 0.4769
vn -0.3143 -0.9319 0.1809
vn 0.0132 -0.9935 -0.1129
vn 0.3761 -0.8516 -0.3652
vn 0.6843 -0.4563 -0.5688
vn 0.7668 0.1076 -0.6328
vn 0.5918 0.6107 -0.5262
vn 0.2645 0.9188 -0.2929
vn -0.1112 0.9938 0.0092
vn -0.4619 0.8296 0.3137
vn -0.9658 -0.0128 -0.2588
vn -0.7069 -0.0225 -0.7069
vn -0.2588 -0.0172 -0.9658
vn 0.2588 -0.0052 -0.9659
vn 0.7071 0.0004 -0.7071
vn 0.9659 -0.0072 -0.2588
vn 0.9657 -0.0213 0.2588
vn 0.7068 -0.0277 0.7068
vn 0.2587 -0.0253 0.9656
vn -0.2588 -0.0125 0.9659
vn -0.7071 -0.0009 0.7071
vn -0.9659 -0.0017 0.2588
vn -0.4619 -0.8296 0.3137
vn -0.1112 -0.9938 0.0092
vn 0.2645 -0.9188 -0.2929
vn 0.5918 -0.6107 -0.5262
vn 0.7668 -0.1077 -0.6328
vn 0.6843 0.4563 -0.5688
vn 0.3761 0.8516 -0.3652
vn 0.0132 0.9935 -0.1129
vn -0.3143 0.9319 0.1809
vn -0.6084 0.6344 0.4769
vn -0.7676 0.1087 0.6316
vn -0.7057 -0.4407 0.5547
vn -0.9361 0.2077 -0.2840
vn -0.7500 0.6211 -0.2275
vn -0.3065 0.9473 -0.0930
vn 0.3065 0.9473 0.0930
vn 0.7500 0.6211 0.2275
vn 0.9361 0.2077 0.2840
vn 0.7500 -0.6211 0.2275
vn 0.3065 -0.9473 0.0930
vn -0.3065 -0.9473 -0.0930
vn -0.7500 -0.6211 -0.2275
vn -0.8627 0.2077 -0.4611
vn -0.6912 0.6211 -0.3694
vn -0.2825 0.9473 -0.1510
vn 0.2825 0.9473 0.1510
vn 0.6912 0.6211 0.3694
vn 0.8627 0.2077 0.4611
vn 0.8627 -0.2077 0.4611
vn 0.6912 -0.6211 0.3694
vn 0.2825 -0.9473 0.1510
vn -0.2825 -0.9473 -0.1510
vn -0.6912 -0.6211 -0.3694
vn -0.8627 -0.2077 -0.4611
vn -0.9924 -0.0084 -0.1230
vn -0.6780 0.0006 -0.7351
vn -0.0821 -0.0068 -0.9966
vn 0.3773 -0.0204 -0.9259
vn 0.6843 -0.0261 -0.7287
vn 0.9104 -0.0155 -0.4133
vn 0.9938 -0.0023 0.1116
vn 0.6786 -0.0012 0.7345
vn 0.1000 -0.0133 0.9949
vn -0.3618 -0.0226 0.9320
vn -0.6876 -0.0237 0.7257
vn -0.9186 -0.0201 0.3946
vn -0.7337 -0.3041 -0.6077
vn -0.7696 0.1096 -0.6291
vn -0.6828 0.5250 -0.5081
vn -0.4031 0.8892 -0.2162
vn 0.0823 0.9790 0.1863
vn 0.4999 0.7058 0.5020
vn 0.7222 0.3035 0.6216
vn 0.7695 -0.1096 0.6292
vn 0.6549 -0.5236 0.5450
vn 0.3342 -0.8875 0.3172
vn -0.1620 -0.9844 -0.0686
vn -0.5534 -0.7121 -0.4322
vn -0.8398 -0.3053 -0.4489
vn -0.7517 0.5230 -0.4018
vn -0.4040 0.8889 -0.2160
vn 0.1525 0.9849 0.0815
vn 0.6193 0.7119 0.3311
vn 0.8767 -0.1085 0.4686
vn 0.7517 -0.5230 0.4018
vn 0.4040 -0.8889 0.2159
vn -0.1525 -0.9849 -0.0815
vn -0.6193 -0.7119 -0.3310
vn -0.4384 0.8889 0.1330
vn 0.8157 -0.5230 -0.2474
vn 0.4383 -0.8889 -0.1330
vn -0.8399 -0.3052 0.4489
vn -0.7516 0.5232 0.4018
vn -0.4035 0.8892 0.2157
vn 0.1532 0.9848 -0.0819
vn 0.6196 0.7116 -0.3312
vn 0.8767 -0.1086 -0.4686
vn 0.7516 -0.5232 -0.4017
vn 0.4035 -0.8892 -0.2156
vn -0.1532 -0.9848 0.0818
vn -0.6196 -0.7116 0.3311
vn -0.7009 -0.4426 0.5592
vn -0.7694 0.1104 0.6291
vn -0.6147 0.6386 0.4630
vn -0.3246 0.9319 0.1617
vn -0.0040 0.9913 -0.1317
vn 0.3697 0.8516 -0.3716
vn 0.6825 0.4558 -0.5713
vn 0.7694 -0.1104 -0.6292
vn 0.5973 -0.6139 -0.5161
vn 0.2730 -0.9206 -0.2792
vn -0.0973 -0.9949 0.0248
vn -0.4531 -0.8313 0.3219
vn -0.9933 -0.0000 0.1159
vn -0.6779 -0.0000 0.7352
vn -0.0902 -0.0002 0.9959
vn 0.3689 -0.0003 0.9295
vn 0.6865 -0.0003 0.7272
vn 0.9149 -0.0002 0.4036
vn 0.9932 -0.0001 -0.1160
vn 0.6778 0.0000 -0.7352
vn 0.0901 -0.0001 -0.9959
vn -0.3690 -0.0002 -0.9294
vn -0.6864 -0.0002 -0.7272
vn -0.9148 -0.0001 -0.4038
vn -0.7356 0.3042 0.6053
vn -0.7688 -0.1096 0.6300
vn -0.6793 -0.5251 0.5126
vn -0.3974 -0.8898 0.2242
vn 0.0887 -0.9801 -0.1778
vn 0.5048 -0.7065 -0.4960
vn 0.7243 -0.3036 -0.6191
vn 0.7688 0.1096 -0.6300
vn 0.6516 0.5234 -0.5490
vn 0.3289 0.8871 -0.3240
vn -0.1676 0.9840 0.0610
vn -0.5576 0.7121 0.4266
vn -0.7514 -0.5236 0.4016
vn -0.4033 -0.8893 0.2156
vn 0.1533 -0.9848 -0.0820
vn 0.6198 -0.7113 -0.3313
vn 0.7514 0.5236 -0.4016
vn 0.4033 0.8893 -0.2155
vn -0.1533 0.9848 0.0820
vn -0.6199 0.7114 0.3313
vn -0.6726 0.7114 0.2040
vn -0.4551 -0.8893 0.0448
vn -0.6995 0.7113 0.0689
vn 0.4550 0.8893 0.0448
vn -0.6995 0.7114 -0.0689
vn -0.7513 -0.5237 -0.4016
vn -0.4031 -0.8895 -0.2154
vn 0.1536 -0.9847 0.0821
vn 0.6199 -0.7112 0.3314
vn 0.7513 0.5237 0.4016
vn 0.4031 0.8895 0.2154
vn -0.1536 0.9847 -0.0821
vn -0.6200 0.7112 -0.3314
vn -0.7180 0.3749 -0.5865
vn -0.7631 -0.1940 -0.6164
vn -0.5980 -0.6717 -0.4373
vn -0.2896 -0.9454 -0.1496
vn 0.0868 -0.9836 0.1584
vn 0.4482 -0.7829 0.4316
vn 0.7110 -0.3636 0.6019
vn 0.7619 0.1952 0.6175
vn 0.5471 0.6952 0.4662
vn 0.1909 0.9552 0.2260
vn -0.1619 0.9860 -0.0391
vn -0.4773 0.8080 -0.3454
vn -0.3984 0.0000 -0.9172
vn -0.9076 0.0001 -0.4198
vn -0.9813 0.0005 0.1926
vn -0.8033 0.0007 0.5956
vn -0.5320 0.0008 0.8468
vn -0.1515 0.0006 0.9885
vn 0.3986 0.0002 0.9171
vn 0.9077 -0.0000 0.4197
vn 0.9812 0.0003 -0.1932
vn 0.8030 0.0008 -0.5960
vn 0.5322 0.0009 -0.8466
vn 0.1522 0.0005 -0.9884
vn -0.7232 -0.3764 -0.5791
vn -0.5137 -0.0007 -0.8579
vn -0.8739 -0.0021 -0.4861
vn -0.9998 -0.0151 0.0159
vn -0.8576 -0.0270 0.5135
vn -0.4860 -0.0282 0.8735
vn 0.0159 -0.0197 0.9997
vn 0.5137 -0.0053 0.8579
vn 0.8739 0.0004 0.4861
vn 0.9998 -0.0071 -0.0159
vn 0.8578 -0.0193 -0.5136
vn 0.4860 -0.0220 -0.8737
vn -0.0159 -0.0110 -0.9998
vn -0.4092 0.0063 -0.9124
vn -0.9062 -0.0005 -0.4228
vn -0.9809 0.0088 0.1942
vn -0.8005 0.0220 0.5989
vn -0.5340 0.0249 0.8451
vn -0.1552 0.0133 0.9878
vn 0.4018 0.0010 0.9157
vn 0.9051 0.0026 0.4252
vn 0.9844 0.0151 -0.1752
vn 0.8088 0.0231 -0.5876
vn 0.5275 0.0236 -0.8493
vn 0.1348 0.0185 -0.9907
vn -0.7173 0.3727 -0.5887
vn -0.7575 -0.1994 -0.6217
vn -0.9417 0.0007 -0.3365
vn -0.6473 0.0021 -0.7622
vn -0.1794 0.0150 -0.9837
vn 0.3364 0.0269 -0.9413
vn 0.7619 0.0281 -0.6470
vn 0.9836 0.0196 -0.1794
vn 0.9417 0.0053 0.3365
vn 0.6473 -0.0004 0.7622
vn 0.1794 0.0071 0.9837
vn -0.3364 0.0192 0.9415
vn -0.7621 0.0219 0.6471
vn -0.9837 0.0110 0.1794
vn 0.7623 0.0000 -0.6473
vn -0.9920 -0.0084 -0.1259
vn -0.6786 0.0006 -0.7345
vn -0.0854 -0.0067 -0.9963
vn 0.3755 -0.0204 -0.9266
vn 0.6847 -0.0262 -0.7284
vn 0.9116 -0.0155 -0.4109
vn 0.9934 -0.0023 0.1146
vn 0.6792 -0.0012 0.7339
vn 0.1031 -0.0133 0.9946
vn -0.3601 -0.0226 0.9326
vn -0.6879 -0.0237 0.7254
vn -0.9197 -0.0201 0.3922
vn -0.4423 -0.0017 -0.8969
vn -0.8315 -0.0009 -0.5556
vn -0.9978 -0.0124 -0.0654
vn -0.8966 -0.0251 0.4421
vn -0.5554 -0.0274 0.8312
vn -0.0654 -0.0212 0.9976
vn 0.4423 -0.0071 0.8969
vn 0.8315 0.0004 0.5556
vn 0.9978 -0.0051 0.0654
vn 0.8967 -0.0171 -0.4422
vn 0.5554 -0.0224 -0.8313
vn 0.0654 -0.0127 -0.9978
vn -0.2782 0.0067 -0.9605
vn -0.8089 -0.0006 -0.5880
vn -0.9975 0.0083 0.0701
vn -0.8254 0.0199 0.5642
vn -0.5331 0.0236 0.8457
vn -0.1713 0.0224 0.9850
vn 0.2951 0.0132 0.9554
vn 0.8093 0.0012 0.5873
vn 0.9967 0.0023 -0.0813
vn 0.8139 0.0154 -0.5807
vn 0.5294 0.0260 -0.8480
vn 0.1875 0.0203 -0.9821
vn -0.7587 -0.5247 -0.3861
vn -0.8766 -0.1096 -0.4686
vn -0.8403 0.3042 -0.4487
vn -0.6274 0.7117 -0.3159
vn -0.1693 0.9845 -0.0449
vn 0.3910 0.8881 0.2418
vn 0.7473 0.5236 0.4092
vn 0.8766 0.1096 0.4686
vn 0.8356 -0.3039 0.4576
vn 0.6060 -0.7090 0.3606
vn 0.1378 -0.9831 0.1204
vn -0.4185 -0.8905 -0.1786
vn -0.7509 -0.5244 0.4014
vn -0.8402 0.3041 0.4490
vn -0.6207 0.7105 0.3316
vn -0.1552 0.9844 0.0828
vn 0.4019 0.8901 -0.2147
vn 0.7510 0.5244 -0.4013
vn 0.8401 -0.3041 -0.4491
vn 0.6206 -0.7105 -0.3318
vn 0.1551 -0.9844 -0.0829
vn -0.4019 -0.8902 0.2148
vn -0.6080 -0.6697 0.4264
vn -0.7658 -0.1947 0.6128
vn -0.7141 0.3694 0.5947
vn -0.4694 0.8042 0.3647
vn -0.1492 0.9870 0.0606
vn 0.2065 0.9559 -0.2088
vn 0.5588 0.6935 -0.4548
vn 0.7646 0.1960 -0.6140
vn 0.7075 -0.3587 -0.6089
vn 0.4410 -0.7782 -0.4472
vn 0.0758 -0.9813 -0.1768
vn -0.3024 -0.9438 0.1336
vn -0.9800 0.0011 -0.1988
vn -0.9099 0.0002 0.4149
vn -0.3975 0.0001 0.9176
vn 0.1546 0.0011 0.9880
vn 0.5320 0.0021 0.8467
vn 0.8004 0.0019 0.5994
vn 0.9797 0.0007 0.2003
vn 0.9100 -0.0000 -0.4147
vn 0.3981 0.0005 -0.9173
vn -0.1530 0.0014 -0.9882
vn -0.5315 0.0017 -0.8471
vn -0.8011 0.0017 -0.5985
vn -0.6487 0.5257 0.5503
vn -0.7621 0.1112 0.6379
vn -0.7541 -0.3025 0.5830
vn -0.5987 -0.7092 0.3722
vn -0.2144 -0.9767 -0.0004
vn 0.2739 -0.8788 -0.3907
vn 0.6152 -0.5216 -0.5912
vn 0.7611 -0.1111 -0.6390
vn 0.7448 0.3024 -0.5949
vn 0.5497 0.7087 -0.4422
vn 0.1326 0.9835 -0.1234
vn -0.3508 0.8919 0.2855
vn -0.7484 0.5290 0.3999
vn -0.8415 -0.2991 0.4499
vn -0.6242 -0.7063 0.3339
vn -0.1608 -0.9832 0.0861
vn 0.3968 -0.8930 -0.2123
vn 0.7483 -0.5290 -0.4002
vn 0.8416 0.2991 -0.4498
vn 0.6243 0.7063 -0.3336
vn 0.1609 0.9832 -0.0861
vn -0.3969 0.8930 0.2121
vn 0.4307 -0.8930 -0.1306
vn 0.1815 0.9832 -0.0179
vn 0.4306 -0.8930 0.1306
vn -0.4306 0.8930 -0.1306
vn -0.7488 0.5285 -0.4000
vn -0.8414 -0.2994 -0.4498
vn -0.6234 -0.7073 -0.3333
vn -0.1587 -0.9837 -0.0847
vn 0.3984 -0.8921 0.2130
vn 0.7486 -0.5285 0.4003
vn 0.8415 0.2994 0.4497
vn 0.6235 0.7073 0.3331
vn 0.1587 0.9837 0.0847
vn -0.3986 0.8921 -0.2128
vn -0.6387 0.5263 -0.5613
vn -0.7639 0.1110 -0.6358
vn -0.7459 -0.3043 -0.5925
vn -0.5664 -0.7110 -0.4168
vn -0.1683 -0.9832 -0.0711
vn 0.3209 -0.8900 0.3238
vn 0.6398 -0.5263 0.5600
vn 0.7651 -0.1110 0.6343
vn 0.7468 0.3042 0.5914
vn 0.5667 0.7109 0.4165
vn 0.1683 0.9832 0.0711
vn -0.3205 0.8900 -0.3243
vn 0.9538 0.2834 0.0998
vn 0.6698 0.7368 0.0918
vn 0.2343 0.9702 0.0619
vn -0.2419 0.9702 0.0150
vn -0.6749 0.7368 -0.0407
vn -0.9550 0.2833 -0.0882
vn -0.9531 -0.2876 -0.0939
vn -0.6575 -0.7520 -0.0478
vn -0.2281 -0.9735 0.0169
vn 0.2204 -0.9735 0.0611
vn 0.6541 -0.7520 0.0814
vn 0.9531 -0.2876 0.0939
vn 0.6344 0.0088 0.7730
vn 0.1629 0.0202 0.9864
vn -0.3522 0.0202 0.9357
vn -0.7730 0.0088 0.6344
vn -0.9359 0.0035 -0.3523
vn -0.6343 0.0169 -0.7729
vn -0.1628 0.0270 -0.9863
vn 0.3521 0.0270 -0.9356
vn 0.7729 0.0169 -0.6343
vn 0.9866 0.0035 -0.1629
vn -0.3522 0.0000 0.9359
vn 0.8981 -0.0043 0.4397
vn 0.5051 -0.0169 0.8629
vn 0.0944 -0.0235 0.9953
vn -0.2868 -0.0235 0.9577
vn -0.6638 -0.0169 0.7477
vn -0.9667 -0.0043 0.2560
vn -0.4875 -0.0110 -0.8730
vn -0.0834 -0.0236 -0.9962
vn 0.2762 -0.0236 -0.9608
vn 0.6485 -0.0110 -0.7612
vn 0.9663 -0.2390 0.0960
vn 0.7553 -0.6494 0.0888
vn 0.2724 -0.9602 0.0617
vn -0.3664 -0.9304 -0.0047
vn -0.8056 -0.5885 -0.0686
vn -0.9797 -0.1745 -0.0982
vn -0.9667 0.2391 -0.0915
vn -0.7573 0.6511 -0.0497
vn -0.2728 0.9619 0.0170
vn 0.3652 0.9274 0.0816
vn 0.8031 0.5867 0.1040
vn 0.9794 0.1745 0.1013
vn 0.8434 -0.2843 -0.4559
vn 0.5838 -0.7372 -0.3402
vn 0.1932 -0.9703 -0.1458
vn -0.2298 -0.9701 0.0779
vn -0.6082 -0.7367 0.2955
vn -0.8487 -0.2831 0.4467
vn -0.8450 0.2884 0.4504
vn -0.5894 0.7527 0.2933
vn -0.2179 0.9735 0.0695
vn 0.1819 0.9735 -0.1387
vn 0.5757 0.7509 -0.3235
vn 0.8462 0.2859 -0.4497
vn 0.2903 -0.0088 -0.9569
vn -0.2270 -0.0202 -0.9737
vn -0.6835 -0.0202 -0.7297
vn -0.9569 -0.0088 -0.2903
vn -0.7299 -0.0035 0.6836
vn -0.2902 -0.0169 0.9568
vn 0.2270 -0.0270 0.9735
vn 0.6833 -0.0270 0.7296
vn 0.9568 -0.0169 0.2902
vn 0.9739 -0.0035 -0.2271
vn 0.6615 0.0043 -0.7499
vn 0.1365 0.0169 -0.9905
vn -0.2936 0.0235 -0.9556
vn -0.6315 0.0235 -0.7751
vn -0.8994 0.0169 -0.4368
vn -0.9911 0.0043 0.1334
vn -0.1163 0.0110 0.9932
vn 0.3042 0.0236 0.9523
vn 0.6228 0.0236 0.7820
vn 0.8904 0.0110 0.4551
vn 0.8560 0.2390 -0.4584
vn 0.6638 0.6494 -0.3711
vn 0.2280 0.9602 -0.1613
vn -0.3367 0.9304 0.1446
vn -0.7180 0.5885 0.3716
vn -0.8676 0.1745 0.4657
vn -0.8581 -0.2391 0.4544
vn -0.6807 -0.6511 0.3358
vn -0.2586 -0.9619 0.0887
vn 0.3062 -0.9274 -0.2151
vn 0.7022 -0.5867 -0.4034
vn 0.8661 -0.1745 -0.4684
vn 0.9546 0.2843 -0.0894
vn 0.6744 0.7372 -0.0415
vn 0.2416 0.9703 0.0139
vn -0.2344 0.9701 0.0629
vn -0.6699 0.7367 0.0922
vn -0.9538 0.2831 0.1001
vn -0.9528 -0.2884 0.0950
vn -0.6530 -0.7527 0.0836
vn -0.2198 -0.9735 0.0632
vn 0.2283 -0.9735 0.0143
vn 0.6584 -0.7509 -0.0509
vn 0.9534 -0.2859 -0.0962
vn 0.7730 0.0088 0.6344
vn 0.3522 0.0202 0.9357
vn -0.1629 0.0202 0.9864
vn -0.6344 0.0088 0.7730
vn -0.9866 0.0035 -0.1629
vn -0.7729 0.0169 -0.6343
vn -0.3521 0.0270 -0.9356
vn 0.1628 0.0270 -0.9863
vn 0.6343 0.0169 -0.7729
vn 0.9359 0.0035 -0.3522
vn 0.9165 0.2876 0.2780
vn 0.6257 0.7520 0.2075
vn 0.2042 0.9735 0.1029
vn -0.2270 0.9735 -0.0279
vn -0.6355 0.7520 -0.1751
vn -0.9165 0.2876 -0.2780
vn -0.9194 -0.2833 -0.2728
vn -0.6540 -0.7368 -0.1715
vn -0.2402 -0.9702 -0.0325
vn 0.2177 -0.9702 0.1065
vn 0.6390 -0.7368 0.2207
vn 0.9160 -0.2833 0.2840
vn 0.9995 -0.0035 0.0327
vn 0.8818 -0.0169 -0.4713
vn 0.5279 -0.0270 -0.8489
vn 0.0327 -0.0270 -0.9991
vn -0.4713 -0.0169 -0.8818
vn -0.8492 -0.0035 -0.5281
vn -0.8819 -0.0088 0.4714
vn -0.5280 -0.0202 0.8490
vn -0.0327 -0.0202 0.9993
vn 0.4714 -0.0088 0.8819
vn 0.9941 0.0091 -0.1085
vn 0.8093 0.0204 -0.5870
vn 0.5128 0.0235 -0.8582
vn 0.1456 0.0221 -0.9891
vn -0.3280 0.0124 -0.9446
vn -0.8352 0.0007 -0.5500
vn -0.9927 0.0029 0.1209
vn -0.7976 0.0163 0.6030
vn -0.5102 0.0264 0.8596
vn -0.1627 0.0195 0.9865
vn 0.3121 0.0059 0.9500
vn 0.8350 -0.0005 0.5503
vn 0.8228 0.3640 0.4364
vn 0.5781 0.7644 0.2856
vn 0.0904 0.9959 0.0055
vn -0.4536 0.8488 -0.2718
vn -0.7764 0.4680 -0.4222
vn -0.8809 0.0519 -0.4704
vn -0.8162 -0.3640 -0.4487
vn -0.5522 -0.7641 -0.3335
vn -0.0510 -0.9955 -0.0792
vn 0.4840 -0.8484 0.2144
vn 0.7869 -0.4679 0.4023
vn 0.8811 -0.0519 0.4701
vn -0.9920 0.0085 0.1260
vn -0.6786 -0.0006 0.7345
vn -0.0853 0.0069 0.9963
vn 0.3757 0.0208 0.9265
vn 0.6846 0.0267 0.7284
vn 0.9115 0.0158 0.4110
vn 0.9934 0.0024 -0.1146
vn 0.6792 0.0012 -0.7339
vn 0.1033 0.0135 -0.9946
vn -0.3600 0.0229 -0.9327
vn -0.6879 0.0241 -0.7254
vn -0.9197 0.0204 -0.3920
vn -0.7300 0.3380 0.5940
vn -0.7720 -0.0778 0.6308
vn -0.6919 -0.4936 0.5270
vn -0.4290 -0.8658 0.2575
vn 0.0420 -0.9889 -0.1425
vn 0.4802 -0.7405 -0.4702
vn 0.7164 -0.3379 -0.6104
vn 0.7713 0.0778 -0.6317
vn 0.6644 0.4938 -0.5610
vn 0.3550 0.8673 -0.3490
vn -0.1334 0.9906 0.0314
vn -0.5384 0.7414 0.4007
vn -0.9197 -0.0201 -0.3922
vn -0.6879 -0.0237 -0.7254
vn -0.3601 -0.0226 -0.9326
vn 0.1031 -0.0133 -0.9946
vn 0.6792 -0.0012 -0.7339
vn 0.9934 -0.0023 -0.1146
vn 0.9116 -0.0155 0.4109
vn 0.6847 -0.0262 0.7284
vn 0.3755 -0.0204 0.9266
vn -0.0854 -0.0067 0.9963
vn -0.6786 0.0006 0.7345
vn -0.9920 -0.0084 0.1259
vn -0.5384 -0.7414 0.4007
vn -0.1334 -0.9906 0.0315
vn 0.3550 -0.8673 -0.3490
vn 0.6644 -0.4938 -0.5610
vn 0.7713 -0.0778 -0.6317
vn 0.7164 0.3379 -0.6104
vn 0.4802 0.7405 -0.4702
vn 0.0420 0.9889 -0.1425
vn -0.4290 0.8658 0.2575
vn -0.6919 0.4936 0.5270
vn -0.7720 0.0778 0.6308
vn -0.7300 -0.3379 0.5940
vn -0.6912 0.6211 -0.3695
usemtl None
s off
f 1911/2573/721 1910/2574/721 1899/2575/721
f 1912/2576/722 1899/2577/722 1900/2578/722
f 1913/2579/723 1900/2578/723 1901/2580/723
f 1914/2581/724 1901/2580/724 1902/2582/724
f 1903/2583/725 1914/2581/725 1902/2582/725
f 1904/2584/726 1915/2585/726 1903/2583/726
f 1905/2586/727 1916/2587/727 1904/2584/727
f 1906/2588/728 1917/2589/728 1905/2586/728
f 1907/2590/729 1918/2591/729 1906/2588/729
f 1908/2592/730 1919/2593/730 1907/2590/730
f 1921/2594/731 1908/2592/731 1909/2595/731
f 1922/2596/732 1909/2595/732 1910/2574/732
f 1911/2573/733 1934/2597/733 1922/2596/733
f 1912/2576/734 1923/2598/734 1911/2599/734
f 1913/2579/735 1924/2600/735 1912/2576/735
f 1914/2581/736 1925/2601/736 1913/2579/736
f 1915/2585/737 1926/2602/737 1914/2581/737
f 1928/2603/738 1915/2585/738 1916/2587/738
f 1929/2604/739 1916/2587/739 1917/2589/739
f 1930/2605/740 1917/2589/740 1918/2591/740
f 1931/2606/741 1918/2591/741 1919/2593/741
f 1932/2607/742 1919/2593/742 1920/2608/742
f 1933/2609/743 1920/2608/743 1921/2594/743
f 1922/2596/744 1933/2609/744 1921/2594/744
f 1935/2610/745 1934/2597/745 1923/2611/745
f 1936/2612/746 1923/2598/746 1924/2600/746
f 1937/2613/747 1924/2600/747 1925/2601/747
f 1938/2614/748 1925/2601/748 1926/2602/748
f 1927/2615/749 1938/2614/749 1926/2602/749
f 1928/2603/750 1939/2616/750 1927/2615/750
f 1929/2604/751 1940/2617/751 1928/2603/751
f 1930/2605/752 1941/2618/752 1929/2604/752
f 1931/2606/753 1942/2619/753 1930/2605/753
f 1932/2607/754 1943/2620/754 1931/2606/754
f 1945/2621/755 1932/2607/755 1933/2609/755
f 1946/2622/756 1933/2609/756 1934/2597/756
f 1947/2623/757 1946/2622/757 1935/2610/757
f 1948/2624/758 1935/2625/758 1936/2612/758
f 1949/2626/759 1936/2612/759 1937/2613/759
f 1950/2627/760 1937/2613/760 1938/2614/760
f 1951/2628/761 1938/2614/761 1939/2616/761
f 1952/2629/762 1939/2616/762 1940/2617/762
f 1941/2618/763 1952/2629/763 1940/2617/763
f 1954/2630/764 1941/2618/764 1942/2619/764
f 1955/2631/765 1942/2619/765 1943/2620/765
f 1956/2632/766 1943/2620/766 1944/2633/766
f 1957/2634/767 1944/2633/767 1945/2621/767
f 1958/2635/768 1945/2621/768 1946/2622/768
f 1959/2636/769 1958/2635/769 1947/2623/769
f 1960/2637/770 1947/2638/770 1948/2624/770
f 1961/2639/771 1948/2624/771 1949/2626/771
f 1950/2627/772 1961/2639/772 1949/2626/772
f 1963/2640/773 1950/2627/773 1951/2628/773
f 1964/2641/774 1951/2628/774 1952/2629/774
f 1965/2642/775 1952/2629/775 1953/2643/775
f 1966/2644/776 1953/2643/776 1954/2630/776
f 1967/2645/777 1954/2630/777 1955/2631/777
f 1956/2632/778 1967/2645/778 1955/2631/778
f 1969/2646/779 1956/2632/779 1957/2634/779
f 1958/2635/780 1969/2646/780 1957/2634/780
f 1971/2647/781 1970/2648/781 1959/2636/781
f 1972/2649/782 1959/2650/782 1960/2637/782
f 1973/2651/783 1960/2637/783 1961/2639/783
f 1974/2652/784 1961/2639/784 1962/2653/784
f 1975/2654/785 1962/2653/785 1963/2640/785
f 1976/2655/786 1963/2640/786 1964/2641/786
f 1977/2656/787 1964/2641/787 1965/2642/787
f 1978/2657/788 1965/2642/788 1966/2644/788
f 1979/2658/789 1966/2644/789 1967/2645/789
f 1980/2659/790 1967/2645/790 1968/2660/790
f 1981/2661/791 1968/2660/791 1969/2646/791
f 1982/2662/792 1969/2646/792 1970/2648/792
f 1983/2663/793 1982/2662/793 1971/2647/793
f 1972/2649/794 1983/2664/794 1971/2665/794
f 1973/2651/795 1984/2666/795 1972/2649/795
f 1986/2667/796 1973/2651/796 1974/2652/796
f 1987/2668/797 1974/2652/797 1975/2654/797
f 1988/2669/798 1975/2654/798 1976/2655/798
f 1977/2656/799 1988/2669/799 1976/2655/799
f 1990/2670/800 1977/2656/800 1978/2657/800
f 1991/2671/801 1978/2657/801 1979/2658/801
f 1992/2672/802 1979/2658/802 1980/2659/802
f 1993/2673/803 1980/2659/803 1981/2661/803
f 1994/2674/804 1981/2661/804 1982/2662/804
f 1983/2663/805 2006/2675/805 1994/2674/805
f 1984/2666/806 1995/2676/806 1983/2664/806
f 1985/2677/807 1996/2678/807 1984/2666/807
f 1986/2667/808 1997/2679/808 1985/2677/808
f 1999/2680/809 1986/2667/809 1987/2668/809
f 2000/2681/810 1987/2668/810 1988/2669/810
f 2001/2682/811 1988/2669/811 1989/2683/811
f 2002/2684/812 1989/2683/812 1990/2670/812
f 2003/2685/813 1990/2670/813 1991/2671/813
f 2004/2686/814 1991/2671/814 1992/2672/814
f 1993/2673/815 2004/2686/815 1992/2672/815
f 1994/2674/816 2005/2687/816 1993/2673/816
f 2007/2688/817 2006/2675/817 1995/2689/817
f 2008/2690/818 1995/2676/818 1996/2678/818
f 2009/2691/819 1996/2678/819 1997/2679/819
f 2010/2692/820 1997/2679/820 1998/2693/820
f 2011/2694/821 1998/2693/821 1999/2680/821
f 2000/2681/822 2011/2694/822 1999/2680/822
f 2001/2682/823 2012/2695/823 2000/2681/823
f 2002/2684/824 2013/2696/824 2001/2682/824
f 2003/2685/825 2014/2697/825 2002/2684/825
f 2004/2686/826 2015/2698/826 2003/2685/826
f 2005/2687/827 2016/2699/827 2004/2686/827
f 2018/2700/828 2005/2687/828 2006/2675/828
f 2007/2688/829 2030/2701/829 2018/2700/829
f 2008/2690/830 2019/2702/830 2007/2703/830
f 2009/2691/831 2020/2704/831 2008/2690/831
f 2010/2692/832 2021/2705/832 2009/2691/832
f 2023/2706/833 2010/2692/833 2011/2694/833
f 2024/2707/834 2011/2694/834 2012/2695/834
f 2025/2708/835 2012/2695/835 2013/2696/835
f 2026/2709/836 2013/2696/836 2014/2697/836
f 2027/2710/837 2014/2697/837 2015/2698/837
f 2028/2711/838 2015/2698/838 2016/2699/838
f 2017/2712/839 2028/2711/839 2016/2699/839
f 2018/2700/840 2029/2713/840 2017/2712/840
f 2019/2714/841 2042/2715/841 2030/2701/841
f 2020/2704/842 2031/2716/842 2019/2702/842
f 2021/2705/843 2032/2717/843 2020/2704/843
f 2022/2718/844 2033/2719/844 2021/2705/844
f 2023/2706/845 2034/2720/845 2022/2718/845
f 2036/2721/846 2023/2706/846 2024/2707/846
f 2037/2722/847 2024/2707/847 2025/2708/847
f 2038/2723/848 2025/2708/848 2026/2709/848
f 2039/2724/849 2026/2709/849 2027/2710/849
f 2040/2725/850 2027/2710/850 2028/2711/850
f 2041/2726/851 2028/2711/851 2029/2713/851
f 2030/2701/852 2041/2726/852 2029/2713/852
f 2043/2727/853 2042/2715/853 2031/2728/853
f 2044/2729/854 2031/2716/854 2032/2717/854
f 2045/2730/855 2032/2717/855 2033/2719/855
f 2046/2731/856 2033/2719/856 2034/2720/856
f 2035/2732/857 2046/2731/857 2034/2720/857
f 2036/2721/858 2047/2733/858 2035/2732/858
f 2037/2722/859 2048/2734/859 2036/2721/859
f 2038/2723/860 2049/2735/860 2037/2722/860
f 2039/2724/861 2050/2736/861 2038/2723/861
f 2040/2725/862 2051/2737/862 2039/2724/862
f 2053/2738/863 2040/2725/863 2041/2726/863
f 2054/2739/864 2041/2726/864 2042/2715/864
f 2055/2740/865 2054/2739/865 2043/2727/865
f 2056/2741/866 2043/2742/866 2044/2729/866
f 2057/2743/867 2044/2729/867 2045/2730/867
f 2058/2744/868 2045/2730/868 2046/2731/868
f 2059/2745/869 2046/2731/869 2047/2733/869
f 2048/2734/870 2059/2745/870 2047/2733/870
f 2061/2746/871 2048/2734/871 2049/2735/871
f 2062/2747/872 2049/2735/872 2050/2736/872
f 2051/2737/873 2062/2747/873 2050/2736/873
f 2064/2748/874 2051/2737/874 2052/2749/874
f 2065/2750/875 2052/2749/875 2053/2738/875
f 2054/2739/876 2065/2750/876 2053/2738/876
f 2055/2740/877 2078/2751/877 2066/2752/877
f 2068/2753/878 2055/2754/878 2056/2741/878
f 2057/2743/879 2068/2753/879 2056/2741/879
f 2070/2755/880 2057/2743/880 2058/2744/880
f 2071/2756/881 2058/2744/881 2059/2745/881
f 2072/2757/882 2059/2745/882 2060/2758/882
f 2073/2759/883 2060/2758/883 2061/2746/883
f 2074/2760/884 2061/2746/884 2062/2747/884
f 2075/2761/885 2062/2747/885 2063/2762/885
f 2076/2763/886 2063/2762/886 2064/2748/886
f 2077/2764/887 2064/2748/887 2065/2750/887
f 2078/2751/888 2065/2750/888 2066/2752/888
f 2079/2765/889 2078/2751/889 2067/2766/889
f 2080/2767/890 2067/2768/890 2068/2753/890
f 2069/2769/891 2080/2767/891 2068/2753/891
f 2070/2755/892 2081/2770/892 2069/2769/892
f 2083/2771/893 2070/2755/893 2071/2756/893
f 2084/2772/894 2071/2756/894 2072/2757/894
f 2085/2773/895 2072/2757/895 2073/2759/895
f 2086/2774/896 2073/2759/896 2074/2760/896
f 2087/2775/897 2074/2760/897 2075/2761/897
f 2088/2776/898 2075/2761/898 2076/2763/898
f 2089/2777/899 2076/2763/899 2077/2764/899
f 2090/2778/900 2077/2764/900 2078/2751/900
f 2091/2779/901 2090/2778/901 2079/2765/901
f 2092/2780/902 2079/2781/902 2080/2767/902
f 2081/2770/903 2092/2780/903 2080/2767/903
f 2094/2782/904 2081/2770/904 2082/2783/904
f 2095/2784/905 2082/2783/905 2083/2771/905
f 2096/2785/906 2083/2771/906 2084/2772/906
f 2097/2786/907 2084/2772/907 2085/2773/907
f 2086/2774/908 2097/2786/908 2085/2773/908
f 2099/2787/909 2086/2774/909 2087/2775/909
f 2100/2788/910 2087/2775/910 2088/2776/910
f 2089/2777/911 2100/2788/911 2088/2776/911
f 2102/2789/912 2089/2777/912 2090/2778/912
f 2091/2779/913 2114/2790/913 2102/2789/913
f 2092/2780/914 2103/2791/914 2091/2792/914
f 2093/2793/915 2104/2794/915 2092/2780/915
f 2094/2782/916 2105/2795/916 2093/2793/916
f 2107/2796/917 2094/2782/917 2095/2784/917
f 2108/2797/918 2095/2784/918 2096/2785/918
f 2109/2798/919 2096/2785/919 2097/2786/919
f 2110/2799/920 2097/2786/920 2098/2800/920
f 2111/2801/921 2098/2800/921 2099/2787/921
f 2112/2802/922 2099/2787/922 2100/2788/922
f 2101/2803/923 2112/2802/923 2100/2788/923
f 2102/2789/924 2113/2804/924 2101/2803/924
f 2103/2805/925 2126/2806/925 2114/2790/925
f 2104/2794/926 2115/2807/926 2103/2791/926
f 2105/2795/927 2116/2808/927 2104/2794/927
f 2106/2809/928 2117/2810/928 2105/2795/928
f 2119/2811/929 2106/2809/929 2107/2796/929
f 2120/2812/930 2107/2796/930 2108/2797/930
f 2121/2813/931 2108/2797/931 2109/2798/931
f 2122/2814/932 2109/2798/932 2110/2799/932
f 2123/2815/933 2110/2799/933 2111/2801/933
f 2124/2816/934 2111/2801/934 2112/2802/934
f 2113/2804/935 2124/2816/935 2112/2802/935
f 2114/2790/936 2125/2817/936 2113/2804/936
f 2115/2818/937 2138/2819/937 2126/2806/937
f 2116/2808/938 2127/2820/938 2115/2807/938
f 2117/2810/939 2128/2821/939 2116/2808/939
f 2118/2822/940 2129/2823/940 2117/2810/940
f 2131/2824/941 2118/2822/941 2119/2811/941
f 2132/2825/942 2119/2811/942 2120/2812/942
f 2133/2826/943 2120/2812/943 2121/2813/943
f 2134/2827/944 2121/2813/944 2122/2814/944
f 2135/2828/945 2122/2814/945 2123/2815/945
f 2136/2829/946 2123/2815/946 2124/2816/946
f 2125/2817/947 2136/2829/947 2124/2816/947
f 2126/2806/948 2137/2830/948 2125/2817/948
f 2139/2831/949 2138/2819/949 2127/2832/949
f 2140/2833/950 2127/2820/950 2128/2821/950
f 2141/2834/951 2128/2821/951 2129/2823/951
f 2142/2835/952 2129/2823/952 2130/2836/952
f 2131/2824/953 2142/2835/953 2130/2836/953
f 2132/2825/954 2143/2837/954 2131/2824/954
f 2133/2826/955 2144/2838/955 2132/2825/955
f 2134/2827/956 2145/2839/956 2133/2826/956
f 2135/2828/957 2146/2840/957 2134/2827/957
f 2136/2829/958 2147/2841/958 2135/2828/958
f 2149/2842/959 2136/2829/959 2137/2830/959
f 2150/2843/960 2137/2830/960 2138/2819/960
f 2139/2831/961 2162/2844/961 2150/2843/961
f 2140/2833/962 2151/2845/962 2139/2846/962
f 2141/2834/963 2152/2847/963 2140/2833/963
f 2142/2835/964 2153/2848/964 2141/2834/964
f 2155/2849/965 2142/2835/965 2143/2837/965
f 2156/2850/966 2143/2837/966 2144/2838/966
f 2157/2851/967 2144/2838/967 2145/2839/967
f 2158/2852/968 2145/2839/968 2146/2840/968
f 2159/2853/969 2146/2840/969 2147/2841/969
f 2160/2854/970 2147/2841/970 2148/2855/970
f 2149/2842/971 2160/2854/971 2148/2855/971
f 2150/2843/972 2161/2856/972 2149/2842/972
f 2163/2857/973 2162/2844/973 2151/2858/973
f 2164/2859/974 2151/2845/974 2152/2847/974
f 2165/2860/975 2152/2847/975 2153/2848/975
f 2166/2861/976 2153/2848/976 2154/2862/976
f 2155/2849/977 2166/2861/977 2154/2862/977
f 2156/2850/978 2167/2863/978 2155/2849/978
f 2157/2851/979 2168/2864/979 2156/2850/979
f 2158/2852/980 2169/2865/980 2157/2851/980
f 2159/2853/981 2170/2866/981 2158/2852/981
f 2160/2854/982 2171/2867/982 2159/2853/982
f 2173/2868/983 2160/2854/983 2161/2856/983
f 2174/2869/984 2161/2856/984 2162/2844/984
f 2175/2870/985 2174/2869/985 2163/2857/985
f 2176/2871/986 2163/2872/986 2164/2859/986
f 2177/2873/987 2164/2859/987 2165/2860/987
f 2178/2874/988 2165/2860/988 2166/2861/988
f 2167/2863/989 2178/2874/989 2166/2861/989
f 2180/2875/990 2167/2863/990 2168/2864/990
f 2169/2865/991 2180/2875/991 2168/2864/991
f 2170/2866/992 2181/2876/992 2169/2865/992
f 2171/2867/993 2182/2877/993 2170/2866/993
f 2184/2878/994 2171/2867/994 2172/2879/994
f 2173/2868/995 2184/2878/995 2172/2879/995
f 2174/2869/996 2185/2880/996 2173/2868/996
f 2175/2870/997 2198/2881/997 2186/2882/997
f 2176/2871/998 2187/2883/998 2175/2884/998
f 2177/2873/999 2188/2885/999 2176/2871/999
f 2178/2874/1000 2189/2886/1000 2177/2873/1000
f 2191/2887/1001 2178/2874/1001 2179/2888/1001
f 2192/2889/1002 2179/2888/1002 2180/2875/1002
f 2193/2890/1003 2180/2875/1003 2181/2876/1003
f 2194/2891/1004 2181/2876/1004 2182/2877/1004
f 2195/2892/1005 2182/2877/1005 2183/2893/1005
f 2196/2894/1006 2183/2893/1006 2184/2878/1006
f 2185/2880/1007 2196/2894/1007 2184/2878/1007
f 2186/2882/1008 2197/2895/1008 2185/2880/1008
f 2199/2896/1009 2198/2881/1009 2187/2897/1009
f 2200/2898/1010 2187/2883/1010 2188/2885/1010
f 2201/2899/1011 2188/2885/1011 2189/2886/1011
f 2202/2900/1012 2189/2886/1012 2190/2901/1012
f 2203/2902/1013 2190/2901/1013 2191/2887/1013
f 2204/2903/1014 2191/2887/1014 2192/2889/1014
f 2205/2904/1015 2192/2889/1015 2193/2890/1015
f 2206/2905/1016 2193/2890/1016 2194/2891/1016
f 2207/2906/1017 2194/2891/1017 2195/2892/1017
f 2208/2907/1018 2195/2892/1018 2196/2894/1018
f 2209/2908/1019 2196/2894/1019 2197/2895/1019
f 2210/2909/1020 2197/2895/1020 2198/2881/1020
f 2223/2910/721 2222/2911/721 2211/2912/721
f 2224/2913/722 2211/2914/722 2212/2915/722
f 2225/2916/1021 2212/2915/1021 2213/2917/1021
f 2226/2918/724 2213/2917/724 2214/2919/724
f 2215/2920/1022 2226/2918/1022 2214/2919/1022
f 2216/2921/726 2227/2922/726 2215/2920/726
f 2217/2923/1023 2228/2924/1023 2216/2921/1023
f 2218/2925/728 2229/2926/728 2217/2923/728
f 2219/2927/729 2230/2928/729 2218/2925/729
f 2220/2929/730 2231/2930/730 2219/2927/730
f 2233/2931/731 2220/2929/731 2221/2932/731
f 2234/2933/1024 2221/2932/1024 2222/2911/1024
f 2235/2934/1025 2234/2933/1025 2223/2910/1025
f 2236/2935/1026 2223/2936/1026 2224/2913/1026
f 2237/2937/1027 2224/2913/1027 2225/2916/1027
f 2238/2938/1028 2225/2916/1028 2226/2918/1028
f 2239/2939/1029 2226/2918/1029 2227/2922/1029
f 2240/2940/1030 2227/2922/1030 2228/2924/1030
f 2229/2926/1031 2240/2940/1031 2228/2924/1031
f 2242/2941/1032 2229/2926/1032 2230/2928/1032
f 2243/2942/1033 2230/2928/1033 2231/2930/1033
f 2232/2943/1034 2243/2942/1034 2231/2930/1034
f 2245/2944/1035 2232/2943/1035 2233/2931/1035
f 2246/2945/1036 2233/2931/1036 2234/2933/1036
f 2235/2934/1037 2258/2946/1037 2246/2945/1037
f 2236/2935/1038 2247/2947/1038 2235/2948/1038
f 2237/2937/1039 2248/2949/1039 2236/2935/1039
f 2238/2938/1040 2249/2950/1040 2237/2937/1040
f 2251/2951/1041 2238/2938/1041 2239/2939/1041
f 2252/2952/1042 2239/2939/1042 2240/2940/1042
f 2253/2953/1043 2240/2940/1043 2241/2954/1043
f 2254/2955/1044 2241/2954/1044 2242/2941/1044
f 2255/2956/1045 2242/2941/1045 2243/2942/1045
f 2256/2957/1046 2243/2942/1046 2244/2958/1046
f 2245/2944/1047 2256/2957/1047 2244/2958/1047
f 2246/2945/1048 2257/2959/1048 2245/2944/1048
f 2259/2960/1049 2258/2946/1049 2247/2961/1049
f 2260/2962/1050 2247/2947/1050 2248/2949/1050
f 2261/2963/1051 2248/2949/1051 2249/2950/1051
f 2262/2964/1052 2249/2950/1052 2250/2965/1052
f 2263/2966/1053 2250/2965/1053 2251/2951/1053
f 2264/2967/1054 2251/2951/1054 2252/2952/1054
f 2265/2968/1055 2252/2952/1055 2253/2953/1055
f 2266/2969/1056 2253/2953/1056 2254/2955/1056
f 2267/2970/1057 2254/2955/1057 2255/2956/1057
f 2268/2971/1058 2255/2956/1058 2256/2957/1058
f 2269/2972/1059 2256/2957/1059 2257/2959/1059
f 2270/2973/1060 2257/2959/1060 2258/2946/1060
f 2259/2960/1061 2282/2974/1061 2270/2973/1061
f 2260/2962/1062 2271/2975/1062 2259/2976/1062
f 2261/2963/1063 2272/2977/1063 2260/2962/1063
f 2262/2964/1064 2273/2978/1064 2261/2963/1064
f 2263/2966/1065 2274/2979/1065 2262/2964/1065
f 2276/2980/1066 2263/2966/1066 2264/2967/1066
f 2277/2981/1067 2264/2967/1067 2265/2968/1067
f 2278/2982/1068 2265/2968/1068 2266/2969/1068
f 2279/2983/1069 2266/2969/1069 2267/2970/1069
f 2280/2984/1070 2267/2970/1070 2268/2971/1070
f 2281/2985/1071 2268/2971/1071 2269/2972/1071
f 2270/2973/1072 2281/2985/1072 2269/2972/1072
f 2283/2986/1073 2282/2974/1073 2271/2987/1073
f 2284/2988/1074 2271/2975/1074 2272/2977/1074
f 2285/2989/1075 2272/2977/1075 2273/2978/1075
f 2286/2990/1076 2273/2978/1076 2274/2979/1076
f 2275/2991/1077 2286/2990/1077 2274/2979/1077
f 2276/2980/1078 2287/2992/1078 2275/2991/1078
f 2277/2981/1079 2288/2993/1079 2276/2980/1079
f 2278/2982/1080 2289/2994/1080 2277/2981/1080
f 2279/2983/1081 2290/2995/1081 2278/2982/1081
f 2280/2984/1082 2291/2996/1082 2279/2983/1082
f 2293/2997/1083 2280/2984/1083 2281/2985/1083
f 2294/2998/1084 2281/2985/1084 2282/2974/1084
f 2283/2986/1085 2306/2999/1085 2294/2998/1085
f 2296/3000/1086 2283/3001/1086 2284/2988/1086
f 2285/2989/1087 2296/3000/1087 2284/2988/1087
f 2298/3002/1088 2285/2989/1088 2286/2990/1088
f 2287/2992/1089 2298/3002/1089 2286/2990/1089
f 2300/3003/1090 2287/2992/1090 2288/2993/1090
f 2301/3004/1091 2288/2993/1091 2289/2994/1091
f 2302/3005/1092 2289/2994/1092 2290/2995/1092
f 2291/2996/1093 2302/3005/1093 2290/2995/1093
f 2304/3006/1094 2291/2996/1094 2292/3007/1094
f 2293/2997/1095 2304/3006/1095 2292/3007/1095
f 2294/2998/1096 2305/3008/1096 2293/2997/1096
f 2295/3009/1097 2318/3010/1097 2306/2999/1097
f 2308/3011/1098 2295/3012/1098 2296/3000/1098
f 2309/3013/1099 2296/3000/1099 2297/3014/1099
f 2298/3002/1100 2309/3013/1100 2297/3014/1100
f 2299/3015/1101 2310/3016/1101 2298/3002/1101
f 2300/3003/1102 2311/3017/1102 2299/3015/1102
f 2313/3018/1103 2300/3003/1103 2301/3004/1103
f 2314/3019/1104 2301/3004/1104 2302/3005/1104
f 2315/3020/1105 2302/3005/1105 2303/3021/1105
f 2316/3022/1106 2303/3021/1106 2304/3006/1106
f 2317/3023/1107 2304/3006/1107 2305/3008/1107
f 2318/3010/1108 2305/3008/1108 2306/2999/1108
f 2319/3024/1109 2318/3010/1109 2307/3025/1109
f 2320/3026/1110 2307/3027/1110 2308/3011/1110
f 2321/3028/1111 2308/3011/1111 2309/3013/1111
f 2322/3029/1112 2309/3013/1112 2310/3016/1112
f 2323/3030/1113 2310/3016/1113 2311/3017/1113
f 2324/3031/1114 2311/3017/1114 2312/3032/1114
f 2325/3033/1115 2312/3032/1115 2313/3018/1115
f 2326/3034/1116 2313/3018/1116 2314/3019/1116
f 2327/3035/1117 2314/3019/1117 2315/3020/1117
f 2328/3036/1118 2315/3020/1118 2316/3022/1118
f 2317/3023/1119 2328/3036/1119 2316/3022/1119
f 2330/3037/1120 2317/3023/1120 2318/3010/1120
f 2331/3038/1121 2330/3037/1121 2319/3024/1121
f 2332/3039/1122 2319/3040/1122 2320/3026/1122
f 2333/3041/1123 2320/3026/1123 2321/3028/1123
f 2334/3042/1124 2321/3028/1124 2322/3029/1124
f 2335/3043/1125 2322/3029/1125 2323/3030/1125
f 2336/3044/1126 2323/3030/1126 2324/3031/1126
f 2337/3045/1127 2324/3031/1127 2325/3033/1127
f 2338/3046/1128 2325/3033/1128 2326/3034/1128
f 2339/3047/1129 2326/3034/1129 2327/3035/1129
f 2340/3048/1130 2327/3035/1130 2328/3036/1130
f 2341/3049/1131 2328/3036/1131 2329/3050/1131
f 2330/3037/1132 2341/3049/1132 2329/3050/1132
f 2343/3051/1133 2342/3052/1133 2331/3038/1133
f 2344/3053/1134 2331/3054/1134 2332/3039/1134
f 2345/3055/1135 2332/3039/1135 2333/3041/1135
f 2346/3056/1136 2333/3041/1136 2334/3042/1136
f 2347/3057/1137 2334/3042/1137 2335/3043/1137
f 2336/3044/1138 2347/3057/1138 2335/3043/1138
f 2337/3045/1139 2348/3058/1139 2336/3044/1139
f 2338/3046/1140 2349/3059/1140 2337/3045/1140
f 2339/3047/1141 2350/3060/1141 2338/3046/1141
f 2340/3048/1142 2351/3061/1142 2339/3047/1142
f 2341/3049/1143 2352/3062/1143 2340/3048/1143
f 2354/3063/1144 2341/3049/1144 2342/3052/1144
f 2355/3064/1145 2354/3063/1145 2343/3051/1145
f 2356/3065/1146 2343/3066/1146 2344/3053/1146
f 2357/3067/1147 2344/3053/1147 2345/3055/1147
f 2358/3068/1148 2345/3055/1148 2346/3056/1148
f 2359/3069/1149 2346/3056/1149 2347/3057/1149
f 2348/3058/1150 2359/3069/1150 2347/3057/1150
f 2349/3059/1151 2360/3070/1151 2348/3058/1151
f 2350/3060/1152 2361/3071/1152 2349/3059/1152
f 2351/3061/1153 2362/3072/1153 2350/3060/1153
f 2352/3062/1154 2363/3073/1154 2351/3061/1154
f 2353/3074/1155 2364/3075/1155 2352/3062/1155
f 2366/3076/1156 2353/3074/1156 2354/3063/1156
f 2367/3077/1157 2366/3076/1157 2355/3064/1157
f 2368/3078/1158 2355/3079/1158 2356/3065/1158
f 2369/3080/1159 2356/3065/1159 2357/3067/1159
f 2370/3081/1160 2357/3067/1160 2358/3068/1160
f 2371/3082/1161 2358/3068/1161 2359/3069/1161
f 2360/3070/1162 2371/3082/1162 2359/3069/1162
f 2361/3071/1163 2372/3083/1163 2360/3070/1163
f 2362/3072/1164 2373/3084/1164 2361/3071/1164
f 2363/3073/1165 2374/3085/1165 2362/3072/1165
f 2364/3075/1166 2375/3086/1166 2363/3073/1166
f 2365/3087/1167 2376/3088/1167 2364/3075/1167
f 2378/3089/1168 2365/3087/1168 2366/3076/1168
f 2367/3077/1169 2390/3090/1169 2378/3089/1169
f 2368/3078/1170 2379/3091/1170 2367/3092/1170
f 2369/3080/1171 2380/3093/1171 2368/3078/1171
f 2370/3081/1172 2381/3094/1172 2369/3080/1172
f 2371/3082/1173 2382/3095/1173 2370/3081/1173
f 2384/3096/1174 2371/3082/1174 2372/3083/1174
f 2385/3097/1175 2372/3083/1175 2373/3084/1175
f 2386/3098/1176 2373/3084/1176 2374/3085/1176
f 2387/3099/1177 2374/3085/1177 2375/3086/1177
f 2388/3100/1178 2375/3086/1178 2376/3088/1178
f 2389/3101/1179 2376/3088/1179 2377/3102/1179
f 2378/3089/1180 2389/3101/1180 2377/3102/1180
f 2391/3103/1181 2390/3090/1181 2379/3104/1181
f 2392/3105/1182 2379/3091/1182 2380/3093/1182
f 2393/3106/1183 2380/3093/1183 2381/3094/1183
f 2394/3107/1184 2381/3094/1184 2382/3095/1184
f 2395/3108/1185 2382/3095/1185 2383/3109/1185
f 2384/3096/1186 2395/3108/1186 2383/3109/1186
f 2385/3097/1187 2396/3110/1187 2384/3096/1187
f 2386/3098/1188 2397/3111/1188 2385/3097/1188
f 2387/3099/1189 2398/3112/1189 2386/3098/1189
f 2388/3100/1190 2399/3113/1190 2387/3099/1190
f 2389/3101/1191 2400/3114/1191 2388/3100/1191
f 2402/3115/1192 2389/3101/1192 2390/3090/1192
f 2403/3116/1193 2402/3115/1193 2391/3103/1193
f 2404/3117/1194 2391/3118/1194 2392/3105/1194
f 2393/3106/1195 2404/3117/1195 2392/3105/1195
f 2394/3107/1196 2405/3119/1196 2393/3106/1196
f 2407/3120/1197 2394/3107/1197 2395/3108/1197
f 2408/3121/1198 2395/3108/1198 2396/3110/1198
f 2409/3122/1199 2396/3110/1199 2397/3111/1199
f 2410/3123/1200 2397/3111/1200 2398/3112/1200
f 2399/3113/1201 2410/3123/1201 2398/3112/1201
f 2412/3124/1202 2399/3113/1202 2400/3114/1202
f 2401/3125/1203 2412/3124/1203 2400/3114/1203
f 2414/3126/1204 2401/3125/1204 2402/3115/1204
f 2415/3127/1205 2414/3126/1205 2403/3116/1205
f 2416/3128/1206 2403/3129/1206 2404/3117/1206
f 2417/3130/1207 2404/3117/1207 2405/3119/1207
f 2418/3131/1208 2405/3119/1208 2406/3132/1208
f 2407/3120/1209 2418/3131/1209 2406/3132/1209
f 2420/3133/1210 2407/3120/1210 2408/3121/1210
f 2409/3122/1211 2420/3133/1211 2408/3121/1211
f 2422/3134/1212 2409/3122/1212 2410/3123/1212
f 2411/3135/1213 2422/3134/1213 2410/3123/1213
f 2424/3136/1214 2411/3135/1214 2412/3124/1214
f 2413/3137/1215 2424/3136/1215 2412/3124/1215
f 2426/3138/1216 2413/3137/1216 2414/3126/1216
f 2415/3127/1217 2438/3139/1217 2426/3138/1217
f 2428/3140/1218 2415/3141/1218 2416/3128/1218
f 2429/3142/1219 2416/3128/1219 2417/3130/1219
f 2418/3131/1220 2429/3142/1220 2417/3130/1220
f 2431/3143/1221 2418/3131/1221 2419/3144/1221
f 2432/3145/1222 2419/3144/1222 2420/3133/1222
f 2433/3146/1223 2420/3133/1223 2421/3147/1223
f 2434/3148/1224 2421/3147/1224 2422/3134/1224
f 2435/3149/1225 2422/3134/1225 2423/3150/1225
f 2436/3151/1226 2423/3150/1226 2424/3136/1226
f 2437/3152/1227 2424/3136/1227 2425/3153/1227
f 2426/3138/1228 2437/3152/1228 2425/3153/1228
f 2427/3154/1229 2450/3155/1229 2438/3139/1229
f 2440/3156/1230 2427/3157/1230 2428/3140/1230
f 2441/3158/1231 2428/3140/1231 2429/3142/1231
f 2442/3159/1232 2429/3142/1232 2430/3160/1232
f 2443/3161/1233 2430/3160/1233 2431/3143/1233
f 2444/3162/1234 2431/3143/1234 2432/3145/1234
f 2445/3163/1235 2432/3145/1235 2433/3146/1235
f 2434/3148/1236 2445/3163/1236 2433/3146/1236
f 2435/3149/1237 2446/3164/1237 2434/3148/1237
f 2448/3165/1238 2435/3149/1238 2436/3151/1238
f 2449/3166/1239 2436/3151/1239 2437/3152/1239
f 2450/3155/1240 2437/3152/1240 2438/3139/1240
f 2439/3167/1241 2462/3168/1241 2450/3155/1241
f 2440/3156/1242 2451/3169/1242 2439/3170/1242
f 2441/3158/1243 2452/3171/1243 2440/3156/1243
f 2442/3159/1244 2453/3172/1244 2441/3158/1244
f 2443/3161/1245 2454/3173/1245 2442/3159/1245
f 2456/3174/1246 2443/3161/1246 2444/3162/1246
f 2457/3175/1247 2444/3162/1247 2445/3163/1247
f 2458/3176/1248 2445/3163/1248 2446/3164/1248
f 2459/3177/1249 2446/3164/1249 2447/3178/1249
f 2460/3179/1250 2447/3178/1250 2448/3165/1250
f 2461/3180/1251 2448/3165/1251 2449/3166/1251
f 2450/3155/1252 2461/3180/1252 2449/3166/1252
f 2451/3181/1253 2474/3182/1253 2462/3168/1253
f 2464/3183/1254 2451/3169/1254 2452/3171/1254
f 2465/3184/1255 2452/3171/1255 2453/3172/1255
f 2466/3185/1256 2453/3172/1256 2454/3173/1256
f 2467/3186/1257 2454/3173/1257 2455/3187/1257
f 2468/3188/1258 2455/3187/1258 2456/3174/1258
f 2469/3189/1259 2456/3174/1259 2457/3175/1259
f 2458/3176/1260 2469/3189/1260 2457/3175/1260
f 2459/3177/1261 2470/3190/1261 2458/3176/1261
f 2460/3179/1262 2471/3191/1262 2459/3177/1262
f 2461/3180/1263 2472/3192/1263 2460/3179/1263
f 2462/3168/1264 2473/3193/1264 2461/3180/1264
f 2475/3194/1265 2498/3195/1265 2486/3196/1265
f 2476/3197/1266 2487/3198/1266 2475/3199/1266
f 2477/3200/1267 2488/3201/1267 2476/3197/1267
f 2490/3202/1268 2477/3200/1268 2478/3203/1268
f 2491/3204/1269 2478/3203/1269 2479/3205/1269
f 2492/3206/1270 2479/3205/1270 2480/3207/1270
f 2493/3208/1271 2480/3207/1271 2481/3209/1271
f 2494/3210/1272 2481/3209/1272 2482/3211/1272
f 2495/3212/1273 2482/3211/1273 2483/3213/1273
f 2484/3214/1274 2495/3212/1274 2483/3213/1274
f 2485/3215/1275 2496/3216/1275 2484/3214/1275
f 2486/3196/1276 2497/3217/1276 2485/3215/1276
f 2499/3218/1277 2498/3195/1277 2487/3219/1277
f 2500/3220/1278 2487/3198/1278 2488/3201/1278
f 2501/3221/1279 2488/3201/1279 2489/3222/1279
f 2490/3202/1280 2501/3221/1280 2489/3222/1280
f 2491/3204/1281 2502/3223/1281 2490/3202/1281
f 2492/3206/1282 2503/3224/1282 2491/3204/1282
f 2493/3208/1283 2504/3225/1283 2492/3206/1283
f 2494/3210/1284 2505/3226/1284 2493/3208/1284
f 2495/3212/1285 2506/3227/1285 2494/3210/1285
f 2508/3228/1286 2495/3212/1286 2496/3216/1286
f 2509/3229/1287 2496/3216/1287 2497/3217/1287
f 2510/3230/1288 2497/3217/1288 2498/3195/1288
f 2511/3231/1289 2510/3230/1289 2499/3218/1289
f 2512/3232/1290 2499/3233/1290 2500/3220/1290
f 2513/3234/1291 2500/3220/1291 2501/3221/1291
f 2514/3235/1292 2501/3221/1292 2502/3223/1292
f 2515/3236/1293 2502/3223/1293 2503/3224/1293
f 2516/3237/1294 2503/3224/1294 2504/3225/1294
f 2517/3238/1295 2504/3225/1295 2505/3226/1295
f 2518/3239/1296 2505/3226/1296 2506/3227/1296
f 2519/3240/1297 2506/3227/1297 2507/3241/1297
f 2520/3242/1298 2507/3241/1298 2508/3228/1298
f 2521/3243/1299 2508/3228/1299 2509/3229/1299
f 2522/3244/1300 2509/3229/1300 2510/3230/1300
f 2523/3245/1289 2522/3244/1289 2511/3231/1289
f 2524/3246/1290 2511/3247/1290 2512/3232/1290
f 2525/3248/1291 2512/3232/1291 2513/3234/1291
f 2526/3249/1292 2513/3234/1292 2514/3235/1292
f 2527/3250/1293 2514/3235/1293 2515/3236/1293
f 2528/3251/1294 2515/3236/1294 2516/3237/1294
f 2529/3252/1295 2516/3237/1295 2517/3238/1295
f 2530/3253/1296 2517/3238/1296 2518/3239/1296
f 2531/3254/1297 2518/3239/1297 2519/3240/1297
f 2532/3255/1298 2519/3240/1298 2520/3242/1298
f 2533/3256/1299 2520/3242/1299 2521/3243/1299
f 2534/3257/1300 2521/3243/1300 2522/3244/1300
f 2535/3258/1289 2534/3257/1289 2523/3245/1289
f 2536/3259/1290 2523/3260/1290 2524/3246/1290
f 2537/3261/1291 2524/3246/1291 2525/3248/1291
f 2538/3262/1292 2525/3248/1292 2526/3249/1292
f 2539/3263/1293 2526/3249/1293 2527/3250/1293
f 2540/3264/1294 2527/3250/1294 2528/3251/1294
f 2541/3265/1295 2528/3251/1295 2529/3252/1295
f 2542/3266/1296 2529/3252/1296 2530/3253/1296
f 2543/3267/1297 2530/3253/1297 2531/3254/1297
f 2544/3268/1298 2531/3254/1298 2532/3255/1298
f 2545/3269/1299 2532/3255/1299 2533/3256/1299
f 2546/3270/1300 2533/3256/1300 2534/3257/1300
f 2535/3258/1289 2558/3271/1289 2546/3270/1289
f 2536/3259/1301 2547/3272/1301 2535/3273/1301
f 2537/3261/1302 2548/3274/1302 2536/3259/1302
f 2550/3275/1303 2537/3261/1303 2538/3262/1303
f 2551/3276/1304 2538/3262/1304 2539/3263/1304
f 2552/3277/1294 2539/3263/1294 2540/3264/1294
f 2553/3278/1305 2540/3264/1305 2541/3265/1305
f 2554/3279/1306 2541/3265/1306 2542/3266/1306
f 2555/3280/1307 2542/3266/1307 2543/3267/1307
f 2544/3268/1308 2555/3280/1308 2543/3267/1308
f 2545/3269/1309 2556/3281/1309 2544/3268/1309
f 2546/3270/1310 2557/3282/1310 2545/3269/1310
f 2559/3283/1311 2558/3271/1311 2547/3284/1311
f 2560/3285/1312 2547/3272/1312 2548/3274/1312
f 2561/3286/1313 2548/3274/1313 2549/3287/1313
f 2550/3275/1314 2561/3286/1314 2549/3287/1314
f 2551/3276/1315 2562/3288/1315 2550/3275/1315
f 2552/3277/1316 2563/3289/1316 2551/3276/1316
f 2553/3278/1317 2564/3290/1317 2552/3277/1317
f 2554/3279/1318 2565/3291/1318 2553/3278/1318
f 2555/3280/1319 2566/3292/1319 2554/3279/1319
f 2568/3293/1320 2555/3280/1320 2556/3281/1320
f 2569/3294/1321 2556/3281/1321 2557/3282/1321
f 2570/3295/1322 2557/3282/1322 2558/3271/1322
f 2571/3296/1323 2570/3295/1323 2559/3283/1323
f 2572/3297/1324 2559/3298/1324 2560/3285/1324
f 2561/3286/1325 2572/3297/1325 2560/3285/1325
f 2562/3288/1326 2573/3299/1326 2561/3286/1326
f 2575/3300/1327 2562/3288/1327 2563/3289/1327
f 2576/3301/1328 2563/3289/1328 2564/3290/1328
f 2577/3302/1329 2564/3290/1329 2565/3291/1329
f 2566/3292/1330 2577/3302/1330 2565/3291/1330
f 2579/3303/1331 2566/3292/1331 2567/3304/1331
f 2580/3305/1332 2567/3304/1332 2568/3293/1332
f 2581/3306/1333 2568/3293/1333 2569/3294/1333
f 2582/3307/1334 2569/3294/1334 2570/3295/1334
f 2571/3296/1335 2594/3308/1335 2582/3307/1335
f 2584/3309/1336 2571/3310/1336 2572/3297/1336
f 2585/3311/1337 2572/3297/1337 2573/3299/1337
f 2586/3312/1338 2573/3299/1338 2574/3313/1338
f 2587/3314/1339 2574/3313/1339 2575/3300/1339
f 2588/3315/1340 2575/3300/1340 2576/3301/1340
f 2589/3316/1341 2576/3301/1341 2577/3302/1341
f 2578/3317/1342 2589/3316/1342 2577/3302/1342
f 2579/3303/1343 2590/3318/1343 2578/3317/1343
f 2592/3319/1344 2579/3303/1344 2580/3305/1344
f 2593/3320/1345 2580/3305/1345 2581/3306/1345
f 2594/3308/1346 2581/3306/1346 2582/3307/1346
f 2583/3321/1347 2606/3322/1347 2594/3308/1347
f 2584/3309/1348 2595/3323/1348 2583/3324/1348
f 2585/3311/1349 2596/3325/1349 2584/3309/1349
f 2598/3326/1350 2585/3311/1350 2586/3312/1350
f 2599/3327/1351 2586/3312/1351 2587/3314/1351
f 2600/3328/1352 2587/3314/1352 2588/3315/1352
f 2601/3329/1353 2588/3315/1353 2589/3316/1353
f 2602/3330/1354 2589/3316/1354 2590/3318/1354
f 2603/3331/1355 2590/3318/1355 2591/3332/1355
f 2592/3319/1356 2603/3331/1356 2591/3332/1356
f 2593/3320/1357 2604/3333/1357 2592/3319/1357
f 2594/3308/1358 2605/3334/1358 2593/3320/1358
f 2607/3335/1359 2606/3322/1359 2595/3336/1359
f 2608/3337/1360 2595/3323/1360 2596/3325/1360
f 2609/3338/1361 2596/3325/1361 2597/3339/1361
f 2598/3326/1362 2609/3338/1362 2597/3339/1362
f 2599/3327/1363 2610/3340/1363 2598/3326/1363
f 2600/3328/1364 2611/3341/1364 2599/3327/1364
f 2601/3329/1365 2612/3342/1365 2600/3328/1365
f 2602/3330/1366 2613/3343/1366 2601/3329/1366
f 2603/3331/1367 2614/3344/1367 2602/3330/1367
f 2616/3345/1368 2603/3331/1368 2604/3333/1368
f 2617/3346/1369 2604/3333/1369 2605/3334/1369
f 2618/3347/1370 2605/3334/1370 2606/3322/1370
f 2607/3335/1371 2630/3348/1371 2618/3347/1371
f 2620/3349/1372 2607/3350/1372 2608/3337/1372
f 2621/3351/1373 2608/3337/1373 2609/3338/1373
f 2622/3352/1374 2609/3338/1374 2610/3340/1374
f 2623/3353/1375 2610/3340/1375 2611/3341/1375
f 2624/3354/1376 2611/3341/1376 2612/3342/1376
f 2625/3355/1377 2612/3342/1377 2613/3343/1377
f 2626/3356/1378 2613/3343/1378 2614/3344/1378
f 2627/3357/1379 2614/3344/1379 2615/3358/1379
f 2628/3359/1380 2615/3358/1380 2616/3345/1380
f 2629/3360/1381 2616/3345/1381 2617/3346/1381
f 2630/3348/1382 2617/3346/1382 2618/3347/1382
f 2631/3361/1371 2630/3348/1371 2619/3362/1371
f 2632/3363/1372 2619/3364/1372 2620/3349/1372
f 2633/3365/1373 2620/3349/1373 2621/3351/1373
f 2634/3366/1374 2621/3351/1374 2622/3352/1374
f 2635/3367/1375 2622/3352/1375 2623/3353/1375
f 2636/3368/1376 2623/3353/1376 2624/3354/1376
f 2637/3369/1377 2624/3354/1377 2625/3355/1377
f 2638/3370/1378 2625/3355/1378 2626/3356/1378
f 2639/3371/1379 2626/3356/1379 2627/3357/1379
f 2640/3372/1380 2627/3357/1380 2628/3359/1380
f 2641/3373/1381 2628/3359/1381 2629/3360/1381
f 2642/3374/1382 2629/3360/1382 2630/3348/1382
f 2643/3375/1371 2642/3374/1371 2631/3361/1371
f 2644/3376/1372 2631/3377/1372 2632/3363/1372
f 2645/3378/1373 2632/3363/1373 2633/3365/1373
f 2646/3379/1374 2633/3365/1374 2634/3366/1374
f 2647/3380/1375 2634/3366/1375 2635/3367/1375
f 2648/3381/1376 2635/3367/1376 2636/3368/1376
f 2649/3382/1377 2636/3368/1377 2637/3369/1377
f 2650/3383/1378 2637/3369/1378 2638/3370/1378
f 2651/3384/1379 2638/3370/1379 2639/3371/1379
f 2652/3385/1380 2639/3371/1380 2640/3372/1380
f 2653/3386/1381 2640/3372/1381 2641/3373/1381
f 2654/3387/1382 2641/3373/1382 2642/3374/1382
f 2643/3375/1371 2666/3388/1371 2654/3387/1371
f 2644/3376/1383 2655/3389/1383 2643/3390/1383
f 2645/3378/1384 2656/3391/1384 2644/3376/1384
f 2658/3392/1385 2645/3378/1385 2646/3379/1385
f 2659/3393/1386 2646/3379/1386 2647/3380/1386
f 2660/3394/1376 2647/3380/1376 2648/3381/1376
f 2661/3395/1387 2648/3381/1387 2649/3382/1387
f 2662/3396/1388 2649/3382/1388 2650/3383/1388
f 2663/3397/1389 2650/3383/1389 2651/3384/1389
f 2652/3385/1390 2663/3397/1390 2651/3384/1390
f 2653/3386/1391 2664/3398/1391 2652/3385/1391
f 2654/3387/1392 2665/3399/1392 2653/3386/1392
f 2667/3400/1393 2666/3388/1393 2655/3401/1393
f 2668/3402/1394 2655/3389/1394 2656/3391/1394
f 2669/3403/1395 2656/3391/1395 2657/3404/1395
f 2658/3392/1396 2669/3403/1396 2657/3404/1396
f 2659/3393/1397 2670/3405/1397 2658/3392/1397
f 2660/3394/1398 2671/3406/1398 2659/3393/1398
f 2661/3395/1399 2672/3407/1399 2660/3394/1399
f 2662/3396/1400 2673/3408/1400 2661/3395/1400
f 2663/3397/1401 2674/3409/1401 2662/3396/1401
f 2676/3410/1402 2663/3397/1402 2664/3398/1402
f 2677/3411/1403 2664/3398/1403 2665/3399/1403
f 2678/3412/1404 2665/3399/1404 2666/3388/1404
f 2679/3413/1405 2678/3412/1405 2667/3400/1405
f 2668/3402/1406 2679/3414/1406 2667/3415/1406
f 2681/3416/1407 2668/3402/1407 2669/3403/1407
f 2682/3417/1408 2669/3403/1408 2670/3405/1408
f 2671/3406/1409 2682/3417/1409 2670/3405/1409
f 2684/3418/1410 2671/3406/1410 2672/3407/1410
f 2685/3419/1411 2672/3407/1411 2673/3408/1411
f 2686/3420/1412 2673/3408/1412 2674/3409/1412
f 2687/3421/1413 2674/3409/1413 2675/3422/1413
f 2688/3423/1414 2675/3422/1414 2676/3410/1414
f 2677/3411/1415 2688/3423/1415 2676/3410/1415
f 2678/3412/1416 2689/3424/1416 2677/3411/1416
f 2679/3413/1417 2702/3425/1417 2690/3426/1417
f 2680/3427/1418 2691/3428/1418 2679/3414/1418
f 2681/3416/1419 2692/3429/1419 2680/3427/1419
f 2694/3430/1420 2681/3416/1420 2682/3417/1420
f 2695/3431/1421 2682/3417/1421 2683/3432/1421
f 2696/3433/1422 2683/3432/1422 2684/3418/1422
f 2697/3434/1423 2684/3418/1423 2685/3419/1423
f 2698/3435/1424 2685/3419/1424 2686/3420/1424
f 2699/3436/1425 2686/3420/1425 2687/3421/1425
f 2688/3423/1426 2699/3436/1426 2687/3421/1426
f 2689/3424/1427 2700/3437/1427 2688/3423/1427
f 2690/3426/1428 2701/3438/1428 2689/3424/1428
f 2703/3439/1429 2702/3425/1429 2691/3440/1429
f 2704/3441/1430 2691/3428/1430 2692/3429/1430
f 2705/3442/1431 2692/3429/1431 2693/3443/1431
f 2694/3430/1432 2705/3442/1432 2693/3443/1432
f 2695/3431/1433 2706/3444/1433 2694/3430/1433
f 2696/3433/1434 2707/3445/1434 2695/3431/1434
f 2697/3434/1435 2708/3446/1435 2696/3433/1435
f 2698/3435/1436 2709/3447/1436 2697/3434/1436
f 2699/3436/1437 2710/3448/1437 2698/3435/1437
f 2712/3449/1438 2699/3436/1438 2700/3437/1438
f 2713/3450/1439 2700/3437/1439 2701/3438/1439
f 2714/3451/1440 2701/3438/1440 2702/3425/1440
f 2715/3452/1441 2714/3451/1441 2703/3439/1441
f 2716/3453/1442 2703/3454/1442 2704/3441/1442
f 2717/3455/1443 2704/3441/1443 2705/3442/1443
f 2718/3456/1444 2705/3442/1444 2706/3444/1444
f 2719/3457/1445 2706/3444/1445 2707/3445/1445
f 2720/3458/1446 2707/3445/1446 2708/3446/1446
f 2721/3459/1447 2708/3446/1447 2709/3447/1447
f 2722/3460/1448 2709/3447/1448 2710/3448/1448
f 2723/3461/1449 2710/3448/1449 2711/3462/1449
f 2724/3463/1450 2711/3462/1450 2712/3449/1450
f 2725/3464/1451 2712/3449/1451 2713/3450/1451
f 2726/3465/1452 2713/3450/1452 2714/3451/1452
f 2727/3466/1441 2726/3465/1441 2715/3452/1441
f 2728/3467/1442 2715/3468/1442 2716/3453/1442
f 2729/3469/1443 2716/3453/1443 2717/3455/1443
f 2730/3470/1444 2717/3455/1444 2718/3456/1444
f 2731/3471/1445 2718/3456/1445 2719/3457/1445
f 2732/3472/1446 2719/3457/1446 2720/3458/1446
f 2733/3473/1447 2720/3458/1447 2721/3459/1447
f 2734/3474/1448 2721/3459/1448 2722/3460/1448
f 2735/3475/1449 2722/3460/1449 2723/3461/1449
f 2736/3476/1450 2723/3461/1450 2724/3463/1450
f 2737/3477/1451 2724/3463/1451 2725/3464/1451
f 2738/3478/1452 2725/3464/1452 2726/3465/1452
f 2739/3479/1441 2738/3478/1441 2727/3466/1441
f 2740/3480/1442 2727/3481/1442 2728/3467/1442
f 2741/3482/1443 2728/3467/1443 2729/3469/1443
f 2742/3483/1444 2729/3469/1444 2730/3470/1444
f 2743/3484/1445 2730/3470/1445 2731/3471/1445
f 2744/3485/1446 2731/3471/1446 2732/3472/1446
f 2745/3486/1447 2732/3472/1447 2733/3473/1447
f 2746/3487/1448 2733/3473/1448 2734/3474/1448
f 2747/3488/1449 2734/3474/1449 2735/3475/1449
f 2748/3489/1450 2735/3475/1450 2736/3476/1450
f 2749/3490/1451 2736/3476/1451 2737/3477/1451
f 2750/3491/1452 2737/3477/1452 2738/3478/1452
f 2751/3492/1441 2750/3491/1441 2739/3479/1441
f 2752/3493/1442 2739/3494/1442 2740/3480/1442
f 2753/3495/1443 2740/3480/1443 2741/3482/1443
f 2754/3496/1444 2741/3482/1444 2742/3483/1444
f 2755/3497/1445 2742/3483/1445 2743/3484/1445
f 2756/3498/1446 2743/3484/1446 2744/3485/1446
f 2757/3499/1447 2744/3485/1447 2745/3486/1447
f 2758/3500/1448 2745/3486/1448 2746/3487/1448
f 2759/3501/1449 2746/3487/1449 2747/3488/1449
f 2760/3502/1450 2747/3488/1450 2748/3489/1450
f 2761/3503/1451 2748/3489/1451 2749/3490/1451
f 2762/3504/1452 2749/3490/1452 2750/3491/1452
f 2775/3505/1453 2774/3506/1453 2763/3507/1453
f 2776/3508/1454 2763/3509/1454 2764/3510/1454
f 2777/3511/1455 2764/3510/1455 2765/3512/1455
f 2778/3513/1456 2765/3512/1456 2766/3514/1456
f 2779/3515/1457 2766/3514/1457 2767/3516/1457
f 2780/3517/1458 2767/3516/1458 2768/3518/1458
f 2781/3519/1459 2768/3518/1459 2769/3520/1459
f 2782/3521/1460 2769/3520/1460 2770/3522/1460
f 2783/3523/1461 2770/3522/1461 2771/3524/1461
f 2784/3525/1462 2771/3524/1462 2772/3526/1462
f 2785/3527/1463 2772/3526/1463 2773/3528/1463
f 2786/3529/1464 2773/3528/1464 2774/3506/1464
f 2787/3530/1453 2786/3529/1453 2775/3505/1453
f 2788/3531/1454 2775/3532/1454 2776/3508/1454
f 2789/3533/1455 2776/3508/1455 2777/3511/1455
f 2790/3534/1456 2777/3511/1456 2778/3513/1456
f 2791/3535/1457 2778/3513/1457 2779/3515/1457
f 2792/3536/1458 2779/3515/1458 2780/3517/1458
f 2793/3537/1459 2780/3517/1459 2781/3519/1459
f 2794/3538/1460 2781/3519/1460 2782/3521/1460
f 2795/3539/1461 2782/3521/1461 2783/3523/1461
f 2796/3540/1462 2783/3523/1462 2784/3525/1462
f 2797/3541/1463 2784/3525/1463 2785/3527/1463
f 2798/3542/1464 2785/3527/1464 2786/3529/1464
f 2799/3543/1453 2798/3542/1453 2787/3530/1453
f 2800/3544/1454 2787/3545/1454 2788/3531/1454
f 2801/3546/1455 2788/3531/1455 2789/3533/1455
f 2802/3547/1456 2789/3533/1456 2790/3534/1456
f 2803/3548/1457 2790/3534/1457 2791/3535/1457
f 2804/3549/1458 2791/3535/1458 2792/3536/1458
f 2805/3550/1459 2792/3536/1459 2793/3537/1459
f 2806/3551/1460 2793/3537/1460 2794/3538/1460
f 2807/3552/1461 2794/3538/1461 2795/3539/1461
f 2808/3553/1462 2795/3539/1462 2796/3540/1462
f 2809/3554/1463 2796/3540/1463 2797/3541/1463
f 2810/3555/1464 2797/3541/1464 2798/3542/1464
f 2811/3556/1453 2810/3555/1453 2799/3543/1453
f 2812/3557/1454 2799/3558/1454 2800/3544/1454
f 2813/3559/1455 2800/3544/1455 2801/3546/1455
f 2814/3560/1456 2801/3546/1456 2802/3547/1456
f 2815/3561/1457 2802/3547/1457 2803/3548/1457
f 2816/3562/1458 2803/3548/1458 2804/3549/1458
f 2817/3563/1459 2804/3549/1459 2805/3550/1459
f 2818/3564/1460 2805/3550/1460 2806/3551/1460
f 2819/3565/1461 2806/3551/1461 2807/3552/1461
f 2820/3566/1462 2807/3552/1462 2808/3553/1462
f 2821/3567/1463 2808/3553/1463 2809/3554/1463
f 2822/3568/1464 2809/3554/1464 2810/3555/1464
f 2823/3569/1453 2822/3568/1453 2811/3556/1453
f 2824/3570/1454 2811/3571/1454 2812/3557/1454
f 2825/3572/1455 2812/3557/1455 2813/3559/1455
f 2826/3573/1456 2813/3559/1456 2814/3560/1456
f 2827/3574/1457 2814/3560/1457 2815/3561/1457
f 2828/3575/1458 2815/3561/1458 2816/3562/1458
f 2829/3576/1459 2816/3562/1459 2817/3563/1459
f 2830/3577/1460 2817/3563/1460 2818/3564/1460
f 2831/3578/1461 2818/3564/1461 2819/3565/1461
f 2832/3579/1462 2819/3565/1462 2820/3566/1462
f 2833/3580/1463 2820/3566/1463 2821/3567/1463
f 2834/3581/1464 2821/3567/1464 2822/3568/1464
f 2847/3582/1453 2846/3583/1453 2835/3584/1453
f 2848/3585/1454 2835/3586/1454 2836/3587/1454
f 2849/3588/1455 2836/3587/1455 2837/3589/1455
f 2850/3590/1456 2837/3589/1456 2838/3591/1456
f 2851/3592/1457 2838/3591/1457 2839/3593/1457
f 2852/3594/1458 2839/3593/1458 2840/3595/1458
f 2853/3596/1459 2840/3595/1459 2841/3597/1459
f 2854/3598/1460 2841/3597/1460 2842/3599/1460
f 2855/3600/1461 2842/3599/1461 2843/3601/1461
f 2856/3602/1462 2843/3601/1462 2844/3603/1462
f 2857/3604/1463 2844/3603/1463 2845/3605/1463
f 2858/3606/1464 2845/3605/1464 2846/3583/1464
f 2859/3607/1453 2858/3606/1453 2847/3582/1453
f 2860/3608/1454 2847/3609/1454 2848/3585/1454
f 2861/3610/1455 2848/3585/1455 2849/3588/1455
f 2862/3611/1456 2849/3588/1456 2850/3590/1456
f 2863/3612/1457 2850/3590/1457 2851/3592/1457
f 2864/3613/1458 2851/3592/1458 2852/3594/1458
f 2865/3614/1459 2852/3594/1459 2853/3596/1459
f 2866/3615/1460 2853/3596/1460 2854/3598/1460
f 2867/3616/1461 2854/3598/1461 2855/3600/1461
f 2868/3617/1462 2855/3600/1462 2856/3602/1462
f 2869/3618/1463 2856/3602/1463 2857/3604/1463
f 2870/3619/1464 2857/3604/1464 2858/3606/1464
f 2871/3620/1453 2870/3619/1453 2859/3607/1453
f 2872/3621/1454 2859/3622/1454 2860/3608/1454
f 2873/3623/1455 2860/3608/1455 2861/3610/1455
f 2874/3624/1456 2861/3610/1456 2862/3611/1456
f 2875/3625/1457 2862/3611/1457 2863/3612/1457
f 2876/3626/1458 2863/3612/1458 2864/3613/1458
f 2877/3627/1459 2864/3613/1459 2865/3614/1459
f 2878/3628/1460 2865/3614/1460 2866/3615/1460
f 2879/3629/1461 2866/3615/1461 2867/3616/1461
f 2880/3630/1462 2867/3616/1462 2868/3617/1462
f 2881/3631/1463 2868/3617/1463 2869/3618/1463
f 2882/3632/1464 2869/3618/1464 2870/3619/1464
f 2883/3633/1453 2882/3632/1453 2871/3620/1453
f 2884/3634/1454 2871/3635/1454 2872/3621/1454
f 2885/3636/1455 2872/3621/1455 2873/3623/1455
f 2886/3637/1456 2873/3623/1456 2874/3624/1456
f 2887/3638/1457 2874/3624/1457 2875/3625/1457
f 2888/3639/1458 2875/3625/1458 2876/3626/1458
f 2889/3640/1459 2876/3626/1459 2877/3627/1459
f 2890/3641/1460 2877/3627/1460 2878/3628/1460
f 2891/3642/1461 2878/3628/1461 2879/3629/1461
f 2892/3643/1462 2879/3629/1462 2880/3630/1462
f 2893/3644/1463 2880/3630/1463 2881/3631/1463
f 2894/3645/1464 2881/3631/1464 2882/3632/1464
f 2895/3646/1453 2894/3645/1453 2883/3633/1453
f 2896/3647/1454 2883/3648/1454 2884/3634/1454
f 2897/3649/1455 2884/3634/1455 2885/3636/1455
f 2898/3650/1456 2885/3636/1456 2886/3637/1456
f 2899/3651/1457 2886/3637/1457 2887/3638/1457
f 2900/3652/1458 2887/3638/1458 2888/3639/1458
f 2901/3653/1459 2888/3639/1459 2889/3640/1459
f 2902/3654/1460 2889/3640/1460 2890/3641/1460
f 2903/3655/1461 2890/3641/1461 2891/3642/1461
f 2904/3656/1462 2891/3642/1462 2892/3643/1462
f 2905/3657/1463 2892/3643/1463 2893/3644/1463
f 2906/3658/1464 2893/3644/1464 2894/3645/1464
f 2919/3659/1465 2918/3660/1465 2907/3661/1465
f 2920/3662/1466 2907/3663/1466 2908/3664/1466
f 2921/3665/1467 2908/3664/1467 2909/3666/1467
f 2910/3667/1468 2921/3665/1468 2909/3666/1468
f 2911/3668/1469 2922/3669/1469 2910/3667/1469
f 2912/3670/1470 2923/3671/1470 2911/3668/1470
f 2913/3672/1471 2924/3673/1471 2912/3670/1471
f 2914/3674/1472 2925/3675/1472 2913/3672/1472
f 2915/3676/1473 2926/3677/1473 2914/3674/1473
f 2928/3678/1474 2915/3676/1474 2916/3679/1474
f 2929/3680/1475 2916/3679/1475 2917/3681/1475
f 2930/3682/1476 2917/3681/1476 2918/3660/1476
f 2919/3659/1477 2942/3683/1477 2930/3682/1477
f 2920/3662/1478 2931/3684/1478 2919/3685/1478
f 2921/3665/1479 2932/3686/1479 2920/3662/1479
f 2934/3687/1480 2921/3665/1480 2922/3669/1480
f 2935/3688/1481 2922/3669/1481 2923/3671/1481
f 2936/3689/1482 2923/3671/1482 2924/3673/1482
f 2937/3690/1483 2924/3673/1483 2925/3675/1483
f 2938/3691/1484 2925/3675/1484 2926/3677/1484
f 2939/3692/1485 2926/3677/1485 2927/3693/1485
f 2928/3678/1486 2939/3692/1486 2927/3693/1486
f 2929/3680/1487 2940/3694/1487 2928/3678/1487
f 2930/3682/1488 2941/3695/1488 2929/3680/1488
f 2943/3696/1489 2942/3683/1489 2931/3697/1489
f 2944/3698/1490 2931/3684/1490 2932/3686/1490
f 2933/3699/1491 2944/3698/1491 2932/3686/1491
f 2946/3700/1492 2933/3699/1492 2934/3687/1492
f 2947/3701/1493 2934/3687/1493 2935/3688/1493
f 2948/3702/1494 2935/3688/1494 2936/3689/1494
f 2949/3703/1495 2936/3689/1495 2937/3690/1495
f 2950/3704/1496 2937/3690/1496 2938/3691/1496
f 2951/3705/1497 2938/3691/1497 2939/3692/1497
f 2952/3706/1498 2939/3692/1498 2940/3694/1498
f 2953/3707/1499 2940/3694/1499 2941/3695/1499
f 2954/3708/1500 2941/3695/1500 2942/3683/1500
f 2955/3709/1489 2954/3708/1489 2943/3696/1489
f 2956/3710/1490 2943/3711/1490 2944/3698/1490
f 2957/3712/1491 2944/3698/1491 2945/3713/1491
f 2958/3714/1492 2945/3713/1492 2946/3700/1492
f 2959/3715/1493 2946/3700/1493 2947/3701/1493
f 2960/3716/1494 2947/3701/1494 2948/3702/1494
f 2961/3717/1495 2948/3702/1495 2949/3703/1495
f 2962/3718/1496 2949/3703/1496 2950/3704/1496
f 2963/3719/1497 2950/3704/1497 2951/3705/1497
f 2964/3720/1498 2951/3705/1498 2952/3706/1498
f 2965/3721/1499 2952/3706/1499 2953/3707/1499
f 2966/3722/1500 2953/3707/1500 2954/3708/1500
f 2967/3723/1489 2966/3722/1489 2955/3709/1489
f 2968/3724/1490 2955/3725/1490 2956/3710/1490
f 2969/3726/1491 2956/3710/1491 2957/3712/1491
f 2970/3727/1492 2957/3712/1492 2958/3714/1492
f 2971/3728/1493 2958/3714/1493 2959/3715/1493
f 2972/3729/1494 2959/3715/1494 2960/3716/1494
f 2973/3730/1495 2960/3716/1495 2961/3717/1495
f 2974/3731/1496 2961/3717/1496 2962/3718/1496
f 2975/3732/1497 2962/3718/1497 2963/3719/1497
f 2976/3733/1498 2963/3719/1498 2964/3720/1498
f 2977/3734/1499 2964/3720/1499 2965/3721/1499
f 2978/3735/1500 2965/3721/1500 2966/3722/1500
f 2967/3723/1501 2990/3736/1501 2978/3735/1501
f 2968/3724/1502 2979/3737/1502 2967/3738/1502
f 2969/3726/1503 2980/3739/1503 2968/3724/1503
f 2982/3740/1504 2969/3726/1504 2970/3727/1504
f 2983/3741/1505 2970/3727/1505 2971/3728/1505
f 2984/3742/1506 2971/3728/1506 2972/3729/1506
f 2985/3743/1507 2972/3729/1507 2973/3730/1507
f 2986/3744/1508 2973/3730/1508 2974/3731/1508
f 2987/3745/1509 2974/3731/1509 2975/3732/1509
f 2976/3733/1510 2987/3745/1510 2975/3732/1510
f 2977/3734/1511 2988/3746/1511 2976/3733/1511
f 2978/3735/1512 2989/3747/1512 2977/3734/1512
f 2991/3748/1513 2990/3736/1513 2979/3749/1513
f 2992/3750/1514 2979/3737/1514 2980/3739/1514
f 2993/3751/1515 2980/3739/1515 2981/3752/1515
f 2982/3740/1516 2993/3751/1516 2981/3752/1516
f 2983/3741/1517 2994/3753/1517 2982/3740/1517
f 2984/3742/1518 2995/3754/1518 2983/3741/1518
f 2985/3743/1519 2996/3755/1519 2984/3742/1519
f 2986/3744/1520 2997/3756/1520 2985/3743/1520
f 2987/3745/1521 2998/3757/1521 2986/3744/1521
f 3000/3758/1522 2987/3745/1522 2988/3746/1522
f 3001/3759/1523 2988/3746/1523 2989/3747/1523
f 3002/3760/1524 2989/3747/1524 2990/3736/1524
f 3015/3761/1525 3014/3762/1525 3003/3763/1525
f 3016/3764/1526 3003/3765/1526 3004/3766/1526
f 3017/3767/1527 3004/3766/1527 3005/3768/1527
f 3018/3769/1528 3005/3768/1528 3006/3770/1528
f 3007/3771/1529 3018/3769/1529 3006/3770/1529
f 3008/3772/1530 3019/3773/1530 3007/3771/1530
f 3009/3774/1531 3020/3775/1531 3008/3772/1531
f 3010/3776/1532 3021/3777/1532 3009/3774/1532
f 3011/3778/1533 3022/3779/1533 3010/3776/1533
f 3012/3780/1534 3023/3781/1534 3011/3778/1534
f 3025/3782/1535 3012/3780/1535 3013/3783/1535
f 3026/3784/1536 3013/3783/1536 3014/3762/1536
f 3015/3761/1537 3038/3785/1537 3026/3784/1537
f 3016/3764/1538 3027/3786/1538 3015/3787/1538
f 3017/3767/1539 3028/3788/1539 3016/3764/1539
f 3018/3769/1540 3029/3789/1540 3017/3767/1540
f 3031/3790/1541 3018/3769/1541 3019/3773/1541
f 3032/3791/1542 3019/3773/1542 3020/3775/1542
f 3033/3792/1543 3020/3775/1543 3021/3777/1543
f 3034/3793/1544 3021/3777/1544 3022/3779/1544
f 3035/3794/1545 3022/3779/1545 3023/3781/1545
f 3036/3795/1546 3023/3781/1546 3024/3796/1546
f 3025/3782/1547 3036/3795/1547 3024/3796/1547
f 3026/3784/1548 3037/3797/1548 3025/3782/1548
f 3051/3798/1453 3050/3799/1453 3039/3800/1453
f 3052/3801/1454 3039/3802/1454 3040/3803/1454
f 3053/3804/1455 3040/3803/1455 3041/3805/1455
f 3054/3806/1456 3041/3805/1456 3042/3807/1456
f 3055/3808/1457 3042/3807/1457 3043/3809/1457
f 3056/3810/1458 3043/3809/1458 3044/3811/1458
f 3057/3812/1459 3044/3811/1459 3045/3813/1459
f 3058/3814/1460 3045/3813/1460 3046/3815/1460
f 3059/3816/1461 3046/3815/1461 3047/3817/1461
f 3060/3818/1462 3047/3817/1462 3048/3819/1462
f 3061/3820/1463 3048/3819/1463 3049/3821/1463
f 3062/3822/1464 3049/3821/1464 3050/3799/1464
f 3063/3823/1549 3086/3824/1549 3074/3825/1549
f 3064/3826/1550 3075/3827/1550 3063/3828/1550
f 3077/3829/1551 3064/3826/1551 3065/3830/1551
f 3078/3831/1552 3065/3830/1552 3066/3832/1552
f 3079/3833/1553 3066/3832/1553 3067/3834/1553
f 3080/3835/1554 3067/3834/1554 3068/3836/1554
f 3081/3837/1555 3068/3836/1555 3069/3838/1555
f 3082/3839/1556 3069/3838/1556 3070/3840/1556
f 3071/3841/1557 3082/3839/1557 3070/3840/1557
f 3072/3842/1558 3083/3843/1558 3071/3841/1558
f 3073/3844/1559 3084/3845/1559 3072/3842/1559
f 3074/3825/1560 3085/3846/1560 3073/3844/1560
f 3087/3847/1561 3086/3824/1561 3075/3848/1561
f 3088/3849/1562 3075/3827/1562 3076/3850/1562
f 3077/3829/1563 3088/3849/1563 3076/3850/1563
f 3078/3831/1564 3089/3851/1564 3077/3829/1564
f 3079/3833/1565 3090/3852/1565 3078/3831/1565
f 3080/3835/1566 3091/3853/1566 3079/3833/1566
f 3081/3837/1567 3092/3854/1567 3080/3835/1567
f 3082/3839/1568 3093/3855/1568 3081/3837/1568
f 3095/3856/1569 3082/3839/1569 3083/3843/1569
f 3096/3857/1570 3083/3843/1570 3084/3845/1570
f 3097/3858/1571 3084/3845/1571 3085/3846/1571
f 3098/3859/1572 3085/3846/1572 3086/3824/1572
f 3111/3860/1573 3110/3861/1573 3099/3862/1573
f 3112/3863/1574 3099/3864/1574 3100/3865/1574
f 3113/3866/1575 3100/3865/1575 3101/3867/1575
f 3114/3868/1576 3101/3867/1576 3102/3869/1576
f 3115/3870/1577 3102/3869/1577 3103/3871/1577
f 3116/3872/1578 3103/3871/1578 3104/3873/1578
f 3117/3874/1476 3104/3873/1476 3105/3875/1476
f 3118/3876/1579 3105/3875/1579 3106/3877/1579
f 3119/3878/1580 3106/3877/1580 3107/3879/1580
f 3120/3880/1581 3107/3879/1581 3108/3881/1581
f 3121/3882/1582 3108/3881/1582 3109/3883/1582
f 3122/3884/1471 3109/3883/1471 3110/3861/1471
f 3123/3885/1583 3146/3886/1583 3134/3887/1583
f 3136/3888/1584 3123/3889/1584 3124/3890/1584
f 3137/3891/1585 3124/3890/1585 3125/3892/1585
f 3126/3893/1586 3137/3891/1586 3125/3892/1586
f 3139/3894/1587 3126/3893/1587 3127/3895/1587
f 3140/3896/1588 3127/3895/1588 3128/3897/1588
f 3141/3898/1589 3128/3897/1589 3129/3899/1589
f 3142/3900/1590 3129/3899/1590 3130/3901/1590
f 3131/3902/1591 3142/3900/1591 3130/3901/1591
f 3144/3903/1592 3131/3902/1592 3132/3904/1592
f 3145/3905/1593 3132/3904/1593 3133/3906/1593
f 3146/3886/1594 3133/3906/1594 3134/3887/1594
f 1911/2573/1595 1922/2596/1595 1910/2574/1595
f 1912/2576/1596 1911/2599/1596 1899/2577/1596
f 1913/2579/1597 1912/2576/1597 1900/2578/1597
f 1914/2581/1598 1913/2579/1598 1901/2580/1598
f 1903/2583/1599 1915/2585/1599 1914/2581/1599
f 1904/2584/1600 1916/2587/1600 1915/2585/1600
f 1905/2586/1601 1917/2589/1601 1916/2587/1601
f 1906/2588/1602 1918/2591/1602 1917/2589/1602
f 1907/2590/1603 1919/2593/1603 1918/2591/1603
f 1908/2592/1604 1920/2608/1604 1919/2593/1604
f 1921/2594/1605 1920/2608/1605 1908/2592/1605
f 1922/2596/1606 1921/2594/1606 1909/2595/1606
f 1911/2573/1607 1923/2611/1607 1934/2597/1607
f 1912/2576/1608 1924/2600/1608 1923/2598/1608
f 1913/2579/1609 1925/2601/1609 1924/2600/1609
f 1914/2581/1610 1926/2602/1610 1925/2601/1610
f 1915/2585/1611 1927/2615/1611 1926/2602/1611
f 1928/2603/1612 1927/2615/1612 1915/2585/1612
f 1929/2604/1613 1928/2603/1613 1916/2587/1613
f 1930/2605/1614 1929/2604/1614 1917/2589/1614
f 1931/2606/1615 1930/2605/1615 1918/2591/1615
f 1932/2607/1616 1931/2606/1616 1919/2593/1616
f 1933/2609/1617 1932/2607/1617 1920/2608/1617
f 1922/2596/1618 1934/2597/1618 1933/2609/1618
f 1935/2610/1619 1946/2622/1619 1934/2597/1619
f 1936/2612/746 1935/2625/746 1923/2598/746
f 1937/2613/1620 1936/2612/1620 1924/2600/1620
f 1938/2614/1621 1937/2613/1621 1925/2601/1621
f 1927/2615/1622 1939/2616/1622 1938/2614/1622
f 1928/2603/1623 1940/2617/1623 1939/2616/1623
f 1929/2604/751 1941/2618/751 1940/2617/751
f 1930/2605/1624 1942/2619/1624 1941/2618/1624
f 1931/2606/1625 1943/2620/1625 1942/2619/1625
f 1932/2607/1626 1944/2633/1626 1943/2620/1626
f 1945/2621/1627 1944/2633/1627 1932/2607/1627
f 1946/2622/1628 1945/2621/1628 1933/2609/1628
f 1947/2623/757 1958/2635/757 1946/2622/757
f 1948/2624/758 1947/2638/758 1935/2625/758
f 1949/2626/759 1948/2624/759 1936/2612/759
f 1950/2627/760 1949/2626/760 1937/2613/760
f 1951/2628/761 1950/2627/761 1938/2614/761
f 1952/2629/762 1951/2628/762 1939/2616/762
f 1941/2618/763 1953/2643/763 1952/2629/763
f 1954/2630/764 1953/2643/764 1941/2618/764
f 1955/2631/765 1954/2630/765 1942/2619/765
f 1956/2632/766 1955/2631/766 1943/2620/766
f 1957/2634/767 1956/2632/767 1944/2633/767
f 1958/2635/768 1957/2634/768 1945/2621/768
f 1959/2636/769 1970/2648/769 1958/2635/769
f 1960/2637/770 1959/2650/770 1947/2638/770
f 1961/2639/771 1960/2637/771 1948/2624/771
f 1950/2627/772 1962/2653/772 1961/2639/772
f 1963/2640/773 1962/2653/773 1950/2627/773
f 1964/2641/774 1963/2640/774 1951/2628/774
f 1965/2642/775 1964/2641/775 1952/2629/775
f 1966/2644/776 1965/2642/776 1953/2643/776
f 1967/2645/777 1966/2644/777 1954/2630/777
f 1956/2632/778 1968/2660/778 1967/2645/778
f 1969/2646/779 1968/2660/779 1956/2632/779
f 1958/2635/780 1970/2648/780 1969/2646/780
f 1971/2647/781 1982/2662/781 1970/2648/781
f 1972/2649/782 1971/2665/782 1959/2650/782
f 1973/2651/783 1972/2649/783 1960/2637/783
f 1974/2652/784 1973/2651/784 1961/2639/784
f 1975/2654/785 1974/2652/785 1962/2653/785
f 1976/2655/786 1975/2654/786 1963/2640/786
f 1977/2656/787 1976/2655/787 1964/2641/787
f 1978/2657/788 1977/2656/788 1965/2642/788
f 1979/2658/789 1978/2657/789 1966/2644/789
f 1980/2659/790 1979/2658/790 1967/2645/790
f 1981/2661/791 1980/2659/791 1968/2660/791
f 1982/2662/792 1981/2661/792 1969/2646/792
f 1983/2663/793 1994/2674/793 1982/2662/793
f 1972/2649/794 1984/2666/794 1983/2664/794
f 1973/2651/795 1985/2677/795 1984/2666/795
f 1986/2667/1629 1985/2677/1629 1973/2651/1629
f 1987/2668/797 1986/2667/797 1974/2652/797
f 1988/2669/798 1987/2668/798 1975/2654/798
f 1977/2656/799 1989/2683/799 1988/2669/799
f 1990/2670/800 1989/2683/800 1977/2656/800
f 1991/2671/1630 1990/2670/1630 1978/2657/1630
f 1992/2672/1631 1991/2671/1631 1979/2658/1631
f 1993/2673/803 1992/2672/803 1980/2659/803
f 1994/2674/804 1993/2673/804 1981/2661/804
f 1983/2663/1632 1995/2689/1632 2006/2675/1632
f 1984/2666/806 1996/2678/806 1995/2676/806
f 1985/2677/1633 1997/2679/1633 1996/2678/1633
f 1986/2667/1634 1998/2693/1634 1997/2679/1634
f 1999/2680/1635 1998/2693/1635 1986/2667/1635
f 2000/2681/1636 1999/2680/1636 1987/2668/1636
f 2001/2682/811 2000/2681/811 1988/2669/811
f 2002/2684/1637 2001/2682/1637 1989/2683/1637
f 2003/2685/1638 2002/2684/1638 1990/2670/1638
f 2004/2686/1639 2003/2685/1639 1991/2671/1639
f 1993/2673/1640 2005/2687/1640 2004/2686/1640
f 1994/2674/1641 2006/2675/1641 2005/2687/1641
f 2007/2688/1642 2018/2700/1642 2006/2675/1642
f 2008/2690/1643 2007/2703/1643 1995/2676/1643
f 2009/2691/1644 2008/2690/1644 1996/2678/1644
f 2010/2692/1645 2009/2691/1645 1997/2679/1645
f 2011/2694/1646 2010/2692/1646 1998/2693/1646
f 2000/2681/1647 2012/2695/1647 2011/2694/1647
f 2001/2682/1648 2013/2696/1648 2012/2695/1648
f 2002/2684/1649 2014/2697/1649 2013/2696/1649
f 2003/2685/1650 2015/2698/1650 2014/2697/1650
f 2004/2686/1651 2016/2699/1651 2015/2698/1651
f 2005/2687/1652 2017/2712/1652 2016/2699/1652
f 2018/2700/1653 2017/2712/1653 2005/2687/1653
f 2007/2688/1654 2019/2714/1654 2030/2701/1654
f 2008/2690/1655 2020/2704/1655 2019/2702/1655
f 2009/2691/1656 2021/2705/1656 2020/2704/1656
f 2010/2692/1657 2022/2718/1657 2021/2705/1657
f 2023/2706/1658 2022/2718/1658 2010/2692/1658
f 2024/2707/1659 2023/2706/1659 2011/2694/1659
f 2025/2708/1660 2024/2707/1660 2012/2695/1660
f 2026/2709/1661 2025/2708/1661 2013/2696/1661
f 2027/2710/1662 2026/2709/1662 2014/2697/1662
f 2028/2711/1663 2027/2710/1663 2015/2698/1663
f 2017/2712/1664 2029/2713/1664 2028/2711/1664
f 2018/2700/1665 2030/2701/1665 2029/2713/1665
f 2019/2714/1666 2031/2728/1666 2042/2715/1666
f 2020/2704/1667 2032/2717/1667 2031/2716/1667
f 2021/2705/1668 2033/2719/1668 2032/2717/1668
f 2022/2718/1669 2034/2720/1669 2033/2719/1669
f 2023/2706/1670 2035/2732/1670 2034/2720/1670
f 2036/2721/1671 2035/2732/1671 2023/2706/1671
f 2037/2722/1672 2036/2721/1672 2024/2707/1672
f 2038/2723/1673 2037/2722/1673 2025/2708/1673
f 2039/2724/1674 2038/2723/1674 2026/2709/1674
f 2040/2725/1675 2039/2724/1675 2027/2710/1675
f 2041/2726/1676 2040/2725/1676 2028/2711/1676
f 2030/2701/1677 2042/2715/1677 2041/2726/1677
f 2043/2727/853 2054/2739/853 2042/2715/853
f 2044/2729/854 2043/2742/854 2031/2716/854
f 2045/2730/1678 2044/2729/1678 2032/2717/1678
f 2046/2731/1679 2045/2730/1679 2033/2719/1679
f 2035/2732/1680 2047/2733/1680 2046/2731/1680
f 2036/2721/1681 2048/2734/1681 2047/2733/1681
f 2037/2722/859 2049/2735/859 2048/2734/859
f 2038/2723/860 2050/2736/860 2049/2735/860
f 2039/2724/1682 2051/2737/1682 2050/2736/1682
f 2040/2725/1683 2052/2749/1683 2051/2737/1683
f 2053/2738/1684 2052/2749/1684 2040/2725/1684
f 2054/2739/1685 2053/2738/1685 2041/2726/1685
f 2055/2740/865 2066/2752/865 2054/2739/865
f 2056/2741/866 2055/2754/866 2043/2742/866
f 2057/2743/867 2056/2741/867 2044/2729/867
f 2058/2744/868 2057/2743/868 2045/2730/868
f 2059/2745/869 2058/2744/869 2046/2731/869
f 2048/2734/870 2060/2758/870 2059/2745/870
f 2061/2746/871 2060/2758/871 2048/2734/871
f 2062/2747/872 2061/2746/872 2049/2735/872
f 2051/2737/873 2063/2762/873 2062/2747/873
f 2064/2748/874 2063/2762/874 2051/2737/874
f 2065/2750/875 2064/2748/875 2052/2749/875
f 2054/2739/1686 2066/2752/1686 2065/2750/1686
f 2055/2740/877 2067/2766/877 2078/2751/877
f 2068/2753/878 2067/2768/878 2055/2754/878
f 2057/2743/879 2069/2769/879 2068/2753/879
f 2070/2755/1687 2069/2769/1687 2057/2743/1687
f 2071/2756/881 2070/2755/881 2058/2744/881
f 2072/2757/882 2071/2756/882 2059/2745/882
f 2073/2759/883 2072/2757/883 2060/2758/883
f 2074/2760/884 2073/2759/884 2061/2746/884
f 2075/2761/885 2074/2760/885 2062/2747/885
f 2076/2763/886 2075/2761/886 2063/2762/886
f 2077/2764/887 2076/2763/887 2064/2748/887
f 2078/2751/1688 2077/2764/1688 2065/2750/1688
f 2079/2765/889 2090/2778/889 2078/2751/889
f 2080/2767/890 2079/2781/890 2067/2768/890
f 2069/2769/891 2081/2770/891 2080/2767/891
f 2070/2755/892 2082/2783/892 2081/2770/892
f 2083/2771/893 2082/2783/893 2070/2755/893
f 2084/2772/894 2083/2771/894 2071/2756/894
f 2085/2773/895 2084/2772/895 2072/2757/895
f 2086/2774/896 2085/2773/896 2073/2759/896
f 2087/2775/897 2086/2774/897 2074/2760/897
f 2088/2776/1689 2087/2775/1689 2075/2761/1689
f 2089/2777/899 2088/2776/899 2076/2763/899
f 2090/2778/1690 2089/2777/1690 2077/2764/1690
f 2091/2779/901 2102/2789/901 2090/2778/901
f 2092/2780/902 2091/2792/902 2079/2781/902
f 2081/2770/903 2093/2793/903 2092/2780/903
f 2094/2782/904 2093/2793/904 2081/2770/904
f 2095/2784/905 2094/2782/905 2082/2783/905
f 2096/2785/906 2095/2784/906 2083/2771/906
f 2097/2786/907 2096/2785/907 2084/2772/907
f 2086/2774/908 2098/2800/908 2097/2786/908
f 2099/2787/909 2098/2800/909 2086/2774/909
f 2100/2788/910 2099/2787/910 2087/2775/910
f 2089/2777/911 2101/2803/911 2100/2788/911
f 2102/2789/912 2101/2803/912 2089/2777/912
f 2091/2779/913 2103/2805/913 2114/2790/913
f 2092/2780/914 2104/2794/914 2103/2791/914
f 2093/2793/1691 2105/2795/1691 2104/2794/1691
f 2094/2782/1692 2106/2809/1692 2105/2795/1692
f 2107/2796/1693 2106/2809/1693 2094/2782/1693
f 2108/2797/1694 2107/2796/1694 2095/2784/1694
f 2109/2798/919 2108/2797/919 2096/2785/919
f 2110/2799/920 2109/2798/920 2097/2786/920
f 2111/2801/1695 2110/2799/1695 2098/2800/1695
f 2112/2802/1696 2111/2801/1696 2099/2787/1696
f 2101/2803/1697 2113/2804/1697 2112/2802/1697
f 2102/2789/1698 2114/2790/1698 2113/2804/1698
f 2103/2805/1699 2115/2818/1699 2126/2806/1699
f 2104/2794/1700 2116/2808/1700 2115/2807/1700
f 2105/2795/1701 2117/2810/1701 2116/2808/1701
f 2106/2809/1702 2118/2822/1702 2117/2810/1702
f 2119/2811/1703 2118/2822/1703 2106/2809/1703
f 2120/2812/1704 2119/2811/1704 2107/2796/1704
f 2121/2813/1705 2120/2812/1705 2108/2797/1705
f 2122/2814/1706 2121/2813/1706 2109/2798/1706
f 2123/2815/1707 2122/2814/1707 2110/2799/1707
f 2124/2816/1708 2123/2815/1708 2111/2801/1708
f 2113/2804/1709 2125/2817/1709 2124/2816/1709
f 2114/2790/1710 2126/2806/1710 2125/2817/1710
f 2115/2818/1711 2127/2832/1711 2138/2819/1711
f 2116/2808/1712 2128/2821/1712 2127/2820/1712
f 2117/2810/1713 2129/2823/1713 2128/2821/1713
f 2118/2822/1714 2130/2836/1714 2129/2823/1714
f 2131/2824/1715 2130/2836/1715 2118/2822/1715
f 2132/2825/1716 2131/2824/1716 2119/2811/1716
f 2133/2826/1717 2132/2825/1717 2120/2812/1717
f 2134/2827/1718 2133/2826/1718 2121/2813/1718
f 2135/2828/1719 2134/2827/1719 2122/2814/1719
f 2136/2829/1720 2135/2828/1720 2123/2815/1720
f 2125/2817/1721 2137/2830/1721 2136/2829/1721
f 2126/2806/1722 2138/2819/1722 2137/2830/1722
f 2139/2831/1723 2150/2843/1723 2138/2819/1723
f 2140/2833/950 2139/2846/950 2127/2820/950
f 2141/2834/951 2140/2833/951 2128/2821/951
f 2142/2835/952 2141/2834/952 2129/2823/952
f 2131/2824/953 2143/2837/953 2142/2835/953
f 2132/2825/954 2144/2838/954 2143/2837/954
f 2133/2826/955 2145/2839/955 2144/2838/955
f 2134/2827/956 2146/2840/956 2145/2839/956
f 2135/2828/957 2147/2841/957 2146/2840/957
f 2136/2829/958 2148/2855/958 2147/2841/958
f 2149/2842/959 2148/2855/959 2136/2829/959
f 2150/2843/960 2149/2842/960 2137/2830/960
f 2139/2831/1724 2151/2858/1724 2162/2844/1724
f 2140/2833/1725 2152/2847/1725 2151/2845/1725
f 2141/2834/1726 2153/2848/1726 2152/2847/1726
f 2142/2835/1727 2154/2862/1727 2153/2848/1727
f 2155/2849/1728 2154/2862/1728 2142/2835/1728
f 2156/2850/1729 2155/2849/1729 2143/2837/1729
f 2157/2851/1730 2156/2850/1730 2144/2838/1730
f 2158/2852/1731 2157/2851/1731 2145/2839/1731
f 2159/2853/1732 2158/2852/1732 2146/2840/1732
f 2160/2854/1733 2159/2853/1733 2147/2841/1733
f 2149/2842/1734 2161/2856/1734 2160/2854/1734
f 2150/2843/1735 2162/2844/1735 2161/2856/1735
f 2163/2857/1736 2174/2869/1736 2162/2844/1736
f 2164/2859/1737 2163/2872/1737 2151/2845/1737
f 2165/2860/1738 2164/2859/1738 2152/2847/1738
f 2166/2861/1739 2165/2860/1739 2153/2848/1739
f 2155/2849/1740 2167/2863/1740 2166/2861/1740
f 2156/2850/1741 2168/2864/1741 2167/2863/1741
f 2157/2851/1742 2169/2865/1742 2168/2864/1742
f 2158/2852/1743 2170/2866/1743 2169/2865/1743
f 2159/2853/1744 2171/2867/1744 2170/2866/1744
f 2160/2854/1745 2172/2879/1745 2171/2867/1745
f 2173/2868/1746 2172/2879/1746 2160/2854/1746
f 2174/2869/1747 2173/2868/1747 2161/2856/1747
f 2175/2870/1748 2186/2882/1748 2174/2869/1748
f 2176/2871/1749 2175/2884/1749 2163/2872/1749
f 2177/2873/987 2176/2871/987 2164/2859/987
f 2178/2874/988 2177/2873/988 2165/2860/988
f 2167/2863/989 2179/2888/989 2178/2874/989
f 2180/2875/990 2179/2888/990 2167/2863/990
f 2169/2865/991 2181/2876/991 2180/2875/991
f 2170/2866/992 2182/2877/992 2181/2876/992
f 2171/2867/993 2183/2893/993 2182/2877/993
f 2184/2878/994 2183/2893/994 2171/2867/994
f 2173/2868/995 2185/2880/995 2184/2878/995
f 2174/2869/996 2186/2882/996 2185/2880/996
f 2175/2870/1750 2187/2897/1750 2198/2881/1750
f 2176/2871/1751 2188/2885/1751 2187/2883/1751
f 2177/2873/1752 2189/2886/1752 2188/2885/1752
f 2178/2874/1753 2190/2901/1753 2189/2886/1753
f 2191/2887/1754 2190/2901/1754 2178/2874/1754
f 2192/2889/1755 2191/2887/1755 2179/2888/1755
f 2193/2890/1756 2192/2889/1756 2180/2875/1756
f 2194/2891/1757 2193/2890/1757 2181/2876/1757
f 2195/2892/1758 2194/2891/1758 2182/2877/1758
f 2196/2894/1759 2195/2892/1759 2183/2893/1759
f 2185/2880/1760 2197/2895/1760 2196/2894/1760
f 2186/2882/1761 2198/2881/1761 2197/2895/1761
f 2199/2896/1009 2210/2909/1009 2198/2881/1009
f 2200/2898/1010 2199/3907/1010 2187/2883/1010
f 2201/2899/1011 2200/2898/1011 2188/2885/1011
f 2202/2900/1012 2201/2899/1012 2189/2886/1012
f 2203/2902/1762 2202/2900/1762 2190/2901/1762
f 2204/2903/1014 2203/2902/1014 2191/2887/1014
f 2205/2904/1015 2204/2903/1015 2192/2889/1015
f 2206/2905/1016 2205/2904/1016 2193/2890/1016
f 2207/2906/1017 2206/2905/1017 2194/2891/1017
f 2208/2907/1018 2207/2906/1018 2195/2892/1018
f 2209/2908/1019 2208/2907/1019 2196/2894/1019
f 2210/2909/1020 2209/2908/1020 2197/2895/1020
f 2223/2910/1763 2234/2933/1763 2222/2911/1763
f 2224/2913/1764 2223/2936/1764 2211/2914/1764
f 2225/2916/1765 2224/2913/1765 2212/2915/1765
f 2226/2918/1766 2225/2916/1766 2213/2917/1766
f 2215/2920/1767 2227/2922/1767 2226/2918/1767
f 2216/2921/1768 2228/2924/1768 2227/2922/1768
f 2217/2923/1769 2229/2926/1769 2228/2924/1769
f 2218/2925/1770 2230/2928/1770 2229/2926/1770
f 2219/2927/1771 2231/2930/1771 2230/2928/1771
f 2220/2929/1772 2232/2943/1772 2231/2930/1772
f 2233/2931/1773 2232/2943/1773 2220/2929/1773
f 2234/2933/1774 2233/2931/1774 2221/2932/1774
f 2235/2934/1025 2246/2945/1025 2234/2933/1025
f 2236/2935/1026 2235/2948/1026 2223/2936/1026
f 2237/2937/1027 2236/2935/1027 2224/2913/1027
f 2238/2938/1028 2237/2937/1028 2225/2916/1028
f 2239/2939/1029 2238/2938/1029 2226/2918/1029
f 2240/2940/1030 2239/2939/1030 2227/2922/1030
f 2229/2926/1031 2241/2954/1031 2240/2940/1031
f 2242/2941/1032 2241/2954/1032 2229/2926/1032
f 2243/2942/1033 2242/2941/1033 2230/2928/1033
f 2232/2943/1034 2244/2958/1034 2243/2942/1034
f 2245/2944/1035 2244/2958/1035 2232/2943/1035
f 2246/2945/1036 2245/2944/1036 2233/2931/1036
f 2235/2934/1775 2247/2961/1775 2258/2946/1775
f 2236/2935/1776 2248/2949/1776 2247/2947/1776
f 2237/2937/1777 2249/2950/1777 2248/2949/1777
f 2238/2938/1778 2250/2965/1778 2249/2950/1778
f 2251/2951/1779 2250/2965/1779 2238/2938/1779
f 2252/2952/1780 2251/2951/1780 2239/2939/1780
f 2253/2953/1781 2252/2952/1781 2240/2940/1781
f 2254/2955/1782 2253/2953/1782 2241/2954/1782
f 2255/2956/1783 2254/2955/1783 2242/2941/1783
f 2256/2957/1784 2255/2956/1784 2243/2942/1784
f 2245/2944/1785 2257/2959/1785 2256/2957/1785
f 2246/2945/1786 2258/2946/1786 2257/2959/1786
f 2259/2960/1049 2270/2973/1049 2258/2946/1049
f 2260/2962/1050 2259/2976/1050 2247/2947/1050
f 2261/2963/1051 2260/2962/1051 2248/2949/1051
f 2262/2964/1052 2261/2963/1052 2249/2950/1052
f 2263/2966/1053 2262/2964/1053 2250/2965/1053
f 2264/2967/1054 2263/2966/1054 2251/2951/1054
f 2265/2968/1055 2264/2967/1055 2252/2952/1055
f 2266/2969/1056 2265/2968/1056 2253/2953/1056
f 2267/2970/1057 2266/2969/1057 2254/2955/1057
f 2268/2971/1058 2267/2970/1058 2255/2956/1058
f 2269/2972/1059 2268/2971/1059 2256/2957/1059
f 2270/2973/1060 2269/2972/1060 2257/2959/1060
f 2259/2960/1787 2271/2987/1787 2282/2974/1787
f 2260/2962/1788 2272/2977/1788 2271/2975/1788
f 2261/2963/1789 2273/2978/1789 2272/2977/1789
f 2262/2964/1790 2274/2979/1790 2273/2978/1790
f 2263/2966/1791 2275/2991/1791 2274/2979/1791
f 2276/2980/1792 2275/2991/1792 2263/2966/1792
f 2277/2981/1793 2276/2980/1793 2264/2967/1793
f 2278/2982/1794 2277/2981/1794 2265/2968/1794
f 2279/2983/1795 2278/2982/1795 2266/2969/1795
f 2280/2984/1796 2279/2983/1796 2267/2970/1796
f 2281/2985/1797 2280/2984/1797 2268/2971/1797
f 2270/2973/1798 2282/2974/1798 2281/2985/1798
f 2283/2986/1799 2294/2998/1799 2282/2974/1799
f 2284/2988/1800 2283/3001/1800 2271/2975/1800
f 2285/2989/1801 2284/2988/1801 2272/2977/1801
f 2286/2990/1802 2285/2989/1802 2273/2978/1802
f 2275/2991/1803 2287/2992/1803 2286/2990/1803
f 2276/2980/1804 2288/2993/1804 2287/2992/1804
f 2277/2981/1805 2289/2994/1805 2288/2993/1805
f 2278/2982/1806 2290/2995/1806 2289/2994/1806
f 2279/2983/1807 2291/2996/1807 2290/2995/1807
f 2280/2984/1808 2292/3007/1808 2291/2996/1808
f 2293/2997/1809 2292/3007/1809 2280/2984/1809
f 2294/2998/1810 2293/2997/1810 2281/2985/1810
f 2283/2986/1085 2295/3009/1085 2306/2999/1085
f 2296/3000/1086 2295/3012/1086 2283/3001/1086
f 2285/2989/1087 2297/3014/1087 2296/3000/1087
f 2298/3002/1088 2297/3014/1088 2285/2989/1088
f 2287/2992/1089 2299/3015/1089 2298/3002/1089
f 2300/3003/1090 2299/3015/1090 2287/2992/1090
f 2301/3004/1091 2300/3003/1091 2288/2993/1091
f 2302/3005/1092 2301/3004/1092 2289/2994/1092
f 2291/2996/1093 2303/3021/1093 2302/3005/1093
f 2304/3006/1094 2303/3021/1094 2291/2996/1094
f 2293/2997/1095 2305/3008/1095 2304/3006/1095
f 2294/2998/1096 2306/2999/1096 2305/3008/1096
f 2295/3009/1097 2307/3025/1097 2318/3010/1097
f 2308/3011/1098 2307/3027/1098 2295/3012/1098
f 2309/3013/1099 2308/3011/1099 2296/3000/1099
f 2298/3002/1100 2310/3016/1100 2309/3013/1100
f 2299/3015/1101 2311/3017/1101 2310/3016/1101
f 2300/3003/1102 2312/3032/1102 2311/3017/1102
f 2313/3018/1103 2312/3032/1103 2300/3003/1103
f 2314/3019/1104 2313/3018/1104 2301/3004/1104
f 2315/3020/1105 2314/3019/1105 2302/3005/1105
f 2316/3022/1106 2315/3020/1106 2303/3021/1106
f 2317/3023/1107 2316/3022/1107 2304/3006/1107
f 2318/3010/1108 2317/3023/1108 2305/3008/1108
f 2319/3024/1109 2330/3037/1109 2318/3010/1109
f 2320/3026/1110 2319/3040/1110 2307/3027/1110
f 2321/3028/1111 2320/3026/1111 2308/3011/1111
f 2322/3029/1112 2321/3028/1112 2309/3013/1112
f 2323/3030/1113 2322/3029/1113 2310/3016/1113
f 2324/3031/1114 2323/3030/1114 2311/3017/1114
f 2325/3033/1115 2324/3031/1115 2312/3032/1115
f 2326/3034/1116 2325/3033/1116 2313/3018/1116
f 2327/3035/1117 2326/3034/1117 2314/3019/1117
f 2328/3036/1118 2327/3035/1118 2315/3020/1118
f 2317/3023/1119 2329/3050/1119 2328/3036/1119
f 2330/3037/1120 2329/3050/1120 2317/3023/1120
f 2331/3038/1121 2342/3052/1121 2330/3037/1121
f 2332/3039/1122 2331/3054/1122 2319/3040/1122
f 2333/3041/1123 2332/3039/1123 2320/3026/1123
f 2334/3042/1124 2333/3041/1124 2321/3028/1124
f 2335/3043/1125 2334/3042/1125 2322/3029/1125
f 2336/3044/1126 2335/3043/1126 2323/3030/1126
f 2337/3045/1127 2336/3044/1127 2324/3031/1127
f 2338/3046/1128 2337/3045/1128 2325/3033/1128
f 2339/3047/1129 2338/3046/1129 2326/3034/1129
f 2340/3048/1130 2339/3047/1130 2327/3035/1130
f 2341/3049/1131 2340/3048/1131 2328/3036/1131
f 2330/3037/1132 2342/3052/1132 2341/3049/1132
f 2343/3051/1811 2354/3063/1811 2342/3052/1811
f 2344/3053/1134 2343/3066/1134 2331/3054/1134
f 2345/3055/1812 2344/3053/1812 2332/3039/1812
f 2346/3056/1813 2345/3055/1813 2333/3041/1813
f 2347/3057/1814 2346/3056/1814 2334/3042/1814
f 2336/3044/1815 2348/3058/1815 2347/3057/1815
f 2337/3045/1816 2349/3059/1816 2348/3058/1816
f 2338/3046/1140 2350/3060/1140 2349/3059/1140
f 2339/3047/1817 2351/3061/1817 2350/3060/1817
f 2340/3048/1818 2352/3062/1818 2351/3061/1818
f 2341/3049/1819 2353/3074/1819 2352/3062/1819
f 2354/3063/1820 2353/3074/1820 2341/3049/1820
f 2355/3064/1821 2366/3076/1821 2354/3063/1821
f 2356/3065/1822 2355/3079/1822 2343/3066/1822
f 2357/3067/1823 2356/3065/1823 2344/3053/1823
f 2358/3068/1824 2357/3067/1824 2345/3055/1824
f 2359/3069/1825 2358/3068/1825 2346/3056/1825
f 2348/3058/1826 2360/3070/1826 2359/3069/1826
f 2349/3059/1827 2361/3071/1827 2360/3070/1827
f 2350/3060/1828 2362/3072/1828 2361/3071/1828
f 2351/3061/1829 2363/3073/1829 2362/3072/1829
f 2352/3062/1830 2364/3075/1830 2363/3073/1830
f 2353/3074/1831 2365/3087/1831 2364/3075/1831
f 2366/3076/1832 2365/3087/1832 2353/3074/1832
f 2367/3077/1833 2378/3089/1833 2366/3076/1833
f 2368/3078/1834 2367/3092/1834 2355/3079/1834
f 2369/3080/1835 2368/3078/1835 2356/3065/1835
f 2370/3081/1836 2369/3080/1836 2357/3067/1836
f 2371/3082/1837 2370/3081/1837 2358/3068/1837
f 2360/3070/1838 2372/3083/1838 2371/3082/1838
f 2361/3071/1839 2373/3084/1839 2372/3083/1839
f 2362/3072/1840 2374/3085/1840 2373/3084/1840
f 2363/3073/1841 2375/3086/1841 2374/3085/1841
f 2364/3075/1842 2376/3088/1842 2375/3086/1842
f 2365/3087/1843 2377/3102/1843 2376/3088/1843
f 2378/3089/1844 2377/3102/1844 2365/3087/1844
f 2367/3077/1845 2379/3104/1845 2390/3090/1845
f 2368/3078/1846 2380/3093/1846 2379/3091/1846
f 2369/3080/1847 2381/3094/1847 2380/3093/1847
f 2370/3081/1848 2382/3095/1848 2381/3094/1848
f 2371/3082/1849 2383/3109/1849 2382/3095/1849
f 2384/3096/1850 2383/3109/1850 2371/3082/1850
f 2385/3097/1851 2384/3096/1851 2372/3083/1851
f 2386/3098/1852 2385/3097/1852 2373/3084/1852
f 2387/3099/1853 2386/3098/1853 2374/3085/1853
f 2388/3100/1854 2387/3099/1854 2375/3086/1854
f 2389/3101/1855 2388/3100/1855 2376/3088/1855
f 2378/3089/1856 2390/3090/1856 2389/3101/1856
f 2391/3103/1857 2402/3115/1857 2390/3090/1857
f 2392/3105/1182 2391/3118/1182 2379/3091/1182
f 2393/3106/1858 2392/3105/1858 2380/3093/1858
f 2394/3107/1859 2393/3106/1859 2381/3094/1859
f 2395/3108/1860 2394/3107/1860 2382/3095/1860
f 2384/3096/1861 2396/3110/1861 2395/3108/1861
f 2385/3097/1862 2397/3111/1862 2396/3110/1862
f 2386/3098/1188 2398/3112/1188 2397/3111/1188
f 2387/3099/1863 2399/3113/1863 2398/3112/1863
f 2388/3100/1864 2400/3114/1864 2399/3113/1864
f 2389/3101/1865 2401/3125/1865 2400/3114/1865
f 2402/3115/1866 2401/3125/1866 2389/3101/1866
f 2403/3116/1193 2414/3126/1193 2402/3115/1193
f 2404/3117/1194 2403/3129/1194 2391/3118/1194
f 2393/3106/1195 2405/3119/1195 2404/3117/1195
f 2394/3107/1196 2406/3132/1196 2405/3119/1196
f 2407/3120/1197 2406/3132/1197 2394/3107/1197
f 2408/3121/1867 2407/3120/1867 2395/3108/1867
f 2409/3122/1199 2408/3121/1199 2396/3110/1199
f 2410/3123/1200 2409/3122/1200 2397/3111/1200
f 2399/3113/1201 2411/3135/1201 2410/3123/1201
f 2412/3124/1202 2411/3135/1202 2399/3113/1202
f 2401/3125/1203 2413/3137/1203 2412/3124/1203
f 2414/3126/1204 2413/3137/1204 2401/3125/1204
f 2415/3127/1205 2426/3138/1205 2414/3126/1205
f 2416/3128/1206 2415/3141/1206 2403/3129/1206
f 2417/3130/1207 2416/3128/1207 2404/3117/1207
f 2418/3131/1208 2417/3130/1208 2405/3119/1208
f 2407/3120/1209 2419/3144/1209 2418/3131/1209
f 2420/3133/1210 2419/3144/1210 2407/3120/1210
f 2409/3122/1211 2421/3147/1211 2420/3133/1211
f 2422/3134/1212 2421/3147/1212 2409/3122/1212
f 2411/3135/1213 2423/3150/1213 2422/3134/1213
f 2424/3136/1214 2423/3150/1214 2411/3135/1214
f 2413/3137/1868 2425/3153/1868 2424/3136/1868
f 2426/3138/1216 2425/3153/1216 2413/3137/1216
f 2415/3127/1217 2427/3154/1217 2438/3139/1217
f 2428/3140/1218 2427/3157/1218 2415/3141/1218
f 2429/3142/1219 2428/3140/1219 2416/3128/1219
f 2418/3131/1220 2430/3160/1220 2429/3142/1220
f 2431/3143/1221 2430/3160/1221 2418/3131/1221
f 2432/3145/1222 2431/3143/1222 2419/3144/1222
f 2433/3146/1223 2432/3145/1223 2420/3133/1223
f 2434/3148/1224 2433/3146/1224 2421/3147/1224
f 2435/3149/1225 2434/3148/1225 2422/3134/1225
f 2436/3151/1226 2435/3149/1226 2423/3150/1226
f 2437/3152/1227 2436/3151/1227 2424/3136/1227
f 2426/3138/1228 2438/3139/1228 2437/3152/1228
f 2427/3154/1229 2439/3167/1229 2450/3155/1229
f 2440/3156/1230 2439/3170/1230 2427/3157/1230
f 2441/3158/1231 2440/3156/1231 2428/3140/1231
f 2442/3159/1232 2441/3158/1232 2429/3142/1232
f 2443/3161/1233 2442/3159/1233 2430/3160/1233
f 2444/3162/1869 2443/3161/1869 2431/3143/1869
f 2445/3163/1235 2444/3162/1235 2432/3145/1235
f 2434/3148/1236 2446/3164/1236 2445/3163/1236
f 2435/3149/1237 2447/3178/1237 2446/3164/1237
f 2448/3165/1238 2447/3178/1238 2435/3149/1238
f 2449/3166/1239 2448/3165/1239 2436/3151/1239
f 2450/3155/1870 2449/3166/1870 2437/3152/1870
f 2439/3167/1871 2451/3181/1871 2462/3168/1871
f 2440/3156/1242 2452/3171/1242 2451/3169/1242
f 2441/3158/1872 2453/3172/1872 2452/3171/1872
f 2442/3159/1873 2454/3173/1873 2453/3172/1873
f 2443/3161/1874 2455/3187/1874 2454/3173/1874
f 2456/3174/1875 2455/3187/1875 2443/3161/1875
f 2457/3175/1876 2456/3174/1876 2444/3162/1876
f 2458/3176/1248 2457/3175/1248 2445/3163/1248
f 2459/3177/1877 2458/3176/1877 2446/3164/1877
f 2460/3179/1878 2459/3177/1878 2447/3178/1878
f 2461/3180/1879 2460/3179/1879 2448/3165/1879
f 2450/3155/1880 2462/3168/1880 2461/3180/1880
f 2451/3181/1881 2463/3908/1881 2474/3182/1881
f 2464/3183/1882 2463/3909/1882 2451/3169/1882
f 2465/3184/1883 2464/3183/1883 2452/3171/1883
f 2466/3185/1884 2465/3184/1884 2453/3172/1884
f 2467/3186/1885 2466/3185/1885 2454/3173/1885
f 2468/3188/1886 2467/3186/1886 2455/3187/1886
f 2469/3189/1887 2468/3188/1887 2456/3174/1887
f 2458/3176/1888 2470/3190/1888 2469/3189/1888
f 2459/3177/1889 2471/3191/1889 2470/3190/1889
f 2460/3179/1890 2472/3192/1890 2471/3191/1890
f 2461/3180/1891 2473/3193/1891 2472/3192/1891
f 2462/3168/1892 2474/3182/1892 2473/3193/1892
f 2475/3194/1893 2487/3219/1893 2498/3195/1893
f 2476/3197/1894 2488/3201/1894 2487/3198/1894
f 2477/3200/1895 2489/3222/1895 2488/3201/1895
f 2490/3202/1896 2489/3222/1896 2477/3200/1896
f 2491/3204/1897 2490/3202/1897 2478/3203/1897
f 2492/3206/1898 2491/3204/1898 2479/3205/1898
f 2493/3208/1899 2492/3206/1899 2480/3207/1899
f 2494/3210/1900 2493/3208/1900 2481/3209/1900
f 2495/3212/1901 2494/3210/1901 2482/3211/1901
f 2484/3214/1902 2496/3216/1902 2495/3212/1902
f 2485/3215/1903 2497/3217/1903 2496/3216/1903
f 2486/3196/1904 2498/3195/1904 2497/3217/1904
f 2499/3218/1289 2510/3230/1289 2498/3195/1289
f 2500/3220/1905 2499/3233/1905 2487/3198/1905
f 2501/3221/1906 2500/3220/1906 2488/3201/1906
f 2490/3202/1907 2502/3223/1907 2501/3221/1907
f 2491/3204/1908 2503/3224/1908 2502/3223/1908
f 2492/3206/1294 2504/3225/1294 2503/3224/1294
f 2493/3208/1909 2505/3226/1909 2504/3225/1909
f 2494/3210/1910 2506/3227/1910 2505/3226/1910
f 2495/3212/1911 2507/3241/1911 2506/3227/1911
f 2508/3228/1912 2507/3241/1912 2495/3212/1912
f 2509/3229/1913 2508/3228/1913 2496/3216/1913
f 2510/3230/1914 2509/3229/1914 2497/3217/1914
f 2511/3231/1289 2522/3244/1289 2510/3230/1289
f 2512/3232/1290 2511/3247/1290 2499/3233/1290
f 2513/3234/1291 2512/3232/1291 2500/3220/1291
f 2514/3235/1915 2513/3234/1915 2501/3221/1915
f 2515/3236/1293 2514/3235/1293 2502/3223/1293
f 2516/3237/1294 2515/3236/1294 2503/3224/1294
f 2517/3238/1295 2516/3237/1295 2504/3225/1295
f 2518/3239/1296 2517/3238/1296 2505/3226/1296
f 2519/3240/1297 2518/3239/1297 2506/3227/1297
f 2520/3242/1298 2519/3240/1298 2507/3241/1298
f 2521/3243/1299 2520/3242/1299 2508/3228/1299
f 2522/3244/1300 2521/3243/1300 2509/3229/1300
f 2523/3245/1289 2534/3257/1289 2522/3244/1289
f 2524/3246/1290 2523/3260/1290 2511/3247/1290
f 2525/3248/1291 2524/3246/1291 2512/3232/1291
f 2526/3249/1292 2525/3248/1292 2513/3234/1292
f 2527/3250/1293 2526/3249/1293 2514/3235/1293
f 2528/3251/1294 2527/3250/1294 2515/3236/1294
f 2529/3252/1295 2528/3251/1295 2516/3237/1295
f 2530/3253/1296 2529/3252/1296 2517/3238/1296
f 2531/3254/1297 2530/3253/1297 2518/3239/1297
f 2532/3255/1298 2531/3254/1298 2519/3240/1298
f 2533/3256/1299 2532/3255/1299 2520/3242/1299
f 2534/3257/1300 2533/3256/1300 2521/3243/1300
f 2535/3258/1289 2546/3270/1289 2534/3257/1289
f 2536/3259/1290 2535/3273/1290 2523/3260/1290
f 2537/3261/1291 2536/3259/1291 2524/3246/1291
f 2538/3262/1915 2537/3261/1915 2525/3248/1915
f 2539/3263/1293 2538/3262/1293 2526/3249/1293
f 2540/3264/1294 2539/3263/1294 2527/3250/1294
f 2541/3265/1295 2540/3264/1295 2528/3251/1295
f 2542/3266/1296 2541/3265/1296 2529/3252/1296
f 2543/3267/1297 2542/3266/1297 2530/3253/1297
f 2544/3268/1298 2543/3267/1298 2531/3254/1298
f 2545/3269/1299 2544/3268/1299 2532/3255/1299
f 2546/3270/1300 2545/3269/1300 2533/3256/1300
f 2535/3258/1916 2547/3284/1916 2558/3271/1916
f 2536/3259/1917 2548/3274/1917 2547/3272/1917
f 2537/3261/1918 2549/3287/1918 2548/3274/1918
f 2550/3275/1919 2549/3287/1919 2537/3261/1919
f 2551/3276/1920 2550/3275/1920 2538/3262/1920
f 2552/3277/1921 2551/3276/1921 2539/3263/1921
f 2553/3278/1283 2552/3277/1283 2540/3264/1283
f 2554/3279/1922 2553/3278/1922 2541/3265/1922
f 2555/3280/1923 2554/3279/1923 2542/3266/1923
f 2544/3268/1924 2556/3281/1924 2555/3280/1924
f 2545/3269/1925 2557/3282/1925 2556/3281/1925
f 2546/3270/1288 2558/3271/1288 2557/3282/1288
f 2559/3283/1926 2570/3295/1926 2558/3271/1926
f 2560/3285/1927 2559/3298/1927 2547/3272/1927
f 2561/3286/1928 2560/3285/1928 2548/3274/1928
f 2550/3275/1929 2562/3288/1929 2561/3286/1929
f 2551/3276/1930 2563/3289/1930 2562/3288/1930
f 2552/3277/1931 2564/3290/1931 2563/3289/1931
f 2553/3278/1932 2565/3291/1932 2564/3290/1932
f 2554/3279/1933 2566/3292/1933 2565/3291/1933
f 2555/3280/1934 2567/3304/1934 2566/3292/1934
f 2568/3293/1935 2567/3304/1935 2555/3280/1935
f 2569/3294/1936 2568/3293/1936 2556/3281/1936
f 2570/3295/1937 2569/3294/1937 2557/3282/1937
f 2571/3296/1323 2582/3307/1323 2570/3295/1323
f 2572/3297/1324 2571/3310/1324 2559/3298/1324
f 2561/3286/1325 2573/3299/1325 2572/3297/1325
f 2562/3288/1326 2574/3313/1326 2573/3299/1326
f 2575/3300/1327 2574/3313/1327 2562/3288/1327
f 2576/3301/1328 2575/3300/1328 2563/3289/1328
f 2577/3302/1329 2576/3301/1329 2564/3290/1329
f 2566/3292/1330 2578/3317/1330 2577/3302/1330
f 2579/3303/1331 2578/3317/1331 2566/3292/1331
f 2580/3305/1332 2579/3303/1332 2567/3304/1332
f 2581/3306/1333 2580/3305/1333 2568/3293/1333
f 2582/3307/1334 2581/3306/1334 2569/3294/1334
f 2571/3296/1335 2583/3321/1335 2594/3308/1335
f 2584/3309/1336 2583/3324/1336 2571/3310/1336
f 2585/3311/1337 2584/3309/1337 2572/3297/1337
f 2586/3312/1338 2585/3311/1338 2573/3299/1338
f 2587/3314/1339 2586/3312/1339 2574/3313/1339
f 2588/3315/1340 2587/3314/1340 2575/3300/1340
f 2589/3316/1341 2588/3315/1341 2576/3301/1341
f 2578/3317/1342 2590/3318/1342 2589/3316/1342
f 2579/3303/1343 2591/3332/1343 2590/3318/1343
f 2592/3319/1344 2591/3332/1344 2579/3303/1344
f 2593/3320/1345 2592/3319/1345 2580/3305/1345
f 2594/3308/1346 2593/3320/1346 2581/3306/1346
f 2583/3321/1938 2595/3336/1938 2606/3322/1938
f 2584/3309/1939 2596/3325/1939 2595/3323/1939
f 2585/3311/1940 2597/3339/1940 2596/3325/1940
f 2598/3326/1941 2597/3339/1941 2585/3311/1941
f 2599/3327/1942 2598/3326/1942 2586/3312/1942
f 2600/3328/1943 2599/3327/1943 2587/3314/1943
f 2601/3329/1944 2600/3328/1944 2588/3315/1944
f 2602/3330/1945 2601/3329/1945 2589/3316/1945
f 2603/3331/1946 2602/3330/1946 2590/3318/1946
f 2592/3319/1947 2604/3333/1947 2603/3331/1947
f 2593/3320/1948 2605/3334/1948 2604/3333/1948
f 2594/3308/1949 2606/3322/1949 2605/3334/1949
f 2607/3335/1371 2618/3347/1371 2606/3322/1371
f 2608/3337/1950 2607/3350/1950 2595/3323/1950
f 2609/3338/1951 2608/3337/1951 2596/3325/1951
f 2598/3326/1952 2610/3340/1952 2609/3338/1952
f 2599/3327/1953 2611/3341/1953 2610/3340/1953
f 2600/3328/1376 2612/3342/1376 2611/3341/1376
f 2601/3329/1954 2613/3343/1954 2612/3342/1954
f 2602/3330/1955 2614/3344/1955 2613/3343/1955
f 2603/3331/1956 2615/3358/1956 2614/3344/1956
f 2616/3345/1957 2615/3358/1957 2603/3331/1957
f 2617/3346/1958 2616/3345/1958 2604/3333/1958
f 2618/3347/1959 2617/3346/1959 2605/3334/1959
f 2607/3335/1371 2619/3362/1371 2630/3348/1371
f 2620/3349/1372 2619/3364/1372 2607/3350/1372
f 2621/3351/1373 2620/3349/1373 2608/3337/1373
f 2622/3352/1374 2621/3351/1374 2609/3338/1374
f 2623/3353/1375 2622/3352/1375 2610/3340/1375
f 2624/3354/1376 2623/3353/1376 2611/3341/1376
f 2625/3355/1377 2624/3354/1377 2612/3342/1377
f 2626/3356/1378 2625/3355/1378 2613/3343/1378
f 2627/3357/1379 2626/3356/1379 2614/3344/1379
f 2628/3359/1380 2627/3357/1380 2615/3358/1380
f 2629/3360/1381 2628/3359/1381 2616/3345/1381
f 2630/3348/1382 2629/3360/1382 2617/3346/1382
f 2631/3361/1371 2642/3374/1371 2630/3348/1371
f 2632/3363/1372 2631/3377/1372 2619/3364/1372
f 2633/3365/1373 2632/3363/1373 2620/3349/1373
f 2634/3366/1374 2633/3365/1374 2621/3351/1374
f 2635/3367/1375 2634/3366/1375 2622/3352/1375
f 2636/3368/1376 2635/3367/1376 2623/3353/1376
f 2637/3369/1377 2636/3368/1377 2624/3354/1377
f 2638/3370/1378 2637/3369/1378 2625/3355/1378
f 2639/3371/1379 2638/3370/1379 2626/3356/1379
f 2640/3372/1380 2639/3371/1380 2627/3357/1380
f 2641/3373/1381 2640/3372/1381 2628/3359/1381
f 2642/3374/1382 2641/3373/1382 2629/3360/1382
f 2643/3375/1371 2654/3387/1371 2642/3374/1371
f 2644/3376/1372 2643/3390/1372 2631/3377/1372
f 2645/3378/1373 2644/3376/1373 2632/3363/1373
f 2646/3379/1374 2645/3378/1374 2633/3365/1374
f 2647/3380/1375 2646/3379/1375 2634/3366/1375
f 2648/3381/1376 2647/3380/1376 2635/3367/1376
f 2649/3382/1377 2648/3381/1377 2636/3368/1377
f 2650/3383/1378 2649/3382/1378 2637/3369/1378
f 2651/3384/1379 2650/3383/1379 2638/3370/1379
f 2652/3385/1380 2651/3384/1380 2639/3371/1380
f 2653/3386/1381 2652/3385/1381 2640/3372/1381
f 2654/3387/1382 2653/3386/1382 2641/3373/1382
f 2643/3375/1960 2655/3401/1960 2666/3388/1960
f 2644/3376/1961 2656/3391/1961 2655/3389/1961
f 2645/3378/1962 2657/3404/1962 2656/3391/1962
f 2658/3392/1963 2657/3404/1963 2645/3378/1963
f 2659/3393/1964 2658/3392/1964 2646/3379/1964
f 2660/3394/1965 2659/3393/1965 2647/3380/1965
f 2661/3395/1365 2660/3394/1365 2648/3381/1365
f 2662/3396/1966 2661/3395/1966 2649/3382/1966
f 2663/3397/1967 2662/3396/1967 2650/3383/1967
f 2652/3385/1968 2664/3398/1968 2663/3397/1968
f 2653/3386/1969 2665/3399/1969 2664/3398/1969
f 2654/3387/1370 2666/3388/1370 2665/3399/1370
f 2667/3400/1970 2678/3412/1970 2666/3388/1970
f 2668/3402/1971 2667/3415/1971 2655/3389/1971
f 2669/3403/1972 2668/3402/1972 2656/3391/1972
f 2658/3392/1973 2670/3405/1973 2669/3403/1973
f 2659/3393/1974 2671/3406/1974 2670/3405/1974
f 2660/3394/1975 2672/3407/1975 2671/3406/1975
f 2661/3395/1976 2673/3408/1976 2672/3407/1976
f 2662/3396/1977 2674/3409/1977 2673/3408/1977
f 2663/3397/1978 2675/3422/1978 2674/3409/1978
f 2676/3410/1979 2675/3422/1979 2663/3397/1979
f 2677/3411/1980 2676/3410/1980 2664/3398/1980
f 2678/3412/1981 2677/3411/1981 2665/3399/1981
f 2679/3413/1405 2690/3426/1405 2678/3412/1405
f 2668/3402/1406 2680/3427/1406 2679/3414/1406
f 2681/3416/1407 2680/3427/1407 2668/3402/1407
f 2682/3417/1408 2681/3416/1408 2669/3403/1408
f 2671/3406/1409 2683/3432/1409 2682/3417/1409
f 2684/3418/1410 2683/3432/1410 2671/3406/1410
f 2685/3419/1411 2684/3418/1411 2672/3407/1411
f 2686/3420/1412 2685/3419/1412 2673/3408/1412
f 2687/3421/1413 2686/3420/1413 2674/3409/1413
f 2688/3423/1414 2687/3421/1414 2675/3422/1414
f 2677/3411/1415 2689/3424/1415 2688/3423/1415
f 2678/3412/1416 2690/3426/1416 2689/3424/1416
f 2679/3413/1982 2691/3440/1982 2702/3425/1982
f 2680/3427/1983 2692/3429/1983 2691/3428/1983
f 2681/3416/1984 2693/3443/1984 2692/3429/1984
f 2694/3430/1985 2693/3443/1985 2681/3416/1985
f 2695/3431/1986 2694/3430/1986 2682/3417/1986
f 2696/3433/1987 2695/3431/1987 2683/3432/1987
f 2697/3434/1988 2696/3433/1988 2684/3418/1988
f 2698/3435/1989 2697/3434/1989 2685/3419/1989
f 2699/3436/1990 2698/3435/1990 2686/3420/1990
f 2688/3423/1991 2700/3437/1991 2699/3436/1991
f 2689/3424/1992 2701/3438/1992 2700/3437/1992
f 2690/3426/1993 2702/3425/1993 2701/3438/1993
f 2703/3439/1441 2714/3451/1441 2702/3425/1441
f 2704/3441/1994 2703/3454/1994 2691/3428/1994
f 2705/3442/1995 2704/3441/1995 2692/3429/1995
f 2694/3430/1996 2706/3444/1996 2705/3442/1996
f 2695/3431/1997 2707/3445/1997 2706/3444/1997
f 2696/3433/1446 2708/3446/1446 2707/3445/1446
f 2697/3434/1998 2709/3447/1998 2708/3446/1998
f 2698/3435/1999 2710/3448/1999 2709/3447/1999
f 2699/3436/2000 2711/3462/2000 2710/3448/2000
f 2712/3449/2001 2711/3462/2001 2699/3436/2001
f 2713/3450/2002 2712/3449/2002 2700/3437/2002
f 2714/3451/2003 2713/3450/2003 2701/3438/2003
f 2715/3452/1441 2726/3465/1441 2714/3451/1441
f 2716/3453/1442 2715/3468/1442 2703/3454/1442
f 2717/3455/1443 2716/3453/1443 2704/3441/1443
f 2718/3456/1444 2717/3455/1444 2705/3442/1444
f 2719/3457/1445 2718/3456/1445 2706/3444/1445
f 2720/3458/1446 2719/3457/1446 2707/3445/1446
f 2721/3459/1447 2720/3458/1447 2708/3446/1447
f 2722/3460/1448 2721/3459/1448 2709/3447/1448
f 2723/3461/1449 2722/3460/1449 2710/3448/1449
f 2724/3463/1450 2723/3461/1450 2711/3462/1450
f 2725/3464/1451 2724/3463/1451 2712/3449/1451
f 2726/3465/1452 2725/3464/1452 2713/3450/1452
f 2727/3466/1441 2738/3478/1441 2726/3465/1441
f 2728/3467/1442 2727/3481/1442 2715/3468/1442
f 2729/3469/1443 2728/3467/1443 2716/3453/1443
f 2730/3470/1444 2729/3469/1444 2717/3455/1444
f 2731/3471/1445 2730/3470/1445 2718/3456/1445
f 2732/3472/1446 2731/3471/1446 2719/3457/1446
f 2733/3473/1447 2732/3472/1447 2720/3458/1447
f 2734/3474/1448 2733/3473/1448 2721/3459/1448
f 2735/3475/1449 2734/3474/1449 2722/3460/1449
f 2736/3476/1450 2735/3475/1450 2723/3461/1450
f 2737/3477/1451 2736/3476/1451 2724/3463/1451
f 2738/3478/1452 2737/3477/1452 2725/3464/1452
f 2739/3479/1441 2750/3491/1441 2738/3478/1441
f 2740/3480/1442 2739/3494/1442 2727/3481/1442
f 2741/3482/1443 2740/3480/1443 2728/3467/1443
f 2742/3483/1444 2741/3482/1444 2729/3469/1444
f 2743/3484/1445 2742/3483/1445 2730/3470/1445
f 2744/3485/1446 2743/3484/1446 2731/3471/1446
f 2745/3486/1447 2744/3485/1447 2732/3472/1447
f 2746/3487/1448 2745/3486/1448 2733/3473/1448
f 2747/3488/1449 2746/3487/1449 2734/3474/1449
f 2748/3489/1450 2747/3488/1450 2735/3475/1450
f 2749/3490/1451 2748/3489/1451 2736/3476/1451
f 2750/3491/1452 2749/3490/1452 2737/3477/1452
f 2751/3492/1441 2762/3504/1441 2750/3491/1441
f 2752/3493/1442 2751/3910/1442 2739/3494/1442
f 2753/3495/1443 2752/3493/1443 2740/3480/1443
f 2754/3496/1444 2753/3495/1444 2741/3482/1444
f 2755/3497/1445 2754/3496/1445 2742/3483/1445
f 2756/3498/1446 2755/3497/1446 2743/3484/1446
f 2757/3499/1447 2756/3498/1447 2744/3485/1447
f 2758/3500/1448 2757/3499/1448 2745/3486/1448
f 2759/3501/1449 2758/3500/1449 2746/3487/1449
f 2760/3502/1450 2759/3501/1450 2747/3488/1450
f 2761/3503/1451 2760/3502/1451 2748/3489/1451
f 2762/3504/1452 2761/3503/1452 2749/3490/1452
f 2775/3505/1453 2786/3529/1453 2774/3506/1453
f 2776/3508/1454 2775/3532/1454 2763/3509/1454
f 2777/3511/1455 2776/3508/1455 2764/3510/1455
f 2778/3513/1456 2777/3511/1456 2765/3512/1456
f 2779/3515/1457 2778/3513/1457 2766/3514/1457
f 2780/3517/1458 2779/3515/1458 2767/3516/1458
f 2781/3519/1459 2780/3517/1459 2768/3518/1459
f 2782/3521/1460 2781/3519/1460 2769/3520/1460
f 2783/3523/1461 2782/3521/1461 2770/3522/1461
f 2784/3525/1462 2783/3523/1462 2771/3524/1462
f 2785/3527/1463 2784/3525/1463 2772/3526/1463
f 2786/3529/1464 2785/3527/1464 2773/3528/1464
f 2787/3530/1453 2798/3542/1453 2786/3529/1453
f 2788/3531/1454 2787/3545/1454 2775/3532/1454
f 2789/3533/1455 2788/3531/1455 2776/3508/1455
f 2790/3534/1456 2789/3533/1456 2777/3511/1456
f 2791/3535/1457 2790/3534/1457 2778/3513/1457
f 2792/3536/1458 2791/3535/1458 2779/3515/1458
f 2793/3537/1459 2792/3536/1459 2780/3517/1459
f 2794/3538/1460 2793/3537/1460 2781/3519/1460
f 2795/3539/1461 2794/3538/1461 2782/3521/1461
f 2796/3540/1462 2795/3539/1462 2783/3523/1462
f 2797/3541/1463 2796/3540/1463 2784/3525/1463
f 2798/3542/1464 2797/3541/1464 2785/3527/1464
f 2799/3543/1453 2810/3555/1453 2798/3542/1453
f 2800/3544/1454 2799/3558/1454 2787/3545/1454
f 2801/3546/1455 2800/3544/1455 2788/3531/1455
f 2802/3547/1456 2801/3546/1456 2789/3533/1456
f 2803/3548/1457 2802/3547/1457 2790/3534/1457
f 2804/3549/1458 2803/3548/1458 2791/3535/1458
f 2805/3550/1459 2804/3549/1459 2792/3536/1459
f 2806/3551/1460 2805/3550/1460 2793/3537/1460
f 2807/3552/1461 2806/3551/1461 2794/3538/1461
f 2808/3553/1462 2807/3552/1462 2795/3539/1462
f 2809/3554/1463 2808/3553/1463 2796/3540/1463
f 2810/3555/1464 2809/3554/1464 2797/3541/1464
f 2811/3556/1453 2822/3568/1453 2810/3555/1453
f 2812/3557/1454 2811/3571/1454 2799/3558/1454
f 2813/3559/1455 2812/3557/1455 2800/3544/1455
f 2814/3560/1456 2813/3559/1456 2801/3546/1456
f 2815/3561/1457 2814/3560/1457 2802/3547/1457
f 2816/3562/1458 2815/3561/1458 2803/3548/1458
f 2817/3563/1459 2816/3562/1459 2804/3549/1459
f 2818/3564/1460 2817/3563/1460 2805/3550/1460
f 2819/3565/1461 2818/3564/1461 2806/3551/1461
f 2820/3566/1462 2819/3565/1462 2807/3552/1462
f 2821/3567/1463 2820/3566/1463 2808/3553/1463
f 2822/3568/1464 2821/3567/1464 2809/3554/1464
f 2823/3569/1453 2834/3581/1453 2822/3568/1453
f 2824/3570/1454 2823/3911/1454 2811/3571/1454
f 2825/3572/1455 2824/3570/1455 2812/3557/1455
f 2826/3573/1456 2825/3572/1456 2813/3559/1456
f 2827/3574/1457 2826/3573/1457 2814/3560/1457
f 2828/3575/1458 2827/3574/1458 2815/3561/1458
f 2829/3576/1459 2828/3575/1459 2816/3562/1459
f 2830/3577/1460 2829/3576/1460 2817/3563/1460
f 2831/3578/1461 2830/3577/1461 2818/3564/1461
f 2832/3579/1462 2831/3578/1462 2819/3565/1462
f 2833/3580/1463 2832/3579/1463 2820/3566/1463
f 2834/3581/1464 2833/3580/1464 2821/3567/1464
f 2847/3582/1453 2858/3606/1453 2846/3583/1453
f 2848/3585/1454 2847/3609/1454 2835/3586/1454
f 2849/3588/1455 2848/3585/1455 2836/3587/1455
f 2850/3590/1456 2849/3588/1456 2837/3589/1456
f 2851/3592/1457 2850/3590/1457 2838/3591/1457
f 2852/3594/1458 2851/3592/1458 2839/3593/1458
f 2853/3596/1459 2852/3594/1459 2840/3595/1459
f 2854/3598/1460 2853/3596/1460 2841/3597/1460
f 2855/3600/1461 2854/3598/1461 2842/3599/1461
f 2856/3602/1462 2855/3600/1462 2843/3601/1462
f 2857/3604/1463 2856/3602/1463 2844/3603/1463
f 2858/3606/1464 2857/3604/1464 2845/3605/1464
f 2859/3607/1453 2870/3619/1453 2858/3606/1453
f 2860/3608/1454 2859/3622/1454 2847/3609/1454
f 2861/3610/1455 2860/3608/1455 2848/3585/1455
f 2862/3611/1456 2861/3610/1456 2849/3588/1456
f 2863/3612/1457 2862/3611/1457 2850/3590/1457
f 2864/3613/1458 2863/3612/1458 2851/3592/1458
f 2865/3614/1459 2864/3613/1459 2852/3594/1459
f 2866/3615/1460 2865/3614/1460 2853/3596/1460
f 2867/3616/1461 2866/3615/1461 2854/3598/1461
f 2868/3617/1462 2867/3616/1462 2855/3600/1462
f 2869/3618/1463 2868/3617/1463 2856/3602/1463
f 2870/3619/1464 2869/3618/1464 2857/3604/1464
f 2871/3620/1453 2882/3632/1453 2870/3619/1453
f 2872/3621/1454 2871/3635/1454 2859/3622/1454
f 2873/3623/1455 2872/3621/1455 2860/3608/1455
f 2874/3624/1456 2873/3623/1456 2861/3610/1456
f 2875/3625/1457 2874/3624/1457 2862/3611/1457
f 2876/3626/1458 2875/3625/1458 2863/3612/1458
f 2877/3627/1459 2876/3626/1459 2864/3613/1459
f 2878/3628/1460 2877/3627/1460 2865/3614/1460
f 2879/3629/1461 2878/3628/1461 2866/3615/1461
f 2880/3630/1462 2879/3629/1462 2867/3616/1462
f 2881/3631/1463 2880/3630/1463 2868/3617/1463
f 2882/3632/1464 2881/3631/1464 2869/3618/1464
f 2883/3633/1453 2894/3645/1453 2882/3632/1453
f 2884/3634/1454 2883/3648/1454 2871/3635/1454
f 2885/3636/1455 2884/3634/1455 2872/3621/1455
f 2886/3637/1456 2885/3636/1456 2873/3623/1456
f 2887/3638/1457 2886/3637/1457 2874/3624/1457
f 2888/3639/1458 2887/3638/1458 2875/3625/1458
f 2889/3640/1459 2888/3639/1459 2876/3626/1459
f 2890/3641/1460 2889/3640/1460 2877/3627/1460
f 2891/3642/1461 2890/3641/1461 2878/3628/1461
f 2892/3643/1462 2891/3642/1462 2879/3629/1462
f 2893/3644/1463 2892/3643/1463 2880/3630/1463
f 2894/3645/1464 2893/3644/1464 2881/3631/1464
f 2895/3646/1453 2906/3658/1453 2894/3645/1453
f 2896/3647/1454 2895/3912/1454 2883/3648/1454
f 2897/3649/1455 2896/3647/1455 2884/3634/1455
f 2898/3650/1456 2897/3649/1456 2885/3636/1456
f 2899/3651/1457 2898/3650/1457 2886/3637/1457
f 2900/3652/1458 2899/3651/1458 2887/3638/1458
f 2901/3653/1459 2900/3652/1459 2888/3639/1459
f 2902/3654/1460 2901/3653/1460 2889/3640/1460
f 2903/3655/1461 2902/3654/1461 2890/3641/1461
f 2904/3656/1462 2903/3655/1462 2891/3642/1462
f 2905/3657/1463 2904/3656/1463 2892/3643/1463
f 2906/3658/1464 2905/3657/1464 2893/3644/1464
f 2919/3659/2004 2930/3682/2004 2918/3660/2004
f 2920/3662/2005 2919/3685/2005 2907/3663/2005
f 2921/3665/2006 2920/3662/2006 2908/3664/2006
f 2910/3667/2007 2922/3669/2007 2921/3665/2007
f 2911/3668/2008 2923/3671/2008 2922/3669/2008
f 2912/3670/2009 2924/3673/2009 2923/3671/2009
f 2913/3672/2010 2925/3675/2010 2924/3673/2010
f 2914/3674/2011 2926/3677/2011 2925/3675/2011
f 2915/3676/2012 2927/3693/2012 2926/3677/2012
f 2928/3678/2013 2927/3693/2013 2915/3676/2013
f 2929/3680/2014 2928/3678/2014 2916/3679/2014
f 2930/3682/2015 2929/3680/2015 2917/3681/2015
f 2919/3659/2016 2931/3697/2016 2942/3683/2016
f 2920/3662/2017 2932/3686/2017 2931/3684/2017
f 2921/3665/2018 2933/3699/2018 2932/3686/2018
f 2934/3687/2019 2933/3699/2019 2921/3665/2019
f 2935/3688/2020 2934/3687/2020 2922/3669/2020
f 2936/3689/2021 2935/3688/2021 2923/3671/2021
f 2937/3690/1495 2936/3689/1495 2924/3673/1495
f 2938/3691/2022 2937/3690/2022 2925/3675/2022
f 2939/3692/2023 2938/3691/2023 2926/3677/2023
f 2928/3678/2024 2940/3694/2024 2939/3692/2024
f 2929/3680/2025 2941/3695/2025 2940/3694/2025
f 2930/3682/1500 2942/3683/1500 2941/3695/1500
f 2943/3696/1489 2954/3708/1489 2942/3683/1489
f 2944/3698/1490 2943/3711/1490 2931/3684/1490
f 2933/3699/1491 2945/3713/1491 2944/3698/1491
f 2946/3700/1492 2945/3713/1492 2933/3699/1492
f 2947/3701/1493 2946/3700/1493 2934/3687/1493
f 2948/3702/1494 2947/3701/1494 2935/3688/1494
f 2949/3703/1495 2948/3702/1495 2936/3689/1495
f 2950/3704/1496 2949/3703/1496 2937/3690/1496
f 2951/3705/1497 2950/3704/1497 2938/3691/1497
f 2952/3706/1498 2951/3705/1498 2939/3692/1498
f 2953/3707/1499 2952/3706/1499 2940/3694/1499
f 2954/3708/1500 2953/3707/1500 2941/3695/1500
f 2955/3709/1489 2966/3722/1489 2954/3708/1489
f 2956/3710/1490 2955/3725/1490 2943/3711/1490
f 2957/3712/1491 2956/3710/1491 2944/3698/1491
f 2958/3714/1492 2957/3712/1492 2945/3713/1492
f 2959/3715/1493 2958/3714/1493 2946/3700/1493
f 2960/3716/1494 2959/3715/1494 2947/3701/1494
f 2961/3717/1495 2960/3716/1495 2948/3702/1495
f 2962/3718/1496 2961/3717/1496 2949/3703/1496
f 2963/3719/1497 2962/3718/1497 2950/3704/1497
f 2964/3720/1498 2963/3719/1498 2951/3705/1498
f 2965/3721/1499 2964/3720/1499 2952/3706/1499
f 2966/3722/1500 2965/3721/1500 2953/3707/1500
f 2967/3723/1489 2978/3735/1489 2966/3722/1489
f 2968/3724/1490 2967/3738/1490 2955/3725/1490
f 2969/3726/1491 2968/3724/1491 2956/3710/1491
f 2970/3727/1492 2969/3726/1492 2957/3712/1492
f 2971/3728/1493 2970/3727/1493 2958/3714/1493
f 2972/3729/1494 2971/3728/1494 2959/3715/1494
f 2973/3730/1495 2972/3729/1495 2960/3716/1495
f 2974/3731/1496 2973/3730/1496 2961/3717/1496
f 2975/3732/1497 2974/3731/1497 2962/3718/1497
f 2976/3733/1498 2975/3732/1498 2963/3719/1498
f 2977/3734/1499 2976/3733/1499 2964/3720/1499
f 2978/3735/1500 2977/3734/1500 2965/3721/1500
f 2967/3723/2026 2979/3749/2026 2990/3736/2026
f 2968/3724/2027 2980/3739/2027 2979/3737/2027
f 2969/3726/2028 2981/3752/2028 2980/3739/2028
f 2982/3740/2029 2981/3752/2029 2969/3726/2029
f 2983/3741/2030 2982/3740/2030 2970/3727/2030
f 2984/3742/2031 2983/3741/2031 2971/3728/2031
f 2985/3743/2032 2984/3742/2032 2972/3729/2032
f 2986/3744/2033 2985/3743/2033 2973/3730/2033
f 2987/3745/2034 2986/3744/2034 2974/3731/2034
f 2976/3733/2035 2988/3746/2035 2987/3745/2035
f 2977/3734/2036 2989/3747/2036 2988/3746/2036
f 2978/3735/2037 2990/3736/2037 2989/3747/2037
f 2991/3748/2038 3002/3760/2038 2990/3736/2038
f 2992/3750/2039 2991/3913/2039 2979/3737/2039
f 2993/3751/2040 2992/3750/2040 2980/3739/2040
f 2982/3740/2041 2994/3753/2041 2993/3751/2041
f 2983/3741/2042 2995/3754/2042 2994/3753/2042
f 2984/3742/2043 2996/3755/2043 2995/3754/2043
f 2985/3743/2044 2997/3756/2044 2996/3755/2044
f 2986/3744/2045 2998/3757/2045 2997/3756/2045
f 2987/3745/2046 2999/3914/2046 2998/3757/2046
f 3000/3758/2047 2999/3914/2047 2987/3745/2047
f 3001/3759/2048 3000/3758/2048 2988/3746/2048
f 3002/3760/2049 3001/3759/2049 2989/3747/2049
f 3015/3761/2050 3026/3784/2050 3014/3762/2050
f 3016/3764/2051 3015/3787/2051 3003/3765/2051
f 3017/3767/2052 3016/3764/2052 3004/3766/2052
f 3018/3769/2053 3017/3767/2053 3005/3768/2053
f 3007/3771/2054 3019/3773/2054 3018/3769/2054
f 3008/3772/2055 3020/3775/2055 3019/3773/2055
f 3009/3774/2056 3021/3777/2056 3020/3775/2056
f 3010/3776/2057 3022/3779/2057 3021/3777/2057
f 3011/3778/2058 3023/3781/2058 3022/3779/2058
f 3012/3780/2059 3024/3796/2059 3023/3781/2059
f 3025/3782/2060 3024/3796/2060 3012/3780/2060
f 3026/3784/2061 3025/3782/2061 3013/3783/2061
f 3015/3761/2062 3027/3915/2062 3038/3785/2062
f 3016/3764/2063 3028/3788/2063 3027/3786/2063
f 3017/3767/2064 3029/3789/2064 3028/3788/2064
f 3018/3769/2065 3030/3916/2065 3029/3789/2065
f 3031/3790/2066 3030/3916/2066 3018/3769/2066
f 3032/3791/2067 3031/3790/2067 3019/3773/2067
f 3033/3792/2068 3032/3791/2068 3020/3775/2068
f 3034/3793/2069 3033/3792/2069 3021/3777/2069
f 3035/3794/2070 3034/3793/2070 3022/3779/2070
f 3036/3795/2071 3035/3794/2071 3023/3781/2071
f 3025/3782/2072 3037/3797/2072 3036/3795/2072
f 3026/3784/2073 3038/3785/2073 3037/3797/2073
f 3051/3798/1453 3062/3822/1453 3050/3799/1453
f 3052/3801/1454 3051/3917/1454 3039/3802/1454
f 3053/3804/1455 3052/3801/1455 3040/3803/1455
f 3054/3806/1456 3053/3804/1456 3041/3805/1456
f 3055/3808/1457 3054/3806/1457 3042/3807/1457
f 3056/3810/1458 3055/3808/1458 3043/3809/1458
f 3057/3812/1459 3056/3810/1459 3044/3811/1459
f 3058/3814/1460 3057/3812/1460 3045/3813/1460
f 3059/3816/1461 3058/3814/1461 3046/3815/1461
f 3060/3818/1462 3059/3816/1462 3047/3817/1462
f 3061/3820/1463 3060/3818/1463 3048/3819/1463
f 3062/3822/1464 3061/3820/1464 3049/3821/1464
f 3063/3823/2074 3075/3848/2074 3086/3824/2074
f 3064/3826/2075 3076/3850/2075 3075/3827/2075
f 3077/3829/2076 3076/3850/2076 3064/3826/2076
f 3078/3831/2077 3077/3829/2077 3065/3830/2077
f 3079/3833/2078 3078/3831/2078 3066/3832/2078
f 3080/3835/2079 3079/3833/2079 3067/3834/2079
f 3081/3837/2080 3080/3835/2080 3068/3836/2080
f 3082/3839/2081 3081/3837/2081 3069/3838/2081
f 3071/3841/2082 3083/3843/2082 3082/3839/2082
f 3072/3842/2083 3084/3845/2083 3083/3843/2083
f 3073/3844/2084 3085/3846/2084 3084/3845/2084
f 3074/3825/2085 3086/3824/2085 3085/3846/2085
f 3087/3847/2086 3098/3859/2086 3086/3824/2086
f 3088/3849/2087 3087/3918/2087 3075/3827/2087
f 3077/3829/2088 3089/3851/2088 3088/3849/2088
f 3078/3831/2089 3090/3852/2089 3089/3851/2089
f 3079/3833/2090 3091/3853/2090 3090/3852/2090
f 3080/3835/2091 3092/3854/2091 3091/3853/2091
f 3081/3837/2092 3093/3855/2092 3092/3854/2092
f 3082/3839/2093 3094/3919/2093 3093/3855/2093
f 3095/3856/2094 3094/3919/2094 3082/3839/2094
f 3096/3857/2095 3095/3856/2095 3083/3843/2095
f 3097/3858/2096 3096/3857/2096 3084/3845/2096
f 3098/3859/2097 3097/3858/2097 3085/3846/2097
f 3111/3860/1573 3122/3884/1573 3110/3861/1573
f 3112/3863/1574 3111/3920/1574 3099/3864/1574
f 3113/3866/1575 3112/3863/1575 3100/3865/1575
f 3114/3868/1576 3113/3866/1576 3101/3867/1576
f 3115/3870/1577 3114/3868/1577 3102/3869/1577
f 3116/3872/1578 3115/3870/1578 3103/3871/1578
f 3117/3874/1476 3116/3872/1476 3104/3873/1476
f 3118/3876/1579 3117/3874/1579 3105/3875/1579
f 3119/3878/1580 3118/3876/1580 3106/3877/1580
f 3120/3880/1581 3119/3878/1581 3107/3879/1581
f 3121/3882/1582 3120/3880/1582 3108/3881/1582
f 3122/3884/1471 3121/3882/1471 3109/3883/1471
f 3123/3885/1583 3135/3921/1583 3146/3886/1583
f 3136/3888/2098 3135/3922/2098 3123/3889/2098
f 3137/3891/1585 3136/3888/1585 3124/3890/1585
f 3126/3893/1586 3138/3923/1586 3137/3891/1586
f 3139/3894/1587 3138/3923/1587 3126/3893/1587
f 3140/3896/1588 3139/3894/1588 3127/3895/1588
f 3141/3898/1589 3140/3896/1589 3128/3897/1589
f 3142/3900/1590 3141/3898/1590 3129/3899/1590
f 3131/3902/1591 3143/3924/1591 3142/3900/1591
f 3144/3903/1592 3143/3924/1592 3131/3902/1592
f 3145/3905/1593 3144/3903/1593 3132/3904/1593
f 3146/3886/1594 3145/3905/1594 3133/3906/1594
o Pipe.002_平面.003
v -0.289742 0.635413 -0.698584
v -0.270313 0.635413 -0.718013
v -0.263201 0.635413 -0.744553
v -0.270313 0.635413 -0.771093
v -0.289742 0.635413 -0.790522
v -0.316282 0.635413 -0.797634
v -0.342823 0.635413 -0.790523
v -0.362252 0.635413 -0.771094
v -0.369363 0.635413 -0.744553
v -0.362252 0.635413 -0.718013
v -0.342823 0.635413 -0.698584
v -0.316282 0.635413 -0.691472
v -0.103887 0.437534 -0.698584
v -0.103887 0.456962 -0.718013
v -0.103887 0.464074 -0.744553
v -0.103887 0.456962 -0.771093
v -0.103887 0.437534 -0.790522
v -0.103887 0.410993 -0.797634
v -0.103887 0.384453 -0.790522
v -0.103887 0.365024 -0.771094
v -0.103887 0.357912 -0.744553
v -0.103887 0.365024 -0.718013
v -0.103887 0.384453 -0.698584
v -0.103887 0.410993 -0.691472
v -0.103887 0.437534 -0.698584
v -0.103887 0.456962 -0.718013
v -0.103887 0.464074 -0.744553
v -0.103887 0.456962 -0.771093
v -0.103887 0.437534 -0.790522
v -0.103887 0.410993 -0.797634
v -0.103887 0.384453 -0.790522
v -0.103887 0.365024 -0.771094
v -0.103887 0.357912 -0.744553
v -0.103887 0.365024 -0.718013
v -0.103887 0.384453 -0.698584
v -0.103887 0.410993 -0.691472
v -0.260337 0.437386 -0.698584
v -0.258291 0.456707 -0.718013
v -0.257543 0.463779 -0.744553
v -0.258291 0.456707 -0.771093
v -0.260337 0.437386 -0.790522
v -0.263130 0.410993 -0.797634
v -0.265924 0.384600 -0.790523
v -0.267969 0.365279 -0.771094
v -0.268717 0.358207 -0.744553
v -0.267969 0.365279 -0.718013
v -0.265924 0.384600 -0.698584
v -0.263130 0.410993 -0.691472
v -0.281477 0.439900 -0.698584
v -0.270302 0.455794 -0.718013
v -0.266211 0.461611 -0.744553
v -0.270302 0.455794 -0.771093
v -0.281476 0.439900 -0.790522
v -0.296742 0.418189 -0.797634
v -0.312007 0.396478 -0.790523
v -0.323182 0.380585 -0.771094
v -0.327272 0.374767 -0.744553
v -0.323182 0.380585 -0.718013
v -0.312007 0.396478 -0.698584
v -0.296742 0.418189 -0.691472
v -0.290761 0.456914 -0.698584
v -0.272078 0.462247 -0.718013
v -0.265240 0.464199 -0.744553
v -0.272078 0.462247 -0.771093
v -0.290761 0.456914 -0.790522
v -0.316282 0.449630 -0.797634
v -0.341803 0.442345 -0.790523
v -0.360486 0.437012 -0.771094
v -0.367325 0.435060 -0.744553
v -0.360486 0.437012 -0.718013
v -0.341803 0.442345 -0.698584
v -0.316282 0.449630 -0.691472
v -0.289742 0.635413 -0.698584
v -0.270313 0.635413 -0.718013
v -0.263201 0.635413 -0.744553
v -0.270313 0.635413 -0.771093
v -0.289742 0.635413 -0.790522
v -0.316282 0.635413 -0.797634
v -0.342823 0.635413 -0.790523
v -0.362252 0.635413 -0.771094
v -0.369363 0.635413 -0.744553
v -0.362252 0.635413 -0.718013
v -0.342823 0.635413 -0.698584
v -0.316282 0.635413 -0.691472
vt 0.272727 0.000000
vt 0.090909 0.000000
vt 0.181818 0.000000
vt 0.363636 0.000000
vt 0.000000 0.000000
vt 0.454545 0.000000
vt 1.000000 0.000000
vt 0.545455 0.000000
vt 0.909091 0.000000
vt 0.636364 0.000000
vt 0.818182 0.000000
vt 0.727273 0.000000
vt 0.090909 0.000000
vt 0.272727 0.000000
vt 0.181818 0.000000
vt 0.363636 0.000000
vt 0.000000 0.000000
vt 0.454545 0.000000
vt 1.000000 0.000000
vt 0.545455 0.000000
vt 0.909091 0.000000
vt 0.636364 0.000000
vt 0.818182 0.000000
vt 0.727273 0.000000
vt 0.250000 1.000000
vt 0.000000 0.916667
vt 0.000000 1.000000
vt 0.250000 0.083333
vt 0.000000 0.000000
vt 0.000000 0.083333
vt 0.250000 0.166667
vt 0.000000 0.166667
vt 0.000000 0.250000
vt 0.000000 0.333333
vt 0.250000 0.250000
vt 0.000000 0.416667
vt 0.250000 0.333333
vt 0.000000 0.500000
vt 0.250000 0.416667
vt 0.000000 0.583333
vt 0.250000 0.500000
vt 0.000000 0.666667
vt 0.250000 0.583333
vt 0.250000 0.750000
vt 0.000000 0.750000
vt 0.250000 0.833333
vt 0.000000 0.833333
vt 0.250000 0.916667
vt 0.500000 1.000000
vt 0.500000 0.083333
vt 0.250000 0.000000
vt 0.500000 0.166667
vt 0.500000 0.250000
vt 0.500000 0.333333
vt 0.500000 0.416667
vt 0.500000 0.500000
vt 0.250000 0.666667
vt 0.500000 0.583333
vt 0.500000 0.750000
vt 0.500000 0.833333
vt 0.500000 0.916667
vt 0.750000 0.916667
vt 0.750000 0.000000
vt 0.500000 0.000000
vt 0.750000 0.083333
vt 0.750000 0.250000
vt 0.750000 0.333333
vt 0.750000 0.416667
vt 0.750000 0.500000
vt 0.750000 0.583333
vt 0.750000 0.666667
vt 0.500000 0.666667
vt 0.750000 0.750000
vt 0.750000 0.833333
vt 0.750000 1.000000
vt 1.000000 0.916667
vt 1.000000 0.000000
vt 0.750000 0.166667
vt 1.000000 0.083333
vt 1.000000 0.250000
vt 1.000000 0.333333
vt 1.000000 0.416667
vt 1.000000 0.500000
vt 1.000000 0.583333
vt 1.000000 0.666667
vt 1.000000 0.750000
vt 1.000000 0.833333
vt 1.000000 1.000000
vt 1.000000 0.166667
vn 0.0000 1.0000 0.0000
vn 1.0000 0.0000 0.0000
vn -0.0002 0.2588 0.9659
vn -0.0012 0.7071 0.7071
vn -0.0019 0.9659 0.2588
vn -0.0019 0.9659 -0.2588
vn -0.0012 0.7071 -0.7071
vn -0.0002 0.2588 -0.9659
vn 0.0000 -0.2588 -0.9659
vn -0.0006 -0.7071 -0.7071
vn -0.0015 -0.9659 -0.2588
vn -0.0015 -0.9659 0.2588
vn -0.0006 -0.7071 0.7071
vn 0.0000 -0.2588 0.9659
vn 0.0306 0.2570 0.9659
vn -0.0541 0.7109 0.7012
vn -0.2353 0.9408 0.2440
vn -0.2353 0.9408 -0.2440
vn -0.0541 0.7109 -0.7012
vn 0.0306 0.2570 -0.9659
vn -0.0545 -0.2544 -0.9656
vn -0.1774 -0.6884 -0.7033
vn -0.2583 -0.9317 -0.2555
vn -0.2583 -0.9317 0.2555
vn -0.1774 -0.6884 0.7033
vn -0.0545 -0.2544 0.9656
vn 0.2374 0.1476 0.9601
vn 0.6535 0.3566 0.6676
vn 0.9442 0.2599 0.2025
vn 0.9442 0.2599 -0.2025
vn 0.6535 0.3566 -0.6676
vn 0.2374 0.1476 -0.9601
vn -0.2326 -0.1511 -0.9608
vn -0.6106 -0.4036 -0.6814
vn -0.8082 -0.5368 -0.2422
vn -0.8082 -0.5369 0.2422
vn -0.6106 -0.4036 0.6814
vn -0.2326 -0.1511 0.9607
vn 0.2684 0.0000 0.9633
vn 0.7214 -0.0041 0.6925
vn 0.9685 -0.0099 0.2488
vn 0.9685 -0.0099 -0.2488
vn 0.7214 -0.0041 -0.6925
vn 0.2684 0.0000 -0.9633
vn -0.2680 -0.0014 -0.9634
vn -0.7199 -0.0064 -0.6940
vn -0.9682 -0.0099 -0.2502
vn -0.9682 -0.0099 0.2502
vn -0.7199 -0.0064 0.6940
vn -0.2680 -0.0014 0.9634
vn 0.0000 0.2602 0.9656
vn -0.0007 0.7091 0.7051
vn -0.0016 0.9663 0.2574
vn -0.0016 0.9663 -0.2574
vn -0.0007 0.7091 -0.7051
vn 0.0000 0.2602 -0.9656
vn -0.0002 -0.2601 -0.9656
vn -0.0011 -0.7090 -0.7052
vn -0.0017 -0.9663 -0.2575
vn -0.0017 -0.9663 0.2575
vn -0.0011 -0.7090 0.7052
vn -0.0002 -0.2601 0.9656
vn 0.0585 0.2733 0.9601
vn 0.0886 0.7454 0.6607
vn -0.0743 0.9764 0.2026
vn -0.0743 0.9764 -0.2026
vn 0.0886 0.7454 -0.6607
vn 0.0585 0.2733 -0.9601
vn -0.0687 -0.2666 -0.9614
vn -0.1945 -0.7015 -0.6857
vn -0.2638 -0.9329 -0.2451
vn -0.2638 -0.9329 0.2451
vn -0.1945 -0.7015 0.6857
vn -0.0687 -0.2666 0.9614
vn 0.2325 0.1269 0.9643
vn 0.6818 0.1877 0.7071
vn 0.9152 -0.3435 0.2106
vn 0.9152 -0.3435 -0.2106
vn 0.6818 0.1877 -0.7071
vn 0.2325 0.1269 -0.9643
vn -0.2280 -0.1417 -0.9633
vn -0.6062 -0.3938 -0.6910
vn -0.8082 -0.5343 -0.2475
vn -0.8082 -0.5343 0.2475
vn -0.6062 -0.3938 0.6910
vn -0.2280 -0.1417 0.9633
vn 0.2588 -0.0015 0.9659
vn 0.7071 -0.0072 0.7071
vn 0.9659 -0.0115 0.2588
vn 0.9659 -0.0115 -0.2588
vn 0.7071 -0.0072 -0.7071
vn 0.2588 -0.0015 -0.9659
vn -0.2588 0.0000 -0.9659
vn -0.7071 -0.0037 -0.7071
vn -0.9659 -0.0086 -0.2588
vn -0.9659 -0.0086 0.2588
vn -0.7071 -0.0037 0.7071
vn -0.2588 0.0000 0.9659
usemtl None
s off
f 3150/3925/2099 3148/3926/2099 3149/3927/2099
f 3151/3928/2099 3148/3926/2099 3150/3925/2099
f 3151/3928/2099 3147/3929/2099 3148/3926/2099
f 3152/3930/2099 3147/3929/2099 3151/3928/2099
f 3152/3930/2099 3158/3931/2099 3147/3929/2099
f 3153/3932/2099 3158/3931/2099 3152/3930/2099
f 3153/3932/2099 3157/3933/2099 3158/3931/2099
f 3154/3934/2099 3157/3933/2099 3153/3932/2099
f 3154/3934/2099 3156/3935/2099 3157/3933/2099
f 3155/3936/2099 3156/3935/2099 3154/3934/2099
f 3160/3937/2100 3162/3938/2100 3161/3939/2100
f 3160/3937/2100 3163/3940/2100 3162/3938/2100
f 3159/3941/2100 3163/3940/2100 3160/3937/2100
f 3159/3941/2100 3164/3942/2100 3163/3940/2100
f 3170/3943/2100 3164/3942/2100 3159/3941/2100
f 3170/3943/2100 3165/3944/2100 3164/3942/2100
f 3169/3945/2100 3165/3944/2100 3170/3943/2100
f 3169/3945/2100 3166/3946/2100 3165/3944/2100
f 3168/3947/2100 3166/3946/2100 3169/3945/2100
f 3168/3947/2100 3167/3948/2100 3166/3946/2100
f 3183/3949/2101 3182/3950/2101 3171/3951/2101
f 3184/3952/2102 3171/3953/2102 3172/3954/2102
f 3185/3955/2103 3172/3954/2103 3173/3956/2103
f 3174/3957/2104 3185/3955/2104 3173/3956/2104
f 3175/3958/2105 3186/3959/2105 3174/3957/2105
f 3176/3960/2106 3187/3961/2106 3175/3958/2106
f 3177/3962/2107 3188/3963/2107 3176/3960/2107
f 3178/3964/2108 3189/3965/2108 3177/3962/2108
f 3179/3966/2109 3190/3967/2109 3178/3964/2109
f 3192/3968/2110 3179/3966/2110 3180/3969/2110
f 3193/3970/2111 3180/3969/2111 3181/3971/2111
f 3194/3972/2112 3181/3971/2112 3182/3950/2112
f 3195/3973/2113 3194/3972/2113 3183/3949/2113
f 3196/3974/2114 3183/3975/2114 3184/3952/2114
f 3197/3976/2115 3184/3952/2115 3185/3955/2115
f 3186/3959/2116 3197/3976/2116 3185/3955/2116
f 3187/3961/2117 3198/3977/2117 3186/3959/2117
f 3188/3963/2118 3199/3978/2118 3187/3961/2118
f 3189/3965/2119 3200/3979/2119 3188/3963/2119
f 3190/3967/2120 3201/3980/2120 3189/3965/2120
f 3191/3981/2121 3202/3982/2121 3190/3967/2121
f 3204/3983/2122 3191/3981/2122 3192/3968/2122
f 3205/3984/2123 3192/3968/2123 3193/3970/2123
f 3206/3985/2124 3193/3970/2124 3194/3972/2124
f 3195/3973/2125 3218/3986/2125 3206/3985/2125
f 3196/3974/2126 3207/3987/2126 3195/3988/2126
f 3197/3976/2127 3208/3989/2127 3196/3974/2127
f 3210/3990/2128 3197/3976/2128 3198/3977/2128
f 3211/3991/2129 3198/3977/2129 3199/3978/2129
f 3212/3992/2130 3199/3978/2130 3200/3979/2130
f 3213/3993/2131 3200/3979/2131 3201/3980/2131
f 3214/3994/2132 3201/3980/2132 3202/3982/2132
f 3215/3995/2133 3202/3982/2133 3203/3996/2133
f 3204/3983/2134 3215/3995/2134 3203/3996/2134
f 3205/3984/2135 3216/3997/2135 3204/3983/2135
f 3206/3985/2136 3217/3998/2136 3205/3984/2136
f 3207/3999/2137 3230/4000/2137 3218/3986/2137
f 3208/3989/2138 3219/4001/2138 3207/3987/2138
f 3209/4002/2139 3220/4003/2139 3208/3989/2139
f 3222/4004/2140 3209/4002/2140 3210/3990/2140
f 3223/4005/2141 3210/3990/2141 3211/3991/2141
f 3224/4006/2142 3211/3991/2142 3212/3992/2142
f 3225/4007/2143 3212/3992/2143 3213/3993/2143
f 3226/4008/2144 3213/3993/2144 3214/3994/2144
f 3227/4009/2145 3214/3994/2145 3215/3995/2145
f 3216/3997/2146 3227/4009/2146 3215/3995/2146
f 3217/3998/2147 3228/4010/2147 3216/3997/2147
f 3218/3986/2148 3229/4011/2148 3217/3998/2148
f 3183/3949/2149 3194/3972/2149 3182/3950/2149
f 3184/3952/2150 3183/3975/2150 3171/3953/2150
f 3185/3955/2151 3184/3952/2151 3172/3954/2151
f 3174/3957/2152 3186/3959/2152 3185/3955/2152
f 3175/3958/2153 3187/3961/2153 3186/3959/2153
f 3176/3960/2154 3188/3963/2154 3187/3961/2154
f 3177/3962/2155 3189/3965/2155 3188/3963/2155
f 3178/3964/2156 3190/3967/2156 3189/3965/2156
f 3179/3966/2157 3191/3981/2157 3190/3967/2157
f 3192/3968/2158 3191/3981/2158 3179/3966/2158
f 3193/3970/2159 3192/3968/2159 3180/3969/2159
f 3194/3972/2160 3193/3970/2160 3181/3971/2160
f 3195/3973/2161 3206/3985/2161 3194/3972/2161
f 3196/3974/2162 3195/3988/2162 3183/3975/2162
f 3197/3976/2163 3196/3974/2163 3184/3952/2163
f 3186/3959/2164 3198/3977/2164 3197/3976/2164
f 3187/3961/2165 3199/3978/2165 3198/3977/2165
f 3188/3963/2166 3200/3979/2166 3199/3978/2166
f 3189/3965/2167 3201/3980/2167 3200/3979/2167
f 3190/3967/2168 3202/3982/2168 3201/3980/2168
f 3191/3981/2169 3203/3996/2169 3202/3982/2169
f 3204/3983/2170 3203/3996/2170 3191/3981/2170
f 3205/3984/2171 3204/3983/2171 3192/3968/2171
f 3206/3985/2172 3205/3984/2172 3193/3970/2172
f 3195/3973/2173 3207/3999/2173 3218/3986/2173
f 3196/3974/2174 3208/3989/2174 3207/3987/2174
f 3197/3976/2175 3209/4002/2175 3208/3989/2175
f 3210/3990/2176 3209/4002/2176 3197/3976/2176
f 3211/3991/2177 3210/3990/2177 3198/3977/2177
f 3212/3992/2178 3211/3991/2178 3199/3978/2178
f 3213/3993/2179 3212/3992/2179 3200/3979/2179
f 3214/3994/2180 3213/3993/2180 3201/3980/2180
f 3215/3995/2181 3214/3994/2181 3202/3982/2181
f 3204/3983/2182 3216/3997/2182 3215/3995/2182
f 3205/3984/2183 3217/3998/2183 3216/3997/2183
f 3206/3985/2184 3218/3986/2184 3217/3998/2184
f 3207/3999/2185 3219/4012/2185 3230/4000/2185
f 3208/3989/2186 3220/4003/2186 3219/4001/2186
f 3209/4002/2187 3221/4013/2187 3220/4003/2187
f 3222/4004/2188 3221/4013/2188 3209/4002/2188
f 3223/4005/2189 3222/4004/2189 3210/3990/2189
f 3224/4006/2190 3223/4005/2190 3211/3991/2190
f 3225/4007/2191 3224/4006/2191 3212/3992/2191
f 3226/4008/2192 3225/4007/2192 3213/3993/2192
f 3227/4009/2193 3226/4008/2193 3214/3994/2193
f 3216/3997/2194 3228/4010/2194 3227/4009/2194
f 3217/3998/2195 3229/4011/2195 3228/4010/2195
f 3218/3986/2196 3230/4000/2196 3229/4011/2196
o Pipe.003_平面.004
v -0.289742 0.635413 -0.991876
v -0.270313 0.635413 -1.011305
v -0.263201 0.635413 -1.037845
v -0.270313 0.635413 -1.064386
v -0.289742 0.635413 -1.083815
v -0.316282 0.635413 -1.090926
v -0.342823 0.635413 -1.083815
v -0.362252 0.635413 -1.064386
v -0.369363 0.635413 -1.037845
v -0.362252 0.635413 -1.011305
v -0.342823 0.635413 -0.991876
v -0.316282 0.635413 -0.984764
v -0.103887 0.437534 -0.991876
v -0.103887 0.456962 -1.011305
v -0.103887 0.464074 -1.037845
v -0.103887 0.456962 -1.064386
v -0.103887 0.437534 -1.083815
v -0.103887 0.410993 -1.090926
v -0.103887 0.384453 -1.083815
v -0.103887 0.365024 -1.064386
v -0.103887 0.357912 -1.037845
v -0.103887 0.365024 -1.011305
v -0.103887 0.384453 -0.991876
v -0.103887 0.410993 -0.984764
v -0.103887 0.437534 -0.991876
v -0.103887 0.456962 -1.011305
v -0.103887 0.464074 -1.037845
v -0.103887 0.456962 -1.064386
v -0.103887 0.437534 -1.083815
v -0.103887 0.410993 -1.090926
v -0.103887 0.384453 -1.083815
v -0.103887 0.365024 -1.064386
v -0.103887 0.357912 -1.037845
v -0.103887 0.365024 -1.011305
v -0.103887 0.384453 -0.991876
v -0.103887 0.410993 -0.984764
v -0.260337 0.437386 -0.991876
v -0.258291 0.456707 -1.011305
v -0.257543 0.463779 -1.037845
v -0.258291 0.456707 -1.064386
v -0.260337 0.437386 -1.083815
v -0.263130 0.410993 -1.090926
v -0.265924 0.384600 -1.083815
v -0.267969 0.365279 -1.064386
v -0.268717 0.358207 -1.037845
v -0.267969 0.365279 -1.011305
v -0.265924 0.384600 -0.991876
v -0.263130 0.410993 -0.984764
v -0.281477 0.439900 -0.991876
v -0.270302 0.455794 -1.011305
v -0.266211 0.461611 -1.037845
v -0.270302 0.455794 -1.064386
v -0.281476 0.439900 -1.083815
v -0.296742 0.418189 -1.090926
v -0.312007 0.396478 -1.083815
v -0.323182 0.380585 -1.064386
v -0.327272 0.374767 -1.037845
v -0.323182 0.380585 -1.011305
v -0.312007 0.396478 -0.991876
v -0.296742 0.418189 -0.984764
v -0.290761 0.456914 -0.991876
v -0.272078 0.462247 -1.011305
v -0.265240 0.464199 -1.037845
v -0.272078 0.462247 -1.064386
v -0.290761 0.456914 -1.083815
v -0.316282 0.449630 -1.090926
v -0.341803 0.442345 -1.083815
v -0.360486 0.437012 -1.064386
v -0.367325 0.435060 -1.037845
v -0.360486 0.437012 -1.011305
v -0.341803 0.442345 -0.991876
v -0.316282 0.449630 -0.984764
v -0.289742 0.635413 -0.991876
v -0.270313 0.635413 -1.011305
v -0.263201 0.635413 -1.037845
v -0.270313 0.635413 -1.064386
v -0.289742 0.635413 -1.083815
v -0.316282 0.635413 -1.090926
v -0.342823 0.635413 -1.083815
v -0.362252 0.635413 -1.064386
v -0.369363 0.635413 -1.037845
v -0.362252 0.635413 -1.011305
v -0.342823 0.635413 -0.991876
v -0.316282 0.635413 -0.984764
vt 0.272727 0.000000
vt 0.090909 0.000000
vt 0.181818 0.000000
vt 0.363636 0.000000
vt 0.000000 0.000000
vt 0.454545 0.000000
vt 1.000000 0.000000
vt 0.545455 0.000000
vt 0.909091 0.000000
vt 0.636364 0.000000
vt 0.818182 0.000000
vt 0.727273 0.000000
vt 0.090909 0.000000
vt 0.272727 0.000000
vt 0.181818 0.000000
vt 0.363636 0.000000
vt 0.000000 0.000000
vt 0.454545 0.000000
vt 1.000000 0.000000
vt 0.545455 0.000000
vt 0.909091 0.000000
vt 0.636364 0.000000
vt 0.818182 0.000000
vt 0.727273 0.000000
vt 0.250000 1.000000
vt 0.000000 0.916667
vt 0.000000 1.000000
vt 0.250000 0.083333
vt 0.000000 0.000000
vt 0.000000 0.083333
vt 0.250000 0.166667
vt 0.000000 0.166667
vt 0.000000 0.250000
vt 0.000000 0.333333
vt 0.250000 0.250000
vt 0.000000 0.416667
vt 0.250000 0.333333
vt 0.000000 0.500000
vt 0.250000 0.416667
vt 0.000000 0.583333
vt 0.250000 0.500000
vt 0.000000 0.666667
vt 0.250000 0.583333
vt 0.250000 0.750000
vt 0.000000 0.750000
vt 0.250000 0.833333
vt 0.000000 0.833333
vt 0.250000 0.916667
vt 0.500000 1.000000
vt 0.500000 0.083333
vt 0.250000 0.000000
vt 0.500000 0.166667
vt 0.500000 0.250000
vt 0.500000 0.333333
vt 0.500000 0.416667
vt 0.500000 0.500000
vt 0.250000 0.666667
vt 0.500000 0.583333
vt 0.500000 0.750000
vt 0.500000 0.833333
vt 0.500000 0.916667
vt 0.750000 0.916667
vt 0.750000 0.000000
vt 0.500000 0.000000
vt 0.750000 0.083333
vt 0.750000 0.250000
vt 0.750000 0.333333
vt 0.750000 0.416667
vt 0.750000 0.500000
vt 0.750000 0.583333
vt 0.750000 0.666667
vt 0.500000 0.666667
vt 0.750000 0.750000
vt 0.750000 0.833333
vt 0.750000 1.000000
vt 1.000000 0.916667
vt 1.000000 0.000000
vt 0.750000 0.166667
vt 1.000000 0.083333
vt 1.000000 0.250000
vt 1.000000 0.333333
vt 1.000000 0.416667
vt 1.000000 0.500000
vt 1.000000 0.583333
vt 1.000000 0.666667
vt 1.000000 0.750000
vt 1.000000 0.833333
vt 1.000000 1.000000
vt 1.000000 0.166667
vn 0.0000 1.0000 0.0000
vn 1.0000 -0.0000 0.0000
vn -0.0002 0.2588 0.9659
vn -0.0012 0.7071 0.7071
vn -0.0019 0.9659 0.2588
vn -0.0019 0.9659 -0.2588
vn -0.0012 0.7071 -0.7071
vn -0.0002 0.2588 -0.9659
vn 0.0000 -0.2588 -0.9659
vn -0.0006 -0.7071 -0.7071
vn -0.0015 -0.9659 -0.2588
vn -0.0015 -0.9659 0.2588
vn -0.0006 -0.7071 0.7071
vn 0.0000 -0.2588 0.9659
vn 0.0306 0.2570 0.9659
vn -0.0541 0.7109 0.7012
vn -0.2353 0.9408 0.2440
vn -0.2353 0.9408 -0.2440
vn -0.0541 0.7109 -0.7012
vn 0.0306 0.2570 -0.9659
vn -0.0545 -0.2544 -0.9656
vn -0.1774 -0.6884 -0.7033
vn -0.2583 -0.9317 -0.2555
vn -0.2583 -0.9317 0.2555
vn -0.1774 -0.6884 0.7033
vn -0.0545 -0.2544 0.9656
vn 0.2374 0.1476 0.9601
vn 0.6535 0.3566 0.6676
vn 0.9442 0.2599 0.2025
vn 0.9442 0.2599 -0.2025
vn 0.6535 0.3566 -0.6676
vn 0.2374 0.1476 -0.9601
vn -0.2326 -0.1511 -0.9608
vn -0.6106 -0.4036 -0.6814
vn -0.8082 -0.5368 -0.2422
vn -0.8082 -0.5369 0.2422
vn -0.6106 -0.4036 0.6814
vn -0.2326 -0.1511 0.9607
vn 0.2684 0.0000 0.9633
vn 0.7214 -0.0041 0.6925
vn 0.9685 -0.0099 0.2488
vn 0.9685 -0.0099 -0.2488
vn 0.7214 -0.0041 -0.6925
vn 0.2684 0.0000 -0.9633
vn -0.2680 -0.0014 -0.9634
vn -0.7199 -0.0064 -0.6940
vn -0.9682 -0.0099 -0.2502
vn -0.9682 -0.0099 0.2502
vn -0.7199 -0.0064 0.6940
vn -0.2681 -0.0014 0.9634
vn 0.0000 0.2602 0.9656
vn -0.0007 0.7091 0.7051
vn -0.0016 0.9663 0.2574
vn -0.0016 0.9663 -0.2574
vn -0.0007 0.7091 -0.7051
vn 0.0000 0.2602 -0.9656
vn -0.0002 -0.2601 -0.9656
vn -0.0011 -0.7090 -0.7052
vn -0.0017 -0.9663 -0.2575
vn -0.0017 -0.9663 0.2575
vn -0.0011 -0.7090 0.7052
vn -0.0002 -0.2601 0.9656
vn 0.0585 0.2733 0.9601
vn 0.0886 0.7454 0.6607
vn -0.0743 0.9764 0.2026
vn -0.0743 0.9764 -0.2026
vn 0.0886 0.7454 -0.6607
vn 0.0585 0.2733 -0.9601
vn -0.0687 -0.2666 -0.9614
vn -0.1945 -0.7015 -0.6857
vn -0.2638 -0.9329 -0.2451
vn -0.2638 -0.9329 0.2451
vn -0.1945 -0.7015 0.6857
vn -0.0687 -0.2666 0.9614
vn 0.2325 0.1269 0.9643
vn 0.6818 0.1877 0.7071
vn 0.9152 -0.3435 0.2106
vn 0.9152 -0.3435 -0.2106
vn 0.6818 0.1877 -0.7071
vn 0.2325 0.1269 -0.9643
vn -0.2280 -0.1417 -0.9633
vn -0.6062 -0.3938 -0.6910
vn -0.8082 -0.5343 -0.2475
vn -0.8082 -0.5343 0.2475
vn -0.6062 -0.3938 0.6910
vn -0.2280 -0.1417 0.9633
vn 0.2588 -0.0015 0.9659
vn 0.7071 -0.0072 0.7071
vn 0.9659 -0.0115 0.2588
vn 0.9659 -0.0115 -0.2588
vn 0.7071 -0.0072 -0.7071
vn 0.2588 -0.0015 -0.9659
vn -0.2588 0.0000 -0.9659
vn -0.7071 -0.0037 -0.7071
vn -0.9659 -0.0086 -0.2588
vn -0.9659 -0.0086 0.2588
vn -0.7071 -0.0037 0.7071
vn -0.2588 0.0000 0.9659
usemtl None
s off
f 3234/4014/2197 3232/4015/2197 3233/4016/2197
f 3235/4017/2197 3232/4015/2197 3234/4014/2197
f 3235/4017/2197 3231/4018/2197 3232/4015/2197
f 3236/4019/2197 3231/4018/2197 3235/4017/2197
f 3236/4019/2197 3242/4020/2197 3231/4018/2197
f 3237/4021/2197 3242/4020/2197 3236/4019/2197
f 3237/4021/2197 3241/4022/2197 3242/4020/2197
f 3238/4023/2197 3241/4022/2197 3237/4021/2197
f 3238/4023/2197 3240/4024/2197 3241/4022/2197
f 3239/4025/2197 3240/4024/2197 3238/4023/2197
f 3244/4026/2198 3246/4027/2198 3245/4028/2198
f 3244/4026/2198 3247/4029/2198 3246/4027/2198
f 3243/4030/2198 3247/4029/2198 3244/4026/2198
f 3243/4030/2198 3248/4031/2198 3247/4029/2198
f 3254/4032/2198 3248/4031/2198 3243/4030/2198
f 3254/4032/2198 3249/4033/2198 3248/4031/2198
f 3253/4034/2198 3249/4033/2198 3254/4032/2198
f 3253/4034/2198 3250/4035/2198 3249/4033/2198
f 3252/4036/2198 3250/4035/2198 3253/4034/2198
f 3252/4036/2198 3251/4037/2198 3250/4035/2198
f 3267/4038/2199 3266/4039/2199 3255/4040/2199
f 3268/4041/2200 3255/4042/2200 3256/4043/2200
f 3269/4044/2201 3256/4043/2201 3257/4045/2201
f 3258/4046/2202 3269/4044/2202 3257/4045/2202
f 3259/4047/2203 3270/4048/2203 3258/4046/2203
f 3260/4049/2204 3271/4050/2204 3259/4047/2204
f 3261/4051/2205 3272/4052/2205 3260/4049/2205
f 3262/4053/2206 3273/4054/2206 3261/4051/2206
f 3263/4055/2207 3274/4056/2207 3262/4053/2207
f 3276/4057/2208 3263/4055/2208 3264/4058/2208
f 3277/4059/2209 3264/4058/2209 3265/4060/2209
f 3278/4061/2210 3265/4060/2210 3266/4039/2210
f 3279/4062/2211 3278/4061/2211 3267/4038/2211
f 3280/4063/2212 3267/4064/2212 3268/4041/2212
f 3281/4065/2213 3268/4041/2213 3269/4044/2213
f 3270/4048/2214 3281/4065/2214 3269/4044/2214
f 3271/4050/2215 3282/4066/2215 3270/4048/2215
f 3272/4052/2216 3283/4067/2216 3271/4050/2216
f 3273/4054/2217 3284/4068/2217 3272/4052/2217
f 3274/4056/2218 3285/4069/2218 3273/4054/2218
f 3275/4070/2219 3286/4071/2219 3274/4056/2219
f 3288/4072/2220 3275/4070/2220 3276/4057/2220
f 3289/4073/2221 3276/4057/2221 3277/4059/2221
f 3290/4074/2222 3277/4059/2222 3278/4061/2222
f 3279/4062/2223 3302/4075/2223 3290/4074/2223
f 3280/4063/2224 3291/4076/2224 3279/4077/2224
f 3281/4065/2225 3292/4078/2225 3280/4063/2225
f 3294/4079/2226 3281/4065/2226 3282/4066/2226
f 3295/4080/2227 3282/4066/2227 3283/4067/2227
f 3296/4081/2228 3283/4067/2228 3284/4068/2228
f 3297/4082/2229 3284/4068/2229 3285/4069/2229
f 3298/4083/2230 3285/4069/2230 3286/4071/2230
f 3299/4084/2231 3286/4071/2231 3287/4085/2231
f 3288/4072/2232 3299/4084/2232 3287/4085/2232
f 3289/4073/2233 3300/4086/2233 3288/4072/2233
f 3290/4074/2234 3301/4087/2234 3289/4073/2234
f 3291/4088/2235 3314/4089/2235 3302/4075/2235
f 3292/4078/2236 3303/4090/2236 3291/4076/2236
f 3293/4091/2237 3304/4092/2237 3292/4078/2237
f 3306/4093/2238 3293/4091/2238 3294/4079/2238
f 3307/4094/2239 3294/4079/2239 3295/4080/2239
f 3308/4095/2240 3295/4080/2240 3296/4081/2240
f 3309/4096/2241 3296/4081/2241 3297/4082/2241
f 3310/4097/2242 3297/4082/2242 3298/4083/2242
f 3311/4098/2243 3298/4083/2243 3299/4084/2243
f 3300/4086/2244 3311/4098/2244 3299/4084/2244
f 3301/4087/2245 3312/4099/2245 3300/4086/2245
f 3302/4075/2246 3313/4100/2246 3301/4087/2246
f 3267/4038/2247 3278/4061/2247 3266/4039/2247
f 3268/4041/2248 3267/4064/2248 3255/4042/2248
f 3269/4044/2249 3268/4041/2249 3256/4043/2249
f 3258/4046/2250 3270/4048/2250 3269/4044/2250
f 3259/4047/2251 3271/4050/2251 3270/4048/2251
f 3260/4049/2252 3272/4052/2252 3271/4050/2252
f 3261/4051/2253 3273/4054/2253 3272/4052/2253
f 3262/4053/2254 3274/4056/2254 3273/4054/2254
f 3263/4055/2255 3275/4070/2255 3274/4056/2255
f 3276/4057/2256 3275/4070/2256 3263/4055/2256
f 3277/4059/2257 3276/4057/2257 3264/4058/2257
f 3278/4061/2258 3277/4059/2258 3265/4060/2258
f 3279/4062/2259 3290/4074/2259 3278/4061/2259
f 3280/4063/2260 3279/4077/2260 3267/4064/2260
f 3281/4065/2261 3280/4063/2261 3268/4041/2261
f 3270/4048/2262 3282/4066/2262 3281/4065/2262
f 3271/4050/2263 3283/4067/2263 3282/4066/2263
f 3272/4052/2264 3284/4068/2264 3283/4067/2264
f 3273/4054/2265 3285/4069/2265 3284/4068/2265
f 3274/4056/2266 3286/4071/2266 3285/4069/2266
f 3275/4070/2267 3287/4085/2267 3286/4071/2267
f 3288/4072/2268 3287/4085/2268 3275/4070/2268
f 3289/4073/2269 3288/4072/2269 3276/4057/2269
f 3290/4074/2270 3289/4073/2270 3277/4059/2270
f 3279/4062/2271 3291/4088/2271 3302/4075/2271
f 3280/4063/2272 3292/4078/2272 3291/4076/2272
f 3281/4065/2273 3293/4091/2273 3292/4078/2273
f 3294/4079/2274 3293/4091/2274 3281/4065/2274
f 3295/4080/2275 3294/4079/2275 3282/4066/2275
f 3296/4081/2276 3295/4080/2276 3283/4067/2276
f 3297/4082/2277 3296/4081/2277 3284/4068/2277
f 3298/4083/2278 3297/4082/2278 3285/4069/2278
f 3299/4084/2279 3298/4083/2279 3286/4071/2279
f 3288/4072/2280 3300/4086/2280 3299/4084/2280
f 3289/4073/2281 3301/4087/2281 3300/4086/2281
f 3290/4074/2282 3302/4075/2282 3301/4087/2282
f 3291/4088/2283 3303/4101/2283 3314/4089/2283
f 3292/4078/2284 3304/4092/2284 3303/4090/2284
f 3293/4091/2285 3305/4102/2285 3304/4092/2285
f 3306/4093/2286 3305/4102/2286 3293/4091/2286
f 3307/4094/2287 3306/4093/2287 3294/4079/2287
f 3308/4095/2288 3307/4094/2288 3295/4080/2288
f 3309/4096/2289 3308/4095/2289 3296/4081/2289
f 3310/4097/2290 3309/4096/2290 3297/4082/2290
f 3311/4098/2291 3310/4097/2291 3298/4083/2291
f 3300/4086/2292 3312/4099/2292 3311/4098/2292
f 3301/4087/2293 3313/4100/2293 3312/4099/2293
f 3302/4075/2294 3314/4089/2294 3313/4100/2294
o 円柱_円柱.010
v -0.371454 0.693703 -0.883535
v -0.371454 0.664821 -0.880691
v -0.371454 0.637049 -0.872266
v -0.371454 0.611454 -0.858586
v -0.371454 0.589021 -0.840175
v -0.371454 0.570610 -0.817741
v -0.371454 0.556929 -0.792146
v -0.371454 0.548504 -0.764374
v -0.371454 0.545660 -0.735493
v -0.371454 0.548504 -0.706611
v -0.371454 0.556929 -0.678839
v -0.371454 0.570610 -0.653244
v -0.371454 0.589021 -0.630811
v -0.371454 0.611454 -0.612400
v -0.371454 0.637049 -0.598719
v -0.371454 0.664821 -0.590294
v -0.371454 0.693703 -0.587450
v -0.371454 0.722584 -0.590294
v -0.371454 0.750356 -0.598719
v -0.371454 0.775951 -0.612400
v -0.371454 0.798385 -0.630811
v -0.371454 0.816796 -0.653244
v -0.371454 0.830476 -0.678839
v -0.371454 0.838901 -0.706611
v -0.371454 0.841745 -0.735493
v -0.371454 0.838901 -0.764374
v -0.371454 0.830476 -0.792146
v -0.371454 0.816796 -0.817741
v -0.371454 0.798385 -0.840175
v -0.371454 0.775951 -0.858586
v -0.371454 0.750356 -0.872266
v -0.371454 0.722584 -0.880691
v -0.231490 0.693703 -0.843126
v -0.250500 0.693703 -0.883535
v -0.231490 0.672704 -0.841058
v -0.250500 0.664821 -0.880691
v -0.231490 0.652513 -0.834933
v -0.250500 0.637049 -0.872266
v -0.231490 0.633905 -0.824986
v -0.250500 0.611454 -0.858586
v -0.231490 0.617594 -0.811601
v -0.250500 0.589021 -0.840175
v -0.231490 0.604209 -0.795291
v -0.250500 0.570610 -0.817741
v -0.231490 0.594262 -0.776682
v -0.250500 0.556929 -0.792146
v -0.231490 0.588137 -0.756491
v -0.250500 0.548504 -0.764374
v -0.231490 0.586069 -0.735493
v -0.250500 0.545660 -0.735493
v -0.231490 0.588137 -0.714494
v -0.250500 0.548504 -0.706611
v -0.231490 0.594262 -0.694303
v -0.250500 0.556929 -0.678839
v -0.231490 0.604209 -0.675695
v -0.250500 0.570610 -0.653244
v -0.231490 0.617594 -0.659384
v -0.250500 0.589021 -0.630811
v -0.231490 0.633905 -0.645999
v -0.250500 0.611454 -0.612400
v -0.231490 0.652513 -0.636052
v -0.250500 0.637049 -0.598719
v -0.231490 0.672704 -0.629927
v -0.250500 0.664821 -0.590294
v -0.231490 0.693703 -0.627859
v -0.250500 0.693703 -0.587450
v -0.231490 0.714701 -0.629927
v -0.250500 0.722584 -0.590294
v -0.231490 0.734892 -0.636052
v -0.250500 0.750356 -0.598719
v -0.231490 0.753501 -0.645999
v -0.250500 0.775951 -0.612400
v -0.231490 0.769811 -0.659384
v -0.250500 0.798385 -0.630811
v -0.231490 0.783197 -0.675695
v -0.250500 0.816796 -0.653244
v -0.231490 0.793143 -0.694303
v -0.250500 0.830476 -0.678839
v -0.231490 0.799268 -0.714494
v -0.250500 0.838901 -0.706611
v -0.231490 0.801336 -0.735493
v -0.250500 0.841745 -0.735493
v -0.231490 0.799268 -0.756491
v -0.250500 0.838901 -0.764374
v -0.231490 0.793143 -0.776682
v -0.250500 0.830476 -0.792146
v -0.231490 0.783197 -0.795290
v -0.250500 0.816796 -0.817741
v -0.231490 0.769811 -0.811601
v -0.250500 0.798385 -0.840175
v -0.231490 0.753501 -0.824986
v -0.250500 0.775951 -0.858586
v -0.231490 0.734892 -0.834933
v -0.250500 0.750356 -0.872266
v -0.231490 0.714701 -0.841058
v -0.250500 0.722584 -0.880691
v -0.250922 0.693703 -0.843126
v -0.250922 0.672704 -0.841058
v -0.250922 0.652513 -0.834933
v -0.250922 0.633905 -0.824986
v -0.250922 0.617594 -0.811601
v -0.250922 0.604209 -0.795291
v -0.250922 0.594262 -0.776682
v -0.250922 0.588137 -0.756491
v -0.250922 0.586069 -0.735493
v -0.250922 0.588137 -0.714494
v -0.250922 0.594262 -0.694303
v -0.250922 0.604209 -0.675695
v -0.250922 0.617594 -0.659384
v -0.250922 0.633905 -0.645999
v -0.250922 0.652513 -0.636052
v -0.250922 0.672704 -0.629927
v -0.250922 0.693703 -0.627859
v -0.250922 0.714701 -0.629927
v -0.250922 0.734892 -0.636052
v -0.250922 0.753501 -0.645999
v -0.250922 0.769811 -0.659384
v -0.250922 0.783197 -0.675695
v -0.250922 0.793143 -0.694303
v -0.250922 0.799268 -0.714494
v -0.250922 0.801336 -0.735493
v -0.250922 0.799268 -0.756491
v -0.250922 0.793143 -0.776682
v -0.250922 0.783197 -0.795290
v -0.250922 0.769811 -0.811601
v -0.250922 0.753501 -0.824986
v -0.250922 0.734892 -0.834933
v -0.250922 0.714701 -0.841058
vt 0.031250 0.932089
vt 0.000000 0.500000
vt 0.031250 0.500000
vt 0.937500 0.932089
vt 0.906250 0.500000
vt 0.937500 0.500000
vt 0.906250 0.932089
vt 0.875000 0.500000
vt 0.875000 0.932089
vt 0.843750 0.500000
vt 0.843750 0.932089
vt 0.812500 0.500000
vt 0.812500 0.932089
vt 0.781250 0.500000
vt 0.781250 0.932089
vt 0.750000 0.500000
vt 0.750000 0.932089
vt 0.718750 0.500000
vt 0.718750 0.932089
vt 0.687500 0.500000
vt 0.687500 0.932089
vt 0.656250 0.500000
vt 0.656250 0.932089
vt 0.625000 0.500000
vt 0.625000 0.932089
vt 0.593750 0.500000
vt 0.593750 0.932089
vt 0.562500 0.500000
vt 0.562500 0.932089
vt 0.531250 0.500000
vt 0.531250 0.932089
vt 0.500000 0.500000
vt 0.500000 0.932089
vt 0.468750 0.500000
vt 0.468750 0.932089
vt 0.437500 0.500000
vt 0.437500 0.932089
vt 0.406250 0.500000
vt 0.406250 0.932089
vt 0.375000 0.500000
vt 0.375000 0.932089
vt 0.343750 0.500000
vt 0.343750 0.932089
vt 0.312500 0.500000
vt 0.312500 0.932089
vt 0.281250 0.500000
vt 0.281250 0.932089
vt 0.250000 0.500000
vt 0.250000 0.932089
vt 0.218750 0.500000
vt 0.218750 0.932089
vt 0.187500 0.500000
vt 0.187500 0.932089
vt 0.156250 0.500000
vt 0.156250 0.932089
vt 0.125000 0.500000
vt 0.125000 0.932089
vt 0.093750 0.500000
vt 0.093750 0.932089
vt 0.062500 0.500000
vt 0.062500 0.932089
vt 1.000000 0.932089
vt 0.968750 0.500000
vt 1.000000 0.500000
vt 0.968750 0.932089
vt 0.985388 0.296822
vt 0.796822 0.014612
vt 0.514612 0.203178
vt 0.973015 1.000000
vt 0.941765 1.000000
vt 0.910515 1.000000
vt 0.879265 1.000000
vt 0.848015 1.000000
vt 0.839485 1.000000
vt 0.816765 1.000000
vt 0.785515 1.000000
vt 0.754265 1.000000
vt 0.745735 1.000000
vt 0.723015 1.000000
vt 0.714485 1.000000
vt 0.691765 1.000000
vt 0.660515 1.000000
vt 0.651985 1.000000
vt 0.629265 1.000000
vt 0.620735 1.000000
vt 0.598015 1.000000
vt 0.566765 1.000000
vt 0.535515 1.000000
vt 0.526985 1.000000
vt 0.504265 1.000000
vt 0.473015 1.000000
vt 0.464485 1.000000
vt 0.441765 1.000000
vt 0.410515 1.000000
vt 0.379265 1.000000
vt 0.348015 1.000000
vt 0.339485 1.000000
vt 0.316765 1.000000
vt 0.285515 1.000000
vt 0.254265 1.000000
vt 0.245735 1.000000
vt 0.223015 1.000000
vt 0.191765 1.000000
vt 0.160515 1.000000
vt 0.129265 1.000000
vt 0.098015 1.000000
vt 0.066765 1.000000
vt 0.058235 1.000000
vt 0.035515 1.000000
vt 0.000000 0.932089
vt 0.026985 1.000000
vt 0.004265 1.000000
vt 0.776985 1.000000
vt 0.754265 1.000000
vt 0.316775 0.411208
vt 0.088792 0.316774
vt 0.183225 0.088792
vt 0.495735 1.000000
vt 0.473015 1.000000
vt 0.214485 1.000000
vt 0.191765 1.000000
vt 0.901985 1.000000
vt 0.879265 1.000000
vt 0.598015 1.000000
vt 0.316765 1.000000
vt 0.035515 1.000000
vt 0.723015 1.000000
vt 0.441765 1.000000
vt 0.183235 1.000000
vt 0.160515 1.000000
vt 0.004265 1.000000
vt 0.870735 1.000000
vt 0.848015 1.000000
vt 0.589485 1.000000
vt 0.566765 1.000000
vt 0.308235 1.000000
vt 0.285515 1.000000
vt 0.995735 1.000000
vt 0.973015 1.000000
vt 0.691765 1.000000
vt 0.433235 1.000000
vt 0.410515 1.000000
vt 0.151985 1.000000
vt 0.129265 1.000000
vt 0.816765 1.000000
vt 0.558235 1.000000
vt 0.535515 1.000000
vt 0.276985 1.000000
vt 0.254265 1.000000
vt 0.964485 1.000000
vt 0.941765 1.000000
vt 0.683235 1.000000
vt 0.660515 1.000000
vt 0.401985 1.000000
vt 0.379265 1.000000
vt 0.120735 1.000000
vt 0.098015 1.000000
vt 0.808235 1.000000
vt 0.785515 1.000000
vt 0.504265 1.000000
vt 0.223015 1.000000
vt 0.933235 1.000000
vt 0.910515 1.000000
vt 0.629265 1.000000
vt 0.370735 1.000000
vt 0.348015 1.000000
vt 0.089485 1.000000
vt 0.066765 1.000000
vt 0.703178 0.485388
vt 0.750000 0.490000
vt 0.796822 0.485388
vt 0.841844 0.471731
vt 0.883337 0.449553
vt 0.919706 0.419706
vt 0.949553 0.383337
vt 0.971731 0.341844
vt 0.990000 0.250000
vt 0.985388 0.203178
vt 0.971731 0.158156
vt 0.949553 0.116663
vt 0.919706 0.080294
vt 0.883337 0.050447
vt 0.841844 0.028269
vt 0.750000 0.010000
vt 0.703178 0.014612
vt 0.658156 0.028269
vt 0.616663 0.050447
vt 0.580294 0.080294
vt 0.550447 0.116663
vt 0.528269 0.158156
vt 0.510000 0.250000
vt 0.514612 0.296822
vt 0.528269 0.341844
vt 0.550447 0.383337
vt 0.580294 0.419706
vt 0.616663 0.449553
vt 0.658156 0.471731
vt 0.776985 1.000000
vt 0.284041 0.421137
vt 0.250000 0.424490
vt 0.215959 0.421137
vt 0.183225 0.411208
vt 0.153058 0.395083
vt 0.126617 0.373383
vt 0.104917 0.346941
vt 0.078863 0.284041
vt 0.075510 0.250000
vt 0.078863 0.215959
vt 0.088792 0.183225
vt 0.104917 0.153058
vt 0.126617 0.126617
vt 0.153058 0.104917
vt 0.215959 0.078863
vt 0.250000 0.075510
vt 0.284041 0.078863
vt 0.316775 0.088792
vt 0.346942 0.104917
vt 0.373383 0.126617
vt 0.395083 0.153058
vt 0.411208 0.183225
vt 0.421137 0.215959
vt 0.411208 0.316774
vt 0.424490 0.250000
vt 0.421137 0.284041
vt 0.395083 0.346942
vt 0.373383 0.373383
vt 0.346942 0.395083
vt 0.495735 1.000000
vt 0.214485 1.000000
vt 0.901985 1.000000
vt 0.620735 1.000000
vt 0.339485 1.000000
vt 0.058235 1.000000
vt 0.745735 1.000000
vt 0.464485 1.000000
vt 0.183235 1.000000
vt 0.026985 1.000000
vt 0.870735 1.000000
vt 0.589485 1.000000
vt 0.308235 1.000000
vt 0.995735 1.000000
vt 0.714485 1.000000
vt 0.433235 1.000000
vt 0.151985 1.000000
vt 0.839485 1.000000
vt 0.558235 1.000000
vt 0.276985 1.000000
vt 0.964485 1.000000
vt 0.683235 1.000000
vt 0.401985 1.000000
vt 0.120735 1.000000
vt 0.808235 1.000000
vt 0.526985 1.000000
vt 0.245735 1.000000
vt 0.933235 1.000000
vt 0.651985 1.000000
vt 0.370735 1.000000
vt 0.089485 1.000000
vn 0.0000 0.0980 -0.9952
vn 0.0000 -0.4714 -0.8819
vn 0.0000 -0.6344 -0.7730
vn 0.0000 -0.7730 -0.6344
vn 0.0000 -0.8819 -0.4714
vn 0.0000 -0.9569 -0.2903
vn 0.0000 -0.9952 -0.0980
vn 0.0000 -0.9952 0.0980
vn 0.0000 -0.9569 0.2903
vn 0.0000 -0.8819 0.4714
vn 0.0000 -0.7730 0.6344
vn 0.0000 -0.6344 0.7730
vn 0.0000 -0.4714 0.8819
vn 0.0000 -0.2903 0.9569
vn 0.0000 -0.0980 0.9952
vn 0.0000 0.0980 0.9952
vn 0.0000 0.2903 0.9569
vn 0.0000 0.4714 0.8819
vn 0.0000 0.6344 0.7730
vn 0.0000 0.7730 0.6344
vn 0.0000 0.8819 0.4714
vn 0.0000 0.9569 0.2903
vn 0.0000 0.9952 0.0980
vn 0.0000 0.9952 -0.0980
vn 0.0000 0.9569 -0.2903
vn 0.0000 0.8819 -0.4714
vn 0.0000 0.7730 -0.6344
vn 0.0000 0.6344 -0.7730
vn 0.0000 0.4714 -0.8819
vn 0.0000 0.2903 -0.9569
vn 0.0000 -0.0980 -0.9952
vn 0.0000 -0.2903 -0.9569
vn -1.0000 -0.0000 -0.0000
vn 0.9041 -0.0419 -0.4253
vn 0.9041 -0.1241 -0.4090
vn 0.9041 -0.2015 -0.3769
vn 0.9041 -0.2711 -0.3304
vn 0.9041 -0.3304 -0.2711
vn 0.9041 -0.3769 -0.2015
vn 0.9041 -0.4090 -0.1241
vn 0.9041 -0.4253 -0.0419
vn 0.9041 -0.4253 0.0419
vn 0.9041 -0.4090 0.1241
vn 0.9041 -0.3769 0.2015
vn 0.9041 -0.3304 0.2711
vn 0.9041 -0.2711 0.3304
vn 0.9041 -0.2015 0.3769
vn 0.9041 -0.1241 0.4090
vn 0.9041 -0.0419 0.4253
vn 0.9041 0.0419 0.4253
vn 0.9041 0.1241 0.4090
vn 0.9041 0.2015 0.3769
vn 0.9041 0.2711 0.3304
vn 0.9041 0.3304 0.2711
vn 0.9041 0.3769 0.2015
vn 0.9041 0.4090 0.1241
vn 0.9041 0.4253 0.0419
vn 0.9041 0.4253 -0.0419
vn 0.9041 0.4090 -0.1241
vn 0.9041 0.3769 -0.2015
vn 0.9041 0.3304 -0.2711
vn 0.9041 0.2711 -0.3304
vn 0.9041 0.2015 -0.3769
vn 0.9041 0.1241 -0.4090
vn 0.9041 0.0419 -0.4253
vn 1.0000 0.0000 0.0000
usemtl None
s off
f 3410/4103/2295 3315/4104/2295 3346/4105/2295
f 3352/4106/2296 3318/4107/2296 3317/4108/2296
f 3354/4109/2297 3319/4110/2297 3318/4107/2297
f 3356/4111/2298 3320/4112/2298 3319/4110/2298
f 3358/4113/2299 3321/4114/2299 3320/4112/2299
f 3360/4115/2300 3322/4116/2300 3321/4114/2300
f 3362/4117/2301 3323/4118/2301 3322/4116/2301
f 3364/4119/2302 3324/4120/2302 3323/4118/2302
f 3366/4121/2303 3325/4122/2303 3324/4120/2303
f 3368/4123/2304 3326/4124/2304 3325/4122/2304
f 3370/4125/2305 3327/4126/2305 3326/4124/2305
f 3372/4127/2306 3328/4128/2306 3327/4126/2306
f 3374/4129/2307 3329/4130/2307 3328/4128/2307
f 3376/4131/2308 3330/4132/2308 3329/4130/2308
f 3378/4133/2309 3331/4134/2309 3330/4132/2309
f 3380/4135/2310 3332/4136/2310 3331/4134/2310
f 3382/4137/2311 3333/4138/2311 3332/4136/2311
f 3384/4139/2312 3334/4140/2312 3333/4138/2312
f 3386/4141/2313 3335/4142/2313 3334/4140/2313
f 3388/4143/2314 3336/4144/2314 3335/4142/2314
f 3390/4145/2315 3337/4146/2315 3336/4144/2315
f 3392/4147/2316 3338/4148/2316 3337/4146/2316
f 3394/4149/2317 3339/4150/2317 3338/4148/2317
f 3396/4151/2318 3340/4152/2318 3339/4150/2318
f 3398/4153/2319 3341/4154/2319 3340/4152/2319
f 3400/4155/2320 3342/4156/2320 3341/4154/2320
f 3402/4157/2321 3343/4158/2321 3342/4156/2321
f 3404/4159/2322 3344/4160/2322 3343/4158/2322
f 3406/4161/2323 3345/4162/2323 3344/4160/2323
f 3408/4163/2324 3346/4105/2324 3345/4162/2324
f 3348/4164/2325 3316/4165/2325 3315/4166/2325
f 3350/4167/2326 3317/4108/2326 3316/4165/2326
f 3322/4168/2327 3330/4169/2327 3338/4170/2327
f 3348/4164/2328 3349/4171/2328 3350/4167/2328
f 3350/4167/2329 3351/4172/2329 3352/4106/2329
f 3352/4106/2330 3353/4173/2330 3354/4109/2330
f 3354/4109/2331 3355/4174/2331 3356/4111/2331
f 3356/4111/2332 3357/4175/2332 3358/4113/2332
f 3360/4115/2333 3357/4176/2333 3359/4177/2333
f 3360/4115/2334 3361/4178/2334 3362/4117/2334
f 3362/4117/2335 3363/4179/2335 3364/4119/2335
f 3366/4121/2336 3363/4180/2336 3365/4181/2336
f 3368/4123/2337 3365/4182/2337 3367/4183/2337
f 3368/4123/2338 3369/4184/2338 3370/4125/2338
f 3372/4127/2339 3369/4185/2339 3371/4186/2339
f 3374/4129/2340 3371/4187/2340 3373/4188/2340
f 3374/4129/2341 3375/4189/2341 3376/4131/2341
f 3376/4131/2342 3377/4190/2342 3378/4133/2342
f 3380/4135/2343 3377/4191/2343 3379/4192/2343
f 3380/4135/2344 3381/4193/2344 3382/4137/2344
f 3384/4139/2345 3381/4194/2345 3383/4195/2345
f 3384/4139/2346 3385/4196/2346 3386/4141/2346
f 3386/4141/2347 3387/4197/2347 3388/4143/2347
f 3388/4143/2348 3389/4198/2348 3390/4145/2348
f 3392/4147/2349 3389/4199/2349 3391/4200/2349
f 3392/4147/2350 3393/4201/2350 3394/4149/2350
f 3394/4149/2351 3395/4202/2351 3396/4151/2351
f 3398/4153/2352 3395/4203/2352 3397/4204/2352
f 3398/4153/2353 3399/4205/2353 3400/4155/2353
f 3400/4155/2354 3401/4206/2354 3402/4157/2354
f 3402/4157/2355 3403/4207/2355 3404/4159/2355
f 3404/4159/2356 3405/4208/2356 3406/4161/2356
f 3406/4161/2357 3407/4209/2357 3408/4163/2357
f 3410/4103/2358 3407/4210/2358 3409/4211/2358
f 3348/4212/2359 3409/4213/2359 3347/4214/2359
f 3361/4215/2317 3419/4216/2317 3363/4179/2317
f 3413/4217/2360 3437/4218/2360 3429/4219/2360
f 3379/4220/2325 3428/4221/2325 3381/4193/2325
f 3397/4222/2303 3437/4223/2303 3399/4205/2303
f 3353/4224/2313 3415/4225/2313 3355/4174/2313
f 3371/4187/2322 3424/4226/2322 3373/4188/2322
f 3389/4199/2299 3433/4227/2299 3391/4200/2299
f 3407/4210/2308 3442/4228/2308 3409/4211/2308
f 3363/4180/2318 3420/4229/2318 3365/4181/2318
f 3381/4194/2326 3429/4230/2326 3383/4195/2326
f 3399/4231/2304 3438/4232/2304 3401/4206/2304
f 3409/4213/2309 3411/4233/2309 3347/4214/2309
f 3355/4234/2314 3416/4235/2314 3357/4175/2314
f 3373/4236/2323 3425/4237/2323 3375/4189/2323
f 3391/4238/2300 3434/4239/2300 3393/4201/2300
f 3347/4240/2310 3412/4241/2310 3349/4171/2310
f 3365/4182/2319 3421/4242/2319 3367/4183/2319
f 3383/4243/2296 3430/4244/2296 3385/4196/2296
f 3401/4245/2305 3439/4246/2305 3403/4207/2305
f 3357/4176/2315 3417/4247/2315 3359/4177/2315
f 3375/4248/2324 3426/4249/2324 3377/4190/2324
f 3393/4250/2301 3435/4251/2301 3395/4202/2301
f 3349/4252/2311 3413/4253/2311 3351/4172/2311
f 3367/4254/2320 3422/4255/2320 3369/4184/2320
f 3385/4256/2297 3431/4257/2297 3387/4197/2297
f 3403/4258/2306 3440/4259/2306 3405/4208/2306
f 3359/4260/2316 3418/4261/2316 3361/4178/2316
f 3377/4191/2295 3427/4262/2295 3379/4192/2295
f 3395/4203/2302 3436/4263/2302 3397/4204/2302
f 3351/4264/2312 3414/4265/2312 3353/4173/2312
f 3369/4185/2321 3423/4266/2321 3371/4186/2321
f 3387/4267/2298 3432/4268/2298 3389/4198/2298
f 3405/4269/2307 3441/4270/2307 3407/4209/2307
f 3410/4103/2295 3348/4212/2295 3315/4104/2295
f 3352/4106/2296 3354/4109/2296 3318/4107/2296
f 3354/4109/2297 3356/4111/2297 3319/4110/2297
f 3356/4111/2298 3358/4113/2298 3320/4112/2298
f 3358/4113/2299 3360/4115/2299 3321/4114/2299
f 3360/4115/2300 3362/4117/2300 3322/4116/2300
f 3362/4117/2301 3364/4119/2301 3323/4118/2301
f 3364/4119/2302 3366/4121/2302 3324/4120/2302
f 3366/4121/2303 3368/4123/2303 3325/4122/2303
f 3368/4123/2304 3370/4125/2304 3326/4124/2304
f 3370/4125/2305 3372/4127/2305 3327/4126/2305
f 3372/4127/2306 3374/4129/2306 3328/4128/2306
f 3374/4129/2307 3376/4131/2307 3329/4130/2307
f 3376/4131/2308 3378/4133/2308 3330/4132/2308
f 3378/4133/2309 3380/4135/2309 3331/4134/2309
f 3380/4135/2310 3382/4137/2310 3332/4136/2310
f 3382/4137/2311 3384/4139/2311 3333/4138/2311
f 3384/4139/2312 3386/4141/2312 3334/4140/2312
f 3386/4141/2313 3388/4143/2313 3335/4142/2313
f 3388/4143/2314 3390/4145/2314 3336/4144/2314
f 3390/4145/2315 3392/4147/2315 3337/4146/2315
f 3392/4147/2316 3394/4149/2316 3338/4148/2316
f 3394/4149/2317 3396/4151/2317 3339/4150/2317
f 3396/4151/2318 3398/4153/2318 3340/4152/2318
f 3398/4153/2319 3400/4155/2319 3341/4154/2319
f 3400/4155/2320 3402/4157/2320 3342/4156/2320
f 3402/4157/2321 3404/4159/2321 3343/4158/2321
f 3404/4159/2322 3406/4161/2322 3344/4160/2322
f 3406/4161/2323 3408/4163/2323 3345/4162/2323
f 3408/4163/2324 3410/4103/2324 3346/4105/2324
f 3348/4164/2325 3350/4167/2325 3316/4165/2325
f 3350/4167/2326 3352/4106/2326 3317/4108/2326
f 3346/4271/2327 3315/4272/2327 3316/4273/2327
f 3316/4273/2327 3317/4274/2327 3318/4275/2327
f 3318/4275/2327 3319/4276/2327 3320/4277/2327
f 3320/4277/2327 3321/4278/2327 3322/4168/2327
f 3322/4168/2327 3323/4279/2327 3324/4280/2327
f 3324/4280/2327 3325/4281/2327 3326/4282/2327
f 3326/4282/2327 3327/4283/2327 3328/4284/2327
f 3328/4284/2327 3329/4285/2327 3330/4169/2327
f 3330/4169/2327 3331/4286/2327 3332/4287/2327
f 3332/4287/2327 3333/4288/2327 3334/4289/2327
f 3334/4289/2327 3335/4290/2327 3336/4291/2327
f 3336/4291/2327 3337/4292/2327 3338/4170/2327
f 3338/4170/2327 3339/4293/2327 3340/4294/2327
f 3340/4294/2327 3341/4295/2327 3338/4170/2327
f 3341/4295/2327 3342/4296/2327 3338/4170/2327
f 3342/4296/2327 3343/4297/2327 3344/4298/2327
f 3344/4298/2327 3345/4299/2327 3342/4296/2327
f 3345/4299/2327 3346/4271/2327 3342/4296/2327
f 3346/4271/2327 3316/4273/2327 3322/4168/2327
f 3316/4273/2327 3318/4275/2327 3322/4168/2327
f 3318/4275/2327 3320/4277/2327 3322/4168/2327
f 3322/4168/2327 3324/4280/2327 3326/4282/2327
f 3326/4282/2327 3328/4284/2327 3322/4168/2327
f 3328/4284/2327 3330/4169/2327 3322/4168/2327
f 3330/4169/2327 3332/4287/2327 3338/4170/2327
f 3332/4287/2327 3334/4289/2327 3338/4170/2327
f 3334/4289/2327 3336/4291/2327 3338/4170/2327
f 3338/4170/2327 3342/4296/2327 3346/4271/2327
f 3346/4271/2327 3322/4168/2327 3338/4170/2327
f 3348/4164/2328 3347/4240/2328 3349/4171/2328
f 3350/4167/2329 3349/4252/2329 3351/4172/2329
f 3352/4106/2330 3351/4264/2330 3353/4173/2330
f 3354/4109/2331 3353/4224/2331 3355/4174/2331
f 3356/4111/2332 3355/4234/2332 3357/4175/2332
f 3360/4115/2333 3358/4113/2333 3357/4176/2333
f 3360/4115/2334 3359/4260/2334 3361/4178/2334
f 3362/4117/2335 3361/4215/2335 3363/4179/2335
f 3366/4121/2336 3364/4119/2336 3363/4180/2336
f 3368/4123/2337 3366/4121/2337 3365/4182/2337
f 3368/4123/2338 3367/4254/2338 3369/4184/2338
f 3372/4127/2339 3370/4125/2339 3369/4185/2339
f 3374/4129/2340 3372/4127/2340 3371/4187/2340
f 3374/4129/2341 3373/4236/2341 3375/4189/2341
f 3376/4131/2342 3375/4248/2342 3377/4190/2342
f 3380/4135/2343 3378/4133/2343 3377/4191/2343
f 3380/4135/2344 3379/4220/2344 3381/4193/2344
f 3384/4139/2345 3382/4137/2345 3381/4194/2345
f 3384/4139/2346 3383/4243/2346 3385/4196/2346
f 3386/4141/2347 3385/4256/2347 3387/4197/2347
f 3388/4143/2348 3387/4267/2348 3389/4198/2348
f 3392/4147/2349 3390/4145/2349 3389/4199/2349
f 3392/4147/2350 3391/4238/2350 3393/4201/2350
f 3394/4149/2351 3393/4250/2351 3395/4202/2351
f 3398/4153/2352 3396/4151/2352 3395/4203/2352
f 3398/4153/2353 3397/4222/2353 3399/4205/2353
f 3400/4155/2354 3399/4231/2354 3401/4206/2354
f 3402/4157/2355 3401/4245/2355 3403/4207/2355
f 3404/4159/2356 3403/4258/2356 3405/4208/2356
f 3406/4161/2357 3405/4269/2357 3407/4209/2357
f 3410/4103/2358 3408/4163/2358 3407/4210/2358
f 3348/4212/2359 3410/4103/2359 3409/4213/2359
f 3361/4215/2317 3418/4300/2317 3419/4216/2317
f 3413/4217/2360 3412/4301/2360 3411/4302/2360
f 3411/4302/2360 3442/4303/2360 3441/4304/2360
f 3441/4304/2360 3440/4305/2360 3439/4306/2360
f 3439/4306/2360 3438/4307/2360 3441/4304/2360
f 3438/4307/2360 3437/4218/2360 3441/4304/2360
f 3437/4218/2360 3436/4308/2360 3435/4309/2360
f 3435/4309/2360 3434/4310/2360 3433/4311/2360
f 3433/4311/2360 3432/4312/2360 3431/4313/2360
f 3431/4313/2360 3430/4314/2360 3429/4219/2360
f 3429/4219/2360 3428/4315/2360 3427/4316/2360
f 3427/4316/2360 3426/4317/2360 3425/4318/2360
f 3425/4318/2360 3424/4319/2360 3423/4320/2360
f 3423/4320/2360 3422/4321/2360 3421/4322/2360
f 3421/4322/2360 3420/4323/2360 3417/4324/2360
f 3420/4323/2360 3419/4325/2360 3417/4324/2360
f 3419/4325/2360 3418/4326/2360 3417/4324/2360
f 3417/4324/2360 3416/4327/2360 3415/4328/2360
f 3415/4328/2360 3414/4329/2360 3413/4217/2360
f 3413/4217/2360 3411/4302/2360 3437/4218/2360
f 3411/4302/2360 3441/4304/2360 3437/4218/2360
f 3437/4218/2360 3435/4309/2360 3429/4219/2360
f 3435/4309/2360 3433/4311/2360 3429/4219/2360
f 3433/4311/2360 3431/4313/2360 3429/4219/2360
f 3429/4219/2360 3427/4316/2360 3425/4318/2360
f 3425/4318/2360 3423/4320/2360 3429/4219/2360
f 3423/4320/2360 3421/4322/2360 3429/4219/2360
f 3417/4324/2360 3415/4328/2360 3413/4217/2360
f 3421/4322/2360 3417/4324/2360 3429/4219/2360
f 3417/4324/2360 3413/4217/2360 3429/4219/2360
f 3379/4220/2325 3427/4330/2325 3428/4221/2325
f 3397/4222/2303 3436/4331/2303 3437/4223/2303
f 3353/4224/2313 3414/4332/2313 3415/4225/2313
f 3371/4187/2322 3423/4333/2322 3424/4226/2322
f 3389/4199/2299 3432/4334/2299 3433/4227/2299
f 3407/4210/2308 3441/4335/2308 3442/4228/2308
f 3363/4180/2318 3419/4336/2318 3420/4229/2318
f 3381/4194/2326 3428/4337/2326 3429/4230/2326
f 3399/4231/2304 3437/4338/2304 3438/4232/2304
f 3409/4213/2309 3442/4339/2309 3411/4233/2309
f 3355/4234/2314 3415/4340/2314 3416/4235/2314
f 3373/4236/2323 3424/4341/2323 3425/4237/2323
f 3391/4238/2300 3433/4342/2300 3434/4239/2300
f 3347/4240/2310 3411/4343/2310 3412/4241/2310
f 3365/4182/2319 3420/4344/2319 3421/4242/2319
f 3383/4243/2296 3429/4345/2296 3430/4244/2296
f 3401/4245/2305 3438/4346/2305 3439/4246/2305
f 3357/4176/2315 3416/4347/2315 3417/4247/2315
f 3375/4248/2324 3425/4348/2324 3426/4249/2324
f 3393/4250/2301 3434/4349/2301 3435/4251/2301
f 3349/4252/2311 3412/4350/2311 3413/4253/2311
f 3367/4254/2320 3421/4351/2320 3422/4255/2320
f 3385/4256/2297 3430/4352/2297 3431/4257/2297
f 3403/4258/2306 3439/4353/2306 3440/4259/2306
f 3359/4260/2316 3417/4354/2316 3418/4261/2316
f 3377/4191/2295 3426/4355/2295 3427/4262/2295
f 3395/4203/2302 3435/4356/2302 3436/4263/2302
f 3351/4264/2312 3413/4357/2312 3414/4265/2312
f 3369/4185/2321 3422/4358/2321 3423/4266/2321
f 3387/4267/2298 3431/4359/2298 3432/4268/2298
f 3405/4269/2307 3440/4360/2307 3441/4270/2307
o 円柱.001_円柱.011
v -0.371454 0.693703 -1.187532
v -0.250039 0.714903 -1.146073
v -0.371454 0.664821 -1.184687
v -0.250039 0.735290 -1.139889
v -0.371454 0.637049 -1.176263
v -0.250039 0.754077 -1.129846
v -0.371454 0.611454 -1.162582
v -0.250039 0.770545 -1.116332
v -0.371454 0.589021 -1.144171
v -0.250039 0.784060 -1.099864
v -0.371454 0.570610 -1.121737
v -0.250039 0.794102 -1.081076
v -0.371454 0.556929 -1.096143
v -0.250039 0.800286 -1.060690
v -0.371454 0.548504 -1.068371
v -0.250039 0.802374 -1.039489
v -0.371454 0.545660 -1.039489
v -0.250039 0.800286 -1.018288
v -0.371454 0.548504 -1.010608
v -0.250039 0.794102 -0.997902
v -0.371454 0.556929 -0.982836
v -0.250039 0.784060 -0.979115
v -0.371454 0.570610 -0.957241
v -0.250039 0.770545 -0.962647
v -0.371454 0.589021 -0.934807
v -0.250039 0.754077 -0.949132
v -0.371454 0.611454 -0.916396
v -0.250039 0.735289 -0.939090
v -0.371454 0.637049 -0.902716
v -0.250039 0.714903 -0.932906
v -0.371454 0.664821 -0.894291
v -0.250039 0.693703 -0.930818
v -0.371454 0.693703 -0.891447
v -0.250039 0.672502 -0.932906
v -0.371454 0.722584 -0.894291
v -0.250039 0.652116 -0.939090
v -0.371454 0.750356 -0.902716
v -0.250039 0.633328 -0.949132
v -0.371454 0.775951 -0.916396
v -0.250039 0.616860 -0.962647
v -0.371454 0.798385 -0.934807
v -0.250039 0.603345 -0.979115
v -0.371454 0.816796 -0.957241
v -0.250039 0.593303 -0.997902
v -0.371454 0.830476 -0.982836
v -0.250039 0.587119 -1.018288
v -0.371454 0.838901 -1.010608
v -0.250039 0.585031 -1.039489
v -0.371454 0.841745 -1.039489
v -0.250039 0.587119 -1.060690
v -0.371454 0.838901 -1.068371
v -0.250039 0.593303 -1.081076
v -0.371454 0.830476 -1.096143
v -0.250039 0.603345 -1.099864
v -0.371454 0.816796 -1.121737
v -0.250039 0.616860 -1.116332
v -0.371454 0.798385 -1.144171
v -0.250039 0.633328 -1.129846
v -0.371454 0.775951 -1.162582
v -0.250039 0.652116 -1.139889
v -0.371454 0.750356 -1.176263
v -0.250039 0.672502 -1.146073
v -0.371454 0.722584 -1.184687
v -0.250039 0.693703 -1.148161
v -0.231490 0.693703 -1.148161
v -0.250011 0.693703 -1.187532
v -0.231490 0.672502 -1.146073
v -0.250011 0.664821 -1.184687
v -0.231490 0.652116 -1.139889
v -0.250011 0.637049 -1.176263
v -0.231490 0.633328 -1.129846
v -0.250011 0.611454 -1.162582
v -0.231490 0.616860 -1.116332
v -0.250011 0.589021 -1.144171
v -0.231490 0.603345 -1.099864
v -0.250011 0.570610 -1.121737
v -0.231490 0.593303 -1.081076
v -0.250011 0.556929 -1.096143
v -0.231490 0.587119 -1.060690
v -0.250011 0.548504 -1.068371
v -0.231490 0.585031 -1.039489
v -0.250011 0.545660 -1.039489
v -0.231490 0.587119 -1.018288
v -0.250011 0.548504 -1.010608
v -0.231490 0.593303 -0.997902
v -0.250011 0.556929 -0.982836
v -0.231490 0.603345 -0.979115
v -0.250011 0.570610 -0.957241
v -0.231490 0.616860 -0.962647
v -0.250011 0.589021 -0.934807
v -0.231490 0.633328 -0.949132
v -0.250011 0.611454 -0.916396
v -0.231490 0.652116 -0.939090
v -0.250011 0.637049 -0.902716
v -0.231490 0.672502 -0.932906
v -0.250011 0.664821 -0.894291
v -0.231490 0.693703 -0.930818
v -0.250011 0.693703 -0.891447
v -0.231490 0.714903 -0.932906
v -0.250011 0.722584 -0.894291
v -0.231490 0.735289 -0.939090
v -0.250011 0.750356 -0.902716
v -0.231490 0.754077 -0.949132
v -0.250011 0.775951 -0.916396
v -0.231490 0.770545 -0.962647
v -0.250011 0.798385 -0.934807
v -0.231490 0.784060 -0.979115
v -0.250011 0.816796 -0.957241
v -0.231490 0.794102 -0.997902
v -0.250011 0.830476 -0.982836
v -0.231490 0.800286 -1.018288
v -0.250011 0.838901 -1.010608
v -0.231490 0.802374 -1.039489
v -0.250011 0.841745 -1.039489
v -0.231490 0.800286 -1.060690
v -0.250011 0.838901 -1.068371
v -0.231490 0.794102 -1.081076
v -0.250011 0.830476 -1.096143
v -0.231490 0.784060 -1.099864
v -0.250011 0.816796 -1.121737
v -0.231490 0.770545 -1.116332
v -0.250011 0.798385 -1.144171
v -0.231490 0.754077 -1.129846
v -0.250011 0.775951 -1.162582
v -0.231490 0.735290 -1.139889
v -0.250011 0.750356 -1.176263
v -0.231490 0.714903 -1.146073
v -0.250011 0.722584 -1.184687
vt 0.031250 0.933834
vt 0.000000 0.500000
vt 0.031250 0.500000
vt 0.937500 0.933834
vt 0.906250 0.500000
vt 0.937500 0.500000
vt 0.906250 0.933834
vt 0.875000 0.500000
vt 0.875000 0.933834
vt 0.843750 0.500000
vt 0.843750 0.933834
vt 0.812500 0.500000
vt 0.812500 0.933834
vt 0.781250 0.500000
vt 0.781250 0.933834
vt 0.750000 0.500000
vt 0.750000 0.933834
vt 0.718750 0.500000
vt 0.718750 0.933834
vt 0.687500 0.500000
vt 0.687500 0.933834
vt 0.656250 0.500000
vt 0.656250 0.933834
vt 0.625000 0.500000
vt 0.625000 0.933834
vt 0.593750 0.500000
vt 0.593750 0.933834
vt 0.562500 0.500000
vt 0.562500 0.933834
vt 0.531250 0.500000
vt 0.531250 0.933834
vt 0.500000 0.500000
vt 0.500000 0.933834
vt 0.468750 0.500000
vt 0.468750 0.933834
vt 0.437500 0.500000
vt 0.437500 0.933834
vt 0.406250 0.500000
vt 0.406250 0.933834
vt 0.375000 0.500000
vt 0.375000 0.933834
vt 0.343750 0.500000
vt 0.343750 0.933834
vt 0.312500 0.500000
vt 0.312500 0.933834
vt 0.281250 0.500000
vt 0.281250 0.933834
vt 0.250000 0.500000
vt 0.250000 0.933834
vt 0.218750 0.500000
vt 0.218750 0.933834
vt 0.187500 0.500000
vt 0.187500 0.933834
vt 0.156250 0.500000
vt 0.156250 0.933834
vt 0.125000 0.500000
vt 0.125000 0.933834
vt 0.093750 0.500000
vt 0.093750 0.933834
vt 0.062500 0.500000
vt 0.062500 0.933834
vt 1.000000 0.933834
vt 0.968750 0.500000
vt 1.000000 0.500000
vt 0.317419 0.412763
vt 0.087237 0.317419
vt 0.182581 0.087237
vt 0.968750 0.933834
vt 0.985388 0.296822
vt 0.796822 0.014612
vt 0.514612 0.203178
vt 0.995845 1.000000
vt 0.972905 1.000000
vt 0.941655 1.000000
vt 0.910405 1.000000
vt 0.879155 1.000000
vt 0.847905 1.000000
vt 0.816655 1.000000
vt 0.808345 1.000000
vt 0.785405 1.000000
vt 0.754155 1.000000
vt 0.722905 1.000000
vt 0.714595 1.000000
vt 0.691655 1.000000
vt 0.660405 1.000000
vt 0.629155 1.000000
vt 0.620845 1.000000
vt 0.597905 1.000000
vt 0.589595 1.000000
vt 0.566655 1.000000
vt 0.535405 1.000000
vt 0.504155 1.000000
vt 0.472905 1.000000
vt 0.464595 1.000000
vt 0.441655 1.000000
vt 0.410405 1.000000
vt 0.402095 1.000000
vt 0.379155 1.000000
vt 0.370845 1.000000
vt 0.347905 1.000000
vt 0.316655 1.000000
vt 0.285405 1.000000
vt 0.254155 1.000000
vt 0.222905 1.000000
vt 0.191655 1.000000
vt 0.183345 1.000000
vt 0.160405 1.000000
vt 0.129155 1.000000
vt 0.097905 1.000000
vt 0.066655 1.000000
vt 0.058345 1.000000
vt 0.035405 1.000000
vt 0.000000 0.933834
vt 0.027095 1.000000
vt 0.004155 1.000000
vt 0.902095 1.000000
vt 0.879155 1.000000
vt 0.597905 1.000000
vt 0.339595 1.000000
vt 0.316655 1.000000
vt 0.035405 1.000000
vt 0.745845 1.000000
vt 0.722905 1.000000
vt 0.441655 1.000000
vt 0.160405 1.000000
vt 0.027095 1.000000
vt 0.004155 1.000000
vt 0.870845 1.000000
vt 0.847905 1.000000
vt 0.566655 1.000000
vt 0.308345 1.000000
vt 0.285405 1.000000
vt 0.972905 1.000000
vt 0.691655 1.000000
vt 0.433345 1.000000
vt 0.410405 1.000000
vt 0.152095 1.000000
vt 0.129155 1.000000
vt 0.839595 1.000000
vt 0.816655 1.000000
vt 0.558345 1.000000
vt 0.535405 1.000000
vt 0.277095 1.000000
vt 0.254155 1.000000
vt 0.964595 1.000000
vt 0.941655 1.000000
vt 0.683345 1.000000
vt 0.660405 1.000000
vt 0.379155 1.000000
vt 0.120845 1.000000
vt 0.097905 1.000000
vt 0.785405 1.000000
vt 0.527095 1.000000
vt 0.504155 1.000000
vt 0.245845 1.000000
vt 0.222905 1.000000
vt 0.933345 1.000000
vt 0.910405 1.000000
vt 0.652095 1.000000
vt 0.629155 1.000000
vt 0.347905 1.000000
vt 0.089595 1.000000
vt 0.066655 1.000000
vt 0.777095 1.000000
vt 0.754155 1.000000
vt 0.495845 1.000000
vt 0.472905 1.000000
vt 0.214595 1.000000
vt 0.191655 1.000000
vt 0.284370 0.422788
vt 0.182581 0.412763
vt 0.250000 0.426173
vt 0.215630 0.422788
vt 0.152123 0.396483
vt 0.125427 0.374573
vt 0.103517 0.347877
vt 0.077212 0.284370
vt 0.073827 0.250000
vt 0.077212 0.215630
vt 0.087237 0.182581
vt 0.103517 0.152123
vt 0.125427 0.125427
vt 0.152123 0.103517
vt 0.215630 0.077212
vt 0.250000 0.073827
vt 0.284370 0.077212
vt 0.317419 0.087237
vt 0.347877 0.103517
vt 0.412763 0.182581
vt 0.374573 0.125427
vt 0.396483 0.152123
vt 0.422788 0.215630
vt 0.426173 0.250000
vt 0.422788 0.284370
vt 0.412763 0.317419
vt 0.396483 0.347877
vt 0.374573 0.374573
vt 0.347877 0.396483
vt 0.703178 0.485388
vt 0.750000 0.490000
vt 0.796822 0.485388
vt 0.841844 0.471731
vt 0.883337 0.449553
vt 0.919706 0.419706
vt 0.949553 0.383337
vt 0.971731 0.341844
vt 0.990000 0.250000
vt 0.985388 0.203178
vt 0.971731 0.158156
vt 0.949553 0.116663
vt 0.919706 0.080294
vt 0.883337 0.050447
vt 0.841844 0.028269
vt 0.750000 0.010000
vt 0.703178 0.014612
vt 0.658156 0.028269
vt 0.616663 0.050447
vt 0.580294 0.080294
vt 0.550447 0.116663
vt 0.528269 0.158156
vt 0.510000 0.250000
vt 0.514612 0.296822
vt 0.528269 0.341844
vt 0.550447 0.383337
vt 0.580294 0.419706
vt 0.616663 0.449553
vt 0.658156 0.471731
vt 0.902095 1.000000
vt 0.620845 1.000000
vt 0.339595 1.000000
vt 0.058345 1.000000
vt 0.745845 1.000000
vt 0.464595 1.000000
vt 0.183345 1.000000
vt 0.870845 1.000000
vt 0.589595 1.000000
vt 0.308345 1.000000
vt 0.995845 1.000000
vt 0.714595 1.000000
vt 0.433345 1.000000
vt 0.152095 1.000000
vt 0.839595 1.000000
vt 0.558345 1.000000
vt 0.277095 1.000000
vt 0.964595 1.000000
vt 0.683345 1.000000
vt 0.402095 1.000000
vt 0.120845 1.000000
vt 0.808345 1.000000
vt 0.527095 1.000000
vt 0.245845 1.000000
vt 0.933345 1.000000
vt 0.652095 1.000000
vt 0.370845 1.000000
vt 0.089595 1.000000
vt 0.777095 1.000000
vt 0.495845 1.000000
vt 0.214595 1.000000
vn 0.0000 0.0980 -0.9952
vn 0.0000 -0.4714 -0.8819
vn 0.0000 -0.6344 -0.7730
vn 0.0000 -0.7730 -0.6344
vn 0.0000 -0.8819 -0.4714
vn 0.0000 -0.9569 -0.2903
vn 0.0000 -0.9952 -0.0980
vn 0.0000 -0.9952 0.0980
vn 0.0000 -0.9569 0.2903
vn 0.0000 -0.8819 0.4714
vn 0.0000 -0.7730 0.6344
vn 0.0000 -0.6344 0.7730
vn 0.0000 -0.4714 0.8819
vn 0.0000 -0.2903 0.9569
vn 0.0000 -0.0980 0.9952
vn 0.0000 0.0980 0.9952
vn -0.0000 0.2903 0.9569
vn 0.0000 0.4714 0.8819
vn 0.0000 0.6344 0.7730
vn 0.0000 0.7730 0.6344
vn 0.0000 0.8819 0.4714
vn 0.0000 0.9569 0.2903
vn 0.0000 0.9952 0.0980
vn 0.0000 0.9952 -0.0980
vn 0.0000 0.9569 -0.2903
vn 0.0000 0.8819 -0.4714
vn 0.0000 0.7730 -0.6344
vn 0.0000 0.6344 -0.7730
vn 0.0000 0.4714 -0.8819
vn 0.0000 0.2903 -0.9569
vn 0.0000 -0.0980 -0.9952
vn 1.0000 -0.0000 0.0000
vn 0.0000 -0.2903 -0.9569
vn -1.0000 0.0000 -0.0000
vn 0.9041 -0.0419 -0.4253
vn 0.9041 -0.1241 -0.4090
vn 0.9041 -0.2015 -0.3769
vn 0.9041 -0.2711 -0.3304
vn 0.9041 -0.3304 -0.2711
vn 0.9041 -0.3769 -0.2015
vn 0.9041 -0.4090 -0.1241
vn 0.9041 -0.4253 -0.0419
vn 0.9041 -0.4253 0.0419
vn 0.9041 -0.4090 0.1241
vn 0.9041 -0.3769 0.2015
vn 0.9041 -0.3304 0.2711
vn 0.9041 -0.2711 0.3304
vn 0.9041 -0.2015 0.3769
vn 0.9041 -0.1241 0.4090
vn 0.9041 -0.0419 0.4253
vn 0.9041 0.0419 0.4253
vn 0.9041 0.1241 0.4090
vn 0.9041 0.2015 0.3769
vn 0.9041 0.2711 0.3304
vn 0.9041 0.3304 0.2711
vn 0.9041 0.3769 0.2015
vn 0.9041 0.4090 0.1241
vn 0.9041 0.4253 0.0419
vn 0.9041 0.4253 -0.0419
vn 0.9041 0.4090 -0.1241
vn 0.9041 0.3769 -0.2015
vn 0.9041 0.3304 -0.2711
vn 0.9041 0.2711 -0.3304
vn 0.9041 0.2015 -0.3769
vn 0.9041 0.1241 -0.4090
vn 0.9041 0.0419 -0.4253
usemtl None
s off
f 3570/4361/2361 3443/4362/2361 3505/4363/2361
f 3512/4364/2362 3449/4365/2362 3447/4366/2362
f 3514/4367/2363 3451/4368/2363 3449/4365/2363
f 3516/4369/2364 3453/4370/2364 3451/4368/2364
f 3518/4371/2365 3455/4372/2365 3453/4370/2365
f 3520/4373/2366 3457/4374/2366 3455/4372/2366
f 3522/4375/2367 3459/4376/2367 3457/4374/2367
f 3524/4377/2368 3461/4378/2368 3459/4376/2368
f 3526/4379/2369 3463/4380/2369 3461/4378/2369
f 3528/4381/2370 3465/4382/2370 3463/4380/2370
f 3530/4383/2371 3467/4384/2371 3465/4382/2371
f 3532/4385/2372 3469/4386/2372 3467/4384/2372
f 3534/4387/2373 3471/4388/2373 3469/4386/2373
f 3536/4389/2374 3473/4390/2374 3471/4388/2374
f 3538/4391/2375 3475/4392/2375 3473/4390/2375
f 3540/4393/2376 3477/4394/2376 3475/4392/2376
f 3542/4395/2377 3479/4396/2377 3477/4394/2377
f 3544/4397/2378 3481/4398/2378 3479/4396/2378
f 3546/4399/2379 3483/4400/2379 3481/4398/2379
f 3548/4401/2380 3485/4402/2380 3483/4400/2380
f 3550/4403/2381 3487/4404/2381 3485/4402/2381
f 3552/4405/2382 3489/4406/2382 3487/4404/2382
f 3554/4407/2383 3491/4408/2383 3489/4406/2383
f 3556/4409/2384 3493/4410/2384 3491/4408/2384
f 3558/4411/2385 3495/4412/2385 3493/4410/2385
f 3560/4413/2386 3497/4414/2386 3495/4412/2386
f 3562/4415/2387 3499/4416/2387 3497/4414/2387
f 3564/4417/2388 3501/4418/2388 3499/4416/2388
f 3566/4419/2389 3503/4420/2389 3501/4418/2389
f 3568/4421/2390 3505/4363/2390 3503/4420/2390
f 3508/4422/2391 3445/4423/2391 3443/4424/2391
f 3502/4425/2392 3454/4426/2392 3470/4427/2392
f 3510/4428/2393 3447/4366/2393 3445/4423/2393
f 3457/4429/2394 3473/4430/2394 3489/4431/2394
f 3510/4428/2395 3507/4432/2395 3509/4433/2395
f 3510/4428/2396 3511/4434/2396 3512/4364/2396
f 3512/4364/2397 3513/4435/2397 3514/4367/2397
f 3514/4367/2398 3515/4436/2398 3516/4369/2398
f 3516/4369/2399 3517/4437/2399 3518/4371/2399
f 3518/4371/2400 3519/4438/2400 3520/4373/2400
f 3522/4375/2401 3519/4439/2401 3521/4440/2401
f 3522/4375/2402 3523/4441/2402 3524/4377/2402
f 3524/4377/2403 3525/4442/2403 3526/4379/2403
f 3528/4381/2404 3525/4443/2404 3527/4444/2404
f 3528/4381/2405 3529/4445/2405 3530/4383/2405
f 3530/4383/2406 3531/4446/2406 3532/4385/2406
f 3534/4387/2407 3531/4447/2407 3533/4448/2407
f 3536/4389/2408 3533/4449/2408 3535/4450/2408
f 3536/4389/2409 3537/4451/2409 3538/4391/2409
f 3538/4391/2410 3539/4452/2410 3540/4393/2410
f 3540/4393/2411 3541/4453/2411 3542/4395/2411
f 3544/4397/2412 3541/4454/2412 3543/4455/2412
f 3544/4397/2413 3545/4456/2413 3546/4399/2413
f 3548/4401/2414 3545/4457/2414 3547/4458/2414
f 3550/4403/2415 3547/4459/2415 3549/4460/2415
f 3550/4403/2416 3551/4461/2416 3552/4405/2416
f 3552/4405/2417 3553/4462/2417 3554/4407/2417
f 3554/4407/2418 3555/4463/2418 3556/4409/2418
f 3556/4409/2419 3557/4464/2419 3558/4411/2419
f 3558/4411/2420 3559/4465/2420 3560/4413/2420
f 3562/4415/2421 3559/4466/2421 3561/4467/2421
f 3562/4415/2422 3563/4468/2422 3564/4417/2422
f 3564/4417/2423 3565/4469/2423 3566/4419/2423
f 3566/4419/2424 3567/4470/2424 3568/4421/2424
f 3570/4361/2425 3567/4471/2425 3569/4472/2425
f 3508/4473/2426 3569/4474/2426 3507/4475/2426
f 3513/4476/2379 3498/4477/2379 3515/4436/2379
f 3531/4447/2388 3480/4478/2388 3533/4448/2388
f 3549/4479/2365 3462/4480/2365 3551/4461/2365
f 3567/4471/2374 3444/4481/2374 3569/4472/2374
f 3523/4482/2384 3488/4483/2384 3525/4442/2384
f 3541/4454/2393 3470/4484/2393 3543/4455/2393
f 3559/4466/2370 3452/4485/2370 3561/4467/2370
f 3507/4475/2375 3444/4486/2375 3506/4487/2375
f 3515/4488/2380 3496/4489/2380 3517/4437/2380
f 3533/4449/2389 3478/4490/2389 3535/4450/2389
f 3551/4491/2366 3460/4492/2366 3553/4462/2366
f 3507/4432/2376 3504/4493/2376 3509/4433/2376
f 3525/4443/2385 3486/4494/2385 3527/4444/2385
f 3543/4495/2362 3468/4496/2362 3545/4456/2362
f 3561/4497/2371 3450/4498/2371 3563/4468/2371
f 3517/4499/2381 3494/4500/2381 3519/4438/2381
f 3535/4501/2390 3476/4502/2390 3537/4451/2390
f 3553/4503/2367 3458/4504/2367 3555/4463/2367
f 3509/4505/2377 3502/4506/2377 3511/4434/2377
f 3527/4507/2386 3484/4508/2386 3529/4445/2386
f 3545/4457/2363 3466/4509/2363 3547/4458/2363
f 3563/4510/2372 3448/4511/2372 3565/4469/2372
f 3519/4439/2382 3492/4512/2382 3521/4440/2382
f 3537/4513/2361 3474/4514/2361 3539/4452/2361
f 3555/4515/2368 3456/4516/2368 3557/4464/2368
f 3511/4517/2378 3500/4518/2378 3513/4435/2378
f 3529/4519/2387 3482/4520/2387 3531/4446/2387
f 3547/4459/2364 3464/4521/2364 3549/4460/2364
f 3565/4522/2373 3446/4523/2373 3567/4470/2373
f 3521/4524/2383 3490/4525/2383 3523/4441/2383
f 3539/4526/2391 3472/4527/2391 3541/4453/2391
f 3557/4528/2369 3454/4529/2369 3559/4465/2369
f 3570/4361/2361 3508/4473/2361 3443/4362/2361
f 3512/4364/2362 3514/4367/2362 3449/4365/2362
f 3514/4367/2363 3516/4369/2363 3451/4368/2363
f 3516/4369/2364 3518/4371/2364 3453/4370/2364
f 3518/4371/2365 3520/4373/2365 3455/4372/2365
f 3520/4373/2366 3522/4375/2366 3457/4374/2366
f 3522/4375/2367 3524/4377/2367 3459/4376/2367
f 3524/4377/2368 3526/4379/2368 3461/4378/2368
f 3526/4379/2369 3528/4381/2369 3463/4380/2369
f 3528/4381/2370 3530/4383/2370 3465/4382/2370
f 3530/4383/2371 3532/4385/2371 3467/4384/2371
f 3532/4385/2372 3534/4387/2372 3469/4386/2372
f 3534/4387/2373 3536/4389/2373 3471/4388/2373
f 3536/4389/2374 3538/4391/2374 3473/4390/2374
f 3538/4391/2375 3540/4393/2375 3475/4392/2375
f 3540/4393/2376 3542/4395/2376 3477/4394/2376
f 3542/4395/2377 3544/4397/2377 3479/4396/2377
f 3544/4397/2378 3546/4399/2378 3481/4398/2378
f 3546/4399/2379 3548/4401/2379 3483/4400/2379
f 3548/4401/2380 3550/4403/2380 3485/4402/2380
f 3550/4403/2381 3552/4405/2381 3487/4404/2381
f 3552/4405/2382 3554/4407/2382 3489/4406/2382
f 3554/4407/2383 3556/4409/2383 3491/4408/2383
f 3556/4409/2384 3558/4411/2384 3493/4410/2384
f 3558/4411/2385 3560/4413/2385 3495/4412/2385
f 3560/4413/2386 3562/4415/2386 3497/4414/2386
f 3562/4415/2387 3564/4417/2387 3499/4416/2387
f 3564/4417/2388 3566/4419/2388 3501/4418/2388
f 3566/4419/2389 3568/4421/2389 3503/4420/2389
f 3568/4421/2390 3570/4361/2390 3505/4363/2390
f 3508/4422/2391 3510/4428/2391 3445/4423/2391
f 3502/4425/2392 3504/4530/2392 3446/4531/2392
f 3504/4530/2392 3506/4532/2392 3446/4531/2392
f 3506/4532/2392 3444/4533/2392 3446/4531/2392
f 3446/4531/2392 3448/4534/2392 3450/4535/2392
f 3450/4535/2392 3452/4536/2392 3454/4426/2392
f 3454/4426/2392 3456/4537/2392 3458/4538/2392
f 3458/4538/2392 3460/4539/2392 3454/4426/2392
f 3460/4539/2392 3462/4540/2392 3454/4426/2392
f 3462/4540/2392 3464/4541/2392 3466/4542/2392
f 3466/4542/2392 3468/4543/2392 3462/4540/2392
f 3468/4543/2392 3470/4427/2392 3462/4540/2392
f 3470/4427/2392 3472/4544/2392 3474/4545/2392
f 3474/4545/2392 3476/4546/2392 3478/4547/2392
f 3478/4547/2392 3480/4548/2392 3486/4549/2392
f 3480/4548/2392 3482/4550/2392 3486/4549/2392
f 3482/4550/2392 3484/4551/2392 3486/4549/2392
f 3486/4549/2392 3488/4552/2392 3490/4553/2392
f 3490/4553/2392 3492/4554/2392 3486/4549/2392
f 3492/4554/2392 3494/4555/2392 3486/4549/2392
f 3494/4555/2392 3496/4556/2392 3502/4425/2392
f 3496/4556/2392 3498/4557/2392 3502/4425/2392
f 3498/4557/2392 3500/4558/2392 3502/4425/2392
f 3446/4531/2392 3450/4535/2392 3454/4426/2392
f 3470/4427/2392 3474/4545/2392 3478/4547/2392
f 3502/4425/2392 3446/4531/2392 3454/4426/2392
f 3454/4426/2392 3462/4540/2392 3470/4427/2392
f 3470/4427/2392 3478/4547/2392 3486/4549/2392
f 3486/4549/2392 3494/4555/2392 3470/4427/2392
f 3494/4555/2392 3502/4425/2392 3470/4427/2392
f 3510/4428/2393 3512/4364/2393 3447/4366/2393
f 3505/4559/2394 3443/4560/2394 3445/4561/2394
f 3445/4561/2394 3447/4562/2394 3449/4563/2394
f 3449/4563/2394 3451/4564/2394 3453/4565/2394
f 3453/4565/2394 3455/4566/2394 3457/4429/2394
f 3457/4429/2394 3459/4567/2394 3461/4568/2394
f 3461/4568/2394 3463/4569/2394 3465/4570/2394
f 3465/4570/2394 3467/4571/2394 3469/4572/2394
f 3469/4572/2394 3471/4573/2394 3473/4430/2394
f 3473/4430/2394 3475/4574/2394 3477/4575/2394
f 3477/4575/2394 3479/4576/2394 3481/4577/2394
f 3481/4577/2394 3483/4578/2394 3485/4579/2394
f 3485/4579/2394 3487/4580/2394 3489/4431/2394
f 3489/4431/2394 3491/4581/2394 3493/4582/2394
f 3493/4582/2394 3495/4583/2394 3489/4431/2394
f 3495/4583/2394 3497/4584/2394 3489/4431/2394
f 3497/4584/2394 3499/4585/2394 3501/4586/2394
f 3501/4586/2394 3503/4587/2394 3497/4584/2394
f 3503/4587/2394 3505/4559/2394 3497/4584/2394
f 3505/4559/2394 3445/4561/2394 3457/4429/2394
f 3445/4561/2394 3449/4563/2394 3457/4429/2394
f 3449/4563/2394 3453/4565/2394 3457/4429/2394
f 3457/4429/2394 3461/4568/2394 3465/4570/2394
f 3465/4570/2394 3469/4572/2394 3457/4429/2394
f 3469/4572/2394 3473/4430/2394 3457/4429/2394
f 3473/4430/2394 3477/4575/2394 3489/4431/2394
f 3477/4575/2394 3481/4577/2394 3489/4431/2394
f 3481/4577/2394 3485/4579/2394 3489/4431/2394
f 3489/4431/2394 3497/4584/2394 3505/4559/2394
f 3505/4559/2394 3457/4429/2394 3489/4431/2394
f 3510/4428/2395 3508/4422/2395 3507/4432/2395
f 3510/4428/2396 3509/4505/2396 3511/4434/2396
f 3512/4364/2397 3511/4517/2397 3513/4435/2397
f 3514/4367/2398 3513/4476/2398 3515/4436/2398
f 3516/4369/2399 3515/4488/2399 3517/4437/2399
f 3518/4371/2400 3517/4499/2400 3519/4438/2400
f 3522/4375/2401 3520/4373/2401 3519/4439/2401
f 3522/4375/2402 3521/4524/2402 3523/4441/2402
f 3524/4377/2403 3523/4482/2403 3525/4442/2403
f 3528/4381/2404 3526/4379/2404 3525/4443/2404
f 3528/4381/2405 3527/4507/2405 3529/4445/2405
f 3530/4383/2406 3529/4519/2406 3531/4446/2406
f 3534/4387/2407 3532/4385/2407 3531/4447/2407
f 3536/4389/2408 3534/4387/2408 3533/4449/2408
f 3536/4389/2409 3535/4501/2409 3537/4451/2409
f 3538/4391/2410 3537/4513/2410 3539/4452/2410
f 3540/4393/2411 3539/4526/2411 3541/4453/2411
f 3544/4397/2412 3542/4395/2412 3541/4454/2412
f 3544/4397/2413 3543/4495/2413 3545/4456/2413
f 3548/4401/2414 3546/4399/2414 3545/4457/2414
f 3550/4403/2415 3548/4401/2415 3547/4459/2415
f 3550/4403/2416 3549/4479/2416 3551/4461/2416
f 3552/4405/2417 3551/4491/2417 3553/4462/2417
f 3554/4407/2418 3553/4503/2418 3555/4463/2418
f 3556/4409/2419 3555/4515/2419 3557/4464/2419
f 3558/4411/2420 3557/4528/2420 3559/4465/2420
f 3562/4415/2421 3560/4413/2421 3559/4466/2421
f 3562/4415/2422 3561/4497/2422 3563/4468/2422
f 3564/4417/2423 3563/4510/2423 3565/4469/2423
f 3566/4419/2424 3565/4522/2424 3567/4470/2424
f 3570/4361/2425 3568/4421/2425 3567/4471/2425
f 3508/4473/2426 3570/4361/2426 3569/4474/2426
f 3513/4476/2379 3500/4588/2379 3498/4477/2379
f 3531/4447/2388 3482/4589/2388 3480/4478/2388
f 3549/4479/2365 3464/4590/2365 3462/4480/2365
f 3567/4471/2374 3446/4591/2374 3444/4481/2374
f 3523/4482/2384 3490/4592/2384 3488/4483/2384
f 3541/4454/2393 3472/4593/2393 3470/4484/2393
f 3559/4466/2370 3454/4594/2370 3452/4485/2370
f 3507/4475/2375 3569/4474/2375 3444/4486/2375
f 3515/4488/2380 3498/4595/2380 3496/4489/2380
f 3533/4449/2389 3480/4596/2389 3478/4490/2389
f 3551/4491/2366 3462/4597/2366 3460/4492/2366
f 3507/4432/2376 3506/4598/2376 3504/4493/2376
f 3525/4443/2385 3488/4599/2385 3486/4494/2385
f 3543/4495/2362 3470/4600/2362 3468/4496/2362
f 3561/4497/2371 3452/4601/2371 3450/4498/2371
f 3517/4499/2381 3496/4602/2381 3494/4500/2381
f 3535/4501/2390 3478/4603/2390 3476/4502/2390
f 3553/4503/2367 3460/4604/2367 3458/4504/2367
f 3509/4505/2377 3504/4605/2377 3502/4506/2377
f 3527/4507/2386 3486/4606/2386 3484/4508/2386
f 3545/4457/2363 3468/4607/2363 3466/4509/2363
f 3563/4510/2372 3450/4608/2372 3448/4511/2372
f 3519/4439/2382 3494/4609/2382 3492/4512/2382
f 3537/4513/2361 3476/4610/2361 3474/4514/2361
f 3555/4515/2368 3458/4611/2368 3456/4516/2368
f 3511/4517/2378 3502/4612/2378 3500/4518/2378
f 3529/4519/2387 3484/4613/2387 3482/4520/2387
f 3547/4459/2364 3466/4614/2364 3464/4521/2364
f 3565/4522/2373 3448/4615/2373 3446/4523/2373
f 3521/4524/2383 3492/4616/2383 3490/4525/2383
f 3539/4526/2391 3474/4617/2391 3472/4527/2391
f 3557/4528/2369 3456/4618/2369 3454/4529/2369
