# Blender v3.1.2 OBJ File: ''
# www.blender.org
mtllib Key.mtl
o 立方体
v -1.617664 -0.196960 1.995040
v -1.617664 0.196960 1.995040
v -1.617664 -0.196960 -1.995040
v -1.617664 0.196960 -1.995040
v 1.617664 -0.196960 1.995040
v 1.617664 0.196960 1.995040
v 1.617664 -0.196960 -1.995040
v 1.617664 0.196960 -1.995040
vt 0.625000 0.000000
vt 0.375000 0.250000
vt 0.375000 0.000000
vt 0.625000 0.250000
vt 0.375000 0.500000
vt 0.625000 0.500000
vt 0.375000 0.750000
vt 0.625000 0.750000
vt 0.375000 1.000000
vt 0.125000 0.750000
vt 0.125000 0.500000
vt 0.875000 0.500000
vt 0.625000 1.000000
vt 0.875000 0.750000
vn -1.0000 0.0000 0.0000
vn 0.0000 0.0000 -1.0000
vn 1.0000 0.0000 0.0000
vn 0.0000 0.0000 1.0000
vn 0.0000 -1.0000 0.0000
vn 0.0000 1.0000 0.0000
usemtl マテリアル
s off
f 2/1/1 3/2/1 1/3/1
f 4/4/2 7/5/2 3/2/2
f 8/6/3 5/7/3 7/5/3
f 6/8/4 1/9/4 5/7/4
f 7/5/5 1/10/5 3/11/5
f 4/12/6 6/8/6 8/6/6
f 2/1/1 4/4/1 3/2/1
f 4/4/2 8/6/2 7/5/2
f 8/6/3 6/8/3 5/7/3
f 6/8/4 2/13/4 1/9/4
f 7/5/5 5/7/5 1/10/5
f 4/12/6 2/14/6 6/8/6
o 歯車_円柱.006
v -1.231515 0.127628 -1.010600
v -1.257956 0.276832 -0.978382
v -1.231515 0.276832 -1.010600
v -1.034702 0.127628 -1.659403
v -1.106810 0.276832 -1.637529
v -1.034702 0.276832 -1.659403
v -0.582712 0.276832 -1.357392
v -0.541233 0.127628 -1.361478
v -0.582712 0.127628 -1.357392
v -1.173266 0.127628 -1.602008
v -1.231515 0.276832 -1.554205
v -1.173266 0.276832 -1.602008
v -0.959713 0.127628 -0.898016
v -0.880637 0.127628 -0.863924
v -0.955627 0.127628 -0.856538
v -1.279318 0.127628 -1.495956
v -1.314839 0.276832 -1.429501
v -1.279318 0.276832 -1.495956
v -0.575326 0.276832 -1.282403
v -0.541233 0.276832 -1.361478
v -1.336713 0.127628 -1.357393
v -1.344099 0.276832 -1.282403
v -1.336713 0.276832 -1.357393
v -1.279318 0.276832 -1.068849
v -1.316076 0.127628 -1.049202
v -1.279318 0.127628 -1.068849
v -1.336713 0.127628 -1.207413
v -1.314839 0.276832 -1.135305
v -1.336713 0.276832 -1.207413
v -0.575326 0.127628 -1.282403
v -0.533847 0.276832 -1.286488
v -1.034702 0.127628 -0.905402
v -1.118909 0.127628 -0.887391
v -1.106811 0.127628 -0.927276
v -1.173266 0.127628 -0.962797
v -1.106811 0.276832 -0.927276
v -1.173266 0.276832 -0.962797
v -1.316076 0.276832 -1.049202
v -0.959713 0.276832 -0.898016
v -1.034702 0.276832 -0.905402
v -1.314839 0.127628 -1.135305
v -1.351597 0.276832 -1.115657
v -0.884723 0.127628 -0.905402
v -0.812614 0.276832 -0.927276
v -0.884723 0.276832 -0.905402
v -0.582712 0.276832 -1.207413
v -0.542827 0.127628 -1.195314
v -0.582712 0.127628 -1.207413
v -0.746159 0.127628 -0.962797
v -0.687910 0.276832 -1.010600
v -0.746159 0.276832 -0.962797
v -1.257956 0.127628 -0.978382
v -0.640107 0.127628 -1.068849
v -0.604586 0.276832 -1.135304
v -0.640107 0.276832 -1.068849
v -0.542827 0.276832 -1.195314
v -1.378191 0.127628 -1.203328
v -0.604586 0.276832 -1.429501
v -0.604586 0.127628 -1.135304
v -0.564701 0.276832 -1.123206
v -0.640107 0.127628 -1.495956
v -0.687910 0.276832 -1.554205
v -0.640107 0.276832 -1.495956
v -1.351597 0.127628 -1.115657
v -0.746159 0.127628 -1.602008
v -0.812614 0.276832 -1.637529
v -0.746159 0.276832 -1.602008
v -0.689109 0.127628 -1.170315
v -0.672441 0.127628 -1.225261
v -1.314839 0.127628 -1.429501
v -1.230316 0.127628 -1.394490
v -1.246984 0.127628 -1.339544
v -1.378191 0.276832 -1.203328
v -0.884722 0.127628 -1.659403
v -0.959712 0.276832 -1.666789
v -0.884722 0.276832 -1.659403
v -0.672441 0.276832 -1.225261
v -0.689109 0.276832 -1.170315
v -1.246984 0.276832 -1.339544
v -1.230316 0.276832 -1.394490
v -1.016854 0.127628 -1.569674
v -0.959712 0.276832 -1.575302
v -1.016854 0.276832 -1.569674
v -1.071800 0.127628 -1.553006
v -1.071800 0.276832 -1.553006
v -1.122438 0.127628 -1.525940
v -1.122438 0.276832 -1.525940
v -1.166824 0.127628 -1.489514
v -1.166824 0.276832 -1.489514
v -1.203250 0.276832 -1.445129
v -1.203250 0.127628 -1.445129
v -1.252612 0.276832 -1.282403
v -1.252612 0.127628 -1.282403
v -1.246984 0.276832 -1.225261
v -1.246984 0.127628 -1.225261
v -1.230316 0.276832 -1.170315
v -1.230316 0.127628 -1.170315
v -1.203250 0.276832 -1.119677
v -1.203250 0.127628 -1.119677
v -1.166824 0.276832 -1.075292
v -1.166824 0.127628 -1.075292
v -1.122439 0.276832 -1.038866
v -1.122439 0.127628 -1.038866
v -1.071800 0.276832 -1.011799
v -1.071800 0.127628 -1.011799
v -1.016854 0.276832 -0.995131
v -1.016854 0.127628 -0.995131
v -0.959713 0.276832 -0.989503
v -0.959713 0.127628 -0.989503
v -0.902571 0.276832 -0.995131
v -0.902571 0.127628 -0.995131
v -0.847625 0.276832 -1.011799
v -0.847625 0.127628 -1.011799
v -0.796986 0.276832 -1.038865
v -0.796986 0.127628 -1.038865
v -0.752601 0.276832 -1.075291
v -0.752601 0.127628 -1.075291
v -0.716175 0.127628 -1.119676
v -0.716175 0.276832 -1.119676
v -0.666813 0.127628 -1.282403
v -0.666813 0.276832 -1.282403
v -0.672441 0.127628 -1.339544
v -0.672441 0.276832 -1.339544
v -0.689109 0.127628 -1.394490
v -0.689109 0.276832 -1.394490
v -0.716175 0.127628 -1.445129
v -0.716175 0.276832 -1.445129
v -0.752601 0.127628 -1.489514
v -0.752601 0.276832 -1.489514
v -0.796986 0.127628 -1.525940
v -0.796986 0.276832 -1.525940
v -0.847625 0.127628 -1.553006
v -0.847625 0.276832 -1.553006
v -0.902571 0.127628 -1.569674
v -0.902571 0.276832 -1.569674
v -0.959712 0.127628 -1.575302
v -0.963798 0.127628 -1.708268
v -1.038788 0.276832 -1.700882
v -0.963798 0.276832 -1.708268
v -1.126458 0.127628 -1.674287
v -1.192913 0.276832 -1.638766
v -1.126458 0.276832 -1.674287
v -1.263733 0.127628 -1.580646
v -1.311537 0.276832 -1.522397
v -1.263733 0.276832 -1.580646
v -1.354724 0.127628 -1.441600
v -1.376597 0.276832 -1.369492
v -1.354724 0.276832 -1.441600
v -1.385577 0.127628 -1.278317
v -1.385577 0.276832 -1.278317
v -1.199707 0.276832 -0.930579
v -1.046801 0.276832 -0.865518
v -1.118909 0.276832 -0.887391
v -0.880637 0.276832 -0.863924
v -0.955627 0.276832 -0.856538
v -0.792967 0.127628 -0.890518
v -0.726511 0.276832 -0.926039
v -0.792967 0.276832 -0.890518
v -0.655692 0.127628 -0.984159
v -0.607888 0.276832 -1.042408
v -0.655692 0.276832 -0.984159
v -0.564701 0.127628 -1.123206
v -0.533847 0.127628 -1.286488
v -0.567828 0.127628 -1.449149
v -0.603349 0.276832 -1.515604
v -0.567828 0.276832 -1.449149
v -0.661469 0.127628 -1.586423
v -0.719718 0.276832 -1.634227
v -0.661469 0.276832 -1.586423
v -0.800515 0.127628 -1.677414
v -0.872624 0.276832 -1.699288
v -0.800515 0.276832 -1.677414
v -0.812614 0.127628 -0.927276
v -0.726511 0.127628 -0.926039
v -0.604586 0.127628 -1.429501
v -1.199707 0.127628 -0.930579
v -0.959712 0.127628 -1.666789
v -0.687910 0.127628 -1.010600
v -0.603349 0.127628 -1.515604
v -1.038788 0.127628 -1.700882
v -0.812614 0.127628 -1.637529
v -0.872624 0.127628 -1.699288
v -0.687910 0.127628 -1.554205
v -1.046801 0.127628 -0.865518
v -1.106810 0.127628 -1.637529
v -0.719718 0.127628 -1.634227
v -1.192913 0.127628 -1.638766
v -1.231515 0.127628 -1.554205
v -1.311537 0.127628 -1.522397
v -1.376597 0.127628 -1.369492
v -1.344099 0.127628 -1.282403
v -0.607888 0.127628 -1.042408
v -0.959712 0.127607 -1.347212
v -0.972356 0.276853 -1.345966
v -0.959712 0.276853 -1.347212
v -0.972356 0.127607 -1.345966
v -0.984514 0.276853 -1.342278
v -0.984514 0.127607 -1.342278
v -0.995718 0.276853 -1.336289
v -0.995718 0.127607 -1.336289
v -1.005539 0.276853 -1.328230
v -1.005539 0.127607 -1.328230
v -1.013599 0.276853 -1.318408
v -1.013599 0.127607 -1.318408
v -1.019588 0.276853 -1.307204
v -1.019588 0.127607 -1.307204
v -1.023276 0.276853 -1.295046
v -1.023276 0.127607 -1.295046
v -1.024521 0.276853 -1.282403
v -1.024521 0.127607 -1.282403
v -1.023276 0.276853 -1.269759
v -1.023276 0.127607 -1.269759
v -1.019588 0.276853 -1.257601
v -1.019588 0.127607 -1.257601
v -1.013599 0.276853 -1.246397
v -1.013599 0.127607 -1.246397
v -1.005539 0.276853 -1.236576
v -1.005539 0.127607 -1.236576
v -0.995718 0.276853 -1.228516
v -0.995718 0.127607 -1.228516
v -0.984514 0.276853 -1.222527
v -0.984514 0.127607 -1.222527
v -0.972356 0.276853 -1.218839
v -0.972356 0.127607 -1.218839
v -0.959712 0.276853 -1.217594
v -0.959712 0.127607 -1.217594
v -0.947069 0.276853 -1.218839
v -0.947069 0.127607 -1.218839
v -0.934911 0.276853 -1.222527
v -0.934911 0.127607 -1.222527
v -0.923707 0.276853 -1.228516
v -0.923707 0.127607 -1.228516
v -0.913886 0.276853 -1.236576
v -0.913886 0.127607 -1.236576
v -0.905826 0.276853 -1.246397
v -0.905826 0.127607 -1.246397
v -0.899837 0.276853 -1.257601
v -0.899837 0.127607 -1.257601
v -0.896149 0.276853 -1.269759
v -0.896149 0.127607 -1.269759
v -0.894903 0.276853 -1.282403
v -0.894903 0.127607 -1.282403
v -0.896149 0.276853 -1.295046
v -0.896149 0.127607 -1.295046
v -0.899837 0.276853 -1.307204
v -0.899837 0.127607 -1.307204
v -0.905826 0.276853 -1.318408
v -0.905826 0.127607 -1.318408
v -0.913886 0.276853 -1.328230
v -0.913886 0.127607 -1.328230
v -0.923707 0.276853 -1.336289
v -0.923707 0.127607 -1.336289
v -0.934911 0.276853 -1.342278
v -0.914088 0.127607 -1.263504
v -0.911277 0.127607 -1.272768
v -1.005337 0.127607 -1.301301
v -1.008147 0.127607 -1.292037
v -0.934911 0.127607 -1.342278
v -0.947069 0.276853 -1.345966
v -0.947069 0.127607 -1.345966
v -0.911277 0.276853 -1.272768
v -0.914088 0.276853 -1.263504
v -1.008147 0.276853 -1.292037
v -1.005337 0.276853 -1.301301
v -0.969347 0.127607 -1.330838
v -0.959712 0.276853 -1.331787
v -0.969347 0.276853 -1.330838
v -0.978611 0.127607 -1.328027
v -0.978611 0.276853 -1.328027
v -0.987149 0.127607 -1.323464
v -0.987149 0.276853 -1.323464
v -0.994632 0.127607 -1.317322
v -0.994632 0.276853 -1.317322
v -1.000774 0.276853 -1.309839
v -1.000774 0.127607 -1.309839
v -1.009097 0.276853 -1.282403
v -1.009097 0.127607 -1.282403
v -1.008147 0.276853 -1.272768
v -1.008147 0.127607 -1.272768
v -1.005337 0.276853 -1.263504
v -1.005337 0.127607 -1.263504
v -1.000774 0.276853 -1.254966
v -1.000774 0.127607 -1.254966
v -0.994632 0.276853 -1.247483
v -0.994632 0.127607 -1.247483
v -0.987149 0.276853 -1.241341
v -0.987149 0.127607 -1.241341
v -0.978611 0.276853 -1.236778
v -0.978611 0.127607 -1.236778
v -0.969347 0.276853 -1.233968
v -0.969347 0.127607 -1.233968
v -0.959712 0.276853 -1.233019
v -0.959712 0.127607 -1.233019
v -0.950078 0.276853 -1.233968
v -0.950078 0.127607 -1.233968
v -0.940814 0.276853 -1.236778
v -0.940814 0.127607 -1.236778
v -0.932276 0.276853 -1.241341
v -0.932276 0.127607 -1.241341
v -0.924793 0.276853 -1.247483
v -0.924793 0.127607 -1.247483
v -0.918651 0.127607 -1.254966
v -0.918651 0.276853 -1.254966
v -0.910328 0.127607 -1.282403
v -0.910328 0.276853 -1.282403
v -0.911277 0.127607 -1.292037
v -0.911277 0.276853 -1.292037
v -0.914088 0.127607 -1.301301
v -0.914088 0.276853 -1.301301
v -0.918651 0.127607 -1.309839
v -0.918651 0.276853 -1.309839
v -0.924793 0.127607 -1.317322
v -0.924793 0.276853 -1.317322
v -0.932276 0.127607 -1.323464
v -0.932276 0.276853 -1.323464
v -0.940814 0.127607 -1.328027
v -0.940814 0.276853 -1.328027
v -0.950078 0.127607 -1.330838
v -0.950078 0.276853 -1.330838
v -0.959712 0.127607 -1.331787
v -0.631003 0.272609 -1.259972
v -0.906920 0.272609 -1.304237
v -0.906920 0.272609 -1.259973
v -0.631003 0.131851 -1.304237
v -0.906920 0.131851 -1.304237
v -0.906920 0.131851 -1.259973
v -0.631003 0.131851 -1.259972
v -0.631003 0.272609 -1.304237
v -1.012119 0.272609 -1.301306
v -1.175922 0.272609 -1.527708
v -1.207221 0.272609 -1.496409
v -0.980819 0.272609 -1.332606
v -1.175922 0.131851 -1.527708
v -0.980819 0.131851 -1.332606
v -1.207221 0.131851 -1.496409
v -1.012119 0.131851 -1.301306
v -0.980819 0.272609 -1.229097
v -1.207222 0.272609 -1.065294
v -1.175922 0.272609 -1.033994
v -1.012119 0.272609 -1.260396
v -1.207222 0.131851 -1.065294
v -1.012119 0.131851 -1.260396
v -1.175922 0.131851 -1.033994
v -0.980819 0.131851 -1.229097
v -0.798642 0.272609 -0.992397
v -0.955366 0.272609 -1.223756
v -0.838759 0.272609 -0.973690
v -0.838759 0.131851 -0.973690
v -0.915249 0.131851 -1.242463
v -0.798642 0.131851 -0.992397
v -0.955366 0.131851 -1.223756
v -0.838759 0.272609 -1.592670
v -0.915249 0.272609 -1.323897
v -0.798642 0.272609 -1.573962
v -0.798642 0.131851 -1.573962
v -0.955366 0.131851 -1.342604
v -0.838759 0.131851 -1.592670
v -0.915249 0.131851 -1.323897
v -0.915249 0.272609 -1.242463
v -0.955366 0.272609 -1.342604
vt 0.220825 0.307216
vt 0.220825 0.183760
vt 0.220825 0.183760
vt 0.305701 0.307216
vt 0.297985 0.183760
vt 0.305701 0.183760
vt 0.120517 0.183760
vt 0.120517 0.307216
vt 0.120517 0.307216
vt 0.290269 0.307216
vt 0.282553 0.183760
vt 0.290269 0.183760
vt 0.128233 0.062773
vt 0.116672 0.063912
vt 0.128233 0.062773
vt 0.274837 0.307216
vt 0.267121 0.183760
vt 0.274837 0.183760
vt 0.192430 0.122032
vt 0.193569 0.133593
vt 0.193569 0.133593
vt 0.259405 0.307216
vt 0.251689 0.183760
vt 0.259405 0.183760
vt 0.228541 0.183760
vt 0.228541 0.307216
vt 0.228541 0.307216
vt 0.243973 0.307216
vt 0.236257 0.183760
vt 0.243973 0.183760
vt 0.128233 0.307216
vt 0.128233 0.183760
vt 0.128233 0.183760
vt 0.139794 0.063912
vt 0.150910 0.067284
vt 0.150910 0.067284
vt 0.213109 0.307216
vt 0.205393 0.183760
vt 0.213109 0.183760
vt 0.306437 0.099355
vt 0.300961 0.089109
vt 0.300961 0.089109
vt 0.197677 0.307216
vt 0.189961 0.183760
vt 0.197677 0.183760
vt 0.236257 0.307216
vt 0.236257 0.183760
vt 0.182245 0.307216
vt 0.174529 0.183760
vt 0.182245 0.183760
vt 0.135949 0.183760
vt 0.135949 0.307216
vt 0.135949 0.307216
vt 0.166813 0.307216
vt 0.159097 0.183760
vt 0.166813 0.183760
vt 0.161155 0.072760
vt 0.170135 0.080130
vt 0.170135 0.080130
vt 0.151381 0.307216
vt 0.143665 0.183760
vt 0.151381 0.183760
vt 0.196941 0.099355
vt 0.193569 0.110471
vt 0.193569 0.110471
vt 0.243973 0.307216
vt 0.112801 0.183760
vt 0.143665 0.307216
vt 0.143665 0.183760
vt 0.105085 0.307216
vt 0.097369 0.183760
vt 0.105085 0.183760
vt 0.177505 0.089109
vt 0.182981 0.099355
vt 0.182981 0.099355
vt 0.089653 0.307216
vt 0.081937 0.183760
vt 0.089653 0.183760
vt 0.073485 0.099355
vt 0.086515 0.104752
vt 0.083946 0.113223
vt 0.182981 0.144709
vt 0.169950 0.139312
vt 0.172520 0.130841
vt 0.310948 0.122032
vt 0.309809 0.110471
vt 0.309809 0.110471
vt 0.074221 0.307216
vt 0.066505 0.183760
vt 0.074221 0.183760
vt 0.207402 0.113223
vt 0.209971 0.104752
vt 0.309809 0.133593
vt 0.295976 0.130841
vt 0.293407 0.139312
vt 0.305701 0.291734
vt 0.313417 0.199242
vt 0.305701 0.199242
vt 0.297985 0.291734
vt 0.297985 0.199242
vt 0.290269 0.291734
vt 0.290269 0.199242
vt 0.282553 0.291734
vt 0.282553 0.199242
vt 0.274837 0.199242
vt 0.274837 0.291734
vt 0.267121 0.199242
vt 0.267121 0.291734
vt 0.259405 0.199242
vt 0.259405 0.291734
vt 0.251689 0.199242
vt 0.251689 0.291734
vt 0.243973 0.199242
vt 0.243973 0.291734
vt 0.236257 0.199242
vt 0.236257 0.291734
vt 0.228541 0.199242
vt 0.228541 0.291734
vt 0.220825 0.199242
vt 0.220825 0.291734
vt 0.213109 0.199242
vt 0.213109 0.291734
vt 0.205393 0.199242
vt 0.205393 0.291734
vt 0.197677 0.199242
vt 0.197677 0.291734
vt 0.189961 0.199242
vt 0.189961 0.291734
vt 0.182245 0.199242
vt 0.182245 0.291734
vt 0.174529 0.199242
vt 0.174529 0.291734
vt 0.166813 0.199242
vt 0.166813 0.291734
vt 0.159097 0.199242
vt 0.159097 0.291734
vt 0.151381 0.291734
vt 0.151381 0.199242
vt 0.143665 0.291734
vt 0.143665 0.199242
vt 0.135949 0.291734
vt 0.135949 0.199242
vt 0.128233 0.291734
vt 0.128233 0.199242
vt 0.120517 0.291734
vt 0.120517 0.199242
vt 0.112801 0.291734
vt 0.112801 0.199242
vt 0.105085 0.291734
vt 0.105085 0.199242
vt 0.097369 0.291734
vt 0.097369 0.199242
vt 0.089653 0.291734
vt 0.089653 0.199242
vt 0.081937 0.291734
vt 0.081937 0.199242
vt 0.074221 0.291734
vt 0.074221 0.199242
vt 0.066505 0.291734
vt 0.066505 0.199242
vt 0.313417 0.307216
vt 0.305701 0.183760
vt 0.313417 0.183760
vt 0.297985 0.307216
vt 0.290269 0.183760
vt 0.297985 0.183760
vt 0.282553 0.307216
vt 0.274837 0.183760
vt 0.282553 0.183760
vt 0.267121 0.307216
vt 0.259405 0.183760
vt 0.267121 0.183760
vt 0.251689 0.307216
vt 0.243973 0.183760
vt 0.251689 0.183760
vt 0.236257 0.307216
vt 0.228541 0.183760
vt 0.220825 0.307216
vt 0.213109 0.183760
vt 0.205393 0.307216
vt 0.197677 0.183760
vt 0.205393 0.183760
vt 0.189961 0.307216
vt 0.182245 0.183760
vt 0.189961 0.183760
vt 0.174529 0.307216
vt 0.166813 0.183760
vt 0.174529 0.183760
vt 0.159097 0.307216
vt 0.151381 0.183760
vt 0.159097 0.183760
vt 0.143665 0.307216
vt 0.135949 0.183760
vt 0.128233 0.307216
vt 0.120517 0.183760
vt 0.112801 0.307216
vt 0.105085 0.183760
vt 0.112801 0.183760
vt 0.097369 0.307216
vt 0.089653 0.183760
vt 0.097369 0.183760
vt 0.081937 0.307216
vt 0.074221 0.183760
vt 0.081937 0.183760
vt 0.293591 0.080130
vt 0.284611 0.072760
vt 0.284611 0.072760
vt 0.105555 0.067284
vt 0.095310 0.072760
vt 0.105555 0.067284
vt 0.112801 0.307216
vt 0.213109 0.307216
vt 0.066505 0.307216
vt 0.066505 0.183760
vt 0.202417 0.154954
vt 0.196941 0.144709
vt 0.202417 0.154954
vt 0.078961 0.089109
vt 0.086330 0.080130
vt 0.086330 0.080130
vt 0.251689 0.181291
vt 0.263250 0.180152
vt 0.263250 0.180152
vt 0.105085 0.307216
vt 0.205393 0.307216
vt 0.305701 0.307216
vt 0.105555 0.176780
vt 0.116672 0.180152
vt 0.105555 0.176780
vt 0.263250 0.063912
vt 0.274366 0.067284
vt 0.263250 0.063912
vt 0.070113 0.110471
vt 0.073485 0.099355
vt 0.097369 0.307216
vt 0.197677 0.307216
vt 0.297985 0.307216
vt 0.209786 0.163934
vt 0.218766 0.171304
vt 0.218766 0.171304
vt 0.274366 0.176780
vt 0.284611 0.171304
vt 0.284611 0.171304
vt 0.089653 0.307216
vt 0.189961 0.307216
vt 0.070113 0.133593
vt 0.068974 0.122032
vt 0.068974 0.122032
vt 0.290269 0.307216
vt 0.139794 0.180152
vt 0.128233 0.181291
vt 0.128233 0.181291
vt 0.251689 0.062773
vt 0.240128 0.063912
vt 0.240128 0.063912
vt 0.081937 0.307216
vt 0.182245 0.307216
vt 0.078961 0.154954
vt 0.073485 0.144709
vt 0.073485 0.144709
vt 0.282553 0.307216
vt 0.161155 0.171304
vt 0.150910 0.176780
vt 0.150910 0.176780
vt 0.229011 0.176780
vt 0.240128 0.180152
vt 0.240128 0.180152
vt 0.293591 0.163934
vt 0.300961 0.154954
vt 0.300961 0.154954
vt 0.074221 0.307216
vt 0.174529 0.307216
vt 0.274837 0.307216
vt 0.177505 0.154954
vt 0.170135 0.163934
vt 0.170135 0.163934
vt 0.229011 0.067284
vt 0.218766 0.072760
vt 0.218766 0.072760
vt 0.095310 0.171304
vt 0.086330 0.163934
vt 0.086330 0.163934
vt 0.166813 0.307216
vt 0.267121 0.307216
vt 0.186353 0.133593
vt 0.182981 0.144709
vt 0.306437 0.144709
vt 0.309809 0.133593
vt 0.159097 0.307216
vt 0.259405 0.307216
vt 0.209786 0.080130
vt 0.202417 0.089109
vt 0.202417 0.089109
vt 0.186353 0.110471
vt 0.187492 0.122032
vt 0.187492 0.122032
vt 0.151381 0.307216
vt 0.251689 0.307216
vt 0.313417 0.307216
vt 0.305701 0.183760
vt 0.313417 0.183760
vt 0.305701 0.307216
vt 0.297985 0.183760
vt 0.297985 0.307216
vt 0.290269 0.183760
vt 0.290269 0.307216
vt 0.282553 0.183760
vt 0.282553 0.307216
vt 0.274837 0.183760
vt 0.274837 0.307216
vt 0.267121 0.183760
vt 0.267121 0.307216
vt 0.259405 0.183760
vt 0.259405 0.307216
vt 0.251689 0.183760
vt 0.251689 0.307216
vt 0.243973 0.183760
vt 0.243973 0.307216
vt 0.236257 0.183760
vt 0.236257 0.307216
vt 0.228541 0.183760
vt 0.228541 0.307216
vt 0.220825 0.183760
vt 0.220825 0.307216
vt 0.213109 0.183760
vt 0.213109 0.307216
vt 0.205393 0.183760
vt 0.205393 0.307216
vt 0.197677 0.183760
vt 0.197677 0.307216
vt 0.189961 0.183760
vt 0.189961 0.307216
vt 0.182245 0.183760
vt 0.182245 0.307216
vt 0.174529 0.183760
vt 0.174529 0.307216
vt 0.166813 0.183760
vt 0.166813 0.307216
vt 0.159097 0.183760
vt 0.159097 0.307216
vt 0.151381 0.183760
vt 0.151381 0.307216
vt 0.143665 0.183760
vt 0.143665 0.307216
vt 0.135949 0.183760
vt 0.135949 0.307216
vt 0.128233 0.183760
vt 0.128233 0.307216
vt 0.120517 0.183760
vt 0.120517 0.307216
vt 0.112801 0.183760
vt 0.112801 0.307216
vt 0.105085 0.183760
vt 0.105085 0.307216
vt 0.097369 0.183760
vt 0.097369 0.307216
vt 0.089653 0.183760
vt 0.089653 0.307216
vt 0.081937 0.183760
vt 0.073485 0.099355
vt 0.086515 0.104752
vt 0.083946 0.113223
vt 0.182981 0.144709
vt 0.169950 0.139312
vt 0.172520 0.130841
vt 0.081937 0.307216
vt 0.074221 0.183760
vt 0.074221 0.307216
vt 0.066505 0.183760
vt 0.193569 0.110471
vt 0.207402 0.113223
vt 0.209971 0.104752
vt 0.309809 0.133593
vt 0.295976 0.130841
vt 0.293407 0.139312
vt 0.305701 0.291734
vt 0.313417 0.199242
vt 0.305701 0.199242
vt 0.297985 0.291734
vt 0.297985 0.199242
vt 0.290269 0.291734
vt 0.290269 0.199242
vt 0.282553 0.291734
vt 0.282553 0.199242
vt 0.274837 0.199242
vt 0.274837 0.291734
vt 0.267121 0.199242
vt 0.267121 0.291734
vt 0.259405 0.199242
vt 0.259405 0.291734
vt 0.251689 0.199242
vt 0.251689 0.291734
vt 0.243973 0.199242
vt 0.243973 0.291734
vt 0.236257 0.199242
vt 0.236257 0.291734
vt 0.228541 0.199242
vt 0.228541 0.291734
vt 0.220825 0.199242
vt 0.220825 0.291734
vt 0.213109 0.199242
vt 0.213109 0.291734
vt 0.205393 0.199242
vt 0.205393 0.291734
vt 0.197677 0.199242
vt 0.197677 0.291734
vt 0.189961 0.199242
vt 0.189961 0.291734
vt 0.182245 0.199242
vt 0.182245 0.291734
vt 0.174529 0.199242
vt 0.174529 0.291734
vt 0.166813 0.199242
vt 0.166813 0.291734
vt 0.159097 0.199242
vt 0.159097 0.291734
vt 0.151381 0.291734
vt 0.151381 0.199242
vt 0.143665 0.291734
vt 0.143665 0.199242
vt 0.135949 0.291734
vt 0.135949 0.199242
vt 0.128233 0.291734
vt 0.128233 0.199242
vt 0.120517 0.291734
vt 0.120517 0.199242
vt 0.112801 0.291734
vt 0.112801 0.199242
vt 0.105085 0.291734
vt 0.105085 0.199242
vt 0.097369 0.291734
vt 0.097369 0.199242
vt 0.089653 0.291734
vt 0.089653 0.199242
vt 0.081937 0.291734
vt 0.081937 0.199242
vt 0.074221 0.291734
vt 0.074221 0.199242
vt 0.066505 0.291734
vt 0.066505 0.199242
vt 0.220825 0.060304
vt 0.159097 0.122032
vt 0.159097 0.060304
vt 0.220825 0.183760
vt 0.159097 0.183760
vt 0.159097 0.245488
vt 0.220825 0.245488
vt 0.159097 0.307216
vt 0.097369 0.245488
vt 0.097369 0.183760
vt 0.282553 0.183760
vt 0.220825 0.060304
vt 0.159097 0.122032
vt 0.159097 0.060304
vt 0.220825 0.122032
vt 0.159097 0.183760
vt 0.220825 0.183760
vt 0.159097 0.245488
vt 0.220825 0.245488
vt 0.159097 0.307216
vt 0.097369 0.245488
vt 0.097369 0.183760
vt 0.282553 0.183760
vt 0.220825 0.060304
vt 0.159097 0.122032
vt 0.159097 0.060304
vt 0.220825 0.122032
vt 0.159097 0.183760
vt 0.220825 0.183760
vt 0.159097 0.245488
vt 0.220825 0.245488
vt 0.159097 0.307216
vt 0.097369 0.245488
vt 0.097369 0.183760
vt 0.282553 0.183760
vt 0.159097 0.060304
vt 0.220825 0.122032
vt 0.159097 0.122032
vt 0.159097 0.183760
vt 0.220825 0.245488
vt 0.159097 0.245488
vt 0.159097 0.307216
vt 0.097369 0.245488
vt 0.097369 0.183760
vt 0.282553 0.183760
vt 0.220825 0.183760
vt 0.159097 0.060304
vt 0.220825 0.122032
vt 0.159097 0.122032
vt 0.159097 0.183760
vt 0.220825 0.245488
vt 0.159097 0.245488
vt 0.159097 0.307216
vt 0.097369 0.245488
vt 0.097369 0.183760
vt 0.282553 0.183760
vt 0.220825 0.183760
vt 0.116672 0.063912
vt 0.192430 0.122032
vt 0.139794 0.063912
vt 0.306437 0.099355
vt 0.161155 0.072760
vt 0.196941 0.099355
vt 0.177505 0.089109
vt 0.137042 0.166319
vt 0.145513 0.163750
vt 0.128233 0.167187
vt 0.116672 0.180152
vt 0.119423 0.166319
vt 0.110953 0.163750
vt 0.103146 0.159577
vt 0.096304 0.153961
vt 0.090688 0.147119
vt 0.083946 0.130841
vt 0.070113 0.110471
vt 0.083078 0.122032
vt 0.090688 0.096945
vt 0.096304 0.090103
vt 0.095310 0.072760
vt 0.103146 0.084487
vt 0.110953 0.080314
vt 0.119423 0.077745
vt 0.128233 0.076877
vt 0.137042 0.077745
vt 0.153320 0.084487
vt 0.160162 0.090103
vt 0.165778 0.096945
vt 0.169950 0.104752
vt 0.145513 0.080314
vt 0.086515 0.139312
vt 0.172520 0.113223
vt 0.173388 0.122032
vt 0.165778 0.147119
vt 0.160162 0.153961
vt 0.153320 0.159577
vt 0.310948 0.122032
vt 0.219760 0.090103
vt 0.226602 0.084487
vt 0.214144 0.096945
vt 0.206534 0.122032
vt 0.207402 0.130841
vt 0.196941 0.144709
vt 0.209971 0.139312
vt 0.214144 0.147119
vt 0.219760 0.153961
vt 0.226602 0.159577
vt 0.234409 0.163750
vt 0.242879 0.166319
vt 0.251689 0.167187
vt 0.260498 0.166319
vt 0.268969 0.163750
vt 0.283618 0.153961
vt 0.289234 0.147119
vt 0.296843 0.122032
vt 0.295976 0.113223
vt 0.293406 0.104752
vt 0.289234 0.096945
vt 0.283618 0.090103
vt 0.276776 0.084487
vt 0.274366 0.067284
vt 0.268969 0.080314
vt 0.251689 0.076877
vt 0.242879 0.077745
vt 0.234409 0.080314
vt 0.260498 0.077745
vt 0.276776 0.159577
vt 0.313417 0.291734
vt 0.293591 0.080130
vt 0.066505 0.307216
vt 0.078961 0.089109
vt 0.251689 0.181291
vt 0.209786 0.163934
vt 0.274366 0.176780
vt 0.070113 0.133593
vt 0.139794 0.180152
vt 0.251689 0.062773
vt 0.078961 0.154954
vt 0.161155 0.171304
vt 0.229011 0.176780
vt 0.293591 0.163934
vt 0.177505 0.154954
vt 0.229011 0.067284
vt 0.095310 0.171304
vt 0.186353 0.133593
vt 0.306437 0.144709
vt 0.209786 0.080130
vt 0.186353 0.110471
vt 0.137042 0.166319
vt 0.145513 0.163750
vt 0.150910 0.176780
vt 0.139794 0.180152
vt 0.128233 0.181291
vt 0.128233 0.167187
vt 0.116672 0.180152
vt 0.119423 0.166319
vt 0.105555 0.176780
vt 0.095310 0.171304
vt 0.110953 0.163750
vt 0.086330 0.163934
vt 0.103146 0.159577
vt 0.078961 0.154954
vt 0.096304 0.153961
vt 0.073485 0.144709
vt 0.090688 0.147119
vt 0.070113 0.133593
vt 0.083946 0.130841
vt 0.068974 0.122032
vt 0.070113 0.110471
vt 0.083078 0.122032
vt 0.078961 0.089109
vt 0.090688 0.096945
vt 0.086330 0.080130
vt 0.096304 0.090103
vt 0.095310 0.072760
vt 0.103146 0.084487
vt 0.105555 0.067284
vt 0.110953 0.080314
vt 0.116672 0.063912
vt 0.119423 0.077745
vt 0.128233 0.062773
vt 0.128233 0.076877
vt 0.139794 0.063912
vt 0.137042 0.077745
vt 0.150910 0.067284
vt 0.161155 0.072760
vt 0.153320 0.084487
vt 0.170135 0.080130
vt 0.160162 0.090103
vt 0.177505 0.089109
vt 0.182981 0.099355
vt 0.165778 0.096945
vt 0.169950 0.104752
vt 0.145513 0.080314
vt 0.086515 0.139312
vt 0.172520 0.113223
vt 0.186353 0.110471
vt 0.187492 0.122032
vt 0.173388 0.122032
vt 0.186353 0.133593
vt 0.177505 0.154954
vt 0.165778 0.147119
vt 0.170135 0.163934
vt 0.160162 0.153961
vt 0.161155 0.171304
vt 0.153320 0.159577
vt 0.066505 0.307216
vt 0.219760 0.090103
vt 0.226602 0.084487
vt 0.218766 0.072760
vt 0.209786 0.080130
vt 0.202417 0.089109
vt 0.214144 0.096945
vt 0.196941 0.099355
vt 0.192430 0.122032
vt 0.206534 0.122032
vt 0.193569 0.133593
vt 0.207402 0.130841
vt 0.196941 0.144709
vt 0.202417 0.154954
vt 0.209971 0.139312
vt 0.214144 0.147119
vt 0.219760 0.153961
vt 0.209786 0.163934
vt 0.218766 0.171304
vt 0.226602 0.159577
vt 0.229011 0.176780
vt 0.234409 0.163750
vt 0.240128 0.180152
vt 0.251689 0.181291
vt 0.242879 0.166319
vt 0.263250 0.180152
vt 0.251689 0.167187
vt 0.274366 0.176780
vt 0.260498 0.166319
vt 0.284611 0.171304
vt 0.268969 0.163750
vt 0.293591 0.163934
vt 0.283618 0.153961
vt 0.300961 0.154954
vt 0.306437 0.144709
vt 0.289234 0.147119
vt 0.310948 0.122032
vt 0.296843 0.122032
vt 0.309809 0.110471
vt 0.295976 0.113223
vt 0.306437 0.099355
vt 0.293406 0.104752
vt 0.300961 0.089109
vt 0.289234 0.096945
vt 0.293591 0.080130
vt 0.283618 0.090103
vt 0.284611 0.072760
vt 0.276776 0.084487
vt 0.274366 0.067284
vt 0.268969 0.080314
vt 0.263250 0.063912
vt 0.251689 0.062773
vt 0.251689 0.076877
vt 0.240128 0.063912
vt 0.242879 0.077745
vt 0.229011 0.067284
vt 0.234409 0.080314
vt 0.260498 0.077745
vt 0.276776 0.159577
vt 0.313417 0.291734
vt 0.220825 0.122032
vt 0.220825 0.307216
vt 0.282553 0.245488
vt 0.220825 0.307216
vt 0.282553 0.245488
vt 0.220825 0.307216
vt 0.282553 0.245488
vt 0.220825 0.060304
vt 0.220825 0.307216
vt 0.282553 0.245488
vt 0.220825 0.060304
vt 0.220825 0.307216
vt 0.282553 0.245488
vn -0.7730 0.0000 -0.6344
vn -0.2903 0.0000 -0.9569
vn -0.0980 0.0000 -0.9952
vn -0.6344 0.0000 -0.7730
vn 0.0000 -1.0000 -0.0000
vn -0.8819 0.0000 -0.4714
vn 0.0000 1.0000 -0.0000
vn -0.9952 0.0000 -0.0980
vn 0.4714 0.0000 0.8819
vn -0.9569 0.0000 0.2903
vn 0.0980 0.0000 0.9952
vn -0.7730 0.0000 0.6344
vn -0.4714 0.0000 0.8819
vn -0.0980 0.0000 0.9952
vn -0.4714 0.0000 -0.8819
vn 0.2903 0.0000 0.9569
vn 0.2903 0.0000 -0.9569
vn 0.6344 0.0000 0.7730
vn 0.8819 0.0000 0.4714
vn 0.9952 0.0000 0.0980
vn 0.9569 0.0000 -0.2903
vn -0.2903 0.0000 0.9569
vn 0.7730 0.0000 -0.6344
vn 0.4714 0.0000 -0.8819
vn 0.0980 0.0000 -0.9952
vn 0.7730 0.0000 0.6344
vn 0.9569 0.0000 0.2903
vn 0.9952 0.0000 -0.0980
vn 0.8819 0.0000 -0.4714
vn 0.6344 0.0000 -0.7730
vn -0.9569 0.0000 -0.2903
vn -0.9952 0.0000 0.0980
vn -0.8819 0.0000 0.4714
vn -0.6344 0.0000 0.7730
vn -0.0000 0.0000 -1.0000
vn -0.0000 0.0000 1.0000
vn -1.0000 0.0000 0.0000
vn 1.0000 0.0000 0.0000
vn 0.7071 0.0000 -0.7071
vn -0.7071 0.0000 0.7071
vn -0.7071 0.0000 -0.7071
vn 0.7071 0.0000 0.7071
vn -0.9063 0.0000 0.4226
vn 0.9063 0.0000 -0.4226
vn 0.4226 0.0000 0.9063
vn -0.4226 0.0000 -0.9063
vn 0.9063 0.0000 0.4226
vn -0.9063 0.0000 -0.4226
vn 0.4226 0.0000 -0.9063
vn -0.4226 0.0000 0.9063
usemtl None
s 1
f 9/15/7 10/16/7 11/17/7
f 12/18/8 13/19/8 14/20/8
f 15/21/9 16/22/9 17/23/9
f 18/24/10 19/25/10 20/26/10
f 21/27/11 22/28/11 23/29/11
f 24/30/12 25/31/12 26/32/12
f 27/33/13 28/34/13 15/35/13
f 29/36/14 30/37/14 31/38/14
f 32/39/15 33/40/15 34/41/15
f 35/42/16 36/43/16 37/44/16
f 38/45/17 39/46/17 27/47/17
f 34/41/18 11/17/18 32/39/18
f 40/48/11 41/49/11 42/50/11
f 43/51/19 44/52/19 45/53/19
f 36/54/13 46/55/13 32/56/13
f 40/57/20 47/58/20 48/59/20
f 49/60/21 50/61/21 36/43/21
f 51/62/22 52/63/22 53/64/22
f 54/65/23 55/66/23 56/67/23
f 57/68/24 58/69/24 59/70/24
f 43/71/11 60/72/11 9/73/11
f 61/74/25 62/75/25 63/76/25
f 62/77/13 64/78/13 54/79/13
f 56/67/26 27/47/26 54/65/26
f 37/44/17 65/80/17 35/42/17
f 17/23/27 66/81/27 15/21/27
f 67/82/28 68/83/28 62/75/28
f 69/84/29 70/85/29 71/86/29
f 34/87/11 72/88/11 49/89/11
f 73/90/30 74/91/30 75/92/30
f 67/93/11 76/94/11 77/95/11
f 78/96/11 79/97/11 80/98/11
f 30/99/13 81/100/13 37/101/13
f 82/102/31 83/103/31 84/104/31
f 54/79/13 85/105/13 86/106/13
f 31/107/13 87/108/13 88/109/13
f 89/110/17 90/111/17 91/112/17
f 92/113/22 91/112/22 93/114/22
f 94/115/15 93/114/15 95/116/15
f 96/117/24 95/116/24 97/118/24
f 96/117/32 98/119/32 99/120/32
f 99/120/25 88/121/25 79/122/25
f 79/122/33 87/123/33 80/124/33
f 80/124/26 100/125/26 101/126/26
f 101/126/34 102/127/34 103/128/34
f 103/128/27 104/129/27 105/130/27
f 105/130/35 106/131/35 107/132/35
f 107/132/29 108/133/29 109/134/29
f 109/134/36 110/135/36 111/136/36
f 111/136/30 112/137/30 113/138/30
f 113/138/23 114/139/23 115/140/23
f 115/140/31 116/141/31 117/142/31
f 117/142/9 118/143/9 119/144/9
f 119/144/8 120/145/8 121/146/8
f 121/146/21 122/147/21 123/148/21
f 123/148/10 124/149/10 125/150/10
f 126/151/7 124/149/7 127/152/7
f 76/153/12 127/152/12 86/154/12
f 77/155/37 86/154/37 85/156/37
f 128/157/14 85/156/14 129/158/14
f 130/159/38 129/158/38 131/160/38
f 132/161/16 131/160/16 133/162/16
f 134/163/39 133/162/39 135/164/39
f 136/165/18 135/164/18 137/166/18
f 138/167/40 137/166/40 139/168/40
f 140/169/19 139/168/19 141/170/19
f 142/171/28 141/170/28 143/172/28
f 144/173/20 143/172/20 90/174/20
f 145/175/9 146/176/9 147/177/9
f 148/178/21 149/179/21 150/180/21
f 151/181/7 152/182/7 153/183/7
f 154/184/37 155/185/37 156/186/37
f 157/187/38 81/188/38 158/189/38
f 72/190/39 46/191/39 50/61/39
f 60/192/40 159/193/40 10/16/40
f 41/194/28 160/195/28 161/196/28
f 23/197/17 162/198/17 163/199/17
f 164/200/15 165/201/15 166/202/15
f 167/203/32 168/204/32 169/205/32
f 170/206/33 64/207/33 68/83/33
f 171/208/34 28/209/34 39/46/34
f 172/210/35 173/211/35 174/212/35
f 175/213/36 176/214/36 177/215/36
f 178/216/23 179/217/23 180/218/23
f 11/219/13 159/220/13 45/221/13
f 181/222/11 182/223/11 164/224/11
f 183/225/15 174/212/15 66/81/15
f 45/53/32 184/226/32 43/51/32
f 185/227/34 147/228/34 83/103/34
f 71/229/13 174/230/13 173/231/13
f 61/232/11 167/233/11 186/234/11
f 83/235/13 146/236/13 14/237/13
f 71/86/21 187/238/21 69/84/21
f 42/239/37 161/196/37 44/52/37
f 14/20/38 188/240/38 12/18/38
f 189/241/11 190/242/11 178/243/11
f 48/244/13 161/245/13 160/246/13
f 67/93/11 55/247/11 170/248/11
f 191/249/32 177/215/32 70/85/32
f 48/59/33 192/250/33 40/57/33
f 193/251/35 150/180/35 13/19/35
f 70/252/13 176/253/13 75/254/13
f 13/255/13 149/256/13 20/257/13
f 75/92/7 194/258/7 73/90/7
f 21/259/38 163/199/38 47/58/38
f 17/260/11 171/261/11 38/262/11
f 20/26/39 195/263/39 18/24/39
f 12/264/11 145/265/11 185/266/11
f 47/267/13 162/268/13 53/269/13
f 189/270/33 180/218/33 74/91/33
f 53/64/34 22/271/34 51/62/34
f 69/272/11 172/273/11 183/274/11
f 196/275/36 153/183/36 19/25/36
f 18/276/11 148/277/11 193/278/11
f 74/279/13 179/280/13 84/281/13
f 19/282/13 152/283/13 26/284/13
f 84/104/37 190/285/37 82/102/37
f 181/286/39 166/202/39 52/63/39
f 26/32/40 197/287/40 24/30/40
f 24/288/11 151/289/11 196/290/11
f 52/291/13 165/292/13 59/293/13
f 73/294/11 175/295/11 191/296/11
f 59/70/35 182/297/35 57/68/35
f 78/298/23 156/186/23 25/31/23
f 29/299/11 154/300/11 78/96/11
f 25/301/13 155/302/13 31/107/13
f 186/303/40 169/205/40 58/69/40
f 31/38/28 198/304/28 29/36/28
f 58/305/13 168/306/13 63/307/13
f 35/308/11 157/309/11 199/310/11
f 63/76/36 200/311/36 61/74/36
f 199/312/9 158/189/9 30/37/9
f 201/313/9 202/314/9 203/315/9
f 204/316/8 205/317/8 202/314/8
f 206/318/21 207/319/21 205/317/21
f 208/320/10 209/321/10 207/319/10
f 210/322/7 211/323/7 209/321/7
f 212/324/12 213/325/12 211/323/12
f 214/326/37 215/327/37 213/325/37
f 216/328/14 217/329/14 215/327/14
f 218/330/38 219/331/38 217/329/38
f 220/332/16 221/333/16 219/331/16
f 222/334/39 223/335/39 221/333/39
f 224/336/18 225/337/18 223/335/18
f 226/338/40 227/339/40 225/337/40
f 228/340/19 229/341/19 227/339/19
f 230/342/28 231/343/28 229/341/28
f 232/344/20 233/345/20 231/343/20
f 234/346/17 235/347/17 233/345/17
f 236/348/22 237/349/22 235/347/22
f 238/350/15 239/351/15 237/349/15
f 240/352/24 241/353/24 239/351/24
f 242/354/32 243/355/32 241/353/32
f 244/356/25 245/357/25 243/355/25
f 246/358/33 247/359/33 245/357/33
f 248/360/26 249/361/26 247/359/26
f 250/362/34 251/363/34 249/361/34
f 252/364/27 253/365/27 251/363/27
f 254/366/35 255/367/35 253/365/35
f 256/368/29 257/369/29 255/367/29
f 258/370/36 259/371/36 257/369/36
f 260/372/30 261/373/30 259/371/30
f 246/374/11 262/375/11 263/376/11
f 214/377/11 264/378/11 265/379/11
f 266/380/23 267/381/23 261/373/23
f 268/382/31 203/383/31 267/381/31
f 247/384/13 269/385/13 270/386/13
f 215/387/13 271/388/13 272/389/13
f 273/390/17 274/391/17 275/392/17
f 276/393/22 275/392/22 277/394/22
f 278/395/15 277/394/15 279/396/15
f 280/397/24 279/396/24 281/398/24
f 280/397/32 282/399/32 283/400/32
f 283/400/25 272/401/25 264/402/25
f 264/402/33 271/403/33 265/404/33
f 265/404/26 284/405/26 285/406/26
f 285/406/34 286/407/34 287/408/34
f 287/408/27 288/409/27 289/410/27
f 289/410/35 290/411/35 291/412/35
f 291/412/29 292/413/29 293/414/29
f 293/414/36 294/415/36 295/416/36
f 295/416/30 296/417/30 297/418/30
f 297/418/23 298/419/23 299/420/23
f 299/420/31 300/421/31 301/422/31
f 301/422/9 302/423/9 303/424/9
f 303/424/8 304/425/8 305/426/8
f 305/426/21 306/427/21 307/428/21
f 307/428/10 308/429/10 309/430/10
f 310/431/7 308/429/7 311/432/7
f 262/433/12 311/432/12 270/434/12
f 263/435/37 270/434/37 269/436/37
f 312/437/14 269/436/14 313/438/14
f 314/439/38 313/438/38 315/440/38
f 316/441/16 315/440/16 317/442/16
f 318/443/39 317/442/39 319/444/39
f 320/445/18 319/444/18 321/446/18
f 322/447/40 321/446/40 323/448/40
f 324/449/19 323/448/19 325/450/19
f 326/451/28 325/450/28 327/452/28
f 328/453/20 327/452/20 274/454/20
f 329/455/13 330/456/13 331/457/13
f 330/456/41 332/458/41 333/459/41
f 332/458/11 334/460/11 333/459/11
f 335/461/42 331/462/42 334/460/42
f 333/459/43 331/463/43 330/464/43
f 336/465/44 335/461/44 332/458/44
f 337/466/13 338/467/13 339/468/13
f 340/469/45 341/470/45 338/467/45
f 342/471/11 343/472/11 341/470/11
f 344/473/46 339/474/46 343/472/46
f 341/470/47 339/475/47 338/476/47
f 340/477/48 344/473/48 342/471/48
f 345/478/13 346/479/13 347/480/13
f 348/481/47 349/482/47 346/479/47
f 350/483/11 351/484/11 349/482/11
f 352/485/48 347/486/48 351/484/48
f 349/482/46 347/487/46 346/488/46
f 348/489/45 352/485/45 350/483/45
f 353/490/13 354/491/13 355/492/13
f 354/491/49 356/493/49 355/492/49
f 356/493/11 357/494/11 358/495/11
f 357/494/50 353/496/50 358/495/50
f 356/493/51 353/497/51 355/498/51
f 354/499/52 357/494/52 359/500/52
f 360/501/13 361/502/13 362/503/13
f 361/502/53 363/504/53 362/503/53
f 363/504/11 364/505/11 365/506/11
f 364/505/54 360/507/54 365/506/54
f 363/504/55 360/508/55 362/509/55
f 361/510/56 364/505/56 366/511/56
f 9/15/7 60/192/7 10/16/7
f 12/18/8 193/251/8 13/19/8
f 15/21/9 28/209/9 16/22/9
f 18/24/10 196/275/10 19/25/10
f 21/27/11 51/512/11 22/28/11
f 24/30/12 78/298/12 25/31/12
f 27/33/13 39/513/13 28/34/13
f 29/36/14 199/312/14 30/37/14
f 32/39/15 46/191/15 33/40/15
f 35/42/16 49/60/16 36/43/16
f 38/45/17 171/208/17 39/46/17
f 34/41/18 9/15/18 11/17/18
f 40/48/11 192/514/11 41/49/11
f 43/51/19 42/239/19 44/52/19
f 36/54/13 50/515/13 46/55/13
f 40/57/20 21/259/20 47/58/20
f 49/60/21 72/190/21 50/61/21
f 51/62/22 181/286/22 52/63/22
f 54/65/23 64/207/23 55/66/23
f 57/68/24 186/303/24 58/69/24
f 43/71/11 184/516/11 60/72/11
f 61/74/25 67/82/25 62/75/25
f 62/77/13 68/517/13 64/78/13
f 56/67/26 38/45/26 27/47/26
f 37/44/17 81/188/17 65/80/17
f 17/23/27 183/225/27 66/81/27
f 67/82/28 170/206/28 68/83/28
f 69/84/29 191/249/29 70/85/29
f 34/87/11 33/518/11 72/88/11
f 73/90/30 189/270/30 74/91/30
f 89/519/11 92/520/11 193/278/11
f 193/278/11 12/264/11 89/519/11
f 12/264/11 185/266/11 144/521/11
f 185/266/11 82/522/11 142/523/11
f 82/522/11 189/241/11 142/523/11
f 189/241/11 73/294/11 140/524/11
f 73/294/11 191/296/11 138/525/11
f 140/524/11 73/294/11 138/525/11
f 191/296/11 69/272/11 136/526/11
f 69/272/11 183/274/11 134/527/11
f 136/526/11 69/272/11 134/527/11
f 183/274/11 17/260/11 130/528/11
f 17/260/11 38/262/11 130/528/11
f 38/262/11 56/529/11 128/530/11
f 56/529/11 67/93/11 77/95/11
f 128/530/11 56/529/11 77/95/11
f 67/93/11 61/232/11 126/531/11
f 61/232/11 186/234/11 125/532/11
f 186/234/11 57/533/11 123/534/11
f 57/533/11 181/222/11 121/535/11
f 181/222/11 51/512/11 119/536/11
f 51/512/11 21/27/11 117/537/11
f 21/27/11 40/48/11 115/538/11
f 40/48/11 42/50/11 115/538/11
f 42/50/11 43/71/11 111/539/11
f 43/71/11 9/73/11 109/540/11
f 9/73/11 34/87/11 109/540/11
f 34/87/11 49/89/11 107/541/11
f 109/540/11 34/87/11 107/541/11
f 49/89/11 105/542/11 107/541/11
f 43/71/11 109/540/11 111/539/11
f 51/512/11 117/537/11 119/536/11
f 61/232/11 125/532/11 126/531/11
f 57/533/11 121/535/11 123/534/11
f 130/528/11 38/262/11 128/530/11
f 12/264/11 144/521/11 89/519/11
f 142/523/11 144/521/11 185/266/11
f 140/524/11 142/523/11 189/241/11
f 42/50/11 111/539/11 113/543/11
f 42/50/11 113/543/11 115/538/11
f 138/525/11 191/296/11 136/526/11
f 21/27/11 115/538/11 117/537/11
f 181/222/11 119/536/11 121/535/11
f 132/544/11 134/527/11 183/274/11
f 130/528/11 132/544/11 183/274/11
f 186/234/11 123/534/11 125/532/11
f 67/93/11 126/531/11 76/94/11
f 103/545/11 105/542/11 49/89/11
f 49/89/11 35/308/11 103/545/11
f 35/308/11 199/310/11 101/546/11
f 199/310/11 29/299/11 80/98/11
f 29/299/11 78/96/11 80/98/11
f 78/96/11 24/288/11 99/547/11
f 24/288/11 196/290/11 96/548/11
f 196/290/11 18/276/11 96/548/11
f 18/276/11 193/278/11 94/549/11
f 96/548/11 18/276/11 94/549/11
f 193/278/11 92/520/11 94/549/11
f 24/288/11 96/548/11 99/547/11
f 35/308/11 101/546/11 103/545/11
f 80/98/11 101/546/11 199/310/11
f 78/96/11 99/547/11 79/97/11
f 30/99/13 158/550/13 81/100/13
f 82/102/31 185/227/31 83/103/31
f 124/551/13 122/552/13 59/293/13
f 59/293/13 58/305/13 124/551/13
f 58/305/13 63/307/13 127/553/13
f 63/307/13 62/77/13 86/106/13
f 62/77/13 54/79/13 86/106/13
f 54/79/13 27/33/13 129/554/13
f 27/33/13 15/35/13 131/555/13
f 15/35/13 66/556/13 131/555/13
f 66/556/13 71/229/13 133/557/13
f 131/555/13 66/556/13 133/557/13
f 71/229/13 135/558/13 133/557/13
f 27/33/13 131/555/13 129/554/13
f 58/305/13 127/553/13 124/551/13
f 86/106/13 127/553/13 63/307/13
f 54/79/13 129/554/13 85/105/13
f 137/559/13 135/558/13 71/229/13
f 71/229/13 70/252/13 137/559/13
f 70/252/13 75/254/13 139/560/13
f 75/254/13 74/279/13 141/561/13
f 74/279/13 84/281/13 141/561/13
f 84/281/13 83/235/13 143/562/13
f 83/235/13 14/237/13 90/563/13
f 143/562/13 83/235/13 90/563/13
f 14/237/13 13/255/13 91/564/13
f 13/255/13 20/257/13 93/565/13
f 91/564/13 13/255/13 93/565/13
f 20/257/13 19/282/13 97/566/13
f 19/282/13 26/284/13 97/566/13
f 26/284/13 25/301/13 98/567/13
f 25/301/13 31/107/13 88/109/13
f 98/567/13 25/301/13 88/109/13
f 31/107/13 30/99/13 100/568/13
f 30/99/13 37/101/13 102/569/13
f 37/101/13 36/54/13 104/570/13
f 36/54/13 32/56/13 106/571/13
f 32/56/13 11/219/13 108/572/13
f 11/219/13 45/221/13 110/573/13
f 45/221/13 44/574/13 112/575/13
f 44/574/13 48/244/13 112/575/13
f 48/244/13 47/267/13 116/576/13
f 47/267/13 53/269/13 118/577/13
f 53/269/13 52/291/13 118/577/13
f 52/291/13 59/293/13 120/578/13
f 118/577/13 52/291/13 120/578/13
f 59/293/13 122/552/13 120/578/13
f 47/267/13 118/577/13 116/576/13
f 11/219/13 110/573/13 108/572/13
f 30/99/13 102/569/13 100/568/13
f 36/54/13 106/571/13 104/570/13
f 97/566/13 26/284/13 98/567/13
f 70/252/13 139/560/13 137/559/13
f 141/561/13 139/560/13 75/254/13
f 143/562/13 141/561/13 84/281/13
f 48/244/13 116/576/13 114/579/13
f 48/244/13 114/579/13 112/575/13
f 90/563/13 14/237/13 91/564/13
f 45/221/13 112/575/13 110/573/13
f 32/56/13 108/572/13 106/571/13
f 95/580/13 93/565/13 20/257/13
f 97/566/13 95/580/13 20/257/13
f 37/101/13 104/570/13 102/569/13
f 31/107/13 100/568/13 87/108/13
f 89/110/17 144/581/17 90/111/17
f 92/113/22 89/110/22 91/112/22
f 94/115/15 92/113/15 93/114/15
f 96/117/24 94/115/24 95/116/24
f 96/117/32 97/118/32 98/119/32
f 99/120/25 98/119/25 88/121/25
f 79/122/33 88/121/33 87/123/33
f 80/124/26 87/123/26 100/125/26
f 101/126/34 100/125/34 102/127/34
f 103/128/27 102/127/27 104/129/27
f 105/130/35 104/129/35 106/131/35
f 107/132/29 106/131/29 108/133/29
f 109/134/36 108/133/36 110/135/36
f 111/136/30 110/135/30 112/137/30
f 113/138/23 112/137/23 114/139/23
f 115/140/31 114/139/31 116/141/31
f 117/142/9 116/141/9 118/143/9
f 119/144/8 118/143/8 120/145/8
f 121/146/21 120/145/21 122/147/21
f 123/148/10 122/147/10 124/149/10
f 126/151/7 125/150/7 124/149/7
f 76/153/12 126/151/12 127/152/12
f 77/155/37 76/153/37 86/154/37
f 128/157/14 77/155/14 85/156/14
f 130/159/38 128/157/38 129/158/38
f 132/161/16 130/159/16 131/160/16
f 134/163/39 132/161/39 133/162/39
f 136/165/18 134/163/18 135/164/18
f 138/167/40 136/165/40 137/166/40
f 140/169/19 138/167/19 139/168/19
f 142/171/28 140/169/28 141/170/28
f 144/173/20 142/171/20 143/172/20
f 145/175/9 188/240/9 146/176/9
f 148/178/21 195/263/21 149/179/21
f 151/181/7 197/287/7 152/182/7
f 154/184/37 198/304/37 155/185/37
f 157/187/38 65/80/38 81/188/38
f 72/190/39 33/40/39 46/191/39
f 60/192/40 184/226/40 159/193/40
f 41/194/28 192/250/28 160/195/28
f 23/197/17 22/271/17 162/198/17
f 164/200/15 182/297/15 165/201/15
f 167/203/32 200/311/32 168/204/32
f 170/206/33 55/66/33 64/207/33
f 171/208/34 16/22/34 28/209/34
f 172/210/35 187/238/35 173/211/35
f 175/213/36 194/258/36 176/214/36
f 178/216/23 190/285/23 179/217/23
f 11/219/13 10/582/13 159/220/13
f 181/222/11 57/533/11 182/223/11
f 183/225/15 172/210/15 174/212/15
f 45/53/32 159/193/32 184/226/32
f 185/227/34 145/583/34 147/228/34
f 71/229/13 66/556/13 174/230/13
f 61/232/11 200/584/11 167/233/11
f 83/235/13 147/585/13 146/236/13
f 71/86/21 173/211/21 187/238/21
f 42/239/37 41/194/37 161/196/37
f 14/20/38 146/176/38 188/240/38
f 189/241/11 82/522/11 190/242/11
f 48/244/13 44/574/13 161/245/13
f 67/93/11 56/529/11 55/247/11
f 191/249/32 175/213/32 177/215/32
f 48/59/33 160/195/33 192/250/33
f 193/251/35 148/178/35 150/180/35
f 70/252/13 177/586/13 176/253/13
f 13/255/13 150/587/13 149/256/13
f 75/92/7 176/214/7 194/258/7
f 21/259/38 23/197/38 163/199/38
f 17/260/11 16/588/11 171/261/11
f 20/26/39 149/179/39 195/263/39
f 12/264/11 188/589/11 145/265/11
f 47/267/13 163/590/13 162/268/13
f 189/270/33 178/216/33 180/218/33
f 53/64/34 162/198/34 22/271/34
f 69/272/11 187/591/11 172/273/11
f 196/275/36 151/181/36 153/183/36
f 18/276/11 195/592/11 148/277/11
f 74/279/13 180/593/13 179/280/13
f 19/282/13 153/594/13 152/283/13
f 84/104/37 179/217/37 190/285/37
f 181/286/39 164/200/39 166/202/39
f 26/32/40 152/182/40 197/287/40
f 24/288/11 197/595/11 151/289/11
f 52/291/13 166/596/13 165/292/13
f 73/294/11 194/597/11 175/295/11
f 59/70/35 165/201/35 182/297/35
f 78/298/23 154/184/23 156/186/23
f 29/299/11 198/598/11 154/300/11
f 25/301/13 156/599/13 155/302/13
f 186/303/40 167/203/40 169/205/40
f 31/38/28 155/185/28 198/304/28
f 58/305/13 169/600/13 168/306/13
f 35/308/11 65/601/11 157/309/11
f 63/76/36 168/204/36 200/311/36
f 199/312/9 157/187/9 158/189/9
f 201/313/9 204/316/9 202/314/9
f 204/316/8 206/318/8 205/317/8
f 206/318/21 208/320/21 207/319/21
f 208/320/10 210/322/10 209/321/10
f 210/322/7 212/324/7 211/323/7
f 212/324/12 214/326/12 213/325/12
f 214/326/37 216/328/37 215/327/37
f 216/328/14 218/330/14 217/329/14
f 218/330/38 220/332/38 219/331/38
f 220/332/16 222/334/16 221/333/16
f 222/334/39 224/336/39 223/335/39
f 224/336/18 226/338/18 225/337/18
f 226/338/40 228/340/40 227/339/40
f 228/340/19 230/342/19 229/341/19
f 230/342/28 232/344/28 231/343/28
f 232/344/20 234/346/20 233/345/20
f 234/346/17 236/348/17 235/347/17
f 236/348/22 238/350/22 237/349/22
f 238/350/15 240/352/15 239/351/15
f 240/352/24 242/354/24 241/353/24
f 242/354/32 244/356/32 243/355/32
f 244/356/25 246/358/25 245/357/25
f 246/358/33 248/360/33 247/359/33
f 248/360/26 250/362/26 249/361/26
f 250/362/34 252/364/34 251/363/34
f 252/364/27 254/366/27 253/365/27
f 254/366/35 256/368/35 255/367/35
f 256/368/29 258/370/29 257/369/29
f 258/370/36 260/372/36 259/371/36
f 260/372/30 266/380/30 261/373/30
f 273/602/11 276/603/11 206/604/11
f 206/604/11 204/605/11 273/602/11
f 204/605/11 201/606/11 328/607/11
f 201/606/11 268/608/11 326/609/11
f 268/608/11 266/610/11 326/609/11
f 266/610/11 260/611/11 324/612/11
f 260/611/11 258/613/11 322/614/11
f 324/612/11 260/611/11 322/614/11
f 258/613/11 256/615/11 320/616/11
f 256/615/11 254/617/11 318/618/11
f 320/616/11 256/615/11 318/618/11
f 254/617/11 252/619/11 314/620/11
f 252/619/11 250/621/11 314/620/11
f 250/621/11 248/622/11 312/623/11
f 248/622/11 246/374/11 263/376/11
f 312/623/11 248/622/11 263/376/11
f 246/374/11 244/624/11 310/625/11
f 244/624/11 242/626/11 309/627/11
f 242/626/11 240/628/11 307/629/11
f 240/628/11 238/630/11 305/631/11
f 238/630/11 236/632/11 303/633/11
f 236/632/11 234/634/11 301/635/11
f 234/634/11 232/636/11 299/637/11
f 232/636/11 230/638/11 299/637/11
f 230/638/11 228/639/11 295/640/11
f 228/639/11 226/641/11 293/642/11
f 226/641/11 224/643/11 293/642/11
f 224/643/11 222/644/11 291/645/11
f 293/642/11 224/643/11 291/645/11
f 222/644/11 289/646/11 291/645/11
f 228/639/11 293/642/11 295/640/11
f 236/632/11 301/635/11 303/633/11
f 244/624/11 309/627/11 310/625/11
f 240/628/11 305/631/11 307/629/11
f 314/620/11 250/621/11 312/623/11
f 204/605/11 328/607/11 273/602/11
f 326/609/11 328/607/11 201/606/11
f 324/612/11 326/609/11 266/610/11
f 230/638/11 295/640/11 297/647/11
f 230/638/11 297/647/11 299/637/11
f 322/614/11 258/613/11 320/616/11
f 234/634/11 299/637/11 301/635/11
f 238/630/11 303/633/11 305/631/11
f 316/648/11 318/618/11 254/617/11
f 314/620/11 316/648/11 254/617/11
f 242/626/11 307/629/11 309/627/11
f 246/374/11 310/625/11 262/375/11
f 287/649/11 289/646/11 222/644/11
f 222/644/11 220/650/11 287/649/11
f 220/650/11 218/651/11 285/652/11
f 218/651/11 216/653/11 265/379/11
f 216/653/11 214/377/11 265/379/11
f 214/377/11 212/654/11 283/655/11
f 212/654/11 210/656/11 280/657/11
f 210/656/11 208/658/11 280/657/11
f 208/658/11 206/604/11 278/659/11
f 280/657/11 208/658/11 278/659/11
f 206/604/11 276/603/11 278/659/11
f 212/654/11 280/657/11 283/655/11
f 220/650/11 285/652/11 287/649/11
f 265/379/11 285/652/11 218/651/11
f 214/377/11 283/655/11 264/378/11
f 266/380/23 268/382/23 267/381/23
f 268/382/31 201/660/31 203/383/31
f 308/661/13 306/662/13 239/663/13
f 239/663/13 241/664/13 308/661/13
f 241/664/13 243/665/13 311/666/13
f 243/665/13 245/667/13 270/386/13
f 245/667/13 247/384/13 270/386/13
f 247/384/13 249/668/13 313/669/13
f 249/668/13 251/670/13 315/671/13
f 251/670/13 253/672/13 315/671/13
f 253/672/13 255/673/13 317/674/13
f 315/671/13 253/672/13 317/674/13
f 255/673/13 319/675/13 317/674/13
f 249/668/13 315/671/13 313/669/13
f 241/664/13 311/666/13 308/661/13
f 270/386/13 311/666/13 243/665/13
f 247/384/13 313/669/13 269/385/13
f 321/676/13 319/675/13 255/673/13
f 255/673/13 257/677/13 321/676/13
f 257/677/13 259/678/13 323/679/13
f 259/678/13 261/680/13 325/681/13
f 261/680/13 267/682/13 325/681/13
f 267/682/13 203/683/13 327/684/13
f 203/683/13 202/685/13 274/686/13
f 327/684/13 203/683/13 274/686/13
f 202/685/13 205/687/13 275/688/13
f 205/687/13 207/689/13 277/690/13
f 275/688/13 205/687/13 277/690/13
f 207/689/13 209/691/13 281/692/13
f 209/691/13 211/693/13 281/692/13
f 211/693/13 213/694/13 282/695/13
f 213/694/13 215/387/13 272/389/13
f 282/695/13 213/694/13 272/389/13
f 215/387/13 217/696/13 284/697/13
f 217/696/13 219/698/13 286/699/13
f 219/698/13 221/700/13 288/701/13
f 221/700/13 223/702/13 290/703/13
f 223/702/13 225/704/13 292/705/13
f 225/704/13 227/706/13 294/707/13
f 227/706/13 229/708/13 296/709/13
f 229/708/13 231/710/13 296/709/13
f 231/710/13 233/711/13 300/712/13
f 233/711/13 235/713/13 302/714/13
f 235/713/13 237/715/13 302/714/13
f 237/715/13 239/663/13 304/716/13
f 302/714/13 237/715/13 304/716/13
f 239/663/13 306/662/13 304/716/13
f 233/711/13 302/714/13 300/712/13
f 225/704/13 294/707/13 292/705/13
f 217/696/13 286/699/13 284/697/13
f 221/700/13 290/703/13 288/701/13
f 281/692/13 211/693/13 282/695/13
f 257/677/13 323/679/13 321/676/13
f 325/681/13 323/679/13 259/678/13
f 327/684/13 325/681/13 267/682/13
f 231/710/13 300/712/13 298/717/13
f 231/710/13 298/717/13 296/709/13
f 274/686/13 202/685/13 275/688/13
f 227/706/13 296/709/13 294/707/13
f 223/702/13 292/705/13 290/703/13
f 279/718/13 277/690/13 207/689/13
f 281/692/13 279/718/13 207/689/13
f 219/698/13 288/701/13 286/699/13
f 215/387/13 284/697/13 271/388/13
f 273/390/17 328/719/17 274/391/17
f 276/393/22 273/390/22 275/392/22
f 278/395/15 276/393/15 277/394/15
f 280/397/24 278/395/24 279/396/24
f 280/397/32 281/398/32 282/399/32
f 283/400/25 282/399/25 272/401/25
f 264/402/33 272/401/33 271/403/33
f 265/404/26 271/403/26 284/405/26
f 285/406/34 284/405/34 286/407/34
f 287/408/27 286/407/27 288/409/27
f 289/410/35 288/409/35 290/411/35
f 291/412/29 290/411/29 292/413/29
f 293/414/36 292/413/36 294/415/36
f 295/416/30 294/415/30 296/417/30
f 297/418/23 296/417/23 298/419/23
f 299/420/31 298/419/31 300/421/31
f 301/422/9 300/421/9 302/423/9
f 303/424/8 302/423/8 304/425/8
f 305/426/21 304/425/21 306/427/21
f 307/428/10 306/427/10 308/429/10
f 310/431/7 309/430/7 308/429/7
f 262/433/12 310/431/12 311/432/12
f 263/435/37 262/433/37 270/434/37
f 312/437/14 263/435/14 269/436/14
f 314/439/38 312/437/38 313/438/38
f 316/441/16 314/439/16 315/440/16
f 318/443/39 316/441/39 317/442/39
f 320/445/18 318/443/18 319/444/18
f 322/447/40 320/445/40 321/446/40
f 324/449/19 322/447/19 323/448/19
f 326/451/28 324/449/28 325/450/28
f 328/453/20 326/451/20 327/452/20
f 329/455/13 336/720/13 330/456/13
f 330/456/41 336/720/41 332/458/41
f 332/458/11 335/461/11 334/460/11
f 335/461/42 329/721/42 331/462/42
f 333/459/43 334/460/43 331/463/43
f 336/465/44 329/722/44 335/461/44
f 337/466/13 340/469/13 338/467/13
f 340/469/45 342/471/45 341/470/45
f 342/471/11 344/473/11 343/472/11
f 344/473/46 337/723/46 339/474/46
f 341/470/47 343/472/47 339/475/47
f 340/477/48 337/724/48 344/473/48
f 345/478/13 348/481/13 346/479/13
f 348/481/47 350/483/47 349/482/47
f 350/483/11 352/485/11 351/484/11
f 352/485/48 345/725/48 347/486/48
f 349/482/46 351/484/46 347/487/46
f 348/489/45 345/726/45 352/485/45
f 353/490/13 367/727/13 354/491/13
f 354/491/49 359/500/49 356/493/49
f 356/493/11 359/500/11 357/494/11
f 357/494/50 367/728/50 353/496/50
f 356/493/51 358/495/51 353/497/51
f 354/499/52 367/729/52 357/494/52
f 360/501/13 368/730/13 361/502/13
f 361/502/53 366/511/53 363/504/53
f 363/504/11 366/511/11 364/505/11
f 364/505/54 368/731/54 360/507/54
f 363/504/55 365/506/55 360/508/55
f 361/510/56 368/732/56 364/505/56
o 歯車_円柱.001
v -1.185004 0.147033 -0.357880
v -1.204568 0.257427 -0.334042
v -1.185004 0.257427 -0.357880
v -1.039386 0.147033 -0.837918
v -1.092738 0.257427 -0.821734
v -1.039386 0.257427 -0.837918
v -0.704967 0.257427 -0.614466
v -0.674277 0.147033 -0.617488
v -0.704967 0.147033 -0.614466
v -1.141907 0.147033 -0.795453
v -1.185004 0.257427 -0.760084
v -1.141907 0.257427 -0.795453
v -0.983903 0.147033 -0.274581
v -0.925396 0.147033 -0.249357
v -0.980880 0.147033 -0.243892
v -1.220373 0.147033 -0.716986
v -1.246655 0.257427 -0.667817
v -1.220373 0.257427 -0.716986
v -0.699502 0.257427 -0.558982
v -0.674277 0.257427 -0.617488
v -1.262839 0.147033 -0.614466
v -1.268303 0.257427 -0.558982
v -1.262839 0.257427 -0.614466
v -1.220373 0.257427 -0.400977
v -1.247570 0.147033 -0.386441
v -1.220373 0.147033 -0.400977
v -1.262839 0.147033 -0.503498
v -1.246655 0.257427 -0.450147
v -1.262839 0.257427 -0.503498
v -0.699502 0.147033 -0.558982
v -0.668813 0.257427 -0.562004
v -1.039387 0.147033 -0.280046
v -1.101690 0.147033 -0.266720
v -1.092738 0.147033 -0.296230
v -1.141907 0.147033 -0.322511
v -1.092738 0.257427 -0.296230
v -1.141907 0.257427 -0.322511
v -1.247570 0.257427 -0.386441
v -0.983903 0.257427 -0.274581
v -1.039387 0.257427 -0.280046
v -1.246655 0.147033 -0.450147
v -1.273851 0.257427 -0.435610
v -0.928419 0.147033 -0.280046
v -0.875067 0.257427 -0.296230
v -0.928419 0.257427 -0.280046
v -0.704967 0.257427 -0.503498
v -0.675457 0.147033 -0.494546
v -0.704967 0.147033 -0.503498
v -0.825898 0.147033 -0.322511
v -0.782801 0.257427 -0.357880
v -0.825898 0.257427 -0.322511
v -1.204568 0.147033 -0.334042
v -0.747432 0.147033 -0.400977
v -0.721151 0.257427 -0.450146
v -0.747432 0.257427 -0.400977
v -0.675457 0.257427 -0.494546
v -1.293528 0.147033 -0.500476
v -0.721151 0.257427 -0.667817
v -0.721151 0.147033 -0.450146
v -0.691641 0.257427 -0.441195
v -0.747432 0.147033 -0.716986
v -0.782801 0.257427 -0.760084
v -0.747432 0.257427 -0.716986
v -1.273851 0.147033 -0.435610
v -0.825898 0.147033 -0.795452
v -0.875067 0.257427 -0.821734
v -0.825898 0.257427 -0.795452
v -0.783688 0.147033 -0.476050
v -0.771356 0.147033 -0.516704
v -1.246655 0.147033 -0.667817
v -1.184118 0.147033 -0.641914
v -1.196450 0.147033 -0.601260
v -1.293528 0.257427 -0.500476
v -0.928419 0.147033 -0.837918
v -0.983903 0.257427 -0.843383
v -0.928419 0.257427 -0.837918
v -0.771356 0.257427 -0.516704
v -0.783688 0.257427 -0.476050
v -1.196450 0.257427 -0.601260
v -1.184118 0.257427 -0.641914
v -1.026181 0.147033 -0.771529
v -0.983903 0.257427 -0.775693
v -1.026181 0.257427 -0.771529
v -1.066835 0.147033 -0.759197
v -1.066835 0.257427 -0.759197
v -1.104301 0.147033 -0.739171
v -1.104301 0.257427 -0.739171
v -1.137141 0.147033 -0.712220
v -1.137141 0.257427 -0.712220
v -1.164092 0.257427 -0.679380
v -1.164092 0.147033 -0.679380
v -1.200614 0.257427 -0.558982
v -1.200614 0.147033 -0.558982
v -1.196450 0.257427 -0.516704
v -1.196450 0.147033 -0.516704
v -1.184118 0.257427 -0.476050
v -1.184118 0.147033 -0.476050
v -1.164092 0.257427 -0.438584
v -1.164092 0.147033 -0.438584
v -1.137141 0.257427 -0.405744
v -1.137141 0.147033 -0.405744
v -1.104301 0.257427 -0.378793
v -1.104301 0.147033 -0.378793
v -1.066835 0.257427 -0.358767
v -1.066835 0.147033 -0.358767
v -1.026181 0.257427 -0.346435
v -1.026181 0.147033 -0.346435
v -0.983903 0.257427 -0.342270
v -0.983903 0.147033 -0.342270
v -0.941625 0.257427 -0.346435
v -0.941625 0.147033 -0.346435
v -0.900971 0.257427 -0.358767
v -0.900971 0.147033 -0.358767
v -0.863505 0.257427 -0.378793
v -0.863505 0.147033 -0.378793
v -0.830665 0.257427 -0.405744
v -0.830665 0.147033 -0.405744
v -0.803714 0.147033 -0.438584
v -0.803714 0.257427 -0.438584
v -0.767191 0.147033 -0.558982
v -0.767191 0.257427 -0.558982
v -0.771356 0.147033 -0.601260
v -0.771356 0.257427 -0.601260
v -0.783688 0.147033 -0.641914
v -0.783688 0.257427 -0.641914
v -0.803714 0.147033 -0.679380
v -0.803714 0.257427 -0.679380
v -0.830665 0.147033 -0.712220
v -0.830665 0.257427 -0.712220
v -0.863505 0.147033 -0.739171
v -0.863505 0.257427 -0.739171
v -0.900971 0.147033 -0.759197
v -0.900971 0.257427 -0.759197
v -0.941625 0.147033 -0.771529
v -0.941625 0.257427 -0.771529
v -0.983903 0.147033 -0.775693
v -0.986925 0.147033 -0.874072
v -1.042409 0.257427 -0.868607
v -0.986925 0.257427 -0.874072
v -1.107275 0.147033 -0.848930
v -1.156444 0.257427 -0.822649
v -1.107275 0.257427 -0.848930
v -1.208842 0.147033 -0.779647
v -1.244211 0.257427 -0.736550
v -1.208842 0.257427 -0.779647
v -1.276165 0.147033 -0.676769
v -1.292349 0.257427 -0.623417
v -1.276165 0.257427 -0.676769
v -1.298993 0.147033 -0.555959
v -1.298993 0.257427 -0.555959
v -1.161471 0.257427 -0.298673
v -1.048338 0.257427 -0.250536
v -1.101690 0.257427 -0.266720
v -0.925396 0.257427 -0.249357
v -0.980880 0.257427 -0.243892
v -0.860531 0.147033 -0.269033
v -0.811361 0.257427 -0.295315
v -0.860531 0.257427 -0.269033
v -0.758963 0.147033 -0.338317
v -0.723594 0.257427 -0.381414
v -0.758963 0.257427 -0.338317
v -0.691641 0.147033 -0.441195
v -0.668813 0.147033 -0.562004
v -0.693954 0.147033 -0.682354
v -0.720236 0.257427 -0.731523
v -0.693954 0.257427 -0.682354
v -0.763238 0.147033 -0.783921
v -0.806335 0.257427 -0.819290
v -0.763238 0.257427 -0.783921
v -0.866116 0.147033 -0.851244
v -0.919467 0.257427 -0.867428
v -0.866116 0.257427 -0.851244
v -0.875067 0.147033 -0.296230
v -0.811361 0.147033 -0.295315
v -0.721151 0.147033 -0.667817
v -1.161471 0.147033 -0.298673
v -0.983903 0.147033 -0.843383
v -0.782801 0.147033 -0.357880
v -0.720236 0.147033 -0.731523
v -1.042409 0.147033 -0.868607
v -0.875067 0.147033 -0.821734
v -0.919467 0.147033 -0.867428
v -0.782801 0.147033 -0.760084
v -1.048338 0.147033 -0.250536
v -1.092738 0.147033 -0.821734
v -0.806335 0.147033 -0.819290
v -1.156444 0.147033 -0.822649
v -1.185004 0.147033 -0.760084
v -1.244211 0.147033 -0.736550
v -1.292349 0.147033 -0.623417
v -1.268303 0.147033 -0.558982
v -0.723594 0.147033 -0.381414
v -0.983903 0.147018 -0.606933
v -0.993258 0.257442 -0.606011
v -0.983903 0.257442 -0.606933
v -0.993258 0.147018 -0.606011
v -1.002253 0.257442 -0.603283
v -1.002253 0.147018 -0.603283
v -1.010543 0.257442 -0.598852
v -1.010543 0.147018 -0.598852
v -1.017809 0.257442 -0.592888
v -1.017809 0.147018 -0.592888
v -1.023773 0.257442 -0.585622
v -1.023773 0.147018 -0.585622
v -1.028204 0.257442 -0.577332
v -1.028204 0.147018 -0.577332
v -1.030932 0.257442 -0.568337
v -1.030932 0.147018 -0.568337
v -1.031854 0.257442 -0.558982
v -1.031854 0.147018 -0.558982
v -1.030932 0.257442 -0.549627
v -1.030932 0.147018 -0.549627
v -1.028204 0.257442 -0.540632
v -1.028204 0.147018 -0.540632
v -1.023773 0.257442 -0.532342
v -1.023773 0.147018 -0.532342
v -1.017809 0.257442 -0.525075
v -1.017809 0.147018 -0.525075
v -1.010543 0.257442 -0.519112
v -1.010543 0.147018 -0.519112
v -1.002253 0.257442 -0.514681
v -1.002253 0.147018 -0.514681
v -0.993258 0.257442 -0.511952
v -0.993258 0.147018 -0.511952
v -0.983903 0.257442 -0.511031
v -0.983903 0.147018 -0.511031
v -0.974548 0.257442 -0.511952
v -0.974548 0.147018 -0.511952
v -0.965553 0.257442 -0.514681
v -0.965553 0.147018 -0.514681
v -0.957263 0.257442 -0.519112
v -0.957263 0.147018 -0.519112
v -0.949996 0.257442 -0.525075
v -0.949996 0.147018 -0.525075
v -0.944033 0.257442 -0.532342
v -0.944033 0.147018 -0.532342
v -0.939602 0.257442 -0.540632
v -0.939602 0.147018 -0.540632
v -0.936873 0.257442 -0.549627
v -0.936873 0.147018 -0.549627
v -0.935952 0.257442 -0.558982
v -0.935952 0.147018 -0.558982
v -0.936873 0.257442 -0.568337
v -0.936873 0.147018 -0.568337
v -0.939602 0.257442 -0.577332
v -0.939602 0.147018 -0.577332
v -0.944033 0.257442 -0.585622
v -0.944033 0.147018 -0.585622
v -0.949996 0.257442 -0.592888
v -0.949996 0.147018 -0.592888
v -0.957263 0.257442 -0.598852
v -0.957263 0.147018 -0.598852
v -0.965553 0.257442 -0.603283
v -0.950146 0.147018 -0.544999
v -0.948067 0.147018 -0.551854
v -1.017660 0.147018 -0.572964
v -1.019739 0.147018 -0.566110
v -0.965553 0.147018 -0.603283
v -0.974548 0.257442 -0.606011
v -0.974548 0.147018 -0.606011
v -0.948067 0.257442 -0.551854
v -0.950146 0.257442 -0.544999
v -1.019739 0.257442 -0.566110
v -1.017660 0.257442 -0.572964
v -0.991031 0.147018 -0.594818
v -0.983903 0.257442 -0.595520
v -0.991031 0.257442 -0.594818
v -0.997885 0.147018 -0.592739
v -0.997885 0.257442 -0.592739
v -1.004202 0.147018 -0.589362
v -1.004202 0.257442 -0.589362
v -1.009739 0.147018 -0.584818
v -1.009739 0.257442 -0.584818
v -1.014283 0.257442 -0.579282
v -1.014283 0.147018 -0.579282
v -1.020441 0.257442 -0.558982
v -1.020441 0.147018 -0.558982
v -1.019739 0.257442 -0.551854
v -1.019739 0.147018 -0.551854
v -1.017660 0.257442 -0.544999
v -1.017660 0.147018 -0.544999
v -1.014283 0.257442 -0.538682
v -1.014283 0.147018 -0.538682
v -1.009739 0.257442 -0.533145
v -1.009739 0.147018 -0.533145
v -1.004202 0.257442 -0.528601
v -1.004202 0.147018 -0.528601
v -0.997885 0.257442 -0.525225
v -0.997885 0.147018 -0.525225
v -0.991031 0.257442 -0.523146
v -0.991031 0.147018 -0.523146
v -0.983903 0.257442 -0.522443
v -0.983903 0.147018 -0.522443
v -0.976775 0.257442 -0.523146
v -0.976775 0.147018 -0.523146
v -0.969920 0.257442 -0.525225
v -0.969920 0.147018 -0.525225
v -0.963603 0.257442 -0.528601
v -0.963603 0.147018 -0.528601
v -0.958066 0.257442 -0.533145
v -0.958066 0.147018 -0.533145
v -0.953522 0.147018 -0.538682
v -0.953522 0.257442 -0.538682
v -0.947364 0.147018 -0.558982
v -0.947364 0.257442 -0.558982
v -0.948067 0.147018 -0.566110
v -0.948067 0.257442 -0.566110
v -0.950146 0.147018 -0.572964
v -0.950146 0.257442 -0.572964
v -0.953522 0.147018 -0.579282
v -0.953522 0.257442 -0.579282
v -0.958066 0.147018 -0.584818
v -0.958066 0.257442 -0.584818
v -0.963603 0.147018 -0.589362
v -0.963603 0.257442 -0.589362
v -0.969920 0.147018 -0.592739
v -0.969920 0.257442 -0.592739
v -0.976775 0.147018 -0.594818
v -0.976775 0.257442 -0.594818
v -0.983903 0.147018 -0.595520
v -0.740696 0.254302 -0.542386
v -0.944843 0.254302 -0.575137
v -0.944843 0.254302 -0.542386
v -0.740696 0.150158 -0.575137
v -0.944843 0.150158 -0.575137
v -0.944843 0.150158 -0.542386
v -0.740696 0.150158 -0.542386
v -0.740696 0.254302 -0.575137
v -1.022677 0.254302 -0.572968
v -1.143872 0.254302 -0.740479
v -1.167030 0.254302 -0.717321
v -0.999519 0.254302 -0.596126
v -1.143872 0.150158 -0.740479
v -0.999519 0.150158 -0.596126
v -1.167030 0.150158 -0.717321
v -1.022677 0.150158 -0.572968
v -0.999519 0.254302 -0.519542
v -1.167030 0.254302 -0.398347
v -1.143872 0.254302 -0.375189
v -1.022677 0.254302 -0.542700
v -1.167030 0.150158 -0.398347
v -1.022677 0.150158 -0.542700
v -1.143872 0.150158 -0.375189
v -0.999519 0.150158 -0.519542
v -0.864729 0.254302 -0.344412
v -0.980687 0.254302 -0.515590
v -0.894411 0.254302 -0.330571
v -0.894411 0.150158 -0.330571
v -0.951005 0.150158 -0.529431
v -0.864729 0.150158 -0.344412
v -0.980687 0.150158 -0.515590
v -0.894411 0.254302 -0.788543
v -0.951005 0.254302 -0.589683
v -0.864729 0.254302 -0.774702
v -0.864729 0.150158 -0.774702
v -0.980687 0.150158 -0.603524
v -0.894411 0.150158 -0.788543
v -0.951005 0.150158 -0.589683
v -0.951005 0.254302 -0.529431
v -0.980687 0.254302 -0.603524
vt 0.220825 0.307216
vt 0.220825 0.183760
vt 0.220825 0.183760
vt 0.305701 0.307216
vt 0.297985 0.183760
vt 0.305701 0.183760
vt 0.120517 0.183760
vt 0.120517 0.307216
vt 0.120517 0.307216
vt 0.290269 0.307216
vt 0.282553 0.183760
vt 0.290269 0.183760
vt 0.128233 0.062773
vt 0.116672 0.063912
vt 0.128233 0.062773
vt 0.274837 0.307216
vt 0.267121 0.183760
vt 0.274837 0.183760
vt 0.192430 0.122032
vt 0.193569 0.133593
vt 0.193569 0.133593
vt 0.259405 0.307216
vt 0.251689 0.183760
vt 0.259405 0.183760
vt 0.228541 0.183760
vt 0.228541 0.307216
vt 0.228541 0.307216
vt 0.243973 0.307216
vt 0.236257 0.183760
vt 0.243973 0.183760
vt 0.128233 0.307216
vt 0.128233 0.183760
vt 0.128233 0.183760
vt 0.139794 0.063912
vt 0.150910 0.067284
vt 0.150910 0.067284
vt 0.213109 0.307216
vt 0.205393 0.183760
vt 0.213109 0.183760
vt 0.306437 0.099355
vt 0.300961 0.089109
vt 0.300961 0.089109
vt 0.197677 0.307216
vt 0.189961 0.183760
vt 0.197677 0.183760
vt 0.236257 0.307216
vt 0.236257 0.183760
vt 0.182245 0.307216
vt 0.174529 0.183760
vt 0.182245 0.183760
vt 0.135949 0.183760
vt 0.135949 0.307216
vt 0.135949 0.307216
vt 0.166813 0.307216
vt 0.159097 0.183760
vt 0.166813 0.183760
vt 0.161155 0.072760
vt 0.170135 0.080130
vt 0.170135 0.080130
vt 0.151381 0.307216
vt 0.143665 0.183760
vt 0.151381 0.183760
vt 0.196941 0.099355
vt 0.193569 0.110471
vt 0.193569 0.110471
vt 0.243973 0.307216
vt 0.112801 0.183760
vt 0.143665 0.307216
vt 0.143665 0.183760
vt 0.105085 0.307216
vt 0.097369 0.183760
vt 0.105085 0.183760
vt 0.177505 0.089109
vt 0.182981 0.099355
vt 0.182981 0.099355
vt 0.089653 0.307216
vt 0.081937 0.183760
vt 0.089653 0.183760
vt 0.073485 0.099355
vt 0.086515 0.104752
vt 0.083946 0.113223
vt 0.182981 0.144709
vt 0.169950 0.139312
vt 0.172520 0.130841
vt 0.310948 0.122032
vt 0.309809 0.110471
vt 0.309809 0.110471
vt 0.074221 0.307216
vt 0.066505 0.183760
vt 0.074221 0.183760
vt 0.207402 0.113223
vt 0.209971 0.104752
vt 0.309809 0.133593
vt 0.295976 0.130841
vt 0.293407 0.139312
vt 0.305701 0.291734
vt 0.313417 0.199242
vt 0.305701 0.199242
vt 0.297985 0.291734
vt 0.297985 0.199242
vt 0.290269 0.291734
vt 0.290269 0.199242
vt 0.282553 0.291734
vt 0.282553 0.199242
vt 0.274837 0.199242
vt 0.274837 0.291734
vt 0.267121 0.199242
vt 0.267121 0.291734
vt 0.259405 0.199242
vt 0.259405 0.291734
vt 0.251689 0.199242
vt 0.251689 0.291734
vt 0.243973 0.199242
vt 0.243973 0.291734
vt 0.236257 0.199242
vt 0.236257 0.291734
vt 0.228541 0.199242
vt 0.228541 0.291734
vt 0.220825 0.199242
vt 0.220825 0.291734
vt 0.213109 0.199242
vt 0.213109 0.291734
vt 0.205393 0.199242
vt 0.205393 0.291734
vt 0.197677 0.199242
vt 0.197677 0.291734
vt 0.189961 0.199242
vt 0.189961 0.291734
vt 0.182245 0.199242
vt 0.182245 0.291734
vt 0.174529 0.199242
vt 0.174529 0.291734
vt 0.166813 0.199242
vt 0.166813 0.291734
vt 0.159097 0.199242
vt 0.159097 0.291734
vt 0.151381 0.291734
vt 0.151381 0.199242
vt 0.143665 0.291734
vt 0.143665 0.199242
vt 0.135949 0.291734
vt 0.135949 0.199242
vt 0.128233 0.291734
vt 0.128233 0.199242
vt 0.120517 0.291734
vt 0.120517 0.199242
vt 0.112801 0.291734
vt 0.112801 0.199242
vt 0.105085 0.291734
vt 0.105085 0.199242
vt 0.097369 0.291734
vt 0.097369 0.199242
vt 0.089653 0.291734
vt 0.089653 0.199242
vt 0.081937 0.291734
vt 0.081937 0.199242
vt 0.074221 0.291734
vt 0.074221 0.199242
vt 0.066505 0.291734
vt 0.066505 0.199242
vt 0.313417 0.307216
vt 0.305701 0.183760
vt 0.313417 0.183760
vt 0.297985 0.307216
vt 0.290269 0.183760
vt 0.297985 0.183760
vt 0.282553 0.307216
vt 0.274837 0.183760
vt 0.282553 0.183760
vt 0.267121 0.307216
vt 0.259405 0.183760
vt 0.267121 0.183760
vt 0.251689 0.307216
vt 0.243973 0.183760
vt 0.251689 0.183760
vt 0.236257 0.307216
vt 0.228541 0.183760
vt 0.220825 0.307216
vt 0.213109 0.183760
vt 0.205393 0.307216
vt 0.197677 0.183760
vt 0.205393 0.183760
vt 0.189961 0.307216
vt 0.182245 0.183760
vt 0.189961 0.183760
vt 0.174529 0.307216
vt 0.166813 0.183760
vt 0.174529 0.183760
vt 0.159097 0.307216
vt 0.151381 0.183760
vt 0.159097 0.183760
vt 0.143665 0.307216
vt 0.135949 0.183760
vt 0.128233 0.307216
vt 0.120517 0.183760
vt 0.112801 0.307216
vt 0.105085 0.183760
vt 0.112801 0.183760
vt 0.097369 0.307216
vt 0.089653 0.183760
vt 0.097369 0.183760
vt 0.081937 0.307216
vt 0.074221 0.183760
vt 0.081937 0.183760
vt 0.293591 0.080130
vt 0.284611 0.072760
vt 0.284611 0.072760
vt 0.105555 0.067284
vt 0.095310 0.072760
vt 0.105555 0.067284
vt 0.112801 0.307216
vt 0.213109 0.307216
vt 0.066505 0.307216
vt 0.066505 0.183760
vt 0.202417 0.154954
vt 0.196941 0.144709
vt 0.202417 0.154954
vt 0.078961 0.089109
vt 0.086330 0.080130
vt 0.086330 0.080130
vt 0.251689 0.181291
vt 0.263250 0.180152
vt 0.263250 0.180152
vt 0.105085 0.307216
vt 0.205393 0.307216
vt 0.305701 0.307216
vt 0.105555 0.176780
vt 0.116672 0.180152
vt 0.105555 0.176780
vt 0.263250 0.063912
vt 0.274366 0.067284
vt 0.263250 0.063912
vt 0.070113 0.110471
vt 0.073485 0.099355
vt 0.097369 0.307216
vt 0.197677 0.307216
vt 0.297985 0.307216
vt 0.209786 0.163934
vt 0.218766 0.171304
vt 0.218766 0.171304
vt 0.274366 0.176780
vt 0.284611 0.171304
vt 0.284611 0.171304
vt 0.089653 0.307216
vt 0.189961 0.307216
vt 0.070113 0.133593
vt 0.068974 0.122032
vt 0.068974 0.122032
vt 0.290269 0.307216
vt 0.139794 0.180152
vt 0.128233 0.181291
vt 0.128233 0.181291
vt 0.251689 0.062773
vt 0.240128 0.063912
vt 0.240128 0.063912
vt 0.081937 0.307216
vt 0.182245 0.307216
vt 0.078961 0.154954
vt 0.073485 0.144709
vt 0.073485 0.144709
vt 0.282553 0.307216
vt 0.161155 0.171304
vt 0.150910 0.176780
vt 0.150910 0.176780
vt 0.229011 0.176780
vt 0.240128 0.180152
vt 0.240128 0.180152
vt 0.293591 0.163934
vt 0.300961 0.154954
vt 0.300961 0.154954
vt 0.074221 0.307216
vt 0.174529 0.307216
vt 0.274837 0.307216
vt 0.177505 0.154954
vt 0.170135 0.163934
vt 0.170135 0.163934
vt 0.229011 0.067284
vt 0.218766 0.072760
vt 0.218766 0.072760
vt 0.095310 0.171304
vt 0.086330 0.163934
vt 0.086330 0.163934
vt 0.166813 0.307216
vt 0.267121 0.307216
vt 0.186353 0.133593
vt 0.182981 0.144709
vt 0.306437 0.144709
vt 0.309809 0.133593
vt 0.159097 0.307216
vt 0.259405 0.307216
vt 0.209786 0.080130
vt 0.202417 0.089109
vt 0.202417 0.089109
vt 0.186353 0.110471
vt 0.187492 0.122032
vt 0.187492 0.122032
vt 0.151381 0.307216
vt 0.251689 0.307216
vt 0.313417 0.307216
vt 0.305701 0.183760
vt 0.313417 0.183760
vt 0.305701 0.307216
vt 0.297985 0.183760
vt 0.297985 0.307216
vt 0.290269 0.183760
vt 0.290269 0.307216
vt 0.282553 0.183760
vt 0.282553 0.307216
vt 0.274837 0.183760
vt 0.274837 0.307216
vt 0.267121 0.183760
vt 0.267121 0.307216
vt 0.259405 0.183760
vt 0.259405 0.307216
vt 0.251689 0.183760
vt 0.251689 0.307216
vt 0.243973 0.183760
vt 0.243973 0.307216
vt 0.236257 0.183760
vt 0.236257 0.307216
vt 0.228541 0.183760
vt 0.228541 0.307216
vt 0.220825 0.183760
vt 0.220825 0.307216
vt 0.213109 0.183760
vt 0.213109 0.307216
vt 0.205393 0.183760
vt 0.205393 0.307216
vt 0.197677 0.183760
vt 0.197677 0.307216
vt 0.189961 0.183760
vt 0.189961 0.307216
vt 0.182245 0.183760
vt 0.182245 0.307216
vt 0.174529 0.183760
vt 0.174529 0.307216
vt 0.166813 0.183760
vt 0.166813 0.307216
vt 0.159097 0.183760
vt 0.159097 0.307216
vt 0.151381 0.183760
vt 0.151381 0.307216
vt 0.143665 0.183760
vt 0.143665 0.307216
vt 0.135949 0.183760
vt 0.135949 0.307216
vt 0.128233 0.183760
vt 0.128233 0.307216
vt 0.120517 0.183760
vt 0.120517 0.307216
vt 0.112801 0.183760
vt 0.112801 0.307216
vt 0.105085 0.183760
vt 0.105085 0.307216
vt 0.097369 0.183760
vt 0.097369 0.307216
vt 0.089653 0.183760
vt 0.089653 0.307216
vt 0.081937 0.183760
vt 0.073485 0.099355
vt 0.086515 0.104752
vt 0.083946 0.113223
vt 0.182981 0.144709
vt 0.169950 0.139312
vt 0.172520 0.130841
vt 0.081937 0.307216
vt 0.074221 0.183760
vt 0.074221 0.307216
vt 0.066505 0.183760
vt 0.193569 0.110471
vt 0.207402 0.113223
vt 0.209971 0.104752
vt 0.309809 0.133593
vt 0.295976 0.130841
vt 0.293407 0.139312
vt 0.305701 0.291734
vt 0.313417 0.199242
vt 0.305701 0.199242
vt 0.297985 0.291734
vt 0.297985 0.199242
vt 0.290269 0.291734
vt 0.290269 0.199242
vt 0.282553 0.291734
vt 0.282553 0.199242
vt 0.274837 0.199242
vt 0.274837 0.291734
vt 0.267121 0.199242
vt 0.267121 0.291734
vt 0.259405 0.199242
vt 0.259405 0.291734
vt 0.251689 0.199242
vt 0.251689 0.291734
vt 0.243973 0.199242
vt 0.243973 0.291734
vt 0.236257 0.199242
vt 0.236257 0.291734
vt 0.228541 0.199242
vt 0.228541 0.291734
vt 0.220825 0.199242
vt 0.220825 0.291734
vt 0.213109 0.199242
vt 0.213109 0.291734
vt 0.205393 0.199242
vt 0.205393 0.291734
vt 0.197677 0.199242
vt 0.197677 0.291734
vt 0.189961 0.199242
vt 0.189961 0.291734
vt 0.182245 0.199242
vt 0.182245 0.291734
vt 0.174529 0.199242
vt 0.174529 0.291734
vt 0.166813 0.199242
vt 0.166813 0.291734
vt 0.159097 0.199242
vt 0.159097 0.291734
vt 0.151381 0.291734
vt 0.151381 0.199242
vt 0.143665 0.291734
vt 0.143665 0.199242
vt 0.135949 0.291734
vt 0.135949 0.199242
vt 0.128233 0.291734
vt 0.128233 0.199242
vt 0.120517 0.291734
vt 0.120517 0.199242
vt 0.112801 0.291734
vt 0.112801 0.199242
vt 0.105085 0.291734
vt 0.105085 0.199242
vt 0.097369 0.291734
vt 0.097369 0.199242
vt 0.089653 0.291734
vt 0.089653 0.199242
vt 0.081937 0.291734
vt 0.081937 0.199242
vt 0.074221 0.291734
vt 0.074221 0.199242
vt 0.066505 0.291734
vt 0.066505 0.199242
vt 0.220825 0.060304
vt 0.159097 0.122032
vt 0.159097 0.060304
vt 0.220825 0.183760
vt 0.159097 0.183760
vt 0.159097 0.245488
vt 0.220825 0.245488
vt 0.159097 0.307216
vt 0.097369 0.245488
vt 0.097369 0.183760
vt 0.282553 0.183760
vt 0.220825 0.060304
vt 0.159097 0.122032
vt 0.159097 0.060304
vt 0.220825 0.122032
vt 0.159097 0.183760
vt 0.220825 0.183760
vt 0.159097 0.245488
vt 0.220825 0.245488
vt 0.159097 0.307216
vt 0.097369 0.245488
vt 0.097369 0.183760
vt 0.282553 0.183760
vt 0.220825 0.060304
vt 0.159097 0.122032
vt 0.159097 0.060304
vt 0.220825 0.122032
vt 0.159097 0.183760
vt 0.220825 0.183760
vt 0.159097 0.245488
vt 0.220825 0.245488
vt 0.159097 0.307216
vt 0.097369 0.245488
vt 0.097369 0.183760
vt 0.282553 0.183760
vt 0.159097 0.060304
vt 0.220825 0.122032
vt 0.159097 0.122032
vt 0.159097 0.183760
vt 0.220825 0.245488
vt 0.159097 0.245488
vt 0.159097 0.307216
vt 0.097369 0.245488
vt 0.097369 0.183760
vt 0.282553 0.183760
vt 0.220825 0.183760
vt 0.159097 0.060304
vt 0.220825 0.122032
vt 0.159097 0.122032
vt 0.159097 0.183760
vt 0.220825 0.245488
vt 0.159097 0.245488
vt 0.159097 0.307216
vt 0.097369 0.245488
vt 0.097369 0.183760
vt 0.282553 0.183760
vt 0.220825 0.183760
vt 0.116672 0.063912
vt 0.192430 0.122032
vt 0.139794 0.063912
vt 0.306437 0.099355
vt 0.161155 0.072760
vt 0.196941 0.099355
vt 0.177505 0.089109
vt 0.137042 0.166319
vt 0.145513 0.163750
vt 0.128233 0.167187
vt 0.116672 0.180152
vt 0.119423 0.166319
vt 0.110953 0.163750
vt 0.103146 0.159577
vt 0.096304 0.153961
vt 0.090688 0.147119
vt 0.083946 0.130841
vt 0.070113 0.110471
vt 0.083078 0.122032
vt 0.090688 0.096945
vt 0.096304 0.090103
vt 0.095310 0.072760
vt 0.103146 0.084487
vt 0.110953 0.080314
vt 0.119423 0.077745
vt 0.128233 0.076877
vt 0.137042 0.077745
vt 0.153320 0.084487
vt 0.160162 0.090103
vt 0.165778 0.096945
vt 0.169950 0.104752
vt 0.145513 0.080314
vt 0.086515 0.139312
vt 0.172520 0.113223
vt 0.173388 0.122032
vt 0.165778 0.147119
vt 0.160162 0.153961
vt 0.153320 0.159577
vt 0.310948 0.122032
vt 0.219760 0.090103
vt 0.226602 0.084487
vt 0.214144 0.096945
vt 0.206534 0.122032
vt 0.207402 0.130841
vt 0.196941 0.144709
vt 0.209971 0.139312
vt 0.214144 0.147119
vt 0.219760 0.153961
vt 0.226602 0.159577
vt 0.234409 0.163750
vt 0.242879 0.166319
vt 0.251689 0.167187
vt 0.260498 0.166319
vt 0.268969 0.163750
vt 0.283618 0.153961
vt 0.289234 0.147119
vt 0.296843 0.122032
vt 0.295976 0.113223
vt 0.293406 0.104752
vt 0.289234 0.096945
vt 0.283618 0.090103
vt 0.276776 0.084487
vt 0.274366 0.067284
vt 0.268969 0.080314
vt 0.251689 0.076877
vt 0.242879 0.077745
vt 0.234409 0.080314
vt 0.260498 0.077745
vt 0.276776 0.159577
vt 0.313417 0.291734
vt 0.293591 0.080130
vt 0.066505 0.307216
vt 0.078961 0.089109
vt 0.251689 0.181291
vt 0.209786 0.163934
vt 0.274366 0.176780
vt 0.070113 0.133593
vt 0.139794 0.180152
vt 0.251689 0.062773
vt 0.078961 0.154954
vt 0.161155 0.171304
vt 0.229011 0.176780
vt 0.293591 0.163934
vt 0.177505 0.154954
vt 0.229011 0.067284
vt 0.095310 0.171304
vt 0.186353 0.133593
vt 0.306437 0.144709
vt 0.209786 0.080130
vt 0.186353 0.110471
vt 0.137042 0.166319
vt 0.145513 0.163750
vt 0.150910 0.176780
vt 0.139794 0.180152
vt 0.128233 0.181291
vt 0.128233 0.167187
vt 0.116672 0.180152
vt 0.119423 0.166319
vt 0.105555 0.176780
vt 0.095310 0.171304
vt 0.110953 0.163750
vt 0.086330 0.163934
vt 0.103146 0.159577
vt 0.078961 0.154954
vt 0.096304 0.153961
vt 0.073485 0.144709
vt 0.090688 0.147119
vt 0.070113 0.133593
vt 0.083946 0.130841
vt 0.068974 0.122032
vt 0.070113 0.110471
vt 0.083078 0.122032
vt 0.078961 0.089109
vt 0.090688 0.096945
vt 0.086330 0.080130
vt 0.096304 0.090103
vt 0.095310 0.072760
vt 0.103146 0.084487
vt 0.105555 0.067284
vt 0.110953 0.080314
vt 0.116672 0.063912
vt 0.119423 0.077745
vt 0.128233 0.062773
vt 0.128233 0.076877
vt 0.139794 0.063912
vt 0.137042 0.077745
vt 0.150910 0.067284
vt 0.161155 0.072760
vt 0.153320 0.084487
vt 0.170135 0.080130
vt 0.160162 0.090103
vt 0.177505 0.089109
vt 0.182981 0.099355
vt 0.165778 0.096945
vt 0.169950 0.104752
vt 0.145513 0.080314
vt 0.086515 0.139312
vt 0.172520 0.113223
vt 0.186353 0.110471
vt 0.187492 0.122032
vt 0.173388 0.122032
vt 0.186353 0.133593
vt 0.177505 0.154954
vt 0.165778 0.147119
vt 0.170135 0.163934
vt 0.160162 0.153961
vt 0.161155 0.171304
vt 0.153320 0.159577
vt 0.066505 0.307216
vt 0.219760 0.090103
vt 0.226602 0.084487
vt 0.218766 0.072760
vt 0.209786 0.080130
vt 0.202417 0.089109
vt 0.214144 0.096945
vt 0.196941 0.099355
vt 0.192430 0.122032
vt 0.206534 0.122032
vt 0.193569 0.133593
vt 0.207402 0.130841
vt 0.196941 0.144709
vt 0.202417 0.154954
vt 0.209971 0.139312
vt 0.214144 0.147119
vt 0.219760 0.153961
vt 0.209786 0.163934
vt 0.218766 0.171304
vt 0.226602 0.159577
vt 0.229011 0.176780
vt 0.234409 0.163750
vt 0.240128 0.180152
vt 0.251689 0.181291
vt 0.242879 0.166319
vt 0.263250 0.180152
vt 0.251689 0.167187
vt 0.274366 0.176780
vt 0.260498 0.166319
vt 0.284611 0.171304
vt 0.268969 0.163750
vt 0.293591 0.163934
vt 0.283618 0.153961
vt 0.300961 0.154954
vt 0.306437 0.144709
vt 0.289234 0.147119
vt 0.310948 0.122032
vt 0.296843 0.122032
vt 0.309809 0.110471
vt 0.295976 0.113223
vt 0.306437 0.099355
vt 0.293406 0.104752
vt 0.300961 0.089109
vt 0.289234 0.096945
vt 0.293591 0.080130
vt 0.283618 0.090103
vt 0.284611 0.072760
vt 0.276776 0.084487
vt 0.274366 0.067284
vt 0.268969 0.080314
vt 0.263250 0.063912
vt 0.251689 0.062773
vt 0.251689 0.076877
vt 0.240128 0.063912
vt 0.242879 0.077745
vt 0.229011 0.067284
vt 0.234409 0.080314
vt 0.260498 0.077745
vt 0.276776 0.159577
vt 0.313417 0.291734
vt 0.220825 0.122032
vt 0.220825 0.307216
vt 0.282553 0.245488
vt 0.220825 0.307216
vt 0.282553 0.245488
vt 0.220825 0.307216
vt 0.282553 0.245488
vt 0.220825 0.060304
vt 0.220825 0.307216
vt 0.282553 0.245488
vt 0.220825 0.060304
vt 0.220825 0.307216
vt 0.282553 0.245488
vn -0.7730 0.0000 -0.6344
vn -0.2903 0.0000 -0.9569
vn -0.0980 0.0000 -0.9952
vn -0.6344 0.0000 -0.7730
vn -0.0000 -1.0000 -0.0000
vn -0.8819 0.0000 -0.4714
vn 0.0000 1.0000 -0.0000
vn -0.9952 0.0000 -0.0980
vn 0.4714 0.0000 0.8819
vn -0.9569 0.0000 0.2903
vn 0.0980 0.0000 0.9952
vn -0.7730 0.0000 0.6344
vn -0.4714 0.0000 0.8819
vn -0.0980 0.0000 0.9952
vn -0.4714 0.0000 -0.8819
vn 0.2903 0.0000 0.9569
vn 0.2903 0.0000 -0.9569
vn 0.6344 0.0000 0.7730
vn 0.8819 0.0000 0.4714
vn 0.9952 0.0000 0.0980
vn 0.9569 0.0000 -0.2903
vn -0.2903 0.0000 0.9569
vn 0.7730 0.0000 -0.6344
vn 0.4714 0.0000 -0.8819
vn 0.0980 0.0000 -0.9952
vn 0.7730 0.0000 0.6344
vn 0.9569 0.0000 0.2903
vn 0.9952 0.0000 -0.0980
vn 0.8819 0.0000 -0.4714
vn 0.6344 0.0000 -0.7730
vn -0.9569 0.0000 -0.2903
vn -0.9952 0.0000 0.0980
vn -0.8819 0.0000 0.4714
vn -0.6344 0.0000 0.7730
vn 0.0000 0.0000 -1.0000
vn 0.0000 0.0000 1.0000
vn -1.0000 0.0000 0.0000
vn 1.0000 0.0000 0.0000
vn 0.7071 0.0000 -0.7071
vn -0.7071 0.0000 0.7071
vn -0.7071 0.0000 -0.7071
vn 0.7071 0.0000 0.7071
vn -0.9063 0.0000 0.4226
vn 0.9063 0.0000 -0.4226
vn 0.4226 0.0000 0.9063
vn -0.4226 0.0000 -0.9063
vn 0.9063 0.0000 0.4226
vn -0.9063 0.0000 -0.4226
vn 0.4226 0.0000 -0.9063
vn -0.4226 0.0000 0.9063
usemtl None.001
s 1
f 369/733/57 370/734/57 371/735/57
f 372/736/58 373/737/58 374/738/58
f 375/739/59 376/740/59 377/741/59
f 378/742/60 379/743/60 380/744/60
f 381/745/61 382/746/61 383/747/61
f 384/748/62 385/749/62 386/750/62
f 387/751/63 388/752/63 375/753/63
f 389/754/64 390/755/64 391/756/64
f 392/757/65 393/758/65 394/759/65
f 395/760/66 396/761/66 397/762/66
f 398/763/67 399/764/67 387/765/67
f 394/759/68 371/735/68 392/757/68
f 400/766/61 401/767/61 402/768/61
f 403/769/69 404/770/69 405/771/69
f 396/772/63 406/773/63 392/774/63
f 400/775/70 407/776/70 408/777/70
f 409/778/71 410/779/71 396/761/71
f 411/780/72 412/781/72 413/782/72
f 414/783/73 415/784/73 416/785/73
f 417/786/74 418/787/74 419/788/74
f 403/789/61 420/790/61 369/791/61
f 421/792/75 422/793/75 423/794/75
f 422/795/63 424/796/63 414/797/63
f 416/785/76 387/765/76 414/783/76
f 397/762/67 425/798/67 395/760/67
f 377/741/77 426/799/77 375/739/77
f 427/800/78 428/801/78 422/793/78
f 429/802/79 430/803/79 431/804/79
f 394/805/61 432/806/61 409/807/61
f 433/808/80 434/809/80 435/810/80
f 427/811/61 436/812/61 437/813/61
f 438/814/61 439/815/61 440/816/61
f 390/817/63 441/818/63 397/819/63
f 442/820/81 443/821/81 444/822/81
f 414/797/63 445/823/63 446/824/63
f 391/825/63 447/826/63 448/827/63
f 449/828/67 450/829/67 451/830/67
f 452/831/72 451/830/72 453/832/72
f 454/833/65 453/832/65 455/834/65
f 456/835/74 455/834/74 457/836/74
f 456/835/82 458/837/82 459/838/82
f 459/838/75 448/839/75 439/840/75
f 439/840/83 447/841/83 440/842/83
f 440/842/76 460/843/76 461/844/76
f 461/844/84 462/845/84 463/846/84
f 463/846/77 464/847/77 465/848/77
f 465/848/85 466/849/85 467/850/85
f 467/850/79 468/851/79 469/852/79
f 469/852/86 470/853/86 471/854/86
f 471/854/80 472/855/80 473/856/80
f 473/856/73 474/857/73 475/858/73
f 475/858/81 476/859/81 477/860/81
f 477/860/59 478/861/59 479/862/59
f 479/862/58 480/863/58 481/864/58
f 481/864/71 482/865/71 483/866/71
f 483/866/60 484/867/60 485/868/60
f 486/869/57 484/867/57 487/870/57
f 436/871/62 487/870/62 446/872/62
f 437/873/87 446/872/87 445/874/87
f 488/875/64 445/874/64 489/876/64
f 490/877/88 489/876/88 491/878/88
f 492/879/66 491/878/66 493/880/66
f 494/881/89 493/880/89 495/882/89
f 496/883/68 495/882/68 497/884/68
f 498/885/90 497/884/90 499/886/90
f 500/887/69 499/886/69 501/888/69
f 502/889/78 501/888/78 503/890/78
f 504/891/70 503/890/70 450/892/70
f 505/893/59 506/894/59 507/895/59
f 508/896/71 509/897/71 510/898/71
f 511/899/57 512/900/57 513/901/57
f 514/902/87 515/903/87 516/904/87
f 517/905/88 441/906/88 518/907/88
f 432/908/89 406/909/89 410/779/89
f 420/910/90 519/911/90 370/734/90
f 401/912/78 520/913/78 521/914/78
f 383/915/67 522/916/67 523/917/67
f 524/918/65 525/919/65 526/920/65
f 527/921/82 528/922/82 529/923/82
f 530/924/83 424/925/83 428/801/83
f 531/926/84 388/927/84 399/764/84
f 532/928/85 533/929/85 534/930/85
f 535/931/86 536/932/86 537/933/86
f 538/934/73 539/935/73 540/936/73
f 371/937/63 519/938/63 405/939/63
f 541/940/61 542/941/61 524/942/61
f 543/943/65 534/930/65 426/799/65
f 405/771/82 544/944/82 403/769/82
f 545/945/84 507/946/84 443/821/84
f 431/947/63 534/948/63 533/949/63
f 421/950/61 527/951/61 546/952/61
f 443/953/63 506/954/63 374/955/63
f 431/804/71 547/956/71 429/802/71
f 402/957/87 521/914/87 404/770/87
f 374/738/88 548/958/88 372/736/88
f 549/959/61 550/960/61 538/961/61
f 408/962/63 521/963/63 520/964/63
f 427/811/61 415/965/61 530/966/61
f 551/967/82 537/933/82 430/803/82
f 408/777/83 552/968/83 400/775/83
f 553/969/85 510/898/85 373/737/85
f 430/970/63 536/971/63 435/972/63
f 373/973/63 509/974/63 380/975/63
f 435/810/57 554/976/57 433/808/57
f 381/977/88 523/917/88 407/776/88
f 377/978/61 531/979/61 398/980/61
f 380/744/89 555/981/89 378/742/89
f 372/982/61 505/983/61 545/984/61
f 407/985/63 522/986/63 413/987/63
f 549/988/83 540/936/83 434/809/83
f 413/782/84 382/989/84 411/780/84
f 429/990/61 532/991/61 543/992/61
f 556/993/86 513/901/86 379/743/86
f 378/994/61 508/995/61 553/996/61
f 434/997/63 539/998/63 444/999/63
f 379/1000/63 512/1001/63 386/1002/63
f 444/822/87 550/1003/87 442/820/87
f 541/1004/89 526/920/89 412/781/89
f 386/750/90 557/1005/90 384/748/90
f 384/1006/61 511/1007/61 556/1008/61
f 412/1009/63 525/1010/63 419/1011/63
f 433/1012/61 535/1013/61 551/1014/61
f 419/788/85 542/1015/85 417/786/85
f 438/1016/73 516/904/73 385/749/73
f 389/1017/61 514/1018/61 438/814/61
f 385/1019/63 515/1020/63 391/825/63
f 546/1021/90 529/923/90 418/787/90
f 391/756/78 558/1022/78 389/754/78
f 418/1023/63 528/1024/63 423/1025/63
f 395/1026/61 517/1027/61 559/1028/61
f 423/794/86 560/1029/86 421/792/86
f 559/1030/59 518/907/59 390/755/59
f 561/1031/59 562/1032/59 563/1033/59
f 564/1034/58 565/1035/58 562/1032/58
f 566/1036/71 567/1037/71 565/1035/71
f 568/1038/60 569/1039/60 567/1037/60
f 570/1040/57 571/1041/57 569/1039/57
f 572/1042/62 573/1043/62 571/1041/62
f 574/1044/87 575/1045/87 573/1043/87
f 576/1046/64 577/1047/64 575/1045/64
f 578/1048/88 579/1049/88 577/1047/88
f 580/1050/66 581/1051/66 579/1049/66
f 582/1052/89 583/1053/89 581/1051/89
f 584/1054/68 585/1055/68 583/1053/68
f 586/1056/90 587/1057/90 585/1055/90
f 588/1058/69 589/1059/69 587/1057/69
f 590/1060/78 591/1061/78 589/1059/78
f 592/1062/70 593/1063/70 591/1061/70
f 594/1064/67 595/1065/67 593/1063/67
f 596/1066/72 597/1067/72 595/1065/72
f 598/1068/65 599/1069/65 597/1067/65
f 600/1070/74 601/1071/74 599/1069/74
f 602/1072/82 603/1073/82 601/1071/82
f 604/1074/75 605/1075/75 603/1073/75
f 606/1076/83 607/1077/83 605/1075/83
f 608/1078/76 609/1079/76 607/1077/76
f 610/1080/84 611/1081/84 609/1079/84
f 612/1082/77 613/1083/77 611/1081/77
f 614/1084/85 615/1085/85 613/1083/85
f 616/1086/79 617/1087/79 615/1085/79
f 618/1088/86 619/1089/86 617/1087/86
f 620/1090/80 621/1091/80 619/1089/80
f 606/1092/61 622/1093/61 623/1094/61
f 574/1095/61 624/1096/61 625/1097/61
f 626/1098/73 627/1099/73 621/1091/73
f 628/1100/81 563/1101/81 627/1099/81
f 607/1102/63 629/1103/63 630/1104/63
f 575/1105/63 631/1106/63 632/1107/63
f 633/1108/67 634/1109/67 635/1110/67
f 636/1111/72 635/1110/72 637/1112/72
f 638/1113/65 637/1112/65 639/1114/65
f 640/1115/74 639/1114/74 641/1116/74
f 640/1115/82 642/1117/82 643/1118/82
f 643/1118/75 632/1119/75 624/1120/75
f 624/1120/83 631/1121/83 625/1122/83
f 625/1122/76 644/1123/76 645/1124/76
f 645/1124/84 646/1125/84 647/1126/84
f 647/1126/77 648/1127/77 649/1128/77
f 649/1128/85 650/1129/85 651/1130/85
f 651/1130/79 652/1131/79 653/1132/79
f 653/1132/86 654/1133/86 655/1134/86
f 655/1134/80 656/1135/80 657/1136/80
f 657/1136/73 658/1137/73 659/1138/73
f 659/1138/81 660/1139/81 661/1140/81
f 661/1140/59 662/1141/59 663/1142/59
f 663/1142/58 664/1143/58 665/1144/58
f 665/1144/71 666/1145/71 667/1146/71
f 667/1146/60 668/1147/60 669/1148/60
f 670/1149/57 668/1147/57 671/1150/57
f 622/1151/62 671/1150/62 630/1152/62
f 623/1153/87 630/1152/87 629/1154/87
f 672/1155/64 629/1154/64 673/1156/64
f 674/1157/88 673/1156/88 675/1158/88
f 676/1159/66 675/1158/66 677/1160/66
f 678/1161/89 677/1160/89 679/1162/89
f 680/1163/68 679/1162/68 681/1164/68
f 682/1165/90 681/1164/90 683/1166/90
f 684/1167/69 683/1166/69 685/1168/69
f 686/1169/78 685/1168/78 687/1170/78
f 688/1171/70 687/1170/70 634/1172/70
f 689/1173/63 690/1174/63 691/1175/63
f 690/1174/91 692/1176/91 693/1177/91
f 692/1176/61 694/1178/61 693/1177/61
f 695/1179/92 691/1180/92 694/1178/92
f 693/1177/93 691/1181/93 690/1182/93
f 696/1183/94 695/1179/94 692/1176/94
f 697/1184/63 698/1185/63 699/1186/63
f 700/1187/95 701/1188/95 698/1185/95
f 702/1189/61 703/1190/61 701/1188/61
f 704/1191/96 699/1192/96 703/1190/96
f 701/1188/97 699/1193/97 698/1194/97
f 700/1195/98 704/1191/98 702/1189/98
f 705/1196/63 706/1197/63 707/1198/63
f 708/1199/97 709/1200/97 706/1197/97
f 710/1201/61 711/1202/61 709/1200/61
f 712/1203/98 707/1204/98 711/1202/98
f 709/1200/96 707/1205/96 706/1206/96
f 708/1207/95 712/1203/95 710/1201/95
f 713/1208/63 714/1209/63 715/1210/63
f 714/1209/99 716/1211/99 715/1210/99
f 716/1211/61 717/1212/61 718/1213/61
f 717/1212/100 713/1214/100 718/1213/100
f 716/1211/101 713/1215/101 715/1216/101
f 714/1217/102 717/1212/102 719/1218/102
f 720/1219/63 721/1220/63 722/1221/63
f 721/1220/103 723/1222/103 722/1221/103
f 723/1222/61 724/1223/61 725/1224/61
f 724/1223/104 720/1225/104 725/1224/104
f 723/1222/105 720/1226/105 722/1227/105
f 721/1228/106 724/1223/106 726/1229/106
f 369/733/57 420/910/57 370/734/57
f 372/736/58 553/969/58 373/737/58
f 375/739/59 388/927/59 376/740/59
f 378/742/60 556/993/60 379/743/60
f 381/745/61 411/1230/61 382/746/61
f 384/748/62 438/1016/62 385/749/62
f 387/751/63 399/1231/63 388/752/63
f 389/754/64 559/1030/64 390/755/64
f 392/757/65 406/909/65 393/758/65
f 395/760/66 409/778/66 396/761/66
f 398/763/67 531/926/67 399/764/67
f 394/759/68 369/733/68 371/735/68
f 400/766/61 552/1232/61 401/767/61
f 403/769/69 402/957/69 404/770/69
f 396/772/63 410/1233/63 406/773/63
f 400/775/70 381/977/70 407/776/70
f 409/778/71 432/908/71 410/779/71
f 411/780/72 541/1004/72 412/781/72
f 414/783/73 424/925/73 415/784/73
f 417/786/74 546/1021/74 418/787/74
f 403/789/61 544/1234/61 420/790/61
f 421/792/75 427/800/75 422/793/75
f 422/795/63 428/1235/63 424/796/63
f 416/785/76 398/763/76 387/765/76
f 397/762/67 441/906/67 425/798/67
f 377/741/77 543/943/77 426/799/77
f 427/800/78 530/924/78 428/801/78
f 429/802/79 551/967/79 430/803/79
f 394/805/61 393/1236/61 432/806/61
f 433/808/80 549/988/80 434/809/80
f 449/1237/61 452/1238/61 553/996/61
f 553/996/61 372/982/61 449/1237/61
f 372/982/61 545/984/61 504/1239/61
f 545/984/61 442/1240/61 502/1241/61
f 442/1240/61 549/959/61 502/1241/61
f 549/959/61 433/1012/61 500/1242/61
f 433/1012/61 551/1014/61 498/1243/61
f 500/1242/61 433/1012/61 498/1243/61
f 551/1014/61 429/990/61 496/1244/61
f 429/990/61 543/992/61 494/1245/61
f 496/1244/61 429/990/61 494/1245/61
f 543/992/61 377/978/61 490/1246/61
f 377/978/61 398/980/61 490/1246/61
f 398/980/61 416/1247/61 488/1248/61
f 416/1247/61 427/811/61 437/813/61
f 488/1248/61 416/1247/61 437/813/61
f 427/811/61 421/950/61 486/1249/61
f 421/950/61 546/952/61 485/1250/61
f 546/952/61 417/1251/61 483/1252/61
f 417/1251/61 541/940/61 481/1253/61
f 541/940/61 411/1230/61 479/1254/61
f 411/1230/61 381/745/61 477/1255/61
f 381/745/61 400/766/61 475/1256/61
f 400/766/61 402/768/61 475/1256/61
f 402/768/61 403/789/61 471/1257/61
f 403/789/61 369/791/61 469/1258/61
f 369/791/61 394/805/61 469/1258/61
f 394/805/61 409/807/61 467/1259/61
f 469/1258/61 394/805/61 467/1259/61
f 409/807/61 465/1260/61 467/1259/61
f 403/789/61 469/1258/61 471/1257/61
f 411/1230/61 477/1255/61 479/1254/61
f 421/950/61 485/1250/61 486/1249/61
f 417/1251/61 481/1253/61 483/1252/61
f 490/1246/61 398/980/61 488/1248/61
f 372/982/61 504/1239/61 449/1237/61
f 502/1241/61 504/1239/61 545/984/61
f 500/1242/61 502/1241/61 549/959/61
f 402/768/61 471/1257/61 473/1261/61
f 402/768/61 473/1261/61 475/1256/61
f 498/1243/61 551/1014/61 496/1244/61
f 381/745/61 475/1256/61 477/1255/61
f 541/940/61 479/1254/61 481/1253/61
f 492/1262/61 494/1245/61 543/992/61
f 490/1246/61 492/1262/61 543/992/61
f 546/952/61 483/1252/61 485/1250/61
f 427/811/61 486/1249/61 436/812/61
f 463/1263/61 465/1260/61 409/807/61
f 409/807/61 395/1026/61 463/1263/61
f 395/1026/61 559/1028/61 461/1264/61
f 559/1028/61 389/1017/61 440/816/61
f 389/1017/61 438/814/61 440/816/61
f 438/814/61 384/1006/61 459/1265/61
f 384/1006/61 556/1008/61 456/1266/61
f 556/1008/61 378/994/61 456/1266/61
f 378/994/61 553/996/61 454/1267/61
f 456/1266/61 378/994/61 454/1267/61
f 553/996/61 452/1238/61 454/1267/61
f 384/1006/61 456/1266/61 459/1265/61
f 395/1026/61 461/1264/61 463/1263/61
f 440/816/61 461/1264/61 559/1028/61
f 438/814/61 459/1265/61 439/815/61
f 390/817/63 518/1268/63 441/818/63
f 442/820/81 545/945/81 443/821/81
f 484/1269/63 482/1270/63 419/1011/63
f 419/1011/63 418/1023/63 484/1269/63
f 418/1023/63 423/1025/63 487/1271/63
f 423/1025/63 422/795/63 446/824/63
f 422/795/63 414/797/63 446/824/63
f 414/797/63 387/751/63 489/1272/63
f 387/751/63 375/753/63 491/1273/63
f 375/753/63 426/1274/63 491/1273/63
f 426/1274/63 431/947/63 493/1275/63
f 491/1273/63 426/1274/63 493/1275/63
f 431/947/63 495/1276/63 493/1275/63
f 387/751/63 491/1273/63 489/1272/63
f 418/1023/63 487/1271/63 484/1269/63
f 446/824/63 487/1271/63 423/1025/63
f 414/797/63 489/1272/63 445/823/63
f 497/1277/63 495/1276/63 431/947/63
f 431/947/63 430/970/63 497/1277/63
f 430/970/63 435/972/63 499/1278/63
f 435/972/63 434/997/63 501/1279/63
f 434/997/63 444/999/63 501/1279/63
f 444/999/63 443/953/63 503/1280/63
f 443/953/63 374/955/63 450/1281/63
f 503/1280/63 443/953/63 450/1281/63
f 374/955/63 373/973/63 451/1282/63
f 373/973/63 380/975/63 453/1283/63
f 451/1282/63 373/973/63 453/1283/63
f 380/975/63 379/1000/63 457/1284/63
f 379/1000/63 386/1002/63 457/1284/63
f 386/1002/63 385/1019/63 458/1285/63
f 385/1019/63 391/825/63 448/827/63
f 458/1285/63 385/1019/63 448/827/63
f 391/825/63 390/817/63 460/1286/63
f 390/817/63 397/819/63 462/1287/63
f 397/819/63 396/772/63 464/1288/63
f 396/772/63 392/774/63 466/1289/63
f 392/774/63 371/937/63 468/1290/63
f 371/937/63 405/939/63 470/1291/63
f 405/939/63 404/1292/63 472/1293/63
f 404/1292/63 408/962/63 472/1293/63
f 408/962/63 407/985/63 476/1294/63
f 407/985/63 413/987/63 478/1295/63
f 413/987/63 412/1009/63 478/1295/63
f 412/1009/63 419/1011/63 480/1296/63
f 478/1295/63 412/1009/63 480/1296/63
f 419/1011/63 482/1270/63 480/1296/63
f 407/985/63 478/1295/63 476/1294/63
f 371/937/63 470/1291/63 468/1290/63
f 390/817/63 462/1287/63 460/1286/63
f 396/772/63 466/1289/63 464/1288/63
f 457/1284/63 386/1002/63 458/1285/63
f 430/970/63 499/1278/63 497/1277/63
f 501/1279/63 499/1278/63 435/972/63
f 503/1280/63 501/1279/63 444/999/63
f 408/962/63 476/1294/63 474/1297/63
f 408/962/63 474/1297/63 472/1293/63
f 450/1281/63 374/955/63 451/1282/63
f 405/939/63 472/1293/63 470/1291/63
f 392/774/63 468/1290/63 466/1289/63
f 455/1298/63 453/1283/63 380/975/63
f 457/1284/63 455/1298/63 380/975/63
f 397/819/63 464/1288/63 462/1287/63
f 391/825/63 460/1286/63 447/826/63
f 449/828/67 504/1299/67 450/829/67
f 452/831/72 449/828/72 451/830/72
f 454/833/65 452/831/65 453/832/65
f 456/835/74 454/833/74 455/834/74
f 456/835/82 457/836/82 458/837/82
f 459/838/75 458/837/75 448/839/75
f 439/840/83 448/839/83 447/841/83
f 440/842/76 447/841/76 460/843/76
f 461/844/84 460/843/84 462/845/84
f 463/846/77 462/845/77 464/847/77
f 465/848/85 464/847/85 466/849/85
f 467/850/79 466/849/79 468/851/79
f 469/852/86 468/851/86 470/853/86
f 471/854/80 470/853/80 472/855/80
f 473/856/73 472/855/73 474/857/73
f 475/858/81 474/857/81 476/859/81
f 477/860/59 476/859/59 478/861/59
f 479/862/58 478/861/58 480/863/58
f 481/864/71 480/863/71 482/865/71
f 483/866/60 482/865/60 484/867/60
f 486/869/57 485/868/57 484/867/57
f 436/871/62 486/869/62 487/870/62
f 437/873/87 436/871/87 446/872/87
f 488/875/64 437/873/64 445/874/64
f 490/877/88 488/875/88 489/876/88
f 492/879/66 490/877/66 491/878/66
f 494/881/89 492/879/89 493/880/89
f 496/883/68 494/881/68 495/882/68
f 498/885/90 496/883/90 497/884/90
f 500/887/69 498/885/69 499/886/69
f 502/889/78 500/887/78 501/888/78
f 504/891/70 502/889/70 503/890/70
f 505/893/59 548/958/59 506/894/59
f 508/896/71 555/981/71 509/897/71
f 511/899/57 557/1005/57 512/900/57
f 514/902/87 558/1022/87 515/903/87
f 517/905/88 425/798/88 441/906/88
f 432/908/89 393/758/89 406/909/89
f 420/910/90 544/944/90 519/911/90
f 401/912/78 552/968/78 520/913/78
f 383/915/67 382/989/67 522/916/67
f 524/918/65 542/1015/65 525/919/65
f 527/921/82 560/1029/82 528/922/82
f 530/924/83 415/784/83 424/925/83
f 531/926/84 376/740/84 388/927/84
f 532/928/85 547/956/85 533/929/85
f 535/931/86 554/976/86 536/932/86
f 538/934/73 550/1003/73 539/935/73
f 371/937/63 370/1300/63 519/938/63
f 541/940/61 417/1251/61 542/941/61
f 543/943/65 532/928/65 534/930/65
f 405/771/82 519/911/82 544/944/82
f 545/945/84 505/1301/84 507/946/84
f 431/947/63 426/1274/63 534/948/63
f 421/950/61 560/1302/61 527/951/61
f 443/953/63 507/1303/63 506/954/63
f 431/804/71 533/929/71 547/956/71
f 402/957/87 401/912/87 521/914/87
f 374/738/88 506/894/88 548/958/88
f 549/959/61 442/1240/61 550/960/61
f 408/962/63 404/1292/63 521/963/63
f 427/811/61 416/1247/61 415/965/61
f 551/967/82 535/931/82 537/933/82
f 408/777/83 520/913/83 552/968/83
f 553/969/85 508/896/85 510/898/85
f 430/970/63 537/1304/63 536/971/63
f 373/973/63 510/1305/63 509/974/63
f 435/810/57 536/932/57 554/976/57
f 381/977/88 383/915/88 523/917/88
f 377/978/61 376/1306/61 531/979/61
f 380/744/89 509/897/89 555/981/89
f 372/982/61 548/1307/61 505/983/61
f 407/985/63 523/1308/63 522/986/63
f 549/988/83 538/934/83 540/936/83
f 413/782/84 522/916/84 382/989/84
f 429/990/61 547/1309/61 532/991/61
f 556/993/86 511/899/86 513/901/86
f 378/994/61 555/1310/61 508/995/61
f 434/997/63 540/1311/63 539/998/63
f 379/1000/63 513/1312/63 512/1001/63
f 444/822/87 539/935/87 550/1003/87
f 541/1004/89 524/918/89 526/920/89
f 386/750/90 512/900/90 557/1005/90
f 384/1006/61 557/1313/61 511/1007/61
f 412/1009/63 526/1314/63 525/1010/63
f 433/1012/61 554/1315/61 535/1013/61
f 419/788/85 525/919/85 542/1015/85
f 438/1016/73 514/902/73 516/904/73
f 389/1017/61 558/1316/61 514/1018/61
f 385/1019/63 516/1317/63 515/1020/63
f 546/1021/90 527/921/90 529/923/90
f 391/756/78 515/903/78 558/1022/78
f 418/1023/63 529/1318/63 528/1024/63
f 395/1026/61 425/1319/61 517/1027/61
f 423/794/86 528/922/86 560/1029/86
f 559/1030/59 517/905/59 518/907/59
f 561/1031/59 564/1034/59 562/1032/59
f 564/1034/58 566/1036/58 565/1035/58
f 566/1036/71 568/1038/71 567/1037/71
f 568/1038/60 570/1040/60 569/1039/60
f 570/1040/57 572/1042/57 571/1041/57
f 572/1042/62 574/1044/62 573/1043/62
f 574/1044/87 576/1046/87 575/1045/87
f 576/1046/64 578/1048/64 577/1047/64
f 578/1048/88 580/1050/88 579/1049/88
f 580/1050/66 582/1052/66 581/1051/66
f 582/1052/89 584/1054/89 583/1053/89
f 584/1054/68 586/1056/68 585/1055/68
f 586/1056/90 588/1058/90 587/1057/90
f 588/1058/69 590/1060/69 589/1059/69
f 590/1060/78 592/1062/78 591/1061/78
f 592/1062/70 594/1064/70 593/1063/70
f 594/1064/67 596/1066/67 595/1065/67
f 596/1066/72 598/1068/72 597/1067/72
f 598/1068/65 600/1070/65 599/1069/65
f 600/1070/74 602/1072/74 601/1071/74
f 602/1072/82 604/1074/82 603/1073/82
f 604/1074/75 606/1076/75 605/1075/75
f 606/1076/83 608/1078/83 607/1077/83
f 608/1078/76 610/1080/76 609/1079/76
f 610/1080/84 612/1082/84 611/1081/84
f 612/1082/77 614/1084/77 613/1083/77
f 614/1084/85 616/1086/85 615/1085/85
f 616/1086/79 618/1088/79 617/1087/79
f 618/1088/86 620/1090/86 619/1089/86
f 620/1090/80 626/1098/80 621/1091/80
f 633/1320/61 636/1321/61 566/1322/61
f 566/1322/61 564/1323/61 633/1320/61
f 564/1323/61 561/1324/61 688/1325/61
f 561/1324/61 628/1326/61 686/1327/61
f 628/1326/61 626/1328/61 686/1327/61
f 626/1328/61 620/1329/61 684/1330/61
f 620/1329/61 618/1331/61 682/1332/61
f 684/1330/61 620/1329/61 682/1332/61
f 618/1331/61 616/1333/61 680/1334/61
f 616/1333/61 614/1335/61 678/1336/61
f 680/1334/61 616/1333/61 678/1336/61
f 614/1335/61 612/1337/61 674/1338/61
f 612/1337/61 610/1339/61 674/1338/61
f 610/1339/61 608/1340/61 672/1341/61
f 608/1340/61 606/1092/61 623/1094/61
f 672/1341/61 608/1340/61 623/1094/61
f 606/1092/61 604/1342/61 670/1343/61
f 604/1342/61 602/1344/61 669/1345/61
f 602/1344/61 600/1346/61 667/1347/61
f 600/1346/61 598/1348/61 665/1349/61
f 598/1348/61 596/1350/61 663/1351/61
f 596/1350/61 594/1352/61 661/1353/61
f 594/1352/61 592/1354/61 659/1355/61
f 592/1354/61 590/1356/61 659/1355/61
f 590/1356/61 588/1357/61 655/1358/61
f 588/1357/61 586/1359/61 653/1360/61
f 586/1359/61 584/1361/61 653/1360/61
f 584/1361/61 582/1362/61 651/1363/61
f 653/1360/61 584/1361/61 651/1363/61
f 582/1362/61 649/1364/61 651/1363/61
f 588/1357/61 653/1360/61 655/1358/61
f 596/1350/61 661/1353/61 663/1351/61
f 604/1342/61 669/1345/61 670/1343/61
f 600/1346/61 665/1349/61 667/1347/61
f 674/1338/61 610/1339/61 672/1341/61
f 564/1323/61 688/1325/61 633/1320/61
f 686/1327/61 688/1325/61 561/1324/61
f 684/1330/61 686/1327/61 626/1328/61
f 590/1356/61 655/1358/61 657/1365/61
f 590/1356/61 657/1365/61 659/1355/61
f 682/1332/61 618/1331/61 680/1334/61
f 594/1352/61 659/1355/61 661/1353/61
f 598/1348/61 663/1351/61 665/1349/61
f 676/1366/61 678/1336/61 614/1335/61
f 674/1338/61 676/1366/61 614/1335/61
f 602/1344/61 667/1347/61 669/1345/61
f 606/1092/61 670/1343/61 622/1093/61
f 647/1367/61 649/1364/61 582/1362/61
f 582/1362/61 580/1368/61 647/1367/61
f 580/1368/61 578/1369/61 645/1370/61
f 578/1369/61 576/1371/61 625/1097/61
f 576/1371/61 574/1095/61 625/1097/61
f 574/1095/61 572/1372/61 643/1373/61
f 572/1372/61 570/1374/61 640/1375/61
f 570/1374/61 568/1376/61 640/1375/61
f 568/1376/61 566/1322/61 638/1377/61
f 640/1375/61 568/1376/61 638/1377/61
f 566/1322/61 636/1321/61 638/1377/61
f 572/1372/61 640/1375/61 643/1373/61
f 580/1368/61 645/1370/61 647/1367/61
f 625/1097/61 645/1370/61 578/1369/61
f 574/1095/61 643/1373/61 624/1096/61
f 626/1098/73 628/1100/73 627/1099/73
f 628/1100/81 561/1378/81 563/1101/81
f 668/1379/63 666/1380/63 599/1381/63
f 599/1381/63 601/1382/63 668/1379/63
f 601/1382/63 603/1383/63 671/1384/63
f 603/1383/63 605/1385/63 630/1104/63
f 605/1385/63 607/1102/63 630/1104/63
f 607/1102/63 609/1386/63 673/1387/63
f 609/1386/63 611/1388/63 675/1389/63
f 611/1388/63 613/1390/63 675/1389/63
f 613/1390/63 615/1391/63 677/1392/63
f 675/1389/63 613/1390/63 677/1392/63
f 615/1391/63 679/1393/63 677/1392/63
f 609/1386/63 675/1389/63 673/1387/63
f 601/1382/63 671/1384/63 668/1379/63
f 630/1104/63 671/1384/63 603/1383/63
f 607/1102/63 673/1387/63 629/1103/63
f 681/1394/63 679/1393/63 615/1391/63
f 615/1391/63 617/1395/63 681/1394/63
f 617/1395/63 619/1396/63 683/1397/63
f 619/1396/63 621/1398/63 685/1399/63
f 621/1398/63 627/1400/63 685/1399/63
f 627/1400/63 563/1401/63 687/1402/63
f 563/1401/63 562/1403/63 634/1404/63
f 687/1402/63 563/1401/63 634/1404/63
f 562/1403/63 565/1405/63 635/1406/63
f 565/1405/63 567/1407/63 637/1408/63
f 635/1406/63 565/1405/63 637/1408/63
f 567/1407/63 569/1409/63 641/1410/63
f 569/1409/63 571/1411/63 641/1410/63
f 571/1411/63 573/1412/63 642/1413/63
f 573/1412/63 575/1105/63 632/1107/63
f 642/1413/63 573/1412/63 632/1107/63
f 575/1105/63 577/1414/63 644/1415/63
f 577/1414/63 579/1416/63 646/1417/63
f 579/1416/63 581/1418/63 648/1419/63
f 581/1418/63 583/1420/63 650/1421/63
f 583/1420/63 585/1422/63 652/1423/63
f 585/1422/63 587/1424/63 654/1425/63
f 587/1424/63 589/1426/63 656/1427/63
f 589/1426/63 591/1428/63 656/1427/63
f 591/1428/63 593/1429/63 660/1430/63
f 593/1429/63 595/1431/63 662/1432/63
f 595/1431/63 597/1433/63 662/1432/63
f 597/1433/63 599/1381/63 664/1434/63
f 662/1432/63 597/1433/63 664/1434/63
f 599/1381/63 666/1380/63 664/1434/63
f 593/1429/63 662/1432/63 660/1430/63
f 585/1422/63 654/1425/63 652/1423/63
f 577/1414/63 646/1417/63 644/1415/63
f 581/1418/63 650/1421/63 648/1419/63
f 641/1410/63 571/1411/63 642/1413/63
f 617/1395/63 683/1397/63 681/1394/63
f 685/1399/63 683/1397/63 619/1396/63
f 687/1402/63 685/1399/63 627/1400/63
f 591/1428/63 660/1430/63 658/1435/63
f 591/1428/63 658/1435/63 656/1427/63
f 634/1404/63 562/1403/63 635/1406/63
f 587/1424/63 656/1427/63 654/1425/63
f 583/1420/63 652/1423/63 650/1421/63
f 639/1436/63 637/1408/63 567/1407/63
f 641/1410/63 639/1436/63 567/1407/63
f 579/1416/63 648/1419/63 646/1417/63
f 575/1105/63 644/1415/63 631/1106/63
f 633/1108/67 688/1437/67 634/1109/67
f 636/1111/72 633/1108/72 635/1110/72
f 638/1113/65 636/1111/65 637/1112/65
f 640/1115/74 638/1113/74 639/1114/74
f 640/1115/82 641/1116/82 642/1117/82
f 643/1118/75 642/1117/75 632/1119/75
f 624/1120/83 632/1119/83 631/1121/83
f 625/1122/76 631/1121/76 644/1123/76
f 645/1124/84 644/1123/84 646/1125/84
f 647/1126/77 646/1125/77 648/1127/77
f 649/1128/85 648/1127/85 650/1129/85
f 651/1130/79 650/1129/79 652/1131/79
f 653/1132/86 652/1131/86 654/1133/86
f 655/1134/80 654/1133/80 656/1135/80
f 657/1136/73 656/1135/73 658/1137/73
f 659/1138/81 658/1137/81 660/1139/81
f 661/1140/59 660/1139/59 662/1141/59
f 663/1142/58 662/1141/58 664/1143/58
f 665/1144/71 664/1143/71 666/1145/71
f 667/1146/60 666/1145/60 668/1147/60
f 670/1149/57 669/1148/57 668/1147/57
f 622/1151/62 670/1149/62 671/1150/62
f 623/1153/87 622/1151/87 630/1152/87
f 672/1155/64 623/1153/64 629/1154/64
f 674/1157/88 672/1155/88 673/1156/88
f 676/1159/66 674/1157/66 675/1158/66
f 678/1161/89 676/1159/89 677/1160/89
f 680/1163/68 678/1161/68 679/1162/68
f 682/1165/90 680/1163/90 681/1164/90
f 684/1167/69 682/1165/69 683/1166/69
f 686/1169/78 684/1167/78 685/1168/78
f 688/1171/70 686/1169/70 687/1170/70
f 689/1173/63 696/1438/63 690/1174/63
f 690/1174/91 696/1438/91 692/1176/91
f 692/1176/61 695/1179/61 694/1178/61
f 695/1179/92 689/1439/92 691/1180/92
f 693/1177/93 694/1178/93 691/1181/93
f 696/1183/94 689/1440/94 695/1179/94
f 697/1184/63 700/1187/63 698/1185/63
f 700/1187/95 702/1189/95 701/1188/95
f 702/1189/61 704/1191/61 703/1190/61
f 704/1191/96 697/1441/96 699/1192/96
f 701/1188/97 703/1190/97 699/1193/97
f 700/1195/98 697/1442/98 704/1191/98
f 705/1196/63 708/1199/63 706/1197/63
f 708/1199/97 710/1201/97 709/1200/97
f 710/1201/61 712/1203/61 711/1202/61
f 712/1203/98 705/1443/98 707/1204/98
f 709/1200/96 711/1202/96 707/1205/96
f 708/1207/95 705/1444/95 712/1203/95
f 713/1208/63 727/1445/63 714/1209/63
f 714/1209/99 719/1218/99 716/1211/99
f 716/1211/61 719/1218/61 717/1212/61
f 717/1212/100 727/1446/100 713/1214/100
f 716/1211/101 718/1213/101 713/1215/101
f 714/1217/102 727/1447/102 717/1212/102
f 720/1219/63 728/1448/63 721/1220/63
f 721/1220/103 726/1229/103 723/1222/103
f 723/1222/61 726/1229/61 724/1223/61
f 724/1223/104 728/1449/104 720/1225/104
f 723/1222/105 725/1224/105 720/1226/105
f 721/1228/106 728/1450/106 724/1223/106
o 歯車_円柱.002
v -0.682203 0.163289 -0.675741
v -0.696005 0.241171 -0.658924
v -0.682203 0.241171 -0.675741
v -0.579471 0.163289 -1.014403
v -0.617110 0.241171 -1.002985
v -0.579471 0.241171 -1.014403
v -0.343541 0.241171 -0.856760
v -0.321890 0.163289 -0.858892
v -0.343541 0.163289 -0.856760
v -0.651798 0.163289 -0.984444
v -0.682203 0.241171 -0.959492
v -0.651798 0.241171 -0.984444
v -0.540328 0.163289 -0.616975
v -0.499052 0.163289 -0.599179
v -0.538195 0.163289 -0.595324
v -0.707155 0.163289 -0.929087
v -0.725697 0.241171 -0.894399
v -0.707155 0.241171 -0.929087
v -0.339686 0.241171 -0.817616
v -0.321890 0.241171 -0.858892
v -0.737114 0.163289 -0.856760
v -0.740969 0.241171 -0.817617
v -0.737114 0.241171 -0.856760
v -0.707155 0.241171 -0.706146
v -0.726342 0.163289 -0.695890
v -0.707155 0.163289 -0.706146
v -0.737114 0.163289 -0.778473
v -0.725697 0.241171 -0.740834
v -0.737114 0.241171 -0.778473
v -0.339686 0.163289 -0.817616
v -0.318035 0.241171 -0.819749
v -0.579471 0.163289 -0.620830
v -0.623425 0.163289 -0.611429
v -0.617110 0.163289 -0.632248
v -0.651798 0.163289 -0.650789
v -0.617110 0.241171 -0.632248
v -0.651798 0.241171 -0.650789
v -0.726342 0.241171 -0.695890
v -0.540328 0.241171 -0.616975
v -0.579471 0.241171 -0.620830
v -0.725697 0.163289 -0.740834
v -0.744883 0.241171 -0.730579
v -0.501184 0.163289 -0.620830
v -0.463545 0.241171 -0.632248
v -0.501184 0.241171 -0.620830
v -0.343541 0.241171 -0.778473
v -0.322722 0.163289 -0.772158
v -0.343541 0.163289 -0.778473
v -0.428857 0.163289 -0.650789
v -0.398452 0.241171 -0.675741
v -0.428857 0.241171 -0.650789
v -0.696005 0.163289 -0.658924
v -0.373500 0.163289 -0.706146
v -0.354959 0.241171 -0.740834
v -0.373500 0.241171 -0.706146
v -0.322722 0.241171 -0.772158
v -0.758765 0.163289 -0.776341
v -0.354959 0.241171 -0.894399
v -0.354959 0.163289 -0.740834
v -0.334140 0.241171 -0.734519
v -0.373500 0.163289 -0.929087
v -0.398452 0.241171 -0.959492
v -0.373500 0.241171 -0.929087
v -0.744883 0.163289 -0.730579
v -0.428857 0.163289 -0.984444
v -0.463545 0.241171 -1.002985
v -0.428857 0.241171 -0.984444
v -0.399078 0.163289 -0.759109
v -0.390378 0.163289 -0.787790
v -0.725697 0.163289 -0.894399
v -0.681577 0.163289 -0.876124
v -0.690278 0.163289 -0.847443
v -0.758765 0.241171 -0.776341
v -0.501184 0.163289 -1.014403
v -0.540328 0.241171 -1.018258
v -0.501184 0.241171 -1.014403
v -0.390378 0.241171 -0.787790
v -0.399078 0.241171 -0.759109
v -0.690278 0.241171 -0.847443
v -0.681577 0.241171 -0.876124
v -0.570154 0.163289 -0.967566
v -0.540328 0.241171 -0.970504
v -0.570154 0.241171 -0.967566
v -0.598835 0.163289 -0.958866
v -0.598835 0.241171 -0.958866
v -0.625267 0.163289 -0.944738
v -0.625267 0.241171 -0.944738
v -0.648435 0.163289 -0.925724
v -0.648435 0.241171 -0.925724
v -0.667449 0.241171 -0.902556
v -0.667449 0.163289 -0.902556
v -0.693215 0.241171 -0.817617
v -0.693215 0.163289 -0.817617
v -0.690278 0.241171 -0.787790
v -0.690278 0.163289 -0.787790
v -0.681577 0.241171 -0.759109
v -0.681577 0.163289 -0.759109
v -0.667449 0.241171 -0.732677
v -0.667449 0.163289 -0.732677
v -0.648436 0.241171 -0.709509
v -0.648436 0.163289 -0.709509
v -0.625267 0.241171 -0.690495
v -0.625267 0.163289 -0.690495
v -0.598835 0.241171 -0.676367
v -0.598835 0.163289 -0.676367
v -0.570154 0.241171 -0.667667
v -0.570154 0.163289 -0.667667
v -0.540328 0.241171 -0.664729
v -0.540328 0.163289 -0.664729
v -0.510501 0.241171 -0.667667
v -0.510501 0.163289 -0.667667
v -0.481820 0.241171 -0.676367
v -0.481820 0.163289 -0.676367
v -0.455388 0.241171 -0.690495
v -0.455388 0.163289 -0.690495
v -0.432220 0.241171 -0.709509
v -0.432220 0.163289 -0.709509
v -0.413206 0.163289 -0.732677
v -0.413206 0.241171 -0.732677
v -0.387440 0.163289 -0.817617
v -0.387440 0.241171 -0.817617
v -0.390378 0.163289 -0.847443
v -0.390378 0.241171 -0.847443
v -0.399078 0.163289 -0.876124
v -0.399078 0.241171 -0.876124
v -0.413206 0.163289 -0.902556
v -0.413206 0.241171 -0.902556
v -0.432220 0.163289 -0.925724
v -0.432220 0.241171 -0.925724
v -0.455388 0.163289 -0.944738
v -0.455388 0.241171 -0.944738
v -0.481820 0.163289 -0.958866
v -0.481820 0.241171 -0.958866
v -0.510501 0.163289 -0.967566
v -0.510501 0.241171 -0.967566
v -0.540328 0.163289 -0.970504
v -0.542460 0.163289 -1.039909
v -0.581603 0.241171 -1.036054
v -0.542460 0.241171 -1.039909
v -0.627366 0.163289 -1.022172
v -0.662054 0.241171 -1.003631
v -0.627366 0.241171 -1.022172
v -0.699020 0.163289 -0.973294
v -0.723973 0.241171 -0.942889
v -0.699020 0.241171 -0.973294
v -0.746516 0.163289 -0.900714
v -0.757933 0.241171 -0.863075
v -0.746516 0.241171 -0.900714
v -0.762621 0.163289 -0.815484
v -0.762621 0.241171 -0.815484
v -0.665600 0.241171 -0.633971
v -0.585786 0.241171 -0.600011
v -0.623425 0.241171 -0.611429
v -0.499052 0.241171 -0.599179
v -0.538195 0.241171 -0.595324
v -0.453290 0.163289 -0.613061
v -0.418602 0.241171 -0.631602
v -0.453290 0.241171 -0.613061
v -0.381635 0.163289 -0.661940
v -0.356683 0.241171 -0.692344
v -0.381635 0.241171 -0.661940
v -0.334140 0.163289 -0.734519
v -0.318035 0.163289 -0.819749
v -0.335772 0.163289 -0.904655
v -0.354313 0.241171 -0.939343
v -0.335772 0.241171 -0.904655
v -0.384651 0.163289 -0.976309
v -0.415055 0.241171 -1.001262
v -0.384651 0.241171 -0.976309
v -0.457230 0.163289 -1.023804
v -0.494869 0.241171 -1.035222
v -0.457230 0.241171 -1.023804
v -0.463545 0.163289 -0.632248
v -0.418602 0.163289 -0.631602
v -0.354959 0.163289 -0.894399
v -0.665600 0.163289 -0.633971
v -0.540328 0.163289 -1.018258
v -0.398452 0.163289 -0.675741
v -0.354313 0.163289 -0.939343
v -0.581603 0.163289 -1.036054
v -0.463545 0.163289 -1.002985
v -0.494869 0.163289 -1.035222
v -0.398452 0.163289 -0.959492
v -0.585786 0.163289 -0.600011
v -0.617110 0.163289 -1.002985
v -0.415055 0.163289 -1.001262
v -0.662054 0.163289 -1.003631
v -0.682203 0.163289 -0.959492
v -0.723973 0.163289 -0.942889
v -0.757933 0.163289 -0.863075
v -0.740969 0.163289 -0.817617
v -0.356683 0.163289 -0.692344
v -0.540328 0.163278 -0.851446
v -0.546927 0.241182 -0.850795
v -0.540328 0.241182 -0.851446
v -0.546927 0.163278 -0.850795
v -0.553273 0.241182 -0.848871
v -0.553273 0.163278 -0.848871
v -0.559122 0.241182 -0.845744
v -0.559122 0.163278 -0.845744
v -0.564248 0.241182 -0.841537
v -0.564248 0.163278 -0.841537
v -0.568455 0.241182 -0.836411
v -0.568455 0.163278 -0.836411
v -0.571582 0.241182 -0.830562
v -0.571582 0.163278 -0.830562
v -0.573507 0.241182 -0.824216
v -0.573507 0.163278 -0.824216
v -0.574157 0.241182 -0.817617
v -0.574157 0.163278 -0.817617
v -0.573507 0.241182 -0.811017
v -0.573507 0.163278 -0.811017
v -0.571582 0.241182 -0.804671
v -0.571582 0.163278 -0.804671
v -0.568455 0.241182 -0.798822
v -0.568455 0.163278 -0.798822
v -0.564248 0.241182 -0.793696
v -0.564248 0.163278 -0.793696
v -0.559122 0.241182 -0.789489
v -0.559122 0.163278 -0.789489
v -0.553273 0.241182 -0.786363
v -0.553273 0.163278 -0.786363
v -0.546927 0.241182 -0.784438
v -0.546927 0.163278 -0.784438
v -0.540328 0.241182 -0.783787
v -0.540328 0.163278 -0.783787
v -0.533728 0.241182 -0.784438
v -0.533728 0.163278 -0.784438
v -0.527382 0.241182 -0.786363
v -0.527382 0.163278 -0.786363
v -0.521533 0.241182 -0.789489
v -0.521533 0.163278 -0.789489
v -0.516407 0.241182 -0.793696
v -0.516407 0.163278 -0.793696
v -0.512200 0.241182 -0.798822
v -0.512200 0.163278 -0.798822
v -0.509074 0.241182 -0.804671
v -0.509074 0.163278 -0.804671
v -0.507149 0.241182 -0.811017
v -0.507149 0.163278 -0.811017
v -0.506499 0.241182 -0.817617
v -0.506499 0.163278 -0.817617
v -0.507149 0.241182 -0.824216
v -0.507149 0.163278 -0.824216
v -0.509074 0.241182 -0.830562
v -0.509074 0.163278 -0.830562
v -0.512200 0.241182 -0.836411
v -0.512200 0.163278 -0.836411
v -0.516407 0.241182 -0.841537
v -0.516407 0.163278 -0.841537
v -0.521533 0.241182 -0.845744
v -0.521533 0.163278 -0.845744
v -0.527382 0.241182 -0.848871
v -0.516513 0.163278 -0.807752
v -0.515046 0.163278 -0.812588
v -0.564143 0.163278 -0.827481
v -0.565610 0.163278 -0.822645
v -0.527382 0.163278 -0.848871
v -0.533728 0.241182 -0.850795
v -0.533728 0.163278 -0.850795
v -0.515046 0.241182 -0.812588
v -0.516513 0.241182 -0.807752
v -0.565610 0.241182 -0.822645
v -0.564143 0.241182 -0.827481
v -0.545357 0.163278 -0.842899
v -0.540328 0.241182 -0.843394
v -0.545357 0.241182 -0.842899
v -0.550192 0.163278 -0.841432
v -0.550192 0.241182 -0.841432
v -0.554649 0.163278 -0.839050
v -0.554649 0.241182 -0.839050
v -0.558555 0.163278 -0.835844
v -0.558555 0.241182 -0.835844
v -0.561761 0.241182 -0.831938
v -0.561761 0.163278 -0.831938
v -0.566105 0.241182 -0.817617
v -0.566105 0.163278 -0.817617
v -0.565610 0.241182 -0.812588
v -0.565610 0.163278 -0.812588
v -0.564143 0.241182 -0.807752
v -0.564143 0.163278 -0.807752
v -0.561761 0.241182 -0.803295
v -0.561761 0.163278 -0.803295
v -0.558555 0.241182 -0.799389
v -0.558555 0.163278 -0.799389
v -0.554649 0.241182 -0.796183
v -0.554649 0.163278 -0.796183
v -0.550192 0.241182 -0.793801
v -0.550192 0.163278 -0.793801
v -0.545357 0.241182 -0.792334
v -0.545357 0.163278 -0.792334
v -0.540328 0.241182 -0.791839
v -0.540328 0.163278 -0.791839
v -0.535299 0.241182 -0.792334
v -0.535299 0.163278 -0.792334
v -0.530463 0.241182 -0.793801
v -0.530463 0.163278 -0.793801
v -0.526006 0.241182 -0.796183
v -0.526006 0.163278 -0.796183
v -0.522100 0.241182 -0.799389
v -0.522100 0.163278 -0.799389
v -0.518894 0.163278 -0.803295
v -0.518894 0.241182 -0.803295
v -0.514550 0.163278 -0.817617
v -0.514550 0.241182 -0.817617
v -0.515046 0.163278 -0.822645
v -0.515046 0.241182 -0.822645
v -0.516513 0.163278 -0.827481
v -0.516513 0.241182 -0.827481
v -0.518894 0.163278 -0.831938
v -0.518894 0.241182 -0.831938
v -0.522100 0.163278 -0.835844
v -0.522100 0.241182 -0.835844
v -0.526006 0.163278 -0.839050
v -0.526006 0.241182 -0.839050
v -0.530463 0.163278 -0.841432
v -0.530463 0.241182 -0.841432
v -0.535299 0.163278 -0.842899
v -0.535299 0.241182 -0.842899
v -0.540328 0.163278 -0.843394
v -0.368748 0.238966 -0.805908
v -0.512771 0.238966 -0.829014
v -0.512771 0.238966 -0.805908
v -0.368748 0.165494 -0.829014
v -0.512771 0.165494 -0.829014
v -0.512771 0.165494 -0.805908
v -0.368748 0.165494 -0.805908
v -0.368748 0.238966 -0.829014
v -0.567683 0.238966 -0.827484
v -0.653185 0.238966 -0.945661
v -0.669522 0.238966 -0.929323
v -0.551345 0.238966 -0.843822
v -0.653185 0.165494 -0.945661
v -0.551345 0.165494 -0.843822
v -0.669522 0.165494 -0.929323
v -0.567683 0.165494 -0.827484
v -0.551345 0.238966 -0.789792
v -0.669522 0.238966 -0.704290
v -0.653185 0.238966 -0.687952
v -0.567683 0.238966 -0.806130
v -0.669522 0.165494 -0.704290
v -0.567683 0.165494 -0.806130
v -0.653185 0.165494 -0.687952
v -0.551345 0.165494 -0.789792
v -0.456252 0.238966 -0.666240
v -0.538059 0.238966 -0.787004
v -0.477192 0.238966 -0.656475
v -0.477192 0.165494 -0.656475
v -0.517119 0.165494 -0.796769
v -0.456252 0.165494 -0.666240
v -0.538059 0.165494 -0.787004
v -0.477192 0.238966 -0.979570
v -0.517119 0.238966 -0.839276
v -0.456252 0.238966 -0.969805
v -0.456252 0.165494 -0.969805
v -0.538059 0.165494 -0.849040
v -0.477192 0.165494 -0.979570
v -0.517119 0.165494 -0.839276
v -0.517119 0.238966 -0.796769
v -0.538059 0.238966 -0.849040
vt 0.220825 0.307216
vt 0.220825 0.183760
vt 0.220825 0.183760
vt 0.305701 0.307216
vt 0.297985 0.183760
vt 0.305701 0.183760
vt 0.120517 0.183760
vt 0.120517 0.307216
vt 0.120517 0.307216
vt 0.290269 0.307216
vt 0.282553 0.183760
vt 0.290269 0.183760
vt 0.128233 0.062773
vt 0.116672 0.063912
vt 0.128233 0.062773
vt 0.274837 0.307216
vt 0.267121 0.183760
vt 0.274837 0.183760
vt 0.192430 0.122032
vt 0.193569 0.133593
vt 0.193569 0.133593
vt 0.259405 0.307216
vt 0.251689 0.183760
vt 0.259405 0.183760
vt 0.228541 0.183760
vt 0.228541 0.307216
vt 0.228541 0.307216
vt 0.243973 0.307216
vt 0.236257 0.183760
vt 0.243973 0.183760
vt 0.128233 0.307216
vt 0.128233 0.183760
vt 0.128233 0.183760
vt 0.139794 0.063912
vt 0.150910 0.067284
vt 0.150910 0.067284
vt 0.213109 0.307216
vt 0.205393 0.183760
vt 0.213109 0.183760
vt 0.306437 0.099355
vt 0.300961 0.089109
vt 0.300961 0.089109
vt 0.197677 0.307216
vt 0.189961 0.183760
vt 0.197677 0.183760
vt 0.236257 0.307216
vt 0.236257 0.183760
vt 0.182245 0.307216
vt 0.174529 0.183760
vt 0.182245 0.183760
vt 0.135949 0.183760
vt 0.135949 0.307216
vt 0.135949 0.307216
vt 0.166813 0.307216
vt 0.159097 0.183760
vt 0.166813 0.183760
vt 0.161155 0.072760
vt 0.170135 0.080130
vt 0.170135 0.080130
vt 0.151381 0.307216
vt 0.143665 0.183760
vt 0.151381 0.183760
vt 0.196941 0.099355
vt 0.193569 0.110471
vt 0.193569 0.110471
vt 0.243973 0.307216
vt 0.112801 0.183760
vt 0.143665 0.307216
vt 0.143665 0.183760
vt 0.105085 0.307216
vt 0.097369 0.183760
vt 0.105085 0.183760
vt 0.177505 0.089109
vt 0.182981 0.099355
vt 0.182981 0.099355
vt 0.089653 0.307216
vt 0.081937 0.183760
vt 0.089653 0.183760
vt 0.073485 0.099355
vt 0.086515 0.104752
vt 0.083946 0.113223
vt 0.182981 0.144709
vt 0.169950 0.139312
vt 0.172520 0.130841
vt 0.310948 0.122032
vt 0.309809 0.110471
vt 0.309809 0.110471
vt 0.074221 0.307216
vt 0.066505 0.183760
vt 0.074221 0.183760
vt 0.207402 0.113223
vt 0.209971 0.104752
vt 0.309809 0.133593
vt 0.295976 0.130841
vt 0.293407 0.139312
vt 0.305701 0.291734
vt 0.313417 0.199242
vt 0.305701 0.199242
vt 0.297985 0.291734
vt 0.297985 0.199242
vt 0.290269 0.291734
vt 0.290269 0.199242
vt 0.282553 0.291734
vt 0.282553 0.199242
vt 0.274837 0.199242
vt 0.274837 0.291734
vt 0.267121 0.199242
vt 0.267121 0.291734
vt 0.259405 0.199242
vt 0.259405 0.291734
vt 0.251689 0.199242
vt 0.251689 0.291734
vt 0.243973 0.199242
vt 0.243973 0.291734
vt 0.236257 0.199242
vt 0.236257 0.291734
vt 0.228541 0.199242
vt 0.228541 0.291734
vt 0.220825 0.199242
vt 0.220825 0.291734
vt 0.213109 0.199242
vt 0.213109 0.291734
vt 0.205393 0.199242
vt 0.205393 0.291734
vt 0.197677 0.199242
vt 0.197677 0.291734
vt 0.189961 0.199242
vt 0.189961 0.291734
vt 0.182245 0.199242
vt 0.182245 0.291734
vt 0.174529 0.199242
vt 0.174529 0.291734
vt 0.166813 0.199242
vt 0.166813 0.291734
vt 0.159097 0.199242
vt 0.159097 0.291734
vt 0.151381 0.291734
vt 0.151381 0.199242
vt 0.143665 0.291734
vt 0.143665 0.199242
vt 0.135949 0.291734
vt 0.135949 0.199242
vt 0.128233 0.291734
vt 0.128233 0.199242
vt 0.120517 0.291734
vt 0.120517 0.199242
vt 0.112801 0.291734
vt 0.112801 0.199242
vt 0.105085 0.291734
vt 0.105085 0.199242
vt 0.097369 0.291734
vt 0.097369 0.199242
vt 0.089653 0.291734
vt 0.089653 0.199242
vt 0.081937 0.291734
vt 0.081937 0.199242
vt 0.074221 0.291734
vt 0.074221 0.199242
vt 0.066505 0.291734
vt 0.066505 0.199242
vt 0.313417 0.307216
vt 0.305701 0.183760
vt 0.313417 0.183760
vt 0.297985 0.307216
vt 0.290269 0.183760
vt 0.297985 0.183760
vt 0.282553 0.307216
vt 0.274837 0.183760
vt 0.282553 0.183760
vt 0.267121 0.307216
vt 0.259405 0.183760
vt 0.267121 0.183760
vt 0.251689 0.307216
vt 0.243973 0.183760
vt 0.251689 0.183760
vt 0.236257 0.307216
vt 0.228541 0.183760
vt 0.220825 0.307216
vt 0.213109 0.183760
vt 0.205393 0.307216
vt 0.197677 0.183760
vt 0.205393 0.183760
vt 0.189961 0.307216
vt 0.182245 0.183760
vt 0.189961 0.183760
vt 0.174529 0.307216
vt 0.166813 0.183760
vt 0.174529 0.183760
vt 0.159097 0.307216
vt 0.151381 0.183760
vt 0.159097 0.183760
vt 0.143665 0.307216
vt 0.135949 0.183760
vt 0.128233 0.307216
vt 0.120517 0.183760
vt 0.112801 0.307216
vt 0.105085 0.183760
vt 0.112801 0.183760
vt 0.097369 0.307216
vt 0.089653 0.183760
vt 0.097369 0.183760
vt 0.081937 0.307216
vt 0.074221 0.183760
vt 0.081937 0.183760
vt 0.293591 0.080130
vt 0.284611 0.072760
vt 0.284611 0.072760
vt 0.105555 0.067284
vt 0.095310 0.072760
vt 0.105555 0.067284
vt 0.112801 0.307216
vt 0.213109 0.307216
vt 0.066505 0.307216
vt 0.066505 0.183760
vt 0.202417 0.154954
vt 0.196941 0.144709
vt 0.202417 0.154954
vt 0.078961 0.089109
vt 0.086330 0.080130
vt 0.086330 0.080130
vt 0.251689 0.181291
vt 0.263250 0.180152
vt 0.263250 0.180152
vt 0.105085 0.307216
vt 0.205393 0.307216
vt 0.305701 0.307216
vt 0.105555 0.176780
vt 0.116672 0.180152
vt 0.105555 0.176780
vt 0.263250 0.063912
vt 0.274366 0.067284
vt 0.263250 0.063912
vt 0.070113 0.110471
vt 0.073485 0.099355
vt 0.097369 0.307216
vt 0.197677 0.307216
vt 0.297985 0.307216
vt 0.209786 0.163934
vt 0.218766 0.171304
vt 0.218766 0.171304
vt 0.274366 0.176780
vt 0.284611 0.171304
vt 0.284611 0.171304
vt 0.089653 0.307216
vt 0.189961 0.307216
vt 0.070113 0.133593
vt 0.068974 0.122032
vt 0.068974 0.122032
vt 0.290269 0.307216
vt 0.139794 0.180152
vt 0.128233 0.181291
vt 0.128233 0.181291
vt 0.251689 0.062773
vt 0.240128 0.063912
vt 0.240128 0.063912
vt 0.081937 0.307216
vt 0.182245 0.307216
vt 0.078961 0.154954
vt 0.073485 0.144709
vt 0.073485 0.144709
vt 0.282553 0.307216
vt 0.161155 0.171304
vt 0.150910 0.176780
vt 0.150910 0.176780
vt 0.229011 0.176780
vt 0.240128 0.180152
vt 0.240128 0.180152
vt 0.293591 0.163934
vt 0.300961 0.154954
vt 0.300961 0.154954
vt 0.074221 0.307216
vt 0.174529 0.307216
vt 0.274837 0.307216
vt 0.177505 0.154954
vt 0.170135 0.163934
vt 0.170135 0.163934
vt 0.229011 0.067284
vt 0.218766 0.072760
vt 0.218766 0.072760
vt 0.095310 0.171304
vt 0.086330 0.163934
vt 0.086330 0.163934
vt 0.166813 0.307216
vt 0.267121 0.307216
vt 0.186353 0.133593
vt 0.182981 0.144709
vt 0.306437 0.144709
vt 0.309809 0.133593
vt 0.159097 0.307216
vt 0.259405 0.307216
vt 0.209786 0.080130
vt 0.202417 0.089109
vt 0.202417 0.089109
vt 0.186353 0.110471
vt 0.187492 0.122032
vt 0.187492 0.122032
vt 0.151381 0.307216
vt 0.251689 0.307216
vt 0.313417 0.307216
vt 0.305701 0.183760
vt 0.313417 0.183760
vt 0.305701 0.307216
vt 0.297985 0.183760
vt 0.297985 0.307216
vt 0.290269 0.183760
vt 0.290269 0.307216
vt 0.282553 0.183760
vt 0.282553 0.307216
vt 0.274837 0.183760
vt 0.274837 0.307216
vt 0.267121 0.183760
vt 0.267121 0.307216
vt 0.259405 0.183760
vt 0.259405 0.307216
vt 0.251689 0.183760
vt 0.251689 0.307216
vt 0.243973 0.183760
vt 0.243973 0.307216
vt 0.236257 0.183760
vt 0.236257 0.307216
vt 0.228541 0.183760
vt 0.228541 0.307216
vt 0.220825 0.183760
vt 0.220825 0.307216
vt 0.213109 0.183760
vt 0.213109 0.307216
vt 0.205393 0.183760
vt 0.205393 0.307216
vt 0.197677 0.183760
vt 0.197677 0.307216
vt 0.189961 0.183760
vt 0.189961 0.307216
vt 0.182245 0.183760
vt 0.182245 0.307216
vt 0.174529 0.183760
vt 0.174529 0.307216
vt 0.166813 0.183760
vt 0.166813 0.307216
vt 0.159097 0.183760
vt 0.159097 0.307216
vt 0.151381 0.183760
vt 0.151381 0.307216
vt 0.143665 0.183760
vt 0.143665 0.307216
vt 0.135949 0.183760
vt 0.135949 0.307216
vt 0.128233 0.183760
vt 0.128233 0.307216
vt 0.120517 0.183760
vt 0.120517 0.307216
vt 0.112801 0.183760
vt 0.112801 0.307216
vt 0.105085 0.183760
vt 0.105085 0.307216
vt 0.097369 0.183760
vt 0.097369 0.307216
vt 0.089653 0.183760
vt 0.089653 0.307216
vt 0.081937 0.183760
vt 0.073485 0.099355
vt 0.086515 0.104752
vt 0.083946 0.113223
vt 0.182981 0.144709
vt 0.169950 0.139312
vt 0.172520 0.130841
vt 0.081937 0.307216
vt 0.074221 0.183760
vt 0.074221 0.307216
vt 0.066505 0.183760
vt 0.193569 0.110471
vt 0.207402 0.113223
vt 0.209971 0.104752
vt 0.309809 0.133593
vt 0.295976 0.130841
vt 0.293407 0.139312
vt 0.305701 0.291734
vt 0.313417 0.199242
vt 0.305701 0.199242
vt 0.297985 0.291734
vt 0.297985 0.199242
vt 0.290269 0.291734
vt 0.290269 0.199242
vt 0.282553 0.291734
vt 0.282553 0.199242
vt 0.274837 0.199242
vt 0.274837 0.291734
vt 0.267121 0.199242
vt 0.267121 0.291734
vt 0.259405 0.199242
vt 0.259405 0.291734
vt 0.251689 0.199242
vt 0.251689 0.291734
vt 0.243973 0.199242
vt 0.243973 0.291734
vt 0.236257 0.199242
vt 0.236257 0.291734
vt 0.228541 0.199242
vt 0.228541 0.291734
vt 0.220825 0.199242
vt 0.220825 0.291734
vt 0.213109 0.199242
vt 0.213109 0.291734
vt 0.205393 0.199242
vt 0.205393 0.291734
vt 0.197677 0.199242
vt 0.197677 0.291734
vt 0.189961 0.199242
vt 0.189961 0.291734
vt 0.182245 0.199242
vt 0.182245 0.291734
vt 0.174529 0.199242
vt 0.174529 0.291734
vt 0.166813 0.199242
vt 0.166813 0.291734
vt 0.159097 0.199242
vt 0.159097 0.291734
vt 0.151381 0.291734
vt 0.151381 0.199242
vt 0.143665 0.291734
vt 0.143665 0.199242
vt 0.135949 0.291734
vt 0.135949 0.199242
vt 0.128233 0.291734
vt 0.128233 0.199242
vt 0.120517 0.291734
vt 0.120517 0.199242
vt 0.112801 0.291734
vt 0.112801 0.199242
vt 0.105085 0.291734
vt 0.105085 0.199242
vt 0.097369 0.291734
vt 0.097369 0.199242
vt 0.089653 0.291734
vt 0.089653 0.199242
vt 0.081937 0.291734
vt 0.081937 0.199242
vt 0.074221 0.291734
vt 0.074221 0.199242
vt 0.066505 0.291734
vt 0.066505 0.199242
vt 0.220825 0.060304
vt 0.159097 0.122032
vt 0.159097 0.060304
vt 0.220825 0.183760
vt 0.159097 0.183760
vt 0.159097 0.245488
vt 0.220825 0.245488
vt 0.159097 0.307216
vt 0.097369 0.245488
vt 0.097369 0.183760
vt 0.282553 0.183760
vt 0.220825 0.060304
vt 0.159097 0.122032
vt 0.159097 0.060304
vt 0.220825 0.122032
vt 0.159097 0.183760
vt 0.220825 0.183760
vt 0.159097 0.245488
vt 0.220825 0.245488
vt 0.159097 0.307216
vt 0.097369 0.245488
vt 0.097369 0.183760
vt 0.282553 0.183760
vt 0.220825 0.060304
vt 0.159097 0.122032
vt 0.159097 0.060304
vt 0.220825 0.122032
vt 0.159097 0.183760
vt 0.220825 0.183760
vt 0.159097 0.245488
vt 0.220825 0.245488
vt 0.159097 0.307216
vt 0.097369 0.245488
vt 0.097369 0.183760
vt 0.282553 0.183760
vt 0.159097 0.060304
vt 0.220825 0.122032
vt 0.159097 0.122032
vt 0.159097 0.183760
vt 0.220825 0.245488
vt 0.159097 0.245488
vt 0.159097 0.307216
vt 0.097369 0.245488
vt 0.097369 0.183760
vt 0.282553 0.183760
vt 0.220825 0.183760
vt 0.159097 0.060304
vt 0.220825 0.122032
vt 0.159097 0.122032
vt 0.159097 0.183760
vt 0.220825 0.245488
vt 0.159097 0.245488
vt 0.159097 0.307216
vt 0.097369 0.245488
vt 0.097369 0.183760
vt 0.282553 0.183760
vt 0.220825 0.183760
vt 0.116672 0.063912
vt 0.192430 0.122032
vt 0.139794 0.063912
vt 0.306437 0.099355
vt 0.161155 0.072760
vt 0.196941 0.099355
vt 0.177505 0.089109
vt 0.137042 0.166319
vt 0.145513 0.163750
vt 0.128233 0.167187
vt 0.116672 0.180152
vt 0.119423 0.166319
vt 0.110953 0.163750
vt 0.103146 0.159577
vt 0.096304 0.153961
vt 0.090688 0.147119
vt 0.083946 0.130841
vt 0.070113 0.110471
vt 0.083078 0.122032
vt 0.090688 0.096945
vt 0.096304 0.090103
vt 0.095310 0.072760
vt 0.103146 0.084487
vt 0.110953 0.080314
vt 0.119423 0.077745
vt 0.128233 0.076877
vt 0.137042 0.077745
vt 0.153320 0.084487
vt 0.160162 0.090103
vt 0.165778 0.096945
vt 0.169950 0.104752
vt 0.145513 0.080314
vt 0.086515 0.139312
vt 0.172520 0.113223
vt 0.173388 0.122032
vt 0.165778 0.147119
vt 0.160162 0.153961
vt 0.153320 0.159577
vt 0.310948 0.122032
vt 0.219760 0.090103
vt 0.226602 0.084487
vt 0.214144 0.096945
vt 0.206534 0.122032
vt 0.207402 0.130841
vt 0.196941 0.144709
vt 0.209971 0.139312
vt 0.214144 0.147119
vt 0.219760 0.153961
vt 0.226602 0.159577
vt 0.234409 0.163750
vt 0.242879 0.166319
vt 0.251689 0.167187
vt 0.260498 0.166319
vt 0.268969 0.163750
vt 0.283618 0.153961
vt 0.289234 0.147119
vt 0.296843 0.122032
vt 0.295976 0.113223
vt 0.293406 0.104752
vt 0.289234 0.096945
vt 0.283618 0.090103
vt 0.276776 0.084487
vt 0.274366 0.067284
vt 0.268969 0.080314
vt 0.251689 0.076877
vt 0.242879 0.077745
vt 0.234409 0.080314
vt 0.260498 0.077745
vt 0.276776 0.159577
vt 0.313417 0.291734
vt 0.293591 0.080130
vt 0.066505 0.307216
vt 0.078961 0.089109
vt 0.251689 0.181291
vt 0.209786 0.163934
vt 0.274366 0.176780
vt 0.070113 0.133593
vt 0.139794 0.180152
vt 0.251689 0.062773
vt 0.078961 0.154954
vt 0.161155 0.171304
vt 0.229011 0.176780
vt 0.293591 0.163934
vt 0.177505 0.154954
vt 0.229011 0.067284
vt 0.095310 0.171304
vt 0.186353 0.133593
vt 0.306437 0.144709
vt 0.209786 0.080130
vt 0.186353 0.110471
vt 0.137042 0.166319
vt 0.145513 0.163750
vt 0.150910 0.176780
vt 0.139794 0.180152
vt 0.128233 0.181291
vt 0.128233 0.167187
vt 0.116672 0.180152
vt 0.119423 0.166319
vt 0.105555 0.176780
vt 0.095310 0.171304
vt 0.110953 0.163750
vt 0.086330 0.163934
vt 0.103146 0.159577
vt 0.078961 0.154954
vt 0.096304 0.153961
vt 0.073485 0.144709
vt 0.090688 0.147119
vt 0.070113 0.133593
vt 0.083946 0.130841
vt 0.068974 0.122032
vt 0.070113 0.110471
vt 0.083078 0.122032
vt 0.078961 0.089109
vt 0.090688 0.096945
vt 0.086330 0.080130
vt 0.096304 0.090103
vt 0.095310 0.072760
vt 0.103146 0.084487
vt 0.105555 0.067284
vt 0.110953 0.080314
vt 0.116672 0.063912
vt 0.119423 0.077745
vt 0.128233 0.062773
vt 0.128233 0.076877
vt 0.139794 0.063912
vt 0.137042 0.077745
vt 0.150910 0.067284
vt 0.161155 0.072760
vt 0.153320 0.084487
vt 0.170135 0.080130
vt 0.160162 0.090103
vt 0.177505 0.089109
vt 0.182981 0.099355
vt 0.165778 0.096945
vt 0.169950 0.104752
vt 0.145513 0.080314
vt 0.086515 0.139312
vt 0.172520 0.113223
vt 0.186353 0.110471
vt 0.187492 0.122032
vt 0.173388 0.122032
vt 0.186353 0.133593
vt 0.177505 0.154954
vt 0.165778 0.147119
vt 0.170135 0.163934
vt 0.160162 0.153961
vt 0.161155 0.171304
vt 0.153320 0.159577
vt 0.066505 0.307216
vt 0.219760 0.090103
vt 0.226602 0.084487
vt 0.218766 0.072760
vt 0.209786 0.080130
vt 0.202417 0.089109
vt 0.214144 0.096945
vt 0.196941 0.099355
vt 0.192430 0.122032
vt 0.206534 0.122032
vt 0.193569 0.133593
vt 0.207402 0.130841
vt 0.196941 0.144709
vt 0.202417 0.154954
vt 0.209971 0.139312
vt 0.214144 0.147119
vt 0.219760 0.153961
vt 0.209786 0.163934
vt 0.218766 0.171304
vt 0.226602 0.159577
vt 0.229011 0.176780
vt 0.234409 0.163750
vt 0.240128 0.180152
vt 0.251689 0.181291
vt 0.242879 0.166319
vt 0.263250 0.180152
vt 0.251689 0.167187
vt 0.274366 0.176780
vt 0.260498 0.166319
vt 0.284611 0.171304
vt 0.268969 0.163750
vt 0.293591 0.163934
vt 0.283618 0.153961
vt 0.300961 0.154954
vt 0.306437 0.144709
vt 0.289234 0.147119
vt 0.310948 0.122032
vt 0.296843 0.122032
vt 0.309809 0.110471
vt 0.295976 0.113223
vt 0.306437 0.099355
vt 0.293406 0.104752
vt 0.300961 0.089109
vt 0.289234 0.096945
vt 0.293591 0.080130
vt 0.283618 0.090103
vt 0.284611 0.072760
vt 0.276776 0.084487
vt 0.274366 0.067284
vt 0.268969 0.080314
vt 0.263250 0.063912
vt 0.251689 0.062773
vt 0.251689 0.076877
vt 0.240128 0.063912
vt 0.242879 0.077745
vt 0.229011 0.067284
vt 0.234409 0.080314
vt 0.260498 0.077745
vt 0.276776 0.159577
vt 0.313417 0.291734
vt 0.220825 0.122032
vt 0.220825 0.307216
vt 0.282553 0.245488
vt 0.220825 0.307216
vt 0.282553 0.245488
vt 0.220825 0.307216
vt 0.282553 0.245488
vt 0.220825 0.060304
vt 0.220825 0.307216
vt 0.282553 0.245488
vt 0.220825 0.060304
vt 0.220825 0.307216
vt 0.282553 0.245488
vn -0.7730 0.0000 -0.6344
vn -0.2903 0.0000 -0.9569
vn -0.0980 0.0000 -0.9952
vn -0.6344 0.0000 -0.7730
vn 0.0000 -1.0000 0.0000
vn -0.8819 0.0000 -0.4714
vn 0.0000 1.0000 -0.0000
vn -0.9952 0.0000 -0.0980
vn 0.4714 0.0000 0.8819
vn -0.9569 0.0000 0.2903
vn 0.0980 0.0000 0.9952
vn -0.7730 0.0000 0.6344
vn -0.4714 0.0000 0.8819
vn -0.0980 0.0000 0.9952
vn -0.4714 0.0000 -0.8819
vn 0.2903 0.0000 0.9569
vn 0.2903 0.0000 -0.9569
vn 0.6344 0.0000 0.7730
vn 0.8819 0.0000 0.4714
vn 0.9952 0.0000 0.0980
vn 0.9569 0.0000 -0.2903
vn -0.2903 0.0000 0.9569
vn 0.7730 0.0000 -0.6344
vn 0.4714 0.0000 -0.8819
vn 0.0980 0.0000 -0.9952
vn 0.7730 0.0000 0.6344
vn 0.9569 0.0000 0.2903
vn 0.9952 0.0000 -0.0980
vn 0.8819 0.0000 -0.4714
vn 0.6344 0.0000 -0.7730
vn -0.9569 0.0000 -0.2903
vn -0.9952 0.0000 0.0980
vn -0.8819 0.0000 0.4714
vn -0.6344 0.0000 0.7730
vn -0.2903 0.0000 -0.9570
vn 0.0981 0.0000 0.9952
vn 0.2903 0.0000 -0.9570
vn 0.0000 0.0000 -1.0000
vn 0.0000 0.0000 1.0000
vn -1.0000 0.0000 0.0000
vn 1.0000 0.0000 0.0000
vn 0.7071 0.0000 -0.7071
vn -0.7071 0.0000 0.7071
vn -0.7071 0.0000 -0.7071
vn 0.7071 0.0000 0.7071
vn -0.9063 0.0000 0.4226
vn 0.9063 0.0000 -0.4226
vn 0.4226 0.0000 0.9063
vn -0.4226 0.0000 -0.9063
vn 0.9063 0.0000 0.4226
vn -0.9063 0.0000 -0.4226
vn 0.4226 0.0000 -0.9063
vn -0.4226 0.0000 0.9063
vn -0.0981 0.0000 0.9952
usemtl None.002
s 1
f 729/1451/107 730/1452/107 731/1453/107
f 732/1454/108 733/1455/108 734/1456/108
f 735/1457/109 736/1458/109 737/1459/109
f 738/1460/110 739/1461/110 740/1462/110
f 741/1463/111 742/1464/111 743/1465/111
f 744/1466/112 745/1467/112 746/1468/112
f 747/1469/113 748/1470/113 735/1471/113
f 749/1472/114 750/1473/114 751/1474/114
f 752/1475/115 753/1476/115 754/1477/115
f 755/1478/116 756/1479/116 757/1480/116
f 758/1481/117 759/1482/117 747/1483/117
f 754/1477/118 731/1453/118 752/1475/118
f 760/1484/111 761/1485/111 762/1486/111
f 763/1487/119 764/1488/119 765/1489/119
f 756/1490/113 766/1491/113 752/1492/113
f 760/1493/120 767/1494/120 768/1495/120
f 769/1496/121 770/1497/121 756/1479/121
f 771/1498/122 772/1499/122 773/1500/122
f 774/1501/123 775/1502/123 776/1503/123
f 777/1504/124 778/1505/124 779/1506/124
f 763/1507/111 780/1508/111 729/1509/111
f 781/1510/125 782/1511/125 783/1512/125
f 782/1513/113 784/1514/113 774/1515/113
f 776/1503/126 747/1483/126 774/1501/126
f 757/1480/117 785/1516/117 755/1478/117
f 737/1459/127 786/1517/127 735/1457/127
f 787/1518/128 788/1519/128 782/1511/128
f 789/1520/129 790/1521/129 791/1522/129
f 754/1523/111 792/1524/111 769/1525/111
f 793/1526/130 794/1527/130 795/1528/130
f 787/1529/111 796/1530/111 797/1531/111
f 798/1532/111 799/1533/111 800/1534/111
f 750/1535/113 801/1536/113 757/1537/113
f 802/1538/131 803/1539/131 804/1540/131
f 774/1515/113 805/1541/113 806/1542/113
f 751/1543/113 807/1544/113 808/1545/113
f 809/1546/117 810/1547/117 811/1548/117
f 812/1549/122 811/1548/122 813/1550/122
f 814/1551/115 813/1550/115 815/1552/115
f 816/1553/124 815/1552/124 817/1554/124
f 816/1553/132 818/1555/132 819/1556/132
f 819/1556/125 808/1557/125 799/1558/125
f 799/1558/133 807/1559/133 800/1560/133
f 800/1560/126 820/1561/126 821/1562/126
f 821/1562/134 822/1563/134 823/1564/134
f 823/1564/127 824/1565/127 825/1566/127
f 825/1566/135 826/1567/135 827/1568/135
f 827/1568/129 828/1569/129 829/1570/129
f 829/1570/136 830/1571/136 831/1572/136
f 831/1572/130 832/1573/130 833/1574/130
f 833/1574/123 834/1575/123 835/1576/123
f 835/1576/131 836/1577/131 837/1578/131
f 837/1578/109 838/1579/109 839/1580/109
f 839/1580/108 840/1581/108 841/1582/108
f 841/1582/121 842/1583/121 843/1584/121
f 843/1584/110 844/1585/110 845/1586/110
f 846/1587/107 844/1585/107 847/1588/107
f 796/1589/112 847/1588/112 806/1590/112
f 797/1591/137 806/1590/137 805/1592/137
f 848/1593/114 805/1592/114 849/1594/114
f 850/1595/138 849/1594/138 851/1596/138
f 852/1597/116 851/1596/116 853/1598/116
f 854/1599/139 853/1598/139 855/1600/139
f 856/1601/118 855/1600/118 857/1602/118
f 858/1603/140 857/1602/140 859/1604/140
f 860/1605/119 859/1604/119 861/1606/119
f 862/1607/128 861/1606/128 863/1608/128
f 864/1609/120 863/1608/120 810/1610/120
f 865/1611/109 866/1612/109 867/1613/109
f 868/1614/121 869/1615/121 870/1616/121
f 871/1617/107 872/1618/107 873/1619/107
f 874/1620/137 875/1621/137 876/1622/137
f 877/1623/138 801/1624/138 878/1625/138
f 792/1626/139 766/1627/139 770/1497/139
f 780/1628/140 879/1629/140 730/1452/140
f 761/1630/128 880/1631/128 881/1632/128
f 743/1633/117 882/1634/117 883/1635/117
f 884/1636/115 885/1637/115 886/1638/115
f 887/1639/132 888/1640/132 889/1641/132
f 890/1642/133 784/1643/133 788/1519/133
f 891/1644/134 748/1645/134 759/1482/134
f 892/1646/135 893/1647/135 894/1648/135
f 895/1649/136 896/1650/136 897/1651/136
f 898/1652/123 899/1653/123 900/1654/123
f 731/1655/113 879/1656/113 765/1657/113
f 901/1658/111 902/1659/111 884/1660/111
f 903/1661/115 894/1648/115 786/1517/115
f 765/1489/132 904/1662/132 763/1487/132
f 905/1663/134 867/1664/134 803/1539/134
f 791/1665/113 894/1666/113 893/1667/113
f 781/1668/111 887/1669/111 906/1670/111
f 803/1671/113 866/1672/113 734/1673/113
f 791/1522/121 907/1674/121 789/1520/121
f 762/1675/137 881/1632/137 764/1488/137
f 734/1456/138 908/1676/138 732/1454/138
f 909/1677/111 910/1678/111 898/1679/111
f 768/1680/113 881/1681/113 880/1682/113
f 787/1529/111 775/1683/111 890/1684/111
f 911/1685/132 897/1651/132 790/1521/132
f 768/1495/133 912/1686/133 760/1493/133
f 913/1687/135 870/1616/135 733/1455/135
f 790/1688/113 896/1689/113 795/1690/113
f 733/1691/113 869/1692/113 740/1693/113
f 795/1528/107 914/1694/107 793/1526/107
f 741/1695/138 883/1635/138 767/1494/138
f 737/1696/111 891/1697/111 758/1698/111
f 740/1462/139 915/1699/139 738/1460/139
f 732/1700/111 865/1701/111 905/1702/111
f 767/1703/113 882/1704/113 773/1705/113
f 909/1706/133 900/1654/133 794/1527/133
f 773/1500/134 742/1707/134 771/1498/134
f 789/1708/111 892/1709/111 903/1710/111
f 916/1711/136 873/1619/136 739/1461/136
f 738/1712/111 868/1713/111 913/1714/111
f 794/1715/113 899/1716/113 804/1717/113
f 739/1718/113 872/1719/113 746/1720/113
f 804/1540/137 910/1721/137 802/1538/137
f 901/1722/139 886/1638/139 772/1499/139
f 746/1468/140 917/1723/140 744/1466/140
f 744/1724/111 871/1725/111 916/1726/111
f 772/1727/113 885/1728/113 779/1729/113
f 793/1730/111 895/1731/111 911/1732/111
f 779/1506/135 902/1733/135 777/1504/135
f 798/1734/123 876/1622/123 745/1467/123
f 749/1735/111 874/1736/111 798/1532/111
f 745/1737/113 875/1738/113 751/1543/113
f 906/1739/140 889/1641/140 778/1505/140
f 751/1474/128 918/1740/128 749/1472/128
f 778/1741/113 888/1742/113 783/1743/113
f 755/1744/111 877/1745/111 919/1746/111
f 783/1512/136 920/1747/136 781/1510/136
f 919/1748/109 878/1625/109 750/1473/109
f 921/1749/109 922/1750/109 923/1751/109
f 924/1752/108 925/1753/141 922/1750/141
f 926/1754/121 927/1755/121 925/1753/121
f 928/1756/110 929/1757/110 927/1755/110
f 930/1758/107 931/1759/107 929/1757/107
f 932/1760/112 933/1761/112 931/1759/112
f 934/1762/137 935/1763/137 933/1761/137
f 936/1764/114 937/1765/114 935/1763/114
f 938/1766/138 939/1767/138 937/1765/138
f 940/1768/116 941/1769/116 939/1767/116
f 942/1770/139 943/1771/139 941/1769/139
f 944/1772/118 945/1773/118 943/1771/118
f 946/1774/140 947/1775/140 945/1773/140
f 948/1776/119 949/1777/119 947/1775/119
f 950/1778/128 951/1779/128 949/1777/128
f 952/1780/120 953/1781/120 951/1779/120
f 954/1782/117 955/1783/117 953/1781/142
f 956/1784/122 957/1785/122 955/1783/122
f 958/1786/115 959/1787/115 957/1785/115
f 960/1788/124 961/1789/124 959/1787/124
f 962/1790/132 963/1791/132 961/1789/132
f 964/1792/125 965/1793/125 963/1791/125
f 966/1794/133 967/1795/133 965/1793/133
f 968/1796/126 969/1797/126 967/1795/126
f 970/1798/134 971/1799/134 969/1797/134
f 972/1800/127 973/1801/127 971/1799/127
f 974/1802/135 975/1803/135 973/1801/135
f 976/1804/129 977/1805/129 975/1803/129
f 978/1806/136 979/1807/136 977/1805/136
f 980/1808/130 981/1809/130 979/1807/130
f 966/1810/111 982/1811/111 983/1812/111
f 934/1813/111 984/1814/111 985/1815/111
f 986/1816/143 987/1817/123 981/1809/123
f 988/1818/131 923/1819/131 987/1817/131
f 967/1820/113 989/1821/113 990/1822/113
f 935/1823/113 991/1824/113 992/1825/113
f 993/1826/117 994/1827/117 995/1828/117
f 996/1829/122 995/1828/122 997/1830/122
f 998/1831/115 997/1830/115 999/1832/115
f 1000/1833/124 999/1832/124 1001/1834/124
f 1000/1833/132 1002/1835/132 1003/1836/132
f 1003/1836/125 992/1837/125 984/1838/125
f 984/1838/133 991/1839/133 985/1840/133
f 985/1840/126 1004/1841/126 1005/1842/126
f 1005/1842/134 1006/1843/134 1007/1844/134
f 1007/1844/127 1008/1845/127 1009/1846/127
f 1009/1846/135 1010/1847/135 1011/1848/135
f 1011/1848/129 1012/1849/129 1013/1850/129
f 1013/1850/136 1014/1851/136 1015/1852/136
f 1015/1852/130 1016/1853/130 1017/1854/130
f 1017/1854/123 1018/1855/123 1019/1856/123
f 1019/1856/131 1020/1857/131 1021/1858/131
f 1021/1858/109 1022/1859/109 1023/1860/109
f 1023/1860/108 1024/1861/108 1025/1862/108
f 1025/1862/121 1026/1863/121 1027/1864/121
f 1027/1864/110 1028/1865/110 1029/1866/110
f 1030/1867/107 1028/1865/107 1031/1868/107
f 982/1869/112 1031/1868/112 990/1870/112
f 983/1871/137 990/1870/137 989/1872/137
f 1032/1873/114 989/1872/114 1033/1874/114
f 1034/1875/138 1033/1874/138 1035/1876/138
f 1036/1877/116 1035/1876/116 1037/1878/116
f 1038/1879/139 1037/1878/139 1039/1880/139
f 1040/1881/118 1039/1880/118 1041/1882/118
f 1042/1883/140 1041/1882/140 1043/1884/140
f 1044/1885/119 1043/1884/119 1045/1886/119
f 1046/1887/128 1045/1886/128 1047/1888/128
f 1048/1889/120 1047/1888/120 994/1890/120
f 1049/1891/113 1050/1892/113 1051/1893/113
f 1050/1892/144 1052/1894/144 1053/1895/144
f 1052/1894/111 1054/1896/111 1053/1895/111
f 1055/1897/145 1051/1898/145 1054/1896/145
f 1053/1895/146 1051/1899/146 1050/1900/146
f 1056/1901/147 1055/1897/147 1052/1894/147
f 1057/1902/113 1058/1903/113 1059/1904/113
f 1060/1905/148 1061/1906/148 1058/1903/148
f 1062/1907/111 1063/1908/111 1061/1906/111
f 1064/1909/149 1059/1910/149 1063/1908/149
f 1061/1906/150 1059/1911/150 1058/1912/150
f 1060/1913/151 1064/1909/151 1062/1907/151
f 1065/1914/113 1066/1915/113 1067/1916/113
f 1068/1917/150 1069/1918/150 1066/1915/150
f 1070/1919/111 1071/1920/111 1069/1918/111
f 1072/1921/151 1067/1922/151 1071/1920/151
f 1069/1918/149 1067/1923/149 1066/1924/149
f 1068/1925/148 1072/1921/148 1070/1919/148
f 1073/1926/113 1074/1927/113 1075/1928/113
f 1074/1927/152 1076/1929/152 1075/1928/152
f 1076/1929/111 1077/1930/111 1078/1931/111
f 1077/1930/153 1073/1932/153 1078/1931/153
f 1076/1929/154 1073/1933/154 1075/1934/154
f 1074/1935/155 1077/1930/155 1079/1936/155
f 1080/1937/113 1081/1938/113 1082/1939/113
f 1081/1938/156 1083/1940/156 1082/1939/156
f 1083/1940/111 1084/1941/111 1085/1942/111
f 1084/1941/157 1080/1943/157 1085/1942/157
f 1083/1940/158 1080/1944/158 1082/1945/158
f 1081/1946/159 1084/1941/159 1086/1947/159
f 729/1451/107 780/1628/107 730/1452/107
f 732/1454/108 913/1687/108 733/1455/108
f 735/1457/109 748/1645/109 736/1458/109
f 738/1460/110 916/1711/110 739/1461/110
f 741/1463/111 771/1948/111 742/1464/111
f 744/1466/112 798/1734/112 745/1467/112
f 747/1469/113 759/1949/113 748/1470/113
f 749/1472/114 919/1748/114 750/1473/114
f 752/1475/115 766/1627/115 753/1476/115
f 755/1478/116 769/1496/116 756/1479/116
f 758/1481/117 891/1644/117 759/1482/117
f 754/1477/118 729/1451/118 731/1453/118
f 760/1484/111 912/1950/111 761/1485/111
f 763/1487/119 762/1675/119 764/1488/119
f 756/1490/113 770/1951/113 766/1491/113
f 760/1493/120 741/1695/120 767/1494/120
f 769/1496/121 792/1626/121 770/1497/121
f 771/1498/122 901/1722/122 772/1499/122
f 774/1501/123 784/1643/123 775/1502/123
f 777/1504/124 906/1739/124 778/1505/124
f 763/1507/111 904/1952/111 780/1508/111
f 781/1510/125 787/1518/125 782/1511/125
f 782/1513/113 788/1953/113 784/1514/113
f 776/1503/126 758/1481/126 747/1483/126
f 757/1480/117 801/1624/117 785/1516/117
f 737/1459/127 903/1661/127 786/1517/127
f 787/1518/128 890/1642/128 788/1519/128
f 789/1520/129 911/1685/129 790/1521/129
f 754/1523/111 753/1954/111 792/1524/111
f 793/1526/130 909/1706/130 794/1527/130
f 809/1955/111 812/1956/111 913/1714/111
f 913/1714/111 732/1700/111 809/1955/111
f 732/1700/111 905/1702/111 864/1957/111
f 905/1702/111 802/1958/111 862/1959/111
f 802/1958/111 909/1677/111 862/1959/111
f 909/1677/111 793/1730/111 860/1960/111
f 793/1730/111 911/1732/111 858/1961/111
f 860/1960/111 793/1730/111 858/1961/111
f 911/1732/111 789/1708/111 856/1962/111
f 789/1708/111 903/1710/111 854/1963/111
f 856/1962/111 789/1708/111 854/1963/111
f 903/1710/111 737/1696/111 850/1964/111
f 737/1696/111 758/1698/111 850/1964/111
f 758/1698/111 776/1965/111 848/1966/111
f 776/1965/111 787/1529/111 797/1531/111
f 848/1966/111 776/1965/111 797/1531/111
f 787/1529/111 781/1668/111 846/1967/111
f 781/1668/111 906/1670/111 845/1968/111
f 906/1670/111 777/1969/111 843/1970/111
f 777/1969/111 901/1658/111 841/1971/111
f 901/1658/111 771/1948/111 839/1972/111
f 771/1948/111 741/1463/111 837/1973/111
f 741/1463/111 760/1484/111 835/1974/111
f 760/1484/111 762/1486/111 835/1974/111
f 762/1486/111 763/1507/111 831/1975/111
f 763/1507/111 729/1509/111 829/1976/111
f 729/1509/111 754/1523/111 829/1976/111
f 754/1523/111 769/1525/111 827/1977/111
f 829/1976/111 754/1523/111 827/1977/111
f 769/1525/111 825/1978/111 827/1977/111
f 763/1507/111 829/1976/111 831/1975/111
f 771/1948/111 837/1973/111 839/1972/111
f 781/1668/111 845/1968/111 846/1967/111
f 777/1969/111 841/1971/111 843/1970/111
f 850/1964/111 758/1698/111 848/1966/111
f 732/1700/111 864/1957/111 809/1955/111
f 862/1959/111 864/1957/111 905/1702/111
f 860/1960/111 862/1959/111 909/1677/111
f 762/1486/111 831/1975/111 833/1979/111
f 762/1486/111 833/1979/111 835/1974/111
f 858/1961/111 911/1732/111 856/1962/111
f 741/1463/111 835/1974/111 837/1973/111
f 901/1658/111 839/1972/111 841/1971/111
f 852/1980/111 854/1963/111 903/1710/111
f 850/1964/111 852/1980/111 903/1710/111
f 906/1670/111 843/1970/111 845/1968/111
f 787/1529/111 846/1967/111 796/1530/111
f 823/1981/111 825/1978/111 769/1525/111
f 769/1525/111 755/1744/111 823/1981/111
f 755/1744/111 919/1746/111 821/1982/111
f 919/1746/111 749/1735/111 800/1534/111
f 749/1735/111 798/1532/111 800/1534/111
f 798/1532/111 744/1724/111 819/1983/111
f 744/1724/111 916/1726/111 816/1984/111
f 916/1726/111 738/1712/111 816/1984/111
f 738/1712/111 913/1714/111 814/1985/111
f 816/1984/111 738/1712/111 814/1985/111
f 913/1714/111 812/1956/111 814/1985/111
f 744/1724/111 816/1984/111 819/1983/111
f 755/1744/111 821/1982/111 823/1981/111
f 800/1534/111 821/1982/111 919/1746/111
f 798/1532/111 819/1983/111 799/1533/111
f 750/1535/113 878/1986/113 801/1536/113
f 802/1538/131 905/1663/131 803/1539/131
f 844/1987/113 842/1988/113 779/1729/113
f 779/1729/113 778/1741/113 844/1987/113
f 778/1741/113 783/1743/113 847/1989/113
f 783/1743/113 782/1513/113 806/1542/113
f 782/1513/113 774/1515/113 806/1542/113
f 774/1515/113 747/1469/113 849/1990/113
f 747/1469/113 735/1471/113 851/1991/113
f 735/1471/113 786/1992/113 851/1991/113
f 786/1992/113 791/1665/113 853/1993/113
f 851/1991/113 786/1992/113 853/1993/113
f 791/1665/113 855/1994/113 853/1993/113
f 747/1469/113 851/1991/113 849/1990/113
f 778/1741/113 847/1989/113 844/1987/113
f 806/1542/113 847/1989/113 783/1743/113
f 774/1515/113 849/1990/113 805/1541/113
f 857/1995/113 855/1994/113 791/1665/113
f 791/1665/113 790/1688/113 857/1995/113
f 790/1688/113 795/1690/113 859/1996/113
f 795/1690/113 794/1715/113 861/1997/113
f 794/1715/113 804/1717/113 861/1997/113
f 804/1717/113 803/1671/113 863/1998/113
f 803/1671/113 734/1673/113 810/1999/113
f 863/1998/113 803/1671/113 810/1999/113
f 734/1673/113 733/1691/113 811/2000/113
f 733/1691/113 740/1693/113 813/2001/113
f 811/2000/113 733/1691/113 813/2001/113
f 740/1693/113 739/1718/113 817/2002/113
f 739/1718/113 746/1720/113 817/2002/113
f 746/1720/113 745/1737/113 818/2003/113
f 745/1737/113 751/1543/113 808/1545/113
f 818/2003/113 745/1737/113 808/1545/113
f 751/1543/113 750/1535/113 820/2004/113
f 750/1535/113 757/1537/113 822/2005/113
f 757/1537/113 756/1490/113 824/2006/113
f 756/1490/113 752/1492/113 826/2007/113
f 752/1492/113 731/1655/113 828/2008/113
f 731/1655/113 765/1657/113 830/2009/113
f 765/1657/113 764/2010/113 832/2011/113
f 764/2010/113 768/1680/113 832/2011/113
f 768/1680/113 767/1703/113 836/2012/113
f 767/1703/113 773/1705/113 838/2013/113
f 773/1705/113 772/1727/113 838/2013/113
f 772/1727/113 779/1729/113 840/2014/113
f 838/2013/113 772/1727/113 840/2014/113
f 779/1729/113 842/1988/113 840/2014/113
f 767/1703/113 838/2013/113 836/2012/113
f 731/1655/113 830/2009/113 828/2008/113
f 750/1535/113 822/2005/113 820/2004/113
f 756/1490/113 826/2007/113 824/2006/113
f 817/2002/113 746/1720/113 818/2003/113
f 790/1688/113 859/1996/113 857/1995/113
f 861/1997/113 859/1996/113 795/1690/113
f 863/1998/113 861/1997/113 804/1717/113
f 768/1680/113 836/2012/113 834/2015/113
f 768/1680/113 834/2015/113 832/2011/113
f 810/1999/113 734/1673/113 811/2000/113
f 765/1657/113 832/2011/113 830/2009/113
f 752/1492/113 828/2008/113 826/2007/113
f 815/2016/113 813/2001/113 740/1693/113
f 817/2002/113 815/2016/113 740/1693/113
f 757/1537/113 824/2006/113 822/2005/113
f 751/1543/113 820/2004/113 807/1544/113
f 809/1546/117 864/2017/117 810/1547/117
f 812/1549/122 809/1546/122 811/1548/122
f 814/1551/115 812/1549/115 813/1550/115
f 816/1553/124 814/1551/124 815/1552/124
f 816/1553/132 817/1554/132 818/1555/132
f 819/1556/125 818/1555/125 808/1557/125
f 799/1558/133 808/1557/133 807/1559/133
f 800/1560/126 807/1559/126 820/1561/126
f 821/1562/134 820/1561/134 822/1563/134
f 823/1564/127 822/1563/127 824/1565/127
f 825/1566/135 824/1565/135 826/1567/135
f 827/1568/129 826/1567/129 828/1569/129
f 829/1570/136 828/1569/136 830/1571/136
f 831/1572/130 830/1571/130 832/1573/130
f 833/1574/123 832/1573/123 834/1575/123
f 835/1576/131 834/1575/131 836/1577/131
f 837/1578/109 836/1577/109 838/1579/109
f 839/1580/108 838/1579/108 840/1581/108
f 841/1582/121 840/1581/121 842/1583/121
f 843/1584/110 842/1583/110 844/1585/110
f 846/1587/107 845/1586/107 844/1585/107
f 796/1589/112 846/1587/112 847/1588/112
f 797/1591/137 796/1589/137 806/1590/137
f 848/1593/114 797/1591/114 805/1592/114
f 850/1595/138 848/1593/138 849/1594/138
f 852/1597/116 850/1595/116 851/1596/116
f 854/1599/139 852/1597/139 853/1598/139
f 856/1601/118 854/1599/118 855/1600/118
f 858/1603/140 856/1601/140 857/1602/140
f 860/1605/119 858/1603/119 859/1604/119
f 862/1607/128 860/1605/128 861/1606/128
f 864/1609/120 862/1607/120 863/1608/120
f 865/1611/109 908/1676/109 866/1612/109
f 868/1614/121 915/1699/121 869/1615/121
f 871/1617/107 917/1723/107 872/1618/107
f 874/1620/137 918/1740/137 875/1621/137
f 877/1623/138 785/1516/138 801/1624/138
f 792/1626/139 753/1476/139 766/1627/139
f 780/1628/140 904/1662/140 879/1629/140
f 761/1630/128 912/1686/128 880/1631/128
f 743/1633/117 742/1707/117 882/1634/117
f 884/1636/115 902/1733/115 885/1637/115
f 887/1639/132 920/1747/132 888/1640/132
f 890/1642/133 775/1502/133 784/1643/133
f 891/1644/134 736/1458/134 748/1645/134
f 892/1646/135 907/1674/135 893/1647/135
f 895/1649/136 914/1694/136 896/1650/136
f 898/1652/123 910/1721/123 899/1653/123
f 731/1655/113 730/2018/113 879/1656/113
f 901/1658/111 777/1969/111 902/1659/111
f 903/1661/115 892/1646/115 894/1648/115
f 765/1489/132 879/1629/132 904/1662/132
f 905/1663/134 865/2019/134 867/1664/134
f 791/1665/113 786/1992/113 894/1666/113
f 781/1668/111 920/2020/111 887/1669/111
f 803/1671/113 867/2021/113 866/1672/113
f 791/1522/121 893/1647/121 907/1674/121
f 762/1675/137 761/1630/137 881/1632/137
f 734/1456/138 866/1612/138 908/1676/138
f 909/1677/111 802/1958/111 910/1678/111
f 768/1680/113 764/2010/113 881/1681/113
f 787/1529/111 776/1965/111 775/1683/111
f 911/1685/132 895/1649/132 897/1651/132
f 768/1495/133 880/1631/133 912/1686/133
f 913/1687/135 868/1614/135 870/1616/135
f 790/1688/113 897/2022/113 896/1689/113
f 733/1691/113 870/2023/113 869/1692/113
f 795/1528/107 896/1650/107 914/1694/107
f 741/1695/138 743/1633/138 883/1635/138
f 737/1696/111 736/2024/111 891/1697/111
f 740/1462/139 869/1615/139 915/1699/139
f 732/1700/111 908/2025/111 865/1701/111
f 767/1703/113 883/2026/113 882/1704/113
f 909/1706/133 898/1652/133 900/1654/133
f 773/1500/134 882/1634/134 742/1707/134
f 789/1708/111 907/2027/111 892/1709/111
f 916/1711/136 871/1617/136 873/1619/136
f 738/1712/111 915/2028/111 868/1713/111
f 794/1715/113 900/2029/113 899/1716/113
f 739/1718/113 873/2030/113 872/1719/113
f 804/1540/137 899/1653/137 910/1721/137
f 901/1722/139 884/1636/139 886/1638/139
f 746/1468/140 872/1618/140 917/1723/140
f 744/1724/111 917/2031/111 871/1725/111
f 772/1727/113 886/2032/113 885/1728/113
f 793/1730/111 914/2033/111 895/1731/111
f 779/1506/135 885/1637/135 902/1733/135
f 798/1734/123 874/1620/123 876/1622/123
f 749/1735/111 918/2034/111 874/1736/111
f 745/1737/113 876/2035/113 875/1738/113
f 906/1739/140 887/1639/140 889/1641/140
f 751/1474/128 875/1621/128 918/1740/128
f 778/1741/113 889/2036/113 888/1742/113
f 755/1744/111 785/2037/111 877/1745/111
f 783/1512/136 888/1640/136 920/1747/136
f 919/1748/109 877/1623/109 878/1625/109
f 921/1749/109 924/1752/109 922/1750/109
f 924/1752/108 926/1754/108 925/1753/141
f 926/1754/121 928/1756/121 927/1755/121
f 928/1756/110 930/1758/110 929/1757/110
f 930/1758/107 932/1760/107 931/1759/107
f 932/1760/112 934/1762/112 933/1761/112
f 934/1762/137 936/1764/137 935/1763/137
f 936/1764/114 938/1766/114 937/1765/114
f 938/1766/138 940/1768/138 939/1767/138
f 940/1768/116 942/1770/116 941/1769/116
f 942/1770/139 944/1772/139 943/1771/139
f 944/1772/118 946/1774/118 945/1773/118
f 946/1774/140 948/1776/140 947/1775/140
f 948/1776/119 950/1778/119 949/1777/119
f 950/1778/128 952/1780/128 951/1779/128
f 952/1780/120 954/1782/160 953/1781/120
f 954/1782/117 956/1784/117 955/1783/117
f 956/1784/122 958/1786/122 957/1785/122
f 958/1786/115 960/1788/115 959/1787/115
f 960/1788/124 962/1790/124 961/1789/124
f 962/1790/132 964/1792/132 963/1791/132
f 964/1792/125 966/1794/125 965/1793/125
f 966/1794/133 968/1796/133 967/1795/133
f 968/1796/126 970/1798/126 969/1797/126
f 970/1798/134 972/1800/134 971/1799/134
f 972/1800/127 974/1802/127 973/1801/127
f 974/1802/135 976/1804/135 975/1803/135
f 976/1804/129 978/1806/129 977/1805/129
f 978/1806/136 980/1808/136 979/1807/136
f 980/1808/130 986/1816/130 981/1809/130
f 993/2038/111 996/2039/111 926/2040/111
f 926/2040/111 924/2041/111 993/2038/111
f 924/2041/111 921/2042/111 1048/2043/111
f 921/2042/111 988/2044/111 1046/2045/111
f 988/2044/111 986/2046/111 1046/2045/111
f 986/2046/111 980/2047/111 1044/2048/111
f 980/2047/111 978/2049/111 1042/2050/111
f 1044/2048/111 980/2047/111 1042/2050/111
f 978/2049/111 976/2051/111 1040/2052/111
f 976/2051/111 974/2053/111 1038/2054/111
f 1040/2052/111 976/2051/111 1038/2054/111
f 974/2053/111 972/2055/111 1034/2056/111
f 972/2055/111 970/2057/111 1034/2056/111
f 970/2057/111 968/2058/111 1032/2059/111
f 968/2058/111 966/1810/111 983/1812/111
f 1032/2059/111 968/2058/111 983/1812/111
f 966/1810/111 964/2060/111 1030/2061/111
f 964/2060/111 962/2062/111 1029/2063/111
f 962/2062/111 960/2064/111 1027/2065/111
f 960/2064/111 958/2066/111 1025/2067/111
f 958/2066/111 956/2068/111 1023/2069/111
f 956/2068/111 954/2070/111 1021/2071/111
f 954/2070/111 952/2072/111 1019/2073/111
f 952/2072/111 950/2074/111 1019/2073/111
f 950/2074/111 948/2075/111 1015/2076/111
f 948/2075/111 946/2077/111 1013/2078/111
f 946/2077/111 944/2079/111 1013/2078/111
f 944/2079/111 942/2080/111 1011/2081/111
f 1013/2078/111 944/2079/111 1011/2081/111
f 942/2080/111 1009/2082/111 1011/2081/111
f 948/2075/111 1013/2078/111 1015/2076/111
f 956/2068/111 1021/2071/111 1023/2069/111
f 964/2060/111 1029/2063/111 1030/2061/111
f 960/2064/111 1025/2067/111 1027/2065/111
f 1034/2056/111 970/2057/111 1032/2059/111
f 924/2041/111 1048/2043/111 993/2038/111
f 1046/2045/111 1048/2043/111 921/2042/111
f 1044/2048/111 1046/2045/111 986/2046/111
f 950/2074/111 1015/2076/111 1017/2083/111
f 950/2074/111 1017/2083/111 1019/2073/111
f 1042/2050/111 978/2049/111 1040/2052/111
f 954/2070/111 1019/2073/111 1021/2071/111
f 958/2066/111 1023/2069/111 1025/2067/111
f 1036/2084/111 1038/2054/111 974/2053/111
f 1034/2056/111 1036/2084/111 974/2053/111
f 962/2062/111 1027/2065/111 1029/2063/111
f 966/1810/111 1030/2061/111 982/1811/111
f 1007/2085/111 1009/2082/111 942/2080/111
f 942/2080/111 940/2086/111 1007/2085/111
f 940/2086/111 938/2087/111 1005/2088/111
f 938/2087/111 936/2089/111 985/1815/111
f 936/2089/111 934/1813/111 985/1815/111
f 934/1813/111 932/2090/111 1003/2091/111
f 932/2090/111 930/2092/111 1000/2093/111
f 930/2092/111 928/2094/111 1000/2093/111
f 928/2094/111 926/2040/111 998/2095/111
f 1000/2093/111 928/2094/111 998/2095/111
f 926/2040/111 996/2039/111 998/2095/111
f 932/2090/111 1000/2093/111 1003/2091/111
f 940/2086/111 1005/2088/111 1007/2085/111
f 985/1815/111 1005/2088/111 938/2087/111
f 934/1813/111 1003/2091/111 984/1814/111
f 986/1816/143 988/1818/143 987/1817/123
f 988/1818/131 921/2096/131 923/1819/131
f 1028/2097/113 1026/2098/113 959/2099/113
f 959/2099/113 961/2100/113 1028/2097/113
f 961/2100/113 963/2101/113 1031/2102/113
f 963/2101/113 965/2103/113 990/1822/113
f 965/2103/113 967/1820/113 990/1822/113
f 967/1820/113 969/2104/113 1033/2105/113
f 969/2104/113 971/2106/113 1035/2107/113
f 971/2106/113 973/2108/113 1035/2107/113
f 973/2108/113 975/2109/113 1037/2110/113
f 1035/2107/113 973/2108/113 1037/2110/113
f 975/2109/113 1039/2111/113 1037/2110/113
f 969/2104/113 1035/2107/113 1033/2105/113
f 961/2100/113 1031/2102/113 1028/2097/113
f 990/1822/113 1031/2102/113 963/2101/113
f 967/1820/113 1033/2105/113 989/1821/113
f 1041/2112/113 1039/2111/113 975/2109/113
f 975/2109/113 977/2113/113 1041/2112/113
f 977/2113/113 979/2114/113 1043/2115/113
f 979/2114/113 981/2116/113 1045/2117/113
f 981/2116/113 987/2118/113 1045/2117/113
f 987/2118/113 923/2119/113 1047/2120/113
f 923/2119/113 922/2121/113 994/2122/113
f 1047/2120/113 923/2119/113 994/2122/113
f 922/2121/113 925/2123/113 995/2124/113
f 925/2123/113 927/2125/113 997/2126/113
f 995/2124/113 925/2123/113 997/2126/113
f 927/2125/113 929/2127/113 1001/2128/113
f 929/2127/113 931/2129/113 1001/2128/113
f 931/2129/113 933/2130/113 1002/2131/113
f 933/2130/113 935/1823/113 992/1825/113
f 1002/2131/113 933/2130/113 992/1825/113
f 935/1823/113 937/2132/113 1004/2133/113
f 937/2132/113 939/2134/113 1006/2135/113
f 939/2134/113 941/2136/113 1008/2137/113
f 941/2136/113 943/2138/113 1010/2139/113
f 943/2138/113 945/2140/113 1012/2141/113
f 945/2140/113 947/2142/113 1014/2143/113
f 947/2142/113 949/2144/113 1016/2145/113
f 949/2144/113 951/2146/113 1016/2145/113
f 951/2146/113 953/2147/113 1020/2148/113
f 953/2147/113 955/2149/113 1022/2150/113
f 955/2149/113 957/2151/113 1022/2150/113
f 957/2151/113 959/2099/113 1024/2152/113
f 1022/2150/113 957/2151/113 1024/2152/113
f 959/2099/113 1026/2098/113 1024/2152/113
f 953/2147/113 1022/2150/113 1020/2148/113
f 945/2140/113 1014/2143/113 1012/2141/113
f 937/2132/113 1006/2135/113 1004/2133/113
f 941/2136/113 1010/2139/113 1008/2137/113
f 1001/2128/113 931/2129/113 1002/2131/113
f 977/2113/113 1043/2115/113 1041/2112/113
f 1045/2117/113 1043/2115/113 979/2114/113
f 1047/2120/113 1045/2117/113 987/2118/113
f 951/2146/113 1020/2148/113 1018/2153/113
f 951/2146/113 1018/2153/113 1016/2145/113
f 994/2122/113 922/2121/113 995/2124/113
f 947/2142/113 1016/2145/113 1014/2143/113
f 943/2138/113 1012/2141/113 1010/2139/113
f 999/2154/113 997/2126/113 927/2125/113
f 1001/2128/113 999/2154/113 927/2125/113
f 939/2134/113 1008/2137/113 1006/2135/113
f 935/1823/113 1004/2133/113 991/1824/113
f 993/1826/117 1048/2155/117 994/1827/117
f 996/1829/122 993/1826/122 995/1828/122
f 998/1831/115 996/1829/115 997/1830/115
f 1000/1833/124 998/1831/124 999/1832/124
f 1000/1833/132 1001/1834/132 1002/1835/132
f 1003/1836/125 1002/1835/125 992/1837/125
f 984/1838/133 992/1837/133 991/1839/133
f 985/1840/126 991/1839/126 1004/1841/126
f 1005/1842/134 1004/1841/134 1006/1843/134
f 1007/1844/127 1006/1843/127 1008/1845/127
f 1009/1846/135 1008/1845/135 1010/1847/135
f 1011/1848/129 1010/1847/129 1012/1849/129
f 1013/1850/136 1012/1849/136 1014/1851/136
f 1015/1852/130 1014/1851/130 1016/1853/130
f 1017/1854/123 1016/1853/123 1018/1855/123
f 1019/1856/131 1018/1855/131 1020/1857/131
f 1021/1858/109 1020/1857/109 1022/1859/109
f 1023/1860/108 1022/1859/108 1024/1861/108
f 1025/1862/121 1024/1861/121 1026/1863/121
f 1027/1864/110 1026/1863/110 1028/1865/110
f 1030/1867/107 1029/1866/107 1028/1865/107
f 982/1869/112 1030/1867/112 1031/1868/112
f 983/1871/137 982/1869/137 990/1870/137
f 1032/1873/114 983/1871/114 989/1872/114
f 1034/1875/138 1032/1873/138 1033/1874/138
f 1036/1877/116 1034/1875/116 1035/1876/116
f 1038/1879/139 1036/1877/139 1037/1878/139
f 1040/1881/118 1038/1879/118 1039/1880/118
f 1042/1883/140 1040/1881/140 1041/1882/140
f 1044/1885/119 1042/1883/119 1043/1884/119
f 1046/1887/128 1044/1885/128 1045/1886/128
f 1048/1889/120 1046/1887/120 1047/1888/120
f 1049/1891/113 1056/2156/113 1050/1892/113
f 1050/1892/144 1056/2156/144 1052/1894/144
f 1052/1894/111 1055/1897/111 1054/1896/111
f 1055/1897/145 1049/2157/145 1051/1898/145
f 1053/1895/146 1054/1896/146 1051/1899/146
f 1056/1901/147 1049/2158/147 1055/1897/147
f 1057/1902/113 1060/1905/113 1058/1903/113
f 1060/1905/148 1062/1907/148 1061/1906/148
f 1062/1907/111 1064/1909/111 1063/1908/111
f 1064/1909/149 1057/2159/149 1059/1910/149
f 1061/1906/150 1063/1908/150 1059/1911/150
f 1060/1913/151 1057/2160/151 1064/1909/151
f 1065/1914/113 1068/1917/113 1066/1915/113
f 1068/1917/150 1070/1919/150 1069/1918/150
f 1070/1919/111 1072/1921/111 1071/1920/111
f 1072/1921/151 1065/2161/151 1067/1922/151
f 1069/1918/149 1071/1920/149 1067/1923/149
f 1068/1925/148 1065/2162/148 1072/1921/148
f 1073/1926/113 1087/2163/113 1074/1927/113
f 1074/1927/152 1079/1936/152 1076/1929/152
f 1076/1929/111 1079/1936/111 1077/1930/111
f 1077/1930/153 1087/2164/153 1073/1932/153
f 1076/1929/154 1078/1931/154 1073/1933/154
f 1074/1935/155 1087/2165/155 1077/1930/155
f 1080/1937/113 1088/2166/113 1081/1938/113
f 1081/1938/156 1086/1947/156 1083/1940/156
f 1083/1940/111 1086/1947/111 1084/1941/111
f 1084/1941/157 1088/2167/157 1080/1943/157
f 1083/1940/158 1085/1942/158 1080/1944/158
f 1081/1946/159 1088/2168/159 1084/1941/159
o 歯車_円柱.003
v 1.247494 0.163289 1.551032
v 1.233692 0.241171 1.567849
v 1.247494 0.241171 1.551032
v 1.350226 0.163289 1.212370
v 1.312587 0.241171 1.223787
v 1.350226 0.241171 1.212370
v 1.586156 0.241171 1.370013
v 1.607807 0.163289 1.367881
v 1.586156 0.163289 1.370013
v 1.277899 0.163289 1.242329
v 1.247494 0.241171 1.267281
v 1.277899 0.241171 1.242329
v 1.389369 0.163289 1.609798
v 1.430645 0.163289 1.627594
v 1.391502 0.163289 1.631449
v 1.222542 0.163289 1.297686
v 1.204000 0.241171 1.332374
v 1.222542 0.241171 1.297686
v 1.590011 0.241171 1.409156
v 1.607807 0.241171 1.367881
v 1.192583 0.163289 1.370013
v 1.188727 0.241171 1.409156
v 1.192583 0.241171 1.370013
v 1.222542 0.241171 1.520627
v 1.203355 0.163289 1.530882
v 1.222542 0.163289 1.520627
v 1.192583 0.163289 1.448300
v 1.204000 0.241171 1.485939
v 1.192583 0.241171 1.448300
v 1.590011 0.163289 1.409156
v 1.611662 0.241171 1.407024
v 1.350226 0.163289 1.605943
v 1.306272 0.163289 1.615344
v 1.312587 0.163289 1.594525
v 1.277899 0.163289 1.575984
v 1.312587 0.241171 1.594525
v 1.277899 0.241171 1.575984
v 1.203355 0.241171 1.530882
v 1.389369 0.241171 1.609798
v 1.350226 0.241171 1.605943
v 1.204000 0.163289 1.485939
v 1.184813 0.241171 1.496194
v 1.428512 0.163289 1.605943
v 1.466151 0.241171 1.594525
v 1.428512 0.241171 1.605943
v 1.586156 0.241171 1.448300
v 1.606975 0.163289 1.454615
v 1.586156 0.163289 1.448300
v 1.500840 0.163289 1.575984
v 1.531245 0.241171 1.551032
v 1.500840 0.241171 1.575984
v 1.233692 0.163289 1.567849
v 1.556197 0.163289 1.520627
v 1.574738 0.241171 1.485939
v 1.556197 0.241171 1.520627
v 1.606975 0.241171 1.454615
v 1.170932 0.163289 1.450432
v 1.574738 0.241171 1.332374
v 1.574738 0.163289 1.485939
v 1.595557 0.241171 1.492254
v 1.556197 0.163289 1.297686
v 1.531245 0.241171 1.267281
v 1.556197 0.241171 1.297686
v 1.184813 0.163289 1.496194
v 1.500840 0.163289 1.242329
v 1.466151 0.241171 1.223787
v 1.500840 0.241171 1.242329
v 1.530619 0.163289 1.467664
v 1.539319 0.163289 1.438983
v 1.204000 0.163289 1.332374
v 1.248120 0.163289 1.350649
v 1.239419 0.163289 1.379329
v 1.170932 0.241171 1.450432
v 1.428512 0.163289 1.212370
v 1.389369 0.241171 1.208514
v 1.428512 0.241171 1.212370
v 1.539319 0.241171 1.438983
v 1.530619 0.241171 1.467664
v 1.239419 0.241171 1.379329
v 1.248120 0.241171 1.350649
v 1.359542 0.163289 1.259206
v 1.389369 0.241171 1.256269
v 1.359542 0.241171 1.259206
v 1.330862 0.163289 1.267907
v 1.330862 0.241171 1.267907
v 1.304430 0.163289 1.282035
v 1.304430 0.241171 1.282035
v 1.281261 0.163289 1.301049
v 1.281261 0.241171 1.301049
v 1.262248 0.241171 1.324217
v 1.262248 0.163289 1.324217
v 1.236482 0.241171 1.409156
v 1.236482 0.163289 1.409156
v 1.239419 0.241171 1.438983
v 1.239419 0.163289 1.438983
v 1.248120 0.241171 1.467664
v 1.248120 0.163289 1.467664
v 1.262248 0.241171 1.494096
v 1.262248 0.163289 1.494096
v 1.281261 0.241171 1.517264
v 1.281261 0.163289 1.517264
v 1.304430 0.241171 1.536278
v 1.304430 0.163289 1.536278
v 1.330862 0.241171 1.550406
v 1.330862 0.163289 1.550406
v 1.359542 0.241171 1.559106
v 1.359542 0.163289 1.559106
v 1.389369 0.241171 1.562044
v 1.389369 0.163289 1.562044
v 1.419196 0.241171 1.559106
v 1.419196 0.163289 1.559106
v 1.447877 0.241171 1.550406
v 1.447877 0.163289 1.550406
v 1.474309 0.241171 1.536278
v 1.474309 0.163289 1.536278
v 1.497477 0.241171 1.517264
v 1.497477 0.163289 1.517264
v 1.516491 0.163289 1.494096
v 1.516491 0.241171 1.494096
v 1.542257 0.163289 1.409156
v 1.542257 0.241171 1.409156
v 1.539319 0.163289 1.379330
v 1.539319 0.241171 1.379330
v 1.530619 0.163289 1.350649
v 1.530619 0.241171 1.350649
v 1.516491 0.163289 1.324217
v 1.516491 0.241171 1.324217
v 1.497477 0.163289 1.301049
v 1.497477 0.241171 1.301049
v 1.474309 0.163289 1.282035
v 1.474309 0.241171 1.282035
v 1.447877 0.163289 1.267907
v 1.447877 0.241171 1.267907
v 1.419196 0.163289 1.259206
v 1.419196 0.241171 1.259206
v 1.389369 0.163289 1.256269
v 1.387237 0.163289 1.186863
v 1.348094 0.241171 1.190719
v 1.387237 0.241171 1.186863
v 1.302331 0.163289 1.204601
v 1.267643 0.241171 1.223142
v 1.302331 0.241171 1.204601
v 1.230677 0.163289 1.253479
v 1.205724 0.241171 1.283884
v 1.230677 0.241171 1.253479
v 1.183181 0.163289 1.326059
v 1.171764 0.241171 1.363698
v 1.183181 0.241171 1.326059
v 1.167076 0.163289 1.411289
v 1.167076 0.241171 1.411289
v 1.264097 0.241171 1.592801
v 1.343911 0.241171 1.626762
v 1.306272 0.241171 1.615344
v 1.430645 0.241171 1.627594
v 1.391502 0.241171 1.631449
v 1.476407 0.163289 1.613712
v 1.511095 0.241171 1.595171
v 1.476407 0.241171 1.613712
v 1.548062 0.163289 1.564833
v 1.573014 0.241171 1.534429
v 1.548062 0.241171 1.564833
v 1.595557 0.163289 1.492254
v 1.611662 0.163289 1.407024
v 1.593925 0.163289 1.322118
v 1.575384 0.241171 1.287430
v 1.593925 0.241171 1.322118
v 1.545046 0.163289 1.250464
v 1.514642 0.241171 1.225511
v 1.545046 0.241171 1.250464
v 1.472467 0.163289 1.202968
v 1.434828 0.241171 1.191551
v 1.472467 0.241171 1.202968
v 1.466151 0.163289 1.594525
v 1.511095 0.163289 1.595171
v 1.574738 0.163289 1.332374
v 1.264097 0.163289 1.592801
v 1.389369 0.163289 1.208514
v 1.531245 0.163289 1.551032
v 1.575384 0.163289 1.287430
v 1.348094 0.163289 1.190719
v 1.466151 0.163289 1.223787
v 1.434828 0.163289 1.191551
v 1.531245 0.163289 1.267281
v 1.343911 0.163289 1.626762
v 1.312587 0.163289 1.223787
v 1.514642 0.163289 1.225511
v 1.267643 0.163289 1.223142
v 1.247494 0.163289 1.267281
v 1.205724 0.163289 1.283884
v 1.171764 0.163289 1.363698
v 1.188727 0.163289 1.409156
v 1.573014 0.163289 1.534429
v 1.389369 0.163278 1.375327
v 1.382770 0.241182 1.375977
v 1.389369 0.241182 1.375327
v 1.382770 0.163278 1.375977
v 1.376423 0.241182 1.377902
v 1.376423 0.163278 1.377902
v 1.370575 0.241182 1.381029
v 1.370575 0.163278 1.381029
v 1.365449 0.241182 1.385236
v 1.365448 0.163278 1.385236
v 1.361241 0.241182 1.390362
v 1.361241 0.163278 1.390362
v 1.358115 0.241182 1.396211
v 1.358115 0.163278 1.396211
v 1.356190 0.241182 1.402557
v 1.356190 0.163278 1.402557
v 1.355540 0.241182 1.409156
v 1.355540 0.163278 1.409156
v 1.356190 0.241182 1.415756
v 1.356190 0.163278 1.415756
v 1.358115 0.241182 1.422102
v 1.358115 0.163278 1.422102
v 1.361241 0.241182 1.427951
v 1.361241 0.163278 1.427951
v 1.365448 0.241182 1.433077
v 1.365448 0.163278 1.433077
v 1.370575 0.241182 1.437284
v 1.370575 0.163278 1.437284
v 1.376423 0.241182 1.440410
v 1.376423 0.163278 1.440410
v 1.382770 0.241182 1.442335
v 1.382770 0.163278 1.442335
v 1.389369 0.241182 1.442985
v 1.389369 0.163278 1.442985
v 1.395969 0.241182 1.442335
v 1.395969 0.163278 1.442335
v 1.402315 0.241182 1.440410
v 1.402315 0.163278 1.440410
v 1.408164 0.241182 1.437284
v 1.408164 0.163278 1.437284
v 1.413290 0.241182 1.433077
v 1.413290 0.163278 1.433077
v 1.417497 0.241182 1.427951
v 1.417497 0.163278 1.427951
v 1.420623 0.241182 1.422102
v 1.420623 0.163278 1.422102
v 1.422548 0.241182 1.415756
v 1.422548 0.163278 1.415756
v 1.423198 0.241182 1.409156
v 1.423198 0.163278 1.409156
v 1.422548 0.241182 1.402557
v 1.422548 0.163278 1.402557
v 1.420623 0.241182 1.396211
v 1.420623 0.163278 1.396211
v 1.417497 0.241182 1.390362
v 1.417497 0.163278 1.390362
v 1.413290 0.241182 1.385236
v 1.413290 0.163278 1.385236
v 1.408164 0.241182 1.381029
v 1.408164 0.163278 1.381029
v 1.402315 0.241182 1.377902
v 1.413184 0.163278 1.419021
v 1.414651 0.163278 1.414185
v 1.365554 0.163278 1.399292
v 1.364087 0.163278 1.404127
v 1.402315 0.163278 1.377902
v 1.395969 0.241182 1.375977
v 1.395969 0.163278 1.375977
v 1.414651 0.241182 1.414185
v 1.413184 0.241182 1.419021
v 1.364087 0.241182 1.404127
v 1.365554 0.241182 1.399292
v 1.384340 0.163278 1.383874
v 1.389369 0.241182 1.383379
v 1.384340 0.241182 1.383874
v 1.379505 0.163278 1.385341
v 1.379505 0.241182 1.385341
v 1.375048 0.163278 1.387723
v 1.375048 0.241182 1.387723
v 1.371142 0.163278 1.390929
v 1.371142 0.241182 1.390929
v 1.367936 0.241182 1.394835
v 1.367936 0.163278 1.394835
v 1.363592 0.241182 1.409156
v 1.363592 0.163278 1.409156
v 1.364087 0.241182 1.414185
v 1.364087 0.163278 1.414185
v 1.365554 0.241182 1.419021
v 1.365554 0.163278 1.419021
v 1.367936 0.241182 1.423478
v 1.367936 0.163278 1.423478
v 1.371142 0.241182 1.427384
v 1.371142 0.163278 1.427384
v 1.375048 0.241182 1.430589
v 1.375048 0.163278 1.430589
v 1.379505 0.241182 1.432971
v 1.379505 0.163278 1.432971
v 1.384340 0.241182 1.434438
v 1.384340 0.163278 1.434438
v 1.389369 0.241182 1.434934
v 1.389369 0.163278 1.434934
v 1.394398 0.241182 1.434438
v 1.394398 0.163278 1.434438
v 1.399234 0.241182 1.432971
v 1.399234 0.163278 1.432971
v 1.403690 0.241182 1.430589
v 1.403690 0.163278 1.430589
v 1.407597 0.241182 1.427384
v 1.407597 0.163278 1.427384
v 1.410802 0.163278 1.423478
v 1.410802 0.241182 1.423478
v 1.415147 0.163278 1.409156
v 1.415147 0.241182 1.409156
v 1.414651 0.163278 1.404127
v 1.414651 0.241182 1.404127
v 1.413184 0.163278 1.399292
v 1.413184 0.241182 1.399292
v 1.410802 0.163278 1.394835
v 1.410802 0.241182 1.394835
v 1.407597 0.163278 1.390929
v 1.407597 0.241182 1.390929
v 1.403690 0.163278 1.387723
v 1.403690 0.241182 1.387723
v 1.399234 0.163278 1.385341
v 1.399234 0.241182 1.385341
v 1.394398 0.163278 1.383874
v 1.394398 0.241182 1.383874
v 1.389369 0.163278 1.383379
v 1.560949 0.238966 1.420864
v 1.416926 0.238966 1.397759
v 1.416926 0.238966 1.420864
v 1.560949 0.165494 1.397759
v 1.416926 0.165494 1.397759
v 1.416926 0.165494 1.420864
v 1.560949 0.165494 1.420864
v 1.560949 0.238966 1.397759
v 1.362014 0.238966 1.399289
v 1.276512 0.238966 1.281112
v 1.260175 0.238966 1.297449
v 1.378352 0.238966 1.382951
v 1.276512 0.165494 1.281112
v 1.378352 0.165494 1.382951
v 1.260175 0.165494 1.297449
v 1.362014 0.165494 1.399289
v 1.378352 0.238966 1.436981
v 1.260175 0.238966 1.522483
v 1.276512 0.238966 1.538821
v 1.362014 0.238966 1.420643
v 1.260175 0.165494 1.522483
v 1.362014 0.165494 1.420643
v 1.276512 0.165494 1.538821
v 1.378352 0.165494 1.436981
v 1.473445 0.238966 1.560533
v 1.391638 0.238966 1.439769
v 1.452505 0.238966 1.570298
v 1.452505 0.165494 1.570298
v 1.412578 0.165494 1.430004
v 1.473445 0.165494 1.560533
v 1.391638 0.165494 1.439769
v 1.452505 0.238966 1.247203
v 1.412578 0.238966 1.387497
v 1.473445 0.238966 1.256968
v 1.473445 0.165494 1.256968
v 1.391638 0.165494 1.377733
v 1.452505 0.165494 1.247203
v 1.412578 0.165494 1.387497
v 1.412578 0.238966 1.430004
v 1.391638 0.238966 1.377733
vt 0.220825 0.307216
vt 0.220825 0.183760
vt 0.220825 0.183760
vt 0.305701 0.307216
vt 0.297985 0.183760
vt 0.305701 0.183760
vt 0.120517 0.183760
vt 0.120517 0.307216
vt 0.120517 0.307216
vt 0.290269 0.307216
vt 0.282553 0.183760
vt 0.290269 0.183760
vt 0.128233 0.062773
vt 0.116672 0.063912
vt 0.128233 0.062773
vt 0.274837 0.307216
vt 0.267121 0.183760
vt 0.274837 0.183760
vt 0.192430 0.122032
vt 0.193569 0.133593
vt 0.193569 0.133593
vt 0.259405 0.307216
vt 0.251689 0.183760
vt 0.259405 0.183760
vt 0.228541 0.183760
vt 0.228541 0.307216
vt 0.228541 0.307216
vt 0.243973 0.307216
vt 0.236257 0.183760
vt 0.243973 0.183760
vt 0.128233 0.307216
vt 0.128233 0.183760
vt 0.128233 0.183760
vt 0.139794 0.063912
vt 0.150910 0.067284
vt 0.150910 0.067284
vt 0.213109 0.307216
vt 0.205393 0.183760
vt 0.213109 0.183760
vt 0.306437 0.099355
vt 0.300961 0.089109
vt 0.300961 0.089109
vt 0.197677 0.307216
vt 0.189961 0.183760
vt 0.197677 0.183760
vt 0.236257 0.307216
vt 0.236257 0.183760
vt 0.182245 0.307216
vt 0.174529 0.183760
vt 0.182245 0.183760
vt 0.135949 0.183760
vt 0.135949 0.307216
vt 0.135949 0.307216
vt 0.166813 0.307216
vt 0.159097 0.183760
vt 0.166813 0.183760
vt 0.161155 0.072760
vt 0.170135 0.080130
vt 0.170135 0.080130
vt 0.151381 0.307216
vt 0.143665 0.183760
vt 0.151381 0.183760
vt 0.196941 0.099355
vt 0.193569 0.110471
vt 0.193569 0.110471
vt 0.243973 0.307216
vt 0.112801 0.183760
vt 0.143665 0.307216
vt 0.143665 0.183760
vt 0.105085 0.307216
vt 0.097369 0.183760
vt 0.105085 0.183760
vt 0.177505 0.089109
vt 0.182981 0.099355
vt 0.182981 0.099355
vt 0.089653 0.307216
vt 0.081937 0.183760
vt 0.089653 0.183760
vt 0.073485 0.099355
vt 0.086515 0.104752
vt 0.083946 0.113223
vt 0.182981 0.144709
vt 0.169950 0.139312
vt 0.172520 0.130841
vt 0.310948 0.122032
vt 0.309809 0.110471
vt 0.309809 0.110471
vt 0.074221 0.307216
vt 0.066505 0.183760
vt 0.074221 0.183760
vt 0.207402 0.113223
vt 0.209971 0.104752
vt 0.309809 0.133593
vt 0.295976 0.130841
vt 0.293407 0.139312
vt 0.305701 0.291734
vt 0.313417 0.199242
vt 0.305701 0.199242
vt 0.297985 0.291734
vt 0.297985 0.199242
vt 0.290269 0.291734
vt 0.290269 0.199242
vt 0.282553 0.291734
vt 0.282553 0.199242
vt 0.274837 0.199242
vt 0.274837 0.291734
vt 0.267121 0.199242
vt 0.267121 0.291734
vt 0.259405 0.199242
vt 0.259405 0.291734
vt 0.251689 0.199242
vt 0.251689 0.291734
vt 0.243973 0.199242
vt 0.243973 0.291734
vt 0.236257 0.199242
vt 0.236257 0.291734
vt 0.228541 0.199242
vt 0.228541 0.291734
vt 0.220825 0.199242
vt 0.220825 0.291734
vt 0.213109 0.199242
vt 0.213109 0.291734
vt 0.205393 0.199242
vt 0.205393 0.291734
vt 0.197677 0.199242
vt 0.197677 0.291734
vt 0.189961 0.199242
vt 0.189961 0.291734
vt 0.182245 0.199242
vt 0.182245 0.291734
vt 0.174529 0.199242
vt 0.174529 0.291734
vt 0.166813 0.199242
vt 0.166813 0.291734
vt 0.159097 0.199242
vt 0.159097 0.291734
vt 0.151381 0.291734
vt 0.151381 0.199242
vt 0.143665 0.291734
vt 0.143665 0.199242
vt 0.135949 0.291734
vt 0.135949 0.199242
vt 0.128233 0.291734
vt 0.128233 0.199242
vt 0.120517 0.291734
vt 0.120517 0.199242
vt 0.112801 0.291734
vt 0.112801 0.199242
vt 0.105085 0.291734
vt 0.105085 0.199242
vt 0.097369 0.291734
vt 0.097369 0.199242
vt 0.089653 0.291734
vt 0.089653 0.199242
vt 0.081937 0.291734
vt 0.081937 0.199242
vt 0.074221 0.291734
vt 0.074221 0.199242
vt 0.066505 0.291734
vt 0.066505 0.199242
vt 0.313417 0.307216
vt 0.305701 0.183760
vt 0.313417 0.183760
vt 0.297985 0.307216
vt 0.290269 0.183760
vt 0.297985 0.183760
vt 0.282553 0.307216
vt 0.274837 0.183760
vt 0.282553 0.183760
vt 0.267121 0.307216
vt 0.259405 0.183760
vt 0.267121 0.183760
vt 0.251689 0.307216
vt 0.243973 0.183760
vt 0.251689 0.183760
vt 0.236257 0.307216
vt 0.228541 0.183760
vt 0.220825 0.307216
vt 0.213109 0.183760
vt 0.205393 0.307216
vt 0.197677 0.183760
vt 0.205393 0.183760
vt 0.189961 0.307216
vt 0.182245 0.183760
vt 0.189961 0.183760
vt 0.174529 0.307216
vt 0.166813 0.183760
vt 0.174529 0.183760
vt 0.159097 0.307216
vt 0.151381 0.183760
vt 0.159097 0.183760
vt 0.143665 0.307216
vt 0.135949 0.183760
vt 0.128233 0.307216
vt 0.120517 0.183760
vt 0.112801 0.307216
vt 0.105085 0.183760
vt 0.112801 0.183760
vt 0.097369 0.307216
vt 0.089653 0.183760
vt 0.097369 0.183760
vt 0.081937 0.307216
vt 0.074221 0.183760
vt 0.081937 0.183760
vt 0.293591 0.080130
vt 0.284611 0.072760
vt 0.284611 0.072760
vt 0.105555 0.067284
vt 0.095310 0.072760
vt 0.105555 0.067284
vt 0.112801 0.307216
vt 0.213109 0.307216
vt 0.066505 0.307216
vt 0.066505 0.183760
vt 0.202417 0.154954
vt 0.196941 0.144709
vt 0.202417 0.154954
vt 0.078961 0.089109
vt 0.086330 0.080130
vt 0.086330 0.080130
vt 0.251689 0.181291
vt 0.263250 0.180152
vt 0.263250 0.180152
vt 0.105085 0.307216
vt 0.205393 0.307216
vt 0.305701 0.307216
vt 0.105555 0.176780
vt 0.116672 0.180152
vt 0.105555 0.176780
vt 0.263250 0.063912
vt 0.274366 0.067284
vt 0.263250 0.063912
vt 0.070113 0.110471
vt 0.073485 0.099355
vt 0.097369 0.307216
vt 0.197677 0.307216
vt 0.297985 0.307216
vt 0.209786 0.163934
vt 0.218766 0.171304
vt 0.218766 0.171304
vt 0.274366 0.176780
vt 0.284611 0.171304
vt 0.284611 0.171304
vt 0.089653 0.307216
vt 0.189961 0.307216
vt 0.070113 0.133593
vt 0.068974 0.122032
vt 0.068974 0.122032
vt 0.290269 0.307216
vt 0.139794 0.180152
vt 0.128233 0.181291
vt 0.128233 0.181291
vt 0.251689 0.062773
vt 0.240128 0.063912
vt 0.240128 0.063912
vt 0.081937 0.307216
vt 0.182245 0.307216
vt 0.078961 0.154954
vt 0.073485 0.144709
vt 0.073485 0.144709
vt 0.282553 0.307216
vt 0.161155 0.171304
vt 0.150910 0.176780
vt 0.150910 0.176780
vt 0.229011 0.176780
vt 0.240128 0.180152
vt 0.240128 0.180152
vt 0.293591 0.163934
vt 0.300961 0.154954
vt 0.300961 0.154954
vt 0.074221 0.307216
vt 0.174529 0.307216
vt 0.274837 0.307216
vt 0.177505 0.154954
vt 0.170135 0.163934
vt 0.170135 0.163934
vt 0.229011 0.067284
vt 0.218766 0.072760
vt 0.218766 0.072760
vt 0.095310 0.171304
vt 0.086330 0.163934
vt 0.086330 0.163934
vt 0.166813 0.307216
vt 0.267121 0.307216
vt 0.186353 0.133593
vt 0.182981 0.144709
vt 0.306437 0.144709
vt 0.309809 0.133593
vt 0.159097 0.307216
vt 0.259405 0.307216
vt 0.209786 0.080130
vt 0.202417 0.089109
vt 0.202417 0.089109
vt 0.186353 0.110471
vt 0.187492 0.122032
vt 0.187492 0.122032
vt 0.151381 0.307216
vt 0.251689 0.307216
vt 0.313417 0.307216
vt 0.305701 0.183760
vt 0.313417 0.183760
vt 0.305701 0.307216
vt 0.297985 0.183760
vt 0.297985 0.307216
vt 0.290269 0.183760
vt 0.290269 0.307216
vt 0.282553 0.183760
vt 0.282553 0.307216
vt 0.274837 0.183760
vt 0.274837 0.307216
vt 0.267121 0.183760
vt 0.267121 0.307216
vt 0.259405 0.183760
vt 0.259405 0.307216
vt 0.251689 0.183760
vt 0.251689 0.307216
vt 0.243973 0.183760
vt 0.243973 0.307216
vt 0.236257 0.183760
vt 0.236257 0.307216
vt 0.228541 0.183760
vt 0.228541 0.307216
vt 0.220825 0.183760
vt 0.220825 0.307216
vt 0.213109 0.183760
vt 0.213109 0.307216
vt 0.205393 0.183760
vt 0.205393 0.307216
vt 0.197677 0.183760
vt 0.197677 0.307216
vt 0.189961 0.183760
vt 0.189961 0.307216
vt 0.182245 0.183760
vt 0.182245 0.307216
vt 0.174529 0.183760
vt 0.174529 0.307216
vt 0.166813 0.183760
vt 0.166813 0.307216
vt 0.159097 0.183760
vt 0.159097 0.307216
vt 0.151381 0.183760
vt 0.151381 0.307216
vt 0.143665 0.183760
vt 0.143665 0.307216
vt 0.135949 0.183760
vt 0.135949 0.307216
vt 0.128233 0.183760
vt 0.128233 0.307216
vt 0.120517 0.183760
vt 0.120517 0.307216
vt 0.112801 0.183760
vt 0.112801 0.307216
vt 0.105085 0.183760
vt 0.105085 0.307216
vt 0.097369 0.183760
vt 0.097369 0.307216
vt 0.089653 0.183760
vt 0.089653 0.307216
vt 0.081937 0.183760
vt 0.073485 0.099355
vt 0.086515 0.104752
vt 0.083946 0.113223
vt 0.182981 0.144709
vt 0.169950 0.139312
vt 0.172520 0.130841
vt 0.081937 0.307216
vt 0.074221 0.183760
vt 0.074221 0.307216
vt 0.066505 0.183760
vt 0.193569 0.110471
vt 0.207402 0.113223
vt 0.209971 0.104752
vt 0.309809 0.133593
vt 0.295976 0.130841
vt 0.293407 0.139312
vt 0.305701 0.291734
vt 0.313417 0.199242
vt 0.305701 0.199242
vt 0.297985 0.291734
vt 0.297985 0.199242
vt 0.290269 0.291734
vt 0.290269 0.199242
vt 0.282553 0.291734
vt 0.282553 0.199242
vt 0.274837 0.199242
vt 0.274837 0.291734
vt 0.267121 0.199242
vt 0.267121 0.291734
vt 0.259405 0.199242
vt 0.259405 0.291734
vt 0.251689 0.199242
vt 0.251689 0.291734
vt 0.243973 0.199242
vt 0.243973 0.291734
vt 0.236257 0.199242
vt 0.236257 0.291734
vt 0.228541 0.199242
vt 0.228541 0.291734
vt 0.220825 0.199242
vt 0.220825 0.291734
vt 0.213109 0.199242
vt 0.213109 0.291734
vt 0.205393 0.199242
vt 0.205393 0.291734
vt 0.197677 0.199242
vt 0.197677 0.291734
vt 0.189961 0.199242
vt 0.189961 0.291734
vt 0.182245 0.199242
vt 0.182245 0.291734
vt 0.174529 0.199242
vt 0.174529 0.291734
vt 0.166813 0.199242
vt 0.166813 0.291734
vt 0.159097 0.199242
vt 0.159097 0.291734
vt 0.151381 0.291734
vt 0.151381 0.199242
vt 0.143665 0.291734
vt 0.143665 0.199242
vt 0.135949 0.291734
vt 0.135949 0.199242
vt 0.128233 0.291734
vt 0.128233 0.199242
vt 0.120517 0.291734
vt 0.120517 0.199242
vt 0.112801 0.291734
vt 0.112801 0.199242
vt 0.105085 0.291734
vt 0.105085 0.199242
vt 0.097369 0.291734
vt 0.097369 0.199242
vt 0.089653 0.291734
vt 0.089653 0.199242
vt 0.081937 0.291734
vt 0.081937 0.199242
vt 0.074221 0.291734
vt 0.074221 0.199242
vt 0.066505 0.291734
vt 0.066505 0.199242
vt 0.220825 0.060304
vt 0.159097 0.122032
vt 0.159097 0.060304
vt 0.220825 0.183760
vt 0.159097 0.183760
vt 0.159097 0.245488
vt 0.220825 0.245488
vt 0.159097 0.307216
vt 0.097369 0.245488
vt 0.097369 0.183760
vt 0.282553 0.183760
vt 0.220825 0.060304
vt 0.159097 0.122032
vt 0.159097 0.060304
vt 0.220825 0.122032
vt 0.159097 0.183760
vt 0.220825 0.183760
vt 0.159097 0.245488
vt 0.220825 0.245488
vt 0.159097 0.307216
vt 0.097369 0.245488
vt 0.097369 0.183760
vt 0.282553 0.183760
vt 0.220825 0.060304
vt 0.159097 0.122032
vt 0.159097 0.060304
vt 0.220825 0.122032
vt 0.159097 0.183760
vt 0.220825 0.183760
vt 0.159097 0.245488
vt 0.220825 0.245488
vt 0.159097 0.307216
vt 0.097369 0.245488
vt 0.097369 0.183760
vt 0.282553 0.183760
vt 0.159097 0.060304
vt 0.220825 0.122032
vt 0.159097 0.122032
vt 0.159097 0.183760
vt 0.220825 0.245488
vt 0.159097 0.245488
vt 0.159097 0.307216
vt 0.097369 0.245488
vt 0.097369 0.183760
vt 0.282553 0.183760
vt 0.220825 0.183760
vt 0.159097 0.060304
vt 0.220825 0.122032
vt 0.159097 0.122032
vt 0.159097 0.183760
vt 0.220825 0.245488
vt 0.159097 0.245488
vt 0.159097 0.307216
vt 0.097369 0.245488
vt 0.097369 0.183760
vt 0.282553 0.183760
vt 0.220825 0.183760
vt 0.116672 0.063912
vt 0.192430 0.122032
vt 0.139794 0.063912
vt 0.306437 0.099355
vt 0.161155 0.072760
vt 0.196941 0.099355
vt 0.177505 0.089109
vt 0.137042 0.166319
vt 0.145513 0.163750
vt 0.128233 0.167187
vt 0.116672 0.180152
vt 0.119423 0.166319
vt 0.110953 0.163750
vt 0.103146 0.159577
vt 0.096304 0.153961
vt 0.090688 0.147119
vt 0.083946 0.130841
vt 0.070113 0.110471
vt 0.083078 0.122032
vt 0.090688 0.096945
vt 0.096304 0.090103
vt 0.095310 0.072760
vt 0.103146 0.084487
vt 0.110953 0.080314
vt 0.119423 0.077745
vt 0.128233 0.076877
vt 0.137042 0.077745
vt 0.153320 0.084487
vt 0.160162 0.090103
vt 0.165778 0.096945
vt 0.169950 0.104752
vt 0.145513 0.080314
vt 0.086515 0.139312
vt 0.172520 0.113223
vt 0.173388 0.122032
vt 0.165778 0.147119
vt 0.160162 0.153961
vt 0.153320 0.159577
vt 0.310948 0.122032
vt 0.219760 0.090103
vt 0.226602 0.084487
vt 0.214144 0.096945
vt 0.206534 0.122032
vt 0.207402 0.130841
vt 0.196941 0.144709
vt 0.209971 0.139312
vt 0.214144 0.147119
vt 0.219760 0.153961
vt 0.226602 0.159577
vt 0.234409 0.163750
vt 0.242879 0.166319
vt 0.251689 0.167187
vt 0.260498 0.166319
vt 0.268969 0.163750
vt 0.283618 0.153961
vt 0.289234 0.147119
vt 0.296843 0.122032
vt 0.295976 0.113223
vt 0.293406 0.104752
vt 0.289234 0.096945
vt 0.283618 0.090103
vt 0.276776 0.084487
vt 0.274366 0.067284
vt 0.268969 0.080314
vt 0.251689 0.076877
vt 0.242879 0.077745
vt 0.234409 0.080314
vt 0.260498 0.077745
vt 0.276776 0.159577
vt 0.313417 0.291734
vt 0.293591 0.080130
vt 0.066505 0.307216
vt 0.078961 0.089109
vt 0.251689 0.181291
vt 0.209786 0.163934
vt 0.274366 0.176780
vt 0.070113 0.133593
vt 0.139794 0.180152
vt 0.251689 0.062773
vt 0.078961 0.154954
vt 0.161155 0.171304
vt 0.229011 0.176780
vt 0.293591 0.163934
vt 0.177505 0.154954
vt 0.229011 0.067284
vt 0.095310 0.171304
vt 0.186353 0.133593
vt 0.306437 0.144709
vt 0.209786 0.080130
vt 0.186353 0.110471
vt 0.137042 0.166319
vt 0.145513 0.163750
vt 0.150910 0.176780
vt 0.139794 0.180152
vt 0.128233 0.181291
vt 0.128233 0.167187
vt 0.116672 0.180152
vt 0.119423 0.166319
vt 0.105555 0.176780
vt 0.095310 0.171304
vt 0.110953 0.163750
vt 0.086330 0.163934
vt 0.103146 0.159577
vt 0.078961 0.154954
vt 0.096304 0.153961
vt 0.073485 0.144709
vt 0.090688 0.147119
vt 0.070113 0.133593
vt 0.083946 0.130841
vt 0.068974 0.122032
vt 0.070113 0.110471
vt 0.083078 0.122032
vt 0.078961 0.089109
vt 0.090688 0.096945
vt 0.086330 0.080130
vt 0.096304 0.090103
vt 0.095310 0.072760
vt 0.103146 0.084487
vt 0.105555 0.067284
vt 0.110953 0.080314
vt 0.116672 0.063912
vt 0.119423 0.077745
vt 0.128233 0.062773
vt 0.128233 0.076877
vt 0.139794 0.063912
vt 0.137042 0.077745
vt 0.150910 0.067284
vt 0.161155 0.072760
vt 0.153320 0.084487
vt 0.170135 0.080130
vt 0.160162 0.090103
vt 0.177505 0.089109
vt 0.182981 0.099355
vt 0.165778 0.096945
vt 0.169950 0.104752
vt 0.145513 0.080314
vt 0.086515 0.139312
vt 0.172520 0.113223
vt 0.186353 0.110471
vt 0.187492 0.122032
vt 0.173388 0.122032
vt 0.186353 0.133593
vt 0.177505 0.154954
vt 0.165778 0.147119
vt 0.170135 0.163934
vt 0.160162 0.153961
vt 0.161155 0.171304
vt 0.153320 0.159577
vt 0.066505 0.307216
vt 0.219760 0.090103
vt 0.226602 0.084487
vt 0.218766 0.072760
vt 0.209786 0.080130
vt 0.202417 0.089109
vt 0.214144 0.096945
vt 0.196941 0.099355
vt 0.192430 0.122032
vt 0.206534 0.122032
vt 0.193569 0.133593
vt 0.207402 0.130841
vt 0.196941 0.144709
vt 0.202417 0.154954
vt 0.209971 0.139312
vt 0.214144 0.147119
vt 0.219760 0.153961
vt 0.209786 0.163934
vt 0.218766 0.171304
vt 0.226602 0.159577
vt 0.229011 0.176780
vt 0.234409 0.163750
vt 0.240128 0.180152
vt 0.251689 0.181291
vt 0.242879 0.166319
vt 0.263250 0.180152
vt 0.251689 0.167187
vt 0.274366 0.176780
vt 0.260498 0.166319
vt 0.284611 0.171304
vt 0.268969 0.163750
vt 0.293591 0.163934
vt 0.283618 0.153961
vt 0.300961 0.154954
vt 0.306437 0.144709
vt 0.289234 0.147119
vt 0.310948 0.122032
vt 0.296843 0.122032
vt 0.309809 0.110471
vt 0.295976 0.113223
vt 0.306437 0.099355
vt 0.293406 0.104752
vt 0.300961 0.089109
vt 0.289234 0.096945
vt 0.293591 0.080130
vt 0.283618 0.090103
vt 0.284611 0.072760
vt 0.276776 0.084487
vt 0.274366 0.067284
vt 0.268969 0.080314
vt 0.263250 0.063912
vt 0.251689 0.062773
vt 0.251689 0.076877
vt 0.240128 0.063912
vt 0.242879 0.077745
vt 0.229011 0.067284
vt 0.234409 0.080314
vt 0.260498 0.077745
vt 0.276776 0.159577
vt 0.313417 0.291734
vt 0.220825 0.122032
vt 0.220825 0.307216
vt 0.282553 0.245488
vt 0.220825 0.307216
vt 0.282553 0.245488
vt 0.220825 0.307216
vt 0.282553 0.245488
vt 0.220825 0.060304
vt 0.220825 0.307216
vt 0.282553 0.245488
vt 0.220825 0.060304
vt 0.220825 0.307216
vt 0.282553 0.245488
vn -0.7730 0.0000 -0.6344
vn -0.2903 0.0000 -0.9569
vn -0.0980 0.0000 -0.9952
vn -0.6344 0.0000 -0.7730
vn 0.0000 -1.0000 -0.0000
vn -0.8819 0.0000 -0.4714
vn 0.0000 1.0000 -0.0000
vn -0.9952 0.0000 -0.0980
vn 0.4714 0.0000 0.8819
vn -0.9569 0.0000 0.2903
vn 0.0980 0.0000 0.9952
vn -0.7730 0.0000 0.6344
vn -0.4714 0.0000 0.8819
vn -0.0980 0.0000 0.9952
vn -0.4714 0.0000 -0.8819
vn 0.2903 0.0000 0.9569
vn 0.2903 0.0000 -0.9569
vn 0.6344 0.0000 0.7730
vn 0.8819 0.0000 0.4714
vn 0.9952 0.0000 0.0980
vn 0.9569 0.0000 -0.2903
vn -0.2903 0.0000 0.9569
vn 0.7730 0.0000 -0.6344
vn 0.4714 0.0000 -0.8819
vn 0.0980 0.0000 -0.9952
vn 0.7730 0.0000 0.6344
vn 0.9569 0.0000 0.2903
vn 0.9952 0.0000 -0.0980
vn 0.8819 0.0000 -0.4714
vn 0.6344 0.0000 -0.7730
vn -0.9569 0.0000 -0.2903
vn -0.9952 0.0000 0.0980
vn -0.8819 0.0000 0.4714
vn -0.6344 0.0000 0.7730
vn -0.2903 0.0000 -0.9570
vn 0.2903 0.0000 -0.9570
vn 0.0981 0.0000 0.9952
vn 0.2903 0.0000 0.9570
vn -0.0981 0.0000 0.9952
vn 0.0000 0.0000 -1.0000
vn 0.0000 0.0000 1.0000
vn -1.0000 0.0000 0.0000
vn 1.0000 0.0000 0.0000
vn 0.7071 0.0000 -0.7071
vn -0.7071 0.0000 0.7071
vn -0.7071 0.0000 -0.7071
vn 0.7071 0.0000 0.7071
vn -0.9063 0.0000 0.4226
vn 0.9063 0.0000 -0.4226
vn 0.4226 0.0000 0.9063
vn -0.4226 0.0000 -0.9063
vn 0.9063 0.0000 0.4226
vn -0.9063 0.0000 -0.4226
vn 0.4226 0.0000 -0.9063
vn -0.4226 0.0000 0.9063
vn -0.2903 0.0000 0.9570
usemtl None.003
s 1
f 1089/2169/161 1090/2170/161 1091/2171/161
f 1092/2172/162 1093/2173/162 1094/2174/162
f 1095/2175/163 1096/2176/163 1097/2177/163
f 1098/2178/164 1099/2179/164 1100/2180/164
f 1101/2181/165 1102/2182/165 1103/2183/165
f 1104/2184/166 1105/2185/166 1106/2186/166
f 1107/2187/167 1108/2188/167 1095/2189/167
f 1109/2190/168 1110/2191/168 1111/2192/168
f 1112/2193/169 1113/2194/169 1114/2195/169
f 1115/2196/170 1116/2197/170 1117/2198/170
f 1118/2199/171 1119/2200/171 1107/2201/171
f 1114/2195/172 1091/2171/172 1112/2193/172
f 1120/2202/165 1121/2203/165 1122/2204/165
f 1123/2205/173 1124/2206/173 1125/2207/173
f 1116/2208/167 1126/2209/167 1112/2210/167
f 1120/2211/174 1127/2212/174 1128/2213/174
f 1129/2214/175 1130/2215/175 1116/2197/175
f 1131/2216/176 1132/2217/176 1133/2218/176
f 1134/2219/177 1135/2220/177 1136/2221/177
f 1137/2222/178 1138/2223/178 1139/2224/178
f 1123/2225/165 1140/2226/165 1089/2227/165
f 1141/2228/179 1142/2229/179 1143/2230/179
f 1142/2231/167 1144/2232/167 1134/2233/167
f 1136/2221/180 1107/2201/180 1134/2219/180
f 1117/2198/171 1145/2234/171 1115/2196/171
f 1097/2177/181 1146/2235/181 1095/2175/181
f 1147/2236/182 1148/2237/182 1142/2229/182
f 1149/2238/183 1150/2239/183 1151/2240/183
f 1114/2241/165 1152/2242/165 1129/2243/165
f 1153/2244/184 1154/2245/184 1155/2246/184
f 1147/2247/165 1156/2248/165 1157/2249/165
f 1158/2250/165 1159/2251/165 1160/2252/165
f 1110/2253/167 1161/2254/167 1117/2255/167
f 1162/2256/185 1163/2257/185 1164/2258/185
f 1134/2233/167 1165/2259/167 1166/2260/167
f 1111/2261/167 1167/2262/167 1168/2263/167
f 1169/2264/171 1170/2265/171 1171/2266/171
f 1172/2267/176 1171/2266/176 1173/2268/176
f 1174/2269/169 1173/2268/169 1175/2270/169
f 1176/2271/178 1175/2270/178 1177/2272/178
f 1176/2271/186 1178/2273/186 1179/2274/186
f 1179/2274/179 1168/2275/179 1159/2276/179
f 1159/2276/187 1167/2277/187 1160/2278/187
f 1160/2278/180 1180/2279/180 1181/2280/180
f 1181/2280/188 1182/2281/188 1183/2282/188
f 1183/2282/181 1184/2283/181 1185/2284/181
f 1185/2284/189 1186/2285/189 1187/2286/189
f 1187/2286/183 1188/2287/183 1189/2288/183
f 1189/2288/190 1190/2289/190 1191/2290/190
f 1191/2290/184 1192/2291/184 1193/2292/184
f 1193/2292/177 1194/2293/177 1195/2294/177
f 1195/2294/185 1196/2295/185 1197/2296/185
f 1197/2296/163 1198/2297/163 1199/2298/163
f 1199/2298/162 1200/2299/162 1201/2300/162
f 1201/2300/175 1202/2301/175 1203/2302/175
f 1203/2302/164 1204/2303/164 1205/2304/164
f 1206/2305/161 1204/2303/161 1207/2306/161
f 1156/2307/166 1207/2306/166 1166/2308/166
f 1157/2309/191 1166/2308/191 1165/2310/191
f 1208/2311/168 1165/2310/168 1209/2312/168
f 1210/2313/192 1209/2312/192 1211/2314/192
f 1212/2315/170 1211/2314/170 1213/2316/170
f 1214/2317/193 1213/2316/193 1215/2318/193
f 1216/2319/172 1215/2318/172 1217/2320/172
f 1218/2321/194 1217/2320/194 1219/2322/194
f 1220/2323/173 1219/2322/173 1221/2324/173
f 1222/2325/182 1221/2324/182 1223/2326/182
f 1224/2327/174 1223/2326/174 1170/2328/174
f 1225/2329/163 1226/2330/163 1227/2331/163
f 1228/2332/175 1229/2333/175 1230/2334/175
f 1231/2335/161 1232/2336/161 1233/2337/161
f 1234/2338/191 1235/2339/191 1236/2340/191
f 1237/2341/192 1161/2342/192 1238/2343/192
f 1152/2344/193 1126/2345/193 1130/2215/193
f 1140/2346/194 1239/2347/194 1090/2170/194
f 1121/2348/182 1240/2349/182 1241/2350/182
f 1103/2351/171 1242/2352/171 1243/2353/171
f 1244/2354/169 1245/2355/169 1246/2356/169
f 1247/2357/186 1248/2358/186 1249/2359/186
f 1250/2360/187 1144/2361/187 1148/2237/187
f 1251/2362/188 1108/2363/188 1119/2200/188
f 1252/2364/189 1253/2365/189 1254/2366/189
f 1255/2367/190 1256/2368/190 1257/2369/190
f 1258/2370/177 1259/2371/177 1260/2372/177
f 1091/2373/167 1239/2374/167 1125/2375/167
f 1261/2376/165 1262/2377/165 1244/2378/165
f 1263/2379/169 1254/2366/169 1146/2235/169
f 1125/2207/186 1264/2380/186 1123/2205/186
f 1265/2381/188 1227/2382/188 1163/2257/188
f 1151/2383/167 1254/2384/167 1253/2385/167
f 1141/2386/165 1247/2387/165 1266/2388/165
f 1163/2389/167 1226/2390/167 1094/2391/167
f 1151/2240/175 1267/2392/175 1149/2238/175
f 1122/2393/191 1241/2350/191 1124/2206/191
f 1094/2174/192 1268/2394/192 1092/2172/192
f 1269/2395/165 1270/2396/165 1258/2397/165
f 1128/2398/167 1241/2399/167 1240/2400/167
f 1147/2247/165 1135/2401/165 1250/2402/165
f 1271/2403/186 1257/2369/186 1150/2239/186
f 1128/2213/187 1272/2404/187 1120/2211/187
f 1273/2405/189 1230/2334/189 1093/2173/189
f 1150/2406/167 1256/2407/167 1155/2408/167
f 1093/2409/167 1229/2410/167 1100/2411/167
f 1155/2246/161 1274/2412/161 1153/2244/161
f 1101/2413/192 1243/2353/192 1127/2212/192
f 1097/2414/165 1251/2415/165 1118/2416/165
f 1100/2180/193 1275/2417/193 1098/2178/193
f 1092/2418/165 1225/2419/165 1265/2420/165
f 1127/2421/167 1242/2422/167 1133/2423/167
f 1269/2424/187 1260/2372/187 1154/2245/187
f 1133/2218/188 1102/2425/188 1131/2216/188
f 1149/2426/165 1252/2427/165 1263/2428/165
f 1276/2429/190 1233/2337/190 1099/2179/190
f 1098/2430/165 1228/2431/165 1273/2432/165
f 1154/2433/167 1259/2434/167 1164/2435/167
f 1099/2436/167 1232/2437/167 1106/2438/167
f 1164/2258/191 1270/2439/191 1162/2256/191
f 1261/2440/193 1246/2356/193 1132/2217/193
f 1106/2186/194 1277/2441/194 1104/2184/194
f 1104/2442/165 1231/2443/165 1276/2444/165
f 1132/2445/167 1245/2446/167 1139/2447/167
f 1153/2448/165 1255/2449/165 1271/2450/165
f 1139/2224/189 1262/2451/189 1137/2222/189
f 1158/2452/177 1236/2340/177 1105/2185/177
f 1109/2453/165 1234/2454/165 1158/2250/165
f 1105/2455/167 1235/2456/167 1111/2261/167
f 1266/2457/194 1249/2359/194 1138/2223/194
f 1111/2192/182 1278/2458/182 1109/2190/182
f 1138/2459/167 1248/2460/167 1143/2461/167
f 1115/2462/165 1237/2463/165 1279/2464/165
f 1143/2230/190 1280/2465/190 1141/2228/190
f 1279/2466/163 1238/2343/163 1110/2191/163
f 1281/2467/163 1282/2468/163 1283/2469/163
f 1284/2470/195 1285/2471/162 1282/2468/162
f 1286/2472/175 1287/2473/175 1285/2471/175
f 1288/2474/164 1289/2475/164 1287/2473/164
f 1290/2476/161 1291/2477/161 1289/2475/161
f 1292/2478/166 1293/2479/166 1291/2477/166
f 1294/2480/191 1295/2481/191 1293/2479/191
f 1296/2482/168 1297/2483/168 1295/2481/168
f 1298/2484/192 1299/2485/192 1297/2483/192
f 1300/2486/170 1301/2487/170 1299/2485/170
f 1302/2488/193 1303/2489/193 1301/2487/193
f 1304/2490/172 1305/2491/172 1303/2489/172
f 1306/2492/194 1307/2493/194 1305/2491/194
f 1308/2494/173 1309/2495/173 1307/2493/173
f 1310/2496/182 1311/2497/182 1309/2495/182
f 1312/2498/174 1313/2499/174 1311/2497/174
f 1314/2500/171 1315/2501/171 1313/2499/171
f 1316/2502/176 1317/2503/176 1315/2501/176
f 1318/2504/169 1319/2505/169 1317/2503/169
f 1320/2506/178 1321/2507/178 1319/2505/178
f 1322/2508/186 1323/2509/186 1321/2507/186
f 1324/2510/179 1325/2511/179 1323/2509/179
f 1326/2512/187 1327/2513/187 1325/2511/187
f 1328/2514/180 1329/2515/180 1327/2513/180
f 1330/2516/188 1331/2517/188 1329/2515/188
f 1332/2518/181 1333/2519/181 1331/2517/181
f 1334/2520/189 1335/2521/189 1333/2519/189
f 1336/2522/183 1337/2523/183 1335/2521/183
f 1338/2524/190 1339/2525/190 1337/2523/190
f 1340/2526/184 1341/2527/184 1339/2525/184
f 1326/2528/165 1342/2529/165 1343/2530/165
f 1294/2531/165 1344/2532/165 1345/2533/165
f 1346/2534/177 1347/2535/196 1341/2527/196
f 1348/2536/185 1283/2537/185 1347/2535/185
f 1327/2538/167 1349/2539/167 1350/2540/167
f 1295/2541/167 1351/2542/167 1352/2543/167
f 1353/2544/171 1354/2545/197 1355/2546/197
f 1356/2547/176 1355/2546/176 1357/2548/198
f 1358/2549/169 1357/2548/169 1359/2550/169
f 1360/2551/178 1359/2550/178 1361/2552/178
f 1360/2551/186 1362/2553/186 1363/2554/186
f 1363/2554/179 1352/2555/179 1344/2556/179
f 1344/2556/187 1351/2557/187 1345/2558/187
f 1345/2558/180 1364/2559/180 1365/2560/180
f 1365/2560/188 1366/2561/188 1367/2562/188
f 1367/2562/181 1368/2563/181 1369/2564/181
f 1369/2564/189 1370/2565/189 1371/2566/189
f 1371/2566/183 1372/2567/183 1373/2568/183
f 1373/2568/190 1374/2569/190 1375/2570/190
f 1375/2570/184 1376/2571/184 1377/2572/184
f 1377/2572/177 1378/2573/177 1379/2574/177
f 1379/2574/185 1380/2575/185 1381/2576/185
f 1381/2576/163 1382/2577/163 1383/2578/163
f 1383/2578/162 1384/2579/162 1385/2580/195
f 1385/2580/175 1386/2581/175 1387/2582/175
f 1387/2582/164 1388/2583/164 1389/2584/164
f 1390/2585/161 1388/2583/161 1391/2586/161
f 1342/2587/166 1391/2586/166 1350/2588/166
f 1343/2589/191 1350/2588/191 1349/2590/191
f 1392/2591/168 1349/2590/168 1393/2592/168
f 1394/2593/192 1393/2592/192 1395/2594/192
f 1396/2595/170 1395/2594/170 1397/2596/170
f 1398/2597/193 1397/2596/193 1399/2598/193
f 1400/2599/172 1399/2598/172 1401/2600/172
f 1402/2601/194 1401/2600/194 1403/2602/194
f 1404/2603/173 1403/2602/173 1405/2604/173
f 1406/2605/182 1405/2604/182 1407/2606/182
f 1408/2607/199 1407/2606/174 1354/2608/174
f 1409/2609/167 1410/2610/167 1411/2611/167
f 1410/2610/200 1412/2612/200 1413/2613/200
f 1412/2612/165 1414/2614/165 1413/2613/165
f 1415/2615/201 1411/2616/201 1414/2614/201
f 1413/2613/202 1411/2617/202 1410/2618/202
f 1416/2619/203 1415/2615/203 1412/2612/203
f 1417/2620/167 1418/2621/167 1419/2622/167
f 1420/2623/204 1421/2624/204 1418/2621/204
f 1422/2625/165 1423/2626/165 1421/2624/165
f 1424/2627/205 1419/2628/205 1423/2626/205
f 1421/2624/206 1419/2629/206 1418/2630/206
f 1420/2631/207 1424/2627/207 1422/2625/207
f 1425/2632/167 1426/2633/167 1427/2634/167
f 1428/2635/206 1429/2636/206 1426/2633/206
f 1430/2637/165 1431/2638/165 1429/2636/165
f 1432/2639/207 1427/2640/207 1431/2638/207
f 1429/2636/205 1427/2641/205 1426/2642/205
f 1428/2643/204 1432/2639/204 1430/2637/204
f 1433/2644/167 1434/2645/167 1435/2646/167
f 1434/2645/208 1436/2647/208 1435/2646/208
f 1436/2647/165 1437/2648/165 1438/2649/165
f 1437/2648/209 1433/2650/209 1438/2649/209
f 1436/2647/210 1433/2651/210 1435/2652/210
f 1434/2653/211 1437/2648/211 1439/2654/211
f 1440/2655/167 1441/2656/167 1442/2657/167
f 1441/2656/212 1443/2658/212 1442/2657/212
f 1443/2658/165 1444/2659/165 1445/2660/165
f 1444/2659/213 1440/2661/213 1445/2660/213
f 1443/2658/214 1440/2662/214 1442/2663/214
f 1441/2664/215 1444/2659/215 1446/2665/215
f 1089/2169/161 1140/2346/161 1090/2170/161
f 1092/2172/162 1273/2405/162 1093/2173/162
f 1095/2175/163 1108/2363/163 1096/2176/163
f 1098/2178/164 1276/2429/164 1099/2179/164
f 1101/2181/165 1131/2666/165 1102/2182/165
f 1104/2184/166 1158/2452/166 1105/2185/166
f 1107/2187/167 1119/2667/167 1108/2188/167
f 1109/2190/168 1279/2466/168 1110/2191/168
f 1112/2193/169 1126/2345/169 1113/2194/169
f 1115/2196/170 1129/2214/170 1116/2197/170
f 1118/2199/171 1251/2362/171 1119/2200/171
f 1114/2195/172 1089/2169/172 1091/2171/172
f 1120/2202/165 1272/2668/165 1121/2203/165
f 1123/2205/173 1122/2393/173 1124/2206/173
f 1116/2208/167 1130/2669/167 1126/2209/167
f 1120/2211/174 1101/2413/174 1127/2212/174
f 1129/2214/175 1152/2344/175 1130/2215/175
f 1131/2216/176 1261/2440/176 1132/2217/176
f 1134/2219/177 1144/2361/177 1135/2220/177
f 1137/2222/178 1266/2457/178 1138/2223/178
f 1123/2225/165 1264/2670/165 1140/2226/165
f 1141/2228/179 1147/2236/179 1142/2229/179
f 1142/2231/167 1148/2671/167 1144/2232/167
f 1136/2221/180 1118/2199/180 1107/2201/180
f 1117/2198/171 1161/2342/171 1145/2234/171
f 1097/2177/181 1263/2379/181 1146/2235/181
f 1147/2236/182 1250/2360/182 1148/2237/182
f 1149/2238/183 1271/2403/183 1150/2239/183
f 1114/2241/165 1113/2672/165 1152/2242/165
f 1153/2244/184 1269/2424/184 1154/2245/184
f 1169/2673/165 1172/2674/165 1273/2432/165
f 1273/2432/165 1092/2418/165 1169/2673/165
f 1092/2418/165 1265/2420/165 1224/2675/165
f 1265/2420/165 1162/2676/165 1222/2677/165
f 1162/2676/165 1269/2395/165 1222/2677/165
f 1269/2395/165 1153/2448/165 1220/2678/165
f 1153/2448/165 1271/2450/165 1218/2679/165
f 1220/2678/165 1153/2448/165 1218/2679/165
f 1271/2450/165 1149/2426/165 1216/2680/165
f 1149/2426/165 1263/2428/165 1214/2681/165
f 1216/2680/165 1149/2426/165 1214/2681/165
f 1263/2428/165 1097/2414/165 1210/2682/165
f 1097/2414/165 1118/2416/165 1210/2682/165
f 1118/2416/165 1136/2683/165 1208/2684/165
f 1136/2683/165 1147/2247/165 1157/2249/165
f 1208/2684/165 1136/2683/165 1157/2249/165
f 1147/2247/165 1141/2386/165 1206/2685/165
f 1141/2386/165 1266/2388/165 1205/2686/165
f 1266/2388/165 1137/2687/165 1203/2688/165
f 1137/2687/165 1261/2376/165 1201/2689/165
f 1261/2376/165 1131/2666/165 1199/2690/165
f 1131/2666/165 1101/2181/165 1197/2691/165
f 1101/2181/165 1120/2202/165 1195/2692/165
f 1120/2202/165 1122/2204/165 1195/2692/165
f 1122/2204/165 1123/2225/165 1191/2693/165
f 1123/2225/165 1089/2227/165 1189/2694/165
f 1089/2227/165 1114/2241/165 1189/2694/165
f 1114/2241/165 1129/2243/165 1187/2695/165
f 1189/2694/165 1114/2241/165 1187/2695/165
f 1129/2243/165 1185/2696/165 1187/2695/165
f 1123/2225/165 1189/2694/165 1191/2693/165
f 1131/2666/165 1197/2691/165 1199/2690/165
f 1141/2386/165 1205/2686/165 1206/2685/165
f 1137/2687/165 1201/2689/165 1203/2688/165
f 1210/2682/165 1118/2416/165 1208/2684/165
f 1092/2418/165 1224/2675/165 1169/2673/165
f 1222/2677/165 1224/2675/165 1265/2420/165
f 1220/2678/165 1222/2677/165 1269/2395/165
f 1122/2204/165 1191/2693/165 1193/2697/165
f 1122/2204/165 1193/2697/165 1195/2692/165
f 1218/2679/165 1271/2450/165 1216/2680/165
f 1101/2181/165 1195/2692/165 1197/2691/165
f 1261/2376/165 1199/2690/165 1201/2689/165
f 1212/2698/165 1214/2681/165 1263/2428/165
f 1210/2682/165 1212/2698/165 1263/2428/165
f 1266/2388/165 1203/2688/165 1205/2686/165
f 1147/2247/165 1206/2685/165 1156/2248/165
f 1183/2699/165 1185/2696/165 1129/2243/165
f 1129/2243/165 1115/2462/165 1183/2699/165
f 1115/2462/165 1279/2464/165 1181/2700/165
f 1279/2464/165 1109/2453/165 1160/2252/165
f 1109/2453/165 1158/2250/165 1160/2252/165
f 1158/2250/165 1104/2442/165 1179/2701/165
f 1104/2442/165 1276/2444/165 1176/2702/165
f 1276/2444/165 1098/2430/165 1176/2702/165
f 1098/2430/165 1273/2432/165 1174/2703/165
f 1176/2702/165 1098/2430/165 1174/2703/165
f 1273/2432/165 1172/2674/165 1174/2703/165
f 1104/2442/165 1176/2702/165 1179/2701/165
f 1115/2462/165 1181/2700/165 1183/2699/165
f 1160/2252/165 1181/2700/165 1279/2464/165
f 1158/2250/165 1179/2701/165 1159/2251/165
f 1110/2253/167 1238/2704/167 1161/2254/167
f 1162/2256/185 1265/2381/185 1163/2257/185
f 1204/2705/167 1202/2706/167 1139/2447/167
f 1139/2447/167 1138/2459/167 1204/2705/167
f 1138/2459/167 1143/2461/167 1207/2707/167
f 1143/2461/167 1142/2231/167 1166/2260/167
f 1142/2231/167 1134/2233/167 1166/2260/167
f 1134/2233/167 1107/2187/167 1209/2708/167
f 1107/2187/167 1095/2189/167 1211/2709/167
f 1095/2189/167 1146/2710/167 1211/2709/167
f 1146/2710/167 1151/2383/167 1213/2711/167
f 1211/2709/167 1146/2710/167 1213/2711/167
f 1151/2383/167 1215/2712/167 1213/2711/167
f 1107/2187/167 1211/2709/167 1209/2708/167
f 1138/2459/167 1207/2707/167 1204/2705/167
f 1166/2260/167 1207/2707/167 1143/2461/167
f 1134/2233/167 1209/2708/167 1165/2259/167
f 1217/2713/167 1215/2712/167 1151/2383/167
f 1151/2383/167 1150/2406/167 1217/2713/167
f 1150/2406/167 1155/2408/167 1219/2714/167
f 1155/2408/167 1154/2433/167 1221/2715/167
f 1154/2433/167 1164/2435/167 1221/2715/167
f 1164/2435/167 1163/2389/167 1223/2716/167
f 1163/2389/167 1094/2391/167 1170/2717/167
f 1223/2716/167 1163/2389/167 1170/2717/167
f 1094/2391/167 1093/2409/167 1171/2718/167
f 1093/2409/167 1100/2411/167 1173/2719/167
f 1171/2718/167 1093/2409/167 1173/2719/167
f 1100/2411/167 1099/2436/167 1177/2720/167
f 1099/2436/167 1106/2438/167 1177/2720/167
f 1106/2438/167 1105/2455/167 1178/2721/167
f 1105/2455/167 1111/2261/167 1168/2263/167
f 1178/2721/167 1105/2455/167 1168/2263/167
f 1111/2261/167 1110/2253/167 1180/2722/167
f 1110/2253/167 1117/2255/167 1182/2723/167
f 1117/2255/167 1116/2208/167 1184/2724/167
f 1116/2208/167 1112/2210/167 1186/2725/167
f 1112/2210/167 1091/2373/167 1188/2726/167
f 1091/2373/167 1125/2375/167 1190/2727/167
f 1125/2375/167 1124/2728/167 1192/2729/167
f 1124/2728/167 1128/2398/167 1192/2729/167
f 1128/2398/167 1127/2421/167 1196/2730/167
f 1127/2421/167 1133/2423/167 1198/2731/167
f 1133/2423/167 1132/2445/167 1198/2731/167
f 1132/2445/167 1139/2447/167 1200/2732/167
f 1198/2731/167 1132/2445/167 1200/2732/167
f 1139/2447/167 1202/2706/167 1200/2732/167
f 1127/2421/167 1198/2731/167 1196/2730/167
f 1091/2373/167 1190/2727/167 1188/2726/167
f 1110/2253/167 1182/2723/167 1180/2722/167
f 1116/2208/167 1186/2725/167 1184/2724/167
f 1177/2720/167 1106/2438/167 1178/2721/167
f 1150/2406/167 1219/2714/167 1217/2713/167
f 1221/2715/167 1219/2714/167 1155/2408/167
f 1223/2716/167 1221/2715/167 1164/2435/167
f 1128/2398/167 1196/2730/167 1194/2733/167
f 1128/2398/167 1194/2733/167 1192/2729/167
f 1170/2717/167 1094/2391/167 1171/2718/167
f 1125/2375/167 1192/2729/167 1190/2727/167
f 1112/2210/167 1188/2726/167 1186/2725/167
f 1175/2734/167 1173/2719/167 1100/2411/167
f 1177/2720/167 1175/2734/167 1100/2411/167
f 1117/2255/167 1184/2724/167 1182/2723/167
f 1111/2261/167 1180/2722/167 1167/2262/167
f 1169/2264/171 1224/2735/171 1170/2265/171
f 1172/2267/176 1169/2264/176 1171/2266/176
f 1174/2269/169 1172/2267/169 1173/2268/169
f 1176/2271/178 1174/2269/178 1175/2270/178
f 1176/2271/186 1177/2272/186 1178/2273/186
f 1179/2274/179 1178/2273/179 1168/2275/179
f 1159/2276/187 1168/2275/187 1167/2277/187
f 1160/2278/180 1167/2277/180 1180/2279/180
f 1181/2280/188 1180/2279/188 1182/2281/188
f 1183/2282/181 1182/2281/181 1184/2283/181
f 1185/2284/189 1184/2283/189 1186/2285/189
f 1187/2286/183 1186/2285/183 1188/2287/183
f 1189/2288/190 1188/2287/190 1190/2289/190
f 1191/2290/184 1190/2289/184 1192/2291/184
f 1193/2292/177 1192/2291/177 1194/2293/177
f 1195/2294/185 1194/2293/185 1196/2295/185
f 1197/2296/163 1196/2295/163 1198/2297/163
f 1199/2298/162 1198/2297/162 1200/2299/162
f 1201/2300/175 1200/2299/175 1202/2301/175
f 1203/2302/164 1202/2301/164 1204/2303/164
f 1206/2305/161 1205/2304/161 1204/2303/161
f 1156/2307/166 1206/2305/166 1207/2306/166
f 1157/2309/191 1156/2307/191 1166/2308/191
f 1208/2311/168 1157/2309/168 1165/2310/168
f 1210/2313/192 1208/2311/192 1209/2312/192
f 1212/2315/170 1210/2313/170 1211/2314/170
f 1214/2317/193 1212/2315/193 1213/2316/193
f 1216/2319/172 1214/2317/172 1215/2318/172
f 1218/2321/194 1216/2319/194 1217/2320/194
f 1220/2323/173 1218/2321/173 1219/2322/173
f 1222/2325/182 1220/2323/182 1221/2324/182
f 1224/2327/174 1222/2325/174 1223/2326/174
f 1225/2329/163 1268/2394/163 1226/2330/163
f 1228/2332/175 1275/2417/175 1229/2333/175
f 1231/2335/161 1277/2441/161 1232/2336/161
f 1234/2338/191 1278/2458/191 1235/2339/191
f 1237/2341/192 1145/2234/192 1161/2342/192
f 1152/2344/193 1113/2194/193 1126/2345/193
f 1140/2346/194 1264/2380/194 1239/2347/194
f 1121/2348/182 1272/2404/182 1240/2349/182
f 1103/2351/171 1102/2425/171 1242/2352/171
f 1244/2354/169 1262/2451/169 1245/2355/169
f 1247/2357/186 1280/2465/186 1248/2358/186
f 1250/2360/187 1135/2220/187 1144/2361/187
f 1251/2362/188 1096/2176/188 1108/2363/188
f 1252/2364/189 1267/2392/189 1253/2365/189
f 1255/2367/190 1274/2412/190 1256/2368/190
f 1258/2370/177 1270/2439/177 1259/2371/177
f 1091/2373/167 1090/2736/167 1239/2374/167
f 1261/2376/165 1137/2687/165 1262/2377/165
f 1263/2379/169 1252/2364/169 1254/2366/169
f 1125/2207/186 1239/2347/186 1264/2380/186
f 1265/2381/188 1225/2737/188 1227/2382/188
f 1151/2383/167 1146/2710/167 1254/2384/167
f 1141/2386/165 1280/2738/165 1247/2387/165
f 1163/2389/167 1227/2739/167 1226/2390/167
f 1151/2240/175 1253/2365/175 1267/2392/175
f 1122/2393/191 1121/2348/191 1241/2350/191
f 1094/2174/192 1226/2330/192 1268/2394/192
f 1269/2395/165 1162/2676/165 1270/2396/165
f 1128/2398/167 1124/2728/167 1241/2399/167
f 1147/2247/165 1136/2683/165 1135/2401/165
f 1271/2403/186 1255/2367/186 1257/2369/186
f 1128/2213/187 1240/2349/187 1272/2404/187
f 1273/2405/189 1228/2332/189 1230/2334/189
f 1150/2406/167 1257/2740/167 1256/2407/167
f 1093/2409/167 1230/2741/167 1229/2410/167
f 1155/2246/161 1256/2368/161 1274/2412/161
f 1101/2413/192 1103/2351/192 1243/2353/192
f 1097/2414/165 1096/2742/165 1251/2415/165
f 1100/2180/193 1229/2333/193 1275/2417/193
f 1092/2418/165 1268/2743/165 1225/2419/165
f 1127/2421/167 1243/2744/167 1242/2422/167
f 1269/2424/187 1258/2370/187 1260/2372/187
f 1133/2218/188 1242/2352/188 1102/2425/188
f 1149/2426/165 1267/2745/165 1252/2427/165
f 1276/2429/190 1231/2335/190 1233/2337/190
f 1098/2430/165 1275/2746/165 1228/2431/165
f 1154/2433/167 1260/2747/167 1259/2434/167
f 1099/2436/167 1233/2748/167 1232/2437/167
f 1164/2258/191 1259/2371/191 1270/2439/191
f 1261/2440/193 1244/2354/193 1246/2356/193
f 1106/2186/194 1232/2336/194 1277/2441/194
f 1104/2442/165 1277/2749/165 1231/2443/165
f 1132/2445/167 1246/2750/167 1245/2446/167
f 1153/2448/165 1274/2751/165 1255/2449/165
f 1139/2224/189 1245/2355/189 1262/2451/189
f 1158/2452/177 1234/2338/177 1236/2340/177
f 1109/2453/165 1278/2752/165 1234/2454/165
f 1105/2455/167 1236/2753/167 1235/2456/167
f 1266/2457/194 1247/2357/194 1249/2359/194
f 1111/2192/182 1235/2339/182 1278/2458/182
f 1138/2459/167 1249/2754/167 1248/2460/167
f 1115/2462/165 1145/2755/165 1237/2463/165
f 1143/2230/190 1248/2358/190 1280/2465/190
f 1279/2466/163 1237/2341/163 1238/2343/163
f 1281/2467/163 1284/2470/163 1282/2468/163
f 1284/2470/195 1286/2472/195 1285/2471/162
f 1286/2472/175 1288/2474/175 1287/2473/175
f 1288/2474/164 1290/2476/164 1289/2475/164
f 1290/2476/161 1292/2478/161 1291/2477/161
f 1292/2478/166 1294/2480/166 1293/2479/166
f 1294/2480/191 1296/2482/191 1295/2481/191
f 1296/2482/168 1298/2484/168 1297/2483/168
f 1298/2484/192 1300/2486/192 1299/2485/192
f 1300/2486/170 1302/2488/170 1301/2487/170
f 1302/2488/193 1304/2490/193 1303/2489/193
f 1304/2490/172 1306/2492/172 1305/2491/172
f 1306/2492/194 1308/2494/194 1307/2493/194
f 1308/2494/173 1310/2496/173 1309/2495/173
f 1310/2496/182 1312/2498/182 1311/2497/182
f 1312/2498/174 1314/2500/174 1313/2499/174
f 1314/2500/171 1316/2502/171 1315/2501/171
f 1316/2502/176 1318/2504/176 1317/2503/176
f 1318/2504/169 1320/2506/169 1319/2505/169
f 1320/2506/178 1322/2508/178 1321/2507/178
f 1322/2508/186 1324/2510/186 1323/2509/186
f 1324/2510/179 1326/2512/179 1325/2511/179
f 1326/2512/187 1328/2514/187 1327/2513/187
f 1328/2514/180 1330/2516/180 1329/2515/180
f 1330/2516/188 1332/2518/188 1331/2517/188
f 1332/2518/181 1334/2520/181 1333/2519/181
f 1334/2520/189 1336/2522/189 1335/2521/189
f 1336/2522/183 1338/2524/183 1337/2523/183
f 1338/2524/190 1340/2526/190 1339/2525/190
f 1340/2526/184 1346/2534/184 1341/2527/184
f 1353/2756/165 1356/2757/165 1286/2758/165
f 1286/2758/165 1284/2759/165 1353/2756/165
f 1284/2759/165 1281/2760/165 1408/2761/165
f 1281/2760/165 1348/2762/165 1406/2763/165
f 1348/2762/165 1346/2764/165 1406/2763/165
f 1346/2764/165 1340/2765/165 1404/2766/165
f 1340/2765/165 1338/2767/165 1402/2768/165
f 1404/2766/165 1340/2765/165 1402/2768/165
f 1338/2767/165 1336/2769/165 1400/2770/165
f 1336/2769/165 1334/2771/165 1398/2772/165
f 1400/2770/165 1336/2769/165 1398/2772/165
f 1334/2771/165 1332/2773/165 1394/2774/165
f 1332/2773/165 1330/2775/165 1394/2774/165
f 1330/2775/165 1328/2776/165 1392/2777/165
f 1328/2776/165 1326/2528/165 1343/2530/165
f 1392/2777/165 1328/2776/165 1343/2530/165
f 1326/2528/165 1324/2778/165 1390/2779/165
f 1324/2778/165 1322/2780/165 1389/2781/165
f 1322/2780/165 1320/2782/165 1387/2783/165
f 1320/2782/165 1318/2784/165 1385/2785/165
f 1318/2784/165 1316/2786/165 1383/2787/165
f 1316/2786/165 1314/2788/165 1381/2789/165
f 1314/2788/165 1312/2790/165 1379/2791/165
f 1312/2790/165 1310/2792/165 1379/2791/165
f 1310/2792/165 1308/2793/165 1375/2794/165
f 1308/2793/165 1306/2795/165 1373/2796/165
f 1306/2795/165 1304/2797/165 1373/2796/165
f 1304/2797/165 1302/2798/165 1371/2799/165
f 1373/2796/165 1304/2797/165 1371/2799/165
f 1302/2798/165 1369/2800/165 1371/2799/165
f 1308/2793/165 1373/2796/165 1375/2794/165
f 1316/2786/165 1381/2789/165 1383/2787/165
f 1324/2778/165 1389/2781/165 1390/2779/165
f 1320/2782/165 1385/2785/165 1387/2783/165
f 1394/2774/165 1330/2775/165 1392/2777/165
f 1284/2759/165 1408/2761/165 1353/2756/165
f 1406/2763/165 1408/2761/165 1281/2760/165
f 1404/2766/165 1406/2763/165 1346/2764/165
f 1310/2792/165 1375/2794/165 1377/2801/165
f 1310/2792/165 1377/2801/165 1379/2791/165
f 1402/2768/165 1338/2767/165 1400/2770/165
f 1314/2788/165 1379/2791/165 1381/2789/165
f 1318/2784/165 1383/2787/165 1385/2785/165
f 1396/2802/165 1398/2772/165 1334/2771/165
f 1394/2774/165 1396/2802/165 1334/2771/165
f 1322/2780/165 1387/2783/165 1389/2781/165
f 1326/2528/165 1390/2779/165 1342/2529/165
f 1367/2803/165 1369/2800/165 1302/2798/165
f 1302/2798/165 1300/2804/165 1367/2803/165
f 1300/2804/165 1298/2805/165 1365/2806/165
f 1298/2805/165 1296/2807/165 1345/2533/165
f 1296/2807/165 1294/2531/165 1345/2533/165
f 1294/2531/165 1292/2808/165 1363/2809/165
f 1292/2808/165 1290/2810/165 1360/2811/165
f 1290/2810/165 1288/2812/165 1360/2811/165
f 1288/2812/165 1286/2758/165 1358/2813/165
f 1360/2811/165 1288/2812/165 1358/2813/165
f 1286/2758/165 1356/2757/165 1358/2813/165
f 1292/2808/165 1360/2811/165 1363/2809/165
f 1300/2804/165 1365/2806/165 1367/2803/165
f 1345/2533/165 1365/2806/165 1298/2805/165
f 1294/2531/165 1363/2809/165 1344/2532/165
f 1346/2534/177 1348/2536/177 1347/2535/196
f 1348/2536/185 1281/2814/185 1283/2537/185
f 1388/2815/167 1386/2816/167 1319/2817/167
f 1319/2817/167 1321/2818/167 1388/2815/167
f 1321/2818/167 1323/2819/167 1391/2820/167
f 1323/2819/167 1325/2821/167 1350/2540/167
f 1325/2821/167 1327/2538/167 1350/2540/167
f 1327/2538/167 1329/2822/167 1393/2823/167
f 1329/2822/167 1331/2824/167 1395/2825/167
f 1331/2824/167 1333/2826/167 1395/2825/167
f 1333/2826/167 1335/2827/167 1397/2828/167
f 1395/2825/167 1333/2826/167 1397/2828/167
f 1335/2827/167 1399/2829/167 1397/2828/167
f 1329/2822/167 1395/2825/167 1393/2823/167
f 1321/2818/167 1391/2820/167 1388/2815/167
f 1350/2540/167 1391/2820/167 1323/2819/167
f 1327/2538/167 1393/2823/167 1349/2539/167
f 1401/2830/167 1399/2829/167 1335/2827/167
f 1335/2827/167 1337/2831/167 1401/2830/167
f 1337/2831/167 1339/2832/167 1403/2833/167
f 1339/2832/167 1341/2834/167 1405/2835/167
f 1341/2834/167 1347/2836/167 1405/2835/167
f 1347/2836/167 1283/2837/167 1407/2838/167
f 1283/2837/167 1282/2839/167 1354/2840/167
f 1407/2838/167 1283/2837/167 1354/2840/167
f 1282/2839/167 1285/2841/167 1355/2842/167
f 1285/2841/167 1287/2843/167 1357/2844/167
f 1355/2842/167 1285/2841/167 1357/2844/167
f 1287/2843/167 1289/2845/167 1361/2846/167
f 1289/2845/167 1291/2847/167 1361/2846/167
f 1291/2847/167 1293/2848/167 1362/2849/167
f 1293/2848/167 1295/2541/167 1352/2543/167
f 1362/2849/167 1293/2848/167 1352/2543/167
f 1295/2541/167 1297/2850/167 1364/2851/167
f 1297/2850/167 1299/2852/167 1366/2853/167
f 1299/2852/167 1301/2854/167 1368/2855/167
f 1301/2854/167 1303/2856/167 1370/2857/167
f 1303/2856/167 1305/2858/167 1372/2859/167
f 1305/2858/167 1307/2860/167 1374/2861/167
f 1307/2860/167 1309/2862/167 1376/2863/167
f 1309/2862/167 1311/2864/167 1376/2863/167
f 1311/2864/167 1313/2865/167 1380/2866/167
f 1313/2865/167 1315/2867/167 1382/2868/167
f 1315/2867/167 1317/2869/167 1382/2868/167
f 1317/2869/167 1319/2817/167 1384/2870/167
f 1382/2868/167 1317/2869/167 1384/2870/167
f 1319/2817/167 1386/2816/167 1384/2870/167
f 1313/2865/167 1382/2868/167 1380/2866/167
f 1305/2858/167 1374/2861/167 1372/2859/167
f 1297/2850/167 1366/2853/167 1364/2851/167
f 1301/2854/167 1370/2857/167 1368/2855/167
f 1361/2846/167 1291/2847/167 1362/2849/167
f 1337/2831/167 1403/2833/167 1401/2830/167
f 1405/2835/167 1403/2833/167 1339/2832/167
f 1407/2838/167 1405/2835/167 1347/2836/167
f 1311/2864/167 1380/2866/167 1378/2871/167
f 1311/2864/167 1378/2871/167 1376/2863/167
f 1354/2840/167 1282/2839/167 1355/2842/167
f 1307/2860/167 1376/2863/167 1374/2861/167
f 1303/2856/167 1372/2859/167 1370/2857/167
f 1359/2872/167 1357/2844/167 1287/2843/167
f 1361/2846/167 1359/2872/167 1287/2843/167
f 1299/2852/167 1368/2855/167 1366/2853/167
f 1295/2541/167 1364/2851/167 1351/2542/167
f 1353/2544/171 1408/2873/171 1354/2545/197
f 1356/2547/176 1353/2544/176 1355/2546/176
f 1358/2549/169 1356/2547/169 1357/2548/169
f 1360/2551/178 1358/2549/178 1359/2550/178
f 1360/2551/186 1361/2552/186 1362/2553/186
f 1363/2554/179 1362/2553/179 1352/2555/179
f 1344/2556/187 1352/2555/187 1351/2557/187
f 1345/2558/180 1351/2557/180 1364/2559/180
f 1365/2560/188 1364/2559/188 1366/2561/188
f 1367/2562/181 1366/2561/181 1368/2563/181
f 1369/2564/189 1368/2563/189 1370/2565/189
f 1371/2566/183 1370/2565/183 1372/2567/183
f 1373/2568/190 1372/2567/190 1374/2569/190
f 1375/2570/184 1374/2569/184 1376/2571/184
f 1377/2572/177 1376/2571/196 1378/2573/177
f 1379/2574/185 1378/2573/185 1380/2575/185
f 1381/2576/163 1380/2575/163 1382/2577/163
f 1383/2578/162 1382/2577/162 1384/2579/162
f 1385/2580/175 1384/2579/175 1386/2581/175
f 1387/2582/164 1386/2581/164 1388/2583/164
f 1390/2585/161 1389/2584/161 1388/2583/161
f 1342/2587/166 1390/2585/166 1391/2586/166
f 1343/2589/191 1342/2587/191 1350/2588/191
f 1392/2591/168 1343/2589/168 1349/2590/168
f 1394/2593/192 1392/2591/192 1393/2592/192
f 1396/2595/170 1394/2593/170 1395/2594/170
f 1398/2597/193 1396/2595/193 1397/2596/193
f 1400/2599/172 1398/2597/172 1399/2598/172
f 1402/2601/194 1400/2599/194 1401/2600/194
f 1404/2603/173 1402/2601/173 1403/2602/173
f 1406/2605/182 1404/2603/216 1405/2604/182
f 1408/2607/199 1406/2605/199 1407/2606/174
f 1409/2609/167 1416/2874/167 1410/2610/167
f 1410/2610/200 1416/2874/200 1412/2612/200
f 1412/2612/165 1415/2615/165 1414/2614/165
f 1415/2615/201 1409/2875/201 1411/2616/201
f 1413/2613/202 1414/2614/202 1411/2617/202
f 1416/2619/203 1409/2876/203 1415/2615/203
f 1417/2620/167 1420/2623/167 1418/2621/167
f 1420/2623/204 1422/2625/204 1421/2624/204
f 1422/2625/165 1424/2627/165 1423/2626/165
f 1424/2627/205 1417/2877/205 1419/2628/205
f 1421/2624/206 1423/2626/206 1419/2629/206
f 1420/2631/207 1417/2878/207 1424/2627/207
f 1425/2632/167 1428/2635/167 1426/2633/167
f 1428/2635/206 1430/2637/206 1429/2636/206
f 1430/2637/165 1432/2639/165 1431/2638/165
f 1432/2639/207 1425/2879/207 1427/2640/207
f 1429/2636/205 1431/2638/205 1427/2641/205
f 1428/2643/204 1425/2880/204 1432/2639/204
f 1433/2644/167 1447/2881/167 1434/2645/167
f 1434/2645/208 1439/2654/208 1436/2647/208
f 1436/2647/165 1439/2654/165 1437/2648/165
f 1437/2648/209 1447/2882/209 1433/2650/209
f 1436/2647/210 1438/2649/210 1433/2651/210
f 1434/2653/211 1447/2883/211 1437/2648/211
f 1440/2655/167 1448/2884/167 1441/2656/167
f 1441/2656/212 1446/2665/212 1443/2658/212
f 1443/2658/165 1446/2665/165 1444/2659/165
f 1444/2659/213 1448/2885/213 1440/2661/213
f 1443/2658/214 1445/2660/214 1440/2662/214
f 1441/2664/215 1448/2886/215 1444/2659/215
o 歯車_円柱.004
v 0.744692 0.147033 1.868893
v 0.725129 0.257427 1.892730
v 0.744692 0.257427 1.868893
v 0.890310 0.147033 1.388855
v 0.836959 0.257427 1.405039
v 0.890310 0.257427 1.388855
v 1.224730 0.257427 1.612307
v 1.255419 0.147033 1.609284
v 1.224730 0.147033 1.612307
v 0.787790 0.147033 1.431320
v 0.744692 0.257427 1.466689
v 0.787790 0.257427 1.431320
v 0.945794 0.147033 1.952192
v 1.004300 0.147033 1.977416
v 0.948817 0.147033 1.982881
v 0.709323 0.147033 1.509786
v 0.683042 0.257427 1.558956
v 0.709323 0.257427 1.509786
v 1.230195 0.257427 1.667791
v 1.255419 0.257427 1.609284
v 0.666858 0.147033 1.612307
v 0.661393 0.257427 1.667791
v 0.666858 0.257427 1.612307
v 0.709323 0.257427 1.825795
v 0.682127 0.147033 1.840332
v 0.709323 0.147033 1.825795
v 0.666858 0.147033 1.723275
v 0.683042 0.257427 1.776626
v 0.666858 0.257427 1.723275
v 1.230195 0.147033 1.667791
v 1.260884 0.257427 1.664768
v 0.890310 0.147033 1.946727
v 0.828007 0.147033 1.960053
v 0.836959 0.147033 1.930543
v 0.787790 0.147033 1.904261
v 0.836959 0.257427 1.930543
v 0.787790 0.257427 1.904261
v 0.682127 0.257427 1.840332
v 0.945794 0.257427 1.952192
v 0.890310 0.257427 1.946727
v 0.683042 0.147033 1.776626
v 0.655846 0.257427 1.791163
v 1.001278 0.147033 1.946727
v 1.054629 0.257427 1.930543
v 1.001278 0.257427 1.946727
v 1.224730 0.257427 1.723275
v 1.254240 0.147033 1.732226
v 1.224730 0.147033 1.723275
v 1.103799 0.147033 1.904262
v 1.146896 0.257427 1.868893
v 1.103799 0.257427 1.904262
v 0.725129 0.147033 1.892730
v 1.182264 0.147033 1.825795
v 1.208546 0.257427 1.776627
v 1.182264 0.257427 1.825795
v 1.254240 0.257427 1.732226
v 0.636169 0.147033 1.726297
v 1.208546 0.257427 1.558955
v 1.208546 0.147033 1.776627
v 1.238056 0.257427 1.785578
v 1.182265 0.147033 1.509786
v 1.146896 0.257427 1.466689
v 1.182265 0.257427 1.509786
v 0.655846 0.147033 1.791163
v 1.103799 0.147033 1.431320
v 1.054629 0.257427 1.405039
v 1.103799 0.257427 1.431320
v 1.146009 0.147033 1.750723
v 1.158341 0.147033 1.710069
v 0.683042 0.147033 1.558956
v 0.745579 0.147033 1.584859
v 0.733247 0.147033 1.625513
v 0.636169 0.257427 1.726297
v 1.001278 0.147033 1.388855
v 0.945794 0.257427 1.383390
v 1.001278 0.257427 1.388855
v 1.158341 0.257427 1.710069
v 1.146009 0.257427 1.750723
v 0.733247 0.257427 1.625513
v 0.745579 0.257427 1.584859
v 0.903516 0.147033 1.455244
v 0.945794 0.257427 1.451080
v 0.903516 0.257427 1.455244
v 0.862862 0.147033 1.467576
v 0.862862 0.257427 1.467576
v 0.825396 0.147033 1.487602
v 0.825396 0.257427 1.487602
v 0.792556 0.147033 1.514553
v 0.792556 0.257427 1.514553
v 0.765605 0.257427 1.547393
v 0.765605 0.147033 1.547393
v 0.729083 0.257427 1.667791
v 0.729083 0.147033 1.667791
v 0.733247 0.257427 1.710069
v 0.733247 0.147033 1.710069
v 0.745579 0.257427 1.750723
v 0.745579 0.147033 1.750723
v 0.765605 0.257427 1.788189
v 0.765605 0.147033 1.788189
v 0.792556 0.257427 1.821029
v 0.792556 0.147033 1.821029
v 0.825396 0.257427 1.847980
v 0.825396 0.147033 1.847980
v 0.862862 0.257427 1.868006
v 0.862862 0.147033 1.868006
v 0.903516 0.257427 1.880338
v 0.903516 0.147033 1.880338
v 0.945794 0.257427 1.884502
v 0.945794 0.147033 1.884502
v 0.988072 0.257427 1.880338
v 0.988072 0.147033 1.880338
v 1.028726 0.257427 1.868006
v 1.028726 0.147033 1.868006
v 1.066192 0.257427 1.847980
v 1.066192 0.147033 1.847980
v 1.099032 0.257427 1.821029
v 1.099032 0.147033 1.821029
v 1.125983 0.147033 1.788189
v 1.125983 0.257427 1.788189
v 1.162505 0.147033 1.667791
v 1.162505 0.257427 1.667791
v 1.158341 0.147033 1.625513
v 1.158341 0.257427 1.625513
v 1.146009 0.147033 1.584859
v 1.146009 0.257427 1.584859
v 1.125983 0.147033 1.547393
v 1.125983 0.257427 1.547393
v 1.099032 0.147033 1.514553
v 1.099032 0.257427 1.514553
v 1.066192 0.147033 1.487602
v 1.066192 0.257427 1.487602
v 1.028726 0.147033 1.467576
v 1.028726 0.257427 1.467576
v 0.988072 0.147033 1.455244
v 0.988072 0.257427 1.455244
v 0.945794 0.147033 1.451080
v 0.942772 0.147033 1.352701
v 0.887288 0.257427 1.358166
v 0.942772 0.257427 1.352701
v 0.822422 0.147033 1.377842
v 0.773253 0.257427 1.404124
v 0.822422 0.257427 1.377842
v 0.720855 0.147033 1.447126
v 0.685486 0.257427 1.490223
v 0.720855 0.257427 1.447126
v 0.653532 0.147033 1.550004
v 0.637348 0.257427 1.603355
v 0.653532 0.257427 1.550004
v 0.630704 0.147033 1.670813
v 0.630704 0.257427 1.670813
v 0.768226 0.257427 1.928099
v 0.881359 0.257427 1.976237
v 0.828007 0.257427 1.960053
v 1.004300 0.257427 1.977416
v 0.948817 0.257427 1.982881
v 1.069166 0.147033 1.957739
v 1.118335 0.257427 1.931458
v 1.069166 0.257427 1.957739
v 1.170734 0.147033 1.888456
v 1.206103 0.257427 1.845359
v 1.170734 0.257427 1.888456
v 1.238056 0.147033 1.785578
v 1.260884 0.147033 1.664768
v 1.235743 0.147033 1.544418
v 1.209461 0.257427 1.495250
v 1.235743 0.257427 1.544418
v 1.166459 0.147033 1.442851
v 1.123362 0.257427 1.407482
v 1.166459 0.257427 1.442851
v 1.063581 0.147033 1.375529
v 1.010230 0.257427 1.359345
v 1.063581 0.257427 1.375529
v 1.054629 0.147033 1.930543
v 1.118335 0.147033 1.931458
v 1.208546 0.147033 1.558955
v 0.768226 0.147033 1.928099
v 0.945794 0.147033 1.383390
v 1.146896 0.147033 1.868893
v 1.209461 0.147033 1.495250
v 0.887288 0.147033 1.358166
v 1.054629 0.147033 1.405039
v 1.010230 0.147033 1.359345
v 1.146896 0.147033 1.466689
v 0.881359 0.147033 1.976237
v 0.836959 0.147033 1.405039
v 1.123362 0.147033 1.407482
v 0.773253 0.147033 1.404124
v 0.744692 0.147033 1.466689
v 0.685486 0.147033 1.490223
v 0.637348 0.147033 1.603355
v 0.661393 0.147033 1.667791
v 1.206103 0.147033 1.845359
v 0.945794 0.147018 1.619840
v 0.936439 0.257442 1.620761
v 0.945794 0.257442 1.619840
v 0.936439 0.147018 1.620761
v 0.927444 0.257442 1.623490
v 0.927444 0.147018 1.623490
v 0.919154 0.257442 1.627921
v 0.919154 0.147018 1.627921
v 0.911888 0.257442 1.633884
v 0.911888 0.147018 1.633884
v 0.905924 0.257442 1.641151
v 0.905924 0.147018 1.641151
v 0.901493 0.257442 1.649441
v 0.901493 0.147018 1.649441
v 0.898764 0.257442 1.658436
v 0.898764 0.147018 1.658436
v 0.897843 0.257442 1.667791
v 0.897843 0.147018 1.667791
v 0.898764 0.257442 1.677146
v 0.898764 0.147018 1.677146
v 0.901493 0.257442 1.686141
v 0.901493 0.147018 1.686141
v 0.905924 0.257442 1.694431
v 0.905924 0.147018 1.694431
v 0.911888 0.257442 1.701697
v 0.911888 0.147018 1.701697
v 0.919154 0.257442 1.707661
v 0.919154 0.147018 1.707661
v 0.927444 0.257442 1.712092
v 0.927444 0.147018 1.712092
v 0.936439 0.257442 1.714821
v 0.936439 0.147018 1.714821
v 0.945794 0.257442 1.715742
v 0.945794 0.147018 1.715742
v 0.955149 0.257442 1.714821
v 0.955149 0.147018 1.714821
v 0.964144 0.257442 1.712092
v 0.964144 0.147018 1.712092
v 0.972434 0.257442 1.707661
v 0.972434 0.147018 1.707661
v 0.979701 0.257442 1.701697
v 0.979701 0.147018 1.701697
v 0.985664 0.257442 1.694431
v 0.985664 0.147018 1.694431
v 0.990095 0.257442 1.686141
v 0.990095 0.147018 1.686141
v 0.992824 0.257442 1.677146
v 0.992824 0.147018 1.677146
v 0.993745 0.257442 1.667791
v 0.993745 0.147018 1.667791
v 0.992824 0.257442 1.658436
v 0.992824 0.147018 1.658436
v 0.990095 0.257442 1.649441
v 0.990095 0.147018 1.649441
v 0.985664 0.257442 1.641151
v 0.985664 0.147018 1.641151
v 0.979701 0.257442 1.633884
v 0.979701 0.147018 1.633884
v 0.972434 0.257442 1.627921
v 0.972434 0.147018 1.627921
v 0.964144 0.257442 1.623490
v 0.979551 0.147018 1.681773
v 0.981630 0.147018 1.674919
v 0.912037 0.147018 1.653808
v 0.909958 0.147018 1.660663
v 0.964144 0.147018 1.623490
v 0.955149 0.257442 1.620761
v 0.955149 0.147018 1.620761
v 0.981630 0.257442 1.674919
v 0.979551 0.257442 1.681773
v 0.909958 0.257442 1.660663
v 0.912037 0.257442 1.653808
v 0.938666 0.147018 1.631955
v 0.945794 0.257442 1.631253
v 0.938666 0.257442 1.631955
v 0.931812 0.147018 1.634034
v 0.931812 0.257442 1.634034
v 0.925494 0.147018 1.637410
v 0.925494 0.257442 1.637410
v 0.919958 0.147018 1.641955
v 0.919958 0.257442 1.641955
v 0.915414 0.257442 1.647491
v 0.915414 0.147018 1.647491
v 0.909256 0.257442 1.667791
v 0.909256 0.147018 1.667791
v 0.909958 0.257442 1.674919
v 0.909958 0.147018 1.674919
v 0.912037 0.257442 1.681773
v 0.912037 0.147018 1.681773
v 0.915414 0.257442 1.688091
v 0.915414 0.147018 1.688091
v 0.919958 0.257442 1.693627
v 0.919958 0.147018 1.693627
v 0.925494 0.257442 1.698171
v 0.925494 0.147018 1.698171
v 0.931812 0.257442 1.701548
v 0.931812 0.147018 1.701548
v 0.938666 0.257442 1.703627
v 0.938666 0.147018 1.703627
v 0.945794 0.257442 1.704329
v 0.945794 0.147018 1.704329
v 0.952922 0.257442 1.703627
v 0.952922 0.147018 1.703627
v 0.959777 0.257442 1.701548
v 0.959777 0.147018 1.701548
v 0.966094 0.257442 1.698171
v 0.966094 0.147018 1.698171
v 0.971631 0.257442 1.693627
v 0.971630 0.147018 1.693627
v 0.976175 0.147018 1.688091
v 0.976175 0.257442 1.688091
v 0.982332 0.147018 1.667791
v 0.982332 0.257442 1.667791
v 0.981630 0.147018 1.660663
v 0.981630 0.257442 1.660663
v 0.979551 0.147018 1.653808
v 0.979551 0.257442 1.653808
v 0.976175 0.147018 1.647491
v 0.976175 0.257442 1.647491
v 0.971631 0.147018 1.641955
v 0.971631 0.257442 1.641955
v 0.966094 0.147018 1.637410
v 0.966094 0.257442 1.637410
v 0.959777 0.147018 1.634034
v 0.959777 0.257442 1.634034
v 0.952922 0.147018 1.631955
v 0.952922 0.257442 1.631955
v 0.945794 0.147018 1.631253
v 1.189000 0.254302 1.684387
v 0.984854 0.254302 1.651636
v 0.984854 0.254302 1.684386
v 1.189000 0.150158 1.651636
v 0.984854 0.150158 1.651636
v 0.984854 0.150158 1.684386
v 1.189000 0.150158 1.684387
v 1.189000 0.254302 1.651636
v 0.907019 0.254302 1.653805
v 0.785824 0.254302 1.486293
v 0.762667 0.254302 1.509451
v 0.930178 0.254302 1.630646
v 0.785824 0.150158 1.486293
v 0.930178 0.150158 1.630646
v 0.762667 0.150158 1.509451
v 0.907019 0.150158 1.653805
v 0.930178 0.254302 1.707231
v 0.762666 0.254302 1.828426
v 0.785824 0.254302 1.851584
v 0.907019 0.254302 1.684073
v 0.762666 0.150158 1.828426
v 0.907019 0.150158 1.684073
v 0.785824 0.150158 1.851584
v 0.930178 0.150158 1.707231
v 1.064968 0.254302 1.882361
v 0.949010 0.254302 1.711183
v 1.035286 0.254302 1.896202
v 1.035286 0.150158 1.896202
v 0.978692 0.150158 1.697342
v 1.064968 0.150158 1.882361
v 0.949010 0.150158 1.711183
v 1.035286 0.254302 1.438230
v 0.978692 0.254302 1.637090
v 1.064968 0.254302 1.452071
v 1.064968 0.150158 1.452071
v 0.949010 0.150158 1.623249
v 1.035286 0.150158 1.438230
v 0.978692 0.150158 1.637090
v 0.978692 0.254302 1.697342
v 0.949010 0.254302 1.623249
vt 0.220825 0.307216
vt 0.220825 0.183760
vt 0.220825 0.183760
vt 0.305701 0.307216
vt 0.297985 0.183760
vt 0.305701 0.183760
vt 0.120517 0.183760
vt 0.120517 0.307216
vt 0.120517 0.307216
vt 0.290269 0.307216
vt 0.282553 0.183760
vt 0.290269 0.183760
vt 0.128233 0.062773
vt 0.116672 0.063912
vt 0.128233 0.062773
vt 0.274837 0.307216
vt 0.267121 0.183760
vt 0.274837 0.183760
vt 0.192430 0.122032
vt 0.193569 0.133593
vt 0.193569 0.133593
vt 0.259405 0.307216
vt 0.251689 0.183760
vt 0.259405 0.183760
vt 0.228541 0.183760
vt 0.228541 0.307216
vt 0.228541 0.307216
vt 0.243973 0.307216
vt 0.236257 0.183760
vt 0.243973 0.183760
vt 0.128233 0.307216
vt 0.128233 0.183760
vt 0.128233 0.183760
vt 0.139794 0.063912
vt 0.150910 0.067284
vt 0.150910 0.067284
vt 0.213109 0.307216
vt 0.205393 0.183760
vt 0.213109 0.183760
vt 0.306437 0.099355
vt 0.300961 0.089109
vt 0.300961 0.089109
vt 0.197677 0.307216
vt 0.189961 0.183760
vt 0.197677 0.183760
vt 0.236257 0.307216
vt 0.236257 0.183760
vt 0.182245 0.307216
vt 0.174529 0.183760
vt 0.182245 0.183760
vt 0.135949 0.183760
vt 0.135949 0.307216
vt 0.135949 0.307216
vt 0.166813 0.307216
vt 0.159097 0.183760
vt 0.166813 0.183760
vt 0.161155 0.072760
vt 0.170135 0.080130
vt 0.170135 0.080130
vt 0.151381 0.307216
vt 0.143665 0.183760
vt 0.151381 0.183760
vt 0.196941 0.099355
vt 0.193569 0.110471
vt 0.193569 0.110471
vt 0.243973 0.307216
vt 0.112801 0.183760
vt 0.143665 0.307216
vt 0.143665 0.183760
vt 0.105085 0.307216
vt 0.097369 0.183760
vt 0.105085 0.183760
vt 0.177505 0.089109
vt 0.182981 0.099355
vt 0.182981 0.099355
vt 0.089653 0.307216
vt 0.081937 0.183760
vt 0.089653 0.183760
vt 0.073485 0.099355
vt 0.086515 0.104752
vt 0.083946 0.113223
vt 0.182981 0.144709
vt 0.169950 0.139312
vt 0.172520 0.130841
vt 0.310948 0.122032
vt 0.309809 0.110471
vt 0.309809 0.110471
vt 0.074221 0.307216
vt 0.066505 0.183760
vt 0.074221 0.183760
vt 0.207402 0.113223
vt 0.209971 0.104752
vt 0.309809 0.133593
vt 0.295976 0.130841
vt 0.293407 0.139312
vt 0.305701 0.291734
vt 0.313417 0.199242
vt 0.305701 0.199242
vt 0.297985 0.291734
vt 0.297985 0.199242
vt 0.290269 0.291734
vt 0.290269 0.199242
vt 0.282553 0.291734
vt 0.282553 0.199242
vt 0.274837 0.199242
vt 0.274837 0.291734
vt 0.267121 0.199242
vt 0.267121 0.291734
vt 0.259405 0.199242
vt 0.259405 0.291734
vt 0.251689 0.199242
vt 0.251689 0.291734
vt 0.243973 0.199242
vt 0.243973 0.291734
vt 0.236257 0.199242
vt 0.236257 0.291734
vt 0.228541 0.199242
vt 0.228541 0.291734
vt 0.220825 0.199242
vt 0.220825 0.291734
vt 0.213109 0.199242
vt 0.213109 0.291734
vt 0.205393 0.199242
vt 0.205393 0.291734
vt 0.197677 0.199242
vt 0.197677 0.291734
vt 0.189961 0.199242
vt 0.189961 0.291734
vt 0.182245 0.199242
vt 0.182245 0.291734
vt 0.174529 0.199242
vt 0.174529 0.291734
vt 0.166813 0.199242
vt 0.166813 0.291734
vt 0.159097 0.199242
vt 0.159097 0.291734
vt 0.151381 0.291734
vt 0.151381 0.199242
vt 0.143665 0.291734
vt 0.143665 0.199242
vt 0.135949 0.291734
vt 0.135949 0.199242
vt 0.128233 0.291734
vt 0.128233 0.199242
vt 0.120517 0.291734
vt 0.120517 0.199242
vt 0.112801 0.291734
vt 0.112801 0.199242
vt 0.105085 0.291734
vt 0.105085 0.199242
vt 0.097369 0.291734
vt 0.097369 0.199242
vt 0.089653 0.291734
vt 0.089653 0.199242
vt 0.081937 0.291734
vt 0.081937 0.199242
vt 0.074221 0.291734
vt 0.074221 0.199242
vt 0.066505 0.291734
vt 0.066505 0.199242
vt 0.313417 0.307216
vt 0.305701 0.183760
vt 0.313417 0.183760
vt 0.297985 0.307216
vt 0.290269 0.183760
vt 0.297985 0.183760
vt 0.282553 0.307216
vt 0.274837 0.183760
vt 0.282553 0.183760
vt 0.267121 0.307216
vt 0.259405 0.183760
vt 0.267121 0.183760
vt 0.251689 0.307216
vt 0.243973 0.183760
vt 0.251689 0.183760
vt 0.236257 0.307216
vt 0.228541 0.183760
vt 0.220825 0.307216
vt 0.213109 0.183760
vt 0.205393 0.307216
vt 0.197677 0.183760
vt 0.205393 0.183760
vt 0.189961 0.307216
vt 0.182245 0.183760
vt 0.189961 0.183760
vt 0.174529 0.307216
vt 0.166813 0.183760
vt 0.174529 0.183760
vt 0.159097 0.307216
vt 0.151381 0.183760
vt 0.159097 0.183760
vt 0.143665 0.307216
vt 0.135949 0.183760
vt 0.128233 0.307216
vt 0.120517 0.183760
vt 0.112801 0.307216
vt 0.105085 0.183760
vt 0.112801 0.183760
vt 0.097369 0.307216
vt 0.089653 0.183760
vt 0.097369 0.183760
vt 0.081937 0.307216
vt 0.074221 0.183760
vt 0.081937 0.183760
vt 0.293591 0.080130
vt 0.284611 0.072760
vt 0.284611 0.072760
vt 0.105555 0.067284
vt 0.095310 0.072760
vt 0.105555 0.067284
vt 0.112801 0.307216
vt 0.213109 0.307216
vt 0.066505 0.307216
vt 0.066505 0.183760
vt 0.202417 0.154954
vt 0.196941 0.144709
vt 0.202417 0.154954
vt 0.078961 0.089109
vt 0.086330 0.080130
vt 0.086330 0.080130
vt 0.251689 0.181291
vt 0.263250 0.180152
vt 0.263250 0.180152
vt 0.105085 0.307216
vt 0.205393 0.307216
vt 0.305701 0.307216
vt 0.105555 0.176780
vt 0.116672 0.180152
vt 0.105555 0.176780
vt 0.263250 0.063912
vt 0.274366 0.067284
vt 0.263250 0.063912
vt 0.070113 0.110471
vt 0.073485 0.099355
vt 0.097369 0.307216
vt 0.197677 0.307216
vt 0.297985 0.307216
vt 0.209786 0.163934
vt 0.218766 0.171304
vt 0.218766 0.171304
vt 0.274366 0.176780
vt 0.284611 0.171304
vt 0.284611 0.171304
vt 0.089653 0.307216
vt 0.189961 0.307216
vt 0.070113 0.133593
vt 0.068974 0.122032
vt 0.068974 0.122032
vt 0.290269 0.307216
vt 0.139794 0.180152
vt 0.128233 0.181291
vt 0.128233 0.181291
vt 0.251689 0.062773
vt 0.240128 0.063912
vt 0.240128 0.063912
vt 0.081937 0.307216
vt 0.182245 0.307216
vt 0.078961 0.154954
vt 0.073485 0.144709
vt 0.073485 0.144709
vt 0.282553 0.307216
vt 0.161155 0.171304
vt 0.150910 0.176780
vt 0.150910 0.176780
vt 0.229011 0.176780
vt 0.240128 0.180152
vt 0.240128 0.180152
vt 0.293591 0.163934
vt 0.300961 0.154954
vt 0.300961 0.154954
vt 0.074221 0.307216
vt 0.174529 0.307216
vt 0.274837 0.307216
vt 0.177505 0.154954
vt 0.170135 0.163934
vt 0.170135 0.163934
vt 0.229011 0.067284
vt 0.218766 0.072760
vt 0.218766 0.072760
vt 0.095310 0.171304
vt 0.086330 0.163934
vt 0.086330 0.163934
vt 0.166813 0.307216
vt 0.267121 0.307216
vt 0.186353 0.133593
vt 0.182981 0.144709
vt 0.306437 0.144709
vt 0.309809 0.133593
vt 0.159097 0.307216
vt 0.259405 0.307216
vt 0.209786 0.080130
vt 0.202417 0.089109
vt 0.202417 0.089109
vt 0.186353 0.110471
vt 0.187492 0.122032
vt 0.187492 0.122032
vt 0.151381 0.307216
vt 0.251689 0.307216
vt 0.313417 0.307216
vt 0.305701 0.183760
vt 0.313417 0.183760
vt 0.305701 0.307216
vt 0.297985 0.183760
vt 0.297985 0.307216
vt 0.290269 0.183760
vt 0.290269 0.307216
vt 0.282553 0.183760
vt 0.282553 0.307216
vt 0.274837 0.183760
vt 0.274837 0.307216
vt 0.267121 0.183760
vt 0.267121 0.307216
vt 0.259405 0.183760
vt 0.259405 0.307216
vt 0.251689 0.183760
vt 0.251689 0.307216
vt 0.243973 0.183760
vt 0.243973 0.307216
vt 0.236257 0.183760
vt 0.236257 0.307216
vt 0.228541 0.183760
vt 0.228541 0.307216
vt 0.220825 0.183760
vt 0.220825 0.307216
vt 0.213109 0.183760
vt 0.213109 0.307216
vt 0.205393 0.183760
vt 0.205393 0.307216
vt 0.197677 0.183760
vt 0.197677 0.307216
vt 0.189961 0.183760
vt 0.189961 0.307216
vt 0.182245 0.183760
vt 0.182245 0.307216
vt 0.174529 0.183760
vt 0.174529 0.307216
vt 0.166813 0.183760
vt 0.166813 0.307216
vt 0.159097 0.183760
vt 0.159097 0.307216
vt 0.151381 0.183760
vt 0.151381 0.307216
vt 0.143665 0.183760
vt 0.143665 0.307216
vt 0.135949 0.183760
vt 0.135949 0.307216
vt 0.128233 0.183760
vt 0.128233 0.307216
vt 0.120517 0.183760
vt 0.120517 0.307216
vt 0.112801 0.183760
vt 0.112801 0.307216
vt 0.105085 0.183760
vt 0.105085 0.307216
vt 0.097369 0.183760
vt 0.097369 0.307216
vt 0.089653 0.183760
vt 0.089653 0.307216
vt 0.081937 0.183760
vt 0.073485 0.099355
vt 0.086515 0.104752
vt 0.083946 0.113223
vt 0.182981 0.144709
vt 0.169950 0.139312
vt 0.172520 0.130841
vt 0.081937 0.307216
vt 0.074221 0.183760
vt 0.074221 0.307216
vt 0.066505 0.183760
vt 0.193569 0.110471
vt 0.207402 0.113223
vt 0.209971 0.104752
vt 0.309809 0.133593
vt 0.295976 0.130841
vt 0.293407 0.139312
vt 0.305701 0.291734
vt 0.313417 0.199242
vt 0.305701 0.199242
vt 0.297985 0.291734
vt 0.297985 0.199242
vt 0.290269 0.291734
vt 0.290269 0.199242
vt 0.282553 0.291734
vt 0.282553 0.199242
vt 0.274837 0.199242
vt 0.274837 0.291734
vt 0.267121 0.199242
vt 0.267121 0.291734
vt 0.259405 0.199242
vt 0.259405 0.291734
vt 0.251689 0.199242
vt 0.251689 0.291734
vt 0.243973 0.199242
vt 0.243973 0.291734
vt 0.236257 0.199242
vt 0.236257 0.291734
vt 0.228541 0.199242
vt 0.228541 0.291734
vt 0.220825 0.199242
vt 0.220825 0.291734
vt 0.213109 0.199242
vt 0.213109 0.291734
vt 0.205393 0.199242
vt 0.205393 0.291734
vt 0.197677 0.199242
vt 0.197677 0.291734
vt 0.189961 0.199242
vt 0.189961 0.291734
vt 0.182245 0.199242
vt 0.182245 0.291734
vt 0.174529 0.199242
vt 0.174529 0.291734
vt 0.166813 0.199242
vt 0.166813 0.291734
vt 0.159097 0.199242
vt 0.159097 0.291734
vt 0.151381 0.291734
vt 0.151381 0.199242
vt 0.143665 0.291734
vt 0.143665 0.199242
vt 0.135949 0.291734
vt 0.135949 0.199242
vt 0.128233 0.291734
vt 0.128233 0.199242
vt 0.120517 0.291734
vt 0.120517 0.199242
vt 0.112801 0.291734
vt 0.112801 0.199242
vt 0.105085 0.291734
vt 0.105085 0.199242
vt 0.097369 0.291734
vt 0.097369 0.199242
vt 0.089653 0.291734
vt 0.089653 0.199242
vt 0.081937 0.291734
vt 0.081937 0.199242
vt 0.074221 0.291734
vt 0.074221 0.199242
vt 0.066505 0.291734
vt 0.066505 0.199242
vt 0.220825 0.060304
vt 0.159097 0.122032
vt 0.159097 0.060304
vt 0.220825 0.183760
vt 0.159097 0.183760
vt 0.159097 0.245488
vt 0.220825 0.245488
vt 0.159097 0.307216
vt 0.097369 0.245488
vt 0.097369 0.183760
vt 0.282553 0.183760
vt 0.220825 0.060304
vt 0.159097 0.122032
vt 0.159097 0.060304
vt 0.220825 0.122032
vt 0.159097 0.183760
vt 0.220825 0.183760
vt 0.159097 0.245488
vt 0.220825 0.245488
vt 0.159097 0.307216
vt 0.097369 0.245488
vt 0.097369 0.183760
vt 0.282553 0.183760
vt 0.220825 0.060304
vt 0.159097 0.122032
vt 0.159097 0.060304
vt 0.220825 0.122032
vt 0.159097 0.183760
vt 0.220825 0.183760
vt 0.159097 0.245488
vt 0.220825 0.245488
vt 0.159097 0.307216
vt 0.097369 0.245488
vt 0.097369 0.183760
vt 0.282553 0.183760
vt 0.159097 0.060304
vt 0.220825 0.122032
vt 0.159097 0.122032
vt 0.159097 0.183760
vt 0.220825 0.245488
vt 0.159097 0.245488
vt 0.159097 0.307216
vt 0.097369 0.245488
vt 0.097369 0.183760
vt 0.282553 0.183760
vt 0.220825 0.183760
vt 0.159097 0.060304
vt 0.220825 0.122032
vt 0.159097 0.122032
vt 0.159097 0.183760
vt 0.220825 0.245488
vt 0.159097 0.245488
vt 0.159097 0.307216
vt 0.097369 0.245488
vt 0.097369 0.183760
vt 0.282553 0.183760
vt 0.220825 0.183760
vt 0.116672 0.063912
vt 0.192430 0.122032
vt 0.139794 0.063912
vt 0.306437 0.099355
vt 0.161155 0.072760
vt 0.196941 0.099355
vt 0.177505 0.089109
vt 0.137042 0.166319
vt 0.145513 0.163750
vt 0.128233 0.167187
vt 0.116672 0.180152
vt 0.119423 0.166319
vt 0.110953 0.163750
vt 0.103146 0.159577
vt 0.096304 0.153961
vt 0.090688 0.147119
vt 0.083946 0.130841
vt 0.070113 0.110471
vt 0.083078 0.122032
vt 0.090688 0.096945
vt 0.096304 0.090103
vt 0.095310 0.072760
vt 0.103146 0.084487
vt 0.110953 0.080314
vt 0.119423 0.077745
vt 0.128233 0.076877
vt 0.137042 0.077745
vt 0.153320 0.084487
vt 0.160162 0.090103
vt 0.165778 0.096945
vt 0.169950 0.104752
vt 0.145513 0.080314
vt 0.086515 0.139312
vt 0.172520 0.113223
vt 0.173388 0.122032
vt 0.165778 0.147119
vt 0.160162 0.153961
vt 0.153320 0.159577
vt 0.310948 0.122032
vt 0.219760 0.090103
vt 0.226602 0.084487
vt 0.214144 0.096945
vt 0.206534 0.122032
vt 0.207402 0.130841
vt 0.196941 0.144709
vt 0.209971 0.139312
vt 0.214144 0.147119
vt 0.219760 0.153961
vt 0.226602 0.159577
vt 0.234409 0.163750
vt 0.242879 0.166319
vt 0.251689 0.167187
vt 0.260498 0.166319
vt 0.268969 0.163750
vt 0.283618 0.153961
vt 0.289234 0.147119
vt 0.296843 0.122032
vt 0.295976 0.113223
vt 0.293406 0.104752
vt 0.289234 0.096945
vt 0.283618 0.090103
vt 0.276776 0.084487
vt 0.274366 0.067284
vt 0.268969 0.080314
vt 0.251689 0.076877
vt 0.242879 0.077745
vt 0.234409 0.080314
vt 0.260498 0.077745
vt 0.276776 0.159577
vt 0.313417 0.291734
vt 0.293591 0.080130
vt 0.066505 0.307216
vt 0.078961 0.089109
vt 0.251689 0.181291
vt 0.209786 0.163934
vt 0.274366 0.176780
vt 0.070113 0.133593
vt 0.139794 0.180152
vt 0.251689 0.062773
vt 0.078961 0.154954
vt 0.161155 0.171304
vt 0.229011 0.176780
vt 0.293591 0.163934
vt 0.177505 0.154954
vt 0.229011 0.067284
vt 0.095310 0.171304
vt 0.186353 0.133593
vt 0.306437 0.144709
vt 0.209786 0.080130
vt 0.186353 0.110471
vt 0.137042 0.166319
vt 0.145513 0.163750
vt 0.150910 0.176780
vt 0.139794 0.180152
vt 0.128233 0.181291
vt 0.128233 0.167187
vt 0.116672 0.180152
vt 0.119423 0.166319
vt 0.105555 0.176780
vt 0.095310 0.171304
vt 0.110953 0.163750
vt 0.086330 0.163934
vt 0.103146 0.159577
vt 0.078961 0.154954
vt 0.096304 0.153961
vt 0.073485 0.144709
vt 0.090688 0.147119
vt 0.070113 0.133593
vt 0.083946 0.130841
vt 0.068974 0.122032
vt 0.070113 0.110471
vt 0.083078 0.122032
vt 0.078961 0.089109
vt 0.090688 0.096945
vt 0.086330 0.080130
vt 0.096304 0.090103
vt 0.095310 0.072760
vt 0.103146 0.084487
vt 0.105555 0.067284
vt 0.110953 0.080314
vt 0.116672 0.063912
vt 0.119423 0.077745
vt 0.128233 0.062773
vt 0.128233 0.076877
vt 0.139794 0.063912
vt 0.137042 0.077745
vt 0.150910 0.067284
vt 0.161155 0.072760
vt 0.153320 0.084487
vt 0.170135 0.080130
vt 0.160162 0.090103
vt 0.177505 0.089109
vt 0.182981 0.099355
vt 0.165778 0.096945
vt 0.169950 0.104752
vt 0.145513 0.080314
vt 0.086515 0.139312
vt 0.172520 0.113223
vt 0.186353 0.110471
vt 0.187492 0.122032
vt 0.173388 0.122032
vt 0.186353 0.133593
vt 0.177505 0.154954
vt 0.165778 0.147119
vt 0.170135 0.163934
vt 0.160162 0.153961
vt 0.161155 0.171304
vt 0.153320 0.159577
vt 0.066505 0.307216
vt 0.219760 0.090103
vt 0.226602 0.084487
vt 0.218766 0.072760
vt 0.209786 0.080130
vt 0.202417 0.089109
vt 0.214144 0.096945
vt 0.196941 0.099355
vt 0.192430 0.122032
vt 0.206534 0.122032
vt 0.193569 0.133593
vt 0.207402 0.130841
vt 0.196941 0.144709
vt 0.202417 0.154954
vt 0.209971 0.139312
vt 0.214144 0.147119
vt 0.219760 0.153961
vt 0.209786 0.163934
vt 0.218766 0.171304
vt 0.226602 0.159577
vt 0.229011 0.176780
vt 0.234409 0.163750
vt 0.240128 0.180152
vt 0.251689 0.181291
vt 0.242879 0.166319
vt 0.263250 0.180152
vt 0.251689 0.167187
vt 0.274366 0.176780
vt 0.260498 0.166319
vt 0.284611 0.171304
vt 0.268969 0.163750
vt 0.293591 0.163934
vt 0.283618 0.153961
vt 0.300961 0.154954
vt 0.306437 0.144709
vt 0.289234 0.147119
vt 0.310948 0.122032
vt 0.296843 0.122032
vt 0.309809 0.110471
vt 0.295976 0.113223
vt 0.306437 0.099355
vt 0.293406 0.104752
vt 0.300961 0.089109
vt 0.289234 0.096945
vt 0.293591 0.080130
vt 0.283618 0.090103
vt 0.284611 0.072760
vt 0.276776 0.084487
vt 0.274366 0.067284
vt 0.268969 0.080314
vt 0.263250 0.063912
vt 0.251689 0.062773
vt 0.251689 0.076877
vt 0.240128 0.063912
vt 0.242879 0.077745
vt 0.229011 0.067284
vt 0.234409 0.080314
vt 0.260498 0.077745
vt 0.276776 0.159577
vt 0.313417 0.291734
vt 0.220825 0.122032
vt 0.220825 0.307216
vt 0.282553 0.245488
vt 0.220825 0.307216
vt 0.282553 0.245488
vt 0.220825 0.307216
vt 0.282553 0.245488
vt 0.220825 0.060304
vt 0.220825 0.307216
vt 0.282553 0.245488
vt 0.220825 0.060304
vt 0.220825 0.307216
vt 0.282553 0.245488
vn -0.7730 0.0000 -0.6344
vn -0.2903 0.0000 -0.9569
vn -0.0980 0.0000 -0.9952
vn -0.6344 0.0000 -0.7730
vn -0.0000 -1.0000 -0.0000
vn -0.8819 0.0000 -0.4714
vn 0.0000 1.0000 -0.0000
vn -0.9952 0.0000 -0.0980
vn 0.4714 0.0000 0.8819
vn -0.9569 0.0000 0.2903
vn 0.0980 0.0000 0.9952
vn -0.7730 0.0000 0.6344
vn -0.4714 0.0000 0.8819
vn -0.0980 0.0000 0.9952
vn -0.4714 0.0000 -0.8819
vn 0.2903 0.0000 0.9569
vn 0.2903 0.0000 -0.9569
vn 0.6344 0.0000 0.7730
vn 0.8819 0.0000 0.4714
vn 0.9952 0.0000 0.0980
vn 0.9569 0.0000 -0.2903
vn -0.2903 0.0000 0.9569
vn 0.7730 0.0000 -0.6344
vn 0.4714 0.0000 -0.8819
vn 0.0980 0.0000 -0.9952
vn 0.7730 0.0000 0.6344
vn 0.9569 0.0000 0.2903
vn 0.9952 0.0000 -0.0980
vn 0.8819 0.0000 -0.4714
vn 0.6344 0.0000 -0.7730
vn -0.9569 0.0000 -0.2903
vn -0.9952 0.0000 0.0980
vn -0.8819 0.0000 0.4714
vn -0.6344 0.0000 0.7730
vn -0.2902 0.0000 -0.9570
vn -0.2902 0.0000 0.9570
vn 0.2902 -0.0000 0.9570
vn 0.2902 0.0000 -0.9570
vn 0.0000 0.0000 -1.0000
vn -0.0000 0.0000 1.0000
vn -1.0000 0.0000 0.0000
vn 1.0000 0.0000 0.0000
vn 0.7071 0.0000 -0.7071
vn -0.7071 0.0000 0.7071
vn -0.7071 0.0000 -0.7071
vn 0.7071 0.0000 0.7071
vn -0.9063 0.0000 0.4226
vn 0.9063 0.0000 -0.4226
vn 0.4226 0.0000 0.9063
vn -0.4226 0.0000 -0.9063
vn 0.9063 0.0000 0.4226
vn -0.9063 0.0000 -0.4226
vn 0.4226 0.0000 -0.9063
vn -0.4226 0.0000 0.9063
usemtl None.004
s 1
f 1449/2887/217 1450/2888/217 1451/2889/217
f 1452/2890/218 1453/2891/218 1454/2892/218
f 1455/2893/219 1456/2894/219 1457/2895/219
f 1458/2896/220 1459/2897/220 1460/2898/220
f 1461/2899/221 1462/2900/221 1463/2901/221
f 1464/2902/222 1465/2903/222 1466/2904/222
f 1467/2905/223 1468/2906/223 1455/2907/223
f 1469/2908/224 1470/2909/224 1471/2910/224
f 1472/2911/225 1473/2912/225 1474/2913/225
f 1475/2914/226 1476/2915/226 1477/2916/226
f 1478/2917/227 1479/2918/227 1467/2919/227
f 1474/2913/228 1451/2889/228 1472/2911/228
f 1480/2920/221 1481/2921/221 1482/2922/221
f 1483/2923/229 1484/2924/229 1485/2925/229
f 1476/2926/223 1486/2927/223 1472/2928/223
f 1480/2929/230 1487/2930/230 1488/2931/230
f 1489/2932/231 1490/2933/231 1476/2915/231
f 1491/2934/232 1492/2935/232 1493/2936/232
f 1494/2937/233 1495/2938/233 1496/2939/233
f 1497/2940/234 1498/2941/234 1499/2942/234
f 1483/2943/221 1500/2944/221 1449/2945/221
f 1501/2946/235 1502/2947/235 1503/2948/235
f 1502/2949/223 1504/2950/223 1494/2951/223
f 1496/2939/236 1467/2919/236 1494/2937/236
f 1477/2916/227 1505/2952/227 1475/2914/227
f 1457/2895/237 1506/2953/237 1455/2893/237
f 1507/2954/238 1508/2955/238 1502/2947/238
f 1509/2956/239 1510/2957/239 1511/2958/239
f 1474/2959/221 1512/2960/221 1489/2961/221
f 1513/2962/240 1514/2963/240 1515/2964/240
f 1507/2965/221 1516/2966/221 1517/2967/221
f 1518/2968/221 1519/2969/221 1520/2970/221
f 1470/2971/223 1521/2972/223 1477/2973/223
f 1522/2974/241 1523/2975/241 1524/2976/241
f 1494/2951/223 1525/2977/223 1526/2978/223
f 1471/2979/223 1527/2980/223 1528/2981/223
f 1529/2982/227 1530/2983/227 1531/2984/227
f 1532/2985/232 1531/2984/232 1533/2986/232
f 1534/2987/225 1533/2986/225 1535/2988/225
f 1536/2989/234 1535/2988/234 1537/2990/234
f 1536/2989/242 1538/2991/242 1539/2992/242
f 1539/2992/235 1528/2993/235 1519/2994/235
f 1519/2994/243 1527/2995/243 1520/2996/243
f 1520/2996/236 1540/2997/236 1541/2998/236
f 1541/2998/244 1542/2999/244 1543/3000/244
f 1543/3000/237 1544/3001/237 1545/3002/237
f 1545/3002/245 1546/3003/245 1547/3004/245
f 1547/3004/239 1548/3005/239 1549/3006/239
f 1549/3006/246 1550/3007/246 1551/3008/246
f 1551/3008/240 1552/3009/240 1553/3010/240
f 1553/3010/233 1554/3011/233 1555/3012/233
f 1555/3012/241 1556/3013/241 1557/3014/241
f 1557/3014/219 1558/3015/219 1559/3016/219
f 1559/3016/218 1560/3017/218 1561/3018/218
f 1561/3018/231 1562/3019/231 1563/3020/231
f 1563/3020/220 1564/3021/220 1565/3022/220
f 1566/3023/217 1564/3021/217 1567/3024/217
f 1516/3025/222 1567/3024/222 1526/3026/222
f 1517/3027/247 1526/3026/247 1525/3028/247
f 1568/3029/224 1525/3028/224 1569/3030/224
f 1570/3031/248 1569/3030/248 1571/3032/248
f 1572/3033/226 1571/3032/226 1573/3034/226
f 1574/3035/249 1573/3034/249 1575/3036/249
f 1576/3037/228 1575/3036/228 1577/3038/228
f 1578/3039/250 1577/3038/250 1579/3040/250
f 1580/3041/229 1579/3040/229 1581/3042/229
f 1582/3043/238 1581/3042/238 1583/3044/238
f 1584/3045/230 1583/3044/230 1530/3046/230
f 1585/3047/219 1586/3048/219 1587/3049/219
f 1588/3050/231 1589/3051/231 1590/3052/231
f 1591/3053/217 1592/3054/217 1593/3055/217
f 1594/3056/247 1595/3057/247 1596/3058/247
f 1597/3059/248 1521/3060/248 1598/3061/248
f 1512/3062/249 1486/3063/249 1490/2933/249
f 1500/3064/250 1599/3065/250 1450/2888/250
f 1481/3066/238 1600/3067/238 1601/3068/238
f 1463/3069/227 1602/3070/227 1603/3071/227
f 1604/3072/225 1605/3073/225 1606/3074/225
f 1607/3075/242 1608/3076/242 1609/3077/242
f 1610/3078/243 1504/3079/243 1508/2955/243
f 1611/3080/244 1468/3081/244 1479/2918/244
f 1612/3082/245 1613/3083/245 1614/3084/245
f 1615/3085/246 1616/3086/246 1617/3087/246
f 1618/3088/233 1619/3089/233 1620/3090/233
f 1451/3091/223 1599/3092/223 1485/3093/223
f 1621/3094/221 1622/3095/221 1604/3096/221
f 1623/3097/225 1614/3084/225 1506/2953/225
f 1485/2925/242 1624/3098/242 1483/2923/242
f 1625/3099/244 1587/3100/244 1523/2975/244
f 1511/3101/223 1614/3102/223 1613/3103/223
f 1501/3104/221 1607/3105/221 1626/3106/221
f 1523/3107/223 1586/3108/223 1454/3109/223
f 1511/2958/231 1627/3110/231 1509/2956/231
f 1482/3111/247 1601/3068/247 1484/2924/247
f 1454/2892/248 1628/3112/248 1452/2890/248
f 1629/3113/221 1630/3114/221 1618/3115/221
f 1488/3116/223 1601/3117/223 1600/3118/223
f 1507/2965/221 1495/3119/221 1610/3120/221
f 1631/3121/242 1617/3087/242 1510/2957/242
f 1488/2931/243 1632/3122/243 1480/2929/243
f 1633/3123/245 1590/3052/245 1453/2891/245
f 1510/3124/223 1616/3125/223 1515/3126/223
f 1453/3127/223 1589/3128/223 1460/3129/223
f 1515/2964/217 1634/3130/217 1513/2962/217
f 1461/3131/248 1603/3071/248 1487/2930/248
f 1457/3132/221 1611/3133/221 1478/3134/221
f 1460/2898/249 1635/3135/249 1458/2896/249
f 1452/3136/221 1585/3137/221 1625/3138/221
f 1487/3139/223 1602/3140/223 1493/3141/223
f 1629/3142/243 1620/3090/243 1514/2963/243
f 1493/2936/244 1462/3143/244 1491/2934/244
f 1509/3144/221 1612/3145/221 1623/3146/221
f 1636/3147/246 1593/3055/246 1459/2897/246
f 1458/3148/221 1588/3149/221 1633/3150/221
f 1514/3151/223 1619/3152/223 1524/3153/223
f 1459/3154/223 1592/3155/223 1466/3156/223
f 1524/2976/247 1630/3157/247 1522/2974/247
f 1621/3158/249 1606/3074/249 1492/2935/249
f 1466/2904/250 1637/3159/250 1464/2902/250
f 1464/3160/221 1591/3161/221 1636/3162/221
f 1492/3163/223 1605/3164/223 1499/3165/223
f 1513/3166/221 1615/3167/221 1631/3168/221
f 1499/2942/245 1622/3169/245 1497/2940/245
f 1518/3170/233 1596/3058/233 1465/2903/233
f 1469/3171/221 1594/3172/221 1518/2968/221
f 1465/3173/223 1595/3174/223 1471/2979/223
f 1626/3175/250 1609/3077/250 1498/2941/250
f 1471/2910/238 1638/3176/238 1469/2908/238
f 1498/3177/223 1608/3178/223 1503/3179/223
f 1475/3180/221 1597/3181/221 1639/3182/221
f 1503/2948/246 1640/3183/246 1501/2946/246
f 1639/3184/219 1598/3061/219 1470/2909/219
f 1641/3185/219 1642/3186/219 1643/3187/219
f 1644/3188/218 1645/3189/251 1642/3186/251
f 1646/3190/231 1647/3191/231 1645/3189/231
f 1648/3192/220 1649/3193/220 1647/3191/220
f 1650/3194/217 1651/3195/217 1649/3193/217
f 1652/3196/222 1653/3197/222 1651/3195/222
f 1654/3198/247 1655/3199/247 1653/3197/247
f 1656/3200/224 1657/3201/224 1655/3199/224
f 1658/3202/248 1659/3203/248 1657/3201/248
f 1660/3204/226 1661/3205/226 1659/3203/226
f 1662/3206/249 1663/3207/249 1661/3205/249
f 1664/3208/228 1665/3209/228 1663/3207/228
f 1666/3210/250 1667/3211/250 1665/3209/250
f 1668/3212/229 1669/3213/229 1667/3211/229
f 1670/3214/252 1671/3215/238 1669/3213/238
f 1672/3216/230 1673/3217/230 1671/3215/230
f 1674/3218/227 1675/3219/227 1673/3217/227
f 1676/3220/232 1677/3221/253 1675/3219/253
f 1678/3222/225 1679/3223/225 1677/3221/225
f 1680/3224/234 1681/3225/234 1679/3223/234
f 1682/3226/242 1683/3227/242 1681/3225/242
f 1684/3228/235 1685/3229/235 1683/3227/235
f 1686/3230/243 1687/3231/243 1685/3229/243
f 1688/3232/236 1689/3233/236 1687/3231/236
f 1690/3234/244 1691/3235/244 1689/3233/244
f 1692/3236/237 1693/3237/237 1691/3235/237
f 1694/3238/245 1695/3239/245 1693/3237/245
f 1696/3240/239 1697/3241/239 1695/3239/239
f 1698/3242/246 1699/3243/246 1697/3241/246
f 1700/3244/240 1701/3245/240 1699/3243/240
f 1686/3246/221 1702/3247/221 1703/3248/221
f 1654/3249/221 1704/3250/221 1705/3251/221
f 1706/3252/254 1707/3253/233 1701/3245/233
f 1708/3254/241 1643/3255/241 1707/3253/241
f 1687/3256/223 1709/3257/223 1710/3258/223
f 1655/3259/223 1711/3260/223 1712/3261/223
f 1713/3262/227 1714/3263/227 1715/3264/227
f 1716/3265/232 1715/3264/232 1717/3266/232
f 1718/3267/225 1717/3266/225 1719/3268/225
f 1720/3269/234 1719/3268/234 1721/3270/234
f 1720/3269/242 1722/3271/242 1723/3272/242
f 1723/3272/235 1712/3273/235 1704/3274/235
f 1704/3274/243 1711/3275/243 1705/3276/243
f 1705/3276/236 1724/3277/236 1725/3278/236
f 1725/3278/244 1726/3279/244 1727/3280/244
f 1727/3280/237 1728/3281/237 1729/3282/237
f 1729/3282/245 1730/3283/245 1731/3284/245
f 1731/3284/239 1732/3285/239 1733/3286/239
f 1733/3286/246 1734/3287/246 1735/3288/246
f 1735/3288/240 1736/3289/240 1737/3290/240
f 1737/3290/233 1738/3291/233 1739/3292/233
f 1739/3292/241 1740/3293/241 1741/3294/241
f 1741/3294/219 1742/3295/219 1743/3296/219
f 1743/3296/218 1744/3297/218 1745/3298/218
f 1745/3298/231 1746/3299/231 1747/3300/231
f 1747/3300/220 1748/3301/220 1749/3302/220
f 1750/3303/217 1748/3301/217 1751/3304/217
f 1702/3305/222 1751/3304/222 1710/3306/222
f 1703/3307/247 1710/3306/247 1709/3308/247
f 1752/3309/224 1709/3308/224 1753/3310/224
f 1754/3311/248 1753/3310/248 1755/3312/248
f 1756/3313/226 1755/3312/226 1757/3314/226
f 1758/3315/249 1757/3314/249 1759/3316/249
f 1760/3317/228 1759/3316/228 1761/3318/228
f 1762/3319/250 1761/3318/250 1763/3320/250
f 1764/3321/229 1763/3320/229 1765/3322/229
f 1766/3323/238 1765/3322/238 1767/3324/238
f 1768/3325/230 1767/3324/230 1714/3326/230
f 1769/3327/223 1770/3328/223 1771/3329/223
f 1770/3328/255 1772/3330/255 1773/3331/255
f 1772/3330/221 1774/3332/221 1773/3331/221
f 1775/3333/256 1771/3334/256 1774/3332/256
f 1773/3331/257 1771/3335/257 1770/3336/257
f 1776/3337/258 1775/3333/258 1772/3330/258
f 1777/3338/223 1778/3339/223 1779/3340/223
f 1780/3341/259 1781/3342/259 1778/3339/259
f 1782/3343/221 1783/3344/221 1781/3342/221
f 1784/3345/260 1779/3346/260 1783/3344/260
f 1781/3342/261 1779/3347/261 1778/3348/261
f 1780/3349/262 1784/3345/262 1782/3343/262
f 1785/3350/223 1786/3351/223 1787/3352/223
f 1788/3353/261 1789/3354/261 1786/3351/261
f 1790/3355/221 1791/3356/221 1789/3354/221
f 1792/3357/262 1787/3358/262 1791/3356/262
f 1789/3354/260 1787/3359/260 1786/3360/260
f 1788/3361/259 1792/3357/259 1790/3355/259
f 1793/3362/223 1794/3363/223 1795/3364/223
f 1794/3363/263 1796/3365/263 1795/3364/263
f 1796/3365/221 1797/3366/221 1798/3367/221
f 1797/3366/264 1793/3368/264 1798/3367/264
f 1796/3365/265 1793/3369/265 1795/3370/265
f 1794/3371/266 1797/3366/266 1799/3372/266
f 1800/3373/223 1801/3374/223 1802/3375/223
f 1801/3374/267 1803/3376/267 1802/3375/267
f 1803/3376/221 1804/3377/221 1805/3378/221
f 1804/3377/268 1800/3379/268 1805/3378/268
f 1803/3376/269 1800/3380/269 1802/3381/269
f 1801/3382/270 1804/3377/270 1806/3383/270
f 1449/2887/217 1500/3064/217 1450/2888/217
f 1452/2890/218 1633/3123/218 1453/2891/218
f 1455/2893/219 1468/3081/219 1456/2894/219
f 1458/2896/220 1636/3147/220 1459/2897/220
f 1461/2899/221 1491/3384/221 1462/2900/221
f 1464/2902/222 1518/3170/222 1465/2903/222
f 1467/2905/223 1479/3385/223 1468/2906/223
f 1469/2908/224 1639/3184/224 1470/2909/224
f 1472/2911/225 1486/3063/225 1473/2912/225
f 1475/2914/226 1489/2932/226 1476/2915/226
f 1478/2917/227 1611/3080/227 1479/2918/227
f 1474/2913/228 1449/2887/228 1451/2889/228
f 1480/2920/221 1632/3386/221 1481/2921/221
f 1483/2923/229 1482/3111/229 1484/2924/229
f 1476/2926/223 1490/3387/223 1486/2927/223
f 1480/2929/230 1461/3131/230 1487/2930/230
f 1489/2932/231 1512/3062/231 1490/2933/231
f 1491/2934/232 1621/3158/232 1492/2935/232
f 1494/2937/233 1504/3079/233 1495/2938/233
f 1497/2940/234 1626/3175/234 1498/2941/234
f 1483/2943/221 1624/3388/221 1500/2944/221
f 1501/2946/235 1507/2954/235 1502/2947/235
f 1502/2949/223 1508/3389/223 1504/2950/223
f 1496/2939/236 1478/2917/236 1467/2919/236
f 1477/2916/227 1521/3060/227 1505/2952/227
f 1457/2895/237 1623/3097/237 1506/2953/237
f 1507/2954/238 1610/3078/238 1508/2955/238
f 1509/2956/239 1631/3121/239 1510/2957/239
f 1474/2959/221 1473/3390/221 1512/2960/221
f 1513/2962/240 1629/3142/240 1514/2963/240
f 1529/3391/221 1532/3392/221 1633/3150/221
f 1633/3150/221 1452/3136/221 1529/3391/221
f 1452/3136/221 1625/3138/221 1584/3393/221
f 1625/3138/221 1522/3394/221 1582/3395/221
f 1522/3394/221 1629/3113/221 1582/3395/221
f 1629/3113/221 1513/3166/221 1580/3396/221
f 1513/3166/221 1631/3168/221 1578/3397/221
f 1580/3396/221 1513/3166/221 1578/3397/221
f 1631/3168/221 1509/3144/221 1576/3398/221
f 1509/3144/221 1623/3146/221 1574/3399/221
f 1576/3398/221 1509/3144/221 1574/3399/221
f 1623/3146/221 1457/3132/221 1570/3400/221
f 1457/3132/221 1478/3134/221 1570/3400/221
f 1478/3134/221 1496/3401/221 1568/3402/221
f 1496/3401/221 1507/2965/221 1517/2967/221
f 1568/3402/221 1496/3401/221 1517/2967/221
f 1507/2965/221 1501/3104/221 1566/3403/221
f 1501/3104/221 1626/3106/221 1565/3404/221
f 1626/3106/221 1497/3405/221 1563/3406/221
f 1497/3405/221 1621/3094/221 1561/3407/221
f 1621/3094/221 1491/3384/221 1559/3408/221
f 1491/3384/221 1461/2899/221 1557/3409/221
f 1461/2899/221 1480/2920/221 1555/3410/221
f 1480/2920/221 1482/2922/221 1555/3410/221
f 1482/2922/221 1483/2943/221 1551/3411/221
f 1483/2943/221 1449/2945/221 1549/3412/221
f 1449/2945/221 1474/2959/221 1549/3412/221
f 1474/2959/221 1489/2961/221 1547/3413/221
f 1549/3412/221 1474/2959/221 1547/3413/221
f 1489/2961/221 1545/3414/221 1547/3413/221
f 1483/2943/221 1549/3412/221 1551/3411/221
f 1491/3384/221 1557/3409/221 1559/3408/221
f 1501/3104/221 1565/3404/221 1566/3403/221
f 1497/3405/221 1561/3407/221 1563/3406/221
f 1570/3400/221 1478/3134/221 1568/3402/221
f 1452/3136/221 1584/3393/221 1529/3391/221
f 1582/3395/221 1584/3393/221 1625/3138/221
f 1580/3396/221 1582/3395/221 1629/3113/221
f 1482/2922/221 1551/3411/221 1553/3415/221
f 1482/2922/221 1553/3415/221 1555/3410/221
f 1578/3397/221 1631/3168/221 1576/3398/221
f 1461/2899/221 1555/3410/221 1557/3409/221
f 1621/3094/221 1559/3408/221 1561/3407/221
f 1572/3416/221 1574/3399/221 1623/3146/221
f 1570/3400/221 1572/3416/221 1623/3146/221
f 1626/3106/221 1563/3406/221 1565/3404/221
f 1507/2965/221 1566/3403/221 1516/2966/221
f 1543/3417/221 1545/3414/221 1489/2961/221
f 1489/2961/221 1475/3180/221 1543/3417/221
f 1475/3180/221 1639/3182/221 1541/3418/221
f 1639/3182/221 1469/3171/221 1520/2970/221
f 1469/3171/221 1518/2968/221 1520/2970/221
f 1518/2968/221 1464/3160/221 1539/3419/221
f 1464/3160/221 1636/3162/221 1536/3420/221
f 1636/3162/221 1458/3148/221 1536/3420/221
f 1458/3148/221 1633/3150/221 1534/3421/221
f 1536/3420/221 1458/3148/221 1534/3421/221
f 1633/3150/221 1532/3392/221 1534/3421/221
f 1464/3160/221 1536/3420/221 1539/3419/221
f 1475/3180/221 1541/3418/221 1543/3417/221
f 1520/2970/221 1541/3418/221 1639/3182/221
f 1518/2968/221 1539/3419/221 1519/2969/221
f 1470/2971/223 1598/3422/223 1521/2972/223
f 1522/2974/241 1625/3099/241 1523/2975/241
f 1564/3423/223 1562/3424/223 1499/3165/223
f 1499/3165/223 1498/3177/223 1564/3423/223
f 1498/3177/223 1503/3179/223 1567/3425/223
f 1503/3179/223 1502/2949/223 1526/2978/223
f 1502/2949/223 1494/2951/223 1526/2978/223
f 1494/2951/223 1467/2905/223 1569/3426/223
f 1467/2905/223 1455/2907/223 1571/3427/223
f 1455/2907/223 1506/3428/223 1571/3427/223
f 1506/3428/223 1511/3101/223 1573/3429/223
f 1571/3427/223 1506/3428/223 1573/3429/223
f 1511/3101/223 1575/3430/223 1573/3429/223
f 1467/2905/223 1571/3427/223 1569/3426/223
f 1498/3177/223 1567/3425/223 1564/3423/223
f 1526/2978/223 1567/3425/223 1503/3179/223
f 1494/2951/223 1569/3426/223 1525/2977/223
f 1577/3431/223 1575/3430/223 1511/3101/223
f 1511/3101/223 1510/3124/223 1577/3431/223
f 1510/3124/223 1515/3126/223 1579/3432/223
f 1515/3126/223 1514/3151/223 1581/3433/223
f 1514/3151/223 1524/3153/223 1581/3433/223
f 1524/3153/223 1523/3107/223 1583/3434/223
f 1523/3107/223 1454/3109/223 1530/3435/223
f 1583/3434/223 1523/3107/223 1530/3435/223
f 1454/3109/223 1453/3127/223 1531/3436/223
f 1453/3127/223 1460/3129/223 1533/3437/223
f 1531/3436/223 1453/3127/223 1533/3437/223
f 1460/3129/223 1459/3154/223 1537/3438/223
f 1459/3154/223 1466/3156/223 1537/3438/223
f 1466/3156/223 1465/3173/223 1538/3439/223
f 1465/3173/223 1471/2979/223 1528/2981/223
f 1538/3439/223 1465/3173/223 1528/2981/223
f 1471/2979/223 1470/2971/223 1540/3440/223
f 1470/2971/223 1477/2973/223 1542/3441/223
f 1477/2973/223 1476/2926/223 1544/3442/223
f 1476/2926/223 1472/2928/223 1546/3443/223
f 1472/2928/223 1451/3091/223 1548/3444/223
f 1451/3091/223 1485/3093/223 1550/3445/223
f 1485/3093/223 1484/3446/223 1552/3447/223
f 1484/3446/223 1488/3116/223 1552/3447/223
f 1488/3116/223 1487/3139/223 1556/3448/223
f 1487/3139/223 1493/3141/223 1558/3449/223
f 1493/3141/223 1492/3163/223 1558/3449/223
f 1492/3163/223 1499/3165/223 1560/3450/223
f 1558/3449/223 1492/3163/223 1560/3450/223
f 1499/3165/223 1562/3424/223 1560/3450/223
f 1487/3139/223 1558/3449/223 1556/3448/223
f 1451/3091/223 1550/3445/223 1548/3444/223
f 1470/2971/223 1542/3441/223 1540/3440/223
f 1476/2926/223 1546/3443/223 1544/3442/223
f 1537/3438/223 1466/3156/223 1538/3439/223
f 1510/3124/223 1579/3432/223 1577/3431/223
f 1581/3433/223 1579/3432/223 1515/3126/223
f 1583/3434/223 1581/3433/223 1524/3153/223
f 1488/3116/223 1556/3448/223 1554/3451/223
f 1488/3116/223 1554/3451/223 1552/3447/223
f 1530/3435/223 1454/3109/223 1531/3436/223
f 1485/3093/223 1552/3447/223 1550/3445/223
f 1472/2928/223 1548/3444/223 1546/3443/223
f 1535/3452/223 1533/3437/223 1460/3129/223
f 1537/3438/223 1535/3452/223 1460/3129/223
f 1477/2973/223 1544/3442/223 1542/3441/223
f 1471/2979/223 1540/3440/223 1527/2980/223
f 1529/2982/227 1584/3453/227 1530/2983/227
f 1532/2985/232 1529/2982/232 1531/2984/232
f 1534/2987/225 1532/2985/225 1533/2986/225
f 1536/2989/234 1534/2987/234 1535/2988/234
f 1536/2989/242 1537/2990/242 1538/2991/242
f 1539/2992/235 1538/2991/235 1528/2993/235
f 1519/2994/243 1528/2993/243 1527/2995/243
f 1520/2996/236 1527/2995/236 1540/2997/236
f 1541/2998/244 1540/2997/244 1542/2999/244
f 1543/3000/237 1542/2999/237 1544/3001/237
f 1545/3002/245 1544/3001/245 1546/3003/245
f 1547/3004/239 1546/3003/239 1548/3005/239
f 1549/3006/246 1548/3005/246 1550/3007/246
f 1551/3008/240 1550/3007/240 1552/3009/240
f 1553/3010/233 1552/3009/233 1554/3011/233
f 1555/3012/241 1554/3011/241 1556/3013/241
f 1557/3014/219 1556/3013/219 1558/3015/219
f 1559/3016/218 1558/3015/218 1560/3017/218
f 1561/3018/231 1560/3017/231 1562/3019/231
f 1563/3020/220 1562/3019/220 1564/3021/220
f 1566/3023/217 1565/3022/217 1564/3021/217
f 1516/3025/222 1566/3023/222 1567/3024/222
f 1517/3027/247 1516/3025/247 1526/3026/247
f 1568/3029/224 1517/3027/224 1525/3028/224
f 1570/3031/248 1568/3029/248 1569/3030/248
f 1572/3033/226 1570/3031/226 1571/3032/226
f 1574/3035/249 1572/3033/249 1573/3034/249
f 1576/3037/228 1574/3035/228 1575/3036/228
f 1578/3039/250 1576/3037/250 1577/3038/250
f 1580/3041/229 1578/3039/229 1579/3040/229
f 1582/3043/238 1580/3041/238 1581/3042/238
f 1584/3045/230 1582/3043/230 1583/3044/230
f 1585/3047/219 1628/3112/219 1586/3048/219
f 1588/3050/231 1635/3135/231 1589/3051/231
f 1591/3053/217 1637/3159/217 1592/3054/217
f 1594/3056/247 1638/3176/247 1595/3057/247
f 1597/3059/248 1505/2952/248 1521/3060/248
f 1512/3062/249 1473/2912/249 1486/3063/249
f 1500/3064/250 1624/3098/250 1599/3065/250
f 1481/3066/238 1632/3122/238 1600/3067/238
f 1463/3069/227 1462/3143/227 1602/3070/227
f 1604/3072/225 1622/3169/225 1605/3073/225
f 1607/3075/242 1640/3183/242 1608/3076/242
f 1610/3078/243 1495/2938/243 1504/3079/243
f 1611/3080/244 1456/2894/244 1468/3081/244
f 1612/3082/245 1627/3110/245 1613/3083/245
f 1615/3085/246 1634/3130/246 1616/3086/246
f 1618/3088/233 1630/3157/233 1619/3089/233
f 1451/3091/223 1450/3454/223 1599/3092/223
f 1621/3094/221 1497/3405/221 1622/3095/221
f 1623/3097/225 1612/3082/225 1614/3084/225
f 1485/2925/242 1599/3065/242 1624/3098/242
f 1625/3099/244 1585/3455/244 1587/3100/244
f 1511/3101/223 1506/3428/223 1614/3102/223
f 1501/3104/221 1640/3456/221 1607/3105/221
f 1523/3107/223 1587/3457/223 1586/3108/223
f 1511/2958/231 1613/3083/231 1627/3110/231
f 1482/3111/247 1481/3066/247 1601/3068/247
f 1454/2892/248 1586/3048/248 1628/3112/248
f 1629/3113/221 1522/3394/221 1630/3114/221
f 1488/3116/223 1484/3446/223 1601/3117/223
f 1507/2965/221 1496/3401/221 1495/3119/221
f 1631/3121/242 1615/3085/242 1617/3087/242
f 1488/2931/243 1600/3067/243 1632/3122/243
f 1633/3123/245 1588/3050/245 1590/3052/245
f 1510/3124/223 1617/3458/223 1616/3125/223
f 1453/3127/223 1590/3459/223 1589/3128/223
f 1515/2964/217 1616/3086/217 1634/3130/217
f 1461/3131/248 1463/3069/248 1603/3071/248
f 1457/3132/221 1456/3460/221 1611/3133/221
f 1460/2898/249 1589/3051/249 1635/3135/249
f 1452/3136/221 1628/3461/221 1585/3137/221
f 1487/3139/223 1603/3462/223 1602/3140/223
f 1629/3142/243 1618/3088/243 1620/3090/243
f 1493/2936/244 1602/3070/244 1462/3143/244
f 1509/3144/221 1627/3463/221 1612/3145/221
f 1636/3147/246 1591/3053/246 1593/3055/246
f 1458/3148/221 1635/3464/221 1588/3149/221
f 1514/3151/223 1620/3465/223 1619/3152/223
f 1459/3154/223 1593/3466/223 1592/3155/223
f 1524/2976/247 1619/3089/247 1630/3157/247
f 1621/3158/249 1604/3072/249 1606/3074/249
f 1466/2904/250 1592/3054/250 1637/3159/250
f 1464/3160/221 1637/3467/221 1591/3161/221
f 1492/3163/223 1606/3468/223 1605/3164/223
f 1513/3166/221 1634/3469/221 1615/3167/221
f 1499/2942/245 1605/3073/245 1622/3169/245
f 1518/3170/233 1594/3056/233 1596/3058/233
f 1469/3171/221 1638/3470/221 1594/3172/221
f 1465/3173/223 1596/3471/223 1595/3174/223
f 1626/3175/250 1607/3075/250 1609/3077/250
f 1471/2910/238 1595/3057/238 1638/3176/238
f 1498/3177/223 1609/3472/223 1608/3178/223
f 1475/3180/221 1505/3473/221 1597/3181/221
f 1503/2948/246 1608/3076/246 1640/3183/246
f 1639/3184/219 1597/3059/219 1598/3061/219
f 1641/3185/219 1644/3188/219 1642/3186/219
f 1644/3188/218 1646/3190/218 1645/3189/251
f 1646/3190/231 1648/3192/231 1647/3191/231
f 1648/3192/220 1650/3194/220 1649/3193/220
f 1650/3194/217 1652/3196/217 1651/3195/217
f 1652/3196/222 1654/3198/222 1653/3197/222
f 1654/3198/247 1656/3200/247 1655/3199/247
f 1656/3200/224 1658/3202/224 1657/3201/224
f 1658/3202/248 1660/3204/248 1659/3203/248
f 1660/3204/226 1662/3206/226 1661/3205/226
f 1662/3206/249 1664/3208/249 1663/3207/249
f 1664/3208/228 1666/3210/228 1665/3209/228
f 1666/3210/250 1668/3212/250 1667/3211/250
f 1668/3212/229 1670/3214/229 1669/3213/229
f 1670/3214/252 1672/3216/252 1671/3215/238
f 1672/3216/230 1674/3218/230 1673/3217/230
f 1674/3218/227 1676/3220/227 1675/3219/227
f 1676/3220/232 1678/3222/232 1677/3221/253
f 1678/3222/225 1680/3224/225 1679/3223/225
f 1680/3224/234 1682/3226/234 1681/3225/234
f 1682/3226/242 1684/3228/242 1683/3227/242
f 1684/3228/235 1686/3230/235 1685/3229/235
f 1686/3230/243 1688/3232/243 1687/3231/243
f 1688/3232/236 1690/3234/236 1689/3233/236
f 1690/3234/244 1692/3236/244 1691/3235/244
f 1692/3236/237 1694/3238/237 1693/3237/237
f 1694/3238/245 1696/3240/245 1695/3239/245
f 1696/3240/239 1698/3242/239 1697/3241/239
f 1698/3242/246 1700/3244/246 1699/3243/246
f 1700/3244/240 1706/3252/240 1701/3245/240
f 1713/3474/221 1716/3475/221 1646/3476/221
f 1646/3476/221 1644/3477/221 1713/3474/221
f 1644/3477/221 1641/3478/221 1768/3479/221
f 1641/3478/221 1708/3480/221 1766/3481/221
f 1708/3480/221 1706/3482/221 1766/3481/221
f 1706/3482/221 1700/3483/221 1764/3484/221
f 1700/3483/221 1698/3485/221 1762/3486/221
f 1764/3484/221 1700/3483/221 1762/3486/221
f 1698/3485/221 1696/3487/221 1760/3488/221
f 1696/3487/221 1694/3489/221 1758/3490/221
f 1760/3488/221 1696/3487/221 1758/3490/221
f 1694/3489/221 1692/3491/221 1754/3492/221
f 1692/3491/221 1690/3493/221 1754/3492/221
f 1690/3493/221 1688/3494/221 1752/3495/221
f 1688/3494/221 1686/3246/221 1703/3248/221
f 1752/3495/221 1688/3494/221 1703/3248/221
f 1686/3246/221 1684/3496/221 1750/3497/221
f 1684/3496/221 1682/3498/221 1749/3499/221
f 1682/3498/221 1680/3500/221 1747/3501/221
f 1680/3500/221 1678/3502/221 1745/3503/221
f 1678/3502/221 1676/3504/221 1743/3505/221
f 1676/3504/221 1674/3506/221 1741/3507/221
f 1674/3506/221 1672/3508/221 1739/3509/221
f 1672/3508/221 1670/3510/221 1739/3509/221
f 1670/3510/221 1668/3511/221 1735/3512/221
f 1668/3511/221 1666/3513/221 1733/3514/221
f 1666/3513/221 1664/3515/221 1733/3514/221
f 1664/3515/221 1662/3516/221 1731/3517/221
f 1733/3514/221 1664/3515/221 1731/3517/221
f 1662/3516/221 1729/3518/221 1731/3517/221
f 1668/3511/221 1733/3514/221 1735/3512/221
f 1676/3504/221 1741/3507/221 1743/3505/221
f 1684/3496/221 1749/3499/221 1750/3497/221
f 1680/3500/221 1745/3503/221 1747/3501/221
f 1754/3492/221 1690/3493/221 1752/3495/221
f 1644/3477/221 1768/3479/221 1713/3474/221
f 1766/3481/221 1768/3479/221 1641/3478/221
f 1764/3484/221 1766/3481/221 1706/3482/221
f 1670/3510/221 1735/3512/221 1737/3519/221
f 1670/3510/221 1737/3519/221 1739/3509/221
f 1762/3486/221 1698/3485/221 1760/3488/221
f 1674/3506/221 1739/3509/221 1741/3507/221
f 1678/3502/221 1743/3505/221 1745/3503/221
f 1756/3520/221 1758/3490/221 1694/3489/221
f 1754/3492/221 1756/3520/221 1694/3489/221
f 1682/3498/221 1747/3501/221 1749/3499/221
f 1686/3246/221 1750/3497/221 1702/3247/221
f 1727/3521/221 1729/3518/221 1662/3516/221
f 1662/3516/221 1660/3522/221 1727/3521/221
f 1660/3522/221 1658/3523/221 1725/3524/221
f 1658/3523/221 1656/3525/221 1705/3251/221
f 1656/3525/221 1654/3249/221 1705/3251/221
f 1654/3249/221 1652/3526/221 1723/3527/221
f 1652/3526/221 1650/3528/221 1720/3529/221
f 1650/3528/221 1648/3530/221 1720/3529/221
f 1648/3530/221 1646/3476/221 1718/3531/221
f 1720/3529/221 1648/3530/221 1718/3531/221
f 1646/3476/221 1716/3475/221 1718/3531/221
f 1652/3526/221 1720/3529/221 1723/3527/221
f 1660/3522/221 1725/3524/221 1727/3521/221
f 1705/3251/221 1725/3524/221 1658/3523/221
f 1654/3249/221 1723/3527/221 1704/3250/221
f 1706/3252/254 1708/3254/254 1707/3253/233
f 1708/3254/241 1641/3532/241 1643/3255/241
f 1748/3533/223 1746/3534/223 1679/3535/223
f 1679/3535/223 1681/3536/223 1748/3533/223
f 1681/3536/223 1683/3537/223 1751/3538/223
f 1683/3537/223 1685/3539/223 1710/3258/223
f 1685/3539/223 1687/3256/223 1710/3258/223
f 1687/3256/223 1689/3540/223 1753/3541/223
f 1689/3540/223 1691/3542/223 1755/3543/223
f 1691/3542/223 1693/3544/223 1755/3543/223
f 1693/3544/223 1695/3545/223 1757/3546/223
f 1755/3543/223 1693/3544/223 1757/3546/223
f 1695/3545/223 1759/3547/223 1757/3546/223
f 1689/3540/223 1755/3543/223 1753/3541/223
f 1681/3536/223 1751/3538/223 1748/3533/223
f 1710/3258/223 1751/3538/223 1683/3537/223
f 1687/3256/223 1753/3541/223 1709/3257/223
f 1761/3548/223 1759/3547/223 1695/3545/223
f 1695/3545/223 1697/3549/223 1761/3548/223
f 1697/3549/223 1699/3550/223 1763/3551/223
f 1699/3550/223 1701/3552/223 1765/3553/223
f 1701/3552/223 1707/3554/223 1765/3553/223
f 1707/3554/223 1643/3555/223 1767/3556/223
f 1643/3555/223 1642/3557/223 1714/3558/223
f 1767/3556/223 1643/3555/223 1714/3558/223
f 1642/3557/223 1645/3559/223 1715/3560/223
f 1645/3559/223 1647/3561/223 1717/3562/223
f 1715/3560/223 1645/3559/223 1717/3562/223
f 1647/3561/223 1649/3563/223 1721/3564/223
f 1649/3563/223 1651/3565/223 1721/3564/223
f 1651/3565/223 1653/3566/223 1722/3567/223
f 1653/3566/223 1655/3259/223 1712/3261/223
f 1722/3567/223 1653/3566/223 1712/3261/223
f 1655/3259/223 1657/3568/223 1724/3569/223
f 1657/3568/223 1659/3570/223 1726/3571/223
f 1659/3570/223 1661/3572/223 1728/3573/223
f 1661/3572/223 1663/3574/223 1730/3575/223
f 1663/3574/223 1665/3576/223 1732/3577/223
f 1665/3576/223 1667/3578/223 1734/3579/223
f 1667/3578/223 1669/3580/223 1736/3581/223
f 1669/3580/223 1671/3582/223 1736/3581/223
f 1671/3582/223 1673/3583/223 1740/3584/223
f 1673/3583/223 1675/3585/223 1742/3586/223
f 1675/3585/223 1677/3587/223 1742/3586/223
f 1677/3587/223 1679/3535/223 1744/3588/223
f 1742/3586/223 1677/3587/223 1744/3588/223
f 1679/3535/223 1746/3534/223 1744/3588/223
f 1673/3583/223 1742/3586/223 1740/3584/223
f 1665/3576/223 1734/3579/223 1732/3577/223
f 1657/3568/223 1726/3571/223 1724/3569/223
f 1661/3572/223 1730/3575/223 1728/3573/223
f 1721/3564/223 1651/3565/223 1722/3567/223
f 1697/3549/223 1763/3551/223 1761/3548/223
f 1765/3553/223 1763/3551/223 1699/3550/223
f 1767/3556/223 1765/3553/223 1707/3554/223
f 1671/3582/223 1740/3584/223 1738/3589/223
f 1671/3582/223 1738/3589/223 1736/3581/223
f 1714/3558/223 1642/3557/223 1715/3560/223
f 1667/3578/223 1736/3581/223 1734/3579/223
f 1663/3574/223 1732/3577/223 1730/3575/223
f 1719/3590/223 1717/3562/223 1647/3561/223
f 1721/3564/223 1719/3590/223 1647/3561/223
f 1659/3570/223 1728/3573/223 1726/3571/223
f 1655/3259/223 1724/3569/223 1711/3260/223
f 1713/3262/227 1768/3591/227 1714/3263/227
f 1716/3265/232 1713/3262/232 1715/3264/232
f 1718/3267/225 1716/3265/225 1717/3266/225
f 1720/3269/234 1718/3267/234 1719/3268/234
f 1720/3269/242 1721/3270/242 1722/3271/242
f 1723/3272/235 1722/3271/235 1712/3273/235
f 1704/3274/243 1712/3273/243 1711/3275/243
f 1705/3276/236 1711/3275/236 1724/3277/236
f 1725/3278/244 1724/3277/244 1726/3279/244
f 1727/3280/237 1726/3279/237 1728/3281/237
f 1729/3282/245 1728/3281/245 1730/3283/245
f 1731/3284/239 1730/3283/239 1732/3285/239
f 1733/3286/246 1732/3285/246 1734/3287/246
f 1735/3288/240 1734/3287/240 1736/3289/240
f 1737/3290/233 1736/3289/233 1738/3291/233
f 1739/3292/241 1738/3291/241 1740/3293/241
f 1741/3294/219 1740/3293/219 1742/3295/219
f 1743/3296/218 1742/3295/218 1744/3297/218
f 1745/3298/231 1744/3297/231 1746/3299/231
f 1747/3300/220 1746/3299/220 1748/3301/220
f 1750/3303/217 1749/3302/217 1748/3301/217
f 1702/3305/222 1750/3303/222 1751/3304/222
f 1703/3307/247 1702/3305/247 1710/3306/247
f 1752/3309/224 1703/3307/224 1709/3308/224
f 1754/3311/248 1752/3309/248 1753/3310/248
f 1756/3313/226 1754/3311/226 1755/3312/226
f 1758/3315/249 1756/3313/249 1757/3314/249
f 1760/3317/228 1758/3315/228 1759/3316/228
f 1762/3319/250 1760/3317/250 1761/3318/250
f 1764/3321/229 1762/3319/229 1763/3320/229
f 1766/3323/238 1764/3321/238 1765/3322/238
f 1768/3325/230 1766/3323/230 1767/3324/230
f 1769/3327/223 1776/3592/223 1770/3328/223
f 1770/3328/255 1776/3592/255 1772/3330/255
f 1772/3330/221 1775/3333/221 1774/3332/221
f 1775/3333/256 1769/3593/256 1771/3334/256
f 1773/3331/257 1774/3332/257 1771/3335/257
f 1776/3337/258 1769/3594/258 1775/3333/258
f 1777/3338/223 1780/3341/223 1778/3339/223
f 1780/3341/259 1782/3343/259 1781/3342/259
f 1782/3343/221 1784/3345/221 1783/3344/221
f 1784/3345/260 1777/3595/260 1779/3346/260
f 1781/3342/261 1783/3344/261 1779/3347/261
f 1780/3349/262 1777/3596/262 1784/3345/262
f 1785/3350/223 1788/3353/223 1786/3351/223
f 1788/3353/261 1790/3355/261 1789/3354/261
f 1790/3355/221 1792/3357/221 1791/3356/221
f 1792/3357/262 1785/3597/262 1787/3358/262
f 1789/3354/260 1791/3356/260 1787/3359/260
f 1788/3361/259 1785/3598/259 1792/3357/259
f 1793/3362/223 1807/3599/223 1794/3363/223
f 1794/3363/263 1799/3372/263 1796/3365/263
f 1796/3365/221 1799/3372/221 1797/3366/221
f 1797/3366/264 1807/3600/264 1793/3368/264
f 1796/3365/265 1798/3367/265 1793/3369/265
f 1794/3371/266 1807/3601/266 1797/3366/266
f 1800/3373/223 1808/3602/223 1801/3374/223
f 1801/3374/267 1806/3383/267 1803/3376/267
f 1803/3376/221 1806/3383/221 1804/3377/221
f 1804/3377/268 1808/3603/268 1800/3379/268
f 1803/3376/269 1805/3378/269 1800/3380/269
f 1801/3382/270 1808/3604/270 1804/3377/270
o 歯車_円柱.005
v -1.437135 0.147033 1.820275
v -1.456699 0.257427 1.844113
v -1.437135 0.257427 1.820275
v -1.291517 0.147033 1.340237
v -1.344869 0.257427 1.356421
v -1.291517 0.257427 1.340237
v -0.957098 0.257427 1.563690
v -0.926408 0.147033 1.560667
v -0.957098 0.147033 1.563690
v -1.394038 0.147033 1.382703
v -1.437135 0.257427 1.418072
v -1.394038 0.257427 1.382703
v -1.236033 0.147033 1.903574
v -1.177527 0.147033 1.928799
v -1.233011 0.147033 1.934263
v -1.472504 0.147033 1.461169
v -1.498785 0.257427 1.510338
v -1.472504 0.257427 1.461169
v -0.951633 0.257427 1.619173
v -0.926408 0.257427 1.560667
v -1.514969 0.147033 1.563689
v -1.520434 0.257427 1.619173
v -1.514969 0.257427 1.563689
v -1.472504 0.257427 1.777178
v -1.499701 0.147033 1.791715
v -1.472504 0.147033 1.777178
v -1.514969 0.147033 1.674657
v -1.498786 0.257427 1.728009
v -1.514969 0.257427 1.674657
v -0.951633 0.147033 1.619173
v -0.920943 0.257427 1.616151
v -1.291517 0.147033 1.898109
v -1.353821 0.147033 1.911435
v -1.344869 0.147033 1.881925
v -1.394038 0.147033 1.855644
v -1.344869 0.257427 1.881925
v -1.394038 0.257427 1.855644
v -1.499701 0.257427 1.791715
v -1.236033 0.257427 1.903574
v -1.291517 0.257427 1.898109
v -1.498786 0.147033 1.728009
v -1.525982 0.257427 1.742545
v -1.180550 0.147033 1.898109
v -1.127198 0.257427 1.881925
v -1.180550 0.257427 1.898109
v -0.957098 0.257427 1.674657
v -0.927588 0.147033 1.683609
v -0.957098 0.147033 1.674657
v -1.078029 0.147033 1.855644
v -1.034932 0.257427 1.820275
v -1.078029 0.257427 1.855644
v -1.456699 0.147033 1.844113
v -0.999563 0.147033 1.777178
v -0.973281 0.257427 1.728009
v -0.999563 0.257427 1.777178
v -0.927588 0.257427 1.683609
v -1.545659 0.147033 1.677680
v -0.973282 0.257427 1.510338
v -0.973281 0.147033 1.728009
v -0.943771 0.257427 1.736960
v -0.999563 0.147033 1.461169
v -1.034932 0.257427 1.418072
v -0.999563 0.257427 1.461169
v -1.525982 0.147033 1.742545
v -1.078029 0.147033 1.382703
v -1.127198 0.257427 1.356421
v -1.078029 0.257427 1.382703
v -1.035818 0.147033 1.702105
v -1.023486 0.147033 1.661451
v -1.498785 0.147033 1.510338
v -1.436248 0.147033 1.536241
v -1.448581 0.147033 1.576895
v -1.545659 0.257427 1.677680
v -1.180550 0.147033 1.340237
v -1.236033 0.257427 1.334773
v -1.180550 0.257427 1.340237
v -1.023486 0.257427 1.661451
v -1.035818 0.257427 1.702105
v -1.448581 0.257427 1.576895
v -1.436248 0.257427 1.536241
v -1.278312 0.147033 1.406626
v -1.236033 0.257427 1.402462
v -1.278312 0.257427 1.406626
v -1.318965 0.147033 1.418958
v -1.318965 0.257427 1.418958
v -1.356432 0.147033 1.438984
v -1.356432 0.257427 1.438984
v -1.389271 0.147033 1.465935
v -1.389271 0.257427 1.465935
v -1.416222 0.257427 1.498775
v -1.416222 0.147033 1.498775
v -1.452745 0.257427 1.619173
v -1.452745 0.147033 1.619173
v -1.448581 0.257427 1.661451
v -1.448581 0.147033 1.661451
v -1.436248 0.257427 1.702105
v -1.436248 0.147033 1.702105
v -1.416222 0.257427 1.739571
v -1.416222 0.147033 1.739571
v -1.389271 0.257427 1.772411
v -1.389271 0.147033 1.772411
v -1.356432 0.257427 1.799362
v -1.356432 0.147033 1.799362
v -1.318965 0.257427 1.819388
v -1.318965 0.147033 1.819388
v -1.278312 0.257427 1.831720
v -1.278312 0.147033 1.831720
v -1.236033 0.257427 1.835885
v -1.236033 0.147033 1.835885
v -1.193755 0.257427 1.831720
v -1.193755 0.147033 1.831720
v -1.153102 0.257427 1.819388
v -1.153102 0.147033 1.819388
v -1.115635 0.257427 1.799362
v -1.115635 0.147033 1.799362
v -1.082796 0.257427 1.772411
v -1.082796 0.147033 1.772411
v -1.055845 0.147033 1.739572
v -1.055845 0.257427 1.739572
v -1.019322 0.147033 1.619173
v -1.019322 0.257427 1.619173
v -1.023486 0.147033 1.576895
v -1.023486 0.257427 1.576895
v -1.035818 0.147033 1.536242
v -1.035818 0.257427 1.536242
v -1.055845 0.147033 1.498775
v -1.055845 0.257427 1.498775
v -1.082796 0.147033 1.465935
v -1.082796 0.257427 1.465935
v -1.115635 0.147033 1.438984
v -1.115635 0.257427 1.438984
v -1.153102 0.147033 1.418958
v -1.153102 0.257427 1.418958
v -1.193755 0.147033 1.406626
v -1.193755 0.257427 1.406626
v -1.236033 0.147033 1.402462
v -1.239056 0.147033 1.304083
v -1.294540 0.257427 1.309548
v -1.239056 0.257427 1.304083
v -1.359406 0.147033 1.329225
v -1.408575 0.257427 1.355506
v -1.359406 0.257427 1.329225
v -1.460973 0.147033 1.398508
v -1.496342 0.257427 1.441605
v -1.460973 0.257427 1.398508
v -1.528296 0.147033 1.501386
v -1.544479 0.257427 1.554738
v -1.528296 0.257427 1.501386
v -1.551123 0.147033 1.622196
v -1.551123 0.257427 1.622196
v -1.413601 0.257427 1.879482
v -1.300469 0.257427 1.927619
v -1.353821 0.257427 1.911435
v -1.177527 0.257427 1.928799
v -1.233011 0.257427 1.934263
v -1.112661 0.147033 1.909122
v -1.063492 0.257427 1.882840
v -1.112661 0.257427 1.909122
v -1.011094 0.147033 1.839838
v -0.975725 0.257427 1.796741
v -1.011094 0.257427 1.839838
v -0.943771 0.147033 1.736960
v -0.920943 0.147033 1.616151
v -0.946085 0.147033 1.495801
v -0.972366 0.257427 1.446632
v -0.946085 0.257427 1.495801
v -1.015368 0.147033 1.394234
v -1.058465 0.257427 1.358865
v -1.015368 0.257427 1.394234
v -1.118246 0.147033 1.326911
v -1.171598 0.257427 1.310727
v -1.118246 0.257427 1.326911
v -1.127198 0.147033 1.881925
v -1.063492 0.147033 1.882840
v -0.973282 0.147033 1.510338
v -1.413601 0.147033 1.879482
v -1.236033 0.147033 1.334773
v -1.034932 0.147033 1.820275
v -0.972366 0.147033 1.446632
v -1.294540 0.147033 1.309548
v -1.127198 0.147033 1.356421
v -1.171598 0.147033 1.310727
v -1.034932 0.147033 1.418072
v -1.300469 0.147033 1.927619
v -1.344869 0.147033 1.356421
v -1.058465 0.147033 1.358865
v -1.408575 0.147033 1.355506
v -1.437135 0.147033 1.418072
v -1.496342 0.147033 1.441605
v -1.544479 0.147033 1.554738
v -1.520434 0.147033 1.619173
v -0.975725 0.147033 1.796741
v -1.236033 0.147018 1.571222
v -1.245388 0.257442 1.572144
v -1.236033 0.257442 1.571222
v -1.245388 0.147018 1.572144
v -1.254384 0.257442 1.574872
v -1.254384 0.147018 1.574872
v -1.262673 0.257442 1.579303
v -1.262673 0.147018 1.579303
v -1.269940 0.257442 1.585267
v -1.269940 0.147018 1.585267
v -1.275903 0.257442 1.592533
v -1.275903 0.147018 1.592533
v -1.280334 0.257442 1.600823
v -1.280335 0.147018 1.600823
v -1.283063 0.257442 1.609818
v -1.283063 0.147018 1.609818
v -1.283985 0.257442 1.619173
v -1.283985 0.147018 1.619173
v -1.283063 0.257442 1.628528
v -1.283063 0.147018 1.628528
v -1.280335 0.257442 1.637523
v -1.280335 0.147018 1.637523
v -1.275903 0.257442 1.645813
v -1.275903 0.147018 1.645813
v -1.269940 0.257442 1.653080
v -1.269940 0.147018 1.653080
v -1.262673 0.257442 1.659043
v -1.262673 0.147018 1.659043
v -1.254384 0.257442 1.663474
v -1.254384 0.147018 1.663474
v -1.245388 0.257442 1.666203
v -1.245388 0.147018 1.666203
v -1.236033 0.257442 1.667124
v -1.236033 0.147018 1.667124
v -1.226679 0.257442 1.666203
v -1.226679 0.147018 1.666203
v -1.217683 0.257442 1.663474
v -1.217683 0.147018 1.663474
v -1.209393 0.257442 1.659043
v -1.209393 0.147018 1.659043
v -1.202127 0.257442 1.653080
v -1.202127 0.147018 1.653080
v -1.196164 0.257442 1.645813
v -1.196164 0.147018 1.645813
v -1.191732 0.257442 1.637523
v -1.191732 0.147018 1.637523
v -1.189004 0.257442 1.628528
v -1.189004 0.147018 1.628528
v -1.188082 0.257442 1.619173
v -1.188082 0.147018 1.619173
v -1.189004 0.257442 1.609818
v -1.189004 0.147018 1.609818
v -1.191732 0.257442 1.600823
v -1.191732 0.147018 1.600823
v -1.196164 0.257442 1.592533
v -1.196164 0.147018 1.592533
v -1.202127 0.257442 1.585267
v -1.202127 0.147018 1.585267
v -1.209393 0.257442 1.579303
v -1.209393 0.147018 1.579303
v -1.217683 0.257442 1.574872
v -1.202276 0.147018 1.633156
v -1.200197 0.147018 1.626302
v -1.269790 0.147018 1.605191
v -1.271870 0.147018 1.612045
v -1.217683 0.147018 1.574872
v -1.226679 0.257442 1.572144
v -1.226679 0.147018 1.572144
v -1.200197 0.257442 1.626302
v -1.202276 0.257442 1.633156
v -1.271870 0.257442 1.612045
v -1.269790 0.257442 1.605191
v -1.243162 0.147018 1.583337
v -1.236033 0.257442 1.582635
v -1.243162 0.257442 1.583337
v -1.250016 0.147018 1.585416
v -1.250016 0.257442 1.585416
v -1.256333 0.147018 1.588793
v -1.256333 0.257442 1.588793
v -1.261870 0.147018 1.593337
v -1.261870 0.257442 1.593337
v -1.266414 0.257442 1.598874
v -1.266414 0.147018 1.598874
v -1.272572 0.257442 1.619173
v -1.272572 0.147018 1.619173
v -1.271870 0.257442 1.626302
v -1.271870 0.147018 1.626302
v -1.269790 0.257442 1.633156
v -1.269790 0.147018 1.633156
v -1.266414 0.257442 1.639473
v -1.266414 0.147018 1.639473
v -1.261870 0.257442 1.645010
v -1.261870 0.147018 1.645010
v -1.256333 0.257442 1.649554
v -1.256333 0.147018 1.649554
v -1.250016 0.257442 1.652930
v -1.250016 0.147018 1.652930
v -1.243162 0.257442 1.655010
v -1.243162 0.147018 1.655010
v -1.236033 0.257442 1.655712
v -1.236033 0.147018 1.655712
v -1.228905 0.257442 1.655010
v -1.228905 0.147018 1.655010
v -1.222051 0.257442 1.652930
v -1.222051 0.147018 1.652930
v -1.215734 0.257442 1.649554
v -1.215734 0.147018 1.649554
v -1.210197 0.257442 1.645010
v -1.210197 0.147018 1.645010
v -1.205653 0.147018 1.639473
v -1.205653 0.257442 1.639473
v -1.199495 0.147018 1.619173
v -1.199495 0.257442 1.619173
v -1.200197 0.147018 1.612045
v -1.200197 0.257442 1.612045
v -1.202276 0.147018 1.605191
v -1.202276 0.257442 1.605191
v -1.205653 0.147018 1.598874
v -1.205653 0.257442 1.598874
v -1.210197 0.147018 1.593337
v -1.210197 0.257442 1.593337
v -1.215734 0.147018 1.588793
v -1.215734 0.257442 1.588793
v -1.222051 0.147018 1.585416
v -1.222051 0.257442 1.585416
v -1.228905 0.147018 1.583337
v -1.228905 0.257442 1.583337
v -1.236033 0.147018 1.582635
v -0.992827 0.254302 1.635769
v -1.196973 0.254302 1.603019
v -1.196973 0.254302 1.635769
v -0.992827 0.150158 1.603019
v -1.196973 0.150158 1.603019
v -1.196973 0.150158 1.635769
v -0.992827 0.150158 1.635769
v -0.992827 0.254302 1.603019
v -1.274808 0.254302 1.605187
v -1.396003 0.254302 1.437676
v -1.419161 0.254302 1.460834
v -1.251650 0.254302 1.582029
v -1.396003 0.150158 1.437676
v -1.251650 0.150158 1.582029
v -1.419161 0.150158 1.460834
v -1.274808 0.150158 1.605187
v -1.251650 0.254302 1.658613
v -1.419161 0.254302 1.779808
v -1.396003 0.254302 1.802966
v -1.274808 0.254302 1.635455
v -1.419161 0.150158 1.779808
v -1.274808 0.150158 1.635455
v -1.396003 0.150158 1.802966
v -1.251650 0.150158 1.658613
v -1.116860 0.254302 1.833743
v -1.232818 0.254302 1.662565
v -1.146542 0.254302 1.847584
v -1.146542 0.150158 1.847584
v -1.203136 0.150158 1.648724
v -1.116860 0.150158 1.833743
v -1.232818 0.150158 1.662565
v -1.146542 0.254302 1.389612
v -1.203136 0.254302 1.588472
v -1.116860 0.254302 1.403453
v -1.116860 0.150158 1.403453
v -1.232818 0.150158 1.574632
v -1.146542 0.150158 1.389612
v -1.203136 0.150158 1.588472
v -1.203136 0.254302 1.648724
v -1.232818 0.254302 1.574632
vt 0.220825 0.307216
vt 0.220825 0.183760
vt 0.220825 0.183760
vt 0.305701 0.307216
vt 0.297985 0.183760
vt 0.305701 0.183760
vt 0.120517 0.183760
vt 0.120517 0.307216
vt 0.120517 0.307216
vt 0.290269 0.307216
vt 0.282553 0.183760
vt 0.290269 0.183760
vt 0.128233 0.062773
vt 0.116672 0.063912
vt 0.128233 0.062773
vt 0.274837 0.307216
vt 0.267121 0.183760
vt 0.274837 0.183760
vt 0.192430 0.122032
vt 0.193569 0.133593
vt 0.193569 0.133593
vt 0.259405 0.307216
vt 0.251689 0.183760
vt 0.259405 0.183760
vt 0.228541 0.183760
vt 0.228541 0.307216
vt 0.228541 0.307216
vt 0.243973 0.307216
vt 0.236257 0.183760
vt 0.243973 0.183760
vt 0.128233 0.307216
vt 0.128233 0.183760
vt 0.128233 0.183760
vt 0.139794 0.063912
vt 0.150910 0.067284
vt 0.150910 0.067284
vt 0.213109 0.307216
vt 0.205393 0.183760
vt 0.213109 0.183760
vt 0.306437 0.099355
vt 0.300961 0.089109
vt 0.300961 0.089109
vt 0.197677 0.307216
vt 0.189961 0.183760
vt 0.197677 0.183760
vt 0.236257 0.307216
vt 0.236257 0.183760
vt 0.182245 0.307216
vt 0.174529 0.183760
vt 0.182245 0.183760
vt 0.135949 0.183760
vt 0.135949 0.307216
vt 0.135949 0.307216
vt 0.166813 0.307216
vt 0.159097 0.183760
vt 0.166813 0.183760
vt 0.161155 0.072760
vt 0.170135 0.080130
vt 0.170135 0.080130
vt 0.151381 0.307216
vt 0.143665 0.183760
vt 0.151381 0.183760
vt 0.196941 0.099355
vt 0.193569 0.110471
vt 0.193569 0.110471
vt 0.243973 0.307216
vt 0.112801 0.183760
vt 0.143665 0.307216
vt 0.143665 0.183760
vt 0.105085 0.307216
vt 0.097369 0.183760
vt 0.105085 0.183760
vt 0.177505 0.089109
vt 0.182981 0.099355
vt 0.182981 0.099355
vt 0.089653 0.307216
vt 0.081937 0.183760
vt 0.089653 0.183760
vt 0.073485 0.099355
vt 0.086515 0.104752
vt 0.083946 0.113223
vt 0.182981 0.144709
vt 0.169950 0.139312
vt 0.172520 0.130841
vt 0.310948 0.122032
vt 0.309809 0.110471
vt 0.309809 0.110471
vt 0.074221 0.307216
vt 0.066505 0.183760
vt 0.074221 0.183760
vt 0.207402 0.113223
vt 0.209971 0.104752
vt 0.309809 0.133593
vt 0.295976 0.130841
vt 0.293407 0.139312
vt 0.305701 0.291734
vt 0.313417 0.199242
vt 0.305701 0.199242
vt 0.297985 0.291734
vt 0.297985 0.199242
vt 0.290269 0.291734
vt 0.290269 0.199242
vt 0.282553 0.291734
vt 0.282553 0.199242
vt 0.274837 0.199242
vt 0.274837 0.291734
vt 0.267121 0.199242
vt 0.267121 0.291734
vt 0.259405 0.199242
vt 0.259405 0.291734
vt 0.251689 0.199242
vt 0.251689 0.291734
vt 0.243973 0.199242
vt 0.243973 0.291734
vt 0.236257 0.199242
vt 0.236257 0.291734
vt 0.228541 0.199242
vt 0.228541 0.291734
vt 0.220825 0.199242
vt 0.220825 0.291734
vt 0.213109 0.199242
vt 0.213109 0.291734
vt 0.205393 0.199242
vt 0.205393 0.291734
vt 0.197677 0.199242
vt 0.197677 0.291734
vt 0.189961 0.199242
vt 0.189961 0.291734
vt 0.182245 0.199242
vt 0.182245 0.291734
vt 0.174529 0.199242
vt 0.174529 0.291734
vt 0.166813 0.199242
vt 0.166813 0.291734
vt 0.159097 0.199242
vt 0.159097 0.291734
vt 0.151381 0.291734
vt 0.151381 0.199242
vt 0.143665 0.291734
vt 0.143665 0.199242
vt 0.135949 0.291734
vt 0.135949 0.199242
vt 0.128233 0.291734
vt 0.128233 0.199242
vt 0.120517 0.291734
vt 0.120517 0.199242
vt 0.112801 0.291734
vt 0.112801 0.199242
vt 0.105085 0.291734
vt 0.105085 0.199242
vt 0.097369 0.291734
vt 0.097369 0.199242
vt 0.089653 0.291734
vt 0.089653 0.199242
vt 0.081937 0.291734
vt 0.081937 0.199242
vt 0.074221 0.291734
vt 0.074221 0.199242
vt 0.066505 0.291734
vt 0.066505 0.199242
vt 0.313417 0.307216
vt 0.305701 0.183760
vt 0.313417 0.183760
vt 0.297985 0.307216
vt 0.290269 0.183760
vt 0.297985 0.183760
vt 0.282553 0.307216
vt 0.274837 0.183760
vt 0.282553 0.183760
vt 0.267121 0.307216
vt 0.259405 0.183760
vt 0.267121 0.183760
vt 0.251689 0.307216
vt 0.243973 0.183760
vt 0.251689 0.183760
vt 0.236257 0.307216
vt 0.228541 0.183760
vt 0.220825 0.307216
vt 0.213109 0.183760
vt 0.205393 0.307216
vt 0.197677 0.183760
vt 0.205393 0.183760
vt 0.189961 0.307216
vt 0.182245 0.183760
vt 0.189961 0.183760
vt 0.174529 0.307216
vt 0.166813 0.183760
vt 0.174529 0.183760
vt 0.159097 0.307216
vt 0.151381 0.183760
vt 0.159097 0.183760
vt 0.143665 0.307216
vt 0.135949 0.183760
vt 0.128233 0.307216
vt 0.120517 0.183760
vt 0.112801 0.307216
vt 0.105085 0.183760
vt 0.112801 0.183760
vt 0.097369 0.307216
vt 0.089653 0.183760
vt 0.097369 0.183760
vt 0.081937 0.307216
vt 0.074221 0.183760
vt 0.081937 0.183760
vt 0.293591 0.080130
vt 0.284611 0.072760
vt 0.284611 0.072760
vt 0.105555 0.067284
vt 0.095310 0.072760
vt 0.105555 0.067284
vt 0.112801 0.307216
vt 0.213109 0.307216
vt 0.066505 0.307216
vt 0.066505 0.183760
vt 0.202417 0.154954
vt 0.196941 0.144709
vt 0.202417 0.154954
vt 0.078961 0.089109
vt 0.086330 0.080130
vt 0.086330 0.080130
vt 0.251689 0.181291
vt 0.263250 0.180152
vt 0.263250 0.180152
vt 0.105085 0.307216
vt 0.205393 0.307216
vt 0.305701 0.307216
vt 0.105555 0.176780
vt 0.116672 0.180152
vt 0.105555 0.176780
vt 0.263250 0.063912
vt 0.274366 0.067284
vt 0.263250 0.063912
vt 0.070113 0.110471
vt 0.073485 0.099355
vt 0.097369 0.307216
vt 0.197677 0.307216
vt 0.297985 0.307216
vt 0.209786 0.163934
vt 0.218766 0.171304
vt 0.218766 0.171304
vt 0.274366 0.176780
vt 0.284611 0.171304
vt 0.284611 0.171304
vt 0.089653 0.307216
vt 0.189961 0.307216
vt 0.070113 0.133593
vt 0.068974 0.122032
vt 0.068974 0.122032
vt 0.290269 0.307216
vt 0.139794 0.180152
vt 0.128233 0.181291
vt 0.128233 0.181291
vt 0.251689 0.062773
vt 0.240128 0.063912
vt 0.240128 0.063912
vt 0.081937 0.307216
vt 0.182245 0.307216
vt 0.078961 0.154954
vt 0.073485 0.144709
vt 0.073485 0.144709
vt 0.282553 0.307216
vt 0.161155 0.171304
vt 0.150910 0.176780
vt 0.150910 0.176780
vt 0.229011 0.176780
vt 0.240128 0.180152
vt 0.240128 0.180152
vt 0.293591 0.163934
vt 0.300961 0.154954
vt 0.300961 0.154954
vt 0.074221 0.307216
vt 0.174529 0.307216
vt 0.274837 0.307216
vt 0.177505 0.154954
vt 0.170135 0.163934
vt 0.170135 0.163934
vt 0.229011 0.067284
vt 0.218766 0.072760
vt 0.218766 0.072760
vt 0.095310 0.171304
vt 0.086330 0.163934
vt 0.086330 0.163934
vt 0.166813 0.307216
vt 0.267121 0.307216
vt 0.186353 0.133593
vt 0.182981 0.144709
vt 0.306437 0.144709
vt 0.309809 0.133593
vt 0.159097 0.307216
vt 0.259405 0.307216
vt 0.209786 0.080130
vt 0.202417 0.089109
vt 0.202417 0.089109
vt 0.186353 0.110471
vt 0.187492 0.122032
vt 0.187492 0.122032
vt 0.151381 0.307216
vt 0.251689 0.307216
vt 0.313417 0.307216
vt 0.305701 0.183760
vt 0.313417 0.183760
vt 0.305701 0.307216
vt 0.297985 0.183760
vt 0.297985 0.307216
vt 0.290269 0.183760
vt 0.290269 0.307216
vt 0.282553 0.183760
vt 0.282553 0.307216
vt 0.274837 0.183760
vt 0.274837 0.307216
vt 0.267121 0.183760
vt 0.267121 0.307216
vt 0.259405 0.183760
vt 0.259405 0.307216
vt 0.251689 0.183760
vt 0.251689 0.307216
vt 0.243973 0.183760
vt 0.243973 0.307216
vt 0.236257 0.183760
vt 0.236257 0.307216
vt 0.228541 0.183760
vt 0.228541 0.307216
vt 0.220825 0.183760
vt 0.220825 0.307216
vt 0.213109 0.183760
vt 0.213109 0.307216
vt 0.205393 0.183760
vt 0.205393 0.307216
vt 0.197677 0.183760
vt 0.197677 0.307216
vt 0.189961 0.183760
vt 0.189961 0.307216
vt 0.182245 0.183760
vt 0.182245 0.307216
vt 0.174529 0.183760
vt 0.174529 0.307216
vt 0.166813 0.183760
vt 0.166813 0.307216
vt 0.159097 0.183760
vt 0.159097 0.307216
vt 0.151381 0.183760
vt 0.151381 0.307216
vt 0.143665 0.183760
vt 0.143665 0.307216
vt 0.135949 0.183760
vt 0.135949 0.307216
vt 0.128233 0.183760
vt 0.128233 0.307216
vt 0.120517 0.183760
vt 0.120517 0.307216
vt 0.112801 0.183760
vt 0.112801 0.307216
vt 0.105085 0.183760
vt 0.105085 0.307216
vt 0.097369 0.183760
vt 0.097369 0.307216
vt 0.089653 0.183760
vt 0.089653 0.307216
vt 0.081937 0.183760
vt 0.073485 0.099355
vt 0.086515 0.104752
vt 0.083946 0.113223
vt 0.182981 0.144709
vt 0.169950 0.139312
vt 0.172520 0.130841
vt 0.081937 0.307216
vt 0.074221 0.183760
vt 0.074221 0.307216
vt 0.066505 0.183760
vt 0.193569 0.110471
vt 0.207402 0.113223
vt 0.209971 0.104752
vt 0.309809 0.133593
vt 0.295976 0.130841
vt 0.293407 0.139312
vt 0.305701 0.291734
vt 0.313417 0.199242
vt 0.305701 0.199242
vt 0.297985 0.291734
vt 0.297985 0.199242
vt 0.290269 0.291734
vt 0.290269 0.199242
vt 0.282553 0.291734
vt 0.282553 0.199242
vt 0.274837 0.199242
vt 0.274837 0.291734
vt 0.267121 0.199242
vt 0.267121 0.291734
vt 0.259405 0.199242
vt 0.259405 0.291734
vt 0.251689 0.199242
vt 0.251689 0.291734
vt 0.243973 0.199242
vt 0.243973 0.291734
vt 0.236257 0.199242
vt 0.236257 0.291734
vt 0.228541 0.199242
vt 0.228541 0.291734
vt 0.220825 0.199242
vt 0.220825 0.291734
vt 0.213109 0.199242
vt 0.213109 0.291734
vt 0.205393 0.199242
vt 0.205393 0.291734
vt 0.197677 0.199242
vt 0.197677 0.291734
vt 0.189961 0.199242
vt 0.189961 0.291734
vt 0.182245 0.199242
vt 0.182245 0.291734
vt 0.174529 0.199242
vt 0.174529 0.291734
vt 0.166813 0.199242
vt 0.166813 0.291734
vt 0.159097 0.199242
vt 0.159097 0.291734
vt 0.151381 0.291734
vt 0.151381 0.199242
vt 0.143665 0.291734
vt 0.143665 0.199242
vt 0.135949 0.291734
vt 0.135949 0.199242
vt 0.128233 0.291734
vt 0.128233 0.199242
vt 0.120517 0.291734
vt 0.120517 0.199242
vt 0.112801 0.291734
vt 0.112801 0.199242
vt 0.105085 0.291734
vt 0.105085 0.199242
vt 0.097369 0.291734
vt 0.097369 0.199242
vt 0.089653 0.291734
vt 0.089653 0.199242
vt 0.081937 0.291734
vt 0.081937 0.199242
vt 0.074221 0.291734
vt 0.074221 0.199242
vt 0.066505 0.291734
vt 0.066505 0.199242
vt 0.220825 0.060304
vt 0.159097 0.122032
vt 0.159097 0.060304
vt 0.220825 0.183760
vt 0.159097 0.183760
vt 0.159097 0.245488
vt 0.220825 0.245488
vt 0.159097 0.307216
vt 0.097369 0.245488
vt 0.097369 0.183760
vt 0.282553 0.183760
vt 0.220825 0.060304
vt 0.159097 0.122032
vt 0.159097 0.060304
vt 0.220825 0.122032
vt 0.159097 0.183760
vt 0.220825 0.183760
vt 0.159097 0.245488
vt 0.220825 0.245488
vt 0.159097 0.307216
vt 0.097369 0.245488
vt 0.097369 0.183760
vt 0.282553 0.183760
vt 0.220825 0.060304
vt 0.159097 0.122032
vt 0.159097 0.060304
vt 0.220825 0.122032
vt 0.159097 0.183760
vt 0.220825 0.183760
vt 0.159097 0.245488
vt 0.220825 0.245488
vt 0.159097 0.307216
vt 0.097369 0.245488
vt 0.097369 0.183760
vt 0.282553 0.183760
vt 0.159097 0.060304
vt 0.220825 0.122032
vt 0.159097 0.122032
vt 0.159097 0.183760
vt 0.220825 0.245488
vt 0.159097 0.245488
vt 0.159097 0.307216
vt 0.097369 0.245488
vt 0.097369 0.183760
vt 0.282553 0.183760
vt 0.220825 0.183760
vt 0.159097 0.060304
vt 0.220825 0.122032
vt 0.159097 0.122032
vt 0.159097 0.183760
vt 0.220825 0.245488
vt 0.159097 0.245488
vt 0.159097 0.307216
vt 0.097369 0.245488
vt 0.097369 0.183760
vt 0.282553 0.183760
vt 0.220825 0.183760
vt 0.116672 0.063912
vt 0.192430 0.122032
vt 0.139794 0.063912
vt 0.306437 0.099355
vt 0.161155 0.072760
vt 0.196941 0.099355
vt 0.177505 0.089109
vt 0.137042 0.166319
vt 0.145513 0.163750
vt 0.128233 0.167187
vt 0.116672 0.180152
vt 0.119423 0.166319
vt 0.110953 0.163750
vt 0.103146 0.159577
vt 0.096304 0.153961
vt 0.090688 0.147119
vt 0.083946 0.130841
vt 0.070113 0.110471
vt 0.083078 0.122032
vt 0.090688 0.096945
vt 0.096304 0.090103
vt 0.095310 0.072760
vt 0.103146 0.084487
vt 0.110953 0.080314
vt 0.119423 0.077745
vt 0.128233 0.076877
vt 0.137042 0.077745
vt 0.153320 0.084487
vt 0.160162 0.090103
vt 0.165778 0.096945
vt 0.169950 0.104752
vt 0.145513 0.080314
vt 0.086515 0.139312
vt 0.172520 0.113223
vt 0.173388 0.122032
vt 0.165778 0.147119
vt 0.160162 0.153961
vt 0.153320 0.159577
vt 0.310948 0.122032
vt 0.219760 0.090103
vt 0.226602 0.084487
vt 0.214144 0.096945
vt 0.206534 0.122032
vt 0.207402 0.130841
vt 0.196941 0.144709
vt 0.209971 0.139312
vt 0.214144 0.147119
vt 0.219760 0.153961
vt 0.226602 0.159577
vt 0.234409 0.163750
vt 0.242879 0.166319
vt 0.251689 0.167187
vt 0.260498 0.166319
vt 0.268969 0.163750
vt 0.283618 0.153961
vt 0.289234 0.147119
vt 0.296843 0.122032
vt 0.295976 0.113223
vt 0.293406 0.104752
vt 0.289234 0.096945
vt 0.283618 0.090103
vt 0.276776 0.084487
vt 0.274366 0.067284
vt 0.268969 0.080314
vt 0.251689 0.076877
vt 0.242879 0.077745
vt 0.234409 0.080314
vt 0.260498 0.077745
vt 0.276776 0.159577
vt 0.313417 0.291734
vt 0.293591 0.080130
vt 0.066505 0.307216
vt 0.078961 0.089109
vt 0.251689 0.181291
vt 0.209786 0.163934
vt 0.274366 0.176780
vt 0.070113 0.133593
vt 0.139794 0.180152
vt 0.251689 0.062773
vt 0.078961 0.154954
vt 0.161155 0.171304
vt 0.229011 0.176780
vt 0.293591 0.163934
vt 0.177505 0.154954
vt 0.229011 0.067284
vt 0.095310 0.171304
vt 0.186353 0.133593
vt 0.306437 0.144709
vt 0.209786 0.080130
vt 0.186353 0.110471
vt 0.137042 0.166319
vt 0.145513 0.163750
vt 0.150910 0.176780
vt 0.139794 0.180152
vt 0.128233 0.181291
vt 0.128233 0.167187
vt 0.116672 0.180152
vt 0.119423 0.166319
vt 0.105555 0.176780
vt 0.095310 0.171304
vt 0.110953 0.163750
vt 0.086330 0.163934
vt 0.103146 0.159577
vt 0.078961 0.154954
vt 0.096304 0.153961
vt 0.073485 0.144709
vt 0.090688 0.147119
vt 0.070113 0.133593
vt 0.083946 0.130841
vt 0.068974 0.122032
vt 0.070113 0.110471
vt 0.083078 0.122032
vt 0.078961 0.089109
vt 0.090688 0.096945
vt 0.086330 0.080130
vt 0.096304 0.090103
vt 0.095310 0.072760
vt 0.103146 0.084487
vt 0.105555 0.067284
vt 0.110953 0.080314
vt 0.116672 0.063912
vt 0.119423 0.077745
vt 0.128233 0.062773
vt 0.128233 0.076877
vt 0.139794 0.063912
vt 0.137042 0.077745
vt 0.150910 0.067284
vt 0.161155 0.072760
vt 0.153320 0.084487
vt 0.170135 0.080130
vt 0.160162 0.090103
vt 0.177505 0.089109
vt 0.182981 0.099355
vt 0.165778 0.096945
vt 0.169950 0.104752
vt 0.145513 0.080314
vt 0.086515 0.139312
vt 0.172520 0.113223
vt 0.186353 0.110471
vt 0.187492 0.122032
vt 0.173388 0.122032
vt 0.186353 0.133593
vt 0.177505 0.154954
vt 0.165778 0.147119
vt 0.170135 0.163934
vt 0.160162 0.153961
vt 0.161155 0.171304
vt 0.153320 0.159577
vt 0.066505 0.307216
vt 0.219760 0.090103
vt 0.226602 0.084487
vt 0.218766 0.072760
vt 0.209786 0.080130
vt 0.202417 0.089109
vt 0.214144 0.096945
vt 0.196941 0.099355
vt 0.192430 0.122032
vt 0.206534 0.122032
vt 0.193569 0.133593
vt 0.207402 0.130841
vt 0.196941 0.144709
vt 0.202417 0.154954
vt 0.209971 0.139312
vt 0.214144 0.147119
vt 0.219760 0.153961
vt 0.209786 0.163934
vt 0.218766 0.171304
vt 0.226602 0.159577
vt 0.229011 0.176780
vt 0.234409 0.163750
vt 0.240128 0.180152
vt 0.251689 0.181291
vt 0.242879 0.166319
vt 0.263250 0.180152
vt 0.251689 0.167187
vt 0.274366 0.176780
vt 0.260498 0.166319
vt 0.284611 0.171304
vt 0.268969 0.163750
vt 0.293591 0.163934
vt 0.283618 0.153961
vt 0.300961 0.154954
vt 0.306437 0.144709
vt 0.289234 0.147119
vt 0.310948 0.122032
vt 0.296843 0.122032
vt 0.309809 0.110471
vt 0.295976 0.113223
vt 0.306437 0.099355
vt 0.293406 0.104752
vt 0.300961 0.089109
vt 0.289234 0.096945
vt 0.293591 0.080130
vt 0.283618 0.090103
vt 0.284611 0.072760
vt 0.276776 0.084487
vt 0.274366 0.067284
vt 0.268969 0.080314
vt 0.263250 0.063912
vt 0.251689 0.062773
vt 0.251689 0.076877
vt 0.240128 0.063912
vt 0.242879 0.077745
vt 0.229011 0.067284
vt 0.234409 0.080314
vt 0.260498 0.077745
vt 0.276776 0.159577
vt 0.313417 0.291734
vt 0.220825 0.122032
vt 0.220825 0.307216
vt 0.282553 0.245488
vt 0.220825 0.307216
vt 0.282553 0.245488
vt 0.220825 0.307216
vt 0.282553 0.245488
vt 0.220825 0.060304
vt 0.220825 0.307216
vt 0.282553 0.245488
vt 0.220825 0.060304
vt 0.220825 0.307216
vt 0.282553 0.245488
vn -0.7730 0.0000 -0.6344
vn -0.2903 0.0000 -0.9569
vn -0.0980 0.0000 -0.9952
vn -0.6344 0.0000 -0.7730
vn -0.0000 -1.0000 -0.0000
vn -0.8819 0.0000 -0.4714
vn 0.0000 1.0000 0.0000
vn -0.9952 0.0000 -0.0980
vn 0.4714 0.0000 0.8819
vn -0.9569 0.0000 0.2903
vn 0.0980 0.0000 0.9952
vn -0.7730 0.0000 0.6344
vn -0.4714 0.0000 0.8819
vn -0.0980 0.0000 0.9952
vn -0.4714 0.0000 -0.8819
vn 0.2903 0.0000 0.9569
vn 0.2903 0.0000 -0.9569
vn 0.6344 0.0000 0.7730
vn 0.8819 0.0000 0.4714
vn 0.9952 0.0000 0.0980
vn 0.9569 0.0000 -0.2903
vn -0.2903 0.0000 0.9569
vn 0.7730 0.0000 -0.6344
vn 0.4714 0.0000 -0.8819
vn 0.0980 0.0000 -0.9952
vn 0.7730 0.0000 0.6344
vn 0.9569 0.0000 0.2903
vn 0.9952 0.0000 -0.0980
vn 0.8819 0.0000 -0.4714
vn 0.6344 0.0000 -0.7730
vn -0.9569 0.0000 -0.2903
vn -0.9952 0.0000 0.0980
vn -0.8819 0.0000 0.4714
vn -0.6344 0.0000 0.7730
vn -0.2902 0.0000 -0.9570
vn -0.2902 0.0000 0.9570
vn 0.2902 0.0000 0.9570
vn 0.2902 0.0000 -0.9570
vn 0.0000 0.0000 -1.0000
vn -0.0000 0.0000 1.0000
vn -1.0000 0.0000 0.0000
vn 1.0000 0.0000 0.0000
vn 0.7071 0.0000 -0.7071
vn -0.7071 0.0000 0.7071
vn -0.7071 0.0000 -0.7071
vn 0.7071 0.0000 0.7071
vn -0.9063 0.0000 0.4226
vn 0.9063 0.0000 -0.4226
vn 0.4226 0.0000 0.9063
vn -0.4226 0.0000 -0.9063
vn 0.9063 0.0000 0.4226
vn -0.9063 0.0000 -0.4226
vn 0.4226 0.0000 -0.9063
vn -0.4226 0.0000 0.9063
usemtl None.005
s 1
f 1809/3605/271 1810/3606/271 1811/3607/271
f 1812/3608/272 1813/3609/272 1814/3610/272
f 1815/3611/273 1816/3612/273 1817/3613/273
f 1818/3614/274 1819/3615/274 1820/3616/274
f 1821/3617/275 1822/3618/275 1823/3619/275
f 1824/3620/276 1825/3621/276 1826/3622/276
f 1827/3623/277 1828/3624/277 1815/3625/277
f 1829/3626/278 1830/3627/278 1831/3628/278
f 1832/3629/279 1833/3630/279 1834/3631/279
f 1835/3632/280 1836/3633/280 1837/3634/280
f 1838/3635/281 1839/3636/281 1827/3637/281
f 1834/3631/282 1811/3607/282 1832/3629/282
f 1840/3638/275 1841/3639/275 1842/3640/275
f 1843/3641/283 1844/3642/283 1845/3643/283
f 1836/3644/277 1846/3645/277 1832/3646/277
f 1840/3647/284 1847/3648/284 1848/3649/284
f 1849/3650/285 1850/3651/285 1836/3633/285
f 1851/3652/286 1852/3653/286 1853/3654/286
f 1854/3655/287 1855/3656/287 1856/3657/287
f 1857/3658/288 1858/3659/288 1859/3660/288
f 1843/3661/275 1860/3662/275 1809/3663/275
f 1861/3664/289 1862/3665/289 1863/3666/289
f 1862/3667/277 1864/3668/277 1854/3669/277
f 1856/3657/290 1827/3637/290 1854/3655/290
f 1837/3634/281 1865/3670/281 1835/3632/281
f 1817/3613/291 1866/3671/291 1815/3611/291
f 1867/3672/292 1868/3673/292 1862/3665/292
f 1869/3674/293 1870/3675/293 1871/3676/293
f 1834/3677/275 1872/3678/275 1849/3679/275
f 1873/3680/294 1874/3681/294 1875/3682/294
f 1867/3683/275 1876/3684/275 1877/3685/275
f 1878/3686/275 1879/3687/275 1880/3688/275
f 1830/3689/277 1881/3690/277 1837/3691/277
f 1882/3692/295 1883/3693/295 1884/3694/295
f 1854/3669/277 1885/3695/277 1886/3696/277
f 1831/3697/277 1887/3698/277 1888/3699/277
f 1889/3700/281 1890/3701/281 1891/3702/281
f 1892/3703/286 1891/3702/286 1893/3704/286
f 1894/3705/279 1893/3704/279 1895/3706/279
f 1896/3707/288 1895/3706/288 1897/3708/288
f 1896/3707/296 1898/3709/296 1899/3710/296
f 1899/3710/289 1888/3711/289 1879/3712/289
f 1879/3712/297 1887/3713/297 1880/3714/297
f 1880/3714/290 1900/3715/290 1901/3716/290
f 1901/3716/298 1902/3717/298 1903/3718/298
f 1903/3718/291 1904/3719/291 1905/3720/291
f 1905/3720/299 1906/3721/299 1907/3722/299
f 1907/3722/293 1908/3723/293 1909/3724/293
f 1909/3724/300 1910/3725/300 1911/3726/300
f 1911/3726/294 1912/3727/294 1913/3728/294
f 1913/3728/287 1914/3729/287 1915/3730/287
f 1915/3730/295 1916/3731/295 1917/3732/295
f 1917/3732/273 1918/3733/273 1919/3734/273
f 1919/3734/272 1920/3735/272 1921/3736/272
f 1921/3736/285 1922/3737/285 1923/3738/285
f 1923/3738/274 1924/3739/274 1925/3740/274
f 1926/3741/271 1924/3739/271 1927/3742/271
f 1876/3743/276 1927/3742/276 1886/3744/276
f 1877/3745/301 1886/3744/301 1885/3746/301
f 1928/3747/278 1885/3746/278 1929/3748/278
f 1930/3749/302 1929/3748/302 1931/3750/302
f 1932/3751/280 1931/3750/280 1933/3752/280
f 1934/3753/303 1933/3752/303 1935/3754/303
f 1936/3755/282 1935/3754/282 1937/3756/282
f 1938/3757/304 1937/3756/304 1939/3758/304
f 1940/3759/283 1939/3758/283 1941/3760/283
f 1942/3761/292 1941/3760/292 1943/3762/292
f 1944/3763/284 1943/3762/284 1890/3764/284
f 1945/3765/273 1946/3766/273 1947/3767/273
f 1948/3768/285 1949/3769/285 1950/3770/285
f 1951/3771/271 1952/3772/271 1953/3773/271
f 1954/3774/301 1955/3775/301 1956/3776/301
f 1957/3777/302 1881/3778/302 1958/3779/302
f 1872/3780/303 1846/3781/303 1850/3651/303
f 1860/3782/304 1959/3783/304 1810/3606/304
f 1841/3784/292 1960/3785/292 1961/3786/292
f 1823/3787/281 1962/3788/281 1963/3789/281
f 1964/3790/279 1965/3791/279 1966/3792/279
f 1967/3793/296 1968/3794/296 1969/3795/296
f 1970/3796/297 1864/3797/297 1868/3673/297
f 1971/3798/298 1828/3799/298 1839/3636/298
f 1972/3800/299 1973/3801/299 1974/3802/299
f 1975/3803/300 1976/3804/300 1977/3805/300
f 1978/3806/287 1979/3807/287 1980/3808/287
f 1811/3809/277 1959/3810/277 1845/3811/277
f 1981/3812/275 1982/3813/275 1964/3814/275
f 1983/3815/279 1974/3802/279 1866/3671/279
f 1845/3643/296 1984/3816/296 1843/3641/296
f 1985/3817/298 1947/3818/298 1883/3693/298
f 1871/3819/277 1974/3820/277 1973/3821/277
f 1861/3822/275 1967/3823/275 1986/3824/275
f 1883/3825/277 1946/3826/277 1814/3827/277
f 1871/3676/285 1987/3828/285 1869/3674/285
f 1842/3829/301 1961/3786/301 1844/3642/301
f 1814/3610/302 1988/3830/302 1812/3608/302
f 1989/3831/275 1990/3832/275 1978/3833/275
f 1848/3834/277 1961/3835/277 1960/3836/277
f 1867/3683/275 1855/3837/275 1970/3838/275
f 1991/3839/296 1977/3805/296 1870/3675/296
f 1848/3649/297 1992/3840/297 1840/3647/297
f 1993/3841/299 1950/3770/299 1813/3609/299
f 1870/3842/277 1976/3843/277 1875/3844/277
f 1813/3845/277 1949/3846/277 1820/3847/277
f 1875/3682/271 1994/3848/271 1873/3680/271
f 1821/3849/302 1963/3789/302 1847/3648/302
f 1817/3850/275 1971/3851/275 1838/3852/275
f 1820/3616/303 1995/3853/303 1818/3614/303
f 1812/3854/275 1945/3855/275 1985/3856/275
f 1847/3857/277 1962/3858/277 1853/3859/277
f 1989/3860/297 1980/3808/297 1874/3681/297
f 1853/3654/298 1822/3861/298 1851/3652/298
f 1869/3862/275 1972/3863/275 1983/3864/275
f 1996/3865/300 1953/3773/300 1819/3615/300
f 1818/3866/275 1948/3867/275 1993/3868/275
f 1874/3869/277 1979/3870/277 1884/3871/277
f 1819/3872/277 1952/3873/277 1826/3874/277
f 1884/3694/301 1990/3875/301 1882/3692/301
f 1981/3876/303 1966/3792/303 1852/3653/303
f 1826/3622/304 1997/3877/304 1824/3620/304
f 1824/3878/275 1951/3879/275 1996/3880/275
f 1852/3881/277 1965/3882/277 1859/3883/277
f 1873/3884/275 1975/3885/275 1991/3886/275
f 1859/3660/299 1982/3887/299 1857/3658/299
f 1878/3888/287 1956/3776/287 1825/3621/287
f 1829/3889/275 1954/3890/275 1878/3686/275
f 1825/3891/277 1955/3892/277 1831/3697/277
f 1986/3893/304 1969/3795/304 1858/3659/304
f 1831/3628/292 1998/3894/292 1829/3626/292
f 1858/3895/277 1968/3896/277 1863/3897/277
f 1835/3898/275 1957/3899/275 1999/3900/275
f 1863/3666/300 2000/3901/300 1861/3664/300
f 1999/3902/273 1958/3779/273 1830/3627/273
f 2001/3903/273 2002/3904/273 2003/3905/273
f 2004/3906/305 2005/3907/272 2002/3904/272
f 2006/3908/285 2007/3909/285 2005/3907/285
f 2008/3910/274 2009/3911/274 2007/3909/274
f 2010/3912/271 2011/3913/271 2009/3911/271
f 2012/3914/276 2013/3915/276 2011/3913/276
f 2014/3916/301 2015/3917/301 2013/3915/301
f 2016/3918/278 2017/3919/278 2015/3917/278
f 2018/3920/302 2019/3921/302 2017/3919/302
f 2020/3922/280 2021/3923/280 2019/3921/280
f 2022/3924/303 2023/3925/303 2021/3923/303
f 2024/3926/282 2025/3927/282 2023/3925/282
f 2026/3928/304 2027/3929/304 2025/3927/304
f 2028/3930/283 2029/3931/283 2027/3929/283
f 2030/3932/306 2031/3933/292 2029/3931/292
f 2032/3934/284 2033/3935/284 2031/3933/284
f 2034/3936/281 2035/3937/281 2033/3935/281
f 2036/3938/286 2037/3939/307 2035/3937/307
f 2038/3940/279 2039/3941/279 2037/3939/279
f 2040/3942/288 2041/3943/288 2039/3941/288
f 2042/3944/296 2043/3945/296 2041/3943/296
f 2044/3946/289 2045/3947/289 2043/3945/289
f 2046/3948/297 2047/3949/297 2045/3947/297
f 2048/3950/290 2049/3951/290 2047/3949/290
f 2050/3952/298 2051/3953/298 2049/3951/298
f 2052/3954/291 2053/3955/291 2051/3953/291
f 2054/3956/299 2055/3957/299 2053/3955/299
f 2056/3958/293 2057/3959/293 2055/3957/293
f 2058/3960/300 2059/3961/300 2057/3959/300
f 2060/3962/294 2061/3963/294 2059/3961/294
f 2046/3964/275 2062/3965/275 2063/3966/275
f 2014/3967/275 2064/3968/275 2065/3969/275
f 2066/3970/287 2067/3971/308 2061/3963/308
f 2068/3972/295 2003/3973/295 2067/3971/295
f 2047/3974/277 2069/3975/277 2070/3976/277
f 2015/3977/277 2071/3978/277 2072/3979/277
f 2073/3980/281 2074/3981/281 2075/3982/281
f 2076/3983/286 2075/3982/286 2077/3984/286
f 2078/3985/279 2077/3984/279 2079/3986/279
f 2080/3987/288 2079/3986/288 2081/3988/288
f 2080/3987/296 2082/3989/296 2083/3990/296
f 2083/3990/289 2072/3991/289 2064/3992/289
f 2064/3992/297 2071/3993/297 2065/3994/297
f 2065/3994/290 2084/3995/290 2085/3996/290
f 2085/3996/298 2086/3997/298 2087/3998/298
f 2087/3998/291 2088/3999/291 2089/4000/291
f 2089/4000/299 2090/4001/299 2091/4002/299
f 2091/4002/293 2092/4003/293 2093/4004/293
f 2093/4004/300 2094/4005/300 2095/4006/300
f 2095/4006/294 2096/4007/294 2097/4008/294
f 2097/4008/287 2098/4009/287 2099/4010/287
f 2099/4010/295 2100/4011/295 2101/4012/295
f 2101/4012/273 2102/4013/273 2103/4014/273
f 2103/4014/272 2104/4015/272 2105/4016/272
f 2105/4016/285 2106/4017/285 2107/4018/285
f 2107/4018/274 2108/4019/274 2109/4020/274
f 2110/4021/271 2108/4019/271 2111/4022/271
f 2062/4023/276 2111/4022/276 2070/4024/276
f 2063/4025/301 2070/4024/301 2069/4026/301
f 2112/4027/278 2069/4026/278 2113/4028/278
f 2114/4029/302 2113/4028/302 2115/4030/302
f 2116/4031/280 2115/4030/280 2117/4032/280
f 2118/4033/303 2117/4032/303 2119/4034/303
f 2120/4035/282 2119/4034/282 2121/4036/282
f 2122/4037/304 2121/4036/304 2123/4038/304
f 2124/4039/283 2123/4038/283 2125/4040/283
f 2126/4041/292 2125/4040/292 2127/4042/292
f 2128/4043/284 2127/4042/284 2074/4044/284
f 2129/4045/277 2130/4046/277 2131/4047/277
f 2130/4046/309 2132/4048/309 2133/4049/309
f 2132/4048/275 2134/4050/275 2133/4049/275
f 2135/4051/310 2131/4052/310 2134/4050/310
f 2133/4049/311 2131/4053/311 2130/4054/311
f 2136/4055/312 2135/4051/312 2132/4048/312
f 2137/4056/277 2138/4057/277 2139/4058/277
f 2140/4059/313 2141/4060/313 2138/4057/313
f 2142/4061/275 2143/4062/275 2141/4060/275
f 2144/4063/314 2139/4064/314 2143/4062/314
f 2141/4060/315 2139/4065/315 2138/4066/315
f 2140/4067/316 2144/4063/316 2142/4061/316
f 2145/4068/277 2146/4069/277 2147/4070/277
f 2148/4071/315 2149/4072/315 2146/4069/315
f 2150/4073/275 2151/4074/275 2149/4072/275
f 2152/4075/316 2147/4076/316 2151/4074/316
f 2149/4072/314 2147/4077/314 2146/4078/314
f 2148/4079/313 2152/4075/313 2150/4073/313
f 2153/4080/277 2154/4081/277 2155/4082/277
f 2154/4081/317 2156/4083/317 2155/4082/317
f 2156/4083/275 2157/4084/275 2158/4085/275
f 2157/4084/318 2153/4086/318 2158/4085/318
f 2156/4083/319 2153/4087/319 2155/4088/319
f 2154/4089/320 2157/4084/320 2159/4090/320
f 2160/4091/277 2161/4092/277 2162/4093/277
f 2161/4092/321 2163/4094/321 2162/4093/321
f 2163/4094/275 2164/4095/275 2165/4096/275
f 2164/4095/322 2160/4097/322 2165/4096/322
f 2163/4094/323 2160/4098/323 2162/4099/323
f 2161/4100/324 2164/4095/324 2166/4101/324
f 1809/3605/271 1860/3782/271 1810/3606/271
f 1812/3608/272 1993/3841/272 1813/3609/272
f 1815/3611/273 1828/3799/273 1816/3612/273
f 1818/3614/274 1996/3865/274 1819/3615/274
f 1821/3617/275 1851/4102/275 1822/3618/275
f 1824/3620/276 1878/3888/276 1825/3621/276
f 1827/3623/277 1839/4103/277 1828/3624/277
f 1829/3626/278 1999/3902/278 1830/3627/278
f 1832/3629/279 1846/3781/279 1833/3630/279
f 1835/3632/280 1849/3650/280 1836/3633/280
f 1838/3635/281 1971/3798/281 1839/3636/281
f 1834/3631/282 1809/3605/282 1811/3607/282
f 1840/3638/275 1992/4104/275 1841/3639/275
f 1843/3641/283 1842/3829/283 1844/3642/283
f 1836/3644/277 1850/4105/277 1846/3645/277
f 1840/3647/284 1821/3849/284 1847/3648/284
f 1849/3650/285 1872/3780/285 1850/3651/285
f 1851/3652/286 1981/3876/286 1852/3653/286
f 1854/3655/287 1864/3797/287 1855/3656/287
f 1857/3658/288 1986/3893/288 1858/3659/288
f 1843/3661/275 1984/4106/275 1860/3662/275
f 1861/3664/289 1867/3672/289 1862/3665/289
f 1862/3667/277 1868/4107/277 1864/3668/277
f 1856/3657/290 1838/3635/290 1827/3637/290
f 1837/3634/281 1881/3778/281 1865/3670/281
f 1817/3613/291 1983/3815/291 1866/3671/291
f 1867/3672/292 1970/3796/292 1868/3673/292
f 1869/3674/293 1991/3839/293 1870/3675/293
f 1834/3677/275 1833/4108/275 1872/3678/275
f 1873/3680/294 1989/3860/294 1874/3681/294
f 1889/4109/275 1892/4110/275 1993/3868/275
f 1993/3868/275 1812/3854/275 1889/4109/275
f 1812/3854/275 1985/3856/275 1944/4111/275
f 1985/3856/275 1882/4112/275 1942/4113/275
f 1882/4112/275 1989/3831/275 1942/4113/275
f 1989/3831/275 1873/3884/275 1940/4114/275
f 1873/3884/275 1991/3886/275 1938/4115/275
f 1940/4114/275 1873/3884/275 1938/4115/275
f 1991/3886/275 1869/3862/275 1936/4116/275
f 1869/3862/275 1983/3864/275 1934/4117/275
f 1936/4116/275 1869/3862/275 1934/4117/275
f 1983/3864/275 1817/3850/275 1930/4118/275
f 1817/3850/275 1838/3852/275 1930/4118/275
f 1838/3852/275 1856/4119/275 1928/4120/275
f 1856/4119/275 1867/3683/275 1877/3685/275
f 1928/4120/275 1856/4119/275 1877/3685/275
f 1867/3683/275 1861/3822/275 1926/4121/275
f 1861/3822/275 1986/3824/275 1925/4122/275
f 1986/3824/275 1857/4123/275 1923/4124/275
f 1857/4123/275 1981/3812/275 1921/4125/275
f 1981/3812/275 1851/4102/275 1919/4126/275
f 1851/4102/275 1821/3617/275 1917/4127/275
f 1821/3617/275 1840/3638/275 1915/4128/275
f 1840/3638/275 1842/3640/275 1915/4128/275
f 1842/3640/275 1843/3661/275 1911/4129/275
f 1843/3661/275 1809/3663/275 1909/4130/275
f 1809/3663/275 1834/3677/275 1909/4130/275
f 1834/3677/275 1849/3679/275 1907/4131/275
f 1909/4130/275 1834/3677/275 1907/4131/275
f 1849/3679/275 1905/4132/275 1907/4131/275
f 1843/3661/275 1909/4130/275 1911/4129/275
f 1851/4102/275 1917/4127/275 1919/4126/275
f 1861/3822/275 1925/4122/275 1926/4121/275
f 1857/4123/275 1921/4125/275 1923/4124/275
f 1930/4118/275 1838/3852/275 1928/4120/275
f 1812/3854/275 1944/4111/275 1889/4109/275
f 1942/4113/275 1944/4111/275 1985/3856/275
f 1940/4114/275 1942/4113/275 1989/3831/275
f 1842/3640/275 1911/4129/275 1913/4133/275
f 1842/3640/275 1913/4133/275 1915/4128/275
f 1938/4115/275 1991/3886/275 1936/4116/275
f 1821/3617/275 1915/4128/275 1917/4127/275
f 1981/3812/275 1919/4126/275 1921/4125/275
f 1932/4134/275 1934/4117/275 1983/3864/275
f 1930/4118/275 1932/4134/275 1983/3864/275
f 1986/3824/275 1923/4124/275 1925/4122/275
f 1867/3683/275 1926/4121/275 1876/3684/275
f 1903/4135/275 1905/4132/275 1849/3679/275
f 1849/3679/275 1835/3898/275 1903/4135/275
f 1835/3898/275 1999/3900/275 1901/4136/275
f 1999/3900/275 1829/3889/275 1880/3688/275
f 1829/3889/275 1878/3686/275 1880/3688/275
f 1878/3686/275 1824/3878/275 1899/4137/275
f 1824/3878/275 1996/3880/275 1896/4138/275
f 1996/3880/275 1818/3866/275 1896/4138/275
f 1818/3866/275 1993/3868/275 1894/4139/275
f 1896/4138/275 1818/3866/275 1894/4139/275
f 1993/3868/275 1892/4110/275 1894/4139/275
f 1824/3878/275 1896/4138/275 1899/4137/275
f 1835/3898/275 1901/4136/275 1903/4135/275
f 1880/3688/275 1901/4136/275 1999/3900/275
f 1878/3686/275 1899/4137/275 1879/3687/275
f 1830/3689/277 1958/4140/277 1881/3690/277
f 1882/3692/295 1985/3817/295 1883/3693/295
f 1924/4141/277 1922/4142/277 1859/3883/277
f 1859/3883/277 1858/3895/277 1924/4141/277
f 1858/3895/277 1863/3897/277 1927/4143/277
f 1863/3897/277 1862/3667/277 1886/3696/277
f 1862/3667/277 1854/3669/277 1886/3696/277
f 1854/3669/277 1827/3623/277 1929/4144/277
f 1827/3623/277 1815/3625/277 1931/4145/277
f 1815/3625/277 1866/4146/277 1931/4145/277
f 1866/4146/277 1871/3819/277 1933/4147/277
f 1931/4145/277 1866/4146/277 1933/4147/277
f 1871/3819/277 1935/4148/277 1933/4147/277
f 1827/3623/277 1931/4145/277 1929/4144/277
f 1858/3895/277 1927/4143/277 1924/4141/277
f 1886/3696/277 1927/4143/277 1863/3897/277
f 1854/3669/277 1929/4144/277 1885/3695/277
f 1937/4149/277 1935/4148/277 1871/3819/277
f 1871/3819/277 1870/3842/277 1937/4149/277
f 1870/3842/277 1875/3844/277 1939/4150/277
f 1875/3844/277 1874/3869/277 1941/4151/277
f 1874/3869/277 1884/3871/277 1941/4151/277
f 1884/3871/277 1883/3825/277 1943/4152/277
f 1883/3825/277 1814/3827/277 1890/4153/277
f 1943/4152/277 1883/3825/277 1890/4153/277
f 1814/3827/277 1813/3845/277 1891/4154/277
f 1813/3845/277 1820/3847/277 1893/4155/277
f 1891/4154/277 1813/3845/277 1893/4155/277
f 1820/3847/277 1819/3872/277 1897/4156/277
f 1819/3872/277 1826/3874/277 1897/4156/277
f 1826/3874/277 1825/3891/277 1898/4157/277
f 1825/3891/277 1831/3697/277 1888/3699/277
f 1898/4157/277 1825/3891/277 1888/3699/277
f 1831/3697/277 1830/3689/277 1900/4158/277
f 1830/3689/277 1837/3691/277 1902/4159/277
f 1837/3691/277 1836/3644/277 1904/4160/277
f 1836/3644/277 1832/3646/277 1906/4161/277
f 1832/3646/277 1811/3809/277 1908/4162/277
f 1811/3809/277 1845/3811/277 1910/4163/277
f 1845/3811/277 1844/4164/277 1912/4165/277
f 1844/4164/277 1848/3834/277 1912/4165/277
f 1848/3834/277 1847/3857/277 1916/4166/277
f 1847/3857/277 1853/3859/277 1918/4167/277
f 1853/3859/277 1852/3881/277 1918/4167/277
f 1852/3881/277 1859/3883/277 1920/4168/277
f 1918/4167/277 1852/3881/277 1920/4168/277
f 1859/3883/277 1922/4142/277 1920/4168/277
f 1847/3857/277 1918/4167/277 1916/4166/277
f 1811/3809/277 1910/4163/277 1908/4162/277
f 1830/3689/277 1902/4159/277 1900/4158/277
f 1836/3644/277 1906/4161/277 1904/4160/277
f 1897/4156/277 1826/3874/277 1898/4157/277
f 1870/3842/277 1939/4150/277 1937/4149/277
f 1941/4151/277 1939/4150/277 1875/3844/277
f 1943/4152/277 1941/4151/277 1884/3871/277
f 1848/3834/277 1916/4166/277 1914/4169/277
f 1848/3834/277 1914/4169/277 1912/4165/277
f 1890/4153/277 1814/3827/277 1891/4154/277
f 1845/3811/277 1912/4165/277 1910/4163/277
f 1832/3646/277 1908/4162/277 1906/4161/277
f 1895/4170/277 1893/4155/277 1820/3847/277
f 1897/4156/277 1895/4170/277 1820/3847/277
f 1837/3691/277 1904/4160/277 1902/4159/277
f 1831/3697/277 1900/4158/277 1887/3698/277
f 1889/3700/281 1944/4171/281 1890/3701/281
f 1892/3703/286 1889/3700/286 1891/3702/286
f 1894/3705/279 1892/3703/279 1893/3704/279
f 1896/3707/288 1894/3705/288 1895/3706/288
f 1896/3707/296 1897/3708/296 1898/3709/296
f 1899/3710/289 1898/3709/289 1888/3711/289
f 1879/3712/297 1888/3711/297 1887/3713/297
f 1880/3714/290 1887/3713/290 1900/3715/290
f 1901/3716/298 1900/3715/298 1902/3717/298
f 1903/3718/291 1902/3717/291 1904/3719/291
f 1905/3720/299 1904/3719/299 1906/3721/299
f 1907/3722/293 1906/3721/293 1908/3723/293
f 1909/3724/300 1908/3723/300 1910/3725/300
f 1911/3726/294 1910/3725/294 1912/3727/294
f 1913/3728/287 1912/3727/287 1914/3729/287
f 1915/3730/295 1914/3729/295 1916/3731/295
f 1917/3732/273 1916/3731/273 1918/3733/273
f 1919/3734/272 1918/3733/272 1920/3735/272
f 1921/3736/285 1920/3735/285 1922/3737/285
f 1923/3738/274 1922/3737/274 1924/3739/274
f 1926/3741/271 1925/3740/271 1924/3739/271
f 1876/3743/276 1926/3741/276 1927/3742/276
f 1877/3745/301 1876/3743/301 1886/3744/301
f 1928/3747/278 1877/3745/278 1885/3746/278
f 1930/3749/302 1928/3747/302 1929/3748/302
f 1932/3751/280 1930/3749/280 1931/3750/280
f 1934/3753/303 1932/3751/303 1933/3752/303
f 1936/3755/282 1934/3753/282 1935/3754/282
f 1938/3757/304 1936/3755/304 1937/3756/304
f 1940/3759/283 1938/3757/283 1939/3758/283
f 1942/3761/292 1940/3759/292 1941/3760/292
f 1944/3763/284 1942/3761/284 1943/3762/284
f 1945/3765/273 1988/3830/273 1946/3766/273
f 1948/3768/285 1995/3853/285 1949/3769/285
f 1951/3771/271 1997/3877/271 1952/3772/271
f 1954/3774/301 1998/3894/301 1955/3775/301
f 1957/3777/302 1865/3670/302 1881/3778/302
f 1872/3780/303 1833/3630/303 1846/3781/303
f 1860/3782/304 1984/3816/304 1959/3783/304
f 1841/3784/292 1992/3840/292 1960/3785/292
f 1823/3787/281 1822/3861/281 1962/3788/281
f 1964/3790/279 1982/3887/279 1965/3791/279
f 1967/3793/296 2000/3901/296 1968/3794/296
f 1970/3796/297 1855/3656/297 1864/3797/297
f 1971/3798/298 1816/3612/298 1828/3799/298
f 1972/3800/299 1987/3828/299 1973/3801/299
f 1975/3803/300 1994/3848/300 1976/3804/300
f 1978/3806/287 1990/3875/287 1979/3807/287
f 1811/3809/277 1810/4172/277 1959/3810/277
f 1981/3812/275 1857/4123/275 1982/3813/275
f 1983/3815/279 1972/3800/279 1974/3802/279
f 1845/3643/296 1959/3783/296 1984/3816/296
f 1985/3817/298 1945/4173/298 1947/3818/298
f 1871/3819/277 1866/4146/277 1974/3820/277
f 1861/3822/275 2000/4174/275 1967/3823/275
f 1883/3825/277 1947/4175/277 1946/3826/277
f 1871/3676/285 1973/3801/285 1987/3828/285
f 1842/3829/301 1841/3784/301 1961/3786/301
f 1814/3610/302 1946/3766/302 1988/3830/302
f 1989/3831/275 1882/4112/275 1990/3832/275
f 1848/3834/277 1844/4164/277 1961/3835/277
f 1867/3683/275 1856/4119/275 1855/3837/275
f 1991/3839/296 1975/3803/296 1977/3805/296
f 1848/3649/297 1960/3785/297 1992/3840/297
f 1993/3841/299 1948/3768/299 1950/3770/299
f 1870/3842/277 1977/4176/277 1976/3843/277
f 1813/3845/277 1950/4177/277 1949/3846/277
f 1875/3682/271 1976/3804/271 1994/3848/271
f 1821/3849/302 1823/3787/302 1963/3789/302
f 1817/3850/275 1816/4178/275 1971/3851/275
f 1820/3616/303 1949/3769/303 1995/3853/303
f 1812/3854/275 1988/4179/275 1945/3855/275
f 1847/3857/277 1963/4180/277 1962/3858/277
f 1989/3860/297 1978/3806/297 1980/3808/297
f 1853/3654/298 1962/3788/298 1822/3861/298
f 1869/3862/275 1987/4181/275 1972/3863/275
f 1996/3865/300 1951/3771/300 1953/3773/300
f 1818/3866/275 1995/4182/275 1948/3867/275
f 1874/3869/277 1980/4183/277 1979/3870/277
f 1819/3872/277 1953/4184/277 1952/3873/277
f 1884/3694/301 1979/3807/301 1990/3875/301
f 1981/3876/303 1964/3790/303 1966/3792/303
f 1826/3622/304 1952/3772/304 1997/3877/304
f 1824/3878/275 1997/4185/275 1951/3879/275
f 1852/3881/277 1966/4186/277 1965/3882/277
f 1873/3884/275 1994/4187/275 1975/3885/275
f 1859/3660/299 1965/3791/299 1982/3887/299
f 1878/3888/287 1954/3774/287 1956/3776/287
f 1829/3889/275 1998/4188/275 1954/3890/275
f 1825/3891/277 1956/4189/277 1955/3892/277
f 1986/3893/304 1967/3793/304 1969/3795/304
f 1831/3628/292 1955/3775/292 1998/3894/292
f 1858/3895/277 1969/4190/277 1968/3896/277
f 1835/3898/275 1865/4191/275 1957/3899/275
f 1863/3666/300 1968/3794/300 2000/3901/300
f 1999/3902/273 1957/3777/273 1958/3779/273
f 2001/3903/273 2004/3906/273 2002/3904/273
f 2004/3906/305 2006/3908/305 2005/3907/272
f 2006/3908/285 2008/3910/285 2007/3909/285
f 2008/3910/274 2010/3912/274 2009/3911/274
f 2010/3912/271 2012/3914/271 2011/3913/271
f 2012/3914/276 2014/3916/276 2013/3915/276
f 2014/3916/301 2016/3918/301 2015/3917/301
f 2016/3918/278 2018/3920/278 2017/3919/278
f 2018/3920/302 2020/3922/302 2019/3921/302
f 2020/3922/280 2022/3924/280 2021/3923/280
f 2022/3924/303 2024/3926/303 2023/3925/303
f 2024/3926/282 2026/3928/282 2025/3927/282
f 2026/3928/304 2028/3930/304 2027/3929/304
f 2028/3930/283 2030/3932/283 2029/3931/283
f 2030/3932/306 2032/3934/306 2031/3933/292
f 2032/3934/284 2034/3936/284 2033/3935/284
f 2034/3936/281 2036/3938/281 2035/3937/281
f 2036/3938/286 2038/3940/286 2037/3939/307
f 2038/3940/279 2040/3942/279 2039/3941/279
f 2040/3942/288 2042/3944/288 2041/3943/288
f 2042/3944/296 2044/3946/296 2043/3945/296
f 2044/3946/289 2046/3948/289 2045/3947/289
f 2046/3948/297 2048/3950/297 2047/3949/297
f 2048/3950/290 2050/3952/290 2049/3951/290
f 2050/3952/298 2052/3954/298 2051/3953/298
f 2052/3954/291 2054/3956/291 2053/3955/291
f 2054/3956/299 2056/3958/299 2055/3957/299
f 2056/3958/293 2058/3960/293 2057/3959/293
f 2058/3960/300 2060/3962/300 2059/3961/300
f 2060/3962/294 2066/3970/294 2061/3963/294
f 2073/4192/275 2076/4193/275 2006/4194/275
f 2006/4194/275 2004/4195/275 2073/4192/275
f 2004/4195/275 2001/4196/275 2128/4197/275
f 2001/4196/275 2068/4198/275 2126/4199/275
f 2068/4198/275 2066/4200/275 2126/4199/275
f 2066/4200/275 2060/4201/275 2124/4202/275
f 2060/4201/275 2058/4203/275 2122/4204/275
f 2124/4202/275 2060/4201/275 2122/4204/275
f 2058/4203/275 2056/4205/275 2120/4206/275
f 2056/4205/275 2054/4207/275 2118/4208/275
f 2120/4206/275 2056/4205/275 2118/4208/275
f 2054/4207/275 2052/4209/275 2114/4210/275
f 2052/4209/275 2050/4211/275 2114/4210/275
f 2050/4211/275 2048/4212/275 2112/4213/275
f 2048/4212/275 2046/3964/275 2063/3966/275
f 2112/4213/275 2048/4212/275 2063/3966/275
f 2046/3964/275 2044/4214/275 2110/4215/275
f 2044/4214/275 2042/4216/275 2109/4217/275
f 2042/4216/275 2040/4218/275 2107/4219/275
f 2040/4218/275 2038/4220/275 2105/4221/275
f 2038/4220/275 2036/4222/275 2103/4223/275
f 2036/4222/275 2034/4224/275 2101/4225/275
f 2034/4224/275 2032/4226/275 2099/4227/275
f 2032/4226/275 2030/4228/275 2099/4227/275
f 2030/4228/275 2028/4229/275 2095/4230/275
f 2028/4229/275 2026/4231/275 2093/4232/275
f 2026/4231/275 2024/4233/275 2093/4232/275
f 2024/4233/275 2022/4234/275 2091/4235/275
f 2093/4232/275 2024/4233/275 2091/4235/275
f 2022/4234/275 2089/4236/275 2091/4235/275
f 2028/4229/275 2093/4232/275 2095/4230/275
f 2036/4222/275 2101/4225/275 2103/4223/275
f 2044/4214/275 2109/4217/275 2110/4215/275
f 2040/4218/275 2105/4221/275 2107/4219/275
f 2114/4210/275 2050/4211/275 2112/4213/275
f 2004/4195/275 2128/4197/275 2073/4192/275
f 2126/4199/275 2128/4197/275 2001/4196/275
f 2124/4202/275 2126/4199/275 2066/4200/275
f 2030/4228/275 2095/4230/275 2097/4237/275
f 2030/4228/275 2097/4237/275 2099/4227/275
f 2122/4204/275 2058/4203/275 2120/4206/275
f 2034/4224/275 2099/4227/275 2101/4225/275
f 2038/4220/275 2103/4223/275 2105/4221/275
f 2116/4238/275 2118/4208/275 2054/4207/275
f 2114/4210/275 2116/4238/275 2054/4207/275
f 2042/4216/275 2107/4219/275 2109/4217/275
f 2046/3964/275 2110/4215/275 2062/3965/275
f 2087/4239/275 2089/4236/275 2022/4234/275
f 2022/4234/275 2020/4240/275 2087/4239/275
f 2020/4240/275 2018/4241/275 2085/4242/275
f 2018/4241/275 2016/4243/275 2065/3969/275
f 2016/4243/275 2014/3967/275 2065/3969/275
f 2014/3967/275 2012/4244/275 2083/4245/275
f 2012/4244/275 2010/4246/275 2080/4247/275
f 2010/4246/275 2008/4248/275 2080/4247/275
f 2008/4248/275 2006/4194/275 2078/4249/275
f 2080/4247/275 2008/4248/275 2078/4249/275
f 2006/4194/275 2076/4193/275 2078/4249/275
f 2012/4244/275 2080/4247/275 2083/4245/275
f 2020/4240/275 2085/4242/275 2087/4239/275
f 2065/3969/275 2085/4242/275 2018/4241/275
f 2014/3967/275 2083/4245/275 2064/3968/275
f 2066/3970/287 2068/3972/287 2067/3971/308
f 2068/3972/295 2001/4250/295 2003/3973/295
f 2108/4251/277 2106/4252/277 2039/4253/277
f 2039/4253/277 2041/4254/277 2108/4251/277
f 2041/4254/277 2043/4255/277 2111/4256/277
f 2043/4255/277 2045/4257/277 2070/3976/277
f 2045/4257/277 2047/3974/277 2070/3976/277
f 2047/3974/277 2049/4258/277 2113/4259/277
f 2049/4258/277 2051/4260/277 2115/4261/277
f 2051/4260/277 2053/4262/277 2115/4261/277
f 2053/4262/277 2055/4263/277 2117/4264/277
f 2115/4261/277 2053/4262/277 2117/4264/277
f 2055/4263/277 2119/4265/277 2117/4264/277
f 2049/4258/277 2115/4261/277 2113/4259/277
f 2041/4254/277 2111/4256/277 2108/4251/277
f 2070/3976/277 2111/4256/277 2043/4255/277
f 2047/3974/277 2113/4259/277 2069/3975/277
f 2121/4266/277 2119/4265/277 2055/4263/277
f 2055/4263/277 2057/4267/277 2121/4266/277
f 2057/4267/277 2059/4268/277 2123/4269/277
f 2059/4268/277 2061/4270/277 2125/4271/277
f 2061/4270/277 2067/4272/277 2125/4271/277
f 2067/4272/277 2003/4273/277 2127/4274/277
f 2003/4273/277 2002/4275/277 2074/4276/277
f 2127/4274/277 2003/4273/277 2074/4276/277
f 2002/4275/277 2005/4277/277 2075/4278/277
f 2005/4277/277 2007/4279/277 2077/4280/277
f 2075/4278/277 2005/4277/277 2077/4280/277
f 2007/4279/277 2009/4281/277 2081/4282/277
f 2009/4281/277 2011/4283/277 2081/4282/277
f 2011/4283/277 2013/4284/277 2082/4285/277
f 2013/4284/277 2015/3977/277 2072/3979/277
f 2082/4285/277 2013/4284/277 2072/3979/277
f 2015/3977/277 2017/4286/277 2084/4287/277
f 2017/4286/277 2019/4288/277 2086/4289/277
f 2019/4288/277 2021/4290/277 2088/4291/277
f 2021/4290/277 2023/4292/277 2090/4293/277
f 2023/4292/277 2025/4294/277 2092/4295/277
f 2025/4294/277 2027/4296/277 2094/4297/277
f 2027/4296/277 2029/4298/277 2096/4299/277
f 2029/4298/277 2031/4300/277 2096/4299/277
f 2031/4300/277 2033/4301/277 2100/4302/277
f 2033/4301/277 2035/4303/277 2102/4304/277
f 2035/4303/277 2037/4305/277 2102/4304/277
f 2037/4305/277 2039/4253/277 2104/4306/277
f 2102/4304/277 2037/4305/277 2104/4306/277
f 2039/4253/277 2106/4252/277 2104/4306/277
f 2033/4301/277 2102/4304/277 2100/4302/277
f 2025/4294/277 2094/4297/277 2092/4295/277
f 2017/4286/277 2086/4289/277 2084/4287/277
f 2021/4290/277 2090/4293/277 2088/4291/277
f 2081/4282/277 2011/4283/277 2082/4285/277
f 2057/4267/277 2123/4269/277 2121/4266/277
f 2125/4271/277 2123/4269/277 2059/4268/277
f 2127/4274/277 2125/4271/277 2067/4272/277
f 2031/4300/277 2100/4302/277 2098/4307/277
f 2031/4300/277 2098/4307/277 2096/4299/277
f 2074/4276/277 2002/4275/277 2075/4278/277
f 2027/4296/277 2096/4299/277 2094/4297/277
f 2023/4292/277 2092/4295/277 2090/4293/277
f 2079/4308/277 2077/4280/277 2007/4279/277
f 2081/4282/277 2079/4308/277 2007/4279/277
f 2019/4288/277 2088/4291/277 2086/4289/277
f 2015/3977/277 2084/4287/277 2071/3978/277
f 2073/3980/281 2128/4309/281 2074/3981/281
f 2076/3983/286 2073/3980/286 2075/3982/286
f 2078/3985/279 2076/3983/279 2077/3984/279
f 2080/3987/288 2078/3985/288 2079/3986/288
f 2080/3987/296 2081/3988/296 2082/3989/296
f 2083/3990/289 2082/3989/289 2072/3991/289
f 2064/3992/297 2072/3991/297 2071/3993/297
f 2065/3994/290 2071/3993/290 2084/3995/290
f 2085/3996/298 2084/3995/298 2086/3997/298
f 2087/3998/291 2086/3997/291 2088/3999/291
f 2089/4000/299 2088/3999/299 2090/4001/299
f 2091/4002/293 2090/4001/293 2092/4003/293
f 2093/4004/300 2092/4003/300 2094/4005/300
f 2095/4006/294 2094/4005/294 2096/4007/294
f 2097/4008/287 2096/4007/287 2098/4009/287
f 2099/4010/295 2098/4009/295 2100/4011/295
f 2101/4012/273 2100/4011/273 2102/4013/273
f 2103/4014/272 2102/4013/272 2104/4015/272
f 2105/4016/285 2104/4015/285 2106/4017/285
f 2107/4018/274 2106/4017/274 2108/4019/274
f 2110/4021/271 2109/4020/271 2108/4019/271
f 2062/4023/276 2110/4021/276 2111/4022/276
f 2063/4025/301 2062/4023/301 2070/4024/301
f 2112/4027/278 2063/4025/278 2069/4026/278
f 2114/4029/302 2112/4027/302 2113/4028/302
f 2116/4031/280 2114/4029/280 2115/4030/280
f 2118/4033/303 2116/4031/303 2117/4032/303
f 2120/4035/282 2118/4033/282 2119/4034/282
f 2122/4037/304 2120/4035/304 2121/4036/304
f 2124/4039/283 2122/4037/283 2123/4038/283
f 2126/4041/292 2124/4039/292 2125/4040/292
f 2128/4043/284 2126/4041/284 2127/4042/284
f 2129/4045/277 2136/4310/277 2130/4046/277
f 2130/4046/309 2136/4310/309 2132/4048/309
f 2132/4048/275 2135/4051/275 2134/4050/275
f 2135/4051/310 2129/4311/310 2131/4052/310
f 2133/4049/311 2134/4050/311 2131/4053/311
f 2136/4055/312 2129/4312/312 2135/4051/312
f 2137/4056/277 2140/4059/277 2138/4057/277
f 2140/4059/313 2142/4061/313 2141/4060/313
f 2142/4061/275 2144/4063/275 2143/4062/275
f 2144/4063/314 2137/4313/314 2139/4064/314
f 2141/4060/315 2143/4062/315 2139/4065/315
f 2140/4067/316 2137/4314/316 2144/4063/316
f 2145/4068/277 2148/4071/277 2146/4069/277
f 2148/4071/315 2150/4073/315 2149/4072/315
f 2150/4073/275 2152/4075/275 2151/4074/275
f 2152/4075/316 2145/4315/316 2147/4076/316
f 2149/4072/314 2151/4074/314 2147/4077/314
f 2148/4079/313 2145/4316/313 2152/4075/313
f 2153/4080/277 2167/4317/277 2154/4081/277
f 2154/4081/317 2159/4090/317 2156/4083/317
f 2156/4083/275 2159/4090/275 2157/4084/275
f 2157/4084/318 2167/4318/318 2153/4086/318
f 2156/4083/319 2158/4085/319 2153/4087/319
f 2154/4089/320 2167/4319/320 2157/4084/320
f 2160/4091/277 2168/4320/277 2161/4092/277
f 2161/4092/321 2166/4101/321 2163/4094/321
f 2163/4094/275 2166/4101/275 2164/4095/275
f 2164/4095/322 2168/4321/322 2160/4097/322
f 2163/4094/323 2165/4096/323 2160/4098/323
f 2161/4100/324 2168/4322/324 2164/4095/324
